,t,hat_beta_t,argmax_Wit,top_agent_wealth_ratio,top_10p_wealth_ratio,state_t,k_ast_t,Gamma_t,gamma_period_t,gamma_star_t,r_bar_t
0,0.0,0.5014757336597324,0.04681528586189865,9.99900009999e-05,0.09999000099989999,0.0,-1.0,0.0,0.0,30.856115674119444,0.798111248984549
1,1.0,0.5061426583510529,0.9999622884069791,0.00010278474194276002,0.10250859450132871,0.0,1.4054054054054055,0.0,0.0,30.291959776982786,0.7868010339253773
2,2.0,0.5108070747808824,0.9999622884069791,0.00010562995574081222,0.10506339392479438,0.0,1.4054054054054055,0.0,0.0,32.09146524538981,0.8214888221191157
3,3.0,0.515467514401513,0.9999622884069791,0.00010852555297239556,0.10765398349635558,0.0,1.4054054054054055,0.0,0.0,30.814431250945358,0.7972897278472209
4,4.0,0.5201225150151984,0.9999622884069791,0.00011147141268082765,0.11027991967990902,0.0,1.4054054054054055,0.0,0.0,30.95939887767098,0.8001372342506425
5,5.0,0.5247706229465913,0.9999622884069791,0.00011446738264063699,0.11294073183156313,0.0,1.4054054054054055,0.0,0.0,31.3161331216908,0.8070320792376374
6,6.0,0.5294103951866332,0.9999622884069791,0.0001175132796928136,0.11563592291339596,0.0,1.4054054054054055,0.0,0.0,30.997264621722774,0.8008766198038949
7,7.0,0.5340404015010496,0.9999622884069791,0.00012060889014764499,0.11836497026401749,0.0,1.4054054054054055,0.0,0.0,30.33305062992161,0.7876390301284601
8,8.0,0.5386592264966799,0.9999622884069791,0.00012375397025338376,0.1211273264230825,0.0,1.4054054054054055,0.0,0.0,30.943864930109722,0.7998333871374118
9,9.0,0.5432654716391824,0.9999622884069791,0.00012694824672873075,0.12392242000670846,0.0,1.4054054054054055,0.0,0.0,30.110793288482554,0.783079100043456
10,10.0,0.5478577572159338,0.9999622884069791,0.00013019141735686666,0.12674965663055385,0.0,1.4054054054054055,0.0,0.0,31.152299007529013,0.8038851537472572
11,11.0,0.5524347242381583,0.9999622884069791,0.00013348315163850172,0.1296084198771323,0.0,1.4054054054054055,0.0,0.0,31.850059509698205,0.8170630591993373
12,12.0,0.5569950362768276,0.9999622884069791,0.00013682309150119443,0.13249807230377894,0.0,1.4054054054054055,0.0,0.0,30.886307895449228,0.7987048958407874
13,13.0,0.5615373812270241,0.9999622884069791,0.0001402108520619893,0.1354179564875756,0.0,1.4054054054054055,0.0,0.0,30.386710393304124,0.7887299411581168
14,14.0,0.566060472995998,0.9999622884069791,0.00014364602244021913,0.138367396103406,0.0,1.4054054054054055,0.0,0.0,30.548699675055865,0.7919999597379552
15,15.0,0.5705630531105325,0.9999622884069791,0.0001471281666171539,0.14134569703123992,0.0,1.4054054054054055,0.0,0.0,31.061461182020413,0.8021260352260835
16,16.0,0.5750438922395643,0.9999622884069791,0.00015065682433904498,0.14435214848869055,0.0,1.4054054054054055,0.0,0.0,31.61641614755467,0.8127152456072635
17,17.0,0.5795017916285591,0.9999622884069791,0.0001542315120599637,0.14738602418482913,0.0,1.4054054054054055,0.0,0.0,30.822763328082107,0.7974541150139246
18,18.0,0.583935584442546,0.9999622884069791,0.00015785172392074535,0.15044658349123918,0.0,1.4054054054054055,0.0,0.0,31.693146507361714,0.8141501718997615
19,19.0,0.5883441370150956,0.9999622884069791,0.00016151693276028622,0.15353307262631055,0.0,1.4054054054054055,0.0,0.0,31.079283026617215,0.8024719747117075
20,20.0,0.5927263500011656,0.9999622884069791,0.00016522659115533677,0.1566447258487651,0.0,1.4054054054054055,0.0,0.0,30.249769958341655,0.7859382569099058
21,21.0,0.5970811594319851,0.9999622884069791,0.00016898013248496242,0.15978076665650226,0.0,1.4054054054054055,0.0,0.0,31.113965414481836,0.8031440578364812
22,22.0,0.601407537670775,0.9999622884069791,0.0001727769720157695,0.16294040898688134,0.0,1.4054054054054055,0.0,0.0,30.90695671036701,0.7991102300394897
23,23.0,0.6057044942684648,0.9999622884069791,0.00017661650800404976,0.16612285841467353,0.0,1.4054054054054055,0.0,0.0,30.998053785228333,0.800892010191271
24,24.0,0.6099710767190625,0.9999622884069791,0.00018049812281100382,0.16932731334401915,0.0,1.4054054054054055,0.0,0.0,30.5083113176102,0.791187904356036
25,25.0,0.6142063711146939,0.9999622884069791,0.00018442118402725515,0.17255296619083382,0.0,1.4054054054054055,0.0,0.0,30.880780940259953,0.7985963102925087
26,26.0,0.6184095027008615,0.9999622884069791,0.00018838504560294065,0.175799004552269,0.0,1.4054054054054055,0.0,0.0,31.59995144426278,0.8124064328661328
27,27.0,0.6225796363327656,0.9999622884069791,0.00019238904897975447,0.17906461235997462,0.0,1.4054054054054055,0.0,0.0,30.139665309467443,0.7836752519238226
28,28.0,0.6267159768339434,0.9999622884069791,0.0001964325242214017,0.18234897101406833,0.0,1.4054054054054055,0.0,0.0,31.400701252873894,0.8086436137551728
29,29.0,0.6308177692589707,0.9999622884069791,0.00020051479113907195,0.1856512604949124,0.0,1.4054054054054055,0.0,0.0,30.79404660554412,0.7968871752821506
30,30.0,0.6348842990620446,0.9999622884069791,0.00020463516040864575,0.1889706604499663,0.0,1.4054054054054055,0.0,0.0,31.732510544528775,0.8148836213680687
31,31.0,0.6389148921739084,0.9999622884069791,0.00020879293467650434,0.19230635125318898,0.0,1.4054054054054055,0.0,0.0,31.769210788486582,0.8155658005282895
32,32.0,0.6429089149896278,0.9999622884069791,0.00021298740965097133,0.19565751503465417,0.0,1.4054054054054055,0.0,0.0,30.861240685589994,0.7982121000666349
33,33.0,0.6468657742701035,0.9999622884069791,0.00021721787517656825,0.19902333667825048,0.0,1.4054054054054055,0.0,0.0,30.57550014753232,0.7925376306079065
34,34.0,0.6507849169604558,0.9999622884069791,0.0002214836162884478,0.2024030047855414,0.0,1.4054054054054055,0.0,0.0,30.613004393572016,0.7932884600110027
35,35.0,0.6546658299286156,0.9999622884069791,0.00022578391424455153,0.20579571260407248,0.0,1.4054054054054055,0.0,0.0,31.17065166710656,0.8042393169044983
36,36.0,0.6585080396275931,0.9999622884069791,0.00023011804753321938,0.20920065891862172,0.0,1.4054054054054055,0.0,0.0,31.221936287162624,0.8052267820685993
37,37.0,0.6623111116852153,0.9999622884069791,0.00023448529285415305,0.21261704890408267,0.0,1.4054054054054055,0.0,0.0,30.230078426857904,0.7855347430094287
38,38.0,0.666074650425066,0.9999622884069791,0.00023888492607084894,0.21604409493888374,0.0,1.4054054054054055,0.0,0.0,30.538391898411398,0.791792913920105
39,39.0,0.6697982983226358,0.9999622884069791,0.00024331622313279874,0.21948101737805725,0.0,1.4054054054054055,0.0,0.0,30.752726159111013,0.7960695487471474
40,40.0,0.673481735400675,0.9999622884069791,0.0002477784609659393,0.2229270452852452,0.0,1.4054054054054055,0.0,0.0,30.769845071498015,0.7964085549111417
41,41.0,0.6771246785678845,0.9999622884069791,0.00025227091833002245,0.22638141712312446,0.0,1.4054054054054055,0.0,0.0,31.324164411987446,0.8071854978516191
42,42.0,0.680726880905041,0.9999622884069791,0.00025679287664178465,0.22984338140193689,0.0,1.4054054054054055,0.0,0.0,30.492349899518292,0.7908663882260584
43,43.0,0.6842881309027656,0.9999622884069791,0.00026134362076295366,0.2333121972859598,0.0,1.4054054054054055,0.0,0.0,31.332277610170863,0.807340401262333
44,44.0,0.6878082516549818,0.9999622884069791,0.00026592243975230877,0.2367871351579211,0.0,1.4054054054054055,0.0,0.0,30.799159715000155,0.796988198178405
45,45.0,0.6912871000123437,0.9999622884069791,0.00027052862758120735,0.24026747714154678,0.0,1.4054054054054055,0.0,0.0,31.136921415741075,0.8035880809326822
46,46.0,0.6947245656995749,0.9999622884069791,0.00027516148381213625,0.24375251758254435,0.0,1.4054054054054055,0.0,0.0,30.876526489833456,0.7985126985813805
47,47.0,0.6981205704008112,0.9999622884069791,0.00027982031424001727,0.24724156348850418,0.0,1.4054054054054055,0.0,0.0,30.52333333350858,0.7914901906419083
48,48.0,0.7014750668168982,0.9999622884069791,0.0002845044314961269,0.25073393492827045,0.0,1.4054054054054055,0.0,0.0,30.79261071392814,0.7968587994411762
49,49.0,0.7047880376984612,0.9999622884069791,0.000289213155614684,0.2542289653915394,0.0,1.4054054054054055,0.0,0.0,30.675742768805307,0.794540368494401
50,50.0,0.7080594948585175,0.9999622884069791,0.0002939458145622341,0.2577260021094617,0.0,1.4054054054054055,0.0,0.0,30.45368173384205,0.7900860853142959
51,51.0,0.7112894781682986,0.9999622884069791,0.00029870174473013857,0.2612244063372009,0.0,1.4054054054054055,0.0,0.0,30.814090895728494,0.7972830109415036
52,52.0,0.7144780545397038,0.9999622884069791,0.00030348029139055775,0.2647235535994301,0.0,1.4054054054054055,0.0,0.0,30.832166899570407,0.7976395354366675
53,53.0,0.7176253168978692,0.9999622884069791,0.00030828080911647366,0.26822283389988905,0.0,1.4054054054054055,0.0,0.0,31.703120142328014,0.8143361776886058
54,54.0,0.7207313831469676,0.9999622884069791,0.0003131026621663232,0.2717216518961166,0.0,1.4054054054054055,0.0,0.0,31.260343932123487,0.8059641843034652
55,55.0,0.7237963951324153,0.9999622884069791,0.00031794522483400935,0.2752194270406267,0.0,1.4054054054054055,0.0,0.0,30.272857879403038,0.7864107002015686
56,56.0,0.7268205176023346,0.9999622884069791,0.0003228078817650404,0.27871559368976456,0.0,1.4054054054054055,0.0,0.0,30.499589009750192,0.7910122497222819
57,57.0,0.7298039371710964,0.9999622884069791,0.00032769002823969146,0.28220960118157307,0.0,1.4054054054054055,0.0,0.0,31.29868282695188,0.8066984616549656
58,58.0,0.7327468612874978,0.9999622884069791,0.0003325910704241095,0.2857009138840065,0.0,1.4054054054054055,0.0,0.0,31.23309109753482,0.8054411341707293
59,59.0,0.7356495172100562,0.9999622884069791,0.0003375104255903711,0.2891890112148769,0.0,1.4054054054054055,0.0,0.0,30.998953579335733,0.8009095571574764
60,60.0,0.738512150991673,0.9999622884069791,0.0003424475223065242,0.2926733876349204,0.0,1.4054054054054055,0.0,0.0,31.378033368895384,0.8082125055688533
61,61.0,0.7413350264758002,0.9999622884069791,0.0003474018005977049,0.2961535526153813,0.0,1.4054054054054055,0.0,0.0,30.390091969753975,0.7887985600760581
62,62.0,0.74411842430603,0.9999622884069791,0.0003523727120794532,0.2996290305815239,0.0,1.4054054054054055,0.0,0.0,31.267660286918865,0.8061044482251117
63,63.0,0.7468626409509675,0.9999622884069791,0.0003573597200643606,0.30309936083347416,0.0,1.4054054054054055,0.0,0.0,31.211832671044814,0.8050324975971868
64,64.0,0.7495679877459432,0.9999622884069791,0.0003623622996432496,0.3065640974457973,0.0,1.4054054054054055,0.0,0.0,30.790555126219246,0.7968181726672066
65,65.0,0.7522347899531115,0.9999622884069791,0.0003673799377420295,0.3100228091471765,0.0,1.4054054054054055,0.0,0.0,30.64937723964082,0.7940148837571316
66,66.0,0.7548633858412459,0.9999622884069791,0.00037241213315544167,0.3134750791815603,0.0,1.4054054054054055,0.0,0.0,31.04199052194903,0.8017476365684157
67,67.0,0.7574541257864038,0.9999622884069791,0.0003774583965589015,0.31692050515214604,0.0,1.4054054054054055,0.0,0.0,31.18379048952275,0.8044926092193662
68,68.0,0.7600073713945444,0.9999622884069791,0.0003825182504995933,0.32035869884946566,0.0,1.4054054054054055,0.0,0.0,30.868222615343342,0.7983494381005544
69,69.0,0.7625234946469939,0.9999622884069791,0.0003875912293680221,0.3237892860648863,0.0,1.4054054054054055,0.0,0.0,31.035700054371205,0.801625284257486
70,70.0,0.7650028770695259,0.9999622884069791,0.0003926768793512147,0.3272119063907887,0.0,1.4054054054054055,0.0,0.0,31.153304153238608,0.8039045614960216
71,71.0,0.7674459089257617,0.9999622884069791,0.00039777475836868755,0.3306262130085965,0.0,1.4054054054054055,0.0,0.0,30.58086481437111,0.7926451433106367
72,72.0,0.7698529884353869,0.9999622884069791,0.00040288443599234314,0.3340318724658588,0.0,1.4054054054054055,0.0,0.0,31.835077941036396,0.8167861856426695
73,73.0,0.7722245210176425,0.9999622884069791,0.0004080054933514112,0.3374285644435143,0.0,1.4054054054054055,0.0,0.0,30.873415009802628,0.7984515348086804
74,74.0,0.7745609185604028,0.9999622884069791,0.0004131375230235098,0.3408159815144109,0.0,1.4054054054054055,0.0,0.0,31.698675823120272,0.8142533067088683
75,75.0,0.7768625987150789,0.9999622884069791,0.0004182801289129149,0.3441938288941648,0.0,1.4054054054054055,0.0,0.0,30.765042460626972,0.7963134867863908
76,76.0,0.7791299842174636,0.9999622884069791,0.0004234329261170357,0.3475618241853111,0.0,1.4054054054054055,0.0,0.0,30.328972082009305,0.7875559547854066
77,77.0,0.7813635022345835,0.9999622884069791,0.0004285955407821276,0.350919697115745,0.0,1.4054054054054055,0.0,0.0,30.829133335160236,0.7975797317148824
78,78.0,0.7835635837374942,0.9999622884069791,0.0004337676099491889,0.35426718927234246,0.0,1.4054054054054055,0.0,0.0,30.873331087544496,0.7984498849400848
79,79.0,0.7857306628999504,0.9999622884069791,0.00043894878139097784,0.35760405383062494,0.0,1.4054054054054055,0.0,0.0,30.912364060815932,0.799216286324355
80,80.0,0.7878651765227129,0.9999622884069791,0.0004441387134410721,0.36093005528131117,1.0,1.4054054054054055,0.0,0.0,30.32557343718387,0.7874867112196552
81,81.0,0.7261723997998726,0.9999622884069791,0.0002915971720304315,0.2636566963494784,0.0,1.1740629518407297,1.0,82.0,31.09423758180939,0.8027619513108376
82,82.0,0.7289899475514214,0.9999622884069791,0.000296017910805241,0.26696079048536375,0.0,1.1768842012744452,1.0,83.0,31.048167249443154,0.801867728344135
83,83.0,0.7317711013242292,0.9999622884069791,0.0003004587939064163,0.27026478833141776,0.0,1.1796374687940954,1.0,84.0,31.277236264047886,0.8062879328594608
84,84.0,0.734516073419058,0.9999622884069791,0.00030491934938777193,0.27356822552543,0.0,1.1823251823251824,1.0,85.0,30.605825355147495,0.7931448791397047
85,85.0,0.7372250908009478,0.9999622884069791,0.00030939911260415665,0.27687064906141773,0.0,1.184949655537891,1.0,86.0,31.31677745708458,0.8070443906292954
86,86.0,0.7398983943094398,0.9999622884069791,0.0003138976263677839,0.28017161730267315,0.0,1.1875130944898389,1.0,87.0,30.604604515788743,0.7931204556335003
87,87.0,0.7425362378808908,0.9999622884069791,0.0003184144410853375,0.2834706999767548,0.0,1.1900176038107073,1.0,88.0,31.88992416099846,0.8177985285707372
88,88.0,0.7451388877840927,0.9999622884069791,0.0003229491148766119,0.286767478153438,0.0,1.1924651924651926,1.0,89.0,31.59051490436497,0.8122292955677802
89,89.0,0.747706621870231,0.9999622884069791,0.00032750121367536213,0.29006154420652,0.0,1.1948577791274422,1.0,90.0,31.059857958161807,0.8020948956155618
90,90.0,0.7502397288381814,0.9999622884069791,0.00033207031131310616,0.2933525017604314,0.0,1.1971971971971973,1.0,91.0,31.121544076312592,0.8032907194248577
91,91.0,0.7527385075160186,0.9999622884069791,0.00033665598958657636,0.29663996562254624,0.0,1.1994851994851996,1.0,92.0,31.074304417426344,0.8023753749655246
92,92.0,0.7552032661594487,0.9999622884069791,0.00034125783830959365,0.2999235617021278,0.0,1.201723462593028,1.0,93.0,30.32838571097831,0.787544009242943
93,93.0,0.7576343217679286,0.9999622884069791,0.00034587545535006125,0.30320292691677114,0.0,1.2039135910103653,1.0,94.0,31.391861361131035,0.808475566707125
94,94.0,0.7600319994189364,0.9999622884069791,0.00035050844665286316,0.3064777090872594,0.0,1.206057120950738,1.0,95.0,30.737907145342568,0.7957757826033846
95,95.0,0.7623966316210018,0.9999622884069791,0.0003551564262493355,0.30974756682162796,0.0,1.2081555239449977,1.0,96.0,30.92174297799154,0.7994001503951697
96,96.0,0.7647285576857916,0.9999622884069791,0.0003598190162541096,0.31301216938934207,0.0,1.2102102102102104,1.0,97.0,31.594747392281416,0.812308758482487
97,97.0,0.76702812311965,0.9999622884069791,0.00036449584684998044,0.3162711965863344,0.0,1.2122225318101607,1.0,98.0,31.049112019465305,0.8018860929371118
98,98.0,0.7692956790348116,0.9999622884069791,0.0003691865562615545,0.3195243385917298,0.0,1.2141937856223572,1.0,99.0,31.07086499906587,0.8023086219942547
99,99.0,0.7715315815804633,0.9999622884069791,0.00037389079071835596,0.32277129581701186,0.0,1.2161252161252163,1.0,100.0,31.15828568594772,0.8040007284083703
100,100.0,0.7737361913937826,0.9999622884069791,0.0003786082044080522,0.3260117787483375,0.0,1.2180180180180182,1.0,101.0,30.75529143470335,0.7961203729899914
101,101.0,0.7759098730709675,0.9999622884069791,0.0003833384594205158,0.3292455077827556,0.0,1.21987333868522,1.0,102.0,30.73991849926033,0.7958156714837092
102,102.0,0.7780529946582821,0.9999622884069791,0.0003880812256833273,0.33247221305896646,0.0,1.22169228051581,1.0,103.0,30.896622494721584,0.7989074381295299
103,103.0,0.7801659271630247,0.9999622884069791,0.0003928361808893464,0.3356916342832778,0.0,1.2234759030875537,1.0,104.0,30.73831036166249,0.7957837795495449
104,104.0,0.7822490440843143,0.9999622884069791,0.00039760301041702126,0.33890352055141293,0.0,1.2252252252252254,1.0,105.0,30.206201390246566,0.7850447550659232
105,105.0,0.784302720963522,0.9999622884069791,0.00040238140724395774,0.34210763016672097,0.0,1.226941226941227,1.0,106.0,30.309640204745566,0.7871618824814739
106,106.0,0.7863273349541502,0.9999622884069791,0.0004071710718543664,0.34530373045537766,0.0,1.228624851266361,1.0,107.0,31.59993111690753,0.8124060514064159
107,107.0,0.788323264410902,0.9999622884069791,0.00041197171214092453,0.34849159757910664,1.0,1.2302770059779407,1.0,108.0,30.027326305458494,0.7813492191131106
108,108.0,0.7305406684723426,0.9999622884069791,0.000270678867510901,0.25512260948956056,0.0,1.0583917250583919,2.0,54.5,30.37491275526106,0.7884904239625993
109,109.0,0.7331399638724964,0.9999622884069791,0.0002747160269241905,0.2582482020000959,0.0,1.0615753368046947,2.0,55.0,30.636041811552168,0.7937487542621506
110,110.0,0.7357070043774888,0.9999622884069791,0.0002787732863397371,0.2613751176170815,0.0,1.0647010647010648,2.0,55.5,31.65284507323517,0.8133973664634739
111,111.0,0.7382420068013857,0.9999622884069791,0.00028285027729136903,0.26450296014623603,0.0,1.0677704731758788,2.0,56.0,30.36244786028736,0.788237157806762
112,112.0,0.7407451981297665,0.9999622884069791,0.00028694663595582554,0.2676313418552654,0.0,1.070785070785071,2.0,56.5,31.618475166511413,0.8127538420376123
113,113.0,0.743216814924766,0.9999622884069791,0.00029106200327083453,0.2707598834909185,0.0,1.0737463126843658,2.0,57.0,29.73299581162813,0.7751716120313017
114,114.0,0.745657102741997,0.9999622884069791,0.00029519602504100276,0.27388821428389926,0.0,1.0766556029713925,2.0,57.5,31.152194677671776,0.8038831392335888
115,115.0,0.7480663155599925,0.9999622884069791,0.00029934835203188575,0.2770159719422111,0.0,1.0795142969056015,2.0,58.0,30.669832008087994,0.7944226411764684
116,116.0,0.7504447152227243,0.9999622884069791,0.00030351864005269456,0.28014280263353636,0.0,1.0823237030133583,2.0,58.5,30.920303024807044,0.7993719288348545
117,117.0,0.7527925708956831,0.9999622884069791,0.0003077065500280752,0.2832683609572855,0.0,1.085085085085085,2.0,59.0,31.32089680043277,0.8071230874329579
118,118.0,0.7551101585359101,0.9999622884069791,0.000311911748059403,0.28639230990688647,0.0,1.0877996640708507,2.0,59.5,31.034767388070257,0.8016071392730197
119,119.0,0.7573977603763844,0.9999622884069791,0.00031613390547601396,0.28951432082289613,0.0,1.0904686198803846,2.0,60.0,31.20853746153939,0.8049691061449266
120,120.0,0.759655664425012,0.9999622884069791,0.0003203726988768483,0.29263407333753166,0.0,1.093093093093093,2.0,60.5,30.937750875219745,0.7997137113221123
121,121.0,0.7618841639785031,0.9999622884069791,0.0003246278101629161,0.29575125531115704,0.0,1.0956741865832775,2.0,61.0,31.233671357307255,0.8054522803189841
122,122.0,0.7640835571512695,0.9999622884069791,0.0003288989265610693,0.2988655627613129,0.0,1.0982129670654261,2.0,61.5,31.523406909366543,0.8109665240809729
123,123.0,0.7662541464195377,0.9999622884069791,0.00033318574063945797,0.3019766997847815,0.0,1.1007104665641252,2.0,62.0,30.43066626964391,0.7896207041209795
124,124.0,0.7683962381807028,0.9999622884069791,0.0003374879503151561,0.3050843784732454,0.0,1.1031676838128452,2.0,62.5,30.152569719087033,0.7839413340736401
125,125.0,0.7705101423280154,0.9999622884069791,0.0003418052588543611,0.30818831882303854,0.0,1.1055855855855858,2.0,63.0,31.392326718979408,0.8084844155569683
126,126.0,0.772596171840563,0.9999622884069791,0.00034613737486556177,0.31128824863945626,0.0,1.107965107965108,2.0,63.5,31.031921152884355,0.801551759141645
127,127.0,0.7746546423885239,0.9999622884069791,0.00035048401228614907,0.31438390343615,0.0,1.1103071575512522,2.0,64.0,31.548985211477923,0.811448464694636
128,128.0,0.7766858719536154,0.9999622884069791,0.0003548448903627826,0.31747502632999125,0.0,1.1126126126126128,2.0,64.5,31.697787012818743,0.8142367307228261
129,129.0,0.7786901804646165,0.9999622884069791,0.0003592197336259999,0.3205613679319277,1.0,1.11488232418465,2.0,65.0,29.879113026806927,0.7782536314579418
130,130.0,0.7215345375475234,0.9729666964271103,0.00023384502983570218,0.23151149755562633,0.0,0.972972972972973,3.0,43.666666666666664,30.374959041072874,0.7884913640267718
131,131.0,0.7240869331904268,0.9762739813112414,0.00023712306946477218,0.2344536142024128,0.0,0.9762739839075718,3.0,44.0,31.319386464663477,0.8070942360636634
132,132.0,0.7266098962820721,0.9796128754567223,0.00024045607590281366,0.23740014107681556,0.0,0.9795249795249796,3.0,44.333333333333336,31.74022870058716,0.8150272164041369
133,133.0,0.7291035934032989,0.9826328773131621,0.00024384483887163866,0.24035070640571438,0.0,0.982727087990246,3.0,44.666666666666664,30.504736629476827,0.7911159274680208
134,134.0,0.7315682004384978,0.9858205117111161,0.00024729013881060174,0.24330494436420136,0.0,0.9858814037918516,3.0,45.0,31.255521358412963,0.8058716934619033
135,135.0,0.734003902089341,0.9889464702357066,0.00025079275440130066,0.24626249514729023,0.0,0.988988988988989,3.0,45.333333333333336,31.46478023911916,0.8098589373756858
136,136.0,0.7364108913967367,0.9920405456170308,0.00025435350987125,0.2492230050313222,0.0,0.9920508744038157,3.0,45.666666666666664,31.710280828194136,0.8144696505231022
137,137.0,0.7387893692714773,0.9951082846087835,0.0002579732351776669,0.2521861264255158,0.0,0.9950680607614917,3.0,46.0,31.864197580385927,0.817324105336095
138,138.0,0.741139544034122,0.9980891313718591,0.00026165279600760534,0.25515151791400953,0.0,0.9980415197806504,3.0,46.333333333333336,31.458547952256854,0.8097409530226182
139,139.0,0.7434616309645403,0.9999622884069791,0.00026539054082631093,0.25811884428880877,0.0,1.0009721952167996,3.0,46.666666666666664,30.824747325997574,0.7974932450700475
140,140.0,0.7457558518614985,0.9999622884069791,0.00026915629954268747,0.2610877765740192,0.0,1.003861003861004,3.0,47.0,29.96172509544746,0.7799828478242335
141,141.0,0.7480224346126546,0.9999622884069791,0.00027294085213157217,0.2640579920417678,0.0,1.0067088364960706,3.0,47.333333333333336,30.803977693356927,0.797083359295761
142,142.0,0.7502616127752256,0.9999622884069791,0.00027674392305518174,0.2670291742201925,0.0,1.0095165588123336,3.0,47.666666666666664,30.89422848449056,0.7988604402787992
143,143.0,0.7524736251676151,0.9999622884069791,0.0002805652398215554,0.27000101289389317,0.0,1.0122850122850124,3.0,48.0,30.748757814248727,0.7959909096414383
144,144.0,0.7546587154721924,0.9999622884069791,0.00028440453304823813,0.2729732040972255,0.0,1.0150150150150152,3.0,48.333333333333336,30.94681720136703,0.799891157629677
145,145.0,0.756817131849401,0.9999622884069791,0.00028826153651923274,0.27594545010081917,0.0,1.0177073625349489,3.0,48.666666666666664,30.58023979224487,0.7926326192518166
146,146.0,0.7589491265633246,0.9999622884069791,0.0002921359872354614,0.2789174593916966,0.0,1.0203628285820068,3.0,49.0,30.426076773041984,0.7895278186065194
147,147.0,0.7610549556188277,0.9999622884069791,0.0002960276254589981,0.281888946647339,0.0,1.022982165839309,3.0,49.333333333333336,31.064038714339517,0.8021760922096066
148,148.0,0.7631348784102959,0.9999622884069791,0.00029993619475134607,0.28485963270408704,0.0,1.025566106647188,3.0,49.666666666666664,30.998317069707575,0.8008971446311213
149,149.0,0.7651891573820572,0.9999622884069791,0.00030386144200600655,0.2878292445202133,0.0,1.0281153636858336,3.0,50.0,31.409388635511394,0.8088086694360606
150,150.0,0.7672180577004366,0.9999622884069791,0.00030780311747559777,0.2907975151340045,0.0,1.0306306306306308,3.0,50.333333333333336,31.590780408268106,0.8122342809011709
151,151.0,0.769221846937468,0.9999622884069791,0.0003117609747937688,0.29376418361719436,0.0,1.033112582781457,3.0,50.666666666666664,30.985885143686108,0.8006546083297549
152,152.0,0.7712007947661621,0.9999622884069791,0.00031573477099217936,0.2967289950240706,0.0,1.035561877667141,3.0,51.0,30.81946423923083,0.7973890364872934
153,153.0,0.7731551726672893,0.9999622884069791,0.0003197242665127746,0.2996917003365742,0.0,1.0379791556262146,3.0,51.333333333333336,30.393099091035435,0.7888595677265555
154,154.0,0.775085253647559,0.9999622884069791,0.00032372922521560195,0.3026520564056851,0.0,1.0403650403650406,3.0,51.666666666666664,30.549902022622696,0.7920241014371506
155,155.0,0.7769913119690961,0.9999622884069791,0.000327749414382412,0.3056098258894037,0.0,1.042720139494333,3.0,52.0,29.99758315904112,0.7807304561139998
156,156.0,0.7788736228900446,0.9999622884069791,0.00033178460471627386,0.3085647771876015,0.0,1.045045045045045,3.0,52.333333333333336,30.761372209564623,0.7962408138169879
157,157.0,0.7807324624161802,0.9999622884069791,0.00033583457033741865,0.31151668437400465,0.0,1.047340333964538,3.0,52.666666666666664,31.348192258184223,0.807644023045422
158,158.0,0.7825681070633212,0.9999622884069791,0.0003398990887755728,0.3144653271256162,0.0,1.0496065685939104,3.0,53.0,30.261553140460215,0.7861794637704165
159,159.0,0.7843808336303962,0.9999622884069791,0.00034397794095894046,0.3174104906497697,0.0,1.051844297127316,3.0,53.333333333333336,30.395956298564904,0.7889175227845369
160,160.0,0.7861709189829292,0.9999622884069791,0.0003480709112000868,0.320351965609097,0.0,1.0540540540540542,3.0,53.666666666666664,30.814092778636624,0.7972830481010789
161,161.0,0.7879386398467692,0.9999622884069791,0.0003521777871789167,0.32328954804463716,0.0,1.056236360584187,3.0,54.0,31.505712656064627,0.8106326750341831
162,162.0,0.7896842726117989,0.9999622884069791,0.0003562983599229294,0.32622303929728724,0.0,1.0583917250583919,3.0,54.333333333333336,31.383064184619613,0.808308237694092
163,163.0,0.7914080931454676,0.9999622884069791,0.0003604324237849592,0.3291522459278279,0.0,1.0605206433427294,3.0,54.666666666666664,31.208936616215034,0.8049767855785203
164,164.0,0.7931103766158263,0.9999622884069791,0.0003645797764185711,0.33207697963570704,1.0,1.0626235992089652,3.0,55.0,30.38273186310889,0.7886491893032072
165,165.0,0.7433452702414889,0.9511482407635801,0.00024764459489104614,0.24563299657412788,0.0,0.9511329511329514,4.0,41.5,30.337315078315136,0.787725868163396
166,166.0,0.7455078030456471,0.9539057391299617,0.00025050999821202757,0.24844828839723576,0.0,0.9538695321827853,4.0,41.75,31.111564274682795,0.8030975762877457
167,167.0,0.7476457583236334,0.9566031373330431,0.00025341593970749975,0.25126874211793965,0.0,0.9565733398068728,4.0,42.0,31.08485884543932,0.8025801253579129
168,168.0,0.7497593417479239,0.9592601986209204,0.00025636294799316037,0.2540917880798367,0.0,0.9592449592449593,4.0,42.25,31.442833096920573,0.8094432450944138
169,169.0,0.7518487627495021,0.9619496432335232,0.00025935155304515406,0.2569171477770173,0.0,0.961884961884962,4.0,42.5,30.87158004218507,0.7984154582393447
170,170.0,0.7539142342221556,0.9642663065261946,0.00026238220046086473,0.2597445472588556,0.0,0.9644939056703763,4.0,42.75,31.69666374408361,0.8142157808432167
171,171.0,0.7559559722355356,0.9670318439376194,0.0002654558476487224,0.26257371713928773,0.0,0.9670723354933882,4.0,43.0,31.083086344766762,0.8025457494853735
172,172.0,0.7579741957570282,0.9695530798551873,0.0002685726545475887,0.26540439260130916,0.0,0.9696207835742722,4.0,43.25,31.60693749565613,0.8125375028661583
173,173.0,0.7599691263824754,0.9722108119622549,0.00027173336437046123,0.26823631339691684,0.0,0.9721397698276313,4.0,43.5,31.005608617986177,0.8010393060452885
174,174.0,0.7619409880757378,0.9746347216935456,0.00027493858762898596,0.2710692238427412,0.0,0.9746298022160093,4.0,43.75,31.708521577236628,0.8144368642485963
175,175.0,0.7638900069170712,0.9770297794165934,0.0002781888939219607,0.27390287281157283,0.0,0.9770913770913773,4.0,44.0,31.020964465405655,0.8013384764214265
176,176.0,0.7658164108602783,0.9796128754567223,0.00028148493351311233,0.2767370137200418,0.0,0.9795249795249796,4.0,44.25,31.400849062008987,0.8086464228143835
177,177.0,0.7677204294986141,0.9819215124126409,0.0002848273813087229,0.2795714045126104,0.0,0.981931083625999,4.0,44.5,32.71451435857141,0.8326095346383657
178,178.0,0.7696022938393358,0.9842432513466689,0.0002882168105184379,0.2824058076421431,0.0,0.984310152849479,4.0,44.75,31.062252306415207,0.8021414001462418
179,179.0,0.7714622360868271,0.9867224542717324,0.0002916539386450101,0.2852399900472352,0.0,0.9866626402939254,4.0,45.0,31.19158873378889,0.8046428441050368
180,180.0,0.7733004894342037,0.9889464702357066,0.0002951394254117147,0.2880737231264969,0.0,0.988988988988989,4.0,45.25,31.215582672256367,0.8051046218037187
181,181.0,0.7751172878632835,0.9916208352868476,0.0002986735635589607,0.29090678271000114,0.0,0.9912896321736102,4.0,45.5,31.51488836411794,0.8108058459135752
182,182.0,0.7769128659528101,0.9936227499635597,0.00030225820619240535,0.29373894902807157,0.0,0.9935649935649937,4.0,45.75,30.56842490697871,0.7923957787804916
183,183.0,0.7786874586947665,0.9958783016547516,0.0003058929205972984,0.2965700066776046,0.0,0.9958154876187665,4.0,46.0,31.534181022049644,0.8111696227911037
184,184.0,0.780441301318692,0.9980891313718591,0.0003095788217728193,0.2993997445860894,0.0,0.9980415197806504,4.0,46.25,31.325194254191288,0.8072051648360592
185,185.0,0.78217462912379,0.9999622884069791,0.00031331633352022506,0.3022279559735112,0.0,1.0002434867299734,4.0,46.5,31.41868668984737,0.8089852264297525
186,186.0,0.7838876773187319,0.9999622884069791,0.00031708307475839415,0.30505443831228357,0.0,1.002421776615325,4.0,46.75,30.588715877938068,0.7928024176397785
187,187.0,0.7855806808689383,0.9999622884069791,0.00032086475860608677,0.3078789932853825,0.0,1.0045767692826517,4.0,47.0,31.247018943780045,0.8057085584052592
188,188.0,0.7872538743512111,0.9999622884069791,0.0003246612059372232,0.31070142674283857,0.0,1.0067088364960706,4.0,47.25,30.819119309861563,0.7973822315328584
189,189.0,0.7889074918155292,0.9999622884069791,0.0003284722397314834,0.3135215486567006,0.0,1.0088183421516757,4.0,47.5,31.574529605897794,0.811928987145843
190,190.0,0.790541766653813,0.9999622884069791,0.00033229768507300343,0.316339173074662,0.0,1.01090564248459,4.0,47.75,31.2075982618979,0.8049510358803623
191,191.0,0.7921569314755141,0.9999622884069791,0.00033613736914726725,0.3191541180724338,0.0,1.0129710862695156,4.0,48.0,31.60755734919156,0.8125491295559836
192,192.0,0.7937532179898101,0.9999622884069791,0.00033999112123635,0.32196620570502077,0.0,1.0150150150150152,4.0,48.25,31.163389485883535,0.8040992237647
193,193.0,0.7953308568942583,0.9999622884069791,0.00034385877271259405,0.32477526195701273,1.0,1.0170377631517529,4.0,48.5,30.31856937177576,0.7873439623023859
194,194.0,0.7489978444490264,0.9223049465591878,0.0002460591656148849,0.24382238184507746,0.0,0.9224482214172938,5.0,39.0,30.125681923369537,0.7833866645050561
195,195.0,0.750976295688253,0.924837287029964,0.0002484363432092286,0.24615071716191436,0.0,0.9249249249249252,5.0,39.2,30.33157259831539,0.7876089269010407
196,196.0,0.7529334308904969,0.9274369821501054,0.00025084287076224495,0.24851062329159945,0.0,0.9273763559477847,5.0,39.4,31.229149407110803,0.8053654076950622
197,197.0,0.7548694367342648,0.9297934232515229,0.0002532791282007389,0.25089554943249287,0.0,0.9298028993460467,5.0,39.6,30.31317260529282,0.7872339265326574
198,198.0,0.756784501929718,0.9321957939882953,0.0002557454703919662,0.25331656159557386,0.0,0.9322049322049324,5.0,39.8,31.428434319793205,0.8091702080657363
199,199.0,0.7586788170199089,0.9346820644254208,0.00025824224945377865,0.25576957625491487,0.0,0.9345828240300603,5.0,40.0,30.67878402843697,0.794600924974587
200,200.0,0.7605525741886566,0.9369396246879198,0.0002607699314827303,0.2582533751417532,0.0,0.9369369369369371,5.0,40.2,30.619567608800942,0.793419665497286
201,201.0,0.7624059670750216,0.9389978776946757,0.00026332858795017673,0.26076600734286703,0.0,0.9392676258347902,5.0,40.4,31.275515310142705,0.8062549660627889
202,202.0,0.764239190594332,0.941652342748641,0.000265919299974816,0.26330854321014635,0.0,0.9415752386049416,5.0,40.6,31.14604384255259,0.8037643484074265
203,203.0,0.7660524407656988,0.9438671324415278,0.0002685418457641467,0.2658852374222204,0.0,0.9438601162739095,5.0,40.8,31.115487427234616,0.8031735174248502
204,204.0,0.7678459145459313,0.9460853386340515,0.0002711967977854361,0.26849301527349406,0.0,0.9461225931814168,5.0,41.0,30.632703398849383,0.7936820947085576
205,205.0,0.7696198096698154,0.9484689138942671,0.0002738845648194771,0.2711327992145699,0.0,0.948362997143485,5.0,41.2,31.40293700756522,0.8086861006402359
206,206.0,0.7713743244966217,0.9504126672264143,0.0002766055703625988,0.273807695381367,0.0,0.950581649610776,5.0,41.4,30.86033161336407,0.7981942135909947
207,207.0,0.7731096578627769,0.9526567451971043,0.00027936037641895187,0.2765115884636676,0.0,0.9527788658223443,5.0,41.6,31.320684150628534,0.8071190254329971
208,208.0,0.7748260089405821,0.955100646058785,0.0002821492445976405,0.27922411746944736,0.0,0.9549549549549551,5.0,41.8,31.4462303625686,0.8095076293386111
209,209.0,0.7765235771028834,0.9573064757943087,0.0002849726476123773,0.2819372192888551,0.0,0.9571102202681151,5.0,42.0,30.949744094930697,0.7999484206477195
210,210.0,0.7782025617935757,0.9592601986209204,0.00028783128145374416,0.2846506937639857,0.0,0.9592449592449593,5.0,42.2,30.779467052046925,0.7965989336412184
211,211.0,0.7798631624038213,0.9612804809159037,0.0002907252405293982,0.2873643440034721,0.0,0.9613594637291322,5.0,42.4,30.727292116336578,0.7955651803770493
212,212.0,0.7815055781538665,0.9634378714391505,0.0002936551991211659,0.2900779763671,0.0,0.9634540200577938,5.0,42.6,31.02868560049559,0.8014887915982308
213,213.0,0.7831300079803236,0.9655515299649247,0.00029662156355773445,0.29279140044878293,0.0,0.9655289091908813,5.0,42.8,31.341446505702816,0.8075153643274011
214,214.0,0.7847366504288132,0.9675792618754583,0.00029962484331747257,0.29550442905799484,0.0,0.9675844068367434,5.0,43.0,31.020819942463177,0.8013356621331454
215,215.0,0.7863257035518022,0.9695530798551873,0.0003026655060037993,0.2982168781997449,0.0,0.9696207835742722,5.0,43.2,31.55031020980914,0.8114734087268825
216,216.0,0.7878973648115404,0.9715919027111107,0.0003057440995101751,0.30092856705322324,0.0,0.9716383049716385,5.0,43.4,31.02484739272113,0.8014140786620834
217,217.0,0.7894518309879379,0.97361060678735,0.0003088610989244074,0.30363931794917953,0.0,0.973637231701748,5.0,43.6,31.234106208564956,0.805460633059071
218,218.0,0.7909892980912548,0.9755219691125302,0.00031201698084567137,0.306348956346134,0.0,0.9756178196545171,5.0,43.8,31.049461364902935,0.8018928832873808
219,219.0,0.7925099612794863,0.977550533973118,0.0003152123841837548,0.3090573108055122,0.0,0.9775803200460735,5.0,44.0,31.187177985507986,0.8045578793020106
220,220.0,0.7940140147802712,0.9796128754567223,0.00031844770205063325,0.3117642129657705,0.0,0.9795249795249796,5.0,44.2,31.255097606937177,0.8058635650823854
221,221.0,0.7955016518172214,0.9814608886030415,0.0003217236068781421,0.314469497515605,1.0,0.9814520402755699,5.0,44.4,30.685405966730208,0.7947327371325567
222,222.0,0.7517652453777713,0.8992611174457587,0.0002451044073731484,0.24265271872119903,0.0,0.8989530070611154,6.0,37.166666666666664,30.99814912051409,0.8008938693815424
223,223.0,0.7536050956496114,0.9012158295692106,0.0002471149138743645,0.24462896738814144,0.0,0.9012240940492063,6.0,37.333333333333336,30.591145352689416,0.7928510690869283
224,224.0,0.7554262804183364,0.9034379853518308,0.0002491471705222855,0.2466246128869101,0.0,0.9034749034749038,6.0,37.5,30.9897736091805,0.8007304898975517
225,225.0,0.7572289626718425,0.9058855931673976,0.00025120162121457327,0.2486432650377927,0.0,0.9057057057057059,6.0,37.666666666666664,31.45436540526894,0.8096617463837615
226,226.0,0.7590133065229809,0.9079678581849497,0.0002532788036882124,0.2506752155750438,0.0,0.9079167663238462,6.0,37.833333333333336,31.08328466497121,0.8025495959015906
227,227.0,0.760779477073426,0.91023397654475,0.0002553786567923523,0.25272664808183726,0.0,0.9101083462316945,6.0,38.0,30.75748245285733,0.7961637755854093
228,228.0,0.7625276402823726,0.9124983694949574,0.00025750151977841273,0.2548049451299156,0.0,0.912280701754386,6.0,38.166666666666664,30.765960419760003,0.7963316601663837
229,229.0,0.7642579628400353,0.914513162377863,0.0002596479630045775,0.2569109134859623,0.0,0.9144340847397617,6.0,38.333333333333336,30.988762799185988,0.8007107662495964
230,230.0,0.7659706120458455,0.9166704088924233,0.0002618178761391485,0.2590388637753098,0.0,0.9165687426556994,6.0,38.5,30.24681972953409,0.785877835026112
231,231.0,0.767665755691295,0.9186728016098117,0.0002640117359005344,0.26118804313022453,0.0,0.9186849186849189,6.0,38.666666666666664,30.77053596055692,0.7964222286820977
232,232.0,0.7693435619473777,0.9207073794355483,0.00026622972486722184,0.26335511374541093,0.0,0.9207828518173348,6.0,38.833333333333336,31.384403105772076,0.8083337110486506
233,233.0,0.7710041992564937,0.9228653850352915,0.00026847222560368007,0.2655415704717842,0.0,0.9228627769400303,6.0,39.0,31.756785725083674,0.8153350216783269
234,234.0,0.7726478362288023,0.924837287029964,0.00027073944559837063,0.2677553890288467,0.0,0.9249249249249252,6.0,39.166666666666664,30.573339910126258,0.7924943268702063
235,235.0,0.7742746415428814,0.9269169540407993,0.00027303177674866053,0.2699963961549061,0.0,0.9269695227142039,6.0,39.333333333333336,30.123594526603366,0.7833435620822324
236,236.0,0.7758847838506435,0.9287787458398009,0.00027534929266515083,0.27225756138931556,0.0,0.9289967934035731,6.0,39.5,31.946340334145575,0.8188362227466335
237,237.0,0.7774784316864072,0.9310566990380772,0.0002776928223991872,0.2745474514697689,0.0,0.9310069563234122,6.0,39.666666666666664,30.709016746968675,0.7952022558503661
238,238.0,0.7790557533800065,0.9330082267014641,0.0002800621850468595,0.2768665957755048,0.0,0.9330002271178743,6.0,39.833333333333336,31.372450123356955,0.808106225231153
239,239.0,0.7806169169739171,0.9350194495020804,0.0002824578419201472,0.2792138785359115,0.0,0.9349768178220061,6.0,40.0,31.414038824769893,0.8088969830638859
240,240.0,0.7821620901442047,0.9369396246879198,0.0002848801463914624,0.28158684631640446,0.0,0.9369369369369371,6.0,40.166666666666664,30.935393058048373,0.7996675470379156
241,241.0,0.7836914401252728,0.938892006427707,0.0002873294051641977,0.28398422537292484,0.0,0.9388807895031963,6.0,40.333333333333336,31.930213096129865,0.8185399597435353
242,242.0,0.7852051336383009,0.9407743602188338,0.00028980595529410464,0.2864071808974988,0.0,0.9408085771722136,6.0,40.5,30.25603273434926,0.7860664820486463
243,243.0,0.7867033368232418,0.9428651497366137,0.00029231006024184753,0.28886059756464266,0.0,0.9427204982760541,6.0,40.666666666666664,31.50010414439676,0.8105267772954733
244,244.0,0.7881862151743183,0.9446162877409318,0.00029484231316372636,0.2913388243816763,0.0,0.9446167478954366,6.0,40.833333333333336,30.48019993310028,0.7906214217088545
245,245.0,0.7896539334788886,0.9465113316545194,0.0002974028029676113,0.2938469469575608,0.0,0.9464975179260895,6.0,41.0,31.91945334434454,0.8183421328428493
246,246.0,0.7911066557596301,0.9484689138942671,0.0002999919242743188,0.29638167691588924,1.0,0.948362997143485,6.0,41.166666666666664,30.495344772117434,0.7909267405872928
247,247.0,0.7486827679557622,0.8743534716580994,0.0002410671481903418,0.23859702221687681,0.0,0.8743480322427692,7.0,35.42857142857143,30.54854192768253,0.7919967922185996
248,248.0,0.750451641332928,0.8765174817083395,0.00024275679245863027,0.24023638759401822,0.0,0.8764893926184251,7.0,35.57142857142857,31.305033740993515,0.806819922515457
249,249.0,0.7522037203359101,0.8786181750102189,0.00024446300244252567,0.2418936517472655,0.0,0.8786135533123487,7.0,35.714285714285715,30.4329202229509,0.7896663109820262
250,250.0,0.7539391429580294,0.8808044358598157,0.00024618592745856487,0.243565805088993,0.0,0.8807207207207208,7.0,35.857142857142854,31.14928164648654,0.8038268858297427
251,251.0,0.7556580480558067,0.8828653443804066,0.0002479258099168391,0.24525425878475884,0.0,0.8828110979505404,7.0,36.0,30.06355790759251,0.7821013109154353
252,252.0,0.757360575245964,0.884911127255709,0.0002496827938767939,0.24696173860117535,0.0,0.8848848848848851,7.0,36.142857142857146,31.170724183687447,0.8042407154767299
253,253.0,0.7590468648060185,0.8869561107692564,0.00025145706746562983,0.2486844262064164,0.0,0.8869422782466262,7.0,36.285714285714285,31.03057154293096,0.8015254957874474
254,254.0,0.7607170575784266,0.8888036308390267,0.00025324871615020237,0.25042185883848733,0.0,0.8889834716606372,7.0,36.42857142857143,30.959728809475784,0.8001436844757503
255,255.0,0.7623712948782395,0.8910549470342334,0.0002550582587651546,0.2521782526228429,0.0,0.8910086557145382,7.0,36.57142857142857,31.630844740931106,0.8129856046629254
256,256.0,0.7640097184041872,0.8930413774066033,0.00025688558225729163,0.25395079788603,0.0,0.8930180180180182,7.0,36.714285714285715,30.721972425264386,0.7954595829383289
257,257.0,0.7656324701531599,0.8951090455490427,0.000258730947336845,0.2557464986432037,0.0,0.8950117432607706,7.0,36.857142857142854,30.967946846620578,0.8003043042071636
258,258.0,0.7672396923380091,0.8969451680725632,0.0002605946535784345,0.2575706631251207,0.0,0.8969900132690832,7.0,37.0,31.16956508925808,0.8042183601233192
259,259.0,0.7688315273086217,0.8992611174457587,0.0002624764804888,0.2594180835668004,0.0,0.8989530070611154,7.0,37.142857142857146,30.92819312519183,0.7995265342121336
260,260.0,0.7704081174761965,0.9009088528758219,0.0002643776985218588,0.2612823035117804,0.0,0.900900900900901,7.0,37.285714285714285,30.974594356599795,0.8004341659758875
261,261.0,0.771969605240653,0.9028113239711326,0.0002662974780719968,0.2631615708252539,0.0,0.9028338683511099,7.0,37.42857142857143,30.29201544521523,0.7868021707467949
262,262.0,0.7735161329211164,0.9047048956202036,0.0002682363815092634,0.2650628669136328,0.0,0.9047520803245996,7.0,37.57142857142857,31.8603385271304,0.8172528745469552
263,263.0,0.7750478426893956,0.9067126748351032,0.000270194635767785,0.26697748886387973,0.0,0.9066557051347929,7.0,37.714285714285715,31.491017150014645,0.8103551201296878
264,264.0,0.7765648765064046,0.9085704230373126,0.000272172475178091,0.26890324883342703,0.0,0.9085449085449087,7.0,37.857142857142854,30.995551779488586,0.8008432129962625
265,265.0,0.7780673760614375,0.9105790589512747,0.0002741700019085206,0.27084899926076117,0.0,0.9104198538160804,7.0,38.0,30.79569303778988,0.7969197085339588
266,266.0,0.77955548271425,0.9124983694949574,0.00027618756247436245,0.2728184964783652,0.0,0.912280701754386,7.0,38.142857142857146,30.709601665543595,0.7952138782465319
267,267.0,0.7810293374398439,0.9141126904660735,0.0002782256654173948,0.27481298980079083,0.0,0.9141276107568244,7.0,38.285714285714285,31.23840877654236,0.8055432654102953
268,268.0,0.7824890807759118,0.915977436261479,0.0002802840695096606,0.27682472012770315,0.0,0.9159607368562593,7.0,38.42857142857143,30.933534938502422,0.7996311614985134
269,269.0,0.7839348527728667,0.9178003400663296,0.0002823632062254565,0.2788572007378707,0.0,0.917780233765364,7.0,38.57142857142857,30.50965418179871,0.7912149387721327
270,270.0,0.7853667929463641,0.9195487035560822,0.00028446331432899604,0.28090592933104713,0.0,0.9195862529195863,7.0,38.714285714285715,31.167279592175092,0.8041742750682133
271,271.0,0.7867850402322745,0.9213596712593345,0.00028658465214650346,0.28296959314786035,0.0,0.9213789435191649,7.0,38.857142857142854,30.32999012497284,0.7875766932453644
272,272.0,0.788189732944016,0.923149039252393,0.0002887274566125104,0.28505048754119233,0.0,0.9231584525702174,7.0,39.0,30.774600047142563,0.796502650859985
273,273.0,0.7895810087321722,0.924837287029964,0.0002908919477955849,0.28715756424680544,0.0,0.9249249249249252,7.0,39.142857142857146,31.04186999947154,0.8017452928201216
274,274.0,0.7909590045463555,0.9266416661786573,0.00029307848005467207,0.2892884810517067,0.0,0.9266785033208392,7.0,39.285714285714285,30.980452126538072,0.8005485536654335
275,275.0,0.7923238565992101,0.9282948502223145,0.0002952871553295671,0.29143724981411745,0.0,0.9284193284193285,7.0,39.42857142857143,30.60541416165542,0.7931366532244296
276,276.0,0.7936757003325001,0.9300991198459503,0.0002975184580614491,0.2936063145994852,0.0,0.9301475388431911,7.0,39.57142857142857,31.2519509601482,0.8058031993660462
277,277.0,0.7950146703852322,0.9318153844255366,0.0002997724664648439,0.29580555265872693,0.0,0.9318632712134518,7.0,39.714285714285715,30.809507690091507,0.7971925469842628
278,278.0,0.7963409005637184,0.9335830779231316,0.0003020495211142304,0.2980277640668391,0.0,0.9335666601853654,7.0,39.857142857142854,30.95874333166788,0.8001244178024375
279,279.0,0.7976545238135225,0.9352548924153948,0.00030434987748978167,0.3002752214819811,0.0,0.9352578384836451,7.0,40.0,31.474366469894903,0.810040324533571
280,280.0,0.7989556721932431,0.9369396246879198,0.00030667381989705686,0.3025449412136565,1.0,0.9369369369369371,7.0,40.142857142857146,30.55195277099553,0.7920652736240963
281,281.0,0.7604215988335145,0.8719255127311168,0.0002531796222994353,0.25027007938218687,0.0,0.8719181815267226,8.0,35.25,30.4716366579231,0.7904486523730287
282,282.0,0.7619915695654415,0.8737944600325595,0.0002547530057210364,0.2517849155794303,0.0,0.8738099801929591,8.0,35.375,30.470467773673874,0.7904250618831186
283,283.0,0.7635474909412076,0.8756350623509961,0.0002563404570092053,0.25331667808908653,0.0,0.8756884092573141,8.0,35.5,31.286116334581408,0.8064579829020156
284,284.0,0.7650894829978375,0.8776409617249759,0.00025794212889022894,0.25486719968802035,0.0,0.8775536099479764,8.0,35.625,31.273270462372896,0.8062119580400381
285,285.0,0.766617665822621,0.8794170189883791,0.0002595582312383398,0.2564297720819343,0.0,0.8794057215109847,8.0,35.75,32.380822520369186,0.8267067411898466
286,286.0,0.7681321594980831,0.8812589766038503,0.0002611888447321218,0.2580070979787072,0.0,0.8812448812448814,8.0,35.875,31.111316703678188,0.8030927833708866
287,287.0,0.7696330840492002,0.8830687342632387,0.0002628341579580452,0.25959712460709494,0.0,0.8830712245346393,8.0,36.0,30.958827537933935,0.8001260641326099
288,288.0,0.7711205593928537,0.884911127255709,0.0002644943272434488,0.2612046776615255,0.0,0.8848848848848851,8.0,36.125,31.13413550088795,0.8035342296920376
289,289.0,0.7725947052894117,0.8866142366518905,0.0002661695036825895,0.2628251397129724,0.0,0.8866859939524301,8.0,36.25,31.7578057018751,0.8153539731796479
290,290.0,0.7740556412964485,0.888436013829397,0.0002678599009357922,0.26445821415971443,0.0,0.8884746815781299,8.0,36.375,31.36605181172314,0.8079843831097309
291,291.0,0.7755034867244887,0.8902057710900209,0.00026956563627768027,0.26610660629260185,0.0,0.8902510758180863,8.0,36.5,30.940319879265612,0.7997640024767843
292,292.0,0.7769383605947826,0.8920018536170722,0.00027128690678671,0.26776951118197234,0.0,0.8920153029742072,8.0,36.625,30.660974890206074,0.7942461449500445
293,293.0,0.7783603815990189,0.8937309879923964,0.00027302386137671107,0.26945048732601273,0.0,0.893767487624143,8.0,36.75,30.218158874368623,0.785290235032364
294,294.0,0.7797696680609397,0.895504467903883,0.0002747766975484226,0.271153435988025,0.0,0.89550775265061,8.0,36.875,31.015167194474323,0.8012255658694369
295,295.0,0.7811663378998009,0.8972263831756192,0.000276545575022576,0.2728811713800645,0.0,0.8972362192701178,8.0,37.0,31.283615206180567,0.8064100969911592
296,296.0,0.7825505085956376,0.8992611174457587,0.00027833025562852185,0.2746294277204382,0.0,0.8989530070611154,8.0,37.125,31.347761511178426,0.807635809255562
297,297.0,0.7839222971562606,0.9005795776415061,0.00028013216210865917,0.2763916233643527,0.0,0.9006582339915675,8.0,37.25,30.311328443373256,0.7871963165577853
298,298.0,0.7852818200859589,0.9024181538522226,0.0002819502709560869,0.27816679250142434,0.0,0.9023520164459764,8.0,37.375,30.640416931346223,0.7938360922095283
299,299.0,0.7866291933558447,0.9039818253596799,0.0002837851547329449,0.2799607431460689,0.0,0.9040344692518607,8.0,37.5,31.31676006324294,0.8070440582897842
300,300.0,0.7879645323757763,0.9058855931673976,0.0002856368555789535,0.2817698505615216,0.0,0.9057057057057059,8.0,37.625,31.75230373814001,0.8152517304696789
301,301.0,0.78928795196785,0.9073045857129308,0.00028750598377109315,0.28358775651407947,0.0,0.907365837598396,8.0,37.75,30.994645481085023,0.800825535305767
302,302.0,0.7905995663413616,0.909018518112627,0.0002893923418073491,0.28541728823137746,0.0,0.909014975240141,8.0,37.875,30.67323178991691,0.7944903617255724
303,303.0,0.791899489069233,0.9105823464206079,0.0002912961988173489,0.2872660112520772,1.0,0.9106532274849107,8.0,38.0,30.24664235712017,0.7858742019914315
304,304.0,0.7538370445647868,0.8506391455236182,0.00024903831154856883,0.24608122109442312,0.0,0.8506401137980087,9.0,33.888888888888886,30.53029585946609,0.791630195856341
305,305.0,0.755382078899473,0.8523539031376072,0.00025038366563065077,0.24740480326720388,0.0,0.8524590163934427,9.0,34.0,29.824757570860953,0.7771106508137824
306,306.0,0.7569141967102242,0.8541769338425187,0.0002517399343608206,0.24873764128089246,0.0,0.8542660307366191,9.0,34.111111111111114,31.391480082637873,0.8084683164433967
307,307.0,0.7584334989524362,0.8558956229483328,0.0002531070897997131,0.2500803298713504,0.0,0.8560612729993838,9.0,34.22222222222222,30.633469932782607,0.7936974017134909
308,308.0,0.7599400867057993,0.8578191617149596,0.0002544855144285786,0.2514273747479343,0.0,0.857844857844858,9.0,34.333333333333336,30.738405595144997,0.795785668274393
309,309.0,0.7614340611294321,0.8596055923717097,0.00025587504216351045,0.2527791032661113,0.0,0.8596168984518501,9.0,34.44444444444444,31.067160482095286,0.802236707399088
310,310.0,0.7629155234187944,0.8613437365736001,0.0002572758864974942,0.2541424642188003,0.0,0.8613775065387971,9.0,34.55555555555556,32.26052383893187,0.8245487884361268
311,311.0,0.7643845747642675,0.8630739499678673,0.0002586881701212075,0.25551633011650543,0.0,0.8631267923872427,9.0,34.666666666666664,31.239300070249524,0.8055603801775705
312,312.0,0.765841316311414,0.8649343874722718,0.00026011201472757545,0.25689508446576337,0.0,0.8648648648648649,9.0,34.77777777777778,32.17851624834178,0.8230684637602363
313,313.0,0.7672858491228389,0.8665268238465538,0.00026154755524523526,0.25827789959234004,0.0,0.8665918314480617,9.0,34.888888888888886,30.647424043193272,0.7939759191187573
314,314.0,0.7687182741416582,0.8683742617268366,0.0002629949013399949,0.25967485767407766,0.0,0.8683077982441041,9.0,35.0,31.10672172552497,0.8030038118179189
315,315.0,0.770138692156488,0.870056232607533,0.0002644541933738797,0.26108061799657856,0.0,0.8700128700128701,9.0,35.111111111111114,31.47934201310084,0.8101344263951015
316,316.0,0.7715472037679746,0.8717231031296325,0.0002659255429681456,0.2624968085939818,0.0,0.871707150188163,9.0,35.22222222222222,30.126137030825628,0.7833960611750149
317,317.0,0.7729439093567534,0.8733387339920248,0.0002674090646506309,0.2639192041645768,0.0,0.8733907408986276,9.0,35.333333333333336,31.56315341724102,0.8117150826728579
318,318.0,0.7743289090528759,0.8750493435987514,0.0002689049278174156,0.2653551678076295,0.0,0.8750637429882715,9.0,35.44444444444444,30.686628526496506,0.7947570664209292
319,319.0,0.7757023027066041,0.8766017137229128,0.0002704131629895503,0.26680865712865653,0.0,0.8767262560366009,9.0,35.55555555555556,30.763699746487593,0.7962869023268476
320,320.0,0.7770641898605762,0.8783861414595422,0.00027193412063800093,0.2682744222853171,0.0,0.8783783783783784,9.0,35.666666666666664,31.2983860237761,0.806692784105902
321,321.0,0.7784146697232828,0.8800785180420581,0.00027346771328040826,0.2697509889672559,0.0,0.880020207123011,9.0,35.77777777777778,30.620107957423354,0.793430465121244
322,322.0,0.7797538411438162,0.8816146244988151,0.00027501418634860736,0.27124127276944654,0.0,0.8816518381735775,9.0,35.888888888888886,30.986188996105415,0.8006605385521772
323,323.0,0.7810818025878912,0.8833512192811491,0.0002765736221507328,0.2727425674057738,1.0,0.8832733662455027,9.0,36.0,29.955953354208436,0.7798623449938037
324,324.0,0.742874118466301,0.8271389744793105,0.00024366332798783473,0.24057450999543303,0.0,0.8270492714937161,10.0,32.5,30.4573265251928,0.7901597198315594
325,325.0,0.7444276973301845,0.8287442586024136,0.0002448100001274692,0.2416864576050477,0.0,0.828828828828829,10.0,32.6,31.261326483111652,0.8059830248847969
326,326.0,0.7459691708428569,0.8306408087351328,0.00024596497248963807,0.24280626740121267,0.0,0.8305974686342786,10.0,32.7,31.043549975310885,0.8017779609397512
327,327.0,0.747498623135672,0.832308031067155,0.0002471282901325628,0.2439390307880991,0.0,0.8323552910708875,10.0,32.8,31.649134872658635,0.8133279658755516
328,328.0,0.7490161386133904,0.8341248857612237,0.00024830006709011137,0.2450830290844153,0.0,0.8341023950780051,10.0,32.9,32.02722664856548,0.8203176316696783
329,329.0,0.7505218019139915,0.8358792753959626,0.0002494803696691761,0.24623743112019109,0.0,0.8358388783920699,10.0,33.0,31.11490598658422,0.8031622635871947
330,330.0,0.7520156978698869,0.8375672293488202,0.0002506693067273276,0.24740221698084766,0.0,0.8375648375648377,10.0,33.1,31.064814354635537,0.802191153911174
331,331.0,0.7534979114705169,0.8392394512310638,0.000251866941996755,0.24857559777631294,0.0,0.8392803679812745,10.0,33.2,30.482533414433323,0.7906684842981185
332,332.0,0.7549685278263133,0.8410518674439279,0.0002530733732285211,0.24975938451556687,0.0,0.8409855638771303,10.0,33.3,30.44678355904063,0.7899466755070021
333,333.0,0.7564276321339739,0.8426694639790961,0.00025428872373548303,0.25095391784573723,0.0,0.8426805183561943,10.0,33.4,30.074843526902495,0.7823352064872767
334,334.0,0.757875309643054,0.8443489464361772,0.00025551303793223105,0.252155206494958,0.0,0.8443653234072398,10.0,33.5,30.905214603482833,0.7990760535740485
335,335.0,0.7593116456238203,0.8460590748760771,0.0002567464265204816,0.25336920496444476,0.0,0.846040069920667,10.0,33.6,31.237887509972385,0.8055332555118964
336,336.0,0.7607367253363577,0.8477157653902396,0.0002579889842100739,0.25459147120025716,0.0,0.8477048477048479,10.0,33.7,30.73437927265502,0.7957058057323138
337,337.0,0.7621506340008769,0.8493793067379731,0.00025924080203606093,0.25582723006175234,0.0,0.8493597455021789,10.0,33.8,31.160423844423587,0.8040419954499859
338,338.0,0.7635534567692267,0.8510143060224254,0.0002605019803103238,0.25706776071281556,0.0,0.8510048510048512,10.0,33.9,31.669683288969992,0.8137121267654793
339,339.0,0.7649452786975635,0.8527053154000611,0.00026177259393500547,0.25831560028489386,0.0,0.8526402508703397,10.0,34.0,30.655034388125372,0.7941277111289499
340,340.0,0.7663261847201417,0.8541769338425187,0.00026305276203652915,0.2595711856779883,0.0,0.8542660307366191,10.0,34.1,30.190215040100178,0.7847162611297192
341,341.0,0.7676962596242061,0.8558956229483328,0.0002643426334956523,0.26083561744421524,0.0,0.8558822752371141,10.0,34.2,30.8557618354515,0.798104284834498
342,342.0,0.769055588025977,0.8574530666728362,0.0002656422175235516,0.2621036197192425,0.0,0.857489068015384,10.0,34.3,30.570280535416263,0.79243298871366
343,343.0,0.7704042543476554,0.8590802606625682,0.0002669516660486343,0.26337490728672813,0.0,0.8590864917395531,10.0,34.4,30.248719921274322,0.7859167530753763
344,344.0,0.7717423427954727,0.8607672561032278,0.0002682710252632695,0.26465415215819643,0.0,0.8606746281164888,10.0,34.5,30.94488721955614,0.7998533927001702
345,345.0,0.7730699373387024,0.8621895384602171,0.0002696005047687272,0.2659454244273583,0.0,0.862253557905732,10.0,34.6,31.45647499147382,0.8097016991313295
346,346.0,0.7743871216896591,0.8638106508638511,0.0002709401467860234,0.26724190756616345,0.0,0.8638233609331877,10.0,34.7,31.13181376871824,0.8034893436574154
347,347.0,0.7756939792846175,0.8654090290121895,0.00027229003869056514,0.26854117221954477,0.0,0.8653841161045774,10.0,34.8,31.5898815444726,0.8122174027103615
348,348.0,0.7769905932656475,0.8669499812495962,0.00027365031256132503,0.2698459613570565,0.0,0.8669359014186602,10.0,34.9,31.247422737896223,0.8057163079742505
349,349.0,0.7782770464633286,0.8685612714008845,0.00027502103796870356,0.2711644471805106,0.0,0.8684787939802268,10.0,35.0,31.722491016712627,0.8146971054529696
350,350.0,0.7795534213803142,0.870056232607533,0.00027640241533277054,0.27248962669921106,0.0,0.8700128700128701,10.0,35.1,30.61961448151021,0.7934206023291224
351,351.0,0.7808198001757357,0.8715440679981751,0.0002777944838268955,0.27382434944693385,0.0,0.8715382048715384,10.0,35.2,31.053734632231023,0.801975931924635
352,352.0,0.782076264650407,0.8730717067858689,0.0002791973597257455,0.2751641999706884,0.0,0.8730548730548733,10.0,35.3,30.922374933222574,0.7994125352198076
353,353.0,0.7833228962328008,0.874487400463156,0.00028061113988067985,0.27651383183790296,0.0,0.8745629482173394,10.0,35.4,30.639882352926946,0.7938254220720597
354,354.0,0.78455977596579,0.8761185206083413,0.00028203600579228174,0.277879279337263,0.0,0.8760625031811474,10.0,35.5,30.769136878418134,0.7963945380293262
355,355.0,0.7857869844941072,0.8776409617249759,0.00028347199534034,0.2792591945284572,0.0,0.8775536099479764,10.0,35.6,30.283444276148128,0.7866270865370409
356,356.0,0.7870046020525224,0.8791131298885719,0.0002849192942118818,0.28064780979473863,0.0,0.8790363397104972,10.0,35.7,31.504057545876673,0.8106014278081989
357,357.0,0.7882127084546943,0.8805970332647698,0.0002863779704058061,0.2820467785451027,0.0,0.8805107628637041,10.0,35.8,30.511233492886724,0.7912467302699865
358,358.0,0.789411383082686,0.8819929959792085,0.00028784820728230867,0.2834575390688764,0.0,0.8819769490160555,10.0,35.9,31.397579252685915,0.808584275090535
359,359.0,0.790600704877112,0.883439290052462,0.0002893300409545665,0.2848789624635155,0.0,0.8834349670004269,10.0,36.0,31.020097097418,0.8013215858128976
360,360.0,0.7917807523279113,0.884911127255709,0.0002908236250327986,0.2863148396179587,0.0,0.8848848848848851,10.0,36.1,30.57426503516274,0.7925128725125378
361,361.0,0.7929516034656993,0.8862448980768413,0.00029232905734678674,0.2877600559866369,0.0,0.8863267699832799,10.0,36.2,30.882322376205032,0.7986265980843272
362,362.0,0.7941133358537089,0.88777014181281,0.00029384656226644657,0.2892159421912073,0.0,0.8877606888656614,10.0,36.3,31.15968526484102,0.8040277413029199
363,363.0,0.7952660265802654,0.889316334693038,0.00029537606241076387,0.29068030895863545,0.0,0.8891867073685258,10.0,36.4,31.44224929144242,0.8094321795382974
364,364.0,0.7964097522518104,0.8905739614331545,0.00029691800204119384,0.2921602310334539,1.0,0.8906048906048908,10.0,36.5,29.8402016925001,0.7774358316123288
365,365.0,0.7626257698271993,0.840669042672905,0.00026308153003427843,0.25929759273667896,0.0,0.8406762927310873,11.0,33.27272727272727,31.272765727036635,0.8062022871938845
366,366.0,0.7639582931756859,0.8422259112672926,0.0002642274654023134,0.2604222541629258,0.0,0.8422192684487768,11.0,33.36363636363637,30.07494551188266,0.7823373193357224
367,367.0,0.7652810318654827,0.8437786559742739,0.00026538131596353574,0.261552793623539,0.0,0.8437538355794488,11.0,33.45454545454545,31.037683715152728,0.8016638726701388
368,368.0,0.7665940570756902,0.8453686276564043,0.00026654313329501375,0.2626922448479083,0.0,0.8452800626713671,11.0,33.54545454545455,31.375812097387293,0.8081702268998862
369,369.0,0.7678974398146047,0.8468878991902092,0.0002677130646136598,0.2638422400729531,0.0,0.8467980175297251,11.0,33.63636363636363,31.174052362213665,0.8043048965266778
370,370.0,0.769191250904135,0.8483550331216717,0.000268891189036278,0.2650005879975299,0.0,0.8483077672266862,11.0,33.72727272727273,30.999836908666666,0.8009267820517477
371,371.0,0.770475560964895,0.8497382281494008,0.00027007751773557687,0.2661700990361703,0.0,0.8498093781112651,11.0,33.81818181818182,30.526949688284965,0.7915629176992093
372,372.0,0.7717504404019937,0.8513061753845613,0.0002712722166575144,0.26734188632691297,0.0,0.8513029158190449,11.0,33.90909090909091,31.15193428874436,0.8038781113038219
373,373.0,0.7730159593914766,0.8527864585121325,0.000272475306772672,0.2685213400330818,0.0,0.852788445281743,11.0,34.0,30.770008561134564,0.796411790681244
374,374.0,0.7742721878674221,0.8541769338425187,0.0002736868585799387,0.2697071188100724,0.0,0.8542660307366191,11.0,34.09090909090909,30.378742813544523,0.7885682027024691
375,375.0,0.7755191955096364,0.8558956229483328,0.00027490694871352506,0.2709011646960814,0.0,0.855735735735736,11.0,34.18181818181818,30.888579922399895,0.7987495220396019
376,376.0,0.7767570517319753,0.857116396792537,0.0002761359044790145,0.27209818623910625,0.0,0.8571976231550702,11.0,34.27272727272727,31.16344044771826,0.8041002070857265
377,377.0,0.7779858256712417,0.8586262301799406,0.0002773735591590464,0.27329762918893996,0.0,0.8586517552034795,11.0,34.36363636363637,30.429259499482765,0.7895922358783174
378,378.0,0.7792055861766453,0.860094014971504,0.0002786200412108451,0.2745014519080335,0.0,0.860098193431527,11.0,34.45454545454545,31.54421553422035,0.8113586547924366
379,379.0,0.7804164017998153,0.861590587181465,0.0002798754499505989,0.27571713516471436,0.0,0.8615369987401651,11.0,34.54545454545455,31.292650459128502,0.8065830473180489
380,380.0,0.7816183407853458,0.8629906716571981,0.0002811399232184745,0.27693990361533966,0.0,0.8629682313892842,11.0,34.63636363636363,31.71881768567192,0.8146286959947192
381,381.0,0.7828114710618441,0.8644216087684712,0.000282413510427702,0.2781666274710185,0.0,0.8643919510061243,11.0,34.72727272727273,31.945672097390613,0.8188239529441391
382,382.0,0.783995860233497,0.8658300537941642,0.00028369632360278476,0.2793938661852311,0.0,0.8658082165935571,11.0,34.81818181818182,31.386035618779047,0.8083647671310106
383,383.0,0.7851715755720926,0.8670235627760978,0.0002849882442443409,0.2806286536455625,0.0,0.8672170865382355,11.0,34.90909090909091,31.264674201508022,0.8060472090601231
384,384.0,0.7863386840095217,0.868587624229101,0.00028628998452333336,0.28187577526215857,1.0,0.8686186186186187,11.0,35.0,30.18123015637749,0.7845314833800928
385,385.0,0.7524281641248474,0.8211441324493186,0.00025910361245312945,0.25524951188628797,0.0,0.8213408213408215,12.0,32.166666666666664,31.602442833144664,0.812453182133427
386,386.0,0.7537694900367249,0.8229404332539588,0.0002601018770291628,0.25620938217066547,0.0,0.8228539420249267,12.0,32.25,30.98364314141093,0.8006108480573825
387,387.0,0.7551016014182319,0.8244004204368407,0.00026110620740450946,0.2571771107973456,0.0,0.8243592429638943,12.0,32.333333333333336,31.704475811607463,0.814361451545799
388,388.0,0.7564245588293007,0.8258708417627667,0.0002621167650293082,0.2581535479195105,0.0,0.8258567846196715,12.0,32.416666666666664,30.82852630466581,0.7975677632959064
389,389.0,0.7577384227556087,0.8273811120106689,0.00026313362138991964,0.2591360084191042,0.0,0.8273466268324883,12.0,32.5,31.529935039433582,0.8110895999556722
390,390.0,0.7590432535943766,0.8287442586024136,0.00026415682787082293,0.2601217878345661,0.0,0.828828828828829,12.0,32.583333333333336,32.09564805270019,0.8215649199922358
391,391.0,0.7603391116407455,0.8303281893166212,0.00026518653508035025,0.26111360064235567,0.0,0.8303034492292806,12.0,32.666666666666664,30.88118595869374,0.7986042688232995
392,392.0,0.7616260570747465,0.8317585149978174,0.0002662227168651991,0.26211532163608686,0.0,0.8317705460562606,12.0,32.75,30.198001807402747,0.7848763101940424
393,393.0,0.7629041499488011,0.8332746777743859,0.000267265457291237,0.2631288203672248,0.0,0.8332301767416274,12.0,32.833333333333336,31.21621724932116,0.8051168249834381
394,394.0,0.7641734501757762,0.8346193237298831,0.0002683148334357914,0.26414857759521393,0.0,0.834682398134175,12.0,32.916666666666664,31.253991580260497,0.8058423482958038
395,395.0,0.7654340175175617,0.8360382962981685,0.00026937090325096426,0.26517720203009454,0.0,0.8361272665070135,12.0,33.0,30.23476976990747,0.7856309245231559
396,396.0,0.7666859115741494,0.8375672293488202,0.0002704338057647499,0.26621444955625156,0.0,0.8375648375648377,12.0,33.083333333333336,31.040227750087595,0.8017133548956971
397,397.0,0.7679291917732195,0.8389881275525111,0.00027150350736301725,0.2672575424918972,0.0,0.838995166451086,12.0,33.166666666666664,30.927206921612296,0.7995072140092765
398,398.0,0.7691639173601844,0.8404654917707696,0.00027258010673479746,0.26830988345052975,0.0,0.8404183077549913,12.0,33.25,32.21082473280113,0.82365256628432
399,399.0,0.770390147388726,0.841928883127352,0.0002736636604455204,0.2693708563493564,0.0,0.8418343155185263,12.0,33.333333333333336,30.840747249662783,0.7978086248525729
400,400.0,0.7716079407117613,0.8432941159625775,0.00027475433291758526,0.2704385180685271,0.0,0.8432432432432434,12.0,33.416666666666664,30.591377920209997,0.7928557259625875
401,401.0,0.7728173559728587,0.8445716532130142,0.00027585207635378114,0.27151165938256816,0.0,0.8446451438970144,12.0,33.5,31.068484669556838,0.8022624153933978
402,402.0,0.7740184515980673,0.8460590748760771,0.00027695705425721866,0.2725960882275932,0.0,0.846040069920667,12.0,33.583333333333336,31.329273013331854,0.8072830445461332
403,403.0,0.7752112857881602,0.8474166712057191,0.0002780692701709064,0.27368654193427616,0.0,0.847428073234525,12.0,33.666666666666664,30.549928944078214,0.7920246419659853
404,404.0,0.7763959165112864,0.8488196618226042,0.00027918882198633423,0.27478776061536553,0.0,0.848809205244849,12.0,33.75,30.6457488471412,0.7939424963994542
405,405.0,0.7775724014959835,0.8501795504622005,0.0002803157849065148,0.27589589038778217,0.0,0.8501835168501836,12.0,33.833333333333336,31.24496678620761,0.8056691705437147
406,406.0,0.7787407982245803,0.8515661213694318,0.00028145023110699133,0.27700614459721584,0.0,0.8515510584476103,12.0,33.916666666666664,31.246572398952264,0.805699988136436
407,407.0,0.7799011639269516,0.8529070612046724,0.00028259223963770315,0.2781235157426797,0.0,0.8529118799389072,12.0,34.0,31.739023043741643,0.81500478995755
408,408.0,0.7810535555746237,0.8541769338425187,0.0002837418369410052,0.2792462330005865,0.0,0.8542660307366191,12.0,34.083333333333336,30.83566421673564,0.7977084669827676
409,409.0,0.7821980298752016,0.8554999320764687,0.00028489916252701493,0.2803768395818017,0.0,0.8556135597700392,12.0,34.166666666666664,31.86812728025195,0.8173966223994847
410,410.0,0.7833346432671467,0.8570024964217926,0.0002860643681386275,0.28150966015826157,0.0,0.856954515491101,12.0,34.25,30.551100422180163,0.7920481619741878
411,411.0,0.7844634519148338,0.8582305274533076,0.0002872373720323649,0.282644512377302,0.0,0.8582889458801869,12.0,34.333333333333336,30.455574098888974,0.790124318340876
412,412.0,0.7855845117039418,0.8596055923717097,0.00028841834715778405,0.2837823010804451,0.0,0.8596168984518501,12.0,34.416666666666664,31.316523725386745,0.8070395426085659
413,413.0,0.7866978782371029,0.86090801608465,0.00028960732212989404,0.28492903757393834,0.0,0.8609384202604543,12.0,34.5,31.324648257133564,0.8071947380447158
414,414.0,0.7878036068298641,0.8621895384602171,0.00029080438645391214,0.28608483154529907,0.0,0.862253557905732,12.0,34.583333333333336,31.572565742984292,0.811892071985468
415,415.0,0.7889017525068914,0.8636228511184872,0.0002920096570343949,0.2872440260513279,0.0,0.8635623575382614,12.0,34.666666666666664,31.637121249863913,0.8131031352100937
416,416.0,0.7899923699984566,0.8649343874722718,0.00029322318326285027,0.28840576612319974,1.0,0.8648648648648649,12.0,34.75,30.352048314074924,0.7880256969641416
417,417.0,0.7580948221232944,0.8211441324493186,0.0002678867313617811,0.2635767133242574,0.0,0.8212241017996416,13.0,32.15384615384615,31.96597479016682,0.8191965110499287
418,418.0,0.7593387156738652,0.8226221973927542,0.0002688318999887778,0.26448246708661455,0.0,0.8226216647269281,13.0,32.23076923076923,30.20266507293206,0.7849721193530238
419,419.0,0.7605745876451068,0.8239036502916889,0.0002697824744769995,0.2653945403548831,0.0,0.8240125567094543,13.0,32.30769230769231,30.426861315891934,0.7895436987313917
420,420.0,0.7618024885248972,0.8253579571069781,0.00027073872619507605,0.2663154796421584,0.0,0.8253968253968257,13.0,32.38461538461539,30.41733291756673,0.7893507766342989
421,421.0,0.763022468666559,0.8267813189436052,0.000271700544746221,0.26724244987137147,0.0,0.8267745179859195,13.0,32.46153846153846,30.165288405325747,0.7842033639414038
422,422.0,0.7642345782813634,0.8283002740242887,0.0002726678951099365,0.2681725583858374,0.0,0.8281456812262502,13.0,32.53846153846154,31.75609786920889,0.8153222404045806
423,423.0,0.7654388674313908,0.829478358608683,0.00027364122941161333,0.2691060933636136,0.0,0.8295103614252551,13.0,32.61538461538461,30.924797448371766,0.7994600060855677
424,424.0,0.7666353860227171,0.8309169922202241,0.0002746202156907595,0.27004751886659495,0.0,0.8308686044535103,13.0,32.69230769230769,30.679219546947216,0.7946095958815168
425,425.0,0.7678241837989349,0.832308031067155,0.0002756050220418786,0.27099918199105705,0.0,0.8322204557498677,13.0,32.76923076923077,31.06829032586383,0.8022586425100218
426,426.0,0.7690053103349839,0.8335577648903196,0.0002765958023717243,0.27195990072371223,0.0,0.833565960326524,13.0,32.84615384615385,31.332366271950377,0.8073420936179971
427,427.0,0.7701788150312938,0.8350124794426056,0.0002775924344829637,0.27292685649313353,0.0,0.8349051627740154,13.0,32.92307692307692,30.356934860368852,0.78812507638239
428,428.0,0.771344747108224,0.8362698352343495,0.0002785952115473064,0.27390144878944234,0.0,0.8362381072661448,13.0,33.0,30.184335901848804,0.7845953667260064
429,429.0,0.7725031556007681,0.8375672293488202,0.0002796040136462515,0.2748837820883693,0.0,0.8375648375648377,13.0,33.07692307692308,31.300996264756424,0.806742711725021
430,430.0,0.7736540893535739,0.838870567323358,0.0002806189484556585,0.2758712769069262,0.0,0.8388853970249321,13.0,33.15384615384615,31.07754327315868,0.8024382218660564
431,431.0,0.7747975970161941,0.840217084243657,0.00028164008471590806,0.2768675413802262,0.0,0.8401998285989006,13.0,33.23076923076923,30.805552982173342,0.7971144667690326
432,432.0,0.7759337270386161,0.8414083758607142,0.0002826674259893725,0.2778709710583205,0.0,0.8415081748415084,13.0,33.30769230769231,29.826959156851448,0.7771570264742156
433,433.0,0.7770625276670285,0.8428061786248423,0.0002837012081245086,0.2788815537433631,0.0,0.8428104779144041,13.0,33.38461538461539,30.87164440495818,0.7984167237228328
434,434.0,0.7781840469398431,0.8441196209613885,0.00028474131671569184,0.27989614828734966,0.0,0.8441067795906507,13.0,33.46153846153846,30.80245916594227,0.7970533696868476
435,435.0,0.7792983326839402,0.8453910200118833,0.0002857878765358955,0.28091996661488117,0.0,0.8453971212591904,13.0,33.53846153846154,30.6570349230152,0.7941676002557961
436,436.0,0.7804054325111269,0.8465226225461255,0.00028684079346782927,0.2819518262920284,1.0,0.8466815439292504,13.0,33.61538461538461,29.892867392720344,0.7785421977861162
437,437.0,0.7485263723957207,0.8050765543597673,0.0002659204840657714,0.26152325816921795,0.0,0.8050796792215558,14.0,31.285714285714285,31.309634016500446,0.8069078717432983
438,438.0,0.7497740866086763,0.8064946789692866,0.00026676225953558853,0.26234735848249724,0.0,0.8064502859023409,14.0,31.357142857142858,30.42077862767132,0.7894205560993585
439,439.0,0.7510142628090266,0.8076840014816115,0.0002676083369336325,0.2631683694891015,0.0,0.8078146483613456,14.0,31.428571428571427,31.082070838449933,0.8025260529924362
440,440.0,0.7522469442221319,0.809210627382412,0.0002684589983834252,0.26399510296796475,0.0,0.8091728091728094,14.0,31.5,31.534400296965458,0.8111737548183494
441,441.0,0.7534721739877644,0.8104929185238444,0.00026931403955968484,0.26482417342090203,0.0,0.8105248105248107,14.0,31.571428571428573,31.179065203902272,0.8044015389907878
442,442.0,0.7546899951534743,0.8119895766724128,0.00027017351297947966,0.2656530079314783,0.0,0.8118706942236357,14.0,31.642857142857142,31.098500289785648,0.802844556357212
443,443.0,0.7559004506682406,0.813263633247776,0.0002710376744328287,0.266486857069211,0.0,0.8132105016980865,14.0,31.714285714285715,30.76998719497498,0.7964113678063602
444,444.0,0.7571035833764018,0.8145188114351053,0.00027190638392863957,0.26732381541988204,0.0,0.8145442740037337,14.0,31.785714285714285,30.669226551521714,0.7944105794596246
445,445.0,0.7582994360118703,0.8159028202536494,0.00027277972433156257,0.26815697641622716,0.0,0.8158720518271082,14.0,31.857142857142858,30.385133303577177,0.788697933645436
446,446.0,0.7594880511926226,0.8172086288562171,0.00027365776196258755,0.26899376748828313,0.0,0.8171938754898397,14.0,31.928571428571427,30.899646250845425,0.798966788386415
447,447.0,0.7606694714154337,0.818856953583928,0.0002745398406580166,0.26983927706848126,0.0,0.8185097849527382,14.0,32.0,30.797807548469347,0.7969614858423699
448,448.0,0.7618437390508694,0.8198333322841459,0.0002754280918059283,0.2706898029139218,0.0,0.8198198198198201,14.0,32.07142857142857,31.061607442122977,0.8021288758937059
449,449.0,0.7630108963385335,0.8211441324493186,0.0002763204818976875,0.2715401084820774,0.0,0.8211240193422823,14.0,32.142857142857146,30.67799562793206,0.7945852277769405
450,450.0,0.7641709853825355,0.8223593912308194,0.00027721773412127545,0.27239675863109647,0.0,0.8224224224224226,14.0,32.214285714285715,30.52935244460384,0.7916112290388883
451,451.0,0.7653240481471936,0.8236965581259718,0.00027811995925304956,0.273258823866442,0.0,0.8237150676175068,14.0,32.285714285714285,30.435705782248704,0.789722665113314
452,452.0,0.7664701264529562,0.8250450989228801,0.00027902713342757785,0.2741293042722908,0.0,0.8250019931435864,14.0,32.357142857142854,31.643741223128423,0.8132270467654801
453,453.0,0.7676092619725442,0.8264387905519137,0.0002799392108123915,0.2750057707889048,0.0,0.8262832368792635,14.0,32.42857142857143,31.815881457434344,0.8164310353629217
454,454.0,0.7687414962272846,0.8275650476845867,0.00028085664740702877,0.2758862409131409,0.0,0.8275588363694093,14.0,32.5,30.376349092671234,0.7885195946198116
455,455.0,0.769866870583652,0.8287442586024136,0.00028177902374054627,0.2767691208654772,0.0,0.828828828828829,14.0,32.57142857142857,30.554098452818707,0.7921083458415346
456,456.0,0.7709854262500111,0.8300800693653898,0.0002827066659116526,0.27765623691120994,0.0,0.830093251145883,14.0,32.642857142857146,31.180389893963465,0.8044270724703654
457,457.0,0.7720972042735189,0.8313804473148768,0.0002836394920872466,0.2785518454207743,0.0,0.8313521398860568,14.0,32.714285714285715,30.75417468272061,0.7960982485052662
458,458.0,0.7732022455372347,0.8326399490284829,0.000284577601793879,0.2794577343296261,0.0,0.8326055312954879,14.0,32.785714285714285,30.04385662126906,0.7816925786881808
459,459.0,0.7743005907573828,0.8338444839269346,0.00028552105476080386,0.28036998083428055,0.0,0.8338534613044418,14.0,32.857142857142854,30.141076837605475,0.7837043679905985
460,460.0,0.7753922804807876,0.8350124794426056,0.00028646984318235827,0.2812890119569314,0.0,0.8350959655307483,14.0,32.92857142857143,30.50204022793568,0.7910616238515203
461,461.0,0.7764773550824678,0.8363248718572837,0.0002874241581455848,0.28221484510941314,0.0,0.836333079283188,14.0,33.0,30.89256112352812,0.7988277032909926
462,462.0,0.7775558547633796,0.8375672293488202,0.00028838392155847674,0.2831473314079022,0.0,0.8375648375648377,14.0,33.07142857142857,31.288284184232463,0.8064994817567701
463,463.0,0.7786278195483319,0.8387958380452393,0.00028934922992707564,0.28408436467995163,0.0,0.8387912750763725,14.0,33.142857142857146,31.476762324172917,0.8100856407564181
464,464.0,0.7796932892840017,0.8400012294890069,0.00029032013708575193,0.28502974123228975,0.0,0.8400124262193229,14.0,33.214285714285715,30.996921423110432,0.800869926447561
465,465.0,0.7807523036371209,0.8412258026022054,0.0002912966994398243,0.2859813130492053,0.0,0.8412283250992929,14.0,33.285714285714285,30.748891394016027,0.7959935570684785
466,466.0,0.781804902092786,0.842414692353138,0.0002922789656276111,0.2869404794598695,0.0,0.8424390055291344,14.0,33.357142857142854,31.313924350201862,0.8069898721374414
467,467.0,0.7828511239528936,0.8436330494195171,0.00029326700247146476,0.287902933143683,0.0,0.8436445010320814,14.0,33.42857142857143,30.60388966132011,0.7931061537053054
468,468.0,0.7838910083346909,0.8448491002111035,0.0002942608563606776,0.28887154114853025,0.0,0.844844844844845,14.0,33.5,30.71864311425962,0.7953934765243348
469,469.0,0.7849245941694494,0.8460590748760771,0.00029526058256534876,0.2898498260713931,0.0,0.846040069920667,14.0,33.57142857142857,31.066475132186746,0.8022234010419859
470,470.0,0.7859519202012589,0.8473059723898322,0.0002962662060930173,0.2908326207476906,0.0,0.8472302089323368,14.0,33.642857142857146,31.386646452951023,0.8083763864935463
471,471.0,0.7869730249859064,0.8483550331216717,0.00029727786968100373,0.2918236174104983,0.0,0.8484152942751672,14.0,33.714285714285715,31.682900406745524,0.8139589627448365
472,472.0,0.7879879468898814,0.849511893254889,0.00029829554180177984,0.2928232728986949,1.0,0.8495953580699345,14.0,33.785714285714285,30.001001412771892,0.7808016303207058
473,473.0,0.7583801418598725,0.811159602688058,0.0002777719937429115,0.27280734831354847,0.0,0.8111536483629509,15.0,31.6,31.32169645854399,0.8071383618708862
474,474.0,0.7595183505094887,0.8124322985529396,0.00027859188176935086,0.2735954575798131,0.0,0.8124073440529138,15.0,31.666666666666668,31.12625569879172,0.8033818623209686
475,475.0,0.7606500849141834,0.8135982873375063,0.0002794158627045373,0.2743894033003177,0.0,0.8136557610241821,15.0,31.733333333333334,30.758806088839762,0.796189992927555
476,476.0,0.7617753806701836,0.8148751871054992,0.0002802440239218682,0.27518223516608836,0.0,0.8148989325459917,15.0,31.8,30.59571260956421,0.7929425097746952
477,477.0,0.7628942732514118,0.8161518083120709,0.00028107635835576136,0.2759719749475715,0.0,0.8161368916085898,15.0,31.866666666666667,31.758446491795816,0.815365878642674
478,478.0,0.76400679800693,0.8174363318969781,0.00028191289355956515,0.276766943884357,0.0,0.8173696709261565,15.0,31.933333333333334,31.883455402014,0.8176793103989323
479,479.0,0.7651129901585209,0.818856953583928,0.00028275332613786645,0.27757013133765124,0.0,0.8185973029396831,15.0,32.0,30.92886973452967,0.7995397886021378
480,480.0,0.7662128847984098,0.8198333322841459,0.000283598900571288,0.27837726196246565,0.0,0.8198198198198201,15.0,32.06666666666667,30.824910827715826,0.7974964695621901
481,481.0,0.767306516887127,0.820964294648205,0.0002844483703799768,0.2791836540671007,0.0,0.821037253469686,15.0,32.13333333333333,30.280193732194416,0.786560661396539
482,482.0,0.7683939212515167,0.8223593912308194,0.00028530222836235596,0.27999571816108393,0.0,0.8222496355276441,15.0,32.2,30.004985644493907,0.7808845687431355
483,483.0,0.7694751325828384,0.8234473645153242,0.00028616065000302437,0.28081284542403967,0.0,0.823456997370041,15.0,32.266666666666666,31.273897503744365,0.8062239718634179
484,484.0,0.7705501854350424,0.824634053157786,0.00028702347599369804,0.28163722319279594,0.0,0.8246593701139157,15.0,32.333333333333336,30.473591257314986,0.7904880961683256
485,485.0,0.7716191142231069,0.8258708417627667,0.0002878908379330301,0.28246829366329207,0.0,0.8258567846196715,15.0,32.4,30.796769602892546,0.7969409794164303
486,486.0,0.7726819532215353,0.8271389744793105,0.0002887627180877273,0.28330343654163054,0.0,0.8270492714937161,15.0,32.46666666666667,31.018127391463494,0.8012832254218445
487,487.0,0.7737387365629381,0.8283002740242887,0.00028963929546736825,0.28414041146516783,0.0,0.8282368610910708,15.0,32.53333333333333,30.79589301549382,0.7969236598261807
488,488.0,0.7747894982367253,0.8294585208493406,0.0002905205258152951,0.2849799396364468,0.0,0.8294195835179443,15.0,32.6,30.670058036324875,0.7944271439184196
489,489.0,0.7758342720879049,0.8306408087351328,0.00029140644488372916,0.2858260855610836,0.0,0.8305974686342786,15.0,32.666666666666664,31.579820509717663,0.8120284185738148
490,490.0,0.776873091815971,0.8317585149978174,0.000292297131867934,0.2866800866230211,0.0,0.8317705460562606,15.0,32.733333333333334,31.13726960318859,0.8035948106569242
491,491.0,0.7779059909738862,0.8330349759410636,0.00029319254343870626,0.2875437105179001,0.0,0.8329388451588046,15.0,32.8,30.29958102443858,0.7869566313571861
492,492.0,0.7789330029671565,0.8341248857612237,0.00029409292398596524,0.28841163043574164,0.0,0.8341023950780051,15.0,32.86666666666667,30.453634119742073,0.7900851232657106
493,493.0,0.7799541610529855,0.8352368719303839,0.00029499813553795703,0.2892869488768383,0.0,0.8352612247135576,15.0,32.93333333333333,30.900284154078648,0.7989793076614035
494,494.0,0.7809694983395183,0.8364014751031211,0.00029590828947741285,0.2901684522025158,0.0,0.8364153627311525,15.0,33.0,30.738705817693305,0.7957916223829383
495,495.0,0.7819790477851625,0.8375672293488202,0.0002968234281052705,0.2910556005711033,0.0,0.8375648375648377,15.0,33.06666666666667,30.87507746320662,0.7984842159421752
496,496.0,0.7829828421979675,0.8387958380452393,0.00029774354594497537,0.29194673423495626,0.0,0.8387096774193551,15.0,33.13333333333333,30.959553145179182,0.8001402502248112
497,497.0,0.7839809142350992,0.8400012294890069,0.0002986686864835339,0.2928459132759792,0.0,0.8398499102724456,15.0,33.2,31.64823541731663,0.8133111388010293
498,498.0,0.7849732964023747,0.8410518674439279,0.00029959920248062954,0.2937502387747571,0.0,0.8409855638771303,15.0,33.266666666666666,30.514134683108484,0.7913051225908376
499,499.0,0.7859600210538434,0.8421203587141628,0.0003005347954884444,0.2946622440030015,0.0,0.8421166657639605,15.0,33.333333333333336,31.312408539225007,0.8069609032756908
500,500.0,0.7869411203914669,0.8432941159625775,0.00030147556515728316,0.29557783808537186,0.0,0.8432432432432434,15.0,33.4,30.660252254830034,0.7942317404598815
501,501.0,0.7879166264648224,0.8443489464361772,0.0003024216477848125,0.29649669835107023,0.0,0.8443653234072398,15.0,33.46666666666667,31.390545247548854,0.8084505391881021
502,502.0,0.7888865711708859,0.8454681047937369,0.0003033730402405798,0.29742500779131287,1.0,0.8454829331323358,15.0,33.53333333333333,30.209653267143416,0.7851156399773681
503,503.0,0.7605381392295941,0.8094195040715602,0.00028437492124197474,0.27898055454449067,0.0,0.8093421453262409,16.0,31.5,31.07844374888424,0.8024556924098349
504,504.0,0.7616185019678812,0.8104929185238444,0.0002851512891743432,0.2797295156535072,0.0,0.8105248105248107,16.0,31.5625,31.239278356173116,0.8055599632319368
505,505.0,0.7626930807670058,0.8116940888597224,0.0002859312786570877,0.28047759092714136,0.0,0.8117027919008118,16.0,31.625,31.111661822694373,0.8030994647735303
506,506.0,0.7637619053574513,0.8127649696555151,0.0002867148631389533,0.28122915216135325,0.0,0.8128761172239435,16.0,31.6875,30.737721095020554,0.7957720926165022
507,507.0,0.7648250053555237,0.8139450765414359,0.00028750226658000197,0.28198559796049155,0.0,0.8140448140448143,16.0,31.75,30.615718830145344,0.7933427312379155
508,508.0,0.7658824102622578,0.8151759667523895,0.00028829347124271153,0.28273828755432456,0.0,0.8152089096970989,16.0,31.8125,31.18079786951642,0.8044349357863948
509,509.0,0.7669341494624087,0.8163777232442129,0.00028908841627078516,0.28348892659617175,0.0,0.8163684312996692,16.0,31.875,31.126748350918064,0.8033913907232054
510,510.0,0.7679802522235216,0.8175364536818208,0.0002898871846260608,0.28424553792700424,0.0,0.8175234057587001,16.0,31.9375,31.242098358548347,0.8056141070206249
511,511.0,0.7690207476951043,0.818856953583928,0.00029068958899467547,0.2850101774300576,0.0,0.8186738597697504,16.0,32.0,30.429232556111128,0.7895916906104388
512,512.0,0.7700556649078477,0.8198333322841459,0.0002914963642349574,0.2857777581308757,0.0,0.8198198198198201,16.0,32.0625,30.817374471965238,0.7973478060863758
513,513.0,0.771085032772944,0.820964294648205,0.0002923068517151027,0.2865441733833836,0.0,0.8209613121893826,16.0,32.125,30.560091198368237,0.7922286116221692
514,514.0,0.7721088800814669,0.8221030171314828,0.00029312131960568727,0.2873157789071268,0.0,0.8220983629543943,16.0,32.1875,30.576558393356926,0.7925588417839771
515,515.0,0.7731272355038163,0.8232775421255929,0.00029393979238079797,0.2880920370359749,0.0,0.8232309979882796,16.0,32.25,31.63818245262606,0.813123002116358
516,516.0,0.7741401275892392,0.8244004204368407,0.00029476234266689297,0.2888749803545781,0.0,0.8243592429638943,16.0,32.3125,30.666763741964942,0.7943615112270214
517,517.0,0.7751475847654016,0.8254833412295702,0.00029558899973266645,0.28966397091250573,0.0,0.8254831233554639,16.0,32.375,31.19550964979613,0.8047183530346744
518,518.0,0.7761496353380261,0.8266690924545972,0.0002964197494589578,0.29045755895600667,0.0,0.8266026644405025,16.0,32.4375,30.65656607149068,0.7941582521841263
519,519.0,0.7771463074905844,0.8276792574838825,0.00029725472933970023,0.291253041535804,0.0,0.8277178913017065,16.0,32.5,31.043139461738647,0.8017699785880038
520,520.0,0.7781376292840468,0.8287442586024136,0.0002980938624992836,0.2920508313687395,0.0,0.828828828828829,16.0,32.5625,30.24124562058581,0.7857636428325403
521,521.0,0.7791236286566743,0.8299005732896123,0.00029893733806335193,0.2928514543263271,1.0,0.8299355017205308,16.0,32.625,29.906274475471616,0.7788232226561707
522,522.0,0.7507610392475632,0.7951675269657539,0.00028295277814507675,0.27724963983302836,0.0,0.7951399675537609,17.0,30.764705882352942,31.5258447260551,0.8110124905899695
523,523.0,0.7518482923553474,0.7963544078695792,0.0002836562772851654,0.2779435143808993,0.0,0.7963068230754656,17.0,30.823529411764707,30.58209804525698,0.7926698530241342
524,524.0,0.7529300755830429,0.7974781090491476,0.0002843627215494244,0.2786454955520148,0.0,0.7974692249501412,17.0,30.88235294117647,30.66989702920132,0.7944239364784877
525,525.0,0.7540064148822159,0.7986551874270811,0.0002850720959942324,0.27934853143905836,0.0,0.798627198627199,17.0,30.941176470588236,31.958686806846675,0.8190628296921807
526,526.0,0.7550773361086326,0.7997425855539826,0.0002857844498008325,0.2800535451038601,0.0,0.7997807693625187,17.0,31.0,31.691072026361795,0.814111468641412
527,527.0,0.7561428650212901,0.8009433266829545,0.0002864998260065234,0.2807592820005866,0.0,0.8009299622202851,17.0,31.058823529411764,31.8063659176532,0.8162548313582666
528,528.0,0.7572030272815421,0.8019999705736094,0.0002872181948951286,0.2814653003000004,0.0,0.8020748020748023,17.0,31.11764705882353,31.076575430917874,0.8024194431846232
529,529.0,0.7582578484522847,0.8032553012244932,0.0002879396982372179,0.28217505434070494,0.0,0.8032153136122893,17.0,31.176470588235293,30.474518694445678,0.7905068100699497
530,530.0,0.7593073539972502,0.8040372706963419,0.00028866359204415777,0.2828860785130487,0.0,0.8043515213326536,17.0,31.235294117647058,30.89303652912769,0.7988370377711396
531,531.0,0.7603515692803366,0.8053765671073653,0.0002893919098004542,0.2835982050956286,0.0,0.8054834495512463,17.0,31.294117647058822,30.38779482319763,0.7887519480629255
532,532.0,0.7613905195650321,0.8066833646837162,0.00029012282029701843,0.28430910923596275,0.0,0.8066111224005963,17.0,31.352941176470587,31.655820500953094,0.8134530111158768
533,533.0,0.7624242300138887,0.8076840014816115,0.0002908568983686862,0.2850158884364778,0.0,0.807734563832125,17.0,31.41176470588235,31.068275218277453,0.8022583492175311
534,534.0,0.7634527256880791,0.8088356997882913,0.0002915941972261028,0.28572811396238323,0.0,0.8088537976178427,17.0,31.470588235294116,30.289114908445697,0.7867429322568851
535,535.0,0.7644760315469907,0.8099111490590164,0.00029233471365412657,0.2864424302905565,0.0,0.8099688473520252,17.0,31.529411764705884,31.075144705871946,0.8023916812183748
536,536.0,0.7654941724478942,0.8110530832137781,0.00029307855775920764,0.2871553665138681,0.0,0.8110797364528709,17.0,31.58823529411765,30.958914329979024,0.8001277610083892
537,537.0,0.766507173145664,0.8121675017287828,0.0002938257044987576,0.2878694737243592,0.0,0.8121864881641419,17.0,31.647058823529413,32.26957533317348,0.8247117165276623
538,538.0,0.7675150582925533,0.813263633247776,0.0002945761978169189,0.28858800306735805,0.0,0.8132891255567837,17.0,31.705882352941178,31.15258188326318,0.8038906157498432
539,539.0,0.7685178524380053,0.814261323165888,0.00029532996335698434,0.28930850338689135,0.0,0.8143876715305287,17.0,31.764705882352942,31.676969808131098,0.8138482314635745
540,540.0,0.7695155800285447,0.815457708795435,0.00029608737295737673,0.2900247850000092,0.0,0.8154821488154824,17.0,31.823529411764707,30.54311524327539,0.7918878061204275
541,541.0,0.7705082654076726,0.8165408694413815,0.0002968481148184962,0.29074031895184205,0.0,0.8165725799736891,17.0,31.88235294117647,31.132005001550112,0.803493041013658
542,542.0,0.7714959328158418,0.8177725507978955,0.0002976122523133168,0.2914620095082266,0.0,0.817658987400685,17.0,31.941176470588236,30.85870730711068,0.7981622518848164
543,543.0,0.7724786063904571,0.818856953583928,0.00029837999156045927,0.2921912011252465,0.0,0.8187413933270288,17.0,32.0,30.576979235286053,0.7925672766109791
544,544.0,0.7734563101659124,0.8198333322841459,0.00029915138460019105,0.29292259940116455,0.0,0.8198198198198201,17.0,32.05882352941177,30.93965322732715,0.7997509528148404
545,545.0,0.7744290680736737,0.8208686886991831,0.00029992625714217127,0.2936524852652242,0.0,0.8208942887841972,17.0,32.11764705882353,31.1640727753227,0.8041124077335151
546,546.0,0.7753969039423904,0.8219587353205859,0.00030070475553842203,0.2943871671572853,0.0,0.8219648219648222,17.0,32.1764705882353,30.38650295294873,0.7887257312831712
547,547.0,0.7763598414980502,0.823034234483218,0.00030148690116988216,0.29512610841789766,0.0,0.8230314409473459,17.0,32.23529411764706,32.087286789168694,0.821412783596567
548,548.0,0.777317904364148,0.8241264224486129,0.0003022727248047127,0.29587084468231817,0.0,0.8240941671598607,17.0,32.294117647058826,30.769189667547725,0.7963955828782139
549,549.0,0.7782711160619061,0.8252207261414826,0.000303062249647641,0.2966215661592506,0.0,0.8251530218743335,17.0,32.35294117647059,31.288116201702618,0.8064962662952976
550,550.0,0.7792195000105132,0.826018669755731,0.00030385531009614257,0.29737664429819777,0.0,0.8262080262080262,17.0,32.411764705882355,30.043693042079287,0.781689182752844
551,551.0,0.7801630795273706,0.8272436499649182,0.000304652693476478,0.29813545840131583,0.0,0.8272592011248999,17.0,32.470588235294116,30.616448961724643,0.793357327518741
552,552.0,0.7811018778284033,0.8283002740242887,0.0003054536225986604,0.29889486506432483,0.0,0.8283065674370024,17.0,32.529411764705884,30.335999761810758,0.787699086646514
553,553.0,0.7820359180283701,0.8293659979219801,0.0003062584111559785,0.29965617949212386,0.0,0.8293501458058421,17.0,32.588235294117645,31.12838344706129,0.8034230130140079
554,554.0,0.7829652231411786,0.8303948182214084,0.00030706710205424137,0.3004231136568567,1.0,0.8303899567437476,17.0,32.64705882352941,29.97884985320586,0.7803401066866535
555,555.0,0.7560546826506557,0.7975314032001424,0.00029171132671950665,0.285509434145177,0.0,0.7976625273922573,18.0,30.88888888888889,30.677650374664736,0.7945783534674841
556,556.0,0.7570745620505855,0.7987879584029324,0.0002923912366021416,0.28618281131322315,0.0,0.7987555901224966,18.0,30.944444444444443,31.505472980292048,0.8106281503405292
557,557.0,0.7580895956867502,0.7998588756068021,0.0002930737310298756,0.2868578354509911,0.0,0.7998447280314429,18.0,31.0,31.355134378466854,0.8077763691985772
558,558.0,0.7590998051038443,0.8009433266829545,0.00029375894282333934,0.28753317958737523,0.0,0.8009299622202851,18.0,31.055555555555557,31.762709840258484,0.8154450766746426
559,559.0,0.7601052117556943,0.8019999705736094,0.00029444690511556146,0.28820860453827657,0.0,0.8020113136392207,18.0,31.11111111111111,31.370144090783974,0.8080623175155458
560,560.0,0.7611058370052527,0.8031312035858278,0.0002951376316944513,0.288887422465296,0.0,0.8030888030888034,18.0,31.166666666666668,31.770957762019943,0.8155982337393488
561,561.0,0.7621017021246121,0.8040372706963419,0.0002958310697652097,0.28956770253561226,0.0,0.8041624512212749,18.0,31.22222222222222,30.94944693626014,0.7999426074002958
562,562.0,0.7630928282950914,0.8052521622008746,0.0002965275615242159,0.2902488102471827,0.0,0.8052322785418872,18.0,31.27777777777778,30.865065492490146,0.7982873436181042
563,563.0,0.7640792366073288,0.8061249947537136,0.00029722656834620353,0.2909291985291177,0.0,0.8062983054102061,18.0,31.333333333333332,30.274518823342426,0.7864446599652273
564,564.0,0.7650609480614322,0.8074001773446127,0.0002979289096089009,0.29160481676019795,0.0,0.8073605520414032,18.0,31.38888888888889,31.448971410578046,0.8095595669486396
565,565.0,0.7660379835671551,0.808497046231744,0.00029863391175074416,0.29228354830098746,0.0,0.8084190385075343,18.0,31.444444444444443,30.23157792834611,0.7855654889064163
566,566.0,0.7670103639441104,0.8094754034047815,0.0002993419398490511,0.2929656382277424,0.0,0.8094737847388026,18.0,31.5,29.72775384163134,0.7750604813130703
567,567.0,0.7679781099220037,0.8104929185238444,0.00030005288424355385,0.29364791279451297,0.0,0.8105248105248107,18.0,31.555555555555557,30.611065213181863,0.7932496830142297
568,568.0,0.7689412421409157,0.8115130395293844,0.0003007668171862351,0.2943289397901473,0.0,0.8115721355157977,18.0,31.61111111111111,31.074095791635752,0.8023713263322935
569,569.0,0.7698997811515951,0.812644256806314,0.00030148381997456303,0.295012268534017,0.0,0.8126157792238639,18.0,31.666666666666668,31.08394113336916,0.8025623277423106
570,570.0,0.7708537474157738,0.8135982873375063,0.0003022038394209404,0.29570062803513325,0.0,0.8136557610241821,18.0,31.72222222222222,31.066690943538216,0.8022275911735895
571,571.0,0.771803161306537,0.8146760196143616,0.00030292699033436255,0.2963870458995808,0.0,0.8146921001561984,18.0,31.77777777777778,31.065483002503903,0.8022041373862224
572,572.0,0.7727480431086802,0.8157704241384892,0.00030365321841914017,0.2970695692333161,0.0,0.8157248157248158,18.0,31.833333333333332,31.587749879740596,0.8121773720671658
573,573.0,0.773688413019103,0.8166895241197453,0.00030438259023406726,0.2977535822379283,0.0,0.8167539267015709,18.0,31.88888888888889,31.70600602878522,0.8143899769176224
574,574.0,0.7746242911472297,0.8177725507978955,0.0003051151881254221,0.2984433036293653,0.0,0.8177794519257936,18.0,31.944444444444443,31.51180171374154,0.8107476035772345
575,575.0,0.7755556975154438,0.818856953583928,0.0003058509330518045,0.2991399309505098,0.0,0.8188014101057581,18.0,32.0,31.8196506092195,0.8165008014903226
576,576.0,0.7764826520595258,0.8198333322841459,0.0003065899627522368,0.2998381480021325,0.0,0.8198198198198201,18.0,32.05555555555556,31.02516692185228,0.8014202991869992
577,577.0,0.7774051746291377,0.8208686886991831,0.00030733222642749644,0.3005345142867694,0.0,0.820834699517542,18.0,32.111111111111114,30.690012795434438,0.7948244042294667
578,578.0,0.7783232849882906,0.8218134255425815,0.0003080777955615344,0.30123547424756836,0.0,0.8218460675208081,18.0,32.166666666666664,31.32387942148382,0.8071800551352034
579,579.0,0.7792370028158433,0.8229404332539588,0.0003088266370942501,0.30194050674268685,0.0,0.8228539420249267,18.0,32.22222222222222,30.89439404692498,0.7988636907410306
580,580.0,0.7801463477060245,0.8238643100807118,0.0003095789541995014,0.3026498195089778,0.0,0.8238583410997206,18.0,32.27777777777778,30.678816351048066,0.7946015685064448
581,581.0,0.7810513391689362,0.8249348828215745,0.00031033454931431555,0.30336555508352275,0.0,0.8248592826906082,18.0,32.333333333333336,31.848090884701744,0.8170266920132033
582,582.0,0.7819519966310888,0.8258708417627667,0.00031109366110148706,0.304086165899551,0.0,0.8258567846196715,18.0,32.388888888888886,30.809591301402673,0.797194197557101
583,583.0,0.7828483394359523,0.8267813189436052,0.0003118561380705353,0.3048099031006354,0.0,0.8268508645867139,18.0,32.44444444444444,31.02470836602386,0.801411372080015
584,584.0,0.7837403868444943,0.8278448762678811,0.0003126221812493277,0.30553432469400027,0.0,0.8278415401703075,18.0,32.5,30.45173485089069,0.7900467458579465
585,585.0,0.78462815803574,0.8287442586024136,0.0003133916365183944,0.3062609346576876,0.0,0.828828828828829,18.0,32.55555555555556,31.43765671035393,0.8093451165809153
586,586.0,0.7855116721073422,0.8298851739713725,0.0003141647192842265,0.306989097456753,0.0,0.8298127479014853,18.0,32.611111111111114,30.759504218633225,0.7962038199199234
587,587.0,0.7863909480761428,0.8309169922202241,0.0003149412773792679,0.3077249307860666,0.0,0.8307933146093285,18.0,32.666666666666664,31.885551019872583,0.8177179375909127
588,588.0,0.7872660048787641,0.8317585149978174,0.0003157216726747287,0.30846689433472446,0.0,0.8317705460562606,18.0,32.72222222222222,31.471893774540685,0.8099935476703773
589,589.0,0.7881368613721582,0.8327662869291689,0.00031650557739686206,0.30921699874902103,0.0,0.8327444592300283,18.0,32.77777777777778,31.02774400108809,0.8014704645317926
590,590.0,0.7890035363342268,0.8337413390745714,0.0003172931628639406,0.30997094920805646,0.0,0.8337150710032067,18.0,32.833333333333336,30.781180224458218,0.7966328176717734
591,591.0,0.7898660484643852,0.8346193237298831,0.0003180844334880853,0.3107290699344132,0.0,0.834682398134175,18.0,32.888888888888886,31.190805233416647,0.8046277531932479
592,592.0,0.7907244163841535,0.8356152278287656,0.00031887950773226443,0.311492557019036,0.0,0.8356464572680792,18.0,32.94444444444444,30.76157258340491,0.7962447817756562
593,593.0,0.7915786586377507,0.8365655168730955,0.0003196783281071763,0.3122622692195575,0.0,0.8366072649377879,18.0,33.0,30.65897785956938,0.794206335933168
594,594.0,0.7924287936926834,0.8375672293488202,0.00032048098590543297,0.31303504144822264,0.0,0.8375648375648377,18.0,33.05555555555556,31.24720112406059,0.805712054812486
595,595.0,0.7932748399403385,0.8385548476324137,0.00032128746466647377,0.31381111475581824,0.0,0.8385191914603681,18.0,33.111111111111114,31.385077146201212,0.8083465340364423
596,596.0,0.7941168156965721,0.8394762581592536,0.00032209784974663854,0.3145935285831821,0.0,0.8394703428260477,18.0,33.166666666666664,31.132534920010706,0.8035032863879705
597,597.0,0.7949547392023009,0.8404654917707696,0.0003229121205838677,0.31537941295708205,0.0,0.8404183077549913,18.0,33.22222222222222,31.34394013079202,0.807562930574682
598,598.0,0.7957886286240868,0.8414083758607142,0.0003237303662719258,0.3161715135204531,0.0,0.8413631022326675,18.0,33.27777777777778,31.039139824904307,0.8016921954245131
599,599.0,0.7966185020547344,0.8423242092486499,0.0003245526140640036,0.3169689581664169,0.0,0.8423047421377974,18.0,33.333333333333336,30.96668284256275,0.8002796050732203
600,600.0,0.7974443775138573,0.8432941159625775,0.0003253788482681707,0.3177683888047343,0.0,0.8432432432432434,18.0,33.388888888888886,30.951320741707978,0.7999792623624162
601,601.0,0.7982662729484737,0.8441956832068908,0.0003262091844541097,0.3185697608559521,0.0,0.844178621216891,18.0,33.44444444444444,30.957409604303333,0.8000983406911183
602,602.0,0.7990842062335809,0.8451122496010934,0.00032704359629528974,0.3193782236914412,0.0,0.8451108916225196,18.0,33.5,32.219796710445266,0.8238145621377985
603,603.0,0.7998981951727262,0.8460590748760771,0.0003278821327815055,0.32019454017651444,0.0,0.846040069920667,18.0,33.55555555555556,31.02804871516744,0.8014763955357427
604,604.0,0.8007082574985822,0.8469660901074614,0.00032872484354726434,0.32101259889964034,0.0,0.8469661714694829,18.0,33.611111111111114,31.218664768226212,0.8051638871387217
605,605.0,0.8015144108735051,0.8478738161538124,0.0003295717523457814,0.32183491417559357,1.0,0.8478892115255754,18.0,33.666666666666664,30.735308766426257,0.7957242441994373
606,606.0,0.7774224809496217,0.8179023801733971,0.0003124183472022027,0.30521234501070266,0.0,0.8178871941248181,19.0,31.94736842105263,31.227827551974706,0.8053400083632798
607,607.0,0.7783081185076094,0.818856953583928,0.00031312473591277713,0.30587899952332714,0.0,0.8188550989209971,19.0,32.0,31.15456058148083,0.8039288193457202
608,608.0,0.7791897480533431,0.8198333322841459,0.0003138340782790934,0.30654670940387263,0.0,0.8198198198198201,19.0,32.05263157894737,29.975233298286952,0.7802646916612482
609,609.0,0.7800673860936482,0.8208686886991831,0.0003145463396509092,0.307212316783776,0.0,0.8207813725055106,19.0,32.10526315789474,31.307162696164163,0.806860627630489
610,610.0,0.7809410490650966,0.8217687151553921,0.00031526174144176975,0.3078821437594419,0.0,0.8217397725594449,19.0,32.1578947368421,30.55345077322334,0.7920953450189979
611,611.0,0.7818107533346578,0.8226468655516914,0.0003159801081478792,0.3085560769622647,0.0,0.8226950354609931,19.0,32.21052631578947,30.974503930176972,0.8004323998334751
612,612.0,0.7826765152003526,0.8236965581259718,0.0003167015547491472,0.3092330838833249,0.0,0.8236471765883533,19.0,32.26315789473684,30.667689295999473,0.7943799525949403
613,613.0,0.7835383508919139,0.8245679301628877,0.00031742611310162376,0.30991654687750975,0.0,0.824596211219376,19.0,32.31578947368421,30.581816589016263,0.7926642137827692
614,614.0,0.7843962765714323,0.8255001663723749,0.0003181537712444952,0.31060502166903187,0.0,0.8255421545323827,19.0,32.36842105263158,31.24752371309598,0.8057182458470549
615,615.0,0.785250308334025,0.8265011314805061,0.0003188846044503743,0.31129674380813577,0.0,0.826485021606973,19.0,32.421052631578945,30.98375626377439,0.8006130561753767
616,616.0,0.7861004622084803,0.8273811120106689,0.0003196185889628473,0.31198983106601275,0.0,0.8274248274248276,19.0,32.473684210526315,30.411502942436293,0.7892326771384757
617,617.0,0.7869467541579295,0.8283837699007566,0.00032035581177091116,0.31268406094255374,0.0,0.8283615868705012,19.0,32.526315789473685,30.764107053150248,0.7962949668555602
618,618.0,0.7877892000804834,0.8293659979219801,0.0003210962170371918,0.31337943623531384,0.0,0.8292953147322082,19.0,32.578947368421055,30.826903374789012,0.7975357627456847
619,619.0,0.7886278158098993,0.8302408612624882,0.00032183997795235883,0.3140795677266761,0.0,0.8302260257026012,19.0,32.63157894736842,31.09623692202613,0.8028006984202435
620,620.0,0.7894626171162334,0.8311488324523799,0.00032258699243646046,0.31478475560138536,1.0,0.8311537343795411,19.0,32.68421052631579,30.185703544215354,0.7846234941509388
621,621.0,0.7650121475862652,0.8019516551139303,0.00030838417161340923,0.30113936606046626,0.0,0.8019033526279905,20.0,31.1,30.878110375929797,0.7985438290135414
622,622.0,0.7659204597144701,0.8028839278928247,0.00030902106425433474,0.3017640170046324,0.0,0.8028736131630024,20.0,31.15,30.73932205909026,0.7958038435128817
623,623.0,0.7668249031015132,0.8038686084759586,0.0003096602458115817,0.30239037672043206,0.0,0.8038407588969388,20.0,31.2,31.416733895951023,0.8089481542856837
624,624.0,0.7677254925924579,0.8046898824550515,0.0003103016590796692,0.3030167810484526,0.0,0.8048048048048051,20.0,31.25,30.61095163101374,0.7932474116057803
625,625.0,0.7686222429633335,0.8056531378572577,0.00031094554531413307,0.30364329103766696,0.0,0.805765765765766,20.0,31.3,30.533594570484823,0.7916965053451269
626,626.0,0.7695151689218082,0.8066833646837162,0.0003115919069210268,0.3042674060285049,0.0,0.8067236565639123,20.0,31.35,31.133820098945964,0.8035281324210621
627,627.0,0.7704042851078569,0.8076840014816115,0.00031224058721534295,0.3048869172383106,0.0,0.8076784918890184,20.0,31.4,31.118427081464972,0.8032304082668109
628,628.0,0.7712896060944621,0.8086827496426969,0.00031289165419081863,0.30551157644798077,0.0,0.8086302863372928,20.0,31.45,30.371829609709728,0.7884277988687203
629,629.0,0.7721711463882772,0.8095355936231626,0.0003135452020370832,0.3061384054847293,0.0,0.809579054412123,20.0,31.5,31.52493838421603,0.8109954017962983
630,630.0,0.7730489204303369,0.8104929185238444,0.00031420122133483404,0.30676441045116176,0.0,0.8105248105248107,20.0,31.55,30.76557483795624,0.7963240267074104
631,631.0,0.7739229425967449,0.8115130395293844,0.0003148597173274978,0.30738895471008393,0.0,0.8114675689953029,20.0,31.6,30.84289436813565,0.7978509225129677
632,632.0,0.77479322719938,0.8124322985529396,0.0003155207538607505,0.3080150123809983,0.0,0.8124073440529138,20.0,31.65,30.739541113065982,0.7958081876130505
633,633.0,0.775659788486602,0.8133519064497211,0.00031618432317649767,0.3086453988018075,0.0,0.813344149837041,20.0,31.7,29.89776546408764,0.7786448951175318
634,634.0,0.7765226406439537,0.814261323165888,0.0003168504495989795,0.30927684452236437,0.0,0.8142780003978745,20.0,31.75,31.291715384278344,0.8065651530057721
635,635.0,0.7773817977948693,0.8151759667523895,0.0003175191584712417,0.30990343968155376,0.0,0.8152089096970989,20.0,31.8,30.95102250776741,0.7999734286739068
636,636.0,0.7782372740013896,0.8161518083120709,0.0003181904948905375,0.3105268401490293,0.0,0.8161368916085898,20.0,31.85,30.58452077426218,0.7927183903939439
637,637.0,0.7790890832648699,0.8172086288562171,0.0003188642564884679,0.31115494331973825,0.0,0.817061959919103,20.0,31.9,30.64374983966117,0.7939026083656706
638,638.0,0.7799372395266815,0.8180289076141989,0.00031954106597845074,0.3117885954546808,0.0,0.8179841283289562,20.0,31.95,30.868252135852302,0.7983500186517642
639,639.0,0.780781756668938,0.818856953583928,0.000320220372673922,0.3124276493292065,0.0,0.8189034104527064,20.0,32.0,30.04802656354892,0.7817791350043208
640,640.0,0.7816226485151863,0.8198333322841459,0.00032090240858815417,0.3130672588087941,0.0,0.8198198198198201,20.0,32.05,30.585082781628955,0.7927296486474663
641,641.0,0.7824599288311314,0.8206396984230544,0.00032158707538459036,0.313704580782306,0.0,0.8207333698753357,20.0,32.1,30.956439679980146,0.8000793752657938
642,642.0,0.783293611325325,0.8215593005209715,0.00032227459872854504,0.31434556712826484,0.0,0.8216440739805227,20.0,32.15,30.352362002355285,0.7880320775146586
643,643.0,0.7841237096498802,0.8225628327046359,0.0003229649590053582,0.31499078915484285,0.0,0.8225519454135318,20.0,32.2,31.240747960504546,0.8055881807208752
644,644.0,0.784950237401163,0.8234473645153242,0.0003236580586620367,0.3156384334723156,0.0,0.823456997370041,20.0,32.25,30.565889302233295,0.7923449263383171
645,645.0,0.785773208120497,0.8244004204368407,0.0003243539755562826,0.31629244101229514,0.0,0.8243592429638943,20.0,32.3,31.21400599223645,0.8050742994461308
646,646.0,0.7865926352948477,0.8252207261414826,0.0003250527696113513,0.3169506133375219,1.0,0.8252586952277357,20.0,32.35,29.770091115168245,0.775956920809028
647,647.0,0.7627017347064609,0.7971999750503935,0.00031208815546780126,0.3043674328894693,0.0,0.7971928651990478,21.0,30.857142857142858,31.233892057156392,0.8054565196101988
648,648.0,0.7635881298243287,0.7981212724775013,0.00031269109428975805,0.3049640449835734,0.0,0.7981314647981316,21.0,30.904761904761905,31.438528198901093,0.8093616396099783
649,649.0,0.7644709525048938,0.7991171848116548,0.0003132960237076382,0.30556235108050156,0.0,0.799067171948528,21.0,30.952380952380953,31.188052407787858,0.8045747253190929
650,650.0,0.7653502155260736,0.7999571719324903,0.00031390301275394436,0.30616115344178235,0.0,0.8000000000000002,21.0,31.0,31.166167744411815,0.8041528262493223
651,651.0,0.7662259316026871,0.8009433266829545,0.0003145120616798276,0.306759683670109,0.0,0.8009299622202851,21.0,31.047619047619047,31.149639207057714,0.8038337912310425
652,652.0,0.7670981133871775,0.8019516551139303,0.00031512308286479033,0.30735775350919126,0.0,0.8018570717957222,21.0,31.095238095238095,30.983278512601046,0.8006037304917065
653,653.0,0.767966773470315,0.8028354934689612,0.00031573633208891886,0.30795858695983425,0.0,0.802781341831878,21.0,31.142857142857142,31.062929909834608,0.8021545596825106
654,654.0,0.7688319243819565,0.8037010880013232,0.00031635166167366576,0.30856116633481656,0.0,0.8037027853541616,21.0,31.19047619047619,31.0697679908082,0.8022873279134051
655,655.0,0.7696935785917473,0.8046898824550515,0.0003169690477793432,0.3091635539899054,0.0,0.8046214153084383,21.0,31.238095238095237,30.643873266586585,0.7939050713673109
656,656.0,0.770551748509877,0.8056531378572577,0.00031758854324594876,0.3097662698807254,0.0,0.8055372445616349,21.0,31.285714285714285,30.695782367711516,0.7949391688956704
657,657.0,0.7714064464878053,0.8064946789692866,0.0003182104009781116,0.31036736695308903,0.0,0.8064502859023409,21.0,31.333333333333332,31.640204163053134,0.8131608471158507
658,658.0,0.7722576848190096,0.8074001773446127,0.00031883434168756517,0.3109628055814002,0.0,0.8073605520414032,21.0,31.38095238095238,30.418010402445606,0.7893644977057968
659,659.0,0.7731054757397113,0.8081680690991387,0.00031946040579335777,0.3115612867893914,0.0,0.808268055612517,21.0,31.428571428571427,31.536079464958807,0.8112053952373626
660,660.0,0.7739498314296357,0.809210627382412,0.00032008886456102656,0.31216273411454193,0.0,0.8091728091728094,21.0,31.476190476190474,30.63070172244936,0.7936421193881922
661,661.0,0.7747907640127364,0.8101168055645032,0.00032071948694491204,0.3127652623547676,0.0,0.8100748252034184,21.0,31.523809523809526,30.45672457698418,0.7901475600854462
662,662.0,0.7756282855579459,0.8109506357065183,0.0003213523953247605,0.31336485028752725,0.0,0.810974116110068,21.0,31.571428571428573,31.08784618947729,0.8026380530282736
663,663.0,0.7764624080799197,0.8119895766724128,0.0003219874488403706,0.313964915691865,0.0,0.8118706942236357,21.0,31.61904761904762,30.95716706118799,0.8000935982332272
664,664.0,0.7772931435397668,0.8127649696555151,0.00032262508972078527,0.31456768244910316,0.0,0.8127645718007166,21.0,31.666666666666668,31.173638242834983,0.8042969113384453
665,665.0,0.7781205038457901,0.8135982873375063,0.0003232648911952027,0.31517446561027096,0.0,0.8136557610241821,21.0,31.714285714285715,30.493087537459264,0.7908812541295102
666,666.0,0.7789445008542317,0.8145188114351053,0.0003239071072693165,0.31577867771357965,0.0,0.8145442740037337,21.0,31.761904761904763,30.661311690392726,0.7942528582490409
667,667.0,0.7797651463699921,0.815441261618353,0.0003245516784716758,0.31637906670094507,0.0,0.8154301227764499,21.0,31.80952380952381,30.672602102196556,0.7944778200540212
668,668.0,0.7805824521473717,0.8163089376588556,0.00032519864340966107,0.31697711970597525,0.0,0.8163133193073315,21.0,31.857142857142858,31.59838197011913,0.8123769789353749
669,669.0,0.7813964298907927,0.8172086288562171,0.0003258480248911138,0.31758006564444574,0.0,0.8171938754898397,21.0,31.904761904761905,30.841038005413573,0.7978143530079636
670,670.0,0.782207091255524,0.8180766767303719,0.00032649985183825516,0.3181889394072607,1.0,0.8180718031464302,21.0,31.952380952380953,29.950035903158287,0.7797387518050771
671,671.0,0.7587383162872192,0.7911748502010738,0.0003147728950283013,0.30662796185485613,0.0,0.7910205287254469,22.0,30.545454545454547,30.734277876640494,0.7957037942612873
672,672.0,0.759610039966044,0.791700305546445,0.0003153422132742851,0.307175820224766,0.0,0.791934791934792,22.0,30.59090909090909,31.093685510410875,0.8027512513179276
673,673.0,0.7604784385557721,0.7928946938000687,0.00031591405186818757,0.30772627146613984,0.0,0.7928463381658033,22.0,30.636363636363637,31.030294894211824,0.8015201119326023
674,674.0,0.761343523228687,0.7937391760945881,0.0003164871463613486,0.30828334458537193,0.0,0.7937551795118561,22.0,30.681818181818183,30.862205159465876,0.7982310754469613
675,675.0,0.7622053050969763,0.7947047371903302,0.0003170619590657164,0.3088380642571882,0.0,0.7946613279946615,22.0,30.727272727272727,31.15133176807542,0.8038664767249113
676,676.0,0.7630637952134615,0.7955582716068933,0.00031763857581063417,0.3093982936450994,0.0,0.7955647955647958,22.0,30.772727272727273,30.83244589209165,0.7976450349073543
677,677.0,0.7639190045723262,0.7964595416004953,0.0003182169620218208,0.30996951335922535,0.0,0.7964655941022266,22.0,30.818181818181817,31.421382275303923,0.8090363922742833
678,678.0,0.7647709441098515,0.7972595588968264,0.00031879704620093116,0.31054525721105264,0.0,0.7973637354168329,22.0,30.863636363636363,30.67571632233981,0.7945398418491239
679,679.0,0.7656196247051554,0.7981212724775013,0.00031937897634340043,0.31112085602869194,0.0,0.798259231248922,22.0,30.90909090909091,31.010117640376144,0.8011271838245783
680,680.0,0.7664650571809349,0.7991397342865011,0.00031996301153154247,0.3116980183369235,0.0,0.7991520932697403,22.0,30.954545454545453,32.59109163086614,0.8304403520411978
681,681.0,0.7673072523042138,0.8000735505230104,0.00032054870786825976,0.31227542843771616,0.0,0.8000423330819808,22.0,31.0,31.382705881913243,0.808301420514848
682,682.0,0.768146220787077,0.8009433266829545,0.0003211362928437864,0.3128522804563628,0.0,0.8009299622202851,22.0,31.045454545454547,30.990399493339744,0.8007427019521652
683,683.0,0.768981973287438,0.8019516551139303,0.0003217255741847522,0.31342858601288,0.0,0.801814992151742,22.0,31.09090909090909,31.284866893073442,0.8064340623984277
684,684.0,0.7698145204097728,0.8026374030963028,0.0003223170998994448,0.31400750375945957,0.0,0.8026974342763818,22.0,31.136363636363637,30.55871363422004,0.7922009700670393
685,685.0,0.7706438727058738,0.8035715712591696,0.00032291043565150547,0.31458799205124877,0.0,0.803577299927665,22.0,31.181818181818183,30.532972620264832,0.7916840042241208
686,686.0,0.7714700406756045,0.8046898824550515,0.0003235051150008721,0.31516836348992605,0.0,0.8044546003729679,22.0,31.227272727272727,31.252613196164432,0.8058159048052285
687,687.0,0.7722930347676444,0.8053765671073653,0.0003241028594535229,0.3157490617090152,0.0,0.8053293468140631,22.0,31.272727272727273,31.049630116746464,0.8018961633216459
688,688.0,0.7731128653802355,0.8061249947537136,0.00032470200449902594,0.31632868587048985,0.0,0.8062015503875971,22.0,31.318181818181817,30.583387648909685,0.7926956901228743
689,689.0,0.7739295428619434,0.8071420366804875,0.00032530319244005633,0.3169034597686983,0.0,0.8070712221655622,22.0,31.363636363636363,31.45579151254291,0.8096887555393001
690,690.0,0.7747430775123886,0.8080232097357751,0.0003259063643590406,0.31747708450750844,0.0,0.8079383731557647,22.0,31.40909090909091,30.931594972290327,0.7995931685800626
691,691.0,0.7755534795829997,0.8088356997882913,0.00032651165640247283,0.3180555165670045,0.0,0.808803014302291,22.0,31.454545454545453,31.333143263039503,0.8073569242355351
692,692.0,0.776360759277755,0.8097351343688245,0.000327118896988045,0.31863500453125565,0.0,0.8096651564859659,22.0,31.5,30.488611252984725,0.7907910307705398
693,693.0,0.777164926753927,0.8104929185238444,0.0003277282891703241,0.3192132114233412,0.0,0.8105248105248107,22.0,31.545454545454547,30.282285554306753,0.7866034095939068
694,694.0,0.7779659921228073,0.8114086026994487,0.0003283397336204988,0.3197897666416527,0.0,0.8113819871744945,22.0,31.59090909090909,31.026784111517646,0.8014517803249832
695,695.0,0.7787639654504516,0.8122477457486514,0.00032895328958492764,0.3203673360786022,0.0,0.8122366971287837,22.0,31.636363636363637,30.83868020778661,0.7977678991152596
696,696.0,0.7795588567584073,0.8130639151884834,0.0003295689615250784,0.32094813908324477,0.0,0.8130889510199856,22.0,31.681818181818183,31.165219372736665,0.804134529862287
697,697.0,0.7803506760244369,0.8139450765414359,0.00033018679182805625,0.32153216869785073,0.0,0.813938759419391,22.0,31.727272727272727,30.48945852579596,0.7908081103145593
698,698.0,0.7811394331832481,0.8148572085653102,0.00033080672787348734,0.3221113847814331,0.0,0.814786132837709,22.0,31.772727272727273,30.343648438585998,0.7878547909278818
699,699.0,0.7819251381271981,0.815621665385623,0.00033142895676830216,0.32268717504714745,0.0,0.8156310817255026,22.0,31.818181818181817,31.098103686807566,0.8028368717269974
700,700.0,0.7827078007070187,0.8164782363346353,0.00033205333787509933,0.32326217735069446,0.0,0.8164736164736166,22.0,31.863636363636363,31.72630788977796,0.8147681713522036
701,701.0,0.7834874307325195,0.817270407168108,0.0003326799225812981,0.3238419786802128,1.0,0.8173137474136049,22.0,31.90909090909091,29.903047314195348,0.7787556013955238
702,702.0,0.7608644245514379,0.7914923498926804,0.0003214792744602796,0.3127882452305406,0.0,0.7914581247914583,23.0,30.565217391304348,31.49690974249658,0.8104664449823814
703,703.0,0.7616996609608745,0.7923974879168111,0.0003220305614572714,0.3133167615005522,0.0,0.792331449514949,23.0,30.608695652173914,30.77766785272549,0.7965633440638623
704,704.0,0.7625318686588474,0.7931983819368325,0.00032258350101414563,0.31385225483633217,0.0,0.7932022932022933,23.0,30.652173913043477,31.434409695620094,0.8092835465829797
705,705.0,0.7633610570951503,0.7940632751500512,0.0003231379863972319,0.3143885400583508,0.0,0.794070666411092,23.0,30.695652173913043,30.53302007835098,0.791684958143617
706,706.0,0.764187235666576,0.794992948081299,0.0003236940453009205,0.3149242289462214,0.0,0.7949365796391293,23.0,30.73913043478261,29.333850828708428,0.7665960363879725
707,707.0,0.7650104137176391,0.7957682096988625,0.0003242517790789247,0.315468393022417,0.0,0.7958000433247959,23.0,30.782608695652176,30.947214011701092,0.7998989216342445
708,708.0,0.7658306005413225,0.796626485890877,0.00032481112400881503,0.3160223580971557,0.0,0.7966610678475088,23.0,30.82608695652174,31.63786154042605,0.8131169944205211
709,709.0,0.7666478053798131,0.7975314032001424,0.0003253721324800511,0.3165779266268432,0.0,0.7975196635281263,23.0,30.869565217391305,31.277167447086622,0.8062866146632409
710,710.0,0.7674620374252347,0.7985151751921815,0.00032593459311156285,0.3171341909546943,0.0,0.798375840629362,23.0,30.91304347826087,30.508512353958057,0.7911919517524402
711,711.0,0.7682733058203972,0.799208139026539,0.0003264991369257784,0.3176918888785453,0.0,0.7992296093561918,23.0,30.956521739130434,31.145965528421655,0.8037628356273372
712,712.0,0.7690816196595285,0.8000735505230104,0.0003270651825093215,0.31824947387294766,0.0,0.8000809798562609,23.0,31.0,30.473391762490504,0.7904840705967177
713,713.0,0.7698869879890157,0.8009433266829545,0.0003276329348390005,0.3188063101743177,0.0,0.8009299622202851,23.0,31.043478260869566,31.37518037661621,0.8081582019214492
714,714.0,0.7706894198081446,0.8016481940274284,0.0003282022420862415,0.3193625107227437,0.0,0.8017765664824491,23.0,31.08695652173913,31.243019923144455,0.8056317988579379
715,715.0,0.7714889240698339,0.8026374030963028,0.0003287736410698425,0.3199210989765504,1.0,0.8026208026208028,23.0,31.130434782608695,28.9789769602336,0.7587732360071218
716,716.0,0.7487382284585702,0.7772779981899959,0.0003191764160443083,0.31048143643266196,0.0,0.7772912577381852,24.0,29.875,31.12877021264438,0.8034304924637071
717,717.0,0.7495883996273655,0.7782355140963875,0.00031968811101247893,0.3109583344209924,0.0,0.7781672886275399,24.0,29.916666666666668,31.3538706221288,0.8077522810248581
718,718.0,0.7504356586819056,0.7790081243548688,0.00032020111924079583,0.31143617583004124,0.0,0.779040879319431,24.0,29.958333333333332,30.27097669329257,0.786372232852012
719,719.0,0.7512800145364418,0.7798932986725121,0.00032071534243107683,0.3119133497987817,0.0,0.7799120399954894,24.0,30.0,31.82366844064093,0.8165751524227505
720,720.0,0.7521214760466545,0.7808078274628504,0.00032123081005147385,0.3123919858790825,0.0,0.7807807807807808,24.0,30.041666666666668,30.497360658183116,0.7909673578391248
721,721.0,0.7529600520103221,0.7816301535103316,0.00032174755368580277,0.31286722725844385,0.0,0.7816471117441993,24.0,30.083333333333332,29.938862621329417,0.7795052509556955
722,722.0,0.7537957511679799,0.7825410904273301,0.00032226556606895643,0.3133475753923916,0.0,0.7825110428988546,24.0,30.125,30.617695016814928,0.7933822361744228
723,723.0,0.7546285822035892,0.7833619386686859,0.00032278488470469867,0.31382851309422877,0.0,0.7833725842024598,24.0,30.166666666666668,31.590205862366307,0.8122234926195075
724,724.0,0.7554585537452178,0.7842071555281855,0.0003233054940703564,0.3143139229820057,0.0,0.7842317455577127,24.0,30.208333333333332,32.00964654195464,0.8199962939933784
725,725.0,0.7562856743657127,0.78508321359948,0.00032382743082901705,0.31480209486987265,0.0,0.7850885368126748,24.0,30.25,30.959684131421145,0.800142811019932
726,726.0,0.7571099525833886,0.7858816674608087,0.00032435065115823806,0.3152930912896631,0.0,0.7859429677611498,24.0,30.291666666666668,31.504382701274874,0.8106075667548345
727,727.0,0.7579313968627245,0.7868608086962445,0.00032487524562645713,0.3157888306720035,0.0,0.7867950481430539,24.0,30.333333333333332,30.913293553685605,0.7992345130611108
728,728.0,0.7587500156150466,0.7876121308021153,0.0003254012342614814,0.3162850383140853,0.0,0.7876447876447877,24.0,30.375,30.381480524766488,0.7886237866339563
729,729.0,0.7595658171992395,0.7885637727794582,0.0003259285118621054,0.31678336295874504,0.0,0.7884921958996035,24.0,30.416666666666668,30.34394493017439,0.7878608250333029
730,730.0,0.7603788099224313,0.789437113834124,0.00032645715985902044,0.31728676699348546,0.0,0.7893372824879676,24.0,30.458333333333332,31.536873395935793,0.8112203540377698
731,731.0,0.7611890020407128,0.7902578588321331,0.0003269872932876896,0.31778902063035463,0.0,0.790180056937923,24.0,30.5,31.111203136342134,0.8030905847082487
732,732.0,0.7619964017598342,0.7911748502010738,0.0003275185986541354,0.3182934624042192,0.0,0.7910205287254469,24.0,30.541666666666668,31.03543560357163,0.8016201394888467
733,733.0,0.7628010172359186,0.791700305546445,0.000328051498714221,0.3188041167082051,0.0,0.7918587072748056,24.0,30.583333333333332,30.667812160975554,0.7943824005565767
734,734.0,0.7636028565761701,0.7927540726779296,0.00032858607752466845,0.3193160523305863,0.0,0.7926946019589073,24.0,30.625,31.163837508468774,0.8041078683595753
735,735.0,0.7644019278395862,0.7935902679605539,0.00032912186426731427,0.3198361180454151,0.0,0.7935282220996508,24.0,30.666666666666668,31.005385725844565,0.8010349613660965
736,736.0,0.7651982390376713,0.7943677714316204,0.0003296591534849422,0.32035279486978924,0.0,0.7943595769682728,24.0,30.708333333333332,30.735660884159138,0.7957312289052184
737,737.0,0.7659917981351503,0.7952056533867641,0.0003301978700778285,0.32087218747442603,0.0,0.7951886757856911,24.0,30.75,30.834459689560063,0.7976847277155902
738,738.0,0.7667826130506853,0.7960097160704189,0.0003307380764679911,0.3214009287674554,0.0,0.796015527722845,24.0,30.791666666666668,30.52627382468676,0.7915493269873243
739,739.0,0.7675706916575837,0.796842276276063,0.00033127977855068385,0.321938705934585,0.0,0.7968401419010351,24.0,30.833333333333332,30.547713435873394,0.7919801558175561
740,740.0,0.7683560417845202,0.7975314032001424,0.0003318228006826538,0.32247589366512325,0.0,0.7976625273922573,24.0,30.875,31.45089591636604,0.8095960272379717
741,741.0,0.7691386712162439,0.7985151751921815,0.0003323677197117491,0.32301413778936733,0.0,0.7984826932195356,24.0,30.916666666666668,31.082174085765594,0.8025280556089401
742,742.0,0.7699185876942927,0.799208139026539,0.0003329139142005344,0.3235536412607517,0.0,0.7993006483572522,24.0,30.958333333333332,30.672913880723847,0.7944840299010407
743,743.0,0.7706957989177097,0.8000735505230104,0.00033346182204453185,0.32409293208157697,0.0,0.8001164017314759,24.0,31.0,30.48160178908977,0.790649695767933
744,744.0,0.7714703125437491,0.8009433266829545,0.0003340112407890486,0.32463124871546123,0.0,0.8009299622202851,24.0,31.041666666666668,30.990663428447974,0.8007478516230153
745,745.0,0.7722421361885851,0.8016481940274284,0.0003345621259404832,0.32516889123586445,0.0,0.8017413386540905,24.0,31.083333333333332,31.091302281232334,0.8027050563097032
746,746.0,0.7730112774280201,0.8024826257612219,0.0003351147499800163,0.32570861743453644,0.0,0.8025505398159556,24.0,31.125,31.60528281546408,0.8125064635370512
747,747.0,0.7737777437981856,0.8032553012244932,0.0003356688711575345,0.3262501535095961,0.0,0.803357574441912,24.0,31.166666666666668,30.77892115244838,0.7965881357575991
748,748.0,0.7745415427962534,0.8040372706963419,0.000336224624124231,0.3267914013341549,0.0,0.8041624512212749,24.0,31.208333333333332,30.827052654502136,0.7975387063487237
749,749.0,0.775302681881125,0.8049548938929846,0.0003367822567384609,0.3273329953060594,0.0,0.8049651787969545,24.0,31.25,31.005954540499467,0.8010460487449775
750,750.0,0.7760611684741363,0.8056531378572577,0.00033734121793152044,0.3278734685557444,0.0,0.805765765765766,24.0,31.291666666666668,31.106333132506,0.8029962863711589
751,751.0,0.7768170099597361,0.8065138851860115,0.00033790211245299186,0.32841173718608785,0.0,0.8065642206787347,24.0,31.333333333333332,30.869658725320992,0.7983776793953284
752,752.0,0.7775702136861977,0.8074001773446127,0.00033846458424877443,0.3289439885278535,0.0,0.8073605520414032,24.0,31.375,30.616068035892393,0.7933497124022872
753,753.0,0.7783207869662901,0.8081680690991387,0.0003390287602409084,0.3294793769952061,0.0,0.8081547683141311,24.0,31.416666666666668,31.272661787327685,0.8062002956461828
754,754.0,0.7790687370779598,0.8089743379040911,0.0003395946272095386,0.3300176037963816,0.0,0.8089468779123953,24.0,31.458333333333332,30.87871082310629,0.7985556296460922
755,755.0,0.7798140712650181,0.8097351343688245,0.0003401622392705765,0.3305566476949807,0.0,0.809736889207088,24.0,31.5,30.88111363528389,0.7986028476981478
756,756.0,0.7805567967378092,0.8104929185238444,0.0003407315750431738,0.33109373072423764,0.0,0.8105248105248107,24.0,31.541666666666668,31.339874903905766,0.8074853819147119
757,757.0,0.781296920673876,0.8112181137371772,0.00034130259257326696,0.3316290720885332,0.0,0.8113106501481668,24.0,31.583333333333332,30.455125636102725,0.7901152581033999
758,758.0,0.7820344502186312,0.8121373167172387,0.0003418755567019273,0.33216496462047523,0.0,0.8120944163160523,24.0,31.625,30.670654570695845,0.7944390272491796
759,759.0,0.782769392486017,0.8127649696555151,0.0003424501045417106,0.3327035988699197,0.0,0.8128761172239435,24.0,31.666666666666668,31.45040766303776,0.8095867775673464
760,760.0,0.7835017545591513,0.8135982873375063,0.00034302669580966533,0.33324591663270836,0.0,0.8136557610241821,24.0,31.708333333333332,30.580250814479026,0.7926328401174064
761,761.0,0.784231543490988,0.8145188114351053,0.0003436049518707068,0.3337851096479162,0.0,0.8144333558262601,24.0,31.75,30.612252869525886,0.7932734326752012
762,762.0,0.7849587663049507,0.8151759667523895,0.00034418517152653294,0.3343204144968632,0.0,0.8152089096970989,24.0,31.791666666666668,30.499500829878713,0.7910104733945378
763,763.0,0.7856834299955839,0.8160387652947335,0.0003447671446941234,0.3348517516721191,0.0,0.81598243066133,24.0,31.833333333333332,31.64826874049761,0.8133117622305307
764,764.0,0.7864055415291672,0.8166895241197453,0.00034535100259697665,0.3353866071531464,0.0,0.8167539267015709,24.0,31.875,30.588598274739688,0.7928000623808009
765,765.0,0.7871251078443638,0.8175364536818208,0.00034593680928076396,0.33592440201562423,1.0,0.8175234057587001,24.0,31.916666666666668,30.29785987259701,0.7869214987025746
766,766.0,0.7661105675466666,0.7938470136585266,0.0003355386022705313,0.32568637832732594,0.0,0.793827770329076,25.0,30.68,30.819851161349405,0.7973966697162911
767,767.0,0.7668766434684894,0.7947047371903302,0.00033605976551781633,0.32618654321726137,0.0,0.7946251336081847,25.0,30.72,31.00092999687785,0.8009480958786932
768,768.0,0.7676401951208041,0.7954371245043246,0.0003365824179515382,0.32669107194572056,0.0,0.7954204204204206,25.0,30.76,31.79859802643726,0.8161109112531978
769,769.0,0.7684012292288684,0.7961708948952665,0.0003371063431154702,0.32720571525564035,0.0,0.7962136388664349,25.0,30.8,30.781370955545,0.7966365898188108
770,770.0,0.7691597524779051,0.7970940635223454,0.0003376315876939238,0.32772740260867544,0.0,0.7970047970047972,25.0,30.84,30.999688350508023,0.8009238852409731
771,771.0,0.7699157715137892,0.7978756371596455,0.0003381583056886353,0.3282479657284726,0.0,0.7977939028522686,25.0,30.88,30.967436282158797,0.8002943278205089
772,772.0,0.7706692929437163,0.7985151751921815,0.00033868643502144567,0.32876948047387483,0.0,0.7985809643840734,25.0,30.92,31.20715350774352,0.8049424784008955
773,773.0,0.7714203233368834,0.7994132469804254,0.0003392159726208112,0.32929201398254715,0.0,0.7993659895341656,25.0,30.96,31.11987855689979,0.8032584945658692
774,774.0,0.7721688692251545,0.8000735505230104,0.0003397468676999826,0.32981425752417837,0.0,0.8001489861954981,25.0,31.0,30.56509952228606,0.7923290853013052
775,775.0,0.7729149371037396,0.8009433266829545,0.00034027930683897515,0.33033540464596217,0.0,0.8009299622202851,25.0,31.04,30.955032207109383,0.8000518521167403
776,776.0,0.773658533431864,0.8016481940274284,0.00034081308692445725,0.33085583703347954,0.0,0.801708925420266,25.0,31.08,31.010791075488125,0.8011403064234449
777,777.0,0.774399664633427,0.8024826257612219,0.0003413484161166541,0.3313779691290521,0.0,0.8024858835669648,25.0,31.12,31.22942253656431,0.8053706555857802
778,778.0,0.775138337097678,0.8032553012244932,0.0003418851759621451,0.33190214165912446,0.0,0.80326084439195,25.0,31.16,31.35671180123601,0.807806433372882
779,779.0,0.7758745571798662,0.8040372706963419,0.0003424234247154851,0.33242593331256737,0.0,0.8040338155870891,25.0,31.2,31.125452200269876,0.8033663211804297
780,780.0,0.7766083312019069,0.8046898824550515,0.00034296301289367604,0.3329498034418971,0.0,0.8048048048048051,25.0,31.24,30.439846176151597,0.7898064095924835
781,781.0,0.7773396654530343,0.8056531378572577,0.0003435043625886843,0.33347306847084474,0.0,0.8055738196583269,25.0,31.28,30.96599416266817,0.8002661471499838
782,782.0,0.7780685661904533,0.8064946789692866,0.00034404694072794826,0.33399453223358205,0.0,0.806340867721942,25.0,31.32,30.839060845780963,0.7977753990168567
783,783.0,0.7787950396399911,0.8071420366804875,0.00034459155279809,0.33451063791490265,0.0,0.8071059565312441,25.0,31.36,31.62805266585713,0.8129333067685067
784,784.0,0.7795190919967344,0.8080232097357751,0.00034513716327451037,0.3350257751815924,0.0,0.8078690935833794,25.0,31.4,32.19186060826834,0.8233098575039037
785,785.0,0.7802407294256776,0.8086827496426969,0.0003456848852050848,0.33554516419432684,0.0,0.8086302863372928,25.0,31.44,30.739609439103717,0.795809542586756
786,786.0,0.7809599580623545,0.8094195040715602,0.0003462339512680297,0.3360656710103744,0.0,0.8093895422139699,25.0,31.48,30.807899562297568,0.7971607991528249
787,787.0,0.7816767840134722,0.8101168055645032,0.0003467845908301402,0.33658622818958217,0.0,0.8101468685966781,25.0,31.52,30.91006798425792,0.799171257092237
788,788.0,0.7823912133575387,0.8109506357065183,0.0003473368230640394,0.3371031515846748,0.0,0.8109022728312071,25.0,31.56,31.251012224906578,0.8057851881823536
789,789.0,0.7831032521454866,0.8116940888597224,0.0003478907094082963,0.3376206030362297,1.0,0.8116557622261046,25.0,31.6,29.604020444786073,0.7724258824487849
790,790.0,0.7624438244775587,0.7887096803418048,0.00033833127259661215,0.3280667671676424,0.0,0.7886874215988141,26.0,30.423076923076923,30.732613946883024,0.7956707837059304
791,791.0,0.7631984078432997,0.789437113834124,0.0003388292280035255,0.32853826448335266,0.0,0.7894670903520462,26.0,30.46153846153846,30.85534800129645,0.7980961396680238
792,792.0,0.7639506280530755,0.7902578588321331,0.0003393283603531136,0.3290084802851913,0.0,0.7902447902447903,26.0,30.5,31.535180859019672,0.8111884633015491
793,793.0,0.7647004910964144,0.7911748502010738,0.0003398283716369942,0.32948129118073477,0.0,0.7910205287254469,26.0,30.53846153846154,31.445550393378454,0.809494743823073
794,794.0,0.7654480029229008,0.791700305546445,0.0003403300343271644,0.3299599348086333,0.0,0.7917943132048928,26.0,30.576923076923077,30.58613423072812,0.7927507103928855
795,795.0,0.766193169442802,0.7925831967499665,0.00034083281496082545,0.3304389853666258,0.0,0.7925661510567173,26.0,30.615384615384617,30.960588600147464,0.8001604928894502
796,796.0,0.7669359965277163,0.7933319592431691,0.0003413367008469428,0.33092650481658464,0.0,0.7933360496174567,26.0,30.653846153846153,30.525498899726188,0.7915337435434983
797,797.0,0.7676764900112203,0.7941401066413322,0.00034184178409814276,0.3314119482465997,0.0,0.7941040161868269,26.0,30.692307692307693,31.158476313507215,0.8040044078022113
798,798.0,0.768414655689491,0.794992948081299,0.0003423479401471552,0.3318971921544303,0.0,0.794870058027953,26.0,30.73076923076923,31.21416573173485,0.8050773716598996
799,799.0,0.7691504993219614,0.7956003927187629,0.0003428556771947762,0.3323893867517198,0.0,0.7956341823675993,26.0,30.76923076923077,30.496273245495544,0.790945448679167
800,800.0,0.769884026631954,0.7964367562517247,0.0003433644852419208,0.3328905004477519,0.0,0.7963963963963966,26.0,30.807692307692307,31.673738413400834,0.8137878800547962
801,801.0,0.7706152433073137,0.797119705184511,0.0003438745630717002,0.33339697175934463,0.0,0.7971567072690668,26.0,30.846153846153847,31.158334909882406,0.8040016785074248
802,802.0,0.771344155001051,0.7978756371596455,0.000344385906991029,0.3339018280743305,0.0,0.7979151221046484,26.0,30.884615384615383,31.202814652857132,0.8048589820389834
803,803.0,0.7720707673319692,0.7986551874270811,0.00034489855248594654,0.3344076114311275,0.0,0.7986716479867167,26.0,30.923076923076923,31.524503491090417,0.8109872016727201
804,804.0,0.7727950858853035,0.7994132469804254,0.000345412477468282,0.3349144571988162,0.0,0.7994262919636057,26.0,30.96153846153846,30.5114464092516,0.7912510160200231
805,805.0,0.7735171162133475,0.8000735505230104,0.0003459275679418728,0.33542090271842606,0.0,0.8001790610486266,26.0,31.0,30.36681372177788,0.7883258885873453
806,806.0,0.7742368638360826,0.8009433266829545,0.00034644425379123066,0.3359261021355149,0.0,0.8009299622202851,26.0,31.03846153846154,30.845192135380454,0.7978961813910482
807,807.0,0.7749543342418029,0.8016481940274284,0.0003469621198251555,0.33643051918074535,0.0,0.801679002422497,26.0,31.076923076923077,30.42696760855903,0.7895458501644299
808,808.0,0.7756695328877451,0.8024826257612219,0.00034748130767046735,0.33693632958195974,0.0,0.8024261885648026,26.0,31.115384615384617,30.2032152759803,0.7849834216028703
809,809.0,0.7763824652007023,0.8031312035858278,0.00034800189671302763,0.3374441698793492,0.0,0.8031715275225785,26.0,31.153846153846153,30.75444709671373,0.79610364557175
810,810.0,0.7770931365776438,0.8038686084759586,0.0003485238232925563,0.337952041513723,0.0,0.8039150261372485,26.0,31.192307692307693,31.659361977544126,0.81351922803929
811,811.0,0.7778015523863329,0.8046898824550515,0.00034904714672936526,0.338459436108346,0.0,0.8046566912164942,26.0,31.23076923076923,30.680018163659042,0.7946254952117714
812,812.0,0.7785077179659402,0.8053765671073653,0.00034957185414956885,0.33896646641137756,0.0,0.8053965295344607,26.0,31.26923076923077,31.43361181595169,0.8092684152161539
813,813.0,0.7792116386276458,0.8061249947537136,0.00035009795704580687,0.3394723554230393,0.0,0.806134547831965,26.0,31.307692307692307,30.277446007625816,0.7865045002888013
814,814.0,0.7799133196552519,0.8069649071317003,0.0003506253534374703,0.33997365835932586,0.0,0.8068707528166988,26.0,31.346153846153847,31.97512926165455,0.819364342509352
815,815.0,0.7806127663057753,0.8076669057020434,0.0003511543565291259,0.34047041194479505,0.0,0.8076051511634335,26.0,31.384615384615383,30.73743717520944,0.7957664614711979
816,816.0,0.7813099838100579,0.808497046231744,0.00035168444512317476,0.3409723050797864,0.0,0.8083377495142204,26.0,31.423076923076923,30.769097537124726,0.7963937593495098
817,817.0,0.7820049773733453,0.8090728460793001,0.00035221660565092045,0.3414756961349867,0.0,0.8090685544785915,26.0,31.46153846153846,31.104140600127582,0.8029538225231614
818,818.0,0.7826977521758894,0.8097891374068601,0.0003527498922174345,0.3419797513420847,0.0,0.8097975726337585,26.0,31.5,31.095910450595795,0.8027943717612788
819,819.0,0.7833883133735267,0.8104929185238444,0.00035328464220350954,0.34248125820795494,0.0,0.8105248105248107,26.0,31.53846153846154,30.54144298192883,0.7918542136746703
820,820.0,0.7840766660982595,0.8112181137371772,0.0003538208927707829,0.34298090332799247,0.0,0.8112502746649091,26.0,31.576923076923077,30.510890343907654,0.7912398229683645
821,821.0,0.7847628154588339,0.8119895766724128,0.0003543586553150967,0.34348062898545345,0.0,0.811973971535482,26.0,31.615384615384617,31.007782219282877,0.8010816712466422
822,822.0,0.7854467665413142,0.8126749501210253,0.00035489791860155904,0.34398289164515233,0.0,0.8126959075864186,26.0,31.653846153846153,30.85000434548585,0.7979909451387023
823,823.0,0.7861285244096416,0.8133519064497211,0.00035543866153120836,0.34448826604934857,0.0,0.8134160892362595,26.0,31.692307692307693,31.472863706001416,0.8100118970871417
824,824.0,0.7868080941062091,0.8141548390316745,0.00035598104529036744,0.34499366914595264,0.0,0.8141345228723872,26.0,31.73076923076923,30.910049613879615,0.7991708967967739
825,825.0,0.7874854806524,0.8148572085653102,0.0003565249372738414,0.34549331611090733,0.0,0.814851214851215,26.0,31.76923076923077,30.56782117373085,0.7923836714637567
826,826.0,0.7881606890491575,0.8155516989223963,0.0003570703885811677,0.3459900255803931,0.0,0.8155661714983751,26.0,31.807692307692307,30.850751425948967,0.7980056542610189
827,827.0,0.788833724277529,0.8163089376588556,0.0003576174134077903,0.3464844181734233,0.0,0.8162793991089036,26.0,31.846153846153847,32.33351162990264,0.8258599804225899
828,828.0,0.7895045912991909,0.8168771055909785,0.0003581658735545081,0.3469836483671449,0.0,0.8169909039474259,26.0,31.884615384615383,31.44257515587661,0.8094383560832233
829,829.0,0.7901732950570074,0.8177725507978955,0.0003587162166926049,0.34748590369687304,0.0,0.8177006922483403,26.0,31.923076923076923,30.571879928775896,0.7924650568761407
830,830.0,0.7908398404755406,0.8181175823965946,0.00035926695913109005,0.34799336950096105,0.0,0.8184087702159993,26.0,31.96153846153846,31.348667484210168,0.8076530847309416
831,831.0,0.7915042324615924,0.8191038754717216,0.0003598216350408626,0.34850392931767915,0.0,0.8191151440248914,26.0,32.0,31.086418823238056,0.8026103763192327
832,832.0,0.7921664759047091,0.8198333322841459,0.000360376774816721,0.34901242534930205,0.0,0.8198198198198201,26.0,32.03846153846154,30.59317006514756,0.7928916090634457
833,833.0,0.792826575677702,0.8206396984230544,0.0003609333874648195,0.3495183121616104,0.0,0.8205228037160813,26.0,32.07692307692308,30.759848660573038,0.7962106416237021
834,834.0,0.7934845366371556,0.8211441324493186,0.0003614919707354353,0.35002527754324,1.0,0.8212241017996416,26.0,32.11538461538461,30.09921249909282,0.782839657570524
835,835.0,0.7740570960151857,0.7994902259639591,0.00035150996655903866,0.34042781973313696,0.0,0.7994821168473866,27.0,30.962962962962962,30.75875250576233,0.796188931647953
836,836.0,0.7747545169208109,0.80033955278958,0.0003520103328297747,0.34091947118485405,0.0,0.8002069054700636,27.0,31.0,30.860524434011484,0.7981980075270108
837,837.0,0.7754498294968666,0.8009433266829545,0.0003525123764976045,0.3414098313785037,0.0,0.8009299622202851,27.0,31.037037037037038,31.38288916801474,0.8083049077929311
838,838.0,0.7761430384141775,0.8016481940274284,0.00035301540823351484,0.3418993160412458,0.0,0.8016512932980715,27.0,31.074074074074073,30.999409551809684,0.8009184487290064
839,839.0,0.776834148316099,0.8024826257612219,0.000353519498510888,0.3423899921629637,0.0,0.8023709048738848,27.0,31.11111111111111,31.922179141355624,0.8183922614793243
840,840.0,0.777523163819118,0.8031312035858278,0.0003540251433992483,0.3428827222917724,0.0,0.8030888030888034,27.0,31.14814814814815,31.060486197533415,0.8021070983677384
841,841.0,0.7782100895134032,0.8038686084759586,0.000354531864115586,0.3433757190154556,0.0,0.8038049940546969,27.0,31.185185185185187,31.978940678900873,0.819434189945407
842,842.0,0.7788949299633966,0.8046898824550515,0.00035503953498806077,0.34386763218628097,0.0,0.804519483854401,27.0,31.22222222222222,31.464859758472482,0.809860442466456
843,843.0,0.7795776897083732,0.8052521622008746,0.0003555492149641118,0.3443599459875089,0.0,0.8052322785418872,27.0,31.25925925925926,30.779976121012186,0.7966090026704927
844,844.0,0.7802583732630096,0.8059788271041596,0.0003560597744910241,0.34485049635104453,0.0,0.8059433841424365,27.0,31.296296296296298,31.093637810002203,0.8027503267928008
845,845.0,0.7809369851179423,0.8066833646837162,0.0003565716457672651,0.3453380140961283,0.0,0.8066528066528068,27.0,31.333333333333332,30.91370661885327,0.7992426126424509
846,846.0,0.781613529740333,0.8074001773446127,0.000357084810355135,0.34581953378898944,0.0,0.8073605520414032,27.0,31.37037037037037,30.641343192165703,0.7938545794112694
847,847.0,0.7822880115744233,0.8080727981354447,0.0003575993230953519,0.34630405111591195,0.0,0.8080666262484445,27.0,31.40740740740741,30.874106296184515,0.7984651248035178
848,848.0,0.7829604350420801,0.8088356997882913,0.00035811508566016114,0.3467914166878902,0.0,0.8087710351861297,27.0,31.444444444444443,30.402250295243213,0.7890451505965491
849,849.0,0.783630804543353,0.8094754034047815,0.0003586323057184825,0.34727906057418817,0.0,0.8094737847388026,27.0,31.48148148148148,31.485800133062803,0.8102565237016992
850,850.0,0.7842991244570094,0.8102105472910488,0.0003591508014879768,0.3477665345677107,0.0,0.8101748807631164,27.0,31.51851851851852,30.808195921478827,0.7971666501566933
851,851.0,0.7849653991410774,0.8109506357065183,0.00035967061447361644,0.3482502549791892,0.0,0.8108743290881952,27.0,31.555555555555557,31.436537884613212,0.8093239028074202
852,852.0,0.7856296329333876,0.8115130395293844,0.0003601919005959851,0.3487344028537587,1.0,0.8115721355157977,27.0,31.59259259259259,29.948370957857186,0.7797039685857683
853,853.0,0.766270491426089,0.7903317426702088,0.0003512805854241497,0.3397990972521492,0.0,0.790300265095107,28.0,30.5,31.171115470766427,0.8042482618212208
854,854.0,0.7669707527092681,0.7911748502010738,0.00035175364415069356,0.34024452883819345,0.0,0.7910205287254469,28.0,30.535714285714285,31.252834053089376,0.8058201419727476
855,855.0,0.767669007697814,0.791700305546445,0.00035222830362530144,0.3406955086750164,0.0,0.7917391075285813,28.0,30.571428571428573,32.08213173084062,0.8213189458162771
856,856.0,0.7683652607389222,0.7923974879168111,0.0003527036365653651,0.3411463615769897,0.0,0.7924560074092787,28.0,30.607142857142858,30.340718614534993,0.7877951577113456
857,857.0,0.769059516148251,0.7931539516785141,0.0003531800473158764,0.3416049278430908,0.0,0.7931712342447467,28.0,30.642857142857142,30.844905841617145,0.7978905426608515
858,858.0,0.7697517782104751,0.7938470136585266,0.00035365741813077746,0.3420640193116556,0.0,0.7938847938847942,28.0,30.678571428571427,31.146875227105323,0.8037804076453896
859,859.0,0.770442051179849,0.7947047371903302,0.0003541356903867099,0.34252054411943506,0.0,0.7945966921519894,28.0,30.714285714285715,30.708828466378662,0.7951985146002187
860,860.0,0.7711303392807538,0.7952921083164295,0.00035461529655993846,0.3429803688261788,0.0,0.7953069348418188,28.0,30.75,30.83531873478729,0.7977016582864122
861,861.0,0.7718166467082618,0.7960097160704189,0.0003550957926652226,0.34344985547706325,0.0,0.796015527722845,28.0,30.785714285714285,32.03433853763129,0.8204475260121409
862,862.0,0.7725009776286818,0.7967683514308381,0.0003555773112155337,0.3439274228769952,0.0,0.7967224765368619,28.0,30.821428571428573,30.55214622249104,0.7920691571995704
863,863.0,0.7731833361801157,0.7974781090491476,0.0003560599153519801,0.34440468570410343,0.0,0.7974277869990501,28.0,30.857142857142858,31.62665726757661,0.8129071663344831
864,864.0,0.7738637264730088,0.7981212724775013,0.00035654363149764787,0.3448819710293581,0.0,0.7981314647981316,28.0,30.892857142857142,31.637379927538458,0.8131079780692126
865,865.0,0.7745421525906961,0.798850905015277,0.0003570283923758559,0.3453596930108048,0.0,0.7988335155965215,28.0,30.928571428571427,30.702901576866548,0.7950807202343579
866,866.0,0.7752186185899551,0.7995714514594285,0.0003575142311853675,0.34583795551317836,0.0,0.7995339450304809,28.0,30.964285714285715,31.235663213731325,0.8054905385265391
867,867.0,0.7758931285015422,0.80033955278958,0.0003580010442246475,0.34631584369093676,0.0,0.8002327587102676,28.0,31.0,32.217811993584924,0.82377873434314
868,868.0,0.7765656863307422,0.8009433266829545,0.00035848926715478834,0.34679237271946084,0.0,0.8009299622202851,28.0,31.035714285714285,31.283670755974693,0.8064111606152563
869,869.0,0.7772362960579151,0.8016481940274284,0.00035897844575516583,0.3472679540902135,0.0,0.8016255611192321,28.0,31.071428571428573,31.03838825276955,0.8016775769455408
870,870.0,0.7779049616390165,0.8021901682435948,0.00035946852593609426,0.3477444238352684,0.0,0.8023195609402508,28.0,31.107142857142858,30.537345095517416,0.7917718796314378
871,871.0,0.7785716870061519,0.8029853316593597,0.0003599602058749387,0.34822310879596335,0.0,0.8030119671910718,28.0,31.142857142857142,30.236973833178705,0.7856761017349132
872,872.0,0.7792364760681023,0.8037010880013232,0.00036045281517425496,0.34870199840869337,0.0,0.8037027853541616,28.0,31.178571428571427,30.48672623024328,0.7907530285900284
873,873.0,0.7798993327108549,0.8046898824550515,0.0003609452899202603,0.3491797533828868,0.0,0.8043920208868665,28.0,31.214285714285715,31.57887933191661,0.8120107335495368
874,874.0,0.7805602607981312,0.8050765543597673,0.0003614414980975094,0.3496581170555729,0.0,0.8050796792215558,28.0,31.25,31.629174126962486,0.8129543137796909
875,875.0,0.7812192641719136,0.8056531378572577,0.00036193741743682214,0.3501346051391334,0.0,0.805765765765766,28.0,31.285714285714285,31.00637224199649,0.8010541903555487
876,876.0,0.7818763466529614,0.8064946789692866,0.0003624348654768913,0.3506089741777837,0.0,0.8064502859023409,28.0,31.321428571428573,32.23080799478921,0.8240132559511241
877,877.0,0.7825315120413414,0.8071420366804875,0.0003629333838558554,0.35107749169056823,0.0,0.8071332449895735,28.0,31.357142857142858,30.52466036393351,0.7915168800189105
878,878.0,0.7831847641169314,0.8076840014816115,0.0003634328333371091,0.3515453676465768,0.0,0.8078146483613456,28.0,31.392857142857142,31.083162756953705,0.8025472315039534
879,879.0,0.7838361066399344,0.808497046231744,0.0003639340030571219,0.35201705078494605,0.0,0.808494501327266,28.0,31.428571428571427,30.463929414811876,0.7902930709595488
880,880.0,0.7844855433513902,0.809210627382412,0.0003644361301675305,0.3524899759737082,0.0,0.8091728091728094,28.0,31.464285714285715,30.308815245070825,0.787145054836729
881,881.0,0.7851330779736765,0.8098455478090176,0.00036493953941504393,0.352963544356558,0.0,0.8098495771594525,28.0,31.5,31.992542671759296,0.8196833222625756
882,882.0,0.7857787142110133,0.8104929185238444,0.00036544416341239547,0.353434043807209,0.0,0.8105248105248107,28.0,31.535714285714285,30.699394398530366,0.7950109951614108
883,883.0,0.7864224557499576,0.8112082220932219,0.0003659500774494585,0.3539025308925047,0.0,0.8111985144827729,28.0,31.571428571428573,31.0836343140026,0.8025563772176919
884,884.0,0.7870643062598904,0.8119895766724128,0.0003664570386096649,0.3543709521266748,0.0,0.8118706942236357,28.0,31.607142857142858,30.408711449565068,0.7891761130258774
885,885.0,0.7877042693935171,0.812644256806314,0.00036696554657523724,0.3548413132654013,0.0,0.8125413549142364,28.0,31.642857142857142,30.958939040418564,0.8001282441217354
886,886.0,0.7883423487873429,0.813263633247776,0.0003674754126896665,0.35531421400275176,0.0,0.8132105016980865,28.0,31.678571428571427,30.692443969364252,0.7948727688567208
887,887.0,0.7889785480621571,0.8139317760185972,0.0003679864655506624,0.35578913547778385,0.0,0.8138781396955018,28.0,31.714285714285715,31.211522097309945,0.8050265235195463
888,888.0,0.789612870823509,0.8145188114351053,0.00036849886910899217,0.3562588896723395,0.0,0.8145442740037337,28.0,31.75,30.512184030814492,0.7912658629913214
889,889.0,0.7902453206621766,0.8151759667523895,0.00036901255912658596,0.35672519069556047,0.0,0.8152089096970989,28.0,31.785714285714285,30.503925064957187,0.7910995841435463
890,890.0,0.7908759011546339,0.8159028202536494,0.0003695275962128238,0.3571872129832973,1.0,0.8158720518271082,28.0,31.821428571428573,29.921289904989997,0.7791376609919649
891,891.0,0.7723333302058576,0.7955298590328086,0.0003606061897854634,0.3483660594843156,0.0,0.7955025732803513,29.0,30.75862068965517,30.758895286453082,0.796191759589208
892,892.0,0.7729973917106701,0.7961708948952665,0.00036107446490791953,0.34882486913862626,0.0,0.7961863208499983,29.0,30.79310344827586,31.69487012215817,0.8141823252502888
893,893.0,0.7736596207444151,0.796842276276063,0.00036154369423764185,0.3492908319997983,0.0,0.796868537070105,29.0,30.82758620689655,31.335829237178828,0.8074081864102912
894,894.0,0.7743200208436288,0.7975314032001424,0.00036201391206776203,0.34975485044750104,0.0,0.7975492270794285,29.0,30.862068965517242,31.670553488490306,0.8137283844923117
895,895.0,0.7749785955200531,0.7981212724775013,0.00036248494487315064,0.35021980944570713,0.0,0.7982283959937592,29.0,30.896551724137932,30.548837085750602,0.7920027188763215
896,896.0,0.7756353482611507,0.798889307964351,0.00036295730021617724,0.35068505793932847,0.0,0.7989060489060489,29.0,30.93103448275862,31.699160459815936,0.8142623446138346
897,897.0,0.776290282530616,0.7995714514594285,0.00036343049477275037,0.351150309859329,0.0,0.7995821908865388,29.0,30.96551724137931,30.709755057307383,0.795216926084407
898,898.0,0.7769434017688671,0.80033955278958,0.00036390459695683977,0.35161528286087435,0.0,0.800256826982885,29.0,31.0,30.281383965128764,0.7865849855620534
899,899.0,0.7775947093935669,0.8009433266829545,0.0003643799174588527,0.3520788994848922,0.0,0.8009299622202851,29.0,31.03448275862069,30.54584932060417,0.7919427204409104
900,900.0,0.7782442088001095,0.8016481940274284,0.0003648561364164178,0.3525414946526861,0.0,0.8016016016016018,29.0,31.06896551724138,31.260604726220027,0.8059691851898222
901,901.0,0.7788919033621258,0.8021901682435948,0.00036533335401785926,0.35300473442047087,0.0,0.8022717501074884,29.0,31.103448275862068,31.604424542818826,0.812490362343925
902,902.0,0.7795377964319768,0.8029853316593597,0.00036581175405400203,0.3534701972949091,0.0,0.8029404126965104,29.0,31.137931034482758,31.43095386247135,0.8092180029889346
903,903.0,0.7801818913412555,0.8035715712591696,0.0003662911493209585,0.35393585139600525,0.0,0.803607594305269,29.0,31.17241379310345,31.630436607038664,0.8129779605509504
904,904.0,0.7808241914012665,0.8040372706963419,0.0003667707696711553,0.3544005608070164,0.0,0.8042732998485213,29.0,31.20689655172414,30.85397566369917,0.7980691274817295
905,905.0,0.7814646999035249,0.8049548938929846,0.00036725313158664414,0.3548656142172573,0.0,0.8049375342193024,29.0,31.24137931034483,30.831113418570858,0.7976187684345976
906,906.0,0.7821034201202351,0.8056531378572577,0.0003677356943637365,0.35532901550883556,0.0,0.8056003022890442,29.0,31.275862068965516,30.19695501407726,0.784854799226634
907,907.0,0.782740355304782,0.8061249947537136,0.00036821914177604656,0.3557908177654279,0.0,0.8062616089076952,29.0,31.310344827586206,31.209526487135957,0.804988133888565
908,908.0,0.7833755086922009,0.8069649071317003,0.0003687041905027029,0.35624772477904043,0.0,0.806921458903838,29.0,31.344827586206897,30.393482363004278,0.7888673425755929
909,909.0,0.7840088834996645,0.8076669057020434,0.00036919000255999213,0.3567001965375213,0.0,0.8075798570848077,29.0,31.379310344827587,30.529951135335295,0.7916232655103121
910,910.0,0.7846404829269501,0.8081680690991387,0.0003696770651610115,0.3571577470047665,0.0,0.8082368082368085,29.0,31.413793103448278,31.34915552178105,0.8076623904230956
911,911.0,0.7852703101569137,0.8088356997882913,0.0003701652352892656,0.35761695810905547,0.0,0.8088923171250285,29.0,31.448275862068964,30.45437354627482,0.790100063127864
912,912.0,0.7858983683559524,0.8095355936231626,0.0003706545676966283,0.35807605578136703,0.0,0.809546388493757,29.0,31.482758620689655,31.58115597763583,0.8120535106233223
913,913.0,0.7865246606744799,0.8102105472910488,0.00037114499895268756,0.3585343169787265,0.0,0.8101990270664972,29.0,31.517241379310345,32.10439332378722,0.8217239587650612
914,914.0,0.7871491902473697,0.8109506357065183,0.0003716364307930505,0.3589889736317405,0.0,0.8108502375460802,29.0,31.551724137931036,30.894842540911608,0.7988724957806195
915,915.0,0.7877719601944259,0.8115130395293844,0.0003721293420472207,0.3594438436150219,0.0,0.8115000246147789,29.0,31.586206896551722,30.764097912176833,0.796294785869843
916,916.0,0.7883929736208268,0.8121373167172387,0.0003726232746287841,0.3598985833677285,0.0,0.8121483929344192,29.0,31.620689655172413,31.67554749731955,0.8138216690761614
917,917.0,0.7890122336175821,0.8127649696555151,0.0003731183803284057,0.360355588964405,0.0,0.8127953471464924,29.0,31.655172413793103,30.884700942197558,0.798673328775966
918,918.0,0.7896297432619694,0.8133519064497211,0.00037361458366144776,0.36081545155582745,0.0,0.8134408918722646,29.0,31.689655172413794,31.00623600276078,0.8010515348785138
919,919.0,0.7902455056179809,0.8141548390316745,0.0003741121537634072,0.3612749656427561,1.0,0.8140850317128882,29.0,31.724137931034484,30.333018956663565,0.787638385066594
920,920.0,0.7721555654445993,0.7943677714316204,0.00036559795167260596,0.35277941719922856,0.0,0.7943595769682728,30.0,30.7,31.873953148239988,0.8175040976639951
921,921.0,0.7728022471103685,0.794992948081299,0.000366052997828183,0.3532130043096131,0.0,0.7950230360653814,30.0,30.733333333333334,31.87825404724067,0.8175834151869441
922,922.0,0.7734472198917955,0.7957682096988625,0.00036650883961629243,0.35365459140074623,0.0,0.7956850559887438,30.0,30.766666666666666,30.589633637113995,0.7928207971346064
923,923.0,0.7740904868600068,0.7963544078695792,0.0003669657599955348,0.3541032717993447,0.0,0.796345641416064,30.0,30.8,31.23679342948511,0.8055122447632885
924,924.0,0.7747320510628958,0.7970940635223454,0.00036742334399642284,0.35455766192897586,0.0,0.7970047970047972,30.0,30.833333333333332,30.880841038332644,0.7985974912207437
925,925.0,0.7753719155255887,0.7975314032001424,0.0003678818037661897,0.3550099177789878,0.0,0.7976625273922573,30.0,30.866666666666667,30.698027949765365,0.794983824924632
926,926.0,0.7760100832509234,0.7985151751921815,0.0003683409791249817,0.35546298956837474,0.0,0.7983188371957273,30.0,30.9,29.826379282686933,0.7771448122862182
927,927.0,0.776646557219916,0.7990091709584158,0.00036880197658381613,0.3559165527135571,0.0,0.7989737310125662,30.0,30.933333333333334,32.172466638549494,0.8229589629468804
928,928.0,0.7772813403922318,0.7995714514594285,0.0003692632872746774,0.3563696403227879,0.0,0.7996272134203171,30.0,30.966666666666665,30.843195277377127,0.797856849874156
929,929.0,0.7779144357066554,0.80033955278958,0.00036972554641330973,0.35682254715343004,0.0,0.8002792889768133,30.0,31.0,31.072659417094197,0.8023434502890091
930,930.0,0.7785458460815549,0.8009433266829545,0.0003701888035961235,0.35727406353337904,0.0,0.8009299622202851,30.0,31.033333333333335,30.817467588146933,0.7973496433561559
931,931.0,0.779175574415342,0.8016481940274284,0.0003706528781862142,0.35772449143243606,0.0,0.8015792376694635,30.0,31.066666666666666,31.057366232770658,0.8020464921513168
932,932.0,0.77980362358694,0.8021901682435948,0.00037111802978181805,0.358175370367541,0.0,0.8022271198236866,30.0,31.1,30.376429083378625,0.7885212190744915
933,933.0,0.7804299964562392,0.8028839278928247,0.00037158410751680725,0.3586283730378815,0.0,0.8028736131630024,30.0,31.133333333333333,30.974200248567275,0.8004264684720619
934,934.0,0.781054695864554,0.803520118302565,0.00037205113470177895,0.35908178611482144,0.0,0.8035187221482727,30.0,31.166666666666668,30.4945219315694,0.7909101599711923
935,935.0,0.7816777246350829,0.8040372706963419,0.00037251888591170534,0.359534349197936,0.0,0.8041624512212749,30.0,31.2,31.360921552280626,0.8078866524089388
936,936.0,0.782299085573354,0.8046898824550515,0.0003729879100385829,0.35998661347311994,0.0,0.8048048048048051,30.0,31.233333333333334,31.901595015084165,0.8180134982020693
937,937.0,0.782918781467675,0.8053765671073653,0.0003734580225483674,0.3604379521596516,0.0,0.8054457873027778,30.0,31.266666666666666,30.293809052015437,0.7868387964139867
938,938.0,0.7835368150895896,0.8060621012200583,0.0003739290695672765,0.3608879984364619,0.0,0.8060854031003287,30.0,31.3,31.030134557926928,0.8015169915876267
939,939.0,0.7841531891943082,0.8066833646837162,0.0003744010400628277,0.36133378073690625,0.0,0.8067236565639123,30.0,31.333333333333332,30.819753033558186,0.797394733861899
940,940.0,0.7847679065211597,0.8074001773446127,0.0003748740466357492,0.3617736956641478,0.0,0.8073605520414032,30.0,31.366666666666667,30.723067606577803,0.7954813256000812
941,941.0,0.7853809697940275,0.8080232097357751,0.0003753480923323447,0.3622166168157564,0.0,0.8079960938621938,30.0,31.4,30.901226488928476,0.798997800663484
942,942.0,0.7859923817217822,0.8086827496426969,0.00037582312652925095,0.36266221138839383,0.0,0.8086302863372928,30.0,31.433333333333334,30.594478552995042,0.7929178055177353
943,943.0,0.7866021449987138,0.809210627382412,0.00037629923730348044,0.36310818740538037,0.0,0.8092631337594225,30.0,31.466666666666665,31.16361653505667,0.8041036047091
944,944.0,0.787210262304967,0.8099111490590164,0.000376776441616253,0.3635547716034003,0.0,0.8098946404031152,30.0,31.5,31.436749820467455,0.8093279213857774
945,945.0,0.7878167363069593,0.8104929185238444,0.00037725465433766217,0.36399806394549505,0.0,0.8105248105248107,30.0,31.533333333333335,30.53437627011316,0.7917122166868239
946,946.0,0.7884215696578062,0.811159602688058,0.00037773396598452257,0.3644392260868975,0.0,0.8111536483629509,30.0,31.566666666666666,30.953125584202677,0.8000145640907471
947,947.0,0.7890247649977474,0.8117410070787076,0.00037821431463356506,0.3648801869607081,0.0,0.8117811581380749,30.0,31.6,31.36553022800881,0.807974448475323
948,948.0,0.789626324954547,0.8124322985529396,0.00037869579442825855,0.3653224091442081,0.0,0.8124073440529138,30.0,31.633333333333333,31.695218121118838,0.814188816608595
949,949.0,0.7902262521439204,0.8130639151884834,0.0003791783490564757,0.3657669431106549,0.0,0.8130322102924844,30.0,31.666666666666668,30.757870948654478,0.7961714707803409
950,950.0,0.7908245491699373,0.8135982873375063,0.0003796619783985513,0.36621446478891423,1.0,0.8136557610241821,30.0,31.7,29.774275153836925,0.7760453742402497
951,951.0,0.7732286034043849,0.7944524901148717,0.00037143815030559786,0.357993644270567,0.0,0.79457375356429,31.0,30.70967741935484,30.845449427660093,0.7979012488300401
952,952.0,0.7738555627942536,0.7952056533867641,0.0003718828416473797,0.35841739660732425,0.0,0.7952153834506775,31.0,30.741935483870968,31.372106846280445,0.8080996895172026
953,953.0,0.7744809313244628,0.7958633866444306,0.0003723281044375683,0.3588499863895579,0.0,0.79585566678956,31.0,30.774193548387096,30.925063249138432,0.7994652141832972
954,954.0,0.7751047116256828,0.7964850296025562,0.0003727741767405732,0.35929023497270923,0.0,0.7964946078153627,31.0,30.806451612903224,31.025693599301412,0.801430552151499
955,955.0,0.7757269063076043,0.797119705184511,0.00037322106586803734,0.359733177682234,0.0,0.7971322107447765,31.0,30.838709677419356,31.82768561225139,0.8166494723781654
956,956.0,0.7763475179593878,0.7978756371596455,0.0003736685965642368,0.36017420479082946,0.0,0.7977684797768482,31.0,30.870967741935484,31.228777778969036,0.805358267109833
957,957.0,0.7769665491500856,0.7985151751921815,0.00037411712498974315,0.3606159138766708,0.0,0.7984034190930744,31.0,30.903225806451612,31.120100764125908,0.8032627940826281
958,958.0,0.7775840024290968,0.7990091709584158,0.0003745666989027211,0.3610586621603401,0.0,0.7990370328574925,31.0,30.93548387096774,30.83441589032694,0.7976838644691537
959,959.0,0.7781998803265857,0.7997425855539826,0.0003750168521184679,0.3615003117216054,0.0,0.7996693252167706,31.0,30.967741935483872,31.014470367649277,0.8012119912794358
960,960.0,0.7788141853539226,0.80033955278958,0.00037546799518437,0.36194191837982037,0.0,0.8003003003003003,31.0,31.0,31.455890385629793,0.8096906280135285
961,961.0,0.779426920004112,0.8009433266829545,0.00037591995725815025,0.3623820667372681,0.0,0.8009299622202851,31.0,31.032258064516128,30.89583319460684,0.7988919438422534
962,962.0,0.780038086752224,0.8016481940274284,0.00037637263275364205,0.36282107599324115,0.0,0.8015583150718287,31.0,31.06451612903226,30.429002547651166,0.7895870357630135
963,963.0,0.7806476880558162,0.8021901682435948,0.0003768264457058629,0.3632603693080477,0.0,0.8021853629330267,31.0,31.096774193548388,31.52991509871246,0.8110892240876849
964,964.0,0.7812557263553683,0.8028354934689612,0.00037728099695243686,0.36370171828910514,0.0,0.8028111098650521,31.0,31.129032258064516,30.04249467688847,0.7816643033339338
965,965.0,0.7818622040746914,0.8034753011796218,0.0003777364296043885,0.3641436802538436,0.0,0.803435559912244,31.0,31.161290322580644,30.938768085990286,0.7997336253701809
966,966.0,0.7824671236213641,0.8040372706963419,0.0003781927932105736,0.3645846386256187,0.0,0.8040587171021956,31.0,31.193548387096776,30.7890570439752,0.7967885610514297
967,967.0,0.7830704873871341,0.8046898824550515,0.0003786500477357714,0.36502521683232025,0.0,0.804680585445839,31.0,31.225806451612904,30.51661240870323,0.7913549830395693
968,968.0,0.7836722977483516,0.8052697255282436,0.0003791081917081527,0.3654652253313443,0.0,0.8053011689375328,31.0,31.258064516129032,30.94473947906578,0.7998505015932227
969,969.0,0.7842725570663698,0.8059788271041596,0.0003795672285213861,0.3659036223045273,0.0,0.8059204715551468,31.0,31.29032258064516,30.464941421616132,0.7903135042129474
970,970.0,0.7848712676879597,0.8065138851860115,0.000380027279845555,0.3663391470335381,0.0,0.806538497260147,31.0,31.322580645161292,31.370328544747395,0.8080658298249539
971,971.0,0.7854684319457166,0.8071420366804875,0.0003804882252007728,0.3667685805550056,0.0,0.8071552499976807,31.0,31.35483870967742,30.811383193258756,0.7972295691826877
972,972.0,0.786064052158471,0.8076840014816115,0.0003809499796596503,0.36719756046527835,0.0,0.8077707336966597,31.0,31.387096774193548,30.736348916715464,0.7957448764494769
973,973.0,0.7866581306316878,0.808497046231744,0.00038141272254322976,0.36763036150658046,0.0,0.8083849522698445,31.0,31.419354838709676,31.289650267062864,0.8065256295434132
974,974.0,0.7872506696578636,0.8089743379040911,0.00038187671578303323,0.3680644324063712,0.0,0.8089979096139261,31.0,31.451612903225808,31.376879824367595,0.8081905502754814
975,975.0,0.7878416715169275,0.8095355936231626,0.00038234138418522613,0.3684985207053422,0.0,0.8096096096096097,31.0,31.483870967741936,32.14575748772716,0.8224750219514475
976,976.0,0.7884311384766337,0.8102105472910488,0.00038280720431196506,0.36893110499300624,0.0,0.8102200561216957,31.0,31.516129032258064,30.75500222068414,0.7961146433928415
977,977.0,0.7890190727929483,0.8109506357065183,0.0003832736594697662,0.36936011071198444,0.0,0.8108292529991612,31.0,31.548387096774192,31.960635702821524,0.8190985836958343
978,978.0,0.7896054767104463,0.8114086026994487,0.0003837416006498783,0.3697892252195912,0.0,0.811437204075241,31.0,31.580645161290324,30.924366314946518,0.7994515582708941
979,979.0,0.7901903524626895,0.8120334029044088,0.0003842103113071125,0.3702176944609875,0.0,0.8120439131675087,31.0,31.612903225806452,31.383260033541784,0.8083119639110816
980,980.0,0.7907737022726028,0.812644256806314,0.00038468001816522007,0.37064841847628444,0.0,0.8126493840779558,31.0,31.64516129032258,31.848877544261715,0.8170412248248896
981,981.0,0.7913555283528639,0.813263633247776,0.0003851507377497399,0.3710813117803646,0.0,0.8132536205930703,31.0,31.677419354838708,30.526805380912368,0.7915600159217228
982,982.0,0.7919358329062676,0.8138135220664624,0.0003856224516476545,0.37151591302640746,0.0,0.813856626483918,31.0,31.70967741935484,30.754383864295036,0.7961023928194868
983,983.0,0.7925146181261016,0.8145188114351053,0.00038609519735991783,0.3719452204101829,0.0,0.8144584055062186,31.0,31.741935483870968,30.946463018591416,0.7998842275092033
984,984.0,0.7930918861965137,0.8149946428485308,0.00038656900727989085,0.37237100245384397,0.0,0.8150589614004249,31.0,31.774193548387096,31.298205325752715,0.806689327479999
985,985.0,0.7936676392928744,0.8156729785748947,0.00038704394565520486,0.37279283326981894,1.0,0.8156582978918007,31.0,31.806451612903224,30.539820814287708,0.7918216239978856
986,986.0,0.7766517627872871,0.7972595588968264,0.0003789405230973763,0.36482112577118203,0.0,0.7972516126674344,32.0,30.84375,31.580096934637638,0.8120336124839678
987,987.0,0.7772542826358935,0.7978756371596455,0.00037937801115062316,0.3652517123331392,0.0,0.7978677765911811,32.0,30.875,30.66297918466919,0.7942860935510737
988,988.0,0.7778553273738841,0.7985151751921815,0.00037981624549793307,0.36568299031897294,0.0,0.7984826932195356,32.0,30.90625,31.1798982808285,0.8044175968511815
989,989.0,0.7784548991818769,0.7991171848116548,0.00038025527692827054,0.3661153233305589,0.0,0.7990963663360026,32.0,30.9375,31.91961661266362,0.8183451356619267
990,990.0,0.7790530002231254,0.7997425855539826,0.0003806950615481226,0.36654627950087804,0.0,0.7997087997087998,32.0,30.96875,31.407048010247717,0.8087642077791745
991,991.0,0.7796496326439362,0.80033955278958,0.00038113565371432204,0.3669772382633903,0.0,0.8003199970909357,32.0,31.0,30.629767104561072,0.7936234524192741
992,992.0,0.780244798574053,0.8009433266829545,0.0003815770252359648,0.36740672097045707,0.0,0.8009299622202851,32.0,31.03125,30.730001766284698,0.7956189536747755
993,993.0,0.7808385001270639,0.8016481940274284,0.0003820189840760806,0.36783500165219724,0.0,0.8015386988196658,32.0,31.0625,31.77556607205408,0.8156837716114744
994,994.0,0.7814307394007893,0.8021901682435948,0.00038246212363452625,0.36826337013136456,0.0,0.8021462105969149,32.0,31.09375,31.04105690397025,0.8017294804293461
995,995.0,0.7820215184776758,0.8028354934689612,0.0003829058112971833,0.3686938904710794,0.0,0.8027525012449636,32.0,31.125,30.58210796399111,0.7926700517534383
996,996.0,0.7826108394251929,0.8032553012244932,0.0003833503380649145,0.36912506222428715,0.0,0.803357574441912,32.0,31.15625,30.616477100421058,0.7933578900339839
997,997.0,0.7831987042962176,0.8039775168614748,0.00038379592816789056,0.36955507315005376,0.0,0.8039614338511031,32.0,31.1875,31.437730491853696,0.809346515480307
998,998.0,0.7837851151294152,0.8046898824550515,0.00038424189508711723,0.3699846761226042,0.0,0.8045640831211975,32.0,31.21875,30.587094729861416,0.7927699490394051
999,999.0,0.7843700739496364,0.8052521622008746,0.00038468911790328784,0.37041423950772,0.0,0.8051655258862468,32.0,31.25,30.947130966321108,0.7998972967819736
1000,1000.0,0.7849535827682893,0.8056531378572577,0.00038513694562382193,0.37084170680529693,0.0,0.805765765765766,32.0,31.28125,30.804515604041455,0.797093981859428
1001,1001.0,0.7855356435837265,0.8064946789692866,0.00038558564036986925,0.3712669882211616,0.0,0.8063648063648066,32.0,31.3125,30.842154628447954,0.7978363505036887
1002,1002.0,0.7861162583816113,0.8069649071317003,0.00038603556676107857,0.3716870778267492,0.0,0.8069626512740287,32.0,31.34375,30.545498384339457,0.7919356723875279
1003,1003.0,0.7866954291353077,0.8076669057020434,0.0003864858510610621,0.3721030298112172,0.0,0.8075593040697729,32.0,31.375,31.24385761187519,0.805647879573624
1004,1004.0,0.78727315780624,0.8081680690991387,0.00038693741746856564,0.37252412117109635,0.0,0.8081547683141311,32.0,31.40625,31.25407760302401,0.8058439985147521
1005,1005.0,0.7878494463442665,0.8086827496426969,0.00038738958301983025,0.37294640125249173,1.0,0.808749047555018,32.0,31.4375,30.281436189619114,0.7865860528027496
1006,1006.0,0.7709813909108556,0.7906657685775933,0.00037992352778837973,0.365357606646996,0.0,0.790715168448767,33.0,30.515151515151516,31.112694831368422,0.8031194626317832
1007,1007.0,0.7715821749684802,0.7913185506053861,0.0003803440940323646,0.36575118227004805,0.0,0.7913255857645134,33.0,30.545454545454547,31.435853312692146,0.809310922066758
1008,1008.0,0.7721815579546157,0.791700305546445,0.0003807643125438204,0.3661478924425228,0.0,0.791934791934792,33.0,30.575757575757574,31.598748638080895,0.8123838603637153
1009,1009.0,0.7727795419314627,0.7925468973975526,0.00038118707364237606,0.3665439400942222,0.0,0.7925427905606303,33.0,30.606060606060606,31.897324371897327,0.8179348539491138
1010,1010.0,0.7733761289413801,0.7931539516785141,0.00038160953777193244,0.3669481629957026,0.0,0.7931495852287933,33.0,30.636363636363637,30.999276276922142,0.8009158498641021
1011,1011.0,0.7739713210072517,0.7937391760945881,0.00038203265456373295,0.3673525688110359,0.0,0.7937551795118561,33.0,30.666666666666668,30.514085196071164,0.7913041266572084
1012,1012.0,0.7745651201329037,0.7943677714316204,0.00038245644083423504,0.36775302544795946,0.0,0.7943595769682728,33.0,30.696969696969695,30.566971738192905,0.7923666360030377
1013,1013.0,0.7751575283034388,0.794992948081299,0.00038288087646492185,0.36815515509325025,0.0,0.7949627811424456,33.0,30.727272727272727,30.5880573848984,0.7927892296560355
1014,1014.0,0.775748547485654,0.7955582716068933,0.00038330601490908604,0.3685640513557566,0.0,0.7955647955647958,33.0,30.757575757575758,30.43942087866198,0.7897978084857616
1015,1015.0,0.7763381796284012,0.7961708948952665,0.00038373181671781556,0.368980182910282,0.0,0.7961656237518309,33.0,30.78787878787879,31.318763104661173,0.8070823274435608
1016,1016.0,0.7769264266629726,0.7967683514308381,0.00038415830241943076,0.3694034369472531,0.0,0.7967652692062143,33.0,30.818181818181817,30.607727691500834,0.7931829324531872
1017,1017.0,0.7775132905034733,0.7972595588968264,0.00038458528487484865,0.3698251496575474,0.0,0.7973637354168329,33.0,30.848484848484848,30.830867823426622,0.7976139268762078
1018,1018.0,0.7780987730472018,0.7980200312218952,0.00038501328524370677,0.37024626796589366,0.0,0.7979610258588651,33.0,30.87878787878788,31.487492299676063,0.8102885075465209
1019,1019.0,0.7786828761750199,0.7985151751921815,0.0003854418863115053,0.37066778880462137,0.0,0.7985571439938468,33.0,30.90909090909091,30.30423661107257,0.7870516425558913
1020,1020.0,0.7792656017517313,0.7991397342865011,0.0003858711920281217,0.3710901469728074,0.0,0.7991520932697403,33.0,30.939393939393938,31.2314818292706,0.8054102197406473
1021,1021.0,0.7798469516264473,0.7997425855539826,0.0003863011838488674,0.3715110661850603,0.0,0.7997458771209999,33.0,30.96969696969697,31.223073584847725,0.8052486435217043
1022,1022.0,0.7804269276329574,0.80033955278958,0.0003867318914231076,0.37193203677633185,0.0,0.8003384989686362,33.0,31.0,31.183065780540026,0.8044786437259058
1023,1023.0,0.7810055315901056,0.8009433266829545,0.00038716331964501797,0.37235149866837897,0.0,0.8009299622202851,33.0,31.03030303030303,31.03197945412274,0.8015528936298729
1024,1024.0,0.7815827653021497,0.8016481940274284,0.00038759518771638076,0.3727697342073421,0.0,0.8015202702702705,33.0,31.060606060606062,31.345568629903656,0.8075939903378866
1025,1025.0,0.7821586305591268,0.8021901682435948,0.0003880282632366933,0.3731877746257534,0.0,0.8021094264996705,33.0,31.09090909090909,30.694742991706512,0.7949184974745653
1026,1026.0,0.7827331291372202,0.8026374030963028,0.00038846195558881364,0.373608173636802,0.0,0.8026974342763818,33.0,31.12121212121212,31.650319018342554,0.8133501174988625
1027,1027.0,0.7833062627991181,0.8032553012244932,0.0003888963936953593,0.37402907570973787,1.0,0.8032842969551832,33.0,31.151515151515152,29.935530661581197,0.7794355854420085
1028,1028.0,0.7666552834216415,0.7856939666078014,0.00038191041336099274,0.36697494300725236,0.0,0.7856416728012059,34.0,30.264705882352942,30.871450075704256,0.7984129028573613
1029,1029.0,0.7672508949463818,0.786247448739587,0.00038231743079516817,0.3673467520428598,0.0,0.7862439699174396,34.0,30.294117647058822,29.87904472169658,0.7782521977551069
1030,1030.0,0.7678451787916145,0.7868608086962445,0.00038272494562869154,0.36772236273525194,0.0,0.7868450975247094,34.0,30.323529411764707,31.257140296695876,0.8059027458252659
1031,1031.0,0.7684381369087209,0.7874295980335182,0.00038313301807205873,0.36809756102123287,0.0,0.7874450590260486,34.0,30.352941176470587,31.001201163009203,0.8009533830399658
1032,1032.0,0.7690297712278209,0.7880039818246262,0.00038354162411536794,0.3684708771919772,0.0,0.7880438578112998,34.0,30.38235294117647,30.498709205457516,0.7909945261611921
1033,1033.0,0.7696200836581386,0.7885835248803233,0.00038395078453502324,0.3688503618024997,0.0,0.7886414972571799,34.0,30.41176470588235,30.371941533600555,0.788430072497958
1034,1034.0,0.7702090760883545,0.7891179943965838,0.0003843603462507376,0.3692314632078748,0.0,0.7892379807273426,34.0,30.441176470588236,30.959118768406466,0.800131757957098
1035,1035.0,0.7707967503869613,0.7898169000215404,0.00038477092662015603,0.3696112776422381,0.0,0.7898333115724421,34.0,30.470588235294116,30.902553112057713,0.7990238332812836
1036,1036.0,0.7713831084026299,0.7903378387942697,0.00038518169178803507,0.3699898740543593,0.0,0.790427493130196,34.0,30.5,30.51777910123351,0.7913784581436591
1037,1037.0,0.7719681519645593,0.7911748502010738,0.0003855928919838812,0.3703719406811495,0.0,0.7910205287254469,34.0,30.529411764705884,31.485242462739407,0.8102459823545991
1038,1038.0,0.7725518828828364,0.7916156060722112,0.0003860053877459269,0.37075905847205715,0.0,0.7916124216702253,34.0,30.558823529411764,31.10186991925254,0.8029098388240803
1039,1039.0,0.7731343029487873,0.7922420493086776,0.0003864180178385714,0.3711454967854615,0.0,0.7922031752638107,34.0,30.58823529411765,30.160049150360845,0.7840954517870262
1040,1040.0,0.7737154139353456,0.792756782253785,0.00038683127243162665,0.3715358066122352,0.0,0.7927927927927928,34.0,30.61764705882353,31.481936890450413,0.8101834912028248
1041,1041.0,0.7742952175973927,0.7933708525568087,0.00038724514302861416,0.3719327436908759,0.0,0.7933812775311337,34.0,30.647058823529413,31.283030238718066,0.8063988962614683
1042,1042.0,0.7748737156721268,0.7940632751500512,0.0003876594339040763,0.3723260176826528,0.0,0.7939686327402261,34.0,30.676470588235293,31.32349004016001,0.8071726186146073
1043,1043.0,0.7754509098793998,0.7944524901148717,0.0003880744656332364,0.3727177622515241,0.0,0.7945548616689558,34.0,30.705882352941178,30.273743674677934,0.7864288116908825
1044,1044.0,0.7760268019220852,0.7951675269657539,0.00038849031595948635,0.37311169805790523,0.0,0.7951399675537609,34.0,30.735294117647058,30.893243843493902,0.7988411082513175
1045,1045.0,0.7766013934864289,0.7957682096988625,0.0003889065842511039,0.3735139109639517,0.0,0.7957239536186906,34.0,30.764705882352942,31.153547901974356,0.8039092677038255
1046,1046.0,0.7771746862423909,0.7963544078695792,0.00038932349149301936,0.3739223072584771,0.0,0.7963068230754656,34.0,30.794117647058822,31.240207001349532,0.8055777942141849
1047,1047.0,0.7777466818440038,0.796842276276063,0.00038974103420803173,0.37433698694893086,0.0,0.7968885791235364,34.0,30.823529411764707,30.429694758414207,0.7896010443196858
1048,1048.0,0.7783173819297179,0.7974781090491476,0.0003901592456896894,0.37474896735157726,0.0,0.7974692249501412,34.0,30.852941176470587,30.9909591835941,0.8007536220343832
1049,1049.0,0.7788867881227536,0.7980301329640893,0.000390578051804573,0.37516132481929476,0.0,0.7980487637303655,34.0,30.88235294117647,30.799465747752564,0.796994243594714
1050,1050.0,0.779454902031437,0.7986551874270811,0.00039099749773428795,0.3755734306459794,0.0,0.798627198627199,34.0,30.91176470588235,31.76640894247813,0.8155137757701387
1051,1051.0,0.7800217252495644,0.799208139026539,0.00039141761440199117,0.37598660512511073,0.0,0.799204532791593,34.0,30.941176470588236,31.214779940451372,0.805089184227914
1052,1052.0,0.7805872593567241,0.7997425855539826,0.0003918383430604154,0.37639805985040675,0.0,0.7997807693625187,34.0,30.970588235294116,31.84467910388221,0.8169636541913297
1053,1053.0,0.7811515059186546,0.80033955278958,0.0003922597799772772,0.37680954161920277,0.0,0.8003559114670228,34.0,31.0,30.635019802126173,0.7937283488938179
1054,1054.0,0.781714466487579,0.8009433266829545,0.00039268186043181676,0.3772195756225774,0.0,0.8009299622202851,34.0,31.029411764705884,31.81690383304232,0.8164499609325754
1055,1055.0,0.7822761426025432,0.8016481940274284,0.0003931042125929287,0.37762834489713787,0.0,0.8015029247256737,34.0,31.058823529411764,30.89852166039472,0.798944716292315
1056,1056.0,0.7828365357897579,0.8019999705736094,0.00039352792945186233,0.37803679495704995,0.0,0.8020748020748023,34.0,31.08823529411765,31.01157707932363,0.8011556218227309
1057,1057.0,0.78339564756293,0.8026374030963028,0.00039395213873331275,0.37844744193391266,0.0,0.8026455973475843,34.0,31.11764705882353,31.40484941158548,0.808722437970896
1058,1058.0,0.783953479423601,0.8032553012244932,0.0003943768999721228,0.37885860534341986,0.0,0.8032153136122893,34.0,31.147058823529413,30.93368531548753,0.7996341063304507
1059,1059.0,0.784510032861471,0.8037127327717011,0.0003948023157846763,0.37926943002974334,0.0,0.8037839539255972,34.0,31.176470588235293,30.49959491430874,0.7910123686655128
1060,1060.0,0.7850653093547416,0.8040372706963419,0.0003952266961851635,0.37967859437891227,0.0,0.8043515213326536,34.0,31.205882352941178,30.66428332850426,0.7943120842932838
1061,1061.0,0.78561931037043,0.8049548938929846,0.0003956554503290055,0.38008837747386653,0.0,0.8049180188671236,34.0,31.235294117647058,30.945093370912403,0.7998574267926581
1062,1062.0,0.7861720373647065,0.8053765671073653,0.00039608284849359707,0.38049627348464954,0.0,0.8054834495512463,34.0,31.264705882352942,30.505184989858357,0.7911249561975562
1063,1063.0,0.7867234917832148,0.8060621012200583,0.0003965113731509302,0.3809029115251601,0.0,0.8060478163958882,34.0,31.294117647058822,30.808270656962844,0.7971681256376859
1064,1064.0,0.7872736750613872,0.8066833646837162,0.00039694030452768934,0.38130558761133576,0.0,0.8066111224005963,34.0,31.323529411764707,30.37879663571733,0.7885692955541351
1065,1065.0,0.7878225886247802,0.8071420366804875,0.0003973701427874833,0.38170249955860813,0.0,0.8071733705536523,34.0,31.352941176470587,31.071310220625385,0.8023172637827259
1066,1066.0,0.7883702338893719,0.8076840014816115,0.0003978006009598429,0.38209901645541117,0.0,0.807734563832125,34.0,31.38235294117647,31.404634036610645,0.8087183458812081
1067,1067.0,0.7889166122618971,0.8081680690991387,0.00039823156468586223,0.3824993340779215,0.0,0.8082947052019218,34.0,31.41176470588235,31.286044418545043,0.8064566061244327
1068,1068.0,0.7894617251401433,0.8088356997882913,0.00039866384629734227,0.3829010971499158,0.0,0.8088537976178427,34.0,31.441176470588236,30.903668269123532,0.7990457145249226
1069,1069.0,0.7900055739132742,0.8094195040715602,0.0003990965767321755,0.38330201760653976,0.0,0.8094118440236308,34.0,31.470588235294116,30.942183845311444,0.7998004864889229
1070,1070.0,0.7905481599621278,0.8099111490590164,0.0003995299950303948,0.3837031857333201,0.0,0.8099688473520252,34.0,31.5,31.338234986667906,0.807454093000266
1071,1071.0,0.7910894846595303,0.8104929185238444,0.000399964287908204,0.3841009368630518,0.0,0.8105248105248107,34.0,31.529411764705884,30.505974348225276,0.7911408510320133
1072,1072.0,0.7916295493705956,0.8110530832137781,0.0004003993117331732,0.3844963623149494,0.0,0.8110797364528709,34.0,31.558823529411764,31.46955086697264,0.8099492192669157
1073,1073.0,0.7921683554530159,0.8116940888597224,0.0004008350477194035,0.38489179440701,0.0,0.8116336280362377,34.0,31.58823529411765,31.752892542615648,0.8152626738860828
1074,1074.0,0.7927059042573829,0.8121675017287828,0.0004012716918366333,0.3852871934323008,0.0,0.8121864881641419,34.0,31.61764705882353,31.271977434054982,0.8061871826929407
1075,1075.0,0.7932421971274591,0.8127649696555151,0.00040170905327511174,0.38568452857425295,0.0,0.8127383197150642,34.0,31.647058823529413,30.631922429286583,0.7936664986490019
1076,1076.0,0.7937772354004854,0.813263633247776,0.0004021472196767452,0.3860839771381884,0.0,0.8132891255567837,34.0,31.676470588235293,30.91636195140851,0.7992946745182927
1077,1077.0,0.7943110204074632,0.8138135220664624,0.0004025861884073131,0.38648479724990614,0.0,0.8138389085464296,34.0,31.705882352941178,30.739243410316178,0.7958022837992973
1078,1078.0,0.7948435534734437,0.814261323165888,0.00040302565698197484,0.38688040159432685,0.0,0.8143876715305287,34.0,31.735294117647058,31.11726905781788,0.8032079984311316
1079,1079.0,0.7953748359178117,0.8149946428485308,0.0004034665048334378,0.38727192370883046,1.0,0.8149354173450561,34.0,31.764705882352942,29.89299736017865,0.7785449232343815
1080,1080.0,0.7796234678110772,0.7981212724775013,0.0003960751340590662,0.3799998077623092,0.0,0.7981314647981316,35.0,30.885714285714286,30.397071360652014,0.7889401375376792
1081,1081.0,0.7801764633292514,0.7987158717532702,0.00039648598353851346,0.3804030929904163,0.0,0.7986932353259829,35.0,30.914285714285715,31.256661052528983,0.805893553923669
1082,1082.0,0.78072824743654,0.799208139026539,0.000396897404277136,0.38080760357308835,0.0,0.7992539674609918,35.0,30.942857142857143,30.787020348781613,0.7967482984021838
1083,1083.0,0.7812788214808875,0.7998588756068021,0.0003973094561876493,0.3812102748426592,0.0,0.7998136640795923,35.0,30.97142857142857,30.896408558942518,0.798903238560027
1084,1084.0,0.7818281867976984,0.80033955278958,0.0003977221300655862,0.3816127152517965,0.0,0.8003723280476049,35.0,31.0,30.710393717422267,0.79522961569848
1085,1085.0,0.7823763447101573,0.8009433266829545,0.0003981354114952759,0.3820138673517476,1.0,0.8009299622202851,35.0,31.02857142857143,29.601712206551348,0.7723765249141095
1086,1086.0,0.7664727199951822,0.7842071555281855,0.0003916039203016299,0.37547795014412333,0.0,0.7842317455577127,36.0,30.194444444444443,31.30942964233415,0.8069039650150099
1087,1087.0,0.7670402807178237,0.7847262594688417,0.0003919942342783644,0.375828838133164,0.0,0.784803202466496,36.0,30.22222222222222,31.200382870155035,0.8048121749722168
1088,1088.0,0.7676066692669182,0.785330137790186,0.00039238517522843477,0.37618173983215614,0.0,0.7853736089030208,36.0,30.25,30.578833632405996,0.7926044410520657
1089,1089.0,0.7681718871724257,0.7858816674608087,0.0003927764574623028,0.3765363868500653,0.0,0.7859429677611498,36.0,30.27777777777778,32.18916211533465,0.8232610590692903
1090,1090.0,0.768735935945358,0.7865634141450695,0.0003931682515854173,0.37689480674861264,0.0,0.7865112819241261,36.0,30.305555555555557,31.28041776866128,0.8063488685866294
1091,1091.0,0.7692988170781057,0.7869398664620868,0.00039356016936003396,0.377253569135929,0.0,0.7870785542646223,36.0,30.333333333333332,31.426953027577202,0.8091421048463134
1092,1092.0,0.7698605320447277,0.7876121308021153,0.0003939532149669698,0.3776119056995992,0.0,0.7876447876447877,36.0,30.36111111111111,31.98114426762315,0.8194745649723655
1093,1093.0,0.7704210823012778,0.7881077501780759,0.00039434619837531044,0.3779697398721205,0.0,0.7882099849162981,36.0,30.38888888888889,30.88416935374516,0.7986628855044652
1094,1094.0,0.7709804692861006,0.788761566067767,0.0003947400311350251,0.378334548001742,0.0,0.7887741489204013,36.0,30.416666666666668,30.776716300431584,0.7965445199289403
1095,1095.0,0.7715386944201498,0.789437113834124,0.0003951339491742058,0.37869921142231944,0.0,0.7893372824879676,36.0,30.444444444444443,31.37934813792753,0.808237527463109
1096,1096.0,0.7720957591072931,0.7898169000215404,0.00039552859543820864,0.3790623814024364,0.0,0.7898993884395346,36.0,30.47222222222222,30.32747137210358,0.7875253814224177
1097,1097.0,0.7726516647346209,0.7903378387942697,0.00039592350080471065,0.37942436904497157,0.0,0.7904604695853558,36.0,30.5,30.819046965461947,0.7973808042638219
1098,1098.0,0.7732064126727555,0.7911748502010738,0.0003963188789843656,0.379789887374032,0.0,0.7910205287254469,36.0,30.52777777777778,31.234966521007973,0.8054771574869882
1099,1099.0,0.7737600042761612,0.7915459784503811,0.0003967153610346947,0.38016040817605157,0.0,0.7915795686496325,36.0,30.555555555555557,31.1022553975492,0.8029173060949191
1100,1100.0,0.7743124408834441,0.7922420493086776,0.00039711169933811976,0.3805305936164071,0.0,0.7921375921375923,36.0,30.583333333333332,30.98234742189857,0.800585554812224
1101,1101.0,0.7748637238176715,0.7927540726779296,0.00039750887031764925,0.3809028443676879,0.0,0.7926946019589073,36.0,30.61111111111111,31.1103552908514,0.8030741699196693
1102,1102.0,0.7754138543866649,0.7932665040077874,0.0003979064607222137,0.38128265866864725,0.0,0.7932506008731057,36.0,30.63888888888889,31.33822848038873,0.8074539688567403
1103,1103.0,0.7759628338833156,0.7938470136585266,0.0003983044607511466,0.3816606885177203,0.0,0.7938055916297079,36.0,30.666666666666668,31.092295076464605,0.8027243008856214
1104,1104.0,0.7765106635858828,0.7943677714316204,0.00039870302966962486,0.38203493657119675,0.0,0.7943595769682728,36.0,30.694444444444443,29.974189786891444,0.780242928221995
1105,1105.0,0.7770573447583009,0.794992948081299,0.0003991019496713331,0.3824110667917655,0.0,0.794912559618442,36.0,30.72222222222222,31.580051168983207,0.8120327525724914
1106,1106.0,0.7776028786504856,0.7954494557161417,0.0003995016365032848,0.3827925843168572,0.0,0.7954645422999854,36.0,30.75,31.533975655406778,0.8111657527999208
1107,1107.0,0.7781472664986235,0.7960097160704189,0.00039990172220973866,0.38318139680311614,0.0,0.796015527722845,36.0,30.77777777777778,31.718448955980985,0.8146218281647767
1108,1108.0,0.7786905095254965,0.796626485890877,0.0004003022533542788,0.3835775126764992,0.0,0.7965655185871794,36.0,30.805555555555557,30.622925521434958,0.7934867719089983
1109,1109.0,0.7792326089407552,0.797119705184511,0.00040070346009939806,0.38397438395614814,0.0,0.7971145175834086,36.0,30.833333333333332,30.23869977167222,0.7857114741110022
1110,1110.0,0.7797735659412371,0.7975314032001424,0.0004011047775772169,0.3843690251638494,0.0,0.7976625273922573,36.0,30.86111111111111,30.086637178843606,0.7825794435888591
1111,1111.0,0.780313381711257,0.7981212724775013,0.0004015071671381439,0.38476475165873086,0.0,0.7982095506847984,36.0,30.88888888888889,30.947256437208456,0.7998997517213909
1112,1112.0,0.7808520574229058,0.7987879584029324,0.00040191004398506576,0.3851598873411744,1.0,0.7987555901224966,36.0,30.916666666666668,29.7927011698935,0.7764346171616445
1113,1113.0,0.765261649454688,0.7824162874069239,0.0003956206246754028,0.3789793986997316,0.0,0.7824644051059148,37.0,30.10810810810811,30.648089644759192,0.793989197872123
1114,1114.0,0.7658183214503628,0.7829681607033551,0.0003960027616378928,0.37931677164795746,0.0,0.7830235981043883,37.0,30.135135135135137,30.906085492551156,0.799093139063715
1115,1115.0,0.7663738869691704,0.7836419384476405,0.00039638530424999344,0.37965513154386576,0.0,0.7835817880660932,37.0,30.16216216216216,30.664238545482718,0.7943111918333153
1116,1116.0,0.766928347406943,0.7840895416061333,0.0003967682849523954,0.37999761159159384,0.0,0.784138977687365,37.0,30.18918918918919,29.69168802400382,0.774294815681114
1117,1117.0,0.7674817041410497,0.7846821578804138,0.0003971516946048149,0.3803409338568101,0.0,0.7846951696548833,37.0,30.216216216216218,31.06128215259196,0.8021225580753235
1118,1118.0,0.7680339585306933,0.785226150324694,0.00039753546124053537,0.38068633446280076,0.0,0.7852503666457157,37.0,30.243243243243242,30.730891261426695,0.7956366037351613
1119,1119.0,0.7685851119171933,0.7857818012211857,0.0003979196503024003,0.3810337694250163,0.0,0.7858045713273598,37.0,30.27027027027027,31.761384796028977,0.8154204642865417
1120,1120.0,0.7691351656242728,0.7864374342314179,0.00039830413794418785,0.38138275197071536,0.0,0.7863577863577864,37.0,30.2972972972973,30.683531100468038,0.7946954229923024
1121,1121.0,0.769684120958346,0.7868859705192948,0.00039868927482206737,0.3817347518831634,0.0,0.7869100143854828,37.0,30.324324324324323,31.14760118964775,0.803794429823544
1122,1122.0,0.7702319792088159,0.7874770568972972,0.00039907472533349175,0.3820863100249646,0.0,0.7874612580494935,37.0,30.35135135135135,30.591588828281164,0.7928599490734599
1123,1123.0,0.7707787416483506,0.7880039818246262,0.0003994605979255891,0.382435564258243,0.0,0.7880115199794632,37.0,30.37837837837838,31.315633755348166,0.8070225374381084
1124,1124.0,0.7713244095331754,0.7885637727794582,0.0003998468954713886,0.38279068809716044,0.0,0.7885608027956784,37.0,30.405405405405407,31.57939440787462,0.8120204121179454
1125,1125.0,0.7718689841033648,0.7891159350166478,0.00040023362225466625,0.38314820984908016,0.0,0.7891091091091091,37.0,30.43243243243243,31.138731043483986,0.8036230555539989
1126,1126.0,0.7724124665831233,0.7895942091008329,0.0004006207065856894,0.3835041530260435,0.0,0.7896564415214505,37.0,30.45945945945946,31.660738584217565,0.8135449632084022
1127,1127.0,0.7729548581810793,0.7902578588321331,0.00040100832240755785,0.38385918888620923,0.0,0.7902028026251632,37.0,30.486486486486488,31.443109286564876,0.8094484799004114
1128,1128.0,0.7734961600905628,0.7906657685775933,0.0004013962853319453,0.38421506722257637,0.0,0.7907481950035145,37.0,30.513513513513512,30.814582214403377,0.7972927070615721
1129,1129.0,0.7740363734899048,0.7913185506053861,0.0004017848930773888,0.3845756428701874,0.0,0.7912926212306197,37.0,30.54054054054054,31.03532498865317,0.8016179875004921
1130,1130.0,0.7745754995427137,0.791700305546445,0.0004021734607041985,0.3849391837715099,0.0,0.7918360838714822,37.0,30.56756756756757,31.279145961382884,0.8063245110013987
1131,1131.0,0.7751135393981623,0.7923974879168111,0.0004025632111055881,0.38530105619095384,0.0,0.7923785854820339,37.0,30.594594594594593,31.576228316999106,0.8119609144859277
1132,1132.0,0.7756504941912737,0.7928946938000687,0.00040295304017192547,0.38566959428190256,0.0,0.7929201286091746,37.0,30.62162162162162,31.135667147575035,0.8035638373438656
1133,1133.0,0.7761863650432076,0.7934312821563022,0.0004033433280483704,0.38604238746273456,0.0,0.793460715790813,37.0,30.64864864864865,31.002812392657123,0.8009847966745369
1134,1134.0,0.7767211530615372,0.7940632751500512,0.0004037340174269475,0.38641069389396365,0.0,0.7940003495559054,37.0,30.675675675675677,30.486879779951824,0.7907561243379041
1135,1135.0,0.7772548593405431,0.7944524901148717,0.00040412516187235674,0.3867778574342732,0.0,0.7945390324244951,37.0,30.7027027027027,30.931261326632203,0.7995866338765365
1136,1136.0,0.7777874849614819,0.794992948081299,0.0004045168568530331,0.38714662027880714,0.0,0.795076766907753,37.0,30.72972972972973,30.981449183249513,0.8005680193973277
1137,1137.0,0.7783190309928782,0.7956003927187629,0.0004049091565341502,0.3875232008881739,0.0,0.7956135555080147,37.0,30.756756756756758,32.025836111905114,0.8202922276178973
1138,1138.0,0.7788494984907991,0.7961384412064948,0.00040530179034881434,0.3879057033159818,0.0,0.7961494007188208,37.0,30.783783783783782,30.322335017674224,0.7874207176227419
1139,1139.0,0.7793788884991291,0.796626485890877,0.00040569483461284055,0.38829543968868496,0.0,0.7966843050249549,37.0,30.81081081081081,30.9226915410204,0.7994187397918732
1140,1140.0,0.7799072020498632,0.7971999750503935,0.00040608849209324547,0.38868419057537623,0.0,0.7972182709024817,37.0,30.83783783783784,30.760170237698656,0.7962170103498687
1141,1141.0,0.7804344401633653,0.7978756371596455,0.00040648225479330516,0.3890709965801801,0.0,0.7977513008187855,37.0,30.864864864864863,31.286199503547873,0.8064595751004575
1142,1142.0,0.7809606038486554,0.7981212724775013,0.0004068765971466728,0.38945875114072487,0.0,0.7982833972326093,37.0,30.89189189189189,30.133343432740194,0.7835448149745774
1143,1143.0,0.7814856941036833,0.7987879584029324,0.00040727220269629305,0.38984633303620897,0.0,0.7988145625940903,37.0,30.91891891891892,30.78638112842764,0.7967356608008442
1144,1144.0,0.7820097119155981,0.7994132469804254,0.00040766768241902576,0.3902344370519865,0.0,0.7993447993447995,37.0,30.945945945945947,31.030011335939786,0.8015145935114688
1145,1145.0,0.7825326582610199,0.799880607610273,0.0004080638473697877,0.3906209431916892,0.0,0.7998741099177781,37.0,30.972972972972972,31.005528276542893,0.8010377400134422
1146,1146.0,0.7830545341063174,0.80033955278958,0.0004084603364795953,0.39100677760410546,0.0,0.8004024967375755,37.0,31.0,31.345209297395137,0.8075871371989154
1147,1147.0,0.7835753404078705,0.8009433266829545,0.0004088575002809642,0.39139163760147916,0.0,0.8009299622202851,37.0,31.027027027027028,31.16284561453452,0.8040887294341045
1148,1148.0,0.7840950781123387,0.8012778786848022,0.0004092544174561964,0.39177516973319404,0.0,0.8014565087735821,37.0,31.054054054054053,30.706955898173735,0.795161303030764
1149,1149.0,0.7846137481569297,0.8019999705736094,0.0004096532111665595,0.3921576915124338,0.0,0.8019821387967604,37.0,31.08108108108108,30.96366083272182,0.8002205456443794
1150,1150.0,0.7851313514696684,0.8024826257612219,0.00041005184453928495,0.3925422900856801,0.0,0.8025068546807679,37.0,31.10810810810811,30.700274981321122,0.795028503239549
1151,1151.0,0.7856478889696463,0.8029853316593597,0.0004104509791397471,0.39292766278575114,0.0,0.8030306588082436,37.0,31.135135135135137,30.405664822953266,0.7891143672764566
1152,1152.0,0.7861633615673018,0.8035715712591696,0.0004108507143712518,0.39331278692639243,1.0,0.8035535535535538,37.0,31.16216216216216,30.132710119402343,0.7835317450381315
1153,1153.0,0.7711113718445465,0.7877453609197843,0.00040452122815869926,0.38684084935362856,0.0,0.7878233827930275,38.0,30.36842105263158,31.221618005794927,0.8052206636902033
1154,1154.0,0.7716439726319161,0.7883533101081661,0.0004049007441034926,0.3871858998684029,0.0,0.7883585491904385,38.0,30.394736842105264,31.26295756791961,0.8060142985970262
1155,1155.0,0.7721755430898111,0.7888548964352531,0.00040528049593621917,0.387536575490881,0.0,0.7888927888927891,38.0,30.42105263157895,30.944835730004723,0.7998523851135807
1156,1156.0,0.7727060842858083,0.789437113834124,0.00040566069926440394,0.38788632962008224,0.0,0.7894261043049973,38.0,30.44736842105263,31.055177411011766,0.8020039663882123
1157,1157.0,0.7732355972730175,0.7900001563431511,0.00040604123835767425,0.38823475509947203,0.0,0.7899584978236665,38.0,30.473684210526315,31.411897636484014,0.8088563221378531
1158,1158.0,0.7737640830903497,0.7906358428952807,0.00040642179882043934,0.38858198702017854,0.0,0.7904899718371223,38.0,30.5,30.7260241841442,0.7955400148675487
1159,1159.0,0.7742915427627884,0.7911748502010738,0.00040680312028970367,0.38893275631848895,0.0,0.7910205287254469,38.0,30.526315789473685,30.994960217554603,0.8008316744758952
1160,1160.0,0.7748179773016421,0.7915459784503811,0.0004071854066092665,0.3892884428151368,0.0,0.7915501708605158,38.0,30.55263157894737,30.271010592441694,0.7863729260795395
1161,1161.0,0.7753433877048277,0.7922420493086776,0.0004075670318831403,0.38964412007004984,0.0,0.7920789006060326,38.0,30.57894736842105,30.550177397762084,0.7920296303727073
1162,1162.0,0.7758677749571183,0.7925831967499665,0.00040795019023719446,0.3900002726660779,0.0,0.7926067203175639,38.0,30.605263157894736,30.714175865754672,0.7953047528389197
1163,1163.0,0.7763911400304272,0.7931539516785141,0.00040833321196456394,0.390364497017087,0.0,0.793133632342575,38.0,30.63157894736842,31.518898356520882,0.8108814938530872
1164,1164.0,0.7769134838840491,0.793680540839904,0.00040871664847567186,0.3907288121789621,0.0,0.7936596390204638,38.0,30.657894736842106,32.5975877313147,0.8305549320147789
1165,1165.0,0.7774348074649409,0.7941401066413322,0.0004091004735066276,0.3910887077476467,0.0,0.7941847426825969,38.0,30.68421052631579,30.910105147689926,0.7991719859717231
1166,1166.0,0.7779551117079756,0.7947047371903302,0.00040948479914452345,0.39144925942682757,0.0,0.7947089456523421,38.0,30.710526315789473,30.7663611955148,0.7963395942209968
1167,1167.0,0.7784743975362082,0.7952056533867641,0.00040986949531215933,0.3918122148263929,0.0,0.7952322502451039,38.0,30.736842105263158,30.80086724681986,0.7970219274800079
1168,1168.0,0.7789926658611308,0.7957682096988625,0.0004102546489019183,0.3921836717960469,0.0,0.7957546587683577,38.0,30.763157894736842,31.16021205067101,0.8040379080255149
1169,1169.0,0.7795099175829374,0.7963544078695792,0.00041064009664744264,0.3925604122644471,0.0,0.7962761735216826,38.0,30.789473684210527,31.175571439294004,0.8043341860621654
1170,1170.0,0.780026153590777,0.7967683514308381,0.00041102622675895123,0.392943626633666,0.0,0.7967967967967969,38.0,30.81578947368421,30.482155024445913,0.7906608532662689
1171,1171.0,0.7805413747630165,0.7972595588968264,0.00041141262949933335,0.3933244476043688,0.0,0.79731653087759,38.0,30.842105263157894,32.37014630219322,0.8265158766463371
1172,1172.0,0.781055581967493,0.7978756371596455,0.00041179956570112805,0.39370411554635454,0.0,0.7978353780401565,38.0,30.86842105263158,31.057154805803542,0.8020423846808834
1173,1173.0,0.7815687760617738,0.7985151751921815,0.00041218637495396934,0.39408433766886986,0.0,0.7983533405528291,38.0,30.894736842105264,31.954521906598465,0.8189864067575405
1174,1174.0,0.7820809578934014,0.7988616770449488,0.0004125747494963465,0.39446481523999805,0.0,0.7988704206762131,38.0,30.92105263157895,31.230239208528115,0.8053863465177072
1175,1175.0,0.7825921283001597,0.7994132469804254,0.00041296299183840634,0.3948452820581303,0.0,0.7993866206632165,38.0,30.94736842105263,31.660397262780705,0.8135385825349419
1176,1176.0,0.7831022881103128,0.799880607610273,0.0004133517127751421,0.3952243224487194,0.0,0.7999019427590858,38.0,30.973684210526315,30.652379479124708,0.7940747662457135
1177,1177.0,0.7836114381428629,0.80033955278958,0.0004137407699161385,0.39560252754493264,0.0,0.800416389201436,38.0,31.0,31.553818163090728,0.8115394383175336
1178,1178.0,0.7841195792077973,0.8009433266829545,0.0004141305414955907,0.3959799035694928,0.0,0.8009299622202851,38.0,31.026315789473685,31.082480532465976,0.8025339994644952
1179,1179.0,0.7846267121063336,0.8012778786848022,0.0004145200545048619,0.3963559214517447,0.0,0.8014426640380842,38.0,31.05263157894737,31.17939388383909,0.8044078745184629
1180,1180.0,0.7851328376311731,0.8019516551139303,0.00041491124881673253,0.39673064431668587,0.0,0.8019544968697514,38.0,31.07894736842105,30.783537251564656,0.796679430037312
1181,1181.0,0.7856379565667371,0.8024826257612219,0.0004153023090543284,0.39710746420318754,1.0,0.8024654629227028,38.0,31.105263157894736,30.03183955804093,0.7814430036842795
1182,1182.0,0.77090015255051,0.7869398664620868,0.0004091570067575587,0.39084957135651227,0.0,0.7871221475282391,39.0,30.333333333333332,31.004290291528303,0.8010136079302361
1183,1183.0,0.7714212652664858,0.7876121308021153,0.0004095302271196478,0.39118656204686736,0.0,0.7876447876447877,39.0,30.358974358974358,30.826831139783884,0.7975343383544927
1184,1184.0,0.7719414046875038,0.7881077501780759,0.00040990305464316937,0.3915228968245681,0.0,0.788166544923302,39.0,30.384615384615383,29.935689489494145,0.7794389066108798
1185,1185.0,0.7724605717579407,0.7887096803418048,0.00041027635373660365,0.39186593926628016,0.0,0.7886874215988141,39.0,30.41025641025641,29.887313391507444,0.7784257069202485
1186,1186.0,0.7729787674084881,0.7891179943965838,0.00041064978294223586,0.39220935897887144,0.0,0.7892074198988198,39.0,30.435897435897434,30.898386532914603,0.798942064066296
1187,1187.0,0.773495992556412,0.7897341997567905,0.00041102390925875466,0.39255119936576904,0.0,0.7897265420433072,39.0,30.46153846153846,31.300993371051252,0.8067426563800256
1188,1188.0,0.7740122481058054,0.7902578588321331,0.00041139822300926426,0.3928920107429269,0.0,0.7902447902447903,39.0,30.487179487179485,30.276433092238467,0.7864837946050066
1189,1189.0,0.7745275349478196,0.7906657685775933,0.00041177270435089675,0.393234113695049,0.0,0.7907621667083401,39.0,30.512820512820515,30.362385477041013,0.7882358897588724
1190,1190.0,0.7750418539609307,0.7913185506053861,0.0004121479234809087,0.39358079066979695,0.0,0.7912786736316149,39.0,30.53846153846154,31.1376139972789,0.803601466915568
1191,1191.0,0.7755552060111757,0.791700305546445,0.0004125231841773506,0.3939302561250775,0.0,0.7917943132048928,39.0,30.564102564102566,31.81224683050559,0.8163637436020753
1192,1192.0,0.7760675919524064,0.7922420493086776,0.00041289907425457573,0.3942779139184906,0.0,0.7923090876111012,39.0,30.58974358974359,31.12520148079955,0.8033614716400851
1193,1193.0,0.7765790126265283,0.792756782253785,0.0004132752471474719,0.39463107958654964,0.0,0.7928229990258492,39.0,30.615384615384617,30.79978922650152,0.7970006335112172
1194,1194.0,0.7770894688637542,0.7933319592431691,0.0004136518939215928,0.39498989624319075,0.0,0.7933360496174567,39.0,30.641025641025642,31.223158588219377,0.8052502774162424
1195,1195.0,0.7775989614828435,0.7938470136585266,0.00041402882597930697,0.39534551287928005,0.0,0.7938482415469866,39.0,30.666666666666668,31.334275186672283,0.8073785282204796
1196,1196.0,0.7781074912913473,0.7943677714316204,0.00041440614100133173,0.3956976451522901,0.0,0.7943595769682728,39.0,30.692307692307693,31.847803927820998,0.8170213905701063
1197,1197.0,0.7786150590858534,0.794992948081299,0.0004147835078925674,0.396051788260408,0.0,0.794870058027953,39.0,30.71794871794872,30.923583634510884,0.7994362214901816
1198,1198.0,0.7791216656522256,0.7953715147148767,0.0004151619399405584,0.3964099597228019,0.0,0.7953796868654966,39.0,30.743589743589745,30.939951344448602,0.7997567885047545
1199,1199.0,0.7796273117658515,0.7959114039105465,0.0004155404179496695,0.39677612618354186,0.0,0.7958884656132363,39.0,30.76923076923077,30.38046603352972,0.788603190519777
1200,1200.0,0.7801319981918763,0.7964367562517247,0.00041591927797905265,0.39714809360987113,0.0,0.7963963963963966,39.0,30.794871794871796,30.41477413557553,0.7892989482208224
1201,1201.0,0.7806357256854403,0.796842276276063,0.0004162985145819376,0.3975243375564353,0.0,0.7969034813331236,39.0,30.82051282051282,31.203214813551504,0.8048666836516286
1202,1202.0,0.781138494991927,0.7974781090491476,0.00041667818065514007,0.39789779435942435,1.0,0.7974097225345148,39.0,30.846153846153847,29.969224984107893,0.7801393616997198
1203,1203.0,0.7665773248198042,0.7824162874069239,0.0004108385568645227,0.39222284343090735,0.0,0.7823384481738598,40.0,30.1,30.71131895527741,0.7952479984237465
1204,1204.0,0.7670948032439386,0.7828205059990624,0.0004112022887533566,0.39254069001488545,0.0,0.7828559456466435,40.0,30.125,31.452030881797395,0.8096175273773566
1205,1205.0,0.7676113539274556,0.7833619386686859,0.000411566242725261,0.3928587385876696,0.0,0.7833725842024598,40.0,30.15,30.61199134149628,0.7932682030360413
1206,1206.0,0.7681269778185827,0.7839091252212407,0.0004119304685608025,0.39317942802682104,0.0,0.7838883659779183,40.0,30.175,30.261348045980288,0.7861752670035619
1207,1207.0,0.7686416758507468,0.7843576011436283,0.0004122949705705493,0.3935031321663919,0.0,0.7844032931025476,40.0,30.2,30.095115134707967,0.7827548970135036
1208,1208.0,0.7691554489428122,0.7849102416236039,0.0004126598620153032,0.3938275078213837,0.0,0.7849173676988248,40.0,30.225,30.03029105316673,0.7814108292102236
1209,1209.0,0.7696682979993145,0.7854472589431606,0.0004130250130391816,0.3941533009670856,0.0,0.7854305918822049,40.0,30.25,31.04729531894972,0.8018507786259983
1210,1210.0,0.770180223910693,0.7858816674608087,0.00041339040320499833,0.39448054971800695,0.0,0.7859429677611498,40.0,30.275,31.433831763868845,0.8092725864890142
1211,1211.0,0.7706912275535285,0.7864374342314179,0.0004137562617957221,0.3948113043061863,0.0,0.7864544974371566,40.0,30.3,31.22386911604878,0.8052639344975865
1212,1212.0,0.7712013097907766,0.7869398664620868,0.00041412235100973956,0.3951430105032018,0.0,0.7869651830047872,40.0,30.325,30.788867002909225,0.7967848044275222
1213,1213.0,0.7717104714719991,0.7874770568972972,0.00041448878010336935,0.3954745271563512,0.0,0.7874750265516962,40.0,30.35,30.773254743190666,0.7964760316645555
1214,1214.0,0.7722187134336028,0.7880039818246262,0.00041485550595129854,0.39580346852113,0.0,0.7879840301586596,40.0,30.375,31.079536029757357,0.8024768828947356
1215,1215.0,0.7727260364990686,0.7885637727794582,0.00041522245604737736,0.3961377574463859,0.0,0.7884921958996035,40.0,30.4,31.618055127511937,0.8127459687902316
1216,1216.0,0.7732324414791816,0.7890682398039915,0.00041558984579489127,0.3964753345331697,0.0,0.7889995258416315,40.0,30.425,31.29004761225954,0.8065332345814519
1217,1217.0,0.7737379291722721,0.789500187473099,0.00041595765920895083,0.39681164988834144,0.0,0.7895060220450525,40.0,30.45,30.351729180759428,0.7880192055239964
1218,1218.0,0.7742425003644443,0.7900001563431511,0.00041632569301378654,0.3971466652058969,0.0,0.7900116865634108,40.0,30.475,31.20598369811661,0.8049199690219441
1219,1219.0,0.7747461558298078,0.7906358428952807,0.0004166937385430646,0.39748072510417903,0.0,0.7905165214435109,40.0,30.5,30.46928564842855,0.7904012023217936
1220,1220.0,0.7752488963307036,0.7911748502010738,0.0004170622191824178,0.39781827960856925,0.0,0.7910205287254469,40.0,30.525,30.814948545754874,0.797299936369332
1221,1221.0,0.7757507226179461,0.7915117805055013,0.00041743179608172095,0.39816069614358457,0.0,0.7915237104426295,40.0,30.55,30.772670778356378,0.796464476172886
1222,1222.0,0.7762516354310444,0.7922420493086776,0.000417800102033602,0.39850322879790684,1.0,0.7920260686218135,40.0,30.575,29.49778000008218,0.7701461167848203
1223,1223.0,0.761859615328951,0.7772390184631495,0.00041223827961988854,0.3933998241909933,0.0,0.7772056602800677,41.0,29.853658536585368,30.816947471855443,0.7973393808306976
1224,1224.0,0.7623740444764291,0.7776729314479822,0.00041259371328535987,0.3937130569982793,0.0,0.7777188953659544,41.0,29.878048780487806,31.936306558517785,0.8186519339479837
1225,1225.0,0.7628875872126085,0.7782355140963875,0.00041294947534580896,0.3940265894742575,0.0,0.7782312925170071,41.0,29.902439024390244,31.520864252779543,0.8109185731769291
1226,1226.0,0.763400244519953,0.7786750310561767,0.0004133053494956974,0.3943411267055247,0.0,0.7787428537836371,41.0,29.926829268292682,32.05802769791333,0.8208797784605375
1227,1227.0,0.7639120173649991,0.77936340772856,0.0004136614208671166,0.39465246001838583,0.0,0.7792535812095716,41.0,29.951219512195124,30.90626222229106,0.7990966061089486
1228,1228.0,0.764422906698575,0.7798147734276729,0.0004140181339745671,0.3949635684204934,0.0,0.7797634768318809,41.0,29.975609756097562,31.22967336104137,0.8053754748293439
1229,1229.0,0.7649329134560214,0.7802801982186971,0.0004143749588261584,0.39527805784250797,0.0,0.7802725426810049,41.0,30.0,30.242541489624358,0.7857901939931093
1230,1230.0,0.7654420385574047,0.7808078274628504,0.00041473197714095463,0.395588228351059,0.0,0.7807807807807808,41.0,30.024390243902438,29.955820316806765,0.7798595668818205
1231,1231.0,0.7659502829077339,0.7812513434452567,0.0004150892642194846,0.39589609205274545,0.0,0.7812881931484696,41.0,30.048780487804876,30.709447596791918,0.7952108169265073
1232,1232.0,0.7664576473971905,0.7817877985953489,0.00041544686432351427,0.39620347621007646,0.0,0.7817947817947821,41.0,30.073170731707318,31.632812135690994,0.813022450062779
1233,1233.0,0.7669641329013351,0.7824162874069239,0.0004158044024596825,0.39651548790559665,0.0,0.7823005487239065,41.0,30.097560975609756,30.796170632545753,0.7969291450831103
1234,1234.0,0.7674697402813343,0.7828205059990624,0.0004161628151174355,0.3968275770363312,0.0,0.7828054959335349,41.0,30.121951219512194,31.1579772016203,0.8039947741092163
1235,1235.0,0.7679744703841762,0.7833221258941345,0.00041652120405978973,0.39713973932673,0.0,0.7833096254148887,41.0,30.146341463414632,31.438403628055347,0.8093592778591437
1236,1236.0,0.7684783240428931,0.7838595976396198,0.00041687982062010235,0.3974537275693859,0.0,0.7838129391527451,41.0,30.170731707317074,30.79100812381413,0.7968271262081755
1237,1237.0,0.7689813020767802,0.7842821727250886,0.0004172387848901532,0.39777165905072936,0.0,0.7843154391254635,41.0,30.195121951219512,31.788500506042382,0.8159237236514373
1238,1238.0,0.7694834052916101,0.7847262594688417,0.0004175978389968458,0.39808941442713114,0.0,0.7848171273050112,41.0,30.21951219512195,30.50234246017514,0.7910677110724327
1239,1239.0,0.7699846344798613,0.785316813573591,0.0004179575276813652,0.39840889268497637,0.0,0.7853180056569888,41.0,30.24390243902439,31.188040916612405,0.8045745039441505
1240,1240.0,0.7704849904209303,0.7858482379721019,0.00041831728769868435,0.3987306942404428,0.0,0.7858180761406569,41.0,30.26829268292683,29.8732981183719,0.7781315548755063
1241,1241.0,0.7709844738813483,0.786247448739587,0.00041867726043742196,0.39905365037252455,0.0,0.7863173407089605,41.0,30.29268292682927,31.429006120579338,0.8091810556169841
1242,1242.0,0.7714830856150152,0.7868608086962445,0.000419037676990317,0.3993798196718821,0.0,0.786815801308555,41.0,30.317073170731707,30.974619479622948,0.8004346566584756
1243,1243.0,0.7719808263633986,0.7874141503044797,0.00041939812594108625,0.39970532254282604,0.0,0.7873134598798317,41.0,30.341463414634145,30.96875945319232,0.8003201817928365
1244,1244.0,0.7724776968557652,0.7877453609197843,0.0004197591906586708,0.400028750551894,0.0,0.7878103183569424,41.0,30.365853658536587,31.18575065485791,0.8045303793037093
1245,1245.0,0.7729736978093942,0.7883221883485982,0.0004201205015785999,0.40035394958920556,0.0,0.7883063786678246,41.0,30.390243902439025,31.34435576927151,0.8075708582009201
1246,1246.0,0.773468829929794,0.7888063001238043,0.0004204820183243335,0.40068558335816784,0.0,0.7888016427342273,41.0,30.414634146341463,30.8806951404522,0.7985946243167408
1247,1247.0,0.7739630939109309,0.789437113834124,0.0004208433579710531,0.40101649571632497,0.0,0.7892961124717341,41.0,30.4390243902439,30.540375819147545,0.7918327745476567
1248,1248.0,0.7744564904354236,0.7897899197314215,0.00042120592869795243,0.40134557003736704,0.0,0.7897897897897899,41.0,30.463414634146343,31.37049524096737,0.8080690039619424
1249,1249.0,0.7749490201747793,0.7902578588321331,0.0004215683166090113,0.4016734269289815,0.0,0.790282676591724,41.0,30.48780487804878,30.51051210303051,0.7912322091162001
1250,1250.0,0.775440683789602,0.7906657685775933,0.00042193075342442094,0.40200317347563047,0.0,0.7907747747747748,41.0,30.51219512195122,31.12545095204415,0.8033662970368222
1251,1251.0,0.7759314819298091,0.7913185506053861,0.00042229397604542907,0.4023373015215025,0.0,0.7912660862301152,41.0,30.536585365853657,30.158153110179242,0.7840563900900787
1252,1252.0,0.7764214152348441,0.791700305546445,0.0004226572779172961,0.4026741390808514,0.0,0.7917566128428749,41.0,30.5609756097561,30.70903880455043,0.7952026941449655
1253,1253.0,0.7769104843338912,0.7922420493086776,0.00042302097229507076,0.403009148148538,0.0,0.7922463564921667,41.0,30.585365853658537,30.955655531679884,0.8000640415450412
1254,1254.0,0.7773986898460927,0.7927540726779296,0.0004233848933641485,0.40334835181592665,0.0,0.7927353190511086,41.0,30.609756097560975,30.896070063326775,0.7988965937562059
1255,1255.0,0.7778860323807592,0.7932256945828408,0.0004237491425491456,0.40369415808777465,0.0,0.7932235023868492,41.0,30.634146341463413,30.557893855987167,0.7921845195992564
1256,1256.0,0.7783725125375711,0.7937067425840354,0.0004241136972644659,0.40403823080395707,0.0,0.7937109083605901,41.0,30.658536585365855,30.60145043785707,0.7930573476951399
1257,1257.0,0.7788581309068141,0.7941401066413322,0.00042447848970597065,0.4043782001045653,0.0,0.7941975388276107,41.0,30.682926829268293,31.59358828453652,0.8122869989118192
1258,1258.0,0.7793428880695606,0.7947047371903302,0.00042484374833591065,0.40471903626949773,0.0,0.7946833956372908,41.0,30.70731707317073,30.46333332055091,0.7902810346886471
1259,1259.0,0.7798267845979034,0.7951675269657539,0.0004252092706519945,0.40506169979935885,0.0,0.7951684806331352,41.0,30.73170731707317,30.855503848447274,0.798099207108413
1260,1260.0,0.7803098210551487,0.7956003927187629,0.00042557503896817946,0.4054122873287587,0.0,0.7956527956527959,41.0,30.75609756097561,31.757790959062383,0.8153536992620517
1261,1261.0,0.7807919979960312,0.7961384412064948,0.0004259412663554802,0.40576784050770603,0.0,0.7961363425280952,41.0,30.78048780487805,30.602686959422382,0.7930820900185783
1262,1262.0,0.7812733159669177,0.796626485890877,0.00042630775452144804,0.40613063022320955,0.0,0.7966191230850502,41.0,30.804878048780488,31.02258625974593,0.8013700557461924
1263,1263.0,0.7817537755060138,0.7970940635223454,0.00042667457501011666,0.40649270764003986,0.0,0.7971011391438946,41.0,30.829268292682926,30.085610912290928,0.7825581980354742
1264,1264.0,0.7822333771435674,0.7975314032001424,0.00042704166652778714,0.4068524337492824,0.0,0.7975823925191016,41.0,30.853658536585368,31.999164680644196,0.8198045334528475
1265,1265.0,0.7827121214020756,0.7980301329640893,0.0004274091939994119,0.4072134004896207,0.0,0.7980628850194069,41.0,30.878048780487806,31.331899144985517,0.8073331770981803
1266,1266.0,0.7831900087964814,0.7985151751921815,0.0004277770307469569,0.40757341517707385,0.0,0.7985426184478319,41.0,30.902439024390244,31.618665357145044,0.8127574069185168
1267,1267.0,0.7836670398343826,0.7990091709584158,0.0004281452159085102,0.4079343412092593,0.0,0.7990215946017053,41.0,30.926829268292682,30.549311995103313,0.792012254628644
1268,1268.0,0.7841432150162237,0.7994902259639591,0.0004285137320820469,0.40829402497886524,0.0,0.799499815272686,41.0,30.951219512195124,31.4697840551911,0.8099536315427347
1269,1269.0,0.7846185348355041,0.7999571719324903,0.000428882585929856,0.4086531062689327,0.0,0.799977282246786,41.0,30.975609756097562,31.12415149158883,0.8033411613792575
1270,1270.0,0.7850929997789658,0.8005489048006157,0.0004292515834728269,0.40901049275472146,0.0,0.8004539973043913,41.0,31.0,31.401682787580786,0.8086622669723972
1271,1271.0,0.7855666103267998,0.8009433266829545,0.0004296213667906877,0.4093675695745669,0.0,0.8009299622202851,41.0,31.024390243902438,30.775916050292825,0.7965286880359986
1272,1272.0,0.7860393669528336,0.8012778786848022,0.00042999088608591893,0.40972325602865245,0.0,0.8014051787636696,41.0,31.048780487804876,32.14095227886171,0.8223878713834677
1273,1273.0,0.7865112701247335,0.8019516551139303,0.0004303614386153594,0.4100770162055256,0.0,0.8018796486981878,41.0,31.073170731707318,31.431787298445645,0.8092338113177414
1274,1274.0,0.7869823203041872,0.8024826257612219,0.00043073178829608163,0.410432888386677,0.0,0.8023533737819453,41.0,31.097560975609756,31.31365500156163,0.8069847247852664
1275,1275.0,0.7874525179471032,0.8028354934689612,0.0004311032087564146,0.4107897418089049,0.0,0.8028263557675324,41.0,31.121951219512194,31.498986360547423,0.8105056672281459
1276,1276.0,0.7879218635038008,0.8032553012244932,0.0004314745343351349,0.4111469566122816,0.0,0.8032985964020448,41.0,31.146341463414632,31.407044891259446,0.8087641485275988
1277,1277.0,0.7883903574191937,0.8037127327717011,0.00043184623957893346,0.4115030333596379,0.0,0.8037700974271063,41.0,31.170731707317074,31.247341970680345,0.805714757915406
1278,1278.0,0.7888580001329821,0.8040372706963419,0.0004322173877316093,0.41185732694033483,1.0,0.804240860578889,41.0,31.195121951219512,29.957832482643397,0.7799015826707214
1279,1279.0,0.7751375742558004,0.7900001563431511,0.00042639681310821395,0.4058141775826298,0.0,0.7900598017877144,42.0,30.476190476190474,30.97808800758644,0.8005023935039067
1280,1280.0,0.7756186303906454,0.7906358428952807,0.0004267537098603613,0.40613642234753017,0.0,0.7905405405405406,42.0,30.5,30.851706124275193,0.798024450094333
1281,1281.0,0.7760988661480157,0.7911748502010738,0.00042711065285098976,0.40646200381659203,1.0,0.7910205287254469,42.0,30.523809523809526,29.666582294768595,0.7737607301762294
1282,1282.0,0.7623028068877449,0.7768922715824703,0.0004217736265219704,0.40161837448409254,0.0,0.7768829672105806,43.0,29.837209302325583,31.2512520072458,0.8057897889048556
1283,1283.0,0.7627949342033338,0.777382869303465,0.0004221191716002652,0.40192177939420176,0.0,0.7773728521974822,43.0,29.86046511627907,30.99781294305368,0.800887313333432
1284,1284.0,0.7632862661011273,0.777880268449897,0.00042246492389372997,0.40222417557800716,0.0,0.7778619741236565,43.0,29.88372093023256,30.52607890772472,0.7915454073564312
1285,1285.0,0.7637768033646372,0.7784166319973871,0.000422810797964283,0.402527713699663,0.0,0.7783503347705684,43.0,29.906976744186046,30.594462649264155,0.7929174871320825
1286,1286.0,0.7642665467634286,0.7788569376259483,0.00042315707988774997,0.4028308396440518,0.0,0.7788379359141413,43.0,29.930232558139537,31.011375737943222,0.8011516987305545
1287,1287.0,0.7647554970533169,0.77936340772856,0.0004235034532411096,0.40313138400748766,0.0,0.7793247793247796,43.0,29.953488372093023,31.05018494290969,0.8019069472418665
1288,1288.0,0.7652436549765623,0.7798147734276729,0.0004238501053423906,0.40343193146845885,0.0,0.7798108667673886,43.0,29.976744186046513,31.50687374348288,0.8106545935253535
1289,1289.0,0.7657310212620584,0.7802801982186971,0.0004241969331439357,0.40373581663322866,0.0,0.7802962000013979,43.0,30.0,31.13459710679472,0.8035431531185677
1290,1290.0,0.7662175966255247,0.7808078274628504,0.0004245439732316951,0.40403499743737836,0.0,0.7807807807807808,43.0,30.023255813953487,30.615324481143254,0.793334847398405
1291,1291.0,0.7667033817697041,0.7812513434452567,0.00042489125728206365,0.40433202470389984,0.0,0.7812646108540766,43.0,30.046511627906977,29.8001884613079,0.7765926459468934
1292,1292.0,0.7671883773845518,0.7817460513170285,0.00042523875214787185,0.4046278820774413,0.0,0.7817476919644104,43.0,30.069767441860463,31.633113490917186,0.813028093443395
1293,1293.0,0.7676725841474323,0.7821300716181219,0.00042558622051394,0.404928708492401,0.0,0.7822300258495155,43.0,30.093023255813954,30.886142128560966,0.7987016396602272
1294,1294.0,0.768156002723306,0.7827289504195789,0.0004259343906274395,0.4052303231147663,0.0,0.7827116142417535,43.0,30.11627906976744,30.131219260901233,0.7835009754358413
1295,1295.0,0.7686386337649297,0.7832018651328556,0.0004262825531169844,0.40553136184631544,0.0,0.7831924588681348,43.0,30.13953488372093,31.56048870779443,0.8116649563194296
1296,1296.0,0.7691204779130462,0.7836913355991313,0.0004266309284301858,0.40583305682029563,0.0,0.7836725614503394,43.0,30.162790697674417,30.428250835670596,0.7895718223335982
1297,1297.0,0.7696015357965736,0.7842071555281855,0.0004269794694929306,0.4061393132160279,0.0,0.7841519237047381,43.0,30.186046511627907,30.469020991319702,0.7903958603308461
1298,1298.0,0.7700818080328081,0.7846481066340483,0.00042732837127728684,0.40644559140861714,0.0,0.784630547342412,43.0,30.209302325581394,31.684177615698893,0.8139828043196808
1299,1299.0,0.7705612952276093,0.7850964175612507,0.00042767743776192275,0.4067541030443538,0.0,0.7851084340691732,43.0,30.232558139534884,31.53099575193228,0.8111095929241143
1300,1300.0,0.7710399979755881,0.7856939666078014,0.00042802644213095237,0.4070635292621612,0.0,0.7855855855855857,43.0,30.25581395348837,31.17898761488428,0.8044000433905978
1301,1301.0,0.7715179168603116,0.7860717141046769,0.00042837625333594023,0.4073735627246846,0.0,0.7860620035869847,43.0,30.27906976744186,31.313386517822103,0.8069795938735379
1302,1302.0,0.7719950524544862,0.7865634141450695,0.00042872599373005037,0.40768849632943593,0.0,0.7865376897634963,43.0,30.302325581395348,31.913639852996024,0.8182351915076774
1303,1303.0,0.7724714053201431,0.7869398664620868,0.0004290758659623586,0.40800255817077447,0.0,0.7870126458000597,43.0,30.325581395348838,31.16838024718104,0.8041955064587472
1304,1304.0,0.7729469760088532,0.7874770568972972,0.00042942621833196303,0.4083169120825706,0.0,0.7874868733764442,43.0,30.348837209302324,30.607633813270056,0.7931810546744945
1305,1305.0,0.7734217650618894,0.7880039818246262,0.00042977663190568217,0.40862845464086217,0.0,0.7879603741672707,43.0,30.372093023255815,30.898356877691224,0.7989414820027924
1306,1306.0,0.7738957730104359,0.7883641071049942,0.0004301272562822087,0.40894491890455725,0.0,0.7884331498420322,43.0,30.3953488372093,30.297502831608874,0.7869142101776283
1307,1307.0,0.7743690003757695,0.7888548964352531,0.000430478247874427,0.4092651666496841,0.0,0.7889052020651104,43.0,30.41860465116279,30.430014402547272,0.7896075128756493
1308,1308.0,0.7748414476694536,0.789437113834124,0.0004308293951526566,0.40958461107241156,0.0,0.7893765324957986,43.0,30.441860465116278,30.07647501634755,0.7823690047449685
1309,1309.0,0.7753131153935234,0.7898169000215404,0.0004311808830127167,0.4099022723812568,0.0,0.7898471427883196,43.0,30.46511627906977,31.455202376362287,0.8096775981406722
1310,1310.0,0.7757840040406788,0.7903317426702088,0.0004315325627759741,0.4102184347908202,0.0,0.7903170345918439,43.0,30.488372093023255,31.398304143588874,0.8085980538668053
1311,1311.0,0.7762541140944694,0.7906657685775933,0.0004318841071180578,0.41053692352682153,0.0,0.7907862095505118,43.0,30.511627906976745,31.889951275249057,0.8177990281801588
1312,1312.0,0.7767234460294795,0.7913185506053861,0.0004322365262428518,0.4108596922526592,0.0,0.79125466930345,43.0,30.53488372093023,31.37025481290558,0.8080644258533458
1313,1313.0,0.7771920003115191,0.791700305546445,0.00043258902086434144,0.41118510879479664,0.0,0.7917224154847918,43.0,30.558139534883722,31.119333032602963,0.8032479388843006
1314,1314.0,0.7776597773978122,0.7922420493086776,0.0004329416160639418,0.41150886863284264,0.0,0.7921894497236965,43.0,30.58139534883721,30.892048176189547,0.7988176313651635
1315,1315.0,0.7781267777371675,0.7925831967499665,0.00043329445741873616,0.41183536711203284,0.0,0.7926557736443668,43.0,30.6046511627907,32.2402620040659,0.8241837411281255
1316,1316.0,0.7785930017701838,0.7930941537929274,0.0004336477329933779,0.4121689952130044,0.0,0.7931213888660699,43.0,30.627906976744185,31.52927527186276,0.8110771635678428
1317,1317.0,0.7790584499294182,0.7935902679605539,0.00043400116690241793,0.41250296854081114,0.0,0.7935862970031538,43.0,30.651162790697676,31.120524333339265,0.8032709896088177
1318,1318.0,0.779523122639575,0.7940632751500512,0.0004343548358815951,0.4128320908179217,0.0,0.7940504996650675,43.0,30.674418604651162,30.831202415207382,0.7976205228574607
1319,1319.0,0.7799870203176831,0.7944524901148717,0.0004347086743664816,0.41316049443522124,0.0,0.7945139984563792,43.0,30.697674418604652,31.05401389449416,0.801981358439899
1320,1320.0,0.7804501433732877,0.794992948081299,0.00043506295906241353,0.4134897564415356,0.0,0.7949767949767952,43.0,30.72093023255814,30.93207602530166,0.7996025901203624
1321,1321.0,0.7809124922086192,0.7954371245043246,0.00043541742254950624,0.41382543109932096,0.0,0.7954388908211771,43.0,30.74418604651163,30.591704578191234,0.792862266763254
1322,1322.0,0.7813740672187806,0.7959114039105465,0.00043577214145097996,0.4141675176888279,0.0,0.7959002875795615,43.0,30.767441860465116,31.10667573570715,0.8030029211943184
1323,1323.0,0.7818348687919164,0.7963544078695792,0.0004361271328381263,0.4145150054485247,0.0,0.7963609868371775,43.0,30.790697674418606,30.604271741396566,0.7931137979762386
1324,1324.0,0.7822948973094043,0.796842276276063,0.00043648238070062096,0.4148674745292937,0.0,0.7968209901744647,43.0,30.813953488372093,30.314067297238903,0.787252171297968
1325,1325.0,0.7827541531460213,0.7972595588968264,0.0004368379112551375,0.41521714177840624,0.0,0.7972802991670918,43.0,30.837209302325583,30.953348390595536,0.8000189217759941
1326,1326.0,0.7832126366701216,0.7978756371596455,0.00043719323416767597,0.4155651312566511,0.0,0.7977389153859742,43.0,30.86046511627907,31.53005260192677,0.811091815912896
1327,1327.0,0.7836703482438117,0.7981212724775013,0.00043754965457780886,0.41591420464632456,0.0,0.7981968403972929,43.0,30.88372093023256,30.495499906747067,0.7909298665212953
1328,1328.0,0.7841272882231279,0.7986551874270811,0.00043790616207350984,0.4162623887566008,0.0,0.7986540757625097,43.0,30.906976744186046,30.71154118225572,0.7952524134882998
1329,1329.0,0.7845834569581981,0.7991171848116548,0.00043826279798101473,0.41661180675640386,0.0,0.7991106230383885,43.0,30.930232558139537,30.84474465058344,0.7978873678591201
1330,1330.0,0.785038854793426,0.7995714514594285,0.0004386197177955903,0.41695924032345494,0.0,0.7995664837770101,43.0,30.953488372093023,31.338489959813177,0.8074589579930285
1331,1331.0,0.785493482067653,0.8000735505230104,0.00043897685072510824,0.41730672281683723,0.0,0.800021659525792,43.0,30.976744186046513,30.960455989773735,0.8001579004937156
1332,1332.0,0.7859473391143327,0.8005489048006157,0.0004393342720674629,0.41765173916949055,0.0,0.8004761518275034,43.0,31.0,31.18264228882794,0.8044704825347924
1333,1333.0,0.7864004262616917,0.8009433266829545,0.00043969218865908655,0.41799688420218134,0.0,0.8009299622202851,43.0,31.023255813953487,30.61791044112459,0.7933865423033138
1334,1334.0,0.7868527438329024,0.8012778786848022,0.00044004996872049485,0.4183406005322339,1.0,0.801383092237665,43.0,31.046511627906977,30.17645099915182,0.784433153258676
1335,1335.0,0.7736248653206546,0.7877453609197843,0.0004345372527979616,0.4126886993161155,0.0,0.7877990349900463,44.0,30.363636363636363,29.858201642870334,0.7778144016714867
1336,1336.0,0.7740889631001742,0.7883221883485982,0.0004348829364012615,0.41299691504206376,0.0,0.7882613152074232,44.0,30.386363636363637,32.40904414874616,0.8272106689998983
1337,1337.0,0.7745523193404094,0.7887100200142942,0.0004352289477491363,0.41331200528700723,0.0,0.7887229039061502,44.0,30.40909090909091,30.72395042935898,0.7954988511742641
1338,1338.0,0.7750149344822159,0.7891179943965838,0.0004355749740019969,0.41362640098813885,0.0,0.7891838026367176,44.0,30.431818181818183,31.89135382591911,0.8178248705361342
1339,1339.0,0.7754768089576565,0.7895942091008329,0.0004359213739198888,0.413939271381698,0.0,0.789644012944984,44.0,30.454545454545453,31.98977811570913,0.8196327041706709
1340,1340.0,0.7759379431901546,0.7900001563431511,0.0004362677286994894,0.41425149369644704,0.0,0.7901035363721933,44.0,30.477272727272727,31.239331449101332,0.8055609827016093
1341,1341.0,0.7763983375946936,0.7906358428952807,0.00043661465665260836,0.41456299808946756,0.0,0.7905623744549921,44.0,30.5,31.05588836065553,0.802017779808493
1342,1342.0,0.7768579925779703,0.7911748502010738,0.0004369611820252581,0.41487770395976015,0.0,0.7910205287254469,44.0,30.522727272727273,31.078355938016678,0.8024539887953485
1343,1343.0,0.7773169085385929,0.7914923498926804,0.00043730903702992674,0.4151971994756752,0.0,0.7914780007110612,44.0,30.545454545454547,30.780207031167016,0.7966135698025939
1344,1344.0,0.777775085867227,0.791700305546445,0.0004376550458083256,0.4155171283264837,0.0,0.791934791934792,44.0,30.568181818181817,30.08159859777442,0.7824751220352553
1345,1345.0,0.7782325249467948,0.7923974879168111,0.00043800418148594273,0.41583525929643217,0.0,0.7923909039150677,44.0,30.59090909090909,31.289717669139723,0.8065269196074881
1346,1346.0,0.778689226152631,0.7928946938000687,0.0004383520304988929,0.4161597555616553,0.0,0.7928463381658033,44.0,30.613636363636363,31.057705938952505,0.8020530916327179
1347,1347.0,0.7791451898526583,0.7933319592431691,0.00043870020597479385,0.416489274974723,0.0,0.7933010961964193,44.0,30.636363636363637,31.514435828124025,0.8107973076771904
1348,1348.0,0.7796004164075655,0.7937391760945881,0.00043904859356170997,0.41681586884884275,0.0,0.7937551795118561,44.0,30.65909090909091,31.241798086326256,0.805608342286295
1349,1349.0,0.7800549061709595,0.7941401066413322,0.00043939707600973237,0.4171386366558369,0.0,0.7942085896125927,44.0,30.681818181818183,31.352637372412477,0.8077287724588211
1350,1350.0,0.7805086594895609,0.7947047371903302,0.000439745985681976,0.4174624795622219,0.0,0.7946613279946615,44.0,30.704545454545453,30.545975320571177,0.7919452509306804
1351,1351.0,0.7809616767033464,0.7951675269657539,0.0004400950276292465,0.41778754976911875,0.0,0.7951133961496658,44.0,30.727272727272727,30.86730700608765,0.7983314311502792
1352,1352.0,0.7814139581457332,0.7955582716068933,0.0004404444125559863,0.4181197837231362,1.0,0.7955647955647958,44.0,30.75,30.016025843002733,0.7811142738361985
1353,1353.0,0.7683053784043827,0.7821300716181219,0.0004351774677518633,0.4131228636037109,0.0,0.782165757775514,45.0,30.08888888888889,31.523148815606607,0.8109616571507424
1354,1354.0,0.768768461578481,0.7826094851655875,0.00043551624238360765,0.4134148549729843,0.0,0.7826260529362451,45.0,30.11111111111111,29.954840711786744,0.7798391098261623
1355,1355.0,0.7692308342355147,0.7832018651328556,0.0004358548242442719,0.41370558939049895,0.0,0.7830856686945248,45.0,30.133333333333333,30.909850243842904,0.7991669865547221
1356,1356.0,0.7696924968643692,0.7836419384476405,0.00043619403812959664,0.41399683022580036,0.0,0.7835446065534561,45.0,30.155555555555555,30.937503455350164,0.799708867357887
1357,1357.0,0.7701534499437871,0.7840895416061333,0.00043653337947369386,0.41429167539281647,0.0,0.7840028680117114,45.0,30.177777777777777,30.804019848876003,0.7970841917887844
1358,1358.0,0.7706136939425461,0.784513215605886,0.0004368729762469483,0.4145884031467277,0.0,0.7844604545635474,45.0,30.2,30.97040879595427,0.8003524058729417
1359,1359.0,0.7710732293196129,0.7849102416236039,0.0004372127039277563,0.41488592355692294,0.0,0.7849173676988248,45.0,30.22222222222222,30.842039956666003,0.7978340915407185
1360,1360.0,0.7715320565243302,0.785330137790186,0.0004375524948434184,0.4151843211912465,0.0,0.7853736089030208,45.0,30.244444444444444,30.5211898923966,0.7914470766245573
1361,1361.0,0.7719901759965662,0.7858482379721019,0.00043789255980163273,0.4154849856910385,0.0,0.7858291796572476,45.0,30.266666666666666,31.013897170007027,0.8012008246002358
1362,1362.0,0.7724475881669101,0.786247448739587,0.0004382327441860529,0.415786582881516,0.0,0.7862840814382667,45.0,30.288888888888888,30.51021053926157,0.7912261386112582
1363,1363.0,0.7729042934568107,0.7866925739580464,0.0004385731214180669,0.41609148278929786,0.0,0.7867383157185066,45.0,30.31111111111111,30.98165003932113,0.8005719405978178
1364,1364.0,0.7733602922787675,0.7874141503044797,0.0004389124420163926,0.416395558314826,0.0,0.7871918839660778,45.0,30.333333333333332,31.16581193158991,0.8041459618885497
1365,1365.0,0.773815585036484,0.7876121308021153,0.00043925450797950837,0.4166984083808183,0.0,0.7876447876447877,45.0,30.355555555555554,30.75163772291027,0.7960479816614924
1366,1366.0,0.7742701721250448,0.7881061307877641,0.0004395954984509385,0.41700060337301137,0.0,0.7880970282141587,45.0,30.377777777777776,31.51644534814521,0.8108352204831539
1367,1367.0,0.774724053931076,0.7885637727794582,0.0004399366497246967,0.4173085080213287,0.0,0.7885486071294412,45.0,30.4,31.206304123568504,0.8049261347894938
1368,1368.0,0.775177230832918,0.7890682398039915,0.000440277876079434,0.4176185250612274,0.0,0.7889995258416315,45.0,30.42222222222222,30.731761962914696,0.7956538798875535
1369,1369.0,0.7756297032007772,0.789437113834124,0.00044061953989344034,0.41792728953838293,0.0,0.7894497857974851,45.0,30.444444444444443,30.039200686681284,0.7815959061384335
1370,1370.0,0.7760814713969062,0.7898169000215404,0.00044096109542645067,0.4182347060248308,0.0,0.7898993884395346,45.0,30.466666666666665,30.869040909867724,0.798365530293878
1371,1371.0,0.7765325357757635,0.7903378387942697,0.000441303207892592,0.4185401533652766,0.0,0.7903483352061036,45.0,30.488888888888887,31.66072751145855,0.8135447562160629
1372,1372.0,0.7769828966841755,0.7906657685775933,0.0004416448734615571,0.41884845437721724,0.0,0.7907966275313216,45.0,30.511111111111113,31.183581875148842,0.8044885891857713
1373,1373.0,0.7774325544614996,0.7911748502010738,0.0004419875343799489,0.4191609110101402,0.0,0.791244266845141,45.0,30.533333333333335,30.361104992554342,0.7882098605352778
1374,1374.0,0.7778815094397862,0.791700305546445,0.000442330189681621,0.41947590099475923,0.0,0.7916912545733508,45.0,30.555555555555557,30.667837061828806,0.7943828966787567
1375,1375.0,0.7783297619439458,0.7922420493086776,0.00044267262030820554,0.41978965303256,0.0,0.7921375921375923,45.0,30.57777777777778,30.565052356538864,0.79232813924689
1376,1376.0,0.7787773122919025,0.7925831967499665,0.00044301584857013565,0.4201044471742174,0.0,0.7925832809553742,45.0,30.6,30.157313727162816,0.784039095784112
1377,1377.0,0.7792241607947614,0.7930941537929274,0.00044335886260216844,0.4204269424997189,0.0,0.7930283224400874,45.0,30.622222222222224,30.94569202805398,0.7998691413673923
1378,1378.0,0.7796703077569616,0.7934312821563022,0.00044370227284673357,0.4207512966096692,0.0,0.7934727180010201,45.0,30.644444444444446,31.286079097733072,0.8064572700317879
1379,1379.0,0.7801157534764446,0.7938470136585266,0.0004440457319225194,0.42107093786191313,0.0,0.7939164690433729,45.0,30.666666666666668,30.10657285661156,0.7829918604301723
1380,1380.0,0.7805604982447962,0.7943677714316204,0.000444389616405257,0.42138787231271163,0.0,0.7943595769682728,45.0,30.68888888888889,31.275854932777843,0.8062614722015177
1381,1381.0,0.7810045423474237,0.7947047371903302,0.00044473331834935474,0.42170704637431433,0.0,0.7948020431727892,45.0,30.711111111111112,31.615562798893286,0.8126992480633419
1382,1382.0,0.7814478860636964,0.7952056533867641,0.0004450777143303446,0.42202850197323727,0.0,0.7952438690499474,45.0,30.733333333333334,31.784715620908077,0.8158535288923956
1383,1383.0,0.7818905296671108,0.7957682096988625,0.00044542194895110437,0.42235808563193433,0.0,0.7956850559887438,45.0,30.755555555555556,32.0564300953485,0.8208506473427544
1384,1384.0,0.7823324734254338,0.7961158725703522,0.00044576674009920236,0.42269160499167974,0.0,0.7961256053741604,45.0,30.77777777777778,31.00978769367694,0.8011207542544508
1385,1385.0,0.782773717600874,0.796626485890877,0.00044611145585756465,0.42303223501401926,0.0,0.7965655185871794,45.0,30.8,30.818278668817598,0.7973656462705491
1386,1386.0,0.7832142624502142,0.7970940635223454,0.00044645637124442243,0.42337262509966817,0.0,0.7970047970047972,45.0,30.822222222222223,31.25907122299149,0.80593977812995
1387,1387.0,0.7836541082249826,0.7974781090491476,0.00044680181531473124,0.4237110329563544,0.0,0.7974434420000392,45.0,30.844444444444445,30.928211643594146,0.7995268969847641
1388,1388.0,0.7840932551715876,0.7978756371596455,0.0004471473236645911,0.42404894414807315,0.0,0.7978814549419738,45.0,30.866666666666667,30.819595631276623,0.7973916286210626
1389,1389.0,0.7845317035314764,0.7985151751921815,0.00044749193450897216,0.4243871079803938,0.0,0.7983188371957273,45.0,30.88888888888889,31.982178170565078,0.8194935066347018
1390,1390.0,0.7849694535412816,0.7987879584029324,0.00044783891674534304,0.42472482025869873,0.0,0.7987555901224966,45.0,30.91111111111111,30.610853095457557,0.7932454410847954
1391,1391.0,0.7854065054329687,0.799208139026539,0.0004481850886572854,0.42506355398205853,0.0,0.7991917150795658,45.0,30.933333333333334,30.588020245626687,0.7927884858315438
1392,1392.0,0.7858428594339846,0.7995714514594285,0.0004485313863721955,0.4253999056022381,0.0,0.7996272134203171,45.0,30.955555555555556,30.829369831746302,0.7975843944341509
1393,1393.0,0.7862785157673968,0.8000735505230104,0.00044887807984629304,0.4257367461963263,0.0,0.8000620864942475,45.0,30.977777777777778,30.64133893070359,0.793854494359481
1394,1394.0,0.7867134746520532,0.8005489048006157,0.0004492248459293456,0.4260705565485411,0.0,0.8004963356469814,45.0,31.0,30.659784276033673,0.7942224117472751
1395,1395.0,0.7871477363027024,0.8009433266829545,0.000449571995284205,0.4264048136288022,0.0,0.8009299622202851,45.0,31.022222222222222,30.880760223532516,0.7985959032073676
1396,1396.0,0.7875813009301628,0.8012778786848022,0.0004499191047876575,0.426737624547765,0.0,0.8013629675520796,45.0,31.044444444444444,31.220066451219342,0.8051908360989117
1397,1397.0,0.7880141687414377,0.8016481940274284,0.0004502662405824821,0.42706783465939663,0.0,0.8017953529764554,45.0,31.066666666666666,30.457042333544134,0.7901539790349382
1398,1398.0,0.7884463399398763,0.8021901682435948,0.00045061461421697416,0.4274002272001739,0.0,0.8022271198236866,45.0,31.08888888888889,31.611636379587214,0.8126256291949269
1399,1399.0,0.7888778147253032,0.8026374030963028,0.00045096267441620757,0.4277338367785803,0.0,0.8026582694202424,45.0,31.11111111111111,31.02549187373015,0.8014266251493811
1400,1400.0,0.7893085932941535,0.8031312035858278,0.00045131091318779807,0.4280672515134925,1.0,0.8030888030888034,45.0,31.133333333333333,30.351725746826613,0.7880191356741715
1401,1401.0,0.7766576075770607,0.7902578588321331,0.0004459503144556447,0.42247111945536225,0.0,0.7901434625203364,46.0,30.47826086956522,31.139927346216446,0.8036461742293083
1402,1402.0,0.7770990350559169,0.7906358428952807,0.00044628808845727957,0.42277289561962605,0.0,0.7905823084139776,46.0,30.5,31.62256400964575,0.812830472739512
1403,1403.0,0.7775397927916811,0.7911748502010738,0.0004466251623954478,0.4230776987408539,0.0,0.7910205287254469,46.0,30.52173913043478,30.78540042491141,0.7967162709423231
1404,1404.0,0.7779798810646811,0.7914923498926804,0.00044696364017422,0.4233872115944899,0.0,0.7914581247914583,46.0,30.543478260869566,31.151827216261772,0.803876043783985
1405,1405.0,0.7784193001486651,0.791700305546445,0.0004473006199737332,0.4236973929253016,0.0,0.7918950979449202,46.0,30.565217391304348,31.656679999548942,0.8134690829923876
1406,1406.0,0.778858050310969,0.7923974879168111,0.00044763976657728375,0.4240052431428484,0.0,0.792331449514949,46.0,30.58695652173913,30.410783159990853,0.7892180931565101
1407,1407.0,0.7792961318126583,0.792756782253785,0.00044797826568720143,0.4243185784391534,0.0,0.7927671808268824,46.0,30.608695652173914,31.676619539766353,0.8138416902427316
1408,1408.0,0.7797335449086784,0.7931983819368325,0.00044831682880195007,0.42463787249045126,0.0,0.7932022932022933,46.0,30.630434782608695,30.974496209431404,0.8004322490370708
1409,1409.0,0.7801702898480045,0.7936278814540294,0.0004486555705516924,0.42495577426579184,0.0,0.7936367879590026,46.0,30.652173913043477,31.274303003810093,0.8062317408010872
1410,1410.0,0.7806063668737926,0.7940632751500512,0.00044899449923476294,0.4252692523813216,0.0,0.794070666411092,46.0,30.67391304347826,30.56396421602594,0.7923063124247494
1411,1411.0,0.7810417762235174,0.7944524901148717,0.00044933353878784073,0.4255821255718101,0.0,0.7945039298689195,46.0,30.695652173913043,31.08262291292468,0.802536761043129
1412,1412.0,0.7814765181291237,0.794992948081299,0.0004496728242275599,0.4258958668340151,0.0,0.7949365796391293,46.0,30.717391304347824,31.065569198193657,0.8022058110510126
1413,1413.0,0.7819105928171781,0.7953715147148767,0.0004500124045221064,0.4262146052714203,0.0,0.7953686170246682,46.0,30.73913043478261,31.951369328355618,0.818928545957982
1414,1414.0,0.7823440005089978,0.7957682096988625,0.0004503520549104436,0.42654096607293235,0.0,0.7958000433247959,46.0,30.76086956521739,31.51655475122156,0.8108372844082196
1415,1415.0,0.7827767414208084,0.7961708948952665,0.0004506918510609246,0.42687120470542084,0.0,0.7962308598351002,46.0,30.782608695652176,31.14438518804454,0.8037323068485583
1416,1416.0,0.7832088157638812,0.796626485890877,0.00045103198395938696,0.4272079199888681,0.0,0.7966610678475088,46.0,30.804347826086957,30.837100771824087,0.7977367767170578
1417,1417.0,0.7836402237446725,0.7970940635223454,0.00045137227636322166,0.42754291158502983,0.0,0.7970906686503019,46.0,30.82608695652174,30.875615523739715,0.7984947925843963
1418,1418.0,0.7840709655649694,0.7975314032001424,0.00045171272683596625,0.4278756915420794,0.0,0.7975196635281263,46.0,30.847826086956523,31.03169823233214,0.8015474212743691
1419,1419.0,0.7845010414220235,0.7980200312218952,0.0004520532317030278,0.42820910496199016,0.0,0.7979480537620075,46.0,30.869565217391305,30.48079540089532,0.7906334320274301
1420,1420.0,0.7849304515086956,0.7985151751921815,0.000452393666895353,0.42854196428587427,0.0,0.798375840629362,46.0,30.891304347826086,30.880420856831453,0.7985892345502309
1421,1421.0,0.7853591960135872,0.7987879584029324,0.00045273527872443216,0.4288750302795632,0.0,0.7988030254040108,46.0,30.91304347826087,30.53267989686646,0.7916781203444608
1422,1422.0,0.7857872751211863,0.799208139026539,0.0004530765262340133,0.4292086148654484,0.0,0.7992296093561918,46.0,30.934782608695652,31.268617034078094,0.8061227854444291
1423,1423.0,0.7862146890119933,0.7995714514594285,0.0004534177904723924,0.4295397588306974,0.0,0.7996555937525721,46.0,30.956521739130434,31.35977774576457,0.8078648587008112
1424,1424.0,0.7866414378626617,0.8000735505230104,0.00045375966143886904,0.42987164197777405,0.0,0.8000809798562609,46.0,30.97826086956522,30.850328277017294,0.7979973230512668
1425,1425.0,0.7870675218461326,0.8005489048006157,0.00045410148064474107,0.4302002425255303,0.0,0.8005057689268217,46.0,31.0,31.520294060336518,0.8109078190926375
1426,1426.0,0.7874929411317589,0.8009433266829545,0.0004544436123293119,0.4305293973844221,0.0,0.8009299622202851,46.0,31.02173913043478,30.8139413091344,0.797280058805103
1427,1427.0,0.7879176958854532,0.8012778786848022,0.0004547857414860145,0.43085710925025317,0.0,0.8013535609891603,46.0,31.043478260869566,31.226088593056296,0.8053065911432298
1428,1428.0,0.7883417862698008,0.8016481940274284,0.00045512792887647985,0.4311821344596827,0.0,0.8017765664824491,46.0,31.065217391304348,30.5378791048679,0.7917826101094585
1429,1429.0,0.7887652124441925,0.8021901682435948,0.0004554711378062924,0.43150927751142704,0.0,0.802198979945656,46.0,31.08695652173913,31.24526220408759,0.8056748409332252
1430,1430.0,0.7891879745649699,0.8026374030963028,0.0004558140711923391,0.4318375690863765,0.0,0.8026208026208028,46.0,31.108695652173914,31.473751568213547,0.8100286929049597
1431,1431.0,0.7896100727855284,0.8029853316593597,0.00045615714180411836,0.4321658294775657,0.0,0.8030420357464384,46.0,31.130434782608695,30.924775887020566,0.7994595836087286
1432,1432.0,0.7900315072564591,0.8034753011796218,0.000456500612706798,0.43249382625933114,0.0,0.8034626805576528,46.0,31.152173913043477,30.659119758825913,0.7942091647388949
1433,1433.0,0.790452278125671,0.8038686084759586,0.00045684421430939486,0.43282070766407094,1.0,0.8038827382860881,46.0,31.17391304347826,30.248438360903254,0.7859109867130689
1434,1434.0,0.7780709496206781,0.7911748502010738,0.0004515577199798417,0.42725258528823595,0.0,0.7912347493937454,47.0,30.53191489361702,31.393365366795965,0.8085041646560379
1435,1435.0,0.7785018685788201,0.791700305546445,0.0004518913228257156,0.4275580945537782,0.0,0.7916627428822554,47.0,30.5531914893617,30.772171490289736,0.7964545959166501
1436,1436.0,0.7789321495759771,0.7922420493086776,0.0004522243874411028,0.4278625779464853,0.0,0.7920901402795555,47.0,30.574468085106382,31.079694498185656,0.8024799570927573
1437,1437.0,0.779361792829072,0.7925468973975526,0.0004525588919833627,0.4281669633585264,0.0,0.7925169428300955,47.0,30.595744680851062,30.950462846113385,0.7999624809519555
1438,1438.0,0.7797907985494261,0.7928946938000687,0.0004528928662022596,0.42847895769206257,0.0,0.7929431517748626,47.0,30.617021276595743,31.45516820412306,0.8096769509543971
1439,1439.0,0.7802191669428908,0.7933708525568087,0.00045322711304487587,0.42879398731976226,0.0,0.7933687683513954,47.0,30.638297872340427,30.987824047917474,0.8006924475106396
1440,1440.0,0.7806468982099838,0.7938470136585266,0.0004535613702580766,0.42910521635933063,0.0,0.7937937937937939,47.0,30.659574468085108,30.375216811243853,0.7884965992828331
1441,1441.0,0.7810739925460327,0.7941401066413322,0.00045389577767351126,0.42941286285895786,0.0,0.7942182293327333,47.0,30.680851063829788,31.4516595938425,0.8096104940803656
1442,1442.0,0.781500450141303,0.7947047371903302,0.00045423051058218403,0.4297218898070629,0.0,0.7946420761954744,47.0,30.70212765957447,31.207599263739162,0.8049510551564355
1443,1443.0,0.7819262711811455,0.794992948081299,0.0004545653063880456,0.430031485684086,0.0,0.7950653356058763,47.0,30.72340425531915,30.894593982754365,0.7988676160044875
1444,1444.0,0.782351455846118,0.7954494557161417,0.0004549004198244726,0.4303480895242779,0.0,0.795488008784408,47.0,30.74468085106383,31.492994033160315,0.8103924727192366
1445,1445.0,0.7827760043121309,0.7959114039105465,0.0004552356348036396,0.43067029323977446,0.0,0.7959100969481594,47.0,30.76595744680851,31.2326247587642,0.8054321760187063
1446,1446.0,0.7831999167505754,0.7963544078695792,0.0004555709601524219,0.43099751324483204,0.0,0.7963316013108545,47.0,30.78723404255319,31.227582971361937,0.8053353085322795
1447,1447.0,0.7836231933284509,0.7967683514308381,0.0004559064802795653,0.43133016679346137,1.0,0.7967525230828619,47.0,30.80851063829787,29.65383255290879,0.7734891529174747
1448,1448.0,0.7713086460453882,0.7842071555281855,0.0004508632564911508,0.4264249983192171,0.0,0.7842317455577127,48.0,30.1875,31.583034612023532,0.8120888046122386
1449,1449.0,0.7717411540756025,0.7846481066340483,0.00045119043507353066,0.42670740934674406,0.0,0.7846604368343499,48.0,30.208333333333332,30.376014945689608,0.7885128086562133
1450,1450.0,0.7721730493674004,0.78508321359948,0.00045151773122792513,0.4269924142342148,1.0,0.7850885368126748,48.0,30.229166666666668,29.319955390444225,0.7662932891282455
1451,1451.0,0.7598417242448122,0.7725838016749282,0.00044675392961052694,0.42290498273964094,0.0,0.7726016850758409,49.0,29.632653061224488,31.320287933304037,0.807111456810727
1452,1452.0,0.7602818249609883,0.7728935213410174,0.00044707379988872403,0.42316606035074406,0.0,0.7730375003102278,49.0,29.653061224489797,30.128919498286052,0.7834535050126706
1453,1453.0,0.7607213311353122,0.7735009850121043,0.0004473949222792421,0.42342957345984594,0.0,0.7734727156612914,49.0,29.6734693877551,31.373749066708516,0.8081309547525541
1454,1454.0,0.7611602432354645,0.7739592135678994,0.00044771553444734955,0.4236948021282006,0.0,0.7739073323667548,49.0,29.693877551020407,30.656992274578393,0.7941667499330811
1455,1455.0,0.7615985617187632,0.7741028072351768,0.0004480347628184901,0.42396158427324776,0.0,0.7743413516609394,49.0,29.714285714285715,31.129957626662893,0.8034534540577765
1456,1456.0,0.7620362870322779,0.7746665480786077,0.00044835693345850967,0.4242313550602637,0.0,0.7747747747747749,49.0,29.73469387755102,31.30429895682299,0.8068058723321853
1457,1457.0,0.7624734196129788,0.7752229099818604,0.00044867825226088226,0.42450755473808,0.0,0.7752076029358118,49.0,29.755102040816325,30.984741522403894,0.8006322874760704
1458,1458.0,0.7629099598878778,0.7756492523141276,0.0004489993551421581,0.42478572438692414,0.0,0.7756398373682326,49.0,29.775510204081634,31.33133602919614,0.8073224279901743
1459,1459.0,0.7633459082741509,0.7760762623450729,0.0004493205635984191,0.4250601715564529,0.0,0.776071479292864,49.0,29.79591836734694,30.5309532408575,0.7916434114411308
1460,1460.0,0.7637812651792866,0.7765712723724216,0.0004496417424027666,0.4253353376707182,0.0,0.7765025299271877,49.0,29.816326530612244,31.268842007124785,0.8061270971626824
1461,1461.0,0.7642160310012172,0.77690874103661,0.0004499632836777602,0.42561102169142984,0.0,0.776932990485352,49.0,29.836734693877553,31.316493629910166,0.8070389675727391
1462,1462.0,0.7646502061284572,0.777382869303465,0.0004502848188060749,0.4258883202594583,0.0,0.777362862178184,49.0,29.857142857142858,30.43401935827187,0.7896885486161426
1463,1463.0,0.7650837909402386,0.7778405493737486,0.0004506063998298768,0.4261643740288331,0.0,0.777792146213199,49.0,29.877551020408163,30.93909731649919,0.7997400704718699
1464,1464.0,0.7655167858066488,0.7782355140963875,0.00045092820655315123,0.4264409996420253,0.0,0.7782208437946144,49.0,29.897959183673468,31.33713117438632,0.8074330308935036
1465,1465.0,0.7659491910887674,0.7786740424158894,0.000451250047189204,0.4267187569321092,0.0,0.7786489561233589,49.0,29.918367346938776,30.472825687152945,0.7904726475732754
1466,1466.0,0.7663810071388024,0.7790773830761095,0.00045157202591242067,0.4269929859046591,0.0,0.7790764843970849,49.0,29.93877551020408,31.22965242094913,0.8053750724975496
1467,1467.0,0.7668122343002257,0.7793673836879824,0.00045189355306323207,0.42726632348000326,0.0,0.7795034298101784,49.0,29.959183673469386,31.648847073584594,0.8133225818140576
1468,1468.0,0.767242872907913,0.7799577668364022,0.00045221624727120223,0.4275408058381597,0.0,0.7799297935537719,49.0,29.979591836734695,29.983777555817095,0.7804428334327733
1469,1469.0,0.767672923288269,0.7804159894146337,0.0004525384470744039,0.42781772517899946,0.0,0.780355576815754,49.0,30.0,31.850420929803946,0.8170697353670855
1470,1470.0,0.7681023857593795,0.7808078274628504,0.0004528609248352857,0.42808942009056467,0.0,0.7807807807807808,49.0,30.020408163265305,30.95447123035601,0.8000408815119305
1471,1471.0,0.7685312606311389,0.7812513434452567,0.00045318338452268525,0.42835926542867614,0.0,0.7812054066302879,49.0,30.040816326530614,31.268069292585682,0.8061122874519383
1472,1472.0,0.7689595482053825,0.7816301535103316,0.0004535060555113581,0.4286265532363248,0.0,0.7816294555424993,49.0,30.06122448979592,30.258589990546458,0.7861188244843121
1473,1473.0,0.7693872487760264,0.7821300716181219,0.0004538285967743243,0.4288990069310288,0.0,0.78205292869244,49.0,30.081632653061224,31.083595453787904,0.8025556235454631
1474,1474.0,0.7698143626291986,0.7824162874069239,0.0004541514940398242,0.4291739346462098,0.0,0.7824758272519468,49.0,30.102040816326532,30.42588612530153,0.7895239595350093
1475,1475.0,0.7702408900433847,0.7829681607033551,0.0004544743888171133,0.4294468453690413,0.0,0.7828981523896781,49.0,30.122448979591837,30.740898870286614,0.7958351121681075
1476,1476.0,0.7706668312895473,0.7833221258941345,0.0004547975789997279,0.4297203593092661,0.0,0.7833199052711249,49.0,30.142857142857142,30.84582939976329,0.7979087323257529
1477,1477.0,0.7710921866312709,0.7836913355991313,0.0004551206595612041,0.42999525146995454,0.0,0.7837410870586228,49.0,30.163265306122447,29.89613099575237,0.7786106291381645
1478,1478.0,0.7715169563248857,0.7842071555281855,0.00045544393584242177,0.43027423527800285,0.0,0.7841616989113608,49.0,30.183673469387756,31.053577219131,0.8019728730917219
1479,1479.0,0.7719411406196142,0.7846481066340483,0.00045576724013423974,0.4305527642469787,0.0,0.7845817419853932,49.0,30.20408163265306,31.314182020322338,0.8069947962259088
1480,1480.0,0.7723647397576962,0.78508321359948,0.00045609065533054545,0.4308331960759226,0.0,0.78500121743365,49.0,30.224489795918366,31.357160998299353,0.8078149940873967
1481,1481.0,0.7727877539745177,0.7854472589431606,0.0004564144311844104,0.431114063604491,0.0,0.7854201264059469,49.0,30.244897959183675,31.071879894263084,0.8023283208354907
1482,1482.0,0.7732101834987549,0.7858482379721019,0.00045673815798546845,0.4313969982417334,0.0,0.7858384700489965,49.0,30.26530612244898,31.036225645854103,0.8016355091376902
1483,1483.0,0.7736320285524878,0.786247448739587,0.0004570619778943135,0.4316806909826077,0.0,0.7862562495064184,49.0,30.285714285714285,30.940435511928403,0.7997662659202994
1484,1484.0,0.7740532893513585,0.7866925739580464,0.00045738590085259617,0.4319680510400054,0.0,0.7866734659187491,49.0,30.306122448979593,30.437048525158552,0.7897498262105394
1485,1485.0,0.7744739661046695,0.7869398664620868,0.00045770927166781676,0.4322540050908186,0.0,0.7870901204234539,49.0,30.3265306122449,30.455734904145178,0.7901275670043265
1486,1486.0,0.7748940590155399,0.7874770568972972,0.000458034088248335,0.4325402240401514,0.0,0.7875062141549358,49.0,30.346938775510203,30.70328512069458,0.7950883443783273
1487,1487.0,0.7753135682810229,0.7880039818246262,0.00045835817965929684,0.43282334619912044,0.0,0.7879217482445461,49.0,30.367346938775512,31.533950862729114,0.8111652855957882
1488,1488.0,0.7757324940922369,0.7883221883485982,0.0004586827650938998,0.43311028462382367,0.0,0.788336723820595,49.0,30.387755102040817,30.589905148849343,0.7928262343502248
1489,1489.0,0.7761508366344927,0.788761566067767,0.00045900726907512003,0.433402756417338,0.0,0.7887511420083618,49.0,30.408163265306122,30.95824232280661,0.8001146223129136
1490,1490.0,0.776568596087433,0.7891179943965838,0.000459331821093526,0.43369411802740154,0.0,0.7891650039301047,49.0,30.428571428571427,30.782104775284296,0.7966511023603283
1491,1491.0,0.7769857726251376,0.7895942091008329,0.0004596566136339078,0.4339842113055285,0.0,0.7895783107050715,49.0,30.448979591836736,31.811750082932743,0.8163545455851462
1492,1492.0,0.7774023664162706,0.7900001563431511,0.0004599814682785386,0.43427344534742407,0.0,0.7899910634495085,49.0,30.46938775510204,31.25615707765132,0.8058838873830492
1493,1493.0,0.7778183776241937,0.7903378387942697,0.0004603063058225003,0.4345604981915203,0.0,0.7904032632766727,49.0,30.489795918367346,32.088487269669514,0.8214346316740164
1494,1494.0,0.7782338064071062,0.7906657685775933,0.00046063083593225545,0.4348507586419922,0.0,0.7908149112968393,49.0,30.510204081632654,30.536436757996345,0.7917536264750507
1495,1495.0,0.7786486529181494,0.7911748502010738,0.0004609566460828144,0.4351452001407457,0.0,0.7912260086173132,49.0,30.53061224489796,31.027999875024825,0.8014754449111748
1496,1496.0,0.7790629173055477,0.7916156060722112,0.0004612820373420533,0.4354419685650918,0.0,0.791636556342439,49.0,30.551020408163264,30.798240602072802,0.7969700411632816
1497,1497.0,0.7794765997127262,0.7922420493086776,0.0004616063073309655,0.43573790376248966,0.0,0.7920465555736098,49.0,30.571428571428573,31.084255408753336,0.802568422748845
1498,1498.0,0.7798897002784283,0.7923974879168111,0.00046193295439865133,0.4360329089331548,0.0,0.7924560074092787,49.0,30.591836734693878,30.458975239574333,0.7901930224755912
1499,1499.0,0.7803022191368514,0.7928946938000687,0.00046225872123184416,0.4363347914373108,0.0,0.7928649129449665,49.0,30.612244897959183,30.334118764318532,0.7876607831096436
1500,1500.0,0.7807141564177531,0.7932665040077874,0.00046258455838017374,0.43664113347497113,0.0,0.7932732732732735,49.0,30.632653061224488,31.205226901850004,0.8049054059124421
1501,1501.0,0.781125512246579,0.793680540839904,0.00046291049463744095,0.4369448007831334,0.0,0.7936810894838879,49.0,30.653061224489797,30.411951517674314,0.7892417656650073
1502,1502.0,0.7815362867445815,0.7940632751500512,0.0004632365345732382,0.4372445266829234,1.0,0.7940883626635958,49.0,30.6734693877551,30.034213177856817,0.7814923157642173
1503,1503.0,0.7696257791670174,0.7819554968082849,0.0004583876211318834,0.4327229310273769,0.0,0.7820275365185548,50.0,30.08,30.955289198556837,0.8000568777743875
1504,1504.0,0.7700447507810086,0.7824162874069239,0.00045870703468785457,0.4329938079759636,0.0,0.7824420164845698,50.0,30.1,31.518224837660348,0.8108687893600667
1505,1505.0,0.7704631619116756,0.7828205059990624,0.00045902638614406157,0.4332629408051189,0.0,0.7828559456466435,50.0,30.12,31.77551282476303,0.8156827833951821
1506,1506.0,0.770881012788754,0.7832908410848335,0.00045934587444833346,0.43353249953596346,0.0,0.7832693251019947,50.0,30.14,30.80342561438282,0.7970724565534704
1507,1507.0,0.7712983036351806,0.7836913355991313,0.00045966544465386207,0.4338028725426719,0.0,0.7836821559449297,50.0,30.16,29.771797518083368,0.7759929983326771
1508,1508.0,0.7717150346672176,0.7840895416061333,0.00045998509984651067,0.43407744030626483,0.0,0.7840944392668531,50.0,30.18,30.61685501293637,0.7933654447098619
1509,1509.0,0.7721312060945872,0.784513215605886,0.00046030484737755883,0.43435209658766966,0.0,0.7845061761562757,50.0,30.2,30.27110066880032,0.786374768106766
1510,1510.0,0.7725468181205837,0.7849102416236039,0.00046062469089326054,0.4346282522407111,0.0,0.7849173676988248,50.0,30.22,31.33217064354659,0.8073383594952522
1511,1511.0,0.7729618709422069,0.785330137790186,0.0004609446313927177,0.4349047684439739,0.0,0.785328014977254,50.0,30.24,30.470167033981266,0.7904189920444049
1512,1512.0,0.7733763647502825,0.7857818012211857,0.00046126460714639655,0.43518387829298255,0.0,0.7857381190714526,50.0,30.26,31.351442872616865,0.8077060007918584
1513,1513.0,0.7737902997295927,0.7861382024082012,0.00046158479463166176,0.435462337973329,0.0,0.7861476810584546,50.0,30.28,30.47271468903385,0.7904704076553625
1514,1514.0,0.7742036760589951,0.7865634141450695,0.0004619050235207909,0.43574580640194843,0.0,0.7865567020124484,50.0,30.3,30.287407360059298,0.7867080532031849
1515,1515.0,0.7746164939115417,0.7869398664620868,0.0004622253292527349,0.4360279590210227,0.0,0.7869651830047872,50.0,30.32,30.88289190028875,0.7986377879413322
1516,1516.0,0.77502875345461,0.7874141503044797,0.0004625457181853287,0.43631058522003763,0.0,0.7873731251039959,50.0,30.34,31.19915503583158,0.8047885387877781
1517,1517.0,0.7754404548500223,0.7877453609197843,0.00046286625135237336,0.43659016385565325,1.0,0.7877805293757835,50.0,30.36,29.554227579703024,0.7713594406376458
1518,1518.0,0.7636218562224097,0.7759634887830604,0.00045817848591790157,0.43250035547619786,0.0,0.775843036712602,51.0,29.784313725490197,30.39576088602067,0.7889135594204979
1519,1519.0,0.7640410590704112,0.776286873119408,0.00045849356591683236,0.4327681560232002,0.0,0.7762574951515047,51.0,29.80392156862745,30.569814884830627,0.7924236516939271
1520,1520.0,0.7644597219703322,0.7766875490077312,0.0004588083297841124,0.4330361236333624,0.0,0.7766714082503559,51.0,29.823529411764707,30.06343287890555,0.7820987187000743
1521,1521.0,0.7648778452231407,0.7771390059076614,0.0004591230744515717,0.43330511152084933,0.0,0.7770847770847773,51.0,29.84313725490196,30.472608708791636,0.7904682689818858
1522,1522.0,0.7652954291217321,0.7774614286679178,0.0004594380326382139,0.4335745722383004,0.0,0.7774976027275634,51.0,29.862745098039216,31.591375575398285,0.8122454559750463
1523,1523.0,0.7657124739510334,0.7779159543718245,0.00045975306095982917,0.4338431889717909,0.0,0.7779098862486914,51.0,29.88235294117647,30.589217153550678,0.7928124565674319
1524,1524.0,0.7661289799881511,0.7782437906206108,0.0004600679451902819,0.434112691906585,0.0,0.7783216287153295,51.0,29.901960784313726,30.98539649883864,0.8006450713092748
1525,1525.0,0.7665449475024786,0.7786750310561767,0.00046038317968125975,0.43438263974985464,0.0,0.7787328311918478,51.0,29.92156862745098,30.3745030285713,0.7884821022944893
1526,1526.0,0.7669603767558184,0.7790773830761095,0.0004606983789498494,0.43464897196692964,0.0,0.7791434947398252,51.0,29.941176470588236,31.181440332781815,0.804447318198695
1527,1527.0,0.7673752680025117,0.7796417725027993,0.00046101358492187333,0.4349146945728222,0.0,0.7795536204180606,51.0,29.96078431372549,30.73397342580222,0.7956977545551929
1528,1528.0,0.7677896214895533,0.7799577668364022,0.0004613292175079034,0.43518211183313193,0.0,0.7799632092825811,51.0,29.980392156862745,30.519888719756388,0.7914209013725118
1529,1529.0,0.7682034374567228,0.7804159894146337,0.0004616446313064705,0.4354511574600574,0.0,0.780372262386651,51.0,30.0,31.55786602547272,0.8116156122801893
1530,1530.0,0.7686167161366956,0.7808078274628504,0.00046196022077323983,0.43571513092217146,0.0,0.7807807807807808,51.0,30.019607843137255,31.57662218765762,0.8119683168094264
1531,1531.0,0.7690294577551751,0.7812513434452567,0.00046227575396001454,0.43597731031496384,0.0,0.781188765512737,51.0,30.03921568627451,31.114368646572515,0.8031518629475242
1532,1532.0,0.7694416625310069,0.7816301535103316,0.0004625915534826149,0.4362367694875273,0.0,0.7815962176275494,51.0,30.058823529411764,31.631596042993095,0.8129996756006439
1533,1533.0,0.7698533306762989,0.7819554968082849,0.0004629073115447981,0.4365012118045958,0.0,0.782003138167522,51.0,30.07843137254902,31.383785424462246,0.8083219597566619
1534,1534.0,0.7702644623965523,0.7824162874069239,0.0004632232548809465,0.43676819577112863,0.0,0.7824095281722403,51.0,30.098039215686274,31.825522988161833,0.8166094649362104
1535,1535.0,0.7706750578907651,0.7828205059990624,0.0004635392092190024,0.43703352212553936,0.0,0.7828153886785811,51.0,30.11764705882353,31.460318884200838,0.8097744835539044
1536,1536.0,0.7710851173515726,0.7832185200693195,0.0004638552439483504,0.4372994598048672,0.0,0.7832207207207209,51.0,30.137254901960784,29.667128382737197,0.773772356969127
1537,1537.0,0.771494640965346,0.7836419384476405,0.0004641713500507334,0.43756555042479767,0.0,0.7836255253301448,51.0,30.15686274509804,31.086324802508603,0.8026085531629508
1538,1538.0,0.7719036289123293,0.7840895416061333,0.00046448744036562594,0.4378355575567302,0.0,0.7840298035356555,51.0,30.176470588235293,31.023353878094003,0.8013850015389363
1539,1539.0,0.7723120813667462,0.7843576011436283,0.00046480364590288604,0.4381069699167575,0.0,0.7844335563633812,51.0,30.19607843137255,30.79069208025082,0.7968208796045783
1540,1540.0,0.7727199984969229,0.7849102416236039,0.0004651200139379823,0.4383785755327822,0.0,0.784836784836785,51.0,30.215686274509803,30.793451942580663,0.7968754239768822
1541,1541.0,0.7731273804654104,0.785226150324694,0.0004654366176976809,0.43865142019402015,0.0,0.7852394899766737,51.0,30.235294117647058,30.15192690521398,0.7839280849792153
1542,1542.0,0.7735342274290945,0.7856939666078014,0.000465753054696795,0.43892604618264647,0.0,0.7856416728012059,51.0,30.254901960784313,30.40565136499866,0.7891140944976657
1543,1543.0,0.7739405395393163,0.7860176856967648,0.00046606972129635007,0.43920002038199635,0.0,0.7860433343259008,51.0,30.274509803921568,31.433868228552036,0.8092732780295597
1544,1544.0,0.7743463169419909,0.7864374342314179,0.0004663864227077705,0.43947881564381225,0.0,0.7864444755636467,51.0,30.294117647058822,30.895193611088754,0.7988793879729361
1545,1545.0,0.774751559777715,0.7868608086962445,0.00046670318026092967,0.43975812028800143,0.0,0.7868450975247094,51.0,30.313725490196077,29.983564526147312,0.7804383931478226
1546,1546.0,0.7751562681818965,0.7874141503044797,0.0004670191142866839,0.4400364206921098,0.0,0.7872452012167409,51.0,30.333333333333332,31.222958241007984,0.8052464264228367
1547,1547.0,0.775560442284857,0.7876121308021153,0.00046733692870621675,0.44031315868988824,0.0,0.7876447876447877,51.0,30.352941176470587,30.504506876517457,0.7911113007803633
1548,1548.0,0.7759640822119539,0.7880039818246262,0.00046765392340369477,0.44058907105720346,0.0,0.7880438578112998,51.0,30.372549019607842,30.936545107630863,0.7996901041801047
1549,1549.0,0.7763671880836868,0.7883641071049942,0.0004679708710981383,0.44087011826220474,0.0,0.7884424127161378,51.0,30.392156862745097,31.61177199114865,0.8126281721650287
1550,1550.0,0.7767697600158213,0.7888548964352531,0.00046828824179092823,0.441154442989363,0.0,0.7888404533565824,51.0,30.41176470588235,30.479076868079712,0.7905987687134806
1551,1551.0,0.7771717981194909,0.7891179943965838,0.0004686050429192713,0.441437754783997,0.0,0.7892379807273426,51.0,30.431372549019606,30.705483537307142,0.7951320411715813
1552,1552.0,0.7775733025013163,0.7895942091008329,0.00046892280451749357,0.44171935743599655,0.0,0.7896349958205628,51.0,30.45098039215686,30.61300205102559,0.793288413171024
1553,1553.0,0.7779742732635142,0.7900001563431511,0.00046924025905311994,0.4420005124084935,0.0,0.7900314996258333,51.0,30.470588235294116,31.023624242235396,0.8013902654454548
1554,1554.0,0.7783747105040069,0.7903378387942697,0.00046955754595094944,0.442279656285869,0.0,0.790427493130196,51.0,30.49019607843137,30.943720422199316,0.7998305591016821
1555,1555.0,0.7787746143165357,0.7906657685775933,0.0004698746024997761,0.44256184968065815,0.0,0.7908229773181543,51.0,30.50980392156863,31.433842639934095,0.8092727927501293
1556,1556.0,0.7791739847907696,0.7911748502010738,0.00047019304236505037,0.44284833470205837,0.0,0.7912179531716809,51.0,30.529411764705884,29.974828358283204,0.7802562464258014
1557,1557.0,0.7795728220124127,0.7916156060722112,0.0004705108806608924,0.44313700395626304,0.0,0.7916124216702253,51.0,30.54901960784314,31.089336677535957,0.8026669509603908
1558,1558.0,0.7799711260633123,0.7922420493086776,0.00047082691366834767,0.44342501455785327,0.0,0.7920063837907227,51.0,30.568627450980394,30.91310540937095,0.799230823764756
1559,1559.0,0.7803688970215675,0.7923974879168111,0.00047114669969242567,0.4437115400050836,0.0,0.7923998405076019,51.0,30.58823529411765,30.732837752093054,0.795675223965765
1560,1560.0,0.7807661349616365,0.792756782253785,0.0004714646994807986,0.44400421117455025,0.0,0.7927927927927928,51.0,30.607843137254903,31.11498656803398,0.8031638232737263
1561,1561.0,0.781162839954442,0.7931983819368325,0.00047178286885648574,0.4443020782813566,0.0,0.793185241615735,51.0,30.627450980392158,30.580733839622194,0.7926425189092114
1562,1562.0,0.7815590120674748,0.7935902679605539,0.0004721010913598417,0.4445991208942211,0.0,0.7935771879433853,51.0,30.647058823529413,31.310476232383,0.8069239706401907
1563,1563.0,0.7819546513648996,0.7940632751500512,0.00047241911213045717,0.4448913455783058,0.0,0.7939686327402261,51.0,30.666666666666668,30.3970557349608,0.7889398206419903
1564,1564.0,0.7823497579076598,0.7943677714316204,0.0004727378135058291,0.44518146972669514,0.0,0.7943595769682728,51.0,30.686274509803923,31.913898175733642,0.8182399442776546
1565,1565.0,0.7827443317535809,0.7947047371903302,0.00047305624491676083,0.44547386755121227,0.0,0.7947500215870825,51.0,30.705882352941178,30.741195246700993,0.7958409890462306
1566,1566.0,0.783138372957473,0.7951675269657539,0.0004733748790795205,0.4457675175590832,0.0,0.7951399675537609,51.0,30.725490196078432,30.992918592587742,0.8007918488357352
1567,1567.0,0.783531881571226,0.7955298590328086,0.0004736935896789843,0.44606775366565965,0.0,0.7955294158229705,51.0,30.745098039215687,31.05001802018051,0.8019037028762874
1568,1568.0,0.7839248576439193,0.7959114039105465,0.00047401236817183005,0.446373282613252,0.0,0.7959183673469389,51.0,30.764705882352942,32.14460430205652,0.8224541093603681
1569,1569.0,0.7843173012219155,0.7963544078695792,0.0004743311694388783,0.44668346643315376,0.0,0.7963068230754656,51.0,30.784313725490197,30.91542064030982,0.7992762196906954
1570,1570.0,0.7847092123489612,0.796626485890877,0.00047465006092564486,0.4469993428999313,0.0,0.7966947839559306,51.0,30.80392156862745,31.16082355382411,0.8040497093221072
1571,1571.0,0.7851005910662888,0.7970940635223454,0.0004749692839780342,0.4473126289017961,1.0,0.7970822509333013,51.0,30.823529411764707,30.097041184448777,0.7827947433174296
1572,1572.0,0.7736843912585756,0.7854472589431606,0.0004702041389394485,0.4426249304197282,0.0,0.7855489076863124,52.0,30.25,30.860594681519345,0.7981993897040847
1573,1573.0,0.7740833524943539,0.7858816674608087,0.00047051757130328376,0.4428953272988549,0.0,0.7859429677611498,52.0,30.26923076923077,31.493944800630604,0.8104104355036507
1574,1574.0,0.7744818014350046,0.786247448739587,0.0004708307172430201,0.4431691132570688,0.0,0.7863365271243291,52.0,30.28846153846154,30.75404650301047,0.7960957089755576
1575,1575.0,0.7748797381920396,0.7866925739580464,0.00047114428620469254,0.4434449022121485,0.0,0.7867295867295868,52.0,30.307692307692307,30.607701099159147,0.7931824005468823
1576,1576.0,0.7752771628722206,0.7869398664620868,0.00047145665044829525,0.44371935650166294,0.0,0.7871221475282391,52.0,30.326923076923077,30.221170241347167,0.7853520259667336
1577,1577.0,0.7756740755776719,0.7874770568972972,0.0004717711951367201,0.44399380746669814,0.0,0.7875142104691885,52.0,30.346153846153847,31.53055198254399,0.81110122864653
1578,1578.0,0.7760704764059889,0.7880039818246262,0.00047208447766673505,0.4442652000973809,0.0,0.7879057764989325,52.0,30.365384615384617,31.05925576975067,0.8020831984068454
1579,1579.0,0.7764663654503451,0.7883221883485982,0.00047239840407224166,0.4445397462458175,0.0,0.7882968465615712,52.0,30.384615384615383,29.895095525365154,0.778588918974063
1580,1580.0,0.7768617427995965,0.7887096803418048,0.0004727121050314311,0.4448205492256176,0.0,0.7886874215988141,52.0,30.403846153846153,31.445019518701468,0.8094846832829676
1581,1581.0,0.7772566085383935,0.7890682398039915,0.0004730258844673615,0.44510058599052554,0.0,0.7890775025499885,52.0,30.423076923076923,31.105692892746738,0.8029838871530905
1582,1582.0,0.777650962747275,0.789437113834124,0.0004733396929565907,0.44537945002936874,0.0,0.7894670903520462,52.0,30.442307692307693,31.25526547736105,0.805866785190784
1583,1583.0,0.7780448055027911,0.7898169000215404,0.00047365357736202797,0.4456568092328402,0.0,0.7898561859395722,52.0,30.46153846153846,30.83214407335359,0.7976390854843226
1584,1584.0,0.7784381368775901,0.7902578588321331,0.00047396760037471473,0.44593250071864243,0.0,0.7902447902447903,52.0,30.48076923076923,31.429883948758487,0.8091977080022169
1585,1585.0,0.7788309569405315,0.7906358428952807,0.00047428165391844783,0.44620981094323664,0.0,0.790632904197573,52.0,30.5,30.15675624629625,0.7840276091432441
1586,1586.0,0.7792232657567842,0.7911748502010738,0.00047459496888331137,0.44648954020725173,0.0,0.7910205287254469,52.0,30.51923076923077,31.371355033617867,0.8080853751211508
1587,1587.0,0.7796150633879401,0.7913510159767417,0.00047490985706535096,0.4467736788782802,0.0,0.7914076647536007,52.0,30.53846153846154,32.02375020285745,0.8202541155022418
1588,1588.0,0.7800063498920962,0.791700305546445,0.0004752239303160577,0.44705878161572365,0.0,0.7917943132048928,52.0,30.557692307692307,30.82407636175341,0.7974800123191813
1589,1589.0,0.780397125323973,0.7922420493086776,0.0004755384387133123,0.4473415675878584,0.0,0.7921804749998586,52.0,30.576923076923077,31.808641179399537,0.8162969731069947
1590,1590.0,0.7807873897350085,0.7925831967499665,0.0004758529688175943,0.44762638448961195,0.0,0.7925661510567173,52.0,30.596153846153847,31.13066400817366,0.8034671128646909
1591,1591.0,0.7811771431734553,0.7928946938000687,0.0004761673545362757,0.4479183494671241,0.0,0.7929513422913802,52.0,30.615384615384617,31.09323465937337,0.80274251284946
1592,1592.0,0.7815663856844821,0.7933319592431691,0.00047648202354646325,0.44821280070475744,0.0,0.7933360496174567,52.0,30.634615384615383,31.080622313465128,0.8024979555561627
1593,1593.0,0.7819551173102746,0.7937067425840354,0.0004767966533338396,0.44850379640230337,0.0,0.7937202739462628,52.0,30.653846153846153,31.558940669696508,0.8116358319947229
1594,1594.0,0.7823433380901297,0.7941401066413322,0.00047711132642170613,0.44879121992556686,0.0,0.7941040161868269,52.0,30.673076923076923,32.418680937068366,0.8273825433674756
1595,1595.0,0.7827310480605479,0.7944524901148717,0.0004774261177193634,0.4490783748740814,0.0,0.7944872772458981,52.0,30.692307692307693,30.87967021722782,0.7985744837369364
1596,1596.0,0.7831182472553383,0.794992948081299,0.00047774050464065374,0.44936645228159505,0.0,0.794870058027953,52.0,30.71153846153846,30.77156090668131,0.7964425128317607
1597,1597.0,0.7835049357057072,0.7952921083164295,0.0004780559140312318,0.4496578424901807,0.0,0.7952523594352026,52.0,30.73076923076923,31.004028628617622,0.8010085070796721
1598,1598.0,0.7838911134403602,0.7956003927187629,0.00047837095156166376,0.4499567184314109,0.0,0.7956341823675993,52.0,30.75,31.51873167219685,0.8108783497603187
1599,1599.0,0.784276780485579,0.7960097160704189,0.00047868609192203967,0.4502588692158923,0.0,0.796015527722845,52.0,30.76923076923077,30.415640626721164,0.7893165000717423
1600,1600.0,0.7846619368653384,0.7964367562517247,0.00047900121897321955,0.45056701700838325,0.0,0.7963963963963966,52.0,30.78846153846154,31.233787978366205,0.8054545204305203
1601,1601.0,0.7850465826013733,0.7967683514308381,0.00047931653662432335,0.45087906932804556,0.0,0.796776789281474,52.0,30.807692307692307,30.49666036137729,0.7909532484580651
1602,1602.0,0.7854307177132929,0.797119705184511,0.00047963183700157574,0.4511882461380073,0.0,0.7971567072690668,52.0,30.826923076923077,31.1235446384108,0.8033294222086679
1603,1603.0,0.7858143422186515,0.7975314032001424,0.0004799473123773365,0.4514948564243342,0.0,0.7975361512479419,52.0,30.846153846153847,31.10544946898065,0.8029791727471826
1604,1604.0,0.7861974561330526,0.7978756371596455,0.000480262770867865,0.45180264488738714,0.0,0.7979151221046484,52.0,30.865384615384617,30.97808730316195,0.8005023797487485
1605,1605.0,0.7865800594702261,0.7981212724775013,0.0004805773817815701,0.45211004971492563,0.0,0.7982936207235274,52.0,30.884615384615383,30.675504720234013,0.7945356280491951
1606,1606.0,0.7869621522421306,0.7986551874270811,0.0004808940952496096,0.4524166975593384,0.0,0.7986716479867167,52.0,30.903846153846153,31.823963568834305,0.8165806131004688
1607,1607.0,0.7873437344590213,0.7990091709584158,0.0004812098174540985,0.452724731383956,0.0,0.7990492047741583,52.0,30.923076923076923,31.511483560934153,0.8107415996692078
1608,1608.0,0.7877248061295582,0.7994132469804254,0.00048152572442652203,0.45303072369300934,1.0,0.7994262919636057,52.0,30.942307692307693,29.782786739513124,0.7762252382628239
1609,1609.0,0.7765601841644347,0.7881077501780759,0.00047679039607585326,0.4481696658573923,0.0,0.7881567086041916,53.0,30.37735849056604,30.956994271490743,0.8000902196221454
1610,1610.0,0.7769486149762892,0.7885637727794582,0.00047710081578005386,0.44844503699326765,0.0,0.7885400928879192,53.0,30.39622641509434,31.6063504066405,0.8125264903250449
1611,1611.0,0.7773365550064693,0.7888548964352531,0.0004774110883214575,0.44872196485119825,0.0,0.7889230012135042,53.0,30.41509433962264,30.696940670481453,0.7949622039186159
1612,1612.0,0.7777240043122248,0.789437113834124,0.0004777211192451388,0.44899791746961837,0.0,0.789305434466725,53.0,30.433962264150942,30.504733207960953,0.7911158585671987
1613,1613.0,0.7781109629471865,0.7897341997567905,0.00047803216760679756,0.44927158450870214,0.0,0.7896873935311631,53.0,30.452830188679247,31.25250420265243,0.805813813729102
1614,1614.0,0.7784974309614655,0.7900001563431511,0.000478342662852285,0.4495451997277712,0.0,0.7900688792882103,53.0,30.471698113207548,30.99251313745164,0.8007839390650502
1615,1615.0,0.778883408401743,0.7903378387942697,0.0004786530312853453,0.4498170158031216,0.0,0.7904498926170755,53.0,30.49056603773585,31.369851439106863,0.8080567448574533
1616,1616.0,0.7792688953113789,0.7906657685775933,0.00047896322279107997,0.4500916898015098,0.0,0.7908304343947911,53.0,30.50943396226415,30.34283090891625,0.787838152205166
1617,1617.0,0.7796538917304976,0.7911748502010738,0.00047927487656405275,0.45037076571662915,0.0,0.7912105054962199,53.0,30.528301886792452,30.592531809808523,0.7928788301210822
1618,1618.0,0.7800383976960921,0.7916156060722112,0.0004795857127139592,0.4506518941399148,0.0,0.7915901067940623,53.0,30.547169811320753,30.952457529183167,0.8000014977812329
1619,1619.0,0.7804224132421091,0.791700305546445,0.00047989408260914795,0.45093253096605673,0.0,0.7919692391588627,53.0,30.566037735849058,30.943662521992955,0.7998294259808519
1620,1620.0,0.7808059383995544,0.7923974879168111,0.0004802074556043879,0.45121127478983547,0.0,0.7923479034590147,53.0,30.58490566037736,30.996146290169154,0.8008548085887303
1621,1621.0,0.7811889731965784,0.7927540726779296,0.00048051850685604166,0.4514953837992741,0.0,0.7927261005607706,53.0,30.60377358490566,31.71520909404126,0.8145614767661515
1622,1622.0,0.7815715176585744,0.7930941537929274,0.0004808295839418967,0.45178523998148135,0.0,0.7931038313282458,53.0,30.62264150943396,30.675400727229416,0.7945335571330192
1623,1623.0,0.7819535718082663,0.7934312821563022,0.0004811406136543772,0.4520758134871565,0.0,0.7934810966234258,53.0,30.641509433962263,30.762112681105716,0.7962554769530535
1624,1624.0,0.7823351356658031,0.7938470136585266,0.0004814518719581011,0.45236151300381433,0.0,0.7938578973061733,53.0,30.660377358490567,30.835632892733788,0.7977078496612393
1625,1625.0,0.7827162092488483,0.7941401066413322,0.0004817628002117631,0.4526439987395029,0.0,0.7942342342342343,53.0,30.67924528301887,30.578026089006844,0.7925882574248977
1626,1626.0,0.783096792572673,0.7947047371903302,0.0004820740958252929,0.45292837017336735,0.0,0.794610108263245,53.0,30.69811320754717,31.18701013856143,0.8045546455703333
1627,1627.0,0.7834768856502371,0.794992948081299,0.00048238577361528755,0.45321239984126777,0.0,0.7949855202467374,53.0,30.71698113207547,30.1367840308435,0.7836158103523777
1628,1628.0,0.7838564884922921,0.7953715147148767,0.000482697197775031,0.45350222957483205,0.0,0.7953604710361468,53.0,30.735849056603772,31.52952824565448,0.8110819320968133
1629,1629.0,0.7842356011074495,0.7957682096988625,0.0004830086537432886,0.45379924372773855,0.0,0.7957349614808181,53.0,30.754716981132077,31.83687388598358,0.8168193901500382
1630,1630.0,0.7846142235022909,0.7961158725703522,0.00048332024752184924,0.45409877749799854,0.0,0.796108992428011,53.0,30.77358490566038,30.35151427167425,0.7880148340154705
1631,1631.0,0.7849923556814314,0.7964850296025562,0.0004836318709572998,0.45440510563580444,0.0,0.7964825647229082,53.0,30.79245283018868,30.672157899731996,0.7944689724359316
1632,1632.0,0.7853699976476223,0.796842276276063,0.00048394355329173385,0.4547127091856353,0.0,0.7968556792086204,53.0,30.81132075471698,30.509448959001677,0.791210807400057
1633,1633.0,0.7857471494018272,0.7971999750503935,0.00048425528676820375,0.45501786630132346,0.0,0.7972283367261935,53.0,30.830188679245282,31.72829362472035,0.8148051367499588
1634,1634.0,0.7861238109433056,0.7975314032001424,0.00048456696793531395,0.45532044098575764,0.0,0.7976005381146141,53.0,30.849056603773583,30.580544088619263,0.7926387167410115
1635,1635.0,0.786499982269703,0.7980200312218952,0.0004848789505292002,0.4556247331474541,0.0,0.7979722842108165,53.0,30.867924528301888,31.846622240913668,0.8169995582488775
1636,1636.0,0.7868756633771278,0.7985151751921815,0.00048518993336003923,0.45592804808948967,0.0,0.7983435758496885,53.0,30.88679245283019,30.695881425064645,0.7949411389048949
1637,1637.0,0.7872508542602297,0.7987158717532702,0.00048550302859409235,0.4562310461337631,0.0,0.798714413864078,53.0,30.90566037735849,31.611868769139413,0.8126299869197976
1638,1638.0,0.7876255549122877,0.7991171848116548,0.00048581509558466953,0.4565353740835009,1.0,0.7990847990847993,53.0,30.92452830188679,29.946353428969378,0.7796618141803272
1639,1639.0,0.7766490695120168,0.7880039818246262,0.0004811479801461266,0.4517595930224656,0.0,0.7880217007733789,54.0,30.37037037037037,30.489413686116187,0.7908072064485098
1640,1640.0,0.7770307894190894,0.7883641071049942,0.0004814551014291943,0.4520293101050388,0.0,0.7883981542518129,54.0,30.38888888888889,31.536525915929982,0.8112138071078494
1641,1641.0,0.7774120380912618,0.788761566067767,0.00048176233139630954,0.4523029386141437,0.0,0.7887741489204013,54.0,30.40740740740741,30.913112083081195,0.7992309546294035
1642,1642.0,0.7777928155649563,0.7891179943965838,0.0004820695397269252,0.45257554257372185,0.0,0.7891496856174081,54.0,30.425925925925927,30.459209448928647,0.7901977530151417
1643,1643.0,0.778173121873328,0.7895156212949764,0.0004823768545630709,0.45284701435758906,0.0,0.7895247651790563,54.0,30.444444444444443,31.02267037544755,0.8013716935438617
1644,1644.0,0.7785529570463543,0.7898169000215404,0.00048268394187158997,0.4531172651151929,0.0,0.7898993884395346,54.0,30.462962962962962,31.225233646215848,0.8052901604387867
1645,1645.0,0.7789323211109396,0.7902578588321331,0.0004829915458130487,0.45338534426171845,0.0,0.7902735562310031,54.0,30.48148148148148,30.034048357809546,0.7814888918706515
1646,1646.0,0.7793112140909849,0.790657889154074,0.000483298965948761,0.4536556663232065,0.0,0.7906472693836001,54.0,30.5,30.866794991172625,0.798321361075643
1647,1647.0,0.7796896360075056,0.7911748502010738,0.00048360557844278875,0.4539282568373054,0.0,0.7910205287254469,54.0,30.51851851851852,30.90085822623123,0.7989905737671137
1648,1648.0,0.7800675868786962,0.7913510159767417,0.00048391387177568917,0.45420515414244494,0.0,0.7913933350826556,54.0,30.537037037037038,30.67369617149559,0.7944996106172233
1649,1649.0,0.7804450667200372,0.791700305546445,0.0004842213337497175,0.45448307729638526,0.0,0.791765689279334,54.0,30.555555555555557,31.08387807560746,0.8025611047953204
1650,1650.0,0.7808220755443768,0.7922420493086776,0.000484528692016737,0.4547590802837789,0.0,0.7921375921375923,54.0,30.574074074074073,30.790712580399017,0.796821284794063
1651,1651.0,0.7811986133620165,0.7925468973975526,0.000484836676456967,0.45503569896290263,0.0,0.7925090444775486,54.0,30.59259259259259,30.703742443196738,0.7950974348573129
1652,1652.0,0.7815746801808076,0.7928946938000687,0.00048514441077498436,0.4553191499623347,0.0,0.7928800471173355,54.0,30.61111111111111,30.436903202457135,0.789746886728447
1653,1653.0,0.7819502760062294,0.7932665040077874,0.00048545214704871477,0.4556064957367713,0.0,0.7932506008731057,54.0,30.62962962962963,31.294174702213326,0.8066122141149699
1654,1654.0,0.782325400841476,0.7936278814540294,0.00048575993970237396,0.455891656295336,0.0,0.7936207065590379,54.0,30.64814814814815,31.63134812132766,0.8129950324152007
1655,1655.0,0.7827000546875496,0.7940632751500512,0.0004860675821890345,0.45617251106197676,0.0,0.793990364987344,54.0,30.666666666666668,30.31268661290379,0.7872240156119369
1656,1656.0,0.783074237543334,0.7943677714316204,0.00048637565492011775,0.456451359315879,0.0,0.7943595769682728,54.0,30.685185185185187,30.64423098580944,0.7939122095925896
1657,1657.0,0.7834479494056859,0.7947047371903302,0.00048668356852130194,0.4567325439127771,0.0,0.7947283433101177,54.0,30.703703703703702,30.84985308201255,0.7979879668547946
1658,1658.0,0.7838211902695179,0.7951675269657539,0.0004869913867988049,0.45701433880072884,0.0,0.7950966648192223,54.0,30.72222222222222,30.385424591039634,0.7887038456626924
1659,1659.0,0.7841939601278752,0.7954494557161417,0.00048729959328993813,0.45730260588327165,0.0,0.7954645422999854,54.0,30.74074074074074,32.38775753554682,0.8268306548018096
1660,1660.0,0.7845662589720264,0.7958633866444306,0.00048760764798943927,0.4575964842270852,0.0,0.7958319765548684,54.0,30.75925925925926,31.741685579666182,0.8150543135672699
1661,1661.0,0.784938086791531,0.7961708948952665,0.00048791578928570966,0.457894120578504,0.0,0.7961989683843991,54.0,30.77777777777778,31.250205311010273,0.8057697053437299
1662,1662.0,0.7853094435743406,0.796626485890877,0.0004882238678617312,0.4581978741411738,0.0,0.7965655185871794,54.0,30.796296296296298,30.670400169826603,0.7944339594842721
1663,1663.0,0.7856803293068533,0.796842276276063,0.0004885319497144889,0.4585011571690962,1.0,0.7969316279598903,54.0,30.814814814814813,29.864975551375732,0.7779567504917894
1664,1664.0,0.7748504489713,0.7860176856967648,0.0004839518116363177,0.4539915141413892,0.0,0.7860360360360361,55.0,30.272727272727273,30.24129458687736,0.7857646461480271
1665,1665.0,0.7752279467505275,0.7864374342314179,0.0004842557058691528,0.4542560829170965,0.0,0.7864080296512732,55.0,30.29090909090909,30.640715808761414,0.7938420576137533
1666,1666.0,0.7756049915213363,0.7868608086962445,0.00048455944390031166,0.4545215889885453,0.0,0.7867795766955432,55.0,30.30909090909091,31.00188209427987,0.8009666593398497
1667,1667.0,0.7759815833175082,0.7869398664620868,0.0004848620546658611,0.4547855723674194,0.0,0.7871506779725138,55.0,30.327272727272728,31.202082294751154,0.8048448863437984
1668,1668.0,0.7763577221694468,0.7875587217335878,0.00048516761429998463,0.45504947813429764,0.0,0.7875213342839242,55.0,30.345454545454544,31.417714118770718,0.8089667635647136
1669,1669.0,0.7767334081042605,0.7880039818246262,0.0004854712458922089,0.45531035002573533,0.0,0.7878915464295934,55.0,30.363636363636363,30.598007898851492,0.7929884532729726
1670,1670.0,0.7771086411458573,0.7883221883485982,0.00048577563956978274,0.45557398885678324,0.0,0.7882613152074232,55.0,30.381818181818183,31.019455057566553,0.8013090825021504
1671,1671.0,0.777483421315034,0.7885835248803233,0.0004860797953098213,0.4558441452384831,0.0,0.7886306414134063,55.0,30.4,31.237524360630562,0.8055262817461811
1672,1672.0,0.7778577486295598,0.7890682398039915,0.0004863838378444568,0.4561138865695072,0.0,0.7889995258416315,55.0,30.418181818181818,31.221532387114998,0.8052190178060531
1673,1673.0,0.7782316231042747,0.789437113834124,0.0004866880010349381,0.45638269294990247,0.0,0.7893679692842873,55.0,30.436363636363637,30.119723671762667,0.7832636174212627
1674,1674.0,0.7786050447511639,0.7897341997567905,0.00048699237301357565,0.45664921999753433,0.0,0.7897359725316716,55.0,30.454545454545453,30.019062174648344,0.7811774188774337
1675,1675.0,0.7789780135794536,0.7900001563431511,0.0004872962120383754,0.4569157210147644,0.0,0.7901035363721933,55.0,30.472727272727273,31.724212597147957,0.8147291614685152
1676,1676.0,0.7793505295956914,0.7903378387942697,0.00048760021887745135,0.4571807073341183,0.0,0.79047066159238,55.0,30.490909090909092,31.713781616875817,0.814534882138407
1677,1677.0,0.779722592803842,0.7906657685775933,0.00048790407965847973,0.4574483951280851,0.0,0.790837348976884,55.0,30.509090909090908,30.493942574965555,0.7908984851319157
1678,1678.0,0.7800942032053564,0.7911748502010738,0.00048820945846861596,0.4577205740978069,0.0,0.7912035993084862,55.0,30.527272727272727,30.978600000740244,0.8005123909279609
1679,1679.0,0.780465360799272,0.7915459784503811,0.000488513829978363,0.4579946491253068,0.0,0.7915694133681032,55.0,30.545454545454547,30.834500070471933,0.7976855235875865
1680,1680.0,0.7808360655822836,0.791700305546445,0.0004888162151792559,0.4582685890958326,1.0,0.791934791934792,55.0,30.563636363636363,29.942194013383432,0.7795748890991197
1681,1681.0,0.7700977753480874,0.7811256258179312,0.0004843459556157598,0.45425349810640114,0.0,0.7811523599744898,56.0,30.035714285714285,31.403508753607362,0.8086969647733953
1682,1682.0,0.770474579298152,0.7816301535103316,0.0004846462952934323,0.4544959612837475,0.0,0.781523497338004,56.0,30.053571428571427,31.072394766347184,0.8023383138713587
1683,1683.0,0.7708509470773511,0.7818856695127343,0.0004849474500712141,0.45474264137188536,0.0,0.7818941936588998,56.0,30.071428571428573,31.20271416634593,0.8048570480144439
1684,1684.0,0.7712268787487744,0.7821300716181219,0.00048524756887118454,0.45499162098725343,0.0,0.7822644497228822,56.0,30.089285714285715,31.55024291475079,0.8114721419002378
1685,1685.0,0.771602374371304,0.7826094851655875,0.0004855489920230114,0.4552411337293397,0.0,0.7826342663137918,56.0,30.107142857142858,31.118956840811798,0.8032406595048196
1686,1686.0,0.7719774339997073,0.7829681607033551,0.0004858497825150541,0.4554891066094428,0.0,0.7830036442136089,56.0,30.125,30.003605109596148,0.7808558331026603
1687,1687.0,0.772352057684739,0.7833619386686859,0.00048615065986679903,0.45573767451903463,0.0,0.7833725842024598,56.0,30.142857142857142,30.749918861559628,0.7960139197529355
1688,1688.0,0.7727262454732164,0.7836913355991313,0.00048645143107425094,0.455987920667829,0.0,0.7837410870586228,56.0,30.160714285714285,30.882243872902833,0.7986250556400583
1689,1689.0,0.7730999974081209,0.7840895416061333,0.00048675238592893455,0.4562418762835383,0.0,0.7841091535585321,56.0,30.178571428571427,31.094034331748258,0.8027580120562019
1690,1690.0,0.7734733135286812,0.784513215605886,0.0004870532512804301,0.4564955694669217,0.0,0.7844767844767846,56.0,30.196428571428573,31.406077317963,0.8087457669213297
1691,1691.0,0.7738461938704642,0.7849102416236039,0.000487354059807763,0.45675028621868907,0.0,0.7848439805861451,56.0,30.214285714285715,31.21963269385937,0.8051824968756559
1692,1692.0,0.774218638465472,0.785226150324694,0.00048765515378567737,0.457005997044538,0.0,0.7852107426575513,56.0,30.232142857142858,30.821575038659276,0.7974306761699633
1693,1693.0,0.7745906473422155,0.7856939666078014,0.000487955622411632,0.4572630652666795,0.0,0.7855770714601196,56.0,30.25,31.618448172750362,0.8127533360705071
1694,1694.0,0.7749622205258146,0.7858816674608087,0.00048825696980633827,0.4575198588393879,0.0,0.7859429677611498,56.0,30.267857142857142,31.18922914616272,0.8045973940588281
1695,1695.0,0.7753333580380816,0.786247448739587,0.0004885579747815511,0.4577800501238739,0.0,0.7863084323261317,56.0,30.285714285714285,30.95714459916201,0.8000931590283291
1696,1696.0,0.7757040598976045,0.7866925739580464,0.0004888591228580189,0.45804242452686517,0.0,0.7866734659187491,56.0,30.303571428571427,31.345282931023736,0.8075885415419045
1697,1697.0,0.7760743261198394,0.7869398664620868,0.0004891598239753532,0.45830317324671355,0.0,0.7870380693008863,56.0,30.321428571428573,29.948689972036092,0.7797106335727942
1698,1698.0,0.7764441567171928,0.7874141503044797,0.0004894612411650053,0.45856470665341803,0.0,0.7874022432326321,56.0,30.339285714285715,30.97515391614275,0.8004450946521792
1699,1699.0,0.776813551699108,0.7877453609197843,0.0004897623163410163,0.4588227022368816,0.0,0.7877659884722865,56.0,30.357142857142858,31.25887140103829,0.8059359460532578
1700,1700.0,0.7771825110721525,0.7881077501780759,0.0004900634210736031,0.45908170127248255,0.0,0.7881293057763646,56.0,30.375,30.773569029406726,0.796482250576263
1701,1701.0,0.7775510348400935,0.7885637727794582,0.000490364373985977,0.45934629652430325,0.0,0.7884921958996035,56.0,30.392857142857142,30.978735533362958,0.8005150373476839
1702,1702.0,0.7779191230039935,0.7888548964352531,0.0004906657124594724,0.4596133227006181,0.0,0.7888546595949654,56.0,30.410714285714285,31.356408225547167,0.8078006477446851
1703,1703.0,0.7782867755622853,0.7891179943965838,0.0004909665157866173,0.45987911821941624,0.0,0.7892166976136444,56.0,30.428571428571427,31.107479154230248,0.8030184795528653
1704,1704.0,0.7786539925108557,0.7895942091008329,0.0004912680597871089,0.46014344206781893,0.0,0.7895783107050715,56.0,30.446428571428573,30.914733211848628,0.7992627416363786
1705,1705.0,0.7790207738431314,0.7900001563431511,0.0004915691407259101,0.4604071368993609,0.0,0.7899394996169192,56.0,30.464285714285715,30.45555111586989,0.7901238540243083
1706,1706.0,0.7793871195501533,0.7903317426702088,0.0004918704724169404,0.4606682393135207,0.0,0.790300265095107,56.0,30.482142857142858,31.78521741478447,0.8158628361599091
1707,1707.0,0.7797530296206654,0.790657889154074,0.0004921717613954209,0.4609320501792883,1.0,0.7906606078838067,56.0,30.5,29.811523179630953,0.7768317285145118
1708,1708.0,0.769172282230231,0.7800300460611795,0.0004877598082670834,0.4570502305008779,0.0,0.7800493702133048,57.0,29.982456140350877,31.09074420015605,0.8026942377954426
1709,1709.0,0.7695439791446698,0.7804159894146337,0.00048805782846868403,0.4572986509744686,0.0,0.780415289484921,57.0,30.0,31.30251882450391,0.8067718307785012
1710,1710.0,0.769915256315741,0.7808078274628504,0.0004883558223910448,0.45754260977633276,0.0,0.7807807807807808,57.0,30.017543859649123,31.3113882044571,0.8069414019451143
1711,1711.0,0.7702861137976084,0.7811256258179312,0.0004886538691943687,0.4577848246190053,0.0,0.7811458448512805,57.0,30.035087719298247,30.183774998154956,0.7845838302417893
1712,1712.0,0.77065655164033,0.7816301535103316,0.0004889514024425984,0.45802422131113474,0.0,0.781510482445062,57.0,30.05263157894737,32.48814396544619,0.828618416321975
1713,1713.0,0.7710265698899632,0.7818856695127343,0.0004892499902485151,0.4582676898029903,0.0,0.7818746943090203,57.0,30.07017543859649,30.995670861074366,0.8008455356504453
1714,1714.0,0.7713961685886448,0.7821300716181219,0.0004895476327878303,0.45851340210377745,0.0,0.7822384811883063,57.0,30.087719298245613,31.62841487531953,0.8129400917750012
1715,1715.0,0.7717653477746741,0.7826094851655875,0.0004898461547558435,0.4587601405408887,0.0,0.7826018438263339,57.0,30.105263157894736,31.207785975529166,0.80495464759028
1716,1716.0,0.772134107482605,0.7829681607033551,0.0004901442562458827,0.45900493592549846,0.0,0.7829647829647832,57.0,30.12280701754386,30.297361932185783,0.7869113338528583
1717,1717.0,0.7725024477433386,0.7833221258941345,0.0004904423674526798,0.4592504392327476,0.0,0.7833272993436069,57.0,30.140350877192983,30.741102626261913,0.7958391524782786
1718,1718.0,0.7728703685841964,0.7836913355991313,0.000490740491867569,0.4594969870465595,0.0,0.7836893937010353,57.0,30.157894736842106,30.773345966513258,0.7964778367513587
1719,1719.0,0.773237870029014,0.7840895416061333,0.000491038571593444,0.4597473478580156,0.0,0.7840510667735799,57.0,30.17543859649123,30.599732665525625,0.7930229724095044
1720,1720.0,0.7736049520982208,0.7843576011436283,0.0004913366610408601,0.4599985341690218,0.0,0.7844123192960404,57.0,30.19298245614035,31.32948101858499,0.8072870156490379
1721,1721.0,0.7739716148089364,0.7847262594688417,0.0004916348482407448,0.4602495209047735,0.0,0.7847731520015077,57.0,30.210526315789473,31.770412130753467,0.815588104275723
1722,1722.0,0.7743378581750396,0.7850964175612507,0.0004919330473479684,0.46050238948481004,0.0,0.7851335656213706,57.0,30.228070175438596,31.446536282880754,0.8095134263914892
1723,1723.0,0.7747036822072613,0.7854472589431606,0.0004922311975468275,0.4607556138333185,0.0,0.7854935608853196,57.0,30.24561403508772,31.008228358396373,0.8010903661147238
1724,1724.0,0.7750690869132679,0.7858482379721019,0.0004925294672912016,0.46101014030707554,0.0,0.7858531385213521,57.0,30.263157894736842,31.26506644190427,0.8060547283947409
1725,1725.0,0.775434072297741,0.786247448739587,0.0004928276215652337,0.46126524093243515,0.0,0.7862122992557778,57.0,30.280701754385966,30.466986313780943,0.7903547881324147
1726,1726.0,0.7757986383624607,0.7865634141450695,0.0004931258766893745,0.4615247962650301,0.0,0.7865710438132225,57.0,30.29824561403509,31.410098141559793,0.8088221456433209
1727,1727.0,0.7761627851063901,0.7869398664620868,0.0004934240954940291,0.4617826256759102,0.0,0.7869293729166342,57.0,30.31578947368421,31.690468202663325,0.8141002022476971
1728,1728.0,0.776526512525749,0.7874141503044797,0.0004937217176232086,0.46204081930503693,0.0,0.7872872872872876,57.0,30.333333333333332,30.023434268380136,0.7812683206457894
1729,1729.0,0.7768898206141038,0.7876121308021153,0.0004940205310695725,0.4622966326587498,0.0,0.7876447876447877,57.0,30.350877192982455,30.373778133555184,0.7884673789161271
1730,1730.0,0.7772527093624454,0.7880039818246262,0.0004943188227969678,0.4625515109925538,0.0,0.7880018747070772,57.0,30.36842105263158,31.693144825285557,0.8141501405195897
1731,1731.0,0.7776151787592618,0.7883533101081661,0.0004946170832222249,0.46281075640100705,0.0,0.7883585491904385,57.0,30.385964912280702,30.67149206514888,0.7944557098726271
1732,1732.0,0.7779772287906259,0.7887100200142942,0.000494915354803292,0.463074808632979,0.0,0.7887148118095002,57.0,30.403508771929825,32.559223362637006,0.8298775886012069
1733,1733.0,0.7783388594402733,0.7890682398039915,0.000495213637003164,0.46333787126066767,0.0,0.7890706632772418,57.0,30.42105263157895,30.296747590162404,0.7868987923449544
1734,1734.0,0.7787000706896715,0.789437113834124,0.0004955119242930938,0.46359987597164576,0.0,0.7894261043049973,57.0,30.43859649122807,31.081535983518712,0.8025156785696682
1735,1735.0,0.7790608625181105,0.7897899197314215,0.0004958102279666098,0.46386004741985953,0.0,0.7897811356024614,57.0,30.45614035087719,31.705552497638507,0.8143815227547425
1736,1736.0,0.7794212349027688,0.7902578588321331,0.0004961079674549943,0.4641196776126033,0.0,0.7901357578776935,57.0,30.473684210526315,30.59824255699813,0.7929931499030713
1737,1737.0,0.7797811878187906,0.7906358428952807,0.0004964060427771131,0.4643783280156786,0.0,0.7904899718371223,57.0,30.49122807017544,31.009297525997905,0.8011112022546134
1738,1738.0,0.7801407212393711,0.7906657685775933,0.0004967039717072352,0.4646395252633659,0.0,0.7908437781855504,57.0,30.50877192982456,30.08625975611497,0.7825716304317608
1739,1739.0,0.7804998351358214,0.7911748502010738,0.0004970035241931338,0.46490523159909736,0.0,0.79119717762616,57.0,30.526315789473685,31.887596073722367,0.8177556278738599
1740,1740.0,0.7808585294776459,0.7915459784503811,0.0004973018978909451,0.4651727206377062,0.0,0.7915501708605158,57.0,30.54385964912281,30.75572659120666,0.7961289936396595
1741,1741.0,0.781216804232621,0.791700305546445,0.0004975986684484235,0.46544034006570306,0.0,0.7919027585885716,57.0,30.56140350877193,30.486710657253266,0.7907527146179691
1742,1742.0,0.7815746593668542,0.7922420493086776,0.0004978986356898963,0.46570504780308236,0.0,0.7922549415086729,57.0,30.57894736842105,31.3557529431371,0.8077881588120616
1743,1743.0,0.7819320948448766,0.7925831967499665,0.0004981970095682034,0.4659737240577655,0.0,0.7926067203175639,57.0,30.596491228070175,30.409001665153408,0.7891819941576754
1744,1744.0,0.7822891106296992,0.7928946938000687,0.0004984952746471296,0.4662489844034732,0.0,0.7929580957103894,57.0,30.614035087719298,30.66792554733356,0.794384659648835
1745,1745.0,0.7826457066828878,0.7933319592431691,0.0004987938244167794,0.46652626841027783,0.0,0.7933090683807018,57.0,30.63157894736842,31.519727541294444,0.8108971339049985
1746,1746.0,0.7830018829646411,0.793680540839904,0.0004990922531313049,0.46680065576599306,0.0,0.7936596390204638,57.0,30.649122807017545,30.817622480288325,0.797352699499086
1747,1747.0,0.783357639433848,0.7940632751500512,0.0004993905958162318,0.46707135261948074,0.0,0.7940098083200546,57.0,30.666666666666668,32.111902814905186,0.8218604549006074
1748,1748.0,0.7837129760481695,0.7943677714316204,0.0004996891567881936,0.4673399973196264,0.0,0.7943595769682728,57.0,30.68421052631579,31.34178178510993,0.8075217602694017
1749,1749.0,0.7840678927640989,0.7947047371903302,0.0004999876232510535,0.4676111250567689,0.0,0.7947089456523421,57.0,30.70175438596491,31.429956919379887,0.8091990922117553
1750,1750.0,0.7844223895370307,0.794992948081299,0.0005002859352946898,0.4678821042767984,0.0,0.7950579150579152,57.0,30.719298245614034,31.03967463952933,0.8017025974231734
1751,1751.0,0.7847764663213295,0.7954371245043246,0.0005005845575875818,0.46815931528940063,0.0,0.7954064858690789,57.0,30.736842105263158,30.908613070629634,0.7991427207641173
1752,1752.0,0.7851301230704011,0.7957682096988625,0.0005008830946597876,0.46844296281224534,0.0,0.7957546587683577,57.0,30.75438596491228,30.8998884976666,0.7989715427021861
1753,1753.0,0.7854833597367504,0.7961158725703522,0.0005011816170086322,0.46872897937578883,1.0,0.7961024344367187,57.0,30.771929824561404,29.786580115913914,0.7763053655278066
1754,1754.0,0.775171388781626,0.7857818012211857,0.0004967696025573621,0.46446202344061127,0.0,0.7857663821175795,58.0,30.25862068965517,31.34231723283374,0.8075319744292072
1755,1755.0,0.7755304202832332,0.7861153731078566,0.0004970651068006566,0.46471290763008244,0.0,0.7861194527861196,58.0,30.275862068965516,31.094041040149122,0.8027581420746929
1756,1756.0,0.7758890478507924,0.7864374342314179,0.0004973605570354648,0.4649688081430801,0.0,0.7864721213240576,58.0,30.29310344827586,30.969132616388446,0.8003274727795997
1757,1757.0,0.7762472714684092,0.7868608086962445,0.0004976560492161464,0.4652245649786018,0.0,0.7868243884180139,58.0,30.310344827586206,30.629415358534335,0.7936164267588535
1758,1758.0,0.7766050911177421,0.7869398664620868,0.0004979494158159224,0.46547917860078564,0.0,0.7871762547530466,58.0,30.32758620689655,30.87196800687815,0.7984230862165601
1759,1759.0,0.7769625067780795,0.7875587217335878,0.0004982470589478282,0.46573342600193224,0.0,0.7875277210126558,58.0,30.344827586206897,30.075001370835395,0.7823384765736006
1760,1760.0,0.7773195184264061,0.7880039818246262,0.0004985419803639716,0.4659848211584142,0.0,0.7878787878787882,58.0,30.362068965517242,30.669299906933635,0.7944120408486119
1761,1761.0,0.7776761260374925,0.7883221883485982,0.0004988377558327273,0.4662385426644087,0.0,0.7882294560318414,58.0,30.379310344827587,32.07019013672212,0.8211014565092044
1762,1762.0,0.7780323295839587,0.7885835248803233,0.0004991335919136676,0.466498897117072,0.0,0.7885797261506685,58.0,30.396551724137932,30.266498659451553,0.7862806447391417
1763,1763.0,0.7783881290363598,0.7888548964352531,0.0004994288717300173,0.4667593593343023,0.0,0.7889295989125826,58.0,30.413793103448278,30.36516371107685,0.7882923571426995
1764,1764.0,0.7787435243632458,0.789437113834124,0.0004997236049224194,0.4670189152703044,0.0,0.7892790749933608,58.0,30.43103448275862,30.957540001182302,0.8001008903172208
1765,1765.0,0.7790985155312439,0.7895942091008329,0.0005000200450598781,0.46727634377850286,0.0,0.7896281550672487,58.0,30.448275862068964,30.732963232626535,0.7956777134513334
1766,1766.0,0.7794531025051286,0.7900001563431511,0.00050031556901729,0.4675338257139794,0.0,0.7899768398069646,58.0,30.46551724137931,31.40929836736165,0.8088069548583304
1767,1767.0,0.779807285247897,0.7903317426702088,0.0005006110891052052,0.46778847161672377,0.0,0.790325129883704,58.0,30.482758620689655,31.239868197759282,0.8055712889451193
1768,1768.0,0.7801610637208355,0.7906657685775933,0.0005009065894771122,0.4680461724843363,0.0,0.7906730259671436,58.0,30.5,31.074612207811064,0.8023813479071602
1769,1769.0,0.7805144378835925,0.7911748502010738,0.000501201144577399,0.4683057558281805,0.0,0.7910205287254469,58.0,30.517241379310345,31.408188330126933,0.8087858697041241
1770,1770.0,0.7808674076942494,0.7913510159767417,0.0005014975837622705,0.4685695151754936,0.0,0.7913676388252662,58.0,30.53448275862069,30.784640773091724,0.7967012507310423
1771,1771.0,0.7812199731093898,0.791700305546445,0.0005017930896389455,0.4688345285902557,0.0,0.7917143569317485,58.0,30.551724137931036,31.207052866507585,0.8049405419370017
1772,1772.0,0.7815721340841703,0.7922420493086776,0.0005020872847603164,0.4690980725327464,0.0,0.7920606837085393,58.0,30.56896551724138,31.234178323811012,0.8054620182456582
1773,1773.0,0.7819238905723818,0.7923974879168111,0.0005023841027618057,0.46936036316608193,0.0,0.7924066198177875,58.0,30.586206896551722,30.678588651522713,0.7945970350598339
1774,1774.0,0.7822752425265277,0.7927540726779296,0.0005026796121775934,0.46962844226413236,0.0,0.792752165920148,58.0,30.603448275862068,31.427877866648494,0.8091596512934351
1775,1775.0,0.7826261898978848,0.7930941537929274,0.0005029751197166107,0.46990202604353015,0.0,0.7930973226747876,58.0,30.620689655172413,31.098798776602237,0.8028503397468189
1776,1776.0,0.7829767326365707,0.7934312821563022,0.0005032706250323796,0.47017624713182027,0.0,0.7934420907393883,58.0,30.637931034482758,30.883089811791578,0.7986416763570241
1777,1777.0,0.7833268706916114,0.7937391760945881,0.0005035660511807746,0.47044563632544595,0.0,0.7937864707701514,58.0,30.655172413793103,30.709975367521725,0.79522130351399
1778,1778.0,0.7836766040110028,0.7941401066413322,0.0005038616517591707,0.4707120200518791,0.0,0.7941304634218022,58.0,30.67241379310345,30.376974039387786,0.788532285836568
1779,1779.0,0.78402593254178,0.7944524901148717,0.000504157153414301,0.4709784113139427,0.0,0.7944740693475939,58.0,30.689655172413794,31.06546521259472,0.8022037919577634
1780,1780.0,0.7843748562300795,0.7947047371903302,0.0005044521782600979,0.4712459760128008,0.0,0.7948172891993118,58.0,30.70689655172414,31.48434918909728,0.8102290964973663
1781,1781.0,0.7847233750212027,0.7951675269657539,0.0005047482129001363,0.47151561751175647,0.0,0.7951601236272772,58.0,30.724137931034484,30.325804508773473,0.7874914195351383
1782,1782.0,0.7850714888596745,0.7955298590328086,0.0005050437116462125,0.4717914229432987,0.0,0.7955025732803513,58.0,30.74137931034483,30.67532568821259,0.7945320627976904
1783,1783.0,0.7854191976893145,0.7958633866444306,0.0005053392585441728,0.4720723321950259,0.0,0.79584463880594,58.0,30.75862068965517,31.21211149179253,0.8050378607852271
1784,1784.0,0.7857665014532906,0.7961708948952665,0.0005056347985966852,0.47235690209775183,0.0,0.7961863208499983,58.0,30.775862068965516,30.9800541887769,0.8005407842993781
1785,1785.0,0.786113400094178,0.7964850296025562,0.0005059302745032822,0.47264746583118744,0.0,0.7965276200570318,58.0,30.79310344827586,31.880722672479603,0.817628932103733
1786,1786.0,0.7864598935540316,0.796842276276063,0.0005062258662240003,0.47293822802132945,0.0,0.796868537070105,58.0,30.810344827586206,30.620583886842876,0.7934399769215144
1787,1787.0,0.7868059817744298,0.7971999750503935,0.0005065214427314519,0.473226710608834,0.0,0.7972090725308411,58.0,30.82758620689655,31.55109706227563,0.8114882207904881
1788,1788.0,0.7871516646965444,0.7975314032001424,0.0005068169910762174,0.4735123726377557,0.0,0.7975492270794285,58.0,30.844827586206897,31.011182786272766,0.8011479390622154
1789,1789.0,0.7874969422611915,0.7978756371596455,0.0005071125616644905,0.4737996257310069,0.0,0.7978890013546248,58.0,30.862068965517242,31.15830409431734,0.8040010837190943
1790,1790.0,0.787841814408899,0.7981212724775013,0.0005074076679959391,0.4740866574979134,1.0,0.7982283959937592,58.0,30.879310344827587,30.12697825653261,0.783413429337394
1791,1791.0,0.7777341251448103,0.7881061307877641,0.000503028234192931,0.4696316263419508,0.0,0.7881046876021751,59.0,30.372881355932204,30.92421775655464,0.7994486472989888
1792,1792.0,0.7780846650549444,0.7883641071049942,0.0005033207657689768,0.46988657586164057,0.0,0.7884491634491636,59.0,30.389830508474578,31.11437280246098,0.8031519433894012
1793,1793.0,0.778434815290245,0.7888063001238043,0.0005036138648935047,0.4701444065200124,0.0,0.788793255050924,59.0,30.406779661016948,29.97560483812595,0.7802724401180814
1794,1794.0,0.7787845758076789,0.7891179943965838,0.0005039066623005554,0.47040125294642926,0.0,0.7891369630500067,59.0,30.423728813559322,30.488074629088107,0.790780212876506
1795,1795.0,0.7791339465625361,0.789500187473099,0.0005041994567646802,0.47065699338697764,0.0,0.7894802880875306,59.0,30.440677966101696,31.229014082836578,0.8053628075496659
1796,1796.0,0.7794829275084878,0.7898169000215404,0.000504492258006745,0.4709110129022026,0.0,0.7898232308031865,59.0,30.45762711864407,31.23311973731173,0.8054416843188741
1797,1797.0,0.7798315185976621,0.7902578588321331,0.000504784692511285,0.47116416672902234,0.0,0.7901657918352409,59.0,30.47457627118644,31.063338458246825,0.8021624937033667
1798,1798.0,0.7801797197807067,0.7906358428952807,0.000505077139638542,0.4714169192210471,0.0,0.7905079718205413,59.0,30.491525423728813,30.35855117057985,0.7881579408130159
1799,1799.0,0.7805275310068558,0.7906657685775933,0.0005053691839962378,0.471672057346417,0.0,0.7908497713945185,59.0,30.508474576271187,31.263149401101668,0.8060179765087375
1800,1800.0,0.7808749522240037,0.7911748502010738,0.0005056633052203427,0.47193167209732734,0.0,0.7911911911911913,59.0,30.52542372881356,30.798651648802082,0.7969781614982009
1801,1801.0,0.781221983378759,0.7915459784503811,0.0005059560501633635,0.4721930335206326,0.0,0.7915322318431705,59.0,30.54237288135593,31.116382933688715,0.8031908492125358
1802,1802.0,0.7815686244165202,0.791700305546445,0.0005062475693700431,0.47245461494472396,0.0,0.791872893981662,59.0,30.559322033898304,31.413348270551317,0.8088838701220906
1803,1803.0,0.781914875281536,0.7922420493086776,0.0005065414810889954,0.47271330305052334,0.0,0.792213178236473,59.0,30.576271186440678,32.12599044306979,0.8221163462884421
1804,1804.0,0.7822607359169654,0.7925468973975526,0.0005068342297206627,0.47297495431812586,0.0,0.7925530852360122,59.0,30.593220338983052,30.892979781820202,0.7988359235658439
1805,1805.0,0.7826062062649506,0.7928946938000687,0.0005071269387989816,0.4732429721668404,0.0,0.7928926156072972,59.0,30.610169491525422,31.136474872321124,0.8035794499759873
1806,1806.0,0.7829512862666715,0.7932334136533664,0.0005074196384614418,0.47351425837973354,0.0,0.7932317699759562,59.0,30.627118644067796,31.318362697203852,0.8070746778411655
1807,1807.0,0.783295975862412,0.7935902679605539,0.0005077123142158188,0.4737839206862172,0.0,0.7935705489662327,59.0,30.64406779661017,30.347910090354873,0.7879415114190366
1808,1808.0,0.7836402749916203,0.7938470136585266,0.0005080048554542567,0.4740491113057738,0.0,0.7939089532009886,59.0,30.661016949152543,30.37360651803953,0.7884638931220552
1809,1809.0,0.7839841835929675,0.7941401066413322,0.0005082972171287404,0.47431140058207105,0.0,0.79424698330171,59.0,30.677966101694917,31.391886186474945,0.8084760387714173
1810,1810.0,0.7843277016044171,0.7947047371903302,0.0005085897610790696,0.4745759064740528,0.0,0.7945846398885074,59.0,30.694915254237287,30.56806216255052,0.7923885043309272
1811,1811.0,0.7846708289632732,0.794992948081299,0.0005088828134374192,0.4748398849964666,0.0,0.7949219235801236,59.0,30.71186440677966,30.74021915959379,0.7958216336875479
1812,1812.0,0.7850135656062417,0.7952921083164295,0.0005091756336057213,0.4751081616436426,0.0,0.7952588349939346,59.0,30.728813559322035,31.058453773106315,0.8020676193188132
1813,1813.0,0.7853559114694992,0.7956003927187629,0.0005094683288576694,0.47538313994292547,0.0,0.7955953747459541,59.0,30.74576271186441,31.243392934894022,0.8056389594951576
1814,1814.0,0.7856978664887413,0.7959453374338714,0.0005097609662688198,0.47566147992565433,0.0,0.7959315434508379,59.0,30.76271186440678,30.971757540085544,0.800378754448129
1815,1815.0,0.7860394305992334,0.7963544078695792,0.0005100532953612672,0.47594436849995386,0.0,0.7962673417218874,59.0,30.779661016949152,31.598219644625114,0.8123739324462569
1816,1816.0,0.7863806037358892,0.796626485890877,0.0005103462233578293,0.47623294530978477,0.0,0.7966027701710523,59.0,30.796610169491526,31.09432789511193,0.8027637016854005
1817,1817.0,0.7867213858332992,0.796842276276063,0.0005106384922800198,0.47651987842843113,0.0,0.7969378294089358,59.0,30.8135593220339,31.52593498987994,0.8110141924325306
1818,1818.0,0.7870617768258087,0.7972595588968264,0.0005109314941709736,0.4768051856692287,0.0,0.7972725200447974,59.0,30.83050847457627,30.947322807915384,0.7999010503099161
1819,1819.0,0.7874017766475611,0.7975314032001424,0.00051122388246101,0.4770877622672282,0.0,0.797606842686557,59.0,30.847457627118644,30.493034543546486,0.7908801861466164
1820,1820.0,0.7877413852325539,0.7978756371596455,0.0005115165611979745,0.4773720681064766,0.0,0.797940797940798,59.0,30.864406779661017,30.814306737519505,0.7972872705936155
1821,1821.0,0.7880806025146889,0.7981212724775013,0.000511808363671305,0.4776557420244467,0.0,0.798274386412772,59.0,30.88135593220339,31.227358150702795,0.8053309883411811
1822,1822.0,0.7884194284278315,0.7986551874270811,0.0005121018730164101,0.4779387801268439,0.0,0.7986076087064015,59.0,30.89830508474576,30.692671741002854,0.794877299645706
1823,1823.0,0.7887578629058551,0.798889307964351,0.0005123944692327158,0.4782225705891866,0.0,0.7989404654242834,59.0,30.915254237288135,31.008609355658972,0.8010977912260236
1824,1824.0,0.7890959058827023,0.799208139026539,0.0005126870118855498,0.478505582770109,0.0,0.7992729571676942,59.0,30.93220338983051,31.106345883789384,0.8029965333139989
1825,1825.0,0.7894335572924253,0.7995714514594285,0.0005129797520755545,0.47878651969206487,0.0,0.7996050845365915,59.0,30.949152542372882,31.130384729448867,0.8034617127207413
1826,1826.0,0.7897708170692361,0.7999571719324903,0.0005132723923482746,0.47906743188982287,0.0,0.7999368481296195,59.0,30.966101694915253,31.606371927101698,0.8125268940103434
1827,1827.0,0.7901076851475689,0.80033955278958,0.0005135648029522033,0.4793476403657892,0.0,0.8002682485441108,59.0,30.983050847457626,31.015363330469203,0.8012293866021702
1828,1828.0,0.7904441614621099,0.8006149336997957,0.0005138576215060616,0.4796249693099951,0.0,0.8005992863760919,59.0,31.0,30.89602637311718,0.7988957360893726
1829,1829.0,0.7907802459478612,0.8009433266829545,0.000514150237939361,0.4799031262761233,0.0,0.8009299622202851,59.0,31.016949152542374,30.972016857936364,0.8003838201243985
1830,1830.0,0.7911159385401749,0.8012778786848022,0.0005144428485351245,0.4801799485135114,1.0,0.8012602766701129,59.0,31.033898305084747,30.120858914839406,0.7832870656954157
1831,1831.0,0.7812229814391608,0.7913510159767417,0.0005100897052925373,0.47551623136351834,0.0,0.7913560748077407,60.0,30.533333333333335,30.643448137425704,0.7938965877716424
1832,1832.0,0.7815642691060317,0.791700305546445,0.0005103797618036374,0.4757753672522305,0.0,0.7916912545733508,60.0,30.55,31.880176538507897,0.8176188630032858
1833,1833.0,0.7819051801189384,0.7922420493086776,0.0005106678421639828,0.4760331777101793,0.0,0.7920260686218135,60.0,30.566666666666666,30.625861548664226,0.7935454350674921
1834,1834.0,0.7822457144127399,0.7923974879168111,0.0005109597721764907,0.4762890896755489,0.0,0.7923605175513574,60.0,30.583333333333332,31.353449573474787,0.8077442550804402
1835,1835.0,0.7825858719214619,0.7927540726779296,0.0005112496863534517,0.4765504488120764,0.0,0.7926946019589073,60.0,30.6,31.962723282504797,0.819136877122785
1836,1836.0,0.7829256525783572,0.7930941537929274,0.0005115396409413613,0.4768174441392549,0.0,0.7930283224400874,60.0,30.616666666666667,30.82637615383057,0.7975253664015277
1837,1837.0,0.7832650563159671,0.7933562057653966,0.0005118297943727991,0.47708592500935926,0.0,0.7933616795892247,60.0,30.633333333333333,31.15902590949703,0.8040150155656733
1838,1838.0,0.7836040830661676,0.7937067425840354,0.0005121197437924798,0.4773504022544441,0.0,0.7936946739993531,60.0,30.65,31.71342094918264,0.8145281623364362
1839,1839.0,0.7839427327602428,0.7940632751500512,0.0005124096324953581,0.4776117217533118,0.0,0.7940273062622168,60.0,30.666666666666668,31.158114180651634,0.8039974180640215
1840,1840.0,0.7842810053289331,0.7943677714316204,0.0005126996055860938,0.477871093539149,0.0,0.7943595769682728,60.0,30.683333333333334,30.798908281292807,0.7969832312298162
1841,1841.0,0.7846189007024882,0.7947047371903302,0.0005129895055717038,0.4781330583110927,0.0,0.794691486706696,60.0,30.7,31.214228862393693,0.8050785858210585
1842,1842.0,0.784956418810732,0.794992948081299,0.0005132793629372414,0.47839428585466615,0.0,0.7950230360653814,60.0,30.716666666666665,31.156357613978884,0.8039635112370305
1843,1843.0,0.785293559583113,0.7953715147148767,0.0005135692615950216,0.47866137119398244,0.0,0.7953542256309485,60.0,30.733333333333334,31.034789126881414,0.8016075622131089
1844,1844.0,0.7856303229487546,0.7957682096988625,0.0005138588352951833,0.47893558289849114,0.0,0.7956850559887438,60.0,30.75,30.632215953332462,0.7936723604540769
1845,1845.0,0.7859667088365178,0.7960097160704189,0.0005141489724005025,0.47921133021762985,0.0,0.796015527722845,60.0,30.766666666666666,31.153227562769587,0.803903082701195
1846,1846.0,0.7863027171750483,0.7963544078695792,0.0005144387979074524,0.4794926824129566,0.0,0.796345641416064,60.0,30.783333333333335,31.324056005467273,0.807183427527825
1847,1847.0,0.7866383478928286,0.796626485890877,0.0005147285111031313,0.4797788936094556,0.0,0.7966753976499511,60.0,30.8,31.578497030302998,0.812003549681972
1848,1848.0,0.7869736009182378,0.7970940635223454,0.0005150180692128023,0.4800620699769559,0.0,0.7970047970047972,60.0,30.816666666666666,31.320731555633262,0.8071199309600158
1849,1849.0,0.7873084761795905,0.7972595588968264,0.0005153079598475053,0.48034406148290343,0.0,0.7973338400596379,60.0,30.833333333333332,31.664830257904338,0.8136214423740207
1850,1850.0,0.787642973605198,0.7975314032001424,0.0005155972262048645,0.48062394661612245,0.0,0.7976625273922573,60.0,30.85,31.565992355559715,0.8117684771674031
1851,1851.0,0.7879770931234147,0.7980200312218952,0.000515887692630919,0.480905453416357,0.0,0.7979908595791904,60.0,30.866666666666667,30.634455270613106,0.7937170769135862
1852,1852.0,0.7883108346626857,0.7985151751921815,0.0005161758022088796,0.4811857790613801,0.0,0.7983188371957273,60.0,30.883333333333333,31.177559297424406,0.8043725099187228
1853,1853.0,0.7886441981516004,0.7986551874270811,0.0005164672082564588,0.4814657498394666,1.0,0.798646460815916,60.0,30.9,30.27090181421802,0.7863707015916828
1854,1854.0,0.7788602602610014,0.7888548964352531,0.0005121815170919619,0.4770598464015323,0.0,0.7888665364393521,61.0,30.40983606557377,31.362208446055366,0.8079111705535984
1855,1855.0,0.7791988990614716,0.7891179943965838,0.0005124689046450865,0.4773107592216385,0.0,0.7891989024064499,61.0,30.42622950819672,30.82007682097644,0.7974011214580998
1856,1856.0,0.7795371744719235,0.7895156212949764,0.0005127568073079435,0.4775604777764549,0.0,0.7895309102205657,61.0,30.442622950819672,30.74430327321232,0.7959026115962545
1857,1857.0,0.7798750864260602,0.7898169000215404,0.0005130443358509201,0.47780894215432784,0.0,0.7898625604602989,61.0,30.459016393442624,31.439230575291173,0.809374955682315
1858,1858.0,0.7802126348565187,0.7902578588321331,0.0005133318307821468,0.4780557841378935,0.0,0.7901938537030034,61.0,30.475409836065573,30.984131301696774,0.8006203766990317
1859,1859.0,0.780549819694933,0.7906358428952807,0.0005136190322730862,0.478303035495055,0.0,0.7905247905247906,61.0,30.491803278688526,31.329745187642246,0.8072920589192658
1860,1860.0,0.7808866408719837,0.7906657685775933,0.0005139055465826599,0.478552477159017,0.0,0.790855371500533,61.0,30.508196721311474,30.55229604416334,0.7920721648642727
1861,1861.0,0.7812230983174716,0.7911748502010738,0.0005141945855711474,0.4788063508579703,0.0,0.7911855972038672,61.0,30.524590163934427,32.50600651198828,0.8289353695728633
1862,1862.0,0.7815591919603594,0.7915117805055013,0.0005144820652215723,0.4790619179405527,0.0,0.7915154682071976,61.0,30.540983606557376,30.906328637957373,0.7990979090266574
1863,1863.0,0.781894921728844,0.791700305546445,0.0005147686122938594,0.47931778093761135,0.0,0.7918449850817003,61.0,30.557377049180328,30.806571684290336,0.7971345815443244
1864,1864.0,0.7822302875504071,0.7922420493086776,0.0005150567381688322,0.47957099983725615,0.0,0.7921741483973244,61.0,30.57377049180328,31.141817575248407,0.8036826994824112
1865,1865.0,0.7825652893518701,0.7925468973975526,0.0005153442501711151,0.4798260067789123,0.0,0.792502958722798,61.0,30.59016393442623,31.243689057268917,0.8056446439795993
1866,1866.0,0.7828999270594538,0.7928946938000687,0.0005156315304859913,0.48008718701419384,0.0,0.7928314166256291,61.0,30.60655737704918,31.25082231260095,0.8057815442699848
1867,1867.0,0.7832342005988344,0.7931539516785141,0.0005159190469556855,0.48035235875851173,0.0,0.79315952267211,61.0,30.62295081967213,30.366947363267915,0.7883286042842874
1868,1868.0,0.7835681098951947,0.7934312821563022,0.00051620623052984,0.4806174169154992,0.0,0.7934872774273205,61.0,30.639344262295083,30.856418988961526,0.7981172186121723
1869,1869.0,0.7839016548732791,0.7938470136585266,0.0005164936141550281,0.4808775522683192,0.0,0.793814681455131,61.0,30.65573770491803,30.61117430182609,0.7932518645456259
1870,1870.0,0.7842348354574529,0.7941401066413322,0.0005167809269496278,0.4811347671942781,0.0,0.7941417353182061,61.0,30.672131147540984,30.73348097645451,0.7956879850749576
1871,1871.0,0.7845676515717506,0.7944524901148717,0.0005170681580960834,0.4813921589985809,0.0,0.794468439578007,61.0,30.688524590163933,31.182710263286452,0.804471792498732
1872,1872.0,0.7849001031399265,0.7947047371903302,0.0005173550315475273,0.4816508520900284,0.0,0.794794794794795,61.0,30.704918032786885,30.448975517742753,0.7899909811066441
1873,1873.0,0.7852321900855116,0.7951675269657539,0.0005176424829728291,0.48191093234856835,0.0,0.7951208015276356,61.0,30.721311475409838,31.33803527108573,0.807450282289306
1874,1874.0,0.7855639123318634,0.7954494557161417,0.0005179297460499391,0.48217692067600426,1.0,0.7954464603344007,61.0,30.737704918032787,29.58976663090411,0.7721209671574998
1875,1875.0,0.7758778360947117,0.7857818012211857,0.0005137069683164498,0.4781443440101243,0.0,0.7857777777777778,62.0,30.258064516129032,30.493253068126684,0.7908845900344292
1876,1876.0,0.7762145066347477,0.7861153731078566,0.0005139924855395881,0.4783838370659365,0.0,0.7861080696901593,62.0,30.274193548387096,30.6703686849774,0.7944333322879042
1877,1877.0,0.7765508265445024,0.7864374342314179,0.0005142779739817734,0.4786282230205193,0.0,0.786438009666566,62.0,30.29032258064516,30.84410892991124,0.7978748464477842
1878,1878.0,0.7768867957604755,0.7866925739580464,0.0005145631846651542,0.4788730835459666,0.0,0.7867675982691957,62.0,30.306451612903224,30.98807419973886,0.8006973290675528
1879,1879.0,0.7772224142177618,0.7869398664620868,0.0005148477838258475,0.4791163073884043,0.0,0.7870968360590501,62.0,30.322580645161292,30.55836214814351,0.7921939169134689
1880,1880.0,0.7775576818500859,0.7874268591819197,0.0005151342341158898,0.47936035238808394,0.0,0.7874257235959364,62.0,30.338709677419356,30.279168115882058,0.7865396998806268
1881,1881.0,0.7778925985898939,0.7877453609197843,0.0005154195839869515,0.47960057932880334,0.0,0.7877542614384723,62.0,30.35483870967742,31.014551838159395,0.801213578403632
1882,1882.0,0.7782271643683816,0.7881061307877641,0.0005157048826226281,0.4798417436540586,0.0,0.7880824501440868,62.0,30.370967741935484,30.48908865900751,0.790800654561117
1883,1883.0,0.7785613791155854,0.7883641071049942,0.0005159900999401674,0.48008774128882936,0.0,0.7884102902690264,62.0,30.387096774193548,31.551418634570847,0.8114942739988854
1884,1884.0,0.7788952427604138,0.788761566067767,0.0005162754196341057,0.4803373303981024,0.0,0.7887377823683559,62.0,30.403225806451612,31.196958898112996,0.8047462578282941
1885,1885.0,0.7792287552307293,0.7890682398039915,0.0005165606612805921,0.4805859124810989,0.0,0.7890649269959616,62.0,30.419354838709676,31.797101070824496,0.8160831682303786
1886,1886.0,0.7795619164533958,0.789437113834124,0.0005168457550786607,0.4808336567583036,0.0,0.7893917247045562,62.0,30.43548387096774,30.384167380655875,0.7886783283070619
1887,1887.0,0.7798947263543283,0.7897341997567905,0.00051713098273521,0.48107905089047726,0.0,0.7897181760456801,62.0,30.451612903225808,30.81993317780538,0.7973982877185567
1888,1888.0,0.7802271848585708,0.7900001563431511,0.0005174160232336966,0.48132465167415617,0.0,0.7900442815697053,62.0,30.467741935483872,31.057631767549672,0.802051650715141
1889,1889.0,0.7805592918903388,0.7903378387942697,0.0005177011431076869,0.48156759814460226,0.0,0.7903700418258387,62.0,30.483870967741936,31.23191795261312,0.8054185980895615
1890,1890.0,0.780891047373073,0.7906657685775933,0.0005179861954857272,0.481814217726953,0.0,0.7906954573621242,62.0,30.5,31.14003215668425,0.8036481996179208
1891,1891.0,0.7812224512295133,0.7911748502010738,0.0005182701971453458,0.4820623307793695,0.0,0.7910205287254469,62.0,30.516129032258064,31.142122743970948,0.8036885958996529
1892,1892.0,0.7815535033817276,0.7913510159767417,0.0005185562204983165,0.48231440710808565,0.0,0.7913452564615356,62.0,30.532258064516128,31.052436046291966,0.8019506970274982
1893,1893.0,0.7818842037511915,0.791700305546445,0.0005188411226094695,0.48256809748297613,0.0,0.7916696411149663,62.0,30.548387096774192,30.98330075468783,0.8006041646627281
1894,1894.0,0.7822145522588265,0.7922420493086776,0.0005191233436221621,0.48282034565120463,0.0,0.7919936832291637,62.0,30.56451612903226,30.86614635130811,0.7983086034444251
1895,1895.0,0.7825445488250594,0.7922420493086776,0.000519410693904338,0.4830703190643362,0.0,0.7923173833464072,62.0,30.580645161290324,31.32368259012681,0.80717629601438
1896,1896.0,0.7828741933698748,0.7925831967499665,0.0005196956374174704,0.48332515018156585,0.0,0.7926407420078307,62.0,30.596774193548388,31.10910197201792,0.8030499032892114
1897,1897.0,0.7832034858128734,0.7928946938000687,0.0005199803772644443,0.4835860624346,0.0,0.7929637597534279,62.0,30.612903225806452,31.743584908380264,0.8150896363193584
1898,1898.0,0.7835324260733074,0.7932665040077874,0.000520265342287322,0.48384873154811225,0.0,0.7932864371220539,62.0,30.629032258064516,31.38017445194274,0.8082532523019793
1899,1899.0,0.783861014070149,0.7936003026990914,0.0005205500936131328,0.4841091420674251,0.0,0.7936087746514289,62.0,30.64516129032258,30.648314431894935,0.793993682245916
1900,1900.0,0.7841892497221372,0.7938470136585266,0.0005208344867163333,0.48436545477934034,0.0,0.7939307728781415,62.0,30.661290322580644,31.094936729414883,0.8027755013216179
1901,1901.0,0.7845171329478214,0.7941401066413322,0.000521118905236887,0.4846189870774364,0.0,0.7942524323376507,62.0,30.677419354838708,31.361297853919716,0.807893821987417
1902,1902.0,0.7848446636656149,0.7944524901148717,0.000521403446843998,0.4848748399222463,0.0,0.79457375356429,62.0,30.693548387096776,30.81792231814117,0.7973586154468219
1903,1903.0,0.7851718417938484,0.794992948081299,0.0005216882753292937,0.48513012846950093,0.0,0.794894737091269,62.0,30.70967741935484,31.232596713012637,0.8054316372642668
1904,1904.0,0.7854986672508125,0.7952056533867641,0.0005219732734494522,0.48538908957307797,0.0,0.7952153834506775,62.0,30.725806451612904,31.350423285509205,0.8076865622470691
1905,1905.0,0.785825139954806,0.7955298590328086,0.0005222578131250454,0.4856541785817833,0.0,0.7955356931734886,62.0,30.741935483870968,30.76413553891718,0.7962955308557406
1906,1906.0,0.7861512598241885,0.7958633866444306,0.0005225423164175793,0.48592362335166256,0.0,0.79585566678956,62.0,30.758064516129032,31.431614404789855,0.8092305319988666
1907,1907.0,0.7864770267774233,0.7961708948952665,0.0005228267904450937,0.48619664740694,0.0,0.7961753048276384,62.0,30.774193548387096,31.33890505439185,0.8074668779994303
1908,1908.0,0.7868024407331221,0.7964850296025562,0.0005231112274668654,0.48647545686136895,0.0,0.7964946078153627,62.0,30.79032258064516,30.939590620475986,0.799749727261515
1909,1909.0,0.7871275016100941,0.796842276276063,0.0005233956029989364,0.48675509788887555,0.0,0.7968135762792653,62.0,30.806451612903224,31.234150522352866,0.8054614842371872
1910,1910.0,0.7874522093273917,0.797119705184511,0.0005236800106076259,0.48703207143193267,0.0,0.7971322107447765,62.0,30.822580645161292,30.919319718108213,0.7993526555525617
1911,1911.0,0.7877765638043419,0.7974781090491476,0.0005239643295909293,0.4873070060001868,0.0,0.7974505117362262,62.0,30.838709677419356,30.634106957222244,0.7937101219455127
1912,1912.0,0.7881005649606193,0.7978756371596455,0.0005242481577008055,0.48758186766270806,0.0,0.7977684797768482,62.0,30.85483870967742,30.36862239716653,0.7883626402226455
1913,1913.0,0.7884242127162545,0.7981212724775013,0.0005245329095843082,0.48785752428490625,0.0,0.7980861153887816,62.0,30.870967741935484,30.753047017097483,0.7960759061749477
1914,1914.0,0.7887475069917036,0.7985151751921815,0.0005248166519265261,0.4881314037020757,0.0,0.7984034190930744,62.0,30.887096774193548,31.1794545144134,0.8044090431991221
1915,1915.0,0.7890704477078749,0.7987158717532702,0.0005251014477248626,0.48840596103351464,0.0,0.7987203914096866,62.0,30.903225806451612,30.851011215562043,0.7980107690413815
1916,1916.0,0.7893930347861782,0.7990091709584158,0.0005253856109738465,0.48868157341158724,0.0,0.7990370328574925,62.0,30.919354838709676,30.514907375954504,0.7913206727247254
1917,1917.0,0.7897152681485602,0.7994132469804254,0.0005256696514222711,0.48895516791424104,0.0,0.799353343954283,62.0,30.93548387096774,30.864529048098923,0.7982767915348844
1918,1918.0,0.7900371477175525,0.7997425855539826,0.0005259537110054891,0.4892269552331549,0.0,0.7996693252167706,62.0,30.951612903225808,30.792203726596835,0.7968507561467976
1919,1919.0,0.7903586734163007,0.7999571719324903,0.0005262380360449411,0.48949948747935285,0.0,0.7999849771605897,62.0,30.967741935483872,31.073975403898775,0.8023689900393938
1920,1920.0,0.7906798451686079,0.80033955278958,0.0005265220878471138,0.4897702080659159,0.0,0.8003003003003003,62.0,30.983870967741936,31.501525392484258,0.810553616316821
1921,1921.0,0.7910006628989824,0.8006149336997957,0.0005268062196898299,0.4900385249319219,0.0,0.8006152951493922,62.0,31.0,31.783412653506787,0.8158293600945123
1922,1922.0,0.7913211265326623,0.8009433266829545,0.0005270902465199478,0.4903077480930709,0.0,0.8009299622202851,62.0,31.016129032258064,31.22445916467147,0.8052752753713055
1923,1923.0,0.7916412359956584,0.8012778786848022,0.0005273742124564863,0.49057569771969717,0.0,0.8012443020243335,62.0,31.032258064516128,30.67628496272806,0.7945511653464656
1924,1924.0,0.7919609912147879,0.8016481940274284,0.0005276578753864784,0.4908403549036247,0.0,0.8015583150718287,62.0,31.048387096774192,31.421862148392847,0.8090454999916783
1925,1925.0,0.7922803921177181,0.8019516551139303,0.0005279419165359335,0.49110518477197007,0.0,0.8018720018720021,62.0,31.06451612903226,31.907145511928892,0.8181156796061165
1926,1926.0,0.7925994386329949,0.8021901682435948,0.0005282261479134145,0.49137159390327534,0.0,0.8021853629330267,62.0,31.080645161290324,30.659352123347453,0.7942137969412146
1927,1927.0,0.7929181306900779,0.8024826257612219,0.0005285100525508262,0.4916387880995199,0.0,0.8024983987620212,62.0,31.096774193548388,31.33174826451278,0.8073302970348089
1928,1928.0,0.7932364682193783,0.8028354934689612,0.0005287939295052726,0.49190591774896547,1.0,0.8028111098650521,62.0,31.112903225806452,30.27821905494667,0.786520301736228
1929,1929.0,0.7838208649782135,0.7934312821563022,0.0005245794569762362,0.48730692387565155,0.0,0.7934092724139382,63.0,30.634920634920636,31.20007779997534,0.8048063024520934
1930,1930.0,0.7841442966888874,0.7937391760945881,0.0005248616940017625,0.4875623652436569,0.0,0.7937263688559026,63.0,30.650793650793652,30.69672050196255,0.7949578255885095
1931,1931.0,0.7844673873816645,0.7940632751500512,0.0005251438638669494,0.4878150561654993,0.0,0.7940431368706876,63.0,30.666666666666668,30.894164639651724,0.798859186813428
1932,1932.0,0.784790136970256,0.7943677714316204,0.0005254260189293953,0.4880659327293547,0.0,0.7943595769682728,63.0,30.682539682539684,31.646615281273814,0.813280826767545
1933,1933.0,0.7851125453684211,0.7947047371903302,0.0005257080816972841,0.48831947866791076,0.0,0.7946756896575832,63.0,30.6984126984127,31.559618440611448,0.8116485837251595
1934,1934.0,0.7854346124900083,0.794992948081299,0.0005259901777567908,0.488571822442605,0.0,0.7949914754464912,63.0,30.714285714285715,31.39867437144845,0.8086050909380434
1935,1935.0,0.7857563382489954,0.7952921083164295,0.0005262721844008398,0.48882982660175767,0.0,0.7953069348418188,63.0,30.73015873015873,30.810313335612015,0.7972084508785064
1936,1936.0,0.7860777225595437,0.7956003927187629,0.0005265541489775532,0.48909470765239504,0.0,0.7956220683493411,63.0,30.746031746031747,31.653676090259253,0.8134129086948834
1937,1937.0,0.7863987653360297,0.7959453374338714,0.0005268361031528139,0.48936163248022013,0.0,0.7959368764737894,63.0,30.761904761904763,31.554326766019937,0.8115490104428608
1938,1938.0,0.7867194664931001,0.7961708948952665,0.0005271177028121877,0.48963323868581354,0.0,0.7962513597188522,63.0,30.77777777777778,30.575543725079765,0.7925385040927667
1939,1939.0,0.7870398259457113,0.796626485890877,0.0005273996860720062,0.4899103921859685,0.0,0.7965655185871794,63.0,30.793650793650794,30.80180160889136,0.7970403825838333
1940,1940.0,0.7873598436091632,0.796842276276063,0.0005276816110516968,0.4901867781748035,0.0,0.7968793535803845,63.0,30.80952380952381,30.46880874232803,0.790391576108351
1941,1941.0,0.7876795193991589,0.7971999750503935,0.0005279634499021745,0.4904609701577159,0.0,0.7971928651990478,63.0,30.825396825396826,30.9701740050775,0.8003478188491739
1942,1942.0,0.7879988532318325,0.7975314032001424,0.0005282451609612388,0.4907324087854547,0.0,0.7975060539427173,63.0,30.841269841269842,30.946464054802387,0.799884247784466
1943,1943.0,0.7883178450237889,0.7978756371596455,0.0005285267410842151,0.49100502042859673,0.0,0.7978189203099139,63.0,30.857142857142858,31.80401761359689,0.8162113304176113
1944,1944.0,0.7886364946921558,0.7981212724775013,0.0005288085482551488,0.4912778141076882,1.0,0.7981314647981316,63.0,30.873015873015873,30.3074057740348,0.7871163021264724
1945,1945.0,0.779283950926698,0.7888063001238043,0.0005246596283911043,0.4870356855660031,0.0,0.7888093749276271,64.0,30.40625,31.024600686682327,0.8014092757539267
1946,1946.0,0.7796073272966829,0.7891179943965838,0.000524940134025794,0.4872789684885111,0.0,0.7891262279751491,64.0,30.421875,30.98855016146028,0.8007066169463167
1947,1947.0,0.779930374721922,0.789437113834124,0.0005252205951607749,0.4875210781708984,0.0,0.7894427555444505,64.0,30.4375,30.534296682417,0.7917106170944852
1948,1948.0,0.7802530931146097,0.7897341997567905,0.0005255009790628197,0.4877612763520902,0.0,0.7897589581367817,64.0,30.453125,30.992506231785235,0.8007838043449306
1949,1949.0,0.7805754823864308,0.7900001563431511,0.0005257811124952617,0.4880013529108893,0.0,0.7900748362523634,64.0,30.46875,31.03184269325112,0.8015502323829513
1950,1950.0,0.7808975424486264,0.7903378387942697,0.0005260615540592533,0.4882389684190603,0.0,0.7903903903903906,64.0,30.484375,30.265372547547805,0.7862576083875557
1951,1951.0,0.7812192732120339,0.7906657685775933,0.0005263418711770923,0.48848032305405487,0.0,0.7907056210490347,64.0,30.5,30.209164568181915,0.7851056054408779
1952,1952.0,0.7815406745871402,0.7911748502010738,0.0005266210589443452,0.4887231734174525,0.0,0.7910205287254469,64.0,30.515625,30.877609065861463,0.7985339763783298
1953,1953.0,0.7818617464841262,0.7913510159767417,0.0005269023114299321,0.4889699188286706,0.0,0.7913351139157593,64.0,30.53125,31.010405203038303,0.8011327873583903
1954,1954.0,0.7821824888129243,0.7916156060722112,0.000527182385784138,0.4892183721100879,0.0,0.7916493771150886,64.0,30.546875,31.128152152962606,0.8034185400541551
1955,1955.0,0.7825029014832561,0.791700305546445,0.0005274592978909317,0.48946537406800034,0.0,0.791963318817539,64.0,30.5625,31.467964403369383,0.8099191992263902
1956,1956.0,0.7828229844046898,0.7922420493086776,0.0005277424651824134,0.4897097873594109,0.0,0.7922769395162035,64.0,30.578125,31.66003136272809,0.8135317422352863
1957,1957.0,0.7831427374866784,0.7925831967499665,0.0005280224871296507,0.48995845521058384,0.0,0.7925902397031678,64.0,30.59375,31.561265172582903,0.8116795634192936
1958,1958.0,0.7834621606386168,0.7928946938000687,0.0005283024046093487,0.490213221307944,1.0,0.7929032198695121,64.0,30.609375,30.06726491832402,0.7821781584429223
1959,1959.0,0.774167188708027,0.7836419384476405,0.0005242084077762202,0.4864752040010166,0.0,0.7836504191787501,65.0,30.153846153846153,31.50124299927629,0.8105482837620076
1960,1960.0,0.7744909677604281,0.7839091252212407,0.0005244873848413643,0.48670314400836806,0.0,0.7839676411104984,65.0,30.16923076923077,30.740786722248256,0.7958328883436737
1961,1961.0,0.7748144295964905,0.7842821727250886,0.0005247666200209093,0.48693358532320324,0.0,0.7842845395114648,65.0,30.184615384615384,31.083410658513092,0.8025520395182039
1962,1962.0,0.7751375741356535,0.7846481066340483,0.0005250455468963639,0.48716174191178824,0.0,0.7846011148763443,65.0,30.2,31.02836882134193,0.8014826260084474
1963,1963.0,0.7754604012961734,0.7849102416236039,0.0005253246216759401,0.48739229988710076,0.0,0.7849173676988248,65.0,30.215384615384615,32.070958922284156,0.8211154630888281
1964,1964.0,0.7757829109951696,0.785226150324694,0.0005256035455038492,0.4876228512290016,0.0,0.785233298471588,65.0,30.23076923076923,31.186029190947508,0.8045357459818164
1965,1965.0,0.7761051031486755,0.7854472589431606,0.0005258819439189943,0.4878551548756831,0.0,0.7855489076863124,65.0,30.246153846153845,30.644658592831377,0.7939207421981528
1966,1966.0,0.7764269776717069,0.7858482379721019,0.0005261612260015906,0.48808763530846055,0.0,0.7858641958336772,65.0,30.26153846153846,30.460894503004546,0.7902317854419334
1967,1967.0,0.7767485344782994,0.7861382024082012,0.000526439925693021,0.48832058424850505,0.0,0.7861791634033628,65.0,30.276923076923076,30.425053692462303,0.7895071089504286
1968,1968.0,0.7770697734815746,0.7864374342314179,0.0005267185681548885,0.4885580950617663,0.0,0.786493810884055,65.0,30.29230769230769,31.27694571443309,0.8062823673111987
1969,1969.0,0.7773906945937872,0.7868608086962445,0.0005269972448032979,0.4887948440237782,0.0,0.7868081387634461,65.0,30.307692307692307,31.23202734744355,0.8054206996327729
1970,1970.0,0.7777112977263795,0.7869398664620868,0.0005272744373892699,0.489030286953767,0.0,0.7871221475282391,65.0,30.323076923076922,30.843588078468304,0.7978645871625332
1971,1971.0,0.7780315827900358,0.7874295980335182,0.0005275545254633319,0.48926653422656197,0.0,0.7874358376641484,65.0,30.338461538461537,30.44423815520242,0.7898952177892771
1972,1972.0,0.7783515496947274,0.7877453609197843,0.0005278330219645081,0.48949892767266107,0.0,0.7877492096559034,65.0,30.353846153846153,29.97629472154602,0.7802868271152769
1973,1973.0,0.778671198349774,0.7881061307877641,0.0005281113736851907,0.48973217280408143,0.0,0.7880622639872515,65.0,30.369230769230768,30.4335170101344,0.7896783853406949
1974,1974.0,0.778990528663886,0.7883641071049942,0.0005283898434804325,0.4899697940805371,0.0,0.7883750011409588,65.0,30.384615384615383,31.184855978147503,0.8045131405230622
1975,1975.0,0.779309540545218,0.7887096803418048,0.0005286681564574775,0.49021170060897035,0.0,0.7886874215988141,65.0,30.4,31.048178098134805,0.8018679392291068
1976,1976.0,0.7796282339014216,0.7890682398039915,0.0005289462339820212,0.49045285656375626,0.0,0.7889995258416315,65.0,30.415384615384614,30.001986787920565,0.7808221445967131
1977,1977.0,0.7799466086396891,0.789437113834124,0.0005292239331342065,0.4906931250250776,0.0,0.7893113143492507,65.0,30.43076923076923,30.964110129472417,0.8002293270235264
1978,1978.0,0.7802646646668103,0.7895942091008329,0.0005295028006392191,0.49093105263157827,0.0,0.7896227876005432,65.0,30.446153846153845,31.008210602934138,0.8010900200807977
1979,1979.0,0.7805824018892135,0.7900001563431511,0.0005297807414526009,0.4911693657249993,0.0,0.7899339460734106,65.0,30.46153846153846,30.706634896134844,0.7951549236407154
1980,1980.0,0.780899820213018,0.7902578588321331,0.0005300589921616375,0.49140475851116205,0.0,0.7902447902447903,65.0,30.476923076923075,30.837569063610747,0.7977460046243301
1981,1981.0,0.7812169195440782,0.7906358428952807,0.0005303366913322631,0.49164206985042136,0.0,0.7905553205906564,65.0,30.49230769230769,31.320475994014824,0.8071150492077663
1982,1982.0,0.7815336997880369,0.7906657685775933,0.000530613054142562,0.49188085073101206,0.0,0.7908655375860221,65.0,30.50769230769231,30.56849788735549,0.7923972423026342
1983,1983.0,0.7818501608503661,0.7911748502010738,0.0005308928226085363,0.492124142393623,0.0,0.7911754417049426,65.0,30.523076923076925,30.630283556927118,0.7936337675780136
1984,1984.0,0.7821663026364141,0.7914923498926804,0.0005311706488176148,0.49236897314514366,0.0,0.7914850334205175,65.0,30.53846153846154,31.433431529780766,0.8092649960776738
1985,1985.0,0.782482125051453,0.791700305546445,0.0005314480049084816,0.4926142137480377,0.0,0.7917943132048928,65.0,30.553846153846155,30.917615262270896,0.799319244497458
1986,1986.0,0.7827976280007232,0.7922420493086776,0.0005317252257656183,0.49285768898026233,0.0,0.7921032815292635,65.0,30.56923076923077,31.886667607142964,0.8177385168610206
1987,1987.0,0.7831128113894781,0.7923974879168111,0.0005320037910793978,0.4931005743893446,0.0,0.7924119388638766,65.0,30.584615384615386,30.89969069997786,0.7989676607469399
1988,1988.0,0.7834276751230281,0.7927540726779296,0.0005322813510518281,0.4933490486129891,0.0,0.7927202856780324,65.0,30.6,30.77669493269236,0.7965440972071162
1989,1989.0,0.783742219106783,0.7930941537929274,0.0005325587470742266,0.4936028269581861,0.0,0.7930283224400874,65.0,30.615384615384617,30.408742231055037,0.7891767368088553
1990,1990.0,0.7840564432462943,0.7933319592431691,0.0005328364455653188,0.49385787022988936,0.0,0.7933360496174567,65.0,30.630769230769232,31.654635867786222,0.8134308580750894
1991,1991.0,0.7843703474473049,0.7936278814540294,0.0005331138713849606,0.4941094801114708,0.0,0.7936434676766172,65.0,30.646153846153847,30.195912907015504,0.7848333830776716
1992,1992.0,0.784683931615783,0.7938470136585266,0.0005333907498938727,0.4943576412809902,0.0,0.7939505770831073,65.0,30.661538461538463,30.34970784365441,0.7879780866558882
1993,1993.0,0.7849971956579641,0.7943677714316204,0.0005336680041111723,0.49460311946938357,0.0,0.7942573783015331,65.0,30.676923076923078,31.23149130881238,0.8054104018542511
1994,1994.0,0.7853101394803976,0.7944524901148717,0.0005339452625872436,0.4948509913902774,0.0,0.7945638717955671,65.0,30.692307692307693,30.675633317493418,0.7945381889149613
1995,1995.0,0.7856227629899863,0.794992948081299,0.0005342223461245359,0.49509823125506275,0.0,0.794870058027953,65.0,30.70769230769231,31.126075764712905,0.8033783821343731
1996,1996.0,0.78593506609402,0.7951675269657539,0.0005345002291482703,0.49534871998187774,0.0,0.7951759374605069,65.0,30.723076923076924,31.09750382929852,0.802825248438465
1997,1997.0,0.7862470487002198,0.7954494557161417,0.0005347772871668226,0.49560484756962064,0.0,0.7954815105541196,65.0,30.73846153846154,30.525682633276656,0.7915374384263063
1998,1998.0,0.7865587107167795,0.7957682096988625,0.0005350543695413976,0.4958661389293717,0.0,0.7957867777687598,65.0,30.753846153846155,30.59488451849271,0.7929259326552361
1999,1999.0,0.7868700520524,0.7961158725703522,0.0005353313528573921,0.49612956017026855,0.0,0.7960917395634757,65.0,30.76923076923077,30.809221509832536,0.7971868974253059
