,0
0,1.1659464315022823e+36
1,1.1735043978750105e+36
2,1.181110886188302e+36
3,1.1887662048157618e+36
4,1.1964706640700778e+36
5,1.2042245762150876e+36
6,1.2120282554776924e+36
7,1.2198820180610592e+36
8,1.2277861821553564e+36
9,1.2357410679511287e+36
10,1.2437469976514929e+36
11,1.251804295484672e+36
12,1.2599132877165115e+36
13,1.2680743026632284e+36
14,1.2762876707040532e+36
15,1.2845537242941706e+36
16,1.2928727979771661e+36
17,1.3012452283993485e+36
18,1.3096713543209313e+36
19,1.3181515166303718e+36
20,1.3266860583572898e+36
21,1.335275324685838e+36
22,1.3439196629679418e+36
23,1.3526194227368625e+36
24,1.3613749557207612e+36
25,1.3701866158562467e+36
26,1.379054759301821e+36
27,1.3879797444529274e+36
28,1.396961931953928e+36
29,1.4060016847133537e+36
30,1.4150993679176526e+36
31,1.4242553490452286e+36
32,1.4334699978808402e+36
33,1.442743686529719e+36
34,1.4520767894321233e+36
35,1.4614696833777285e+36
36,1.4709227475199283e+36
37,1.480436363391799e+36
38,1.4900109149188464e+36
39,1.499646788435246e+36
40,1.5093443726983928e+36
41,1.5191040589039396e+36
42,1.5289262407009072e+36
43,1.5388113142069387e+36
44,1.5487596780235668e+36
45,1.5587717332516055e+36
46,1.5688478835063593e+36
47,1.5789885349345306e+36
48,1.58919409622788e+36
49,1.599464978640339e+36
50,1.609801596003587e+36
51,1.6202043647430107e+36
52,1.6306737038937493e+36
53,1.641210035116931e+36
54,1.6518137827158796e+36
55,1.6624853736525212e+36
56,1.6732252375634472e+36
57,1.6840338067780374e+36
58,1.6949115163328306e+36
59,1.7058588039898184e+36
60,1.7168761102529588e+36
61,1.7279638783851276e+36
62,1.739122554425225e+36
63,1.750352587205392e+36
64,1.7616544283682152e+36
65,1.7730285323842288e+36
66,1.784475356568971e+36
67,1.7959953611021538e+36
68,1.8075890090431049e+36
69,1.8192567663500817e+36
70,1.8309991018978445e+36
71,1.8428164874957345e+36
72,1.85470939790581e+36
73,1.866678310861096e+36
74,1.8787237070839895e+36
75,1.8908460703047708e+36
76,1.9030458872797262e+36
77,1.9153236478116315e+36
78,1.9276798447660087e+36
79,1.9401149740917405e+36
80,1.952629534839804e+36
81,1.965224029182357e+36
82,1.977898962432088e+36
83,1.9906548430616012e+36
84,2.003492182723004e+36
85,2.0164114962675305e+36
86,2.029413301764786e+36
87,2.0424981205246412e+36
88,2.0556664771143484e+36
89,2.0689188993806226e+36
90,2.082255918469327e+36
91,2.0956780688460202e+36
92,2.109185888316205e+36
93,2.1227799180463447e+36
94,2.1364607025842524e+36
95,2.1502287898802337e+36
96,2.164084731307464e+36
97,2.1780290816851927e+36
98,2.1920623992969842e+36
99,2.206185245914163e+36
100,2.2203981868167877e+36
101,2.2347017908154077e+36
102,2.2490966302727726e+36
103,2.2635832811257692e+36
104,2.2781623229075197e+36
105,2.2928343387696334e+36
106,2.3075999155038813e+36
107,2.3224596435668204e+36
108,2.3374141170993267e+36
109,2.3524639339513707e+36
110,2.367609695704335e+36
111,2.3828520076941578e+36
112,2.398191479034374e+36
113,2.4136287226395116e+36
114,2.4291643552484623e+36
115,2.444798997448087e+36
116,2.4605332736965252e+36
117,2.4763678123490397e+36
118,2.4923032456789266e+36
119,2.5083402099038055e+36
120,2.5244793452094362e+36
121,2.5407212957741374e+36
122,2.5570667097933973e+36
123,2.5735162395046762e+36
124,2.5900705412122658e+36
125,2.6067302753124656e+36
126,2.623496106318616e+36
127,2.640368702886107e+36
128,2.6573487378400864e+36
129,2.6744368881976096e+36
130,2.691633835196025e+36
131,2.708940264318166e+36
132,2.7263568653185394e+36
133,2.743884332249814e+36
134,2.761523363489063e+36
135,2.7792746617645164e+36
136,2.797138934182384e+36
137,2.8151168922531544e+36
138,2.833209251921097e+36
139,2.8514167335880487e+36
140,2.869740062143192e+36
141,2.8881799669900306e+36
142,2.9067371820743783e+36
143,2.9254124459119984e+36
144,2.944206501617107e+36
145,2.963120096930327e+36
146,2.9821539842473604e+36
147,3.001308920646986e+36
148,3.020585667922374e+36
149,3.039984992606245e+36
150,3.0595076660025406e+36
151,3.0791544642154415e+36
152,3.098926168178365e+36
153,3.118823563684123e+36
154,3.138847441414682e+36
155,3.1589985969710504e+36
156,3.179277830903804e+36
157,3.199685948742592e+36
158,3.2202237610297454e+36
159,3.2408920833466765e+36
160,3.261691736347849e+36
161,3.2826235457911695e+36
162,3.3036883425693303e+36
163,3.3248869627415173e+36
164,3.3462202475649593e+36
165,3.36768904352689e+36
166,3.389294202377014e+36
167,3.411036581158537e+36
168,3.432917042244215e+36
169,3.4549364533642096e+36
170,3.477095687642306e+36
171,3.499395623627965e+36
172,3.521837145329958e+36
173,3.54442114224969e+36
174,3.567148509415031e+36
175,3.590020147414181e+36
176,3.6130369624299094e+36
177,3.636199866272954e+36
178,3.659509776419935e+36
179,3.6829676160432017e+36
180,3.706574314049154e+36
181,3.730330805112435e+36
182,3.7542380297113885e+36
183,3.778296934163819e+36
184,3.802508470662739e+36
185,3.8268735973123035e+36
186,3.8513932781642547e+36
187,3.8760684832534223e+36
188,3.900900188637929e+36
189,3.925889376431008e+36
190,3.951037034841426e+36
191,3.976344158210225e+36
192,4.001811747048216e+36
193,4.027440808073803e+36
194,4.053232354251024e+36
195,4.0791874048279267e+36
196,4.105306985375004e+36
197,4.131592127823142e+36
198,4.1580438705062384e+36
199,4.1846632581948117e+36
200,4.2114513421392657e+36
201,4.2384091801087687e+36
202,4.2655378364309267e+36
203,4.2928383820322585e+36
204,4.320311894478394e+36
205,4.3479594580148326e+36
206,4.37578216360796e+36
207,4.4037811089852033e+36
208,4.4319573986801563e+36
209,4.4603121440686275e+36
210,4.4888464634145e+36
211,4.517561481910576e+36
212,4.546458331721493e+36
213,4.575538152025951e+36
214,4.604802089060015e+36
215,4.634251296160126e+36
216,4.663886933806671e+36
217,4.6937101696664556e+36
218,4.72372217864108e+36
219,4.753924142905055e+36
220,4.784317251954045e+36
221,4.814902702649153e+36
222,4.8456816992615525e+36
223,4.876655453518049e+36
224,4.907825184646716e+36
225,4.939192119422583e+36
226,4.970757492214058e+36
227,5.0025225450281255e+36
228,5.034488527561384e+36
229,5.066656697240563e+36
230,5.099028319274348e+36
231,5.1316046666995714e+36
232,5.164387020429259e+36
233,5.1973766693007555e+36
234,5.2305749101240327e+36
235,5.2639830477307187e+36
236,5.2976023950227604e+36
237,5.331434273020868e+36
238,5.365480010918741e+36
239,5.399740946125799e+36
240,5.434218424322305e+36
241,5.468913799508676e+36
242,5.503828434056297e+36
243,5.538963698758504e+36
244,5.57432097288228e+36
245,5.609901644219798e+36
246,5.64570710914064e+36
247,5.681738772644146e+36
248,5.717998048410808e+36
249,5.754486358860282e+36
250,5.791205135197423e+36
251,5.828155817470502e+36
252,5.86533985462441e+36
253,5.902758704554669e+36
254,5.940413834162278e+36
255,5.97830671940844e+36
256,6.016438845370078e+36
257,6.054811706293704e+36
258,6.093426805657483e+36
259,6.132285656218792e+36
260,6.171389780076657e+36
261,6.21074070872706e+36
262,6.250339983120419e+36
263,6.290189153719377e+36
264,6.330289780556654e+36
265,6.37064343329346e+36
266,6.41125169127804e+36
267,6.452116143605255e+36
268,6.49323838917386e+36
269,6.534620036752609e+36
270,6.576262705031445e+36
271,6.618168022688088e+36
272,6.660337628446927e+36
273,6.702773171140862e+36
274,6.74547630977241e+36
275,6.788448713576008e+36
276,6.831692062080196e+36
277,6.875208045170409e+36
278,6.91899836315047e+36
279,6.963064726812427e+36
280,7.007408857490662e+36
281,7.052032487132951e+36
282,7.096937358363186e+36
283,7.142125224546512e+36
284,7.187597849854486e+36
285,7.23335700933129e+36
286,7.279404488959579e+36
287,7.325742085727271e+36
288,7.372371607692866e+36
289,7.419294874059464e+36
290,7.466513715232465e+36
291,7.514029972894691e+36
292,7.561845500073011e+36
293,7.609962161207951e+36
294,7.658381832222325e+36
295,7.7071064005919e+36
296,7.756137765415113e+36
297,7.805477837484045e+36
298,7.855128539353751e+36
299,7.905091805420798e+36
300,7.955369581984889e+36
301,8.005963827328086e+36
302,8.056876511785975e+36
303,8.108109617820931e+36
304,8.159665140096145e+36
305,8.211545085549244e+36
306,8.263751473467502e+36
307,8.316286335562592e+36
308,8.369151716044097e+36
309,8.422349671703259e+36
310,8.475882271978199e+36
311,8.52975159903809e+36
312,8.583959747858584e+36
313,8.638508826300062e+36
314,8.693400955185069e+36
315,8.748638268378146e+36
316,8.804222912864404e+36
317,8.86015704882877e+36
318,8.916442849735584e+36
319,8.973082502415591e+36
320,9.030078207136498e+36
321,9.08743217769144e+36
322,9.145146641480024e+36
323,9.203223839590315e+36
324,9.261666026882007e+36
325,9.320475472070851e+36
326,9.379654457811037e+36
327,9.439205280781831e+36
328,9.499130251768982e+36
329,9.55943169575935e+36
330,9.620111952014944e+36
331,9.681173374166754e+36
332,9.742618330301279e+36
333,9.80444920304701e+36
334,9.866668389662932e+36
335,9.929278302128073e+36
336,9.992281367229447e+36
337,1.0055680026653248e+37
338,1.0119476737071647e+37
339,1.0183673970243696e+37
340,1.024827421309272e+37
341,1.0313279967807156e+37
342,1.0378693751931869e+37
343,1.0444518098459585e+37
344,1.051075555592625e+37
345,1.0577408688503775e+37
346,1.0644480076095346e+37
347,1.0711972314431667e+37
348,1.07798880151652e+37
349,1.084822980596561e+37
350,1.0917000330625358e+37
351,1.0986202249143642e+37
352,1.105583823783453e+37
353,1.1125910989421904e+37
354,1.11964232131408e+37
355,1.1267377634835583e+37
356,1.1338776997061911e+37
357,1.1410624059187122e+37
358,1.148292159748942e+37
359,1.1555672405271204e+37
360,1.1628879292946179e+37
361,1.1702545088153468e+37
362,1.177667263585888e+37
363,1.1851264798460225e+37
364,1.1926324455892778e+37
365,1.200185450573509e+37
366,1.2077857863316283e+37
367,1.215433746182264e+37
368,1.2231296252406193e+37
369,1.2308737204291117e+37
370,1.2386663304892703e+37
371,1.2465077559912413e+37
372,1.2543982993457855e+37
373,1.2623382648153481e+37
374,1.2703279585250027e+37
375,1.2783676884739213e+37
376,1.286457764546632e+37
377,1.2945984985243255e+37
378,1.3027902040962419e+37
379,1.3110331968721387e+37
380,1.3193277943922813e+37
381,1.3276743161403064e+37
382,1.3360730835545153e+37
383,1.3445244200399175e+37
384,1.3530286509798452e+37
385,1.3615861037481688e+37
386,1.3701971077211373e+37
387,1.378861994289519e+37
388,1.3875810968708275e+37
389,1.3963547509211843e+37
390,1.4051832939489684e+37
391,1.4140670655251795e+37
392,1.423006407297292e+37
393,1.432001663001444e+37
394,1.441053178474945e+37
395,1.4501613016691613e+37
396,1.4593263826620817e+37
397,1.4685487736712083e+37
398,1.4778288290663074e+37
399,1.487166905383373e+37
400,1.4965633613361168e+37
401,1.5060185578300963e+37
402,1.515532857975803e+37
403,1.52510662710193e+37
404,1.5347402327686706e+37
405,1.5444340447813175e+37
406,1.55418843520367e+37
407,1.564003778371768e+37
408,1.5738804509075063e+37
409,1.5838188317320702e+37
410,1.5938193020813468e+37
411,1.60388224551755e+37
412,1.6140080479448739e+37
413,1.6241970976230868e+37
414,1.6344497851817536e+37
415,1.644766503634692e+37
416,1.655147648394087e+37
417,1.665593617285174e+37
418,1.676104810560584e+37
419,1.6866816309147855e+37
420,1.6973244835001026e+37
421,1.708033775939387e+37
422,1.7188099183425162e+37
423,1.72965332332063e+37
424,1.740564406001661e+37
425,1.7515435840451289e+37
426,1.7625912776575436e+37
427,1.7737079096077424e+37
428,1.784893905242283e+37
429,1.796149692500602e+37
430,1.8074757019321442e+37
431,1.8188723667098058e+37
432,1.830340122647178e+37
433,1.841879408214107e+37
434,1.8534906645527852e+37
435,1.8651743354936116e+37
436,1.8769308675715716e+37
437,1.8887607100424091e+37
438,1.9006643148989604e+37
439,1.912642136887344e+37
440,1.9246946335250434e+37
441,1.9368222651151578e+37
442,1.9490254947648346e+37
443,1.9613047884015753e+37
444,1.9736606147904585e+37
445,1.9860934455509046e+37
446,1.9986037551740874e+37
447,2.0111920210400248e+37
448,2.023858723435081e+37
449,2.0366043455688444e+37
450,2.049429373593575e+37
451,2.0623342966193015e+37
452,2.0753196067331311e+37
453,2.0883857990169952e+37
454,2.1015333715653299e+37
455,2.114762825503447e+37
456,2.1280746650056533e+37
457,2.1414693973134313e+37
458,2.1549475327540974e+37
459,2.1685095847587072e+37
460,2.1821560698825263e+37
461,2.1958875078212284e+37
462,2.2097044214313465e+37
463,2.223607336748959e+37
464,2.237596783008645e+37
465,2.251673292662911e+37
466,2.265837401401239e+37
467,2.280089648169619e+37
468,2.294430575190217e+37
469,2.308860727980844e+37
470,2.3233806553743954e+37
471,2.337990909540664e+37
472,2.3526920460032627e+37
473,2.367484623662004e+37
474,2.382369204812381e+37
475,2.3973463551661147e+37
476,2.412416643871618e+37
477,2.4275806435344454e+37
478,2.442838930238342e+37
479,2.458192083565199e+37
480,2.473640686618536e+37
481,2.4891853260410633e+37
482,2.504826592038293e+37
483,2.5205650783992343e+37
484,2.5364013825178395e+37
485,2.5523361054148427e+37
486,2.568369851759175e+37
487,2.5845032298901114e+37
488,2.600736851839002e+37
489,2.6170713333515876e+37
490,2.633507293909685e+37
491,2.6500453567557133e+37
492,2.666686148911938e+37
493,2.68343030120526e+37
494,2.7002784482895656e+37
495,2.7172312286686048e+37
496,2.7342892847188733e+37
497,2.7514532627131895e+37
498,2.7687238128435287e+37
499,2.7861015892444456e+37
500,2.8035872500185125e+37
501,2.821181457256846e+37
502,2.8388848770653397e+37
503,2.856698179587835e+37
504,2.8746220390307116e+37
505,2.8926571336867815e+37
506,2.9108041459599563e+37
507,2.9290637623899507e+37
508,2.9474366736766473e+37
509,2.9659235747054427e+37
510,2.984525164571215e+37
511,3.003242146606486e+37
512,3.022075228402579e+37
513,3.0410251218376934e+37
514,3.0600925431022095e+37
515,3.079278212723967e+37
516,3.098582855594733e+37
517,3.1180072009959137e+37
518,3.1375519826247262e+37
519,3.1572179386204868e+37
520,3.1770058115932087e+37
521,3.1969163486466227e+37
522,3.2169503014075764e+37
523,3.237108426052486e+37
524,3.2573914833346225e+37
525,3.2778002386110205e+37
526,3.298335461870647e+37
527,3.318997927761339e+37
528,3.3397884156183552e+37
529,3.3607077094917297e+37
530,3.381756598174018e+37
531,3.4029358752316805e+37
532,3.4242463390288163e+37
533,3.4456887927590573e+37
534,3.467264044473507e+37
535,3.488972907109723e+37
536,3.5108161985210753e+37
537,3.5327947415057194e+37
538,3.554909363836685e+37
539,3.577160898290086e+37
540,3.5995501826785885e+37
541,3.622078059876721e+37
542,3.644745377853919e+37
543,3.667552989704552e+37
544,3.6905017536779983e+37
545,3.7135925332099524e+37
546,3.736826196952903e+37
547,3.7602036188072804e+37
548,3.783725677953232e+37
549,3.8073932588814473e+37
550,3.831207251424408e+37
551,3.855168550791462e+37
552,3.879278057595776e+37
553,3.9035366778900704e+37
554,3.927945323198031e+37
555,3.9525049105470334e+37
556,3.9772163625007854e+37
557,4.002080607192629e+37
558,4.0270985783583e+37
559,4.0522712153695854e+37
560,4.0775994632670517e+37
561,4.103084272797095e+37
562,4.128726600440984e+37
563,4.154527408452144e+37
564,4.1804876648899233e+37
565,4.206608343654135e+37
566,4.2328904245196504e+37
567,4.259334893171713e+37
568,4.285942741240839e+37
569,4.312714966338124e+37
570,4.339652572090451e+37
571,4.366756568179273e+37
572,4.39402797037177e+37
573,4.421467800560132e+37
574,4.449077086797671e+37
575,4.47685686333509e+37
576,4.504808170657398e+37
577,4.532932055521278e+37
578,4.561229570991876e+37
579,4.589701776481e+37
580,4.618349737783223e+37
581,4.647174527118094e+37
582,4.676177223162651e+37
583,4.705358911093224e+37
584,4.734720682623631e+37
585,4.764263636043597e+37
586,4.793988876258013e+37
587,4.823897514826554e+37
588,4.853990670002713e+37
589,4.8842694667739915e+37
590,4.914735036901542e+37
591,4.945388518959826e+37
592,4.976231058381016e+37
593,5.007263807489258e+37
594,5.038487925546277e+37
595,5.069904578791012e+37
596,5.101514940481814e+37
597,5.133320190937106e+37
598,5.16532151757801e+37
599,5.197520114970732e+37
600,5.2299171848669295e+37
601,5.262513936252011e+37
602,5.295311585380237e+37
603,5.328311355823324e+37
604,5.361514478512041e+37
605,5.39492219178015e+37
606,5.428535741408685e+37
607,5.462356380669407e+37
608,5.496385370369984e+37
609,5.530623978898186e+37
610,5.565073482266968e+37
611,5.59973516415889e+37
612,5.634610315975831e+37
613,5.669700236878074e+37
614,5.705006233834679e+37
615,5.740529621668747e+37
616,5.776271723104388e+37
617,5.812233868812793e+37
618,5.848417397460291e+37
619,5.884823655754724e+37
620,5.921453998492574e+37
621,5.958309788612023e+37
622,5.995392397232755e+37
623,6.032703203710701e+37
624,6.0702435956844675e+37
625,6.108014969125448e+37
626,6.146018728386135e+37
627,6.184256286250661e+37
628,6.22272906398404e+37
629,6.261438491383183e+37
630,6.300386006826782e+37
631,6.339573057324758e+37
632,6.3790010985754955e+37
633,6.418671595008054e+37
634,6.45858601984069e+37
635,6.498745855130309e+37
636,6.539152591825108e+37
637,6.579807729817608e+37
638,6.620712777997032e+37
639,6.661869254303408e+37
640,6.703278685778554e+37
641,6.744942608626443e+37
642,6.786862568258526e+37
643,6.829040119354392e+37
644,6.87147682591441e+37
645,6.914174261315302e+37
646,6.957134008365617e+37
647,7.000357659361369e+37
648,7.043846816142527e+37
649,7.087603090148865e+37
650,7.13162810247706e+37
651,7.175923483936159e+37
652,7.22049087511105e+37
653,7.265331926411871e+37
654,7.310448298136594e+37
655,7.355841660529399e+37
656,7.401513693838698e+37
657,7.447466088376513e+37
658,7.493700544578177e+37
659,7.540218773061503e+37
660,7.587022494685747e+37
661,7.634113440618654e+37
662,7.681493352387107e+37
663,7.729163981946086e+37
664,7.777127091736836e+37
665,7.825384454750089e+37
666,7.873937854587737e+37
667,7.922789085525702e+37
668,7.971939952577572e+37
669,8.02139227155666e+37
670,8.071147869140628e+37
671,8.121208582933811e+37
672,8.171576261538402e+37
673,8.222252764609537e+37
674,8.273239962926645e+37
675,8.3245397384576205e+37
676,8.376153984424904e+37
677,8.428084605372572e+37
678,8.480333517231727e+37
679,8.532902647388531e+37
680,8.585793934749997e+37
681,8.6390093298186e+37
682,8.692550794751154e+37
683,8.74642030343276e+37
684,8.800619841545541e+37
685,8.855151406637897e+37
686,8.91001700819411e+37
687,8.965218667705737e+37
688,9.020758418740818e+37
689,9.076638307016228e+37
690,9.13286039046866e+37
691,9.189426739326862e+37
692,9.246339436182749e+37
693,9.303600576070719e+37
694,9.361212266530092e+37
695,9.419176627686467e+37
696,9.477495792323521e+37
697,9.536171905958777e+37
698,9.595207126916768e+37
699,9.654603626405905e+37
700,9.714363588591287e+37
701,9.774489210679868e+37
702,9.834982702985374e+37
703,9.895846289012137e+37
704,9.957082205531827e+37
705,1.0018692702660793e+38
706,1.0080680043940416e+38
707,1.0143046506413473e+38
708,1.0205794380705111e+38
709,1.0268925971102822e+38
710,1.0332443595635765e+38
711,1.0396349586157727e+38
712,1.0460646288423343e+38
713,1.052533606218121e+38
714,1.0590421281241383e+38
715,1.0655904333567012e+38
716,1.0721787621357057e+38
717,1.0788073561127438e+38
718,1.0854764583796907e+38
719,1.092186313477131e+38
720,1.0989371674028256e+38
721,1.1057292676201539e+38
722,1.1125628630675744e+38
723,1.1194382041658472e+38
724,1.1263555428278099e+38
725,1.1333151324667697e+38
726,1.1403172280055022e+38
727,1.1473620858849079e+38
728,1.154449964073049e+38
729,1.1615811220740992e+38
730,1.1687558209373502e+38
731,1.1759743232663747e+38
732,1.1832368932277233e+38
733,1.1905437965612624e+38
734,1.1978953005878384e+38
735,1.2052916742195355e+38
736,1.2127331879688895e+38
737,1.2202201139581372e+38
738,1.2277527259287032e+38
739,1.2353312992507342e+38
740,1.2429561109327076e+38
741,1.2506274396306053e+38
742,1.258345565658837e+38
743,1.2661107709982258e+38
744,1.2739233393069033e+38
745,1.2817835559299714e+38
746,1.2896917079092332e+38
747,1.2976480839932373e+38
748,1.3056529746472582e+38
749,1.31370667206335e+38
750,1.3218094701706094e+38
751,1.3299616646451018e+38
752,1.3381635529199863e+38
753,1.3464154341970088e+38
754,1.3547176094549227e+38
755,1.3630703814613963e+38
756,1.3714740547828336e+38
757,1.3799289357951253e+38
758,1.3884353326942627e+38
759,1.3969935555068638e+38
760,1.4056039161011037e+38
761,1.4142667281969794e+38
762,1.422982307378486e+38
763,1.431750971102697e+38
764,1.4405730387118942e+38
765,1.4494488314444759e+38
766,1.4583786724458123e+38
767,1.4673628867795553e+38
768,1.4764018014388114e+38
769,1.4854957453575805e+38
770,1.4946450494218848e+38
771,1.5038500464813207e+38
772,1.513111071360221e+38
773,1.5224284608704918e+38
774,1.5318025538213808e+38
775,1.5412336910322513e+38
776,1.5507222153441996e+38
777,1.5602684716318213e+38
778,1.5698728068150577e+38
779,1.5795355698713394e+38
780,1.5892571118473507e+38
781,1.5990377858709253e+38
782,1.6088779471647068e+38
783,1.6187779530559854e+38
784,1.628738162990864e+38
785,1.6387589385458473e+38
786,1.6488406434405221e+38
787,1.6589836435500394e+38
788,1.6691883069176917e+38
789,1.6794550037676754e+38
790,1.6897841065177091e+38
791,1.7001759897918457e+38
792,1.7106310304330926e+38
793,1.7211496075177617e+38
794,1.7317321023664163e+38
795,1.7423788985583024e+38
796,1.7530903819442216e+38
797,1.7638669406598172e+38
798,1.774708965139015e+38
799,1.785616848127212e+38
800,1.796590984694913e+38
801,1.8076317722509112e+38
802,1.818739610557424e+38
803,1.8299149017416807e+38
804,1.8411580503110073e+38
805,1.852469463166471e+38
806,1.8638495496168487e+38
807,1.8752987213926414e+38
808,1.886817392660336e+38
809,1.8984059800362932e+38
810,1.9100649026013937e+38
811,1.9217945819151873e+38
812,1.93359544203036e+38
813,1.9454679095070593e+38
814,1.9574124134289692e+38
815,1.969429385415485e+38
816,1.9815192596383586e+38
817,1.9936824728359797e+38
818,2.0059194643285505e+38
819,2.0182306760328614e+38
820,2.030616552477635e+38
821,2.0430775408181393e+38
822,2.0556140908533828e+38
823,2.06822665503894e+38
824,2.0809156885038784e+38
825,2.0936816490662405e+38
826,2.106524997248476e+38
827,2.1194461962932148e+38
828,2.132445712179393e+38
829,2.1455240136376927e+38
830,2.158681572166951e+38
831,2.171918862050067e+38
832,2.1852363603704752e+38
833,2.1986345470275615e+38
834,2.212113904755312e+38
835,2.225674919135796e+38
836,2.239318078617539e+38
837,2.253043874532124e+38
838,2.266852801110482e+38
839,2.280745355500005e+38
840,2.2947220377815008e+38
841,2.3087833509861967e+38
842,2.322929801112573e+38
843,2.3371618971453304e+38
844,2.3514801510699748e+38
845,2.365885077892145e+38
846,2.3803771956546866e+38
847,2.3949570254555653e+38
848,2.4096250914651802e+38
849,2.4243819209444956e+38
850,2.4392280442629715e+38
851,2.4541639949166095e+38
852,2.4691903095462002e+38
853,2.4843075279548744e+38
854,2.499516193128745e+38
855,2.514816851252241e+38
856,2.5302100517285223e+38
857,2.5456963471983e+38
858,2.5612762935578095e+38
859,2.5769504499783013e+38
860,2.5927193789247014e+38
861,2.608583646175254e+38
862,2.6245438208395e+38
863,2.6406004753803712e+38
864,2.656754185630124e+38
865,2.6730055308120116e+38
866,2.6893550935598335e+38
867,2.7058034599370956e+38
868,2.722351219457445e+38
869,2.73899896510442e+38
870,2.755747293351606e+38
871,2.772596804183115e+38
872,2.7895481011135607e+38
873,2.8066017912081813e+38
874,2.8237584851058327e+38
875,2.8410187970359714e+38
876,2.85838334484216e+38
877,2.875852750002017e+38
878,2.8934276376485936e+38
879,2.9111086365914978e+38
880,2.9288963793380024e+38
881,2.9467915021149557e+38
882,2.9647946448891136e+38
883,2.9829064513918355e+38
884,3.0011275691367373e+38
885,3.0194586494442804e+38
886,3.037900347463502e+38
887,3.056453322193535e+38
888,3.075118236506418e+38
889,3.0938957571694644e+38
890,3.1127865548674994e+38
891,3.131791304226156e+38
892,3.1509106838340197e+38
893,3.1701453762652476e+38
894,3.189496068105325e+38
895,3.208963449970388e+38
896,3.2285482165327358e+38
897,3.2482510665442288e+38
898,3.2680727028594985e+38
899,3.2880138324597866e+38
900,3.308075166477129e+38
901,3.3282574202178483e+38
902,3.348561313186297e+38
903,3.3689875691119813e+38
904,3.3895369159695793e+38
905,3.410210086006714e+38
906,3.431007815767413e+38
907,3.451930846117335e+38
908,3.4729799222685825e+38
909,3.494155793804949e+38
910,3.51545921470724e+38
911,3.5368909433784254e+38
912,3.558451742669409e+38
913,3.580142379903962e+38
914,3.6019636269074314e+38
915,3.6239162600287064e+38
916,3.646001060168679e+38
917,3.668218812806185e+38
918,3.6905703080245014e+38
919,3.7130563405376775e+38
920,3.735677709717731e+38
921,3.758435219621026e+38
922,3.781329679014697e+38
923,3.804361901407238e+38
924,3.827532705071094e+38
925,3.850842913072964e+38
926,3.874293353301073e+38
927,3.897884858492741e+38
928,3.9216182662624816e+38
929,3.945494419130526e+38
930,3.9695141645503474e+38
931,3.993678354937698e+38
932,4.017987847699053e+38
933,4.042443505260359e+38
934,4.067046195095498e+38
935,4.091796789758345e+38
936,4.116696166907048e+38
937,4.141745209337091e+38
938,4.166944805009754e+38
939,4.192295847082476e+38
940,4.217799233938038e+38
941,4.2434558692152186e+38
942,4.2692666618379536e+38
943,4.295232526049473e+38
944,4.321354381437944e+38
945,4.3476331529700355e+38
946,4.374069771021654e+38
947,4.4006651714088324e+38
948,4.4274202954192975e+38
949,4.45433608984397e+38
950,4.481413507008283e+38
951,4.508653504804539e+38
952,4.536057046723556e+38
953,4.563625101887285e+38
954,4.591358645080175e+38
955,4.619258656785488e+38
956,4.647326123212253e+38
957,4.675562036332214e+38
958,4.703967393912508e+38
959,4.7325431995480074e+38
960,4.761290462695671e+38
961,4.790210198707926e+38
962,4.819303428866614e+38
963,4.848571180416526e+38
964,4.878014486603086e+38
965,4.9076343867010395e+38
966,4.937431926053428e+38
967,4.967408156105089e+38
968,4.997564134438357e+38
969,5.0279009248074966e+38
970,5.0584195971748484e+38
971,5.0891212277462236e+38
972,5.1200068990069186e+38
973,5.151077699758038e+38
974,5.182334725151052e+38
975,5.213779076729295e+38
976,5.245411862457751e+38
977,5.27723419676446e+38
978,5.309247200576935e+38
979,5.341452001358789e+38
980,5.373849733147647e+38
981,5.406441536593025e+38
982,5.4392285589939234e+38
983,5.472211954336597e+38
984,5.505392883336678e+38
985,5.538772513471499e+38
986,5.572352019023029e+38
987,5.606132581116671e+38
988,5.640115387759436e+38
989,5.6743016338801355e+38
990,5.708692521368973e+38
991,5.743289259117239e+38
992,5.778093063058284e+38
993,5.813105156206881e+38
994,5.848326768698917e+38
995,5.88375913783799e+38
996,5.9194035081276834e+38
997,5.955261131319443e+38
998,5.991333266451489e+38
999,6.02762117989127e+38
1000,6.0641261453775706e+38
1001,6.100849444062155e+38
1002,6.137792364553492e+38
1003,6.174956202956717e+38
1004,6.212342262922893e+38
1005,6.249951855683891e+38
1006,6.287786300101047e+38
1007,6.325846922708312e+38
1008,6.3641350577551636e+38
1009,6.402652047251497e+38
1010,6.441399241011684e+38
1011,6.4803779966996046e+38
1012,6.5195896798738355e+38
1013,6.5590356640319796e+38
1014,6.598717330655446e+38
1015,6.638636069260705e+38
1016,6.678793277436461e+38
1017,6.719190360896428e+38
1018,6.759828733523145e+38
1019,6.800709817415579e+38
1020,6.841835042935824e+38
1021,6.883205848757096e+38
1022,6.924823681910145e+38
1023,6.966689997830222e+38
1024,7.008806260411272e+38
1025,7.051173942044929e+38
1026,7.093794523675806e+38
1027,7.136669494847962e+38
1028,7.179800353754756e+38
1029,7.223188607288162e+38
1030,7.266835771088284e+38
1031,7.31074336959407e+38
1032,7.354912936092596e+38
1033,7.399346012770464e+38
1034,7.444044150762627e+38
1035,7.489008910210048e+38
1036,7.534241860301985e+38
1037,7.579744579333384e+38
1038,7.625518654755611e+38
1039,7.671565683229092e+38
1040,7.717887270674994e+38
1041,7.7644850323299e+38
1042,7.811360592796944e+38
1043,7.858515586098639e+38
1044,7.905951655737908e+38
1045,7.953670454740869e+38
1046,8.001673645719208e+38
1047,8.049962900922233e+38
1048,8.098539902292457e+38
1049,8.147406341520495e+38
1050,8.196563920101674e+38
1051,8.246014349390535e+38
1052,8.295759350658152e+38
1053,8.3458006551485e+38
1054,8.396140004134739e+38
1055,8.446779148976267e+38
1056,8.497719851181488e+38
1057,8.548963882455769e+38
1058,8.600513024767127e+38
1059,8.652369070402245e+38
1060,8.70453382202635e+38
1061,8.757009092741168e+38
1062,8.809796706145137e+38
1063,8.862898496391034e+38
1064,8.916316308254028e+38
1065,8.97005199718131e+38
1066,9.024107429358894e+38
1067,9.078484481772544e+38
1068,9.133185042268442e+38
1069,9.188211009615207e+38
1070,9.243564293566866e+38
1071,9.299246814924206e+38
1072,9.35526050559842e+38
1073,9.411607308674261e+38
1074,9.468289178473487e+38
1075,9.525308080617722e+38
1076,9.582665992099411e+38
1077,9.640364901335541e+38
1078,9.698406808240235e+38
1079,9.756793724288072e+38
1080,9.815527672581317e+38
1081,9.874610687913768e+38
1082,9.934044816838903e+38
1083,9.993832117736042e+38
1084,1.0053974660876478e+39
1085,1.0114474528498737e+39
1086,1.0175333814863783e+39
1087,1.0236554626332555e+39
1088,1.0298139081431984e+39
1089,1.0360089310925489e+39
1090,1.0422407457880898e+39
1091,1.0485095677741146e+39
1092,1.0548156138394973e+39
1093,1.061159102024657e+39
1094,1.0675402516288987e+39
1095,1.0739592832170504e+39
1096,1.0804164186277731e+39
1097,1.0869118809793344e+39
1098,1.0934458946778188e+39
1099,1.100018685424307e+39
1100,1.1066304802220452e+39
1101,1.1132815073839793e+39
1102,1.1199719965401583e+39
1103,1.1267021786451953e+39
1104,1.1334722859856234e+39
1105,1.1402825521883316e+39
1106,1.1471332122267759e+39
1107,1.1540245024295344e+39
1108,1.1609566604878441e+39
1109,1.1679299254633339e+39
1110,1.1749445377956689e+39
1111,1.1820007393105368e+39
1112,1.1890987732273793e+39
1113,1.1962388841674594e+39
1114,1.2034213181616477e+39
1115,1.2106463226582198e+39
1116,1.2179141465319802e+39
1117,1.22522504009071e+39
1118,1.2325792550844958e+39
1119,1.239977044713412e+39
1120,1.2474186636359315e+39
1121,1.2549043679771201e+39
1122,1.2624344153369e+39
1123,1.2700090647986304e+39
1124,1.277628576936918e+39
1125,1.2852932138274324e+39
1126,1.2930032390536127e+39
1127,1.3007589177163437e+39
1128,1.3085605164424048e+39
1129,1.3164083033929089e+39
1130,1.324302548272128e+39
1131,1.3322435223361905e+39
1132,1.3402314984018388e+39
1133,1.3482667508554598e+39
1134,1.3563495556616658e+39
1135,1.3644801903721417e+39
1136,1.3726589341357878e+39
1137,1.3808860677059027e+39
1138,1.3891618734506462e+39
1139,1.3974866353615977e+39
1140,1.4058606390631698e+39
1141,1.4142841718217103e+39
1142,1.4227575225549946e+39
1143,1.4312809818412935e+39
1144,1.439854841928664e+39
1145,1.4484793967455206e+39
1146,1.457154941908341e+39
1147,1.4658817747325092e+39
1148,1.4746601942414513e+39
1149,1.4834905011764416e+39
1150,1.4923729980061857e+39
1151,1.5013079889367334e+39
1152,1.510295779921237e+39
1153,1.5193366786697955e+39
1154,1.5284309946593696e+39
1155,1.5375790391435132e+39
1156,1.54678112516367e+39
1157,1.556037567557411e+39
1158,1.5653486829697102e+39
1159,1.5747147898629397e+39
1160,1.584136208527175e+39
1161,1.5936132610903926e+39
1162,1.603146271529039e+39
1163,1.6127355656782827e+39
1164,1.622381471242203e+39
1165,1.6320843178058203e+39
1166,1.64184443684354e+39
1167,1.6516621617313192e+39
1168,1.6615378277568912e+39
1169,1.671471772130691e+39
1170,1.6814643339965996e+39
1171,1.6915158544429057e+39
1172,1.7016266765134434e+39
1173,1.711797145218285e+39
1174,1.7220276075450446e+39
1175,1.732318412470029e+39
1176,1.74266991096909e+39
1177,1.753082456030311e+39
1178,1.7635564026631698e+39
1179,1.7740921079113862e+39
1180,1.7846899308640588e+39
1181,1.795350232667305e+39
1182,1.8060733765355968e+39
1183,1.8168597277636233e+39
1184,1.8277096537375367e+39
1185,1.838623523948325e+39
1186,1.8496017100014178e+39
1187,1.860644585630023e+39
1188,1.8717525267066995e+39
1189,1.8829259112555903e+39
1190,1.894165119464329e+39
1191,1.9054705336964968e+39
1192,1.916842538503598e+39
1193,1.9282815206374898e+39
1194,1.9397878690627986e+39
1195,1.9513619749693243e+39
1196,1.9630042317842876e+39
1197,1.9747150351863704e+39
1198,1.9864947831160807e+39
1199,1.998343875789984e+39
1200,2.0102627157131834e+39
1201,2.0222517076923828e+39
1202,2.0343112588483905e+39
1203,2.0464417786295417e+39
1204,2.058643678824534e+39
1205,2.0709173735754213e+39
1206,2.0832632793923653e+39
1207,2.095681815164349e+39
1208,2.1081734021743745e+39
1209,2.1207384641124455e+39
1210,2.1333774270892906e+39
1211,2.146090719649577e+39
1212,2.1588787727859536e+39
1213,2.1717420199525957e+39
1214,2.184680897079069e+39
1215,2.1976958425845094e+39
1216,2.2107872973906356e+39
1217,2.223955704938154e+39
1218,2.237201511197795e+39
1219,2.2505251646865093e+39
1220,2.263927116481429e+39
1221,2.2774078202340053e+39
1222,2.290967732184544e+39
1223,2.3046073111768738e+39
1224,2.3183270186727155e+39
1225,2.332127318766218e+39
1226,2.346008678200406e+39
1227,2.3599715663792156e+39
1228,2.3740164553843677e+39
1229,2.38814381998987e+39
1230,2.40235413767736e+39
1231,2.4166478886509218e+39
1232,2.4310255558526393e+39
1233,2.4454876249777916e+39
1234,2.4600345844903257e+39
1235,2.4746669256386578e+39
1236,2.489385142470223e+39
1237,2.5041897318497883e+39
1238,2.5190811934716996e+39
1239,2.5340600298782628e+39
1240,2.5491267464747368e+39
1241,2.5642818515456908e+39
1242,2.5795258562709577e+39
1243,2.5948592747419484e+39
1244,2.6102826239781627e+39
1245,2.6257964239426e+39
1246,2.6414011975607306e+39
1247,2.657097470733853e+39
1248,2.672885772357709e+39
1249,2.6887666343390464e+39
1250,2.704740591612136e+39
1251,2.7208081821558262e+39
1252,2.73696994701097e+39
1253,2.7532264302966455e+39
1254,2.7695781792287017e+39
1255,2.786025744135616e+39
1256,2.8025696784772156e+39
1257,2.8192105388610215e+39
1258,2.835948885061864e+39
1259,2.852785280036987e+39
1260,2.8697202899451224e+39
1261,2.8867544841648155e+39
1262,2.903888435312025e+39
1263,2.921122719257667e+39
1264,2.938457915146394e+39
1265,2.955894605416119e+39
1266,2.973433375813699e+39
1267,2.991074815415553e+39
1268,3.008819516645163e+39
1269,3.026668075292858e+39
1270,3.0446210905333735e+39
1271,3.062679164945855e+39
1272,3.0808429045325383e+39
1273,3.099112918737094e+39
1274,3.1174898204654117e+39
1275,3.1359742261031965e+39
1276,3.154566755536863e+39
1277,3.173268032171805e+39
1278,3.192078682954289e+39
1279,3.210999338388229e+39
1280,3.2300306325565446e+39
1281,3.249173203141622e+39
1282,3.268427691444863e+39
1283,3.287794742406348e+39
1284,3.3072750046262707e+39
1285,3.326869130383987e+39
1286,3.346577775661052e+39
1287,3.366401600158739e+39
1288,3.3863412673201516e+39
1289,3.4063974443517614e+39
1290,3.4265708022438025e+39
1291,3.446862015790827e+39
1292,3.4672717636142036e+39
1293,3.487800728182039e+39
1294,3.5084495958318306e+39
1295,3.529219056791543e+39
1296,3.550109805200699e+39
1297,3.571122539132714e+39
1298,3.5922579606185595e+39
1299,3.613516775665273e+39
1300,3.6348996942807545e+39
1301,3.656407430494704e+39
1302,3.678040702382443e+39
1303,3.699800232085691e+39
1304,3.721686745836862e+39
1305,3.7437009739802627e+39
1306,3.765843650997641e+39
1307,3.7881155155279054e+39
1308,3.810517310391667e+39
1309,3.833049782615396e+39
1310,3.8557136834540576e+39
1311,3.87850976841397e+39
1312,3.901438797278208e+39
1313,3.924501534128393e+39
1314,3.947698747370238e+39
1315,3.971031209757079e+39
1316,3.994499698413214e+39
1317,4.0181049948589556e+39
1318,4.0418478850368924e+39
1319,4.0657291593326927e+39
1320,4.089749612602662e+39
1321,4.1139100441970905e+39
1322,4.138211257986796e+39
1323,4.162654062386424e+39
1324,4.187239270381329e+39
1325,4.2119676995514346e+39
1326,4.236840172099605e+39
1327,4.261857514873585e+39
1328,4.287020559393565e+39
1329,4.3123301418788314e+39
1330,4.3377871032732446e+39
1331,4.363392289270739e+39
1332,4.389146550343352e+39
1333,4.4150507417657914e+39
1334,4.441105723644068e+39
1335,4.4673123609412313e+39
1336,4.493671523503815e+39
1337,4.5201840860895874e+39
1338,4.546850928396947e+39
1339,4.573672935087995e+39
1340,4.6006509958193764e+39
1341,4.6277860052681944e+39
1342,4.6550788631616713e+39
1343,4.6825304743030825e+39
1344,4.710141748601961e+39
1345,4.737913601100155e+39
1346,4.765846952004119e+39
1347,4.7939427267085825e+39
1348,4.8222018558289866e+39
1349,4.85062527522817e+39
1350,4.8792139260478577e+39
1351,4.907968754735337e+39
1352,4.936890713074958e+39
1353,4.9659807582169826e+39
1354,4.995239852706303e+39
1355,5.02466896451432e+39
1356,5.05426906706698e+39
1357,5.0840411392767406e+39
1358,5.1139861655710327e+39
1359,5.144105135926526e+39
1360,5.17439904589513e+39
1361,5.2048688966369197e+39
1362,5.23551569495237e+39
1363,5.2663404533124357e+39
1364,5.297344189889193e+39
1365,5.3285279285882907e+39
1366,5.359892699082963e+39
1367,5.3914395368412174e+39
1368,5.423169483161288e+39
1369,5.455083585202229e+39
1370,5.487182896018213e+39
1371,5.519468474588855e+39
1372,5.551941385854078e+39
1373,5.584602700746117e+39
1374,5.617453496221785e+39
1375,5.65049485529802e+39
1376,5.683727867082831e+39
1377,5.717153626811191e+39
1378,5.7507732358767e+39
1379,5.784587801869753e+39
1380,5.818598438606337e+39
1381,5.852806266165209e+39
1382,5.887212410923232e+39
1383,5.92181800558923e+39
1384,5.956624189238206e+39
1385,5.991632107347245e+39
1386,6.026842911833635e+39
1387,6.062257761084937e+39
1388,6.097877819998849e+39
1389,6.13370426001685e+39
1390,6.169738259162788e+39
1391,6.205981002076451e+39
1392,6.24243368005255e+39
1393,6.279097491076312e+39
1394,6.315973639859438e+39
1395,6.353063337879709e+39
1396,6.390367803415449e+39
1397,6.42788826158558e+39
1398,6.465625944384887e+39
1399,6.503582090726425e+39
1400,6.541757946474015e+39
1401,6.58015476448281e+39
1402,6.618773804639673e+39
1403,6.6576163339002e+39
1404,6.69668362632721e+39
1405,6.735976963130441e+39
1406,6.775497632709427e+39
1407,6.815246930686523e+39
1408,6.855226159951632e+39
1409,6.89543663069962e+39
1410,6.935879660473073e+39
1411,6.976556574201165e+39
1412,7.017468704239558e+39
1413,7.058617390414121e+39
1414,7.100003980058621e+39
1415,7.141629828059087e+39
1416,7.183496296894103e+39
1417,7.225604756675412e+39
1418,7.267956585191287e+39
1419,7.310553167951796e+39
1420,7.353395898224755e+39
1421,7.396486177083428e+39
1422,7.439825413446692e+39
1423,7.483415024125213e+39
1424,7.527256433861474e+39
1425,7.571351075376319e+39
1426,7.615700389409955e+39
1427,7.660305824771512e+39
1428,7.705168838376345e+39
1429,7.75029089529405e+39
1430,7.795673468794152e+39
1431,7.841318040390454e+39
1432,7.88722609988493e+39
1433,7.933399145416077e+39
1434,7.979838683501659e+39
1435,8.026546229087452e+39
1436,8.073523305592523e+39
1437,8.120771444954193e+39
1438,8.168292187676622e+39
1439,8.216087082880928e+39
1440,8.264157688345318e+39
1441,8.312505570558316e+39
1442,8.361132304763402e+39
1443,8.410039475010597e+39
1444,8.45922867420039e+39
1445,8.508701504136716e+39
1446,8.55845957557155e+39
1447,8.608504508260676e+39
1448,8.658837931004991e+39
1449,8.709461481703952e+39
1450,8.760376807406875e+39
1451,8.811585564361679e+39
1452,8.863089418064019e+39
1453,8.914890043311512e+39
1454,8.966989124250529e+39
1455,9.019388354431352e+39
1456,9.072089436857998e+39
1457,9.125094084038421e+39
1458,9.178404018038622e+39
1459,9.232020970538585e+39
1460,9.285946682876835e+39
1461,9.340182906109483e+39
1462,9.394731401060439e+39
1463,9.449593938378374e+39
1464,9.50477229858598e+39
1465,9.560268272138551e+39
1466,9.616083659473894e+39
1467,9.672220271074746e+39
1468,9.72867992751386e+39
1469,9.785464459514343e+39
1470,9.84257570800629e+39
1471,9.900015524181577e+39
1472,9.957785769547866e+39
1473,1.0015888315988595e+40
1474,1.0074325045818595e+40
1475,1.0133097851838673e+40
1476,1.0192208637397737e+40
1477,1.0251659316445218e+40
1478,1.0311451813593894e+40
1479,1.0371588064173563e+40
1480,1.0432070014297732e+40
1481,1.0492899620912007e+40
1482,1.0554078851858923e+40
1483,1.0615609685938511e+40
1484,1.0677494112967242e+40
1485,1.0739734133835476e+40
1486,1.0802331760570747e+40
1487,1.0865289016402984e+40
1488,1.092860793581556e+40
1489,1.0992290564614896e+40
1490,1.1056338959987694e+40
1491,1.1120755190567722e+40
1492,1.1185541336493375e+40
1493,1.1250699489474905e+40
1494,1.1316231752855557e+40
1495,1.1382140241673618e+40
1496,1.1448427082730344e+40
1497,1.1515094414649417e+40
1498,1.1582144387945705e+40
1499,1.1649579165085724e+40
1500,1.1717400920561817e+40
1501,1.1785611840946002e+40
1502,1.1854214124961736e+40
1503,1.192320998355171e+40
1504,1.1992601639943154e+40
1505,1.2062391329712067e+40
1506,1.2132581300853433e+40
1507,1.2203173813854045e+40
1508,1.2274171141748825e+40
1509,1.2345575570198634e+40
1510,1.2417389397554103e+40
1511,1.248961493492977e+40
1512,1.2562254506267634e+40
1513,1.2635310448412688e+40
1514,1.2708785111180945e+40
1515,1.278268085742784e+40
1516,1.2857000063124286e+40
1517,1.29317451174226e+40
1518,1.3006918422733513e+40
1519,1.3082522394792871e+40
1520,1.3158559462744019e+40
1521,1.3235032069198398e+40
1522,1.3311942670314837e+40
1523,1.3389293735875417e+40
1524,1.3467087749357592e+40
1525,1.3545327208006115e+40
1526,1.3624014622911243e+40
1527,1.3703152519088546e+40
1528,1.3782743435543796e+40
1529,1.3862789925357193e+40
1530,1.3943294555755778e+40
1531,1.4024259908195358e+40
1532,1.4105688578431877e+40
1533,1.418758317660459e+40
1534,1.4269946327312223e+40
1535,1.4352780669688642e+40
1536,1.443608885748739e+40
1537,1.4519873559158406e+40
1538,1.4604137457925435e+40
1539,1.4688883251869476e+40
1540,1.4774113654014887e+40
1541,1.4859831392398165e+40
1542,1.4946039210158604e+40
1543,1.5032739865616252e+40
1544,1.511993613235921e+40
1545,1.5207630799319725e+40
1546,1.529582667086467e+40
1547,1.538452656687198e+40
1548,1.54737333228269e+40
1549,1.5563449789892116e+40
1550,1.5653678834999832e+40
1551,1.5744423340939198e+40
1552,1.5835686206440989e+40
1553,1.5927470346261063e+40
1554,1.6019778691273077e+40
1555,1.6112614188549485e+40
1556,1.6205979801455333e+40
1557,1.6299878509734493e+40
1558,1.6394313309594876e+40
1559,1.6489287213801495e+40
1560,1.6584803251773475e+40
1561,1.6680864469658037e+40
1562,1.6777473930433868e+40
1563,1.6874634713995978e+40
1564,1.6972349917253395e+40
1565,1.7070622654214752e+40
1566,1.7169456056086495e+40
1567,1.726885327136063e+40
1568,1.7368817465920298e+40
1569,1.7469351823117623e+40
1570,1.7570459543876383e+40
1571,1.7672143846789489e+40
1572,1.7774407968213027e+40
1573,1.7877255162358314e+40
1574,1.7980688701396357e+40
1575,1.808471187554662e+40
1576,1.8189327993182399e+40
1577,1.829454038092532e+40
1578,1.8400352383741862e+40
1579,1.8506767365045456e+40
1580,1.861378870680409e+40
1581,1.8721419809624564e+40
1582,1.8829664092864835e+40
1583,1.8938524994730524e+40
1584,1.9048005972382029e+40
1585,1.9158110502030445e+40
1586,1.9268842079046341e+40
1587,1.9380204218058136e+40
1588,1.9492200453067865e+40
1589,1.960483433753957e+40
1590,1.971810944451196e+40
1591,1.9832029366708006e+40
1592,1.9946597716638058e+40
1593,2.0061818126703353e+40
1594,2.0177694249310902e+40
1595,2.0294229756977105e+40
1596,2.04114283424339e+40
1597,2.0529293718745531e+40
1598,2.0647829619409966e+40
1599,2.0767039798476413e+40
1600,2.0886928030648425e+40
1601,2.1007498111411287e+40
1602,2.1128753857123949e+40
1603,2.125069910514092e+40
1604,2.137333771392929e+40
1605,2.1496673563179673e+40
1606,2.1620710553916335e+40
1607,2.1745452608616843e+40
1608,2.187090367133661e+40
1609,2.1997067707805507e+40
1610,2.2123948705560817e+40
1611,2.2251550674055064e+40
1612,2.237987764478452e+40
1613,2.2508933671396496e+40
1614,2.2638722829819396e+40
1615,2.276924921837712e+40
1616,2.290051695790841e+40
1617,2.303253019189492e+40
1618,2.3165293086574036e+40
1619,2.3298809831071004e+40
1620,2.34330846375124e+40
1621,2.3568121741167764e+40
1622,2.3703925400551363e+40
1623,2.3840499897558343e+40
1624,2.397784953759519e+40
1625,2.4115978649701055e+40
1626,2.4254891586672727e+40
1627,2.439459272519533e+40
1628,2.453508646598224e+40
1629,2.4676377233881715e+40
1630,2.4818469478023926e+40
1631,2.496136767194288e+40
1632,2.510507631371671e+40
1633,2.524959992608939e+40
1634,2.5394943056612417e+40
1635,2.5541110277774725e+40
1636,2.5688106187133165e+40
1637,2.5835935407455576e+40
1638,2.5984602586847023e+40
1639,2.6134112398894718e+40
1640,2.6284469542795373e+40
1641,2.6435678743512424e+40
1642,2.658774475188902e+40
1643,2.6740672344799034e+40
1644,2.6894466325291836e+40
1645,2.7049131522728115e+40
1646,2.720467279291718e+40
1647,2.7361095018263147e+40
1648,2.751840310792007e+40
1649,2.7676601997911534e+40
1650,2.783569665129143e+40
1651,2.7995692058281336e+40
1652,2.815659323642675e+40
1653,2.8318405230730236e+40
1654,2.848113311381066e+40
1655,2.8644781986047114e+40
1656,2.8809356975722507e+40
1657,2.897486323918311e+40
1658,2.9141305960985066e+40
1659,2.930869035403962e+40
1660,2.9477021659771783e+40
1661,2.964630514828528e+40
1662,2.9816546118488455e+40
1663,2.9987749898271257e+40
1664,3.0159921844648536e+40
1665,3.0333067343927662e+40
1666,3.050719181185201e+40
1667,3.0682300693772347e+40
1668,3.085839946479143e+40
1669,3.1035493629947126e+40
1670,3.121358872434327e+40
1671,3.1392690313325247e+40
1672,3.157280399264572e+40
1673,3.175393538862486e+40
1674,3.193609015830617e+40
1675,3.211927398963532e+40
1676,3.230349260161175e+40
1677,3.248875174446438e+40
1678,3.2675057199818316e+40
1679,3.2862414780853736e+40
1680,3.305083033248217e+40
1681,3.3240309731529927e+40
1682,3.3430858886879353e+40
1683,3.3622483739662955e+40
1684,3.3815190263423394e+40
1685,3.4008984464300184e+40
1686,3.4203872381189428e+40
1687,3.4399860085931924e+40
1688,3.459695368347583e+40
1689,3.479515931207976e+40
1690,3.4994483143456175e+40
1691,3.519493138296924e+40
1692,3.539651026981665e+40
1693,3.5599226077207524e+40
1694,3.580308511253718e+40
1695,3.6008093717584434e+40
1696,3.621425826867835e+40
1697,3.642158517689824e+40
1698,3.6630080888252134e+40
1699,3.683975188385891e+40
1700,3.705060468014051e+40
1701,3.7262645829027e+40
1702,3.74758819181127e+40
1703,3.7690319570872677e+40
1704,3.790596544683896e+40
1705,3.812282624180929e+40
1706,3.834090868802332e+40
1707,3.856021955437169e+40
1708,3.8780765646576803e+40
1709,3.900255380741795e+40
1710,3.9225590916892045e+40
1711,3.9449883892429164e+40
1712,3.967543968909982e+40
1713,3.9902265299807964e+40
1714,4.0130367755488017e+40
1715,4.035975412532116e+40
1716,4.0590431516922358e+40
1717,4.082240707656284e+40
1718,4.1055687989365327e+40
1719,4.129028147950908e+40
1720,4.1526194810448315e+40
1721,4.176343528510749e+40
1722,4.2002010246120587e+40
1723,4.224192707600364e+40
1724,4.2483193197387086e+40
1725,4.2725816073233763e+40
1726,4.2969803207050696e+40
1727,4.321516214309364e+40
1728,4.346190046659494e+40
1729,4.37100258039976e+40
1730,4.3959545823137415e+40
1731,4.421046823349263e+40
1732,4.446280078638841e+40
1733,4.471655127523832e+40
1734,4.49717275357465e+40
1735,4.522833744615224e+40
1736,4.548638892744822e+40
1737,4.574588994359979e+40
1738,4.600684850179151e+40
1739,4.626927265263735e+40
1740,4.653317049042924e+40
1741,4.679855015335121e+40
1742,4.706541982374715e+40
1743,4.733378772831015e+40
1744,4.76036621383409e+40
1745,4.787505136999148e+40
1746,4.814796378449605e+40
1747,4.842240778840247e+40
1748,4.869839183382205e+40
1749,4.897592441869227e+40
1750,4.925501408697381e+40
1751,4.953566942893275e+40
1752,4.981789908136436e+40
1753,5.010171172786112e+40
1754,5.038711609904056e+40
1755,5.067412097281101e+40
1756,5.096273517461728e+40
1757,5.125296757768239e+40
1758,5.154482710328437e+40
1759,5.18383227209836e+40
1760,5.213346344890474e+40
1761,5.243025835396906e+40
1762,5.272871655219546e+40
1763,5.302884720890695e+40
1764,5.333065953902067e+40
1765,5.36341628073158e+40
1766,5.393936632869155e+40
1767,5.424627946842148e+40
1768,5.455491164243369e+40
1769,5.486527231759794e+40
1770,5.517737101195011e+40
1771,5.54912172949984e+40
1772,5.580682078797775e+40
1773,5.61241911641434e+40
1774,5.644333814902344e+40
1775,5.676427152071667e+40
1776,5.708700111016093e+40
1777,5.741153680140598e+40
1778,5.77378885319147e+40
1779,5.80660662928222e+40
1780,5.839608012923926e+40
1781,5.872794014052153e+40
1782,5.906165648059205e+40
1783,5.93972393581765e+40
1784,5.973469903713308e+40
1785,6.007404583672381e+40
1786,6.041529013192654e+40
1787,6.075844235370801e+40
1788,6.110351298934075e+40
1789,6.145051258267821e+40
1790,6.179945173449685e+40
1791,6.215034110274171e+40
1792,6.250319140285371e+40
1793,6.28580134080867e+40
1794,6.321481794979817e+40
1795,6.357361591775155e+40
1796,6.393441826044542e+40
1797,6.42972359853983e+40
1798,6.466208015948072e+40
1799,6.502896190922761e+40
1800,6.539789242113024e+40
1801,6.576888294197533e+40
1802,6.61419447791848e+40
1803,6.651708930107752e+40
1804,6.689432793723764e+40
1805,6.727367217881476e+40
1806,6.765513357886779e+40
1807,6.803872375267091e+40
1808,6.842445437806313e+40
1809,6.881233719575229e+40
1810,6.920238400969663e+40
1811,6.959460668737841e+40
1812,6.998901716015811e+40
1813,7.038562742363587e+40
1814,7.078444953797182e+40
1815,7.118549562821571e+40
1816,7.158877788467693e+40
1817,7.199430856323822e+40
1818,7.240209998572712e+40
1819,7.281216454025339e+40
1820,7.322451468154567e+40
1821,7.363916293131435e+40
1822,7.405612187863816e+40
1823,7.44754041802488e+40
1824,7.489702256094004e+40
1825,7.532098981390106e+40
1826,7.574731880110068e+40
1827,7.617602245361964e+40
1828,7.660711377204287e+40
1829,7.704060582679579e+40
1830,7.747651175856773e+40
1831,7.791484477861052e+40
1832,7.835561816913986e+40
1833,7.8798845283727605e+40
1834,7.92445395476604e+40
1835,7.969271445830461e+40
1836,8.014338358551684e+40
1837,8.059656057199068e+40
1838,8.105225913366747e+40
1839,8.151049306011605e+40
1840,8.197127621489547e+40
1841,8.243462253596734e+40
1842,8.290054603611758e+40
1843,8.336906080327321e+40
1844,8.384018100096189e+40
1845,8.431392086866877e+40
1846,8.479029472226952e+40
1847,8.52693169544153e+40
1848,8.575100203492432e+40
1849,8.623536451119676e+40
1850,8.672241900866646e+40
1851,8.721218023112558e+40
1852,8.770466296119793e+40
1853,8.8199882060724e+40
1854,8.86978524712043e+40
1855,8.91985892141826e+40
1856,8.97021073917024e+40
1857,9.020842218670693e+40
1858,9.071754886345956e+40
1859,9.122950276799496e+40
1860,9.174429932851527e+40
1861,9.226195405585315e+40
1862,9.278248254387194e+40
1863,9.33059004699632e+40
1864,9.383222359540474e+40
1865,9.43614677658338e+40
1866,9.489364891171087e+40
1867,9.54287830487459e+40
1868,9.596688627833153e+40
1869,9.650797478800243e+40
1870,9.705206485193744e+40
1871,9.759917283131733e+40
1872,9.814931517485436e+40
1873,9.87025084192062e+40
1874,9.925876918948252e+40
1875,9.981811419965851e+40
1876,1.0038056025308557e+41
1877,1.0094612424293289e+41
1878,1.0151482315265185e+41
1879,1.0208667405648025e+41
1880,1.0266169411987508e+41
1881,1.03239900600029e+41
1882,1.0382131084631322e+41
1883,1.0440594230082884e+41
1884,1.0499381249880163e+41
1885,1.055849390691087e+41
1886,1.0617933973478852e+41
1887,1.067770323135159e+41
1888,1.073780347180802e+41
1889,1.0798236495690074e+41
1890,1.0859004113456887e+41
1891,1.0920108145225777e+41
1892,1.0981550420829894e+41
1893,1.1043332779865021e+41
1894,1.1105457071744938e+41
1895,1.1167925155747467e+41
1896,1.1230738901070507e+41
1897,1.129390018688267e+41
1898,1.1357410902372085e+41
1899,1.142127294680455e+41
1900,1.1485488229569921e+41
1901,1.155005867024058e+41
1902,1.1614986198618896e+41
1903,1.1680272754800062e+41
1904,1.1745920289214305e+41
1905,1.181193076268595e+41
1906,1.1878306146490112e+41
1907,1.1945048422404556e+41
1908,1.201215958276311e+41
1909,1.2079641630514398e+41
1910,1.214749657927288e+41
1911,1.2215726453382416e+41
1912,1.2284333287961972e+41
1913,1.2353319128966224e+41
1914,1.2422686033244172e+41
1915,1.2492436068594737e+41
1916,1.2562571313820743e+41
1917,1.2633093858791517e+41
1918,1.2704005804495204e+41
1919,1.2775309263101378e+41
1920,1.2847006358017187e+41
1921,1.2919099223943758e+41
1922,1.2991590006937482e+41
1923,1.3064480864474138e+41
1924,1.313777396549681e+41
1925,1.3211471490485075e+41
1926,1.3285575631509365e+41
1927,1.3360088592296788e+41
1928,1.3435012588285909e+41
1929,1.351034984669301e+41
1930,1.358610260656755e+41
1931,1.3662273118864554e+41
1932,1.373886364649269e+41
1933,1.3815876464382986e+41
1934,1.3893313859553718e+41
1935,1.3971178131171092e+41
1936,1.4049471590609227e+41
1937,1.4128196561520536e+41
1938,1.4207355379891545e+41
1939,1.4286950394114393e+41
1940,1.4366983965047414e+41
1941,1.4447458466078168e+41
1942,1.4528376283191074e+41
1943,1.4609739815038972e+41
1944,1.4691551472995622e+41
1945,1.477381368123172e+41
1946,1.4856528876775945e+41
1947,1.4939699509588037e+41
1948,1.5023328042618526e+41
1949,1.5107416951882082e+41
1950,1.5191968726520082e+41
1951,1.5276985868878806e+41
1952,1.536247089456498e+41
1953,1.5448426332519446e+41
1954,1.5534854725090753e+41
1955,1.562175862810094e+41
1956,1.5709140610913587e+41
1957,1.5797003256509707e+41
1958,1.5885349161551212e+41
1959,1.5974180936458555e+41
1960,1.6063501205479367e+41
1961,1.6153312606756664e+41
1962,1.6243617792404816e+41
1963,1.6334419428588075e+41
1964,1.642572019557847e+41
1965,1.6517522787841047e+41
1966,1.660982991410047e+41
1967,1.670264429742126e+41
1968,1.6795968675275612e+41
1969,1.6889805799623206e+41
1970,1.6984158436980757e+41
1971,1.7079029368509238e+41
1972,1.7174421390072336e+41
1973,1.7270337312325724e+41
1974,1.7366779960786176e+41
1975,1.7463752175915567e+41
1976,1.7561256813190787e+41
1977,1.7659296743187005e+41
1978,1.7757874851654697e+41
1979,1.7856994039593962e+41
1980,1.7956657223340096e+41
1981,1.8056867334636388e+41
1982,1.815762732071885e+41
1983,1.8258940144391017e+41
1984,1.8360808784116788e+41
1985,1.846323623408404e+41
1986,1.8566225504294312e+41
1987,1.86697796206475e+41
1988,1.8773901625020787e+41
1989,1.887859457534842e+41
1990,1.898386154570797e+41
1991,1.9089705626411006e+41
1992,1.9196129924070287e+41
1993,1.9303137561697433e+41
1994,1.9410731678779322e+41
1995,1.9518915431371758e+41
1996,1.962769199217573e+41
1997,1.9737064550631164e+41
1998,1.984703631299989e+41
1999,1.995761050244935e+41
2000,2.00687903591475e+41
2001,2.018057914034148e+41
2002,2.0292980120453716e+41
2003,2.040599659116287e+41
2004,2.0519631861506493e+41
2005,2.0633889257953003e+41
2006,2.0748772124499186e+41
2007,2.086428382276434e+41
2008,2.0980427732078488e+41
2009,2.109720724956889e+41
2010,2.1214625790256072e+41
2011,2.1332686787155506e+41
2012,2.145139369135003e+41
2013,2.157074997209817e+41
2014,2.169075911691949e+41
2015,2.1811424631697655e+41
2016,2.193275004076459e+41
2017,2.2054738887003758e+41
2018,2.2177394731943305e+41
2019,2.2300721155847167e+41
2020,2.242472175782059e+41
2021,2.2549400155897224e+41
2022,2.267475998714495e+41
2023,2.2800804907755457e+41
2024,2.2927538593159024e+41
2025,2.30549647381011e+41
2026,2.3183087056753382e+41
2027,2.3311909282816083e+41
2028,2.3441435169615223e+41
2029,2.3571668490199714e+41
2030,2.370261303744623e+41
2031,2.3834272624172175e+41
2032,2.39666510832151e+41
2033,2.409975226755351e+41
2034,2.4233580050400825e+41
2035,2.436813832531675e+41
2036,2.450343100630899e+41
2037,2.4639462027933e+41
2038,2.477623534540755e+41
2039,2.4913754934710143e+41
2040,2.505202479269354e+41
2041,2.5191048937187003e+41
2042,2.5330831407102005e+41
2043,2.5471376262543432e+41
2044,2.5612687584930175e+41
2045,2.5754769477079468e+41
2046,2.589762606333648e+41
2047,2.604126148967415e+41
2048,2.618567992381429e+41
2049,2.6330885555326315e+41
2050,2.6476882595752343e+41
2051,2.6623675278706726e+41
2052,2.677126786000986e+41
2053,2.6919664617776436e+41
2054,2.706886985254225e+41
2055,2.721888788738253e+41
2056,2.736972306802376e+41
2057,2.7521379762954698e+41
2058,2.7673862363554037e+41
2059,2.7827175284195515e+41
2060,2.798132296237587e+41
2061,2.813630985882906e+41
2062,2.8292140457640532e+41
2063,2.8448819266371936e+41
2064,2.8606350816192252e+41
2065,2.8764739661974014e+41
2066,2.892399038243376e+41
2067,2.908410758024364e+41
2068,2.924509588216486e+41
2069,2.940695993915741e+41
2070,2.956970442651692e+41
2071,2.973333404398568e+41
2072,2.9897853515900836e+41
2073,3.00632675912907e+41
2074,3.022958104401543e+41
2075,3.039679867289808e+41
2076,3.056492530184773e+41
2077,3.0733965779982132e+41
2078,3.090392498176877e+41
2079,3.107480780714075e+41
2080,3.124661918163928e+41
2081,3.141936405653892e+41
2082,3.159304740897252e+41
2083,3.1767674242071676e+41
2084,3.194324958511014e+41
2085,3.211977849360992e+41
2086,3.229726604949717e+41
2087,3.247571736122437e+41
2088,3.265513756391825e+41
2089,3.283553181950247e+41
2090,3.301690531684598e+41
2091,3.3199263271888053e+41
2092,3.338261092780048e+41
2093,3.3566953555094687e+41
2094,3.3752296451777263e+41
2095,3.393864494349314e+41
2096,3.412600438366431e+41
2097,3.431438015362266e+41
2098,3.4503777662766022e+41
2099,3.469420234869388e+41
2100,3.488565967734619e+41
2101,3.507815514316112e+41
2102,3.527169426920477e+41
2103,3.546628260733018e+41
2104,3.5661925738311296e+41
2105,3.585862927201487e+41
2106,3.6056398847515424e+41
2107,3.6255240133259904e+41
2108,3.6455158827223095e+41
2109,3.6656160657052414e+41
2110,3.685825138021149e+41
2111,3.706143678413991e+41
2112,3.726572268642046e+41
2113,3.747111493489889e+41
2114,3.767761940786387e+41
2115,3.788524201418756e+41
2116,3.809398869349555e+41
2117,3.8303865416307315e+41
2118,3.851487818420706e+41
2119,3.872703302999556e+41
2120,3.894033601784292e+41
2121,3.915479324346321e+41
2122,3.9370410834255305e+41
2123,3.95871949494831e+41
2124,3.980515178041835e+41
2125,4.0024287550533955e+41
2126,4.02446085156292e+41
2127,4.046612096401224e+41
2128,4.068883121667141e+41
2129,4.091274562743422e+41
2130,4.113787058312835e+41
2131,4.136421250375468e+41
2132,4.1591777842674776e+41
2133,4.182057308674215e+41
2134,4.205060475649937e+41
2135,4.228187940633517e+41
2136,4.251440362467232e+41
2137,4.274818403412053e+41
2138,4.298322729166591e+41
2139,4.3219540088841086e+41
2140,4.3457129151889e+41
2141,4.369600124196017e+41
2142,4.393616315526612e+41
2143,4.417762172327741e+41
2144,4.442038381288329e+41
2145,4.466445632660432e+41
2146,4.490984620272948e+41
2147,4.5156560415517775e+41
2148,4.540460597539048e+41
2149,4.56539899291028e+41
2150,4.590471935992162e+41
2151,4.615680138782029e+41
2152,4.641024316968098e+41
2153,4.666505189944176e+41
2154,4.69212348083148e+41
2155,4.717879916495817e+41
2156,4.7437752275684246e+41
2157,4.769810148462705e+41
2158,4.795985417395455e+41
2159,4.822301776405078e+41
2160,4.848759971370455e+41
2161,4.875360752031451e+41
2162,4.902104872008151e+41
2163,4.928993088819348e+41
2164,4.956026163903223e+41
2165,4.983204862639171e+41
2166,5.0105299543633635e+41
2167,5.038002212391995e+41
2168,5.0656224140395024e+41
2169,5.0933913406410954e+41
2170,5.121309777570197e+41
2171,5.149378514261351e+41
2172,5.177598344228501e+41
2173,5.205970065089273e+41
2174,5.23449447858094e+41
2175,5.263172390583507e+41
2176,5.292004611141341e+41
2177,5.320991954483549e+41
2178,5.350135239043988e+41
2179,5.379435287484727e+41
2180,5.408892926714807e+41
2181,5.438508987913979e+41
2182,5.468284306553258e+41
2183,5.498219722415476e+41
2184,5.528316079618229e+41
2185,5.558574226637976e+41
2186,5.588995016326874e+41
2187,5.6195793059388925e+41
2188,5.650327957149529e+41
2189,5.68124183608072e+41
2190,5.712321813320519e+41
2191,5.743568763947612e+41
2192,5.7749835675520395e+41
2193,5.806567108261931e+41
2194,5.838320274760807e+41
2195,5.87024396031326e+41
2196,5.9023390627889875e+41
2197,5.934606484684743e+41
2198,5.967047133146969e+41
2199,5.999661919997307e+41
2200,6.03245176175355e+41
2201,6.065417579655485e+41
2202,6.098560299687808e+41
2203,6.131880852602986e+41
2204,6.165380173945956e+41
2205,6.199059204081295e+41
2206,6.232918888211481e+41
2207,6.266960176405757e+41
2208,6.301184023621927e+41
2209,6.335591389733788e+41
2210,6.370183239552617e+41
2211,6.404960542854801e+41
2212,6.4399242744038485e+41
2213,6.4750754139806804e+41
2214,6.510414946402126e+41
2215,6.545943861549569e+41
2216,6.581663154395245e+41
2217,6.6175738250266285e+41
2218,6.653676878671207e+41
2219,6.689973325724328e+41
2220,6.726464181774278e+41
2221,6.76315046762678e+41
2222,6.800033209334342e+41
2223,6.8371134382189834e+41
2224,6.8743921909018796e+41
2225,6.911870509326846e+41
2226,6.9495494407921914e+41
2227,6.987430037971053e+41
2228,7.025513358941307e+41
2229,7.063800467214053e+41
2230,7.102292431759301e+41
2231,7.140990327032613e+41
2232,7.179895233003299e+41
2233,7.219008235185648e+41
2234,7.258330424659614e+41
2235,7.297862898104105e+41
2236,7.337606757821985e+41
2237,7.377563111771364e+41
2238,7.417733073590307e+41
2239,7.458117762628507e+41
2240,7.498718303974434e+41
2241,7.539535828482544e+41
2242,7.580571472805763e+41
2243,7.621826379420493e+41
2244,7.66330169665877e+41
2245,7.704998578735117e+41
2246,7.746918185780797e+41
2247,7.78906168386668e+41
2248,7.831430245035908e+41
2249,7.87402504733562e+41
2250,7.916847274845155e+41
2251,7.959898117705087e+41
2252,8.003178772148769e+41
2253,8.046690440536447e+41
2254,8.090434331378305e+41
2255,8.13441165937083e+41
2256,8.178623645424637e+41
2257,8.223071516698816e+41
2258,8.26775650662832e+41
2259,8.31267985495855e+41
2260,8.357842807775406e+41
2261,8.403246617535782e+41
2262,8.448892543102412e+41
2263,8.494781849772096e+41
2264,8.540915809311123e+41
2265,8.587295699984359e+41
2266,8.633922806593702e+41
2267,8.680798420502624e+41
2268,8.727923839672691e+41
2269,8.775300368697915e+41
2270,8.822929318836537e+41
2271,8.870812008042359e+41
2272,8.918949761000146e+41
2273,8.967343909162545e+41
2274,9.015995790775815e+41
2275,9.064906750920303e+41
2276,9.114078141540176e+41
2277,9.163511321481832e+41
2278,9.213207656524102e+41
2279,9.263168519416373e+41
2280,9.313395289911305e+41
2281,9.36388935479883e+41
2282,9.414652107943742e+41
2283,9.46568495031971e+41
2284,9.516989290042789e+41
2285,9.568566542408847e+41
2286,9.620418129933076e+41
2287,9.672545482377625e+41
2288,9.72495003679347e+41
2289,9.777633237553982e+41
2290,9.830596536394612e+41
2291,9.883841392444984e+41
2292,9.937369272269875e+41
2293,9.991181649902147e+41
2294,1.0045280006886886e+42
2295,1.0099665832309755e+42
2296,1.0154340622838135e+42
2297,1.020930588276122e+42
2298,1.0264563124025995e+42
2299,1.032011386627327e+42
2300,1.0375959636880304e+42
2301,1.0432101970994097e+42
2302,1.0488542411574421e+42
2303,1.0545282509431122e+42
2304,1.0602323823260268e+42
2305,1.0659667919686222e+42
2306,1.0717316373305008e+42
2307,1.0775270766713996e+42
2308,1.083353269055934e+42
2309,1.089210374357173e+42
2310,1.095098553261051e+42
2311,1.1010179672699228e+42
2312,1.1069687787070673e+42
2313,1.1129511507202783e+42
2314,1.1189652472867626e+42
2315,1.1250112332162556e+42
2316,1.131089274155578e+42
2317,1.137199536592956e+42
2318,1.1433421878621006e+42
2319,1.1495173961460837e+42
2320,1.1557253304820814e+42
2321,1.1619661607650235e+42
2322,1.1682400577523632e+42
2323,1.1745471930681005e+42
2324,1.1808877392068702e+42
2325,1.1872618695384697e+42
2326,1.193669758312721e+42
2327,1.200111580662687e+42
2328,1.206587512609907e+42
2329,1.2130977310683295e+42
2330,1.2196424138491733e+42
2331,1.2262217396648861e+42
2332,1.232835888133954e+42
2333,1.2394850397850329e+42
2334,1.246169376062304e+42
2335,1.2528890793287467e+42
2336,1.2596443328713614e+42
2337,1.266435320905819e+42
2338,1.2732622285809255e+42
2339,1.280125241982983e+42
2340,1.2870245481409315e+42
2341,1.293960335030418e+42
2342,1.3009327915789702e+42
2343,1.3079421076705165e+42
2344,1.3149884741498124e+42
2345,1.3220720828277335e+42
2346,1.3291931264854156e+42
2347,1.3363517988800678e+42
2348,1.3435482947484875e+42
2349,1.3507828098125594e+42
2350,1.3580555407842676e+42
2351,1.3653666853703463e+42
2352,1.372716442277019e+42
2353,1.3801050112151042e+42
2354,1.387532592905599e+42
2355,1.394999389083337e+42
2356,1.4025056025030483e+42
2357,1.4100514369437184e+42
2358,1.4176370972143274e+42
2359,1.4252627891581627e+42
2360,1.4329287196585643e+42
2361,1.440635096643747e+42
2362,1.448382129091731e+42
2363,1.456170027036097e+42
2364,1.4639990015704655e+42
2365,1.4718692648543653e+42
2366,1.4797810301178413e+42
2367,1.4877345116678212e+42
2368,1.4957299248920252e+42
2369,1.503767486264894e+42
2370,1.5118474133532335e+42
2371,1.5199699248213318e+42
2372,1.5281352404360544e+42
2373,1.5363435810725814e+42
2374,1.5445951687204862e+42
2375,1.5528902264877974e+42
2376,1.561228978607603e+42
2377,1.5696116504429577e+42
2378,1.5780384684930207e+42
2379,1.5865096603980238e+42
2380,1.595025454945386e+42
2381,1.6035860820751755e+42
2382,1.612191772885421e+42
2383,1.6208427596384698e+42
2384,1.629539275765999e+42
2385,1.6382815558753408e+42
2386,1.647069835754639e+42
2387,1.6559043523798035e+42
2388,1.6647853439188792e+42
2389,1.6737130497384742e+42
2390,1.682687710410064e+42
2391,1.691709567715506e+42
2392,1.7007788646527662e+42
2393,1.7098958454421424e+42
2394,1.71906075553297e+42
2395,1.7282738416081525e+42
2396,1.7375353515912815e+42
2397,1.746845534652193e+42
2398,1.7562046412136356e+42
2399,1.765612922956744e+42
2400,1.7750706328277404e+42
2401,1.7845780250439744e+42
2402,1.7941353550998057e+42
2403,1.803742879773484e+42
2404,1.8134008571327258e+42
2405,1.823109546541712e+42
2406,1.832869208666665e+42
2407,1.8426801054836158e+42
2408,1.8525425002829163e+42
2409,1.8624566576770457e+42
2410,1.8724228436063495e+42
2411,1.8824413253462163e+42
2412,1.892512371512797e+42
2413,1.9026362520703572e+42
2414,1.912813238337014e+42
2415,1.9230436029927888e+42
2416,1.9333276200844755e+42
2417,1.943665565033171e+42
2418,1.9540577146412228e+42
2419,1.9645043470987994e+42
2420,1.9750057419902006e+42
2421,1.9855621803015612e+42
2422,1.996173944426653e+42
2423,2.0068413181747622e+42
2424,2.017564586776993e+42
2425,2.0283440368931075e+42
2426,2.0391799566187065e+42
2427,2.0500726354931438e+42
2428,2.0610223645047272e+42
2429,2.072029436099153e+42
2430,2.0830941441859203e+42
2431,2.094216784146136e+42
2432,2.1053976528389867e+42
2433,2.1166370486094832e+42
2434,2.1279352712951376e+42
2435,2.139292622234556e+42
2436,2.1507094042729487e+42
2437,2.1621859217702332e+42
2438,2.1737224806088985e+42
2439,2.1853193882009848e+42
2440,2.1969769534952196e+42
2441,2.2086954869853645e+42
2442,2.220475300716679e+42
2443,2.232316708294435e+42
2444,2.244220024891011e+42
2445,2.2561855672533662e+42
2446,2.268213653710808e+42
2447,2.280304604183861e+42
2448,2.2924587401898747e+42
2449,2.3046763848523512e+42
2450,2.3169578629078772e+42
2451,2.3293035007149514e+42
2452,2.341713626260791e+42
2453,2.3541885691700746e+42
2454,2.366728660712159e+42
2455,2.3793342338105633e+42
2456,2.3920056230489803e+42
2457,2.4047431646802812e+42
2458,2.417547196635026e+42
2459,2.4304180585292592e+42
2460,2.4433560916722557e+42
2461,2.4563616390757437e+42
2462,2.4694350454609076e+42
2463,2.482576657267942e+42
2464,2.4957868226637265e+42
2465,2.5090658915498862e+42
2466,2.5224142155716716e+42
2467,2.5358321481274013e+42
2468,2.5493200443747276e+42
2469,2.5628782612409196e+42
2470,2.5765071574305242e+42
2471,2.5902070934346834e+42
2472,2.6039784315395727e+42
2473,2.6178215358345283e+42
2474,2.6317367722212734e+42
2475,2.6457245084238067e+42
2476,2.6597851139948966e+42
2477,2.6739189603266755e+42
2478,2.68812642065859e+42
2479,2.7024078700874336e+42
2480,2.716763685575024e+42
2481,2.7311942459584853e+42
2482,2.7456999319586042e+42
2483,2.7602811261887722e+42
2484,2.774938213165031e+42
2485,2.789671579314032e+42
2486,2.804481612983556e+42
2487,2.819368704450534e+42
2488,2.8343332459324464e+42
2489,2.8493756315941064e+42
2490,2.864496257558319e+42
2491,2.879695521915722e+42
2492,2.894973824734006e+42
2493,2.9103315680667694e+42
2494,2.9257691559638655e+42
2495,2.941286994482027e+42
2496,2.956885491692101e+42
2497,2.9725650576906883e+42
2498,2.988326104608923e+42
2499,3.004169046623323e+42
2500,3.0200942999644196e+42
2501,3.036102282927837e+42
2502,3.052193415883675e+42
2503,3.0683681212867346e+42
2504,3.084626823685611e+42
2505,3.100969949734496e+42
2506,3.117397928202294e+42
2507,3.1339111899828445e+42
2508,3.1505101681051103e+42
2509,3.1671952977445566e+42
2510,3.183967016231785e+42
2511,3.200825763063961e+42
2512,3.2177719799151626e+42
2513,3.2348061106464117e+42
2514,3.2519286013175854e+42
2515,3.2691399001959893e+42
2516,3.286440457768341e+42
2517,3.303830726751141e+42
2518,3.321311162101791e+42
2519,3.338882221027843e+42
2520,3.356544363000074e+42
2521,3.3742980497619524e+42
2522,3.392143745340937e+42
2523,3.41008191605977e+42
2524,3.428113030546101e+42
2525,3.446237559745794e+42
2526,3.464455976932571e+42
2527,3.4827687577196584e+42
2528,3.5011763800704814e+42
2529,3.519679324311734e+42
2530,3.538278073142216e+42
2531,3.556973111645883e+42
2532,3.575764927303078e+42
2533,3.594654010001224e+42
2534,3.6136408520484044e+42
2535,3.6327259481824104e+42
2536,3.651909795584058e+42
2537,3.671192893888488e+42
2538,3.69057574519738e+42
2539,3.710058854089138e+42
2540,3.7296427276332405e+42
2541,3.7493278754006264e+42
2542,3.7691148094760135e+42
2543,3.789004044470502e+42
2544,3.808996097531779e+42
2545,3.829091488359135e+42
2546,3.8492907392137687e+42
2547,3.869594374931548e+42
2548,3.890002922935085e+42
2549,3.9105169132475796e+42
2550,3.9311368785029465e+42
2551,3.951863353959917e+42
2552,3.972696877514236e+42
2553,3.993637989710912e+42
2554,4.014687233758488e+42
2555,4.035845155539396e+42
2556,4.057112303624271e+42
2557,4.078489229284723e+42
2558,4.099976486506318e+42
2559,4.1215746320000803e+42
2560,4.143284225218043e+42
2561,4.165105828364762e+42
2562,4.1870400064107154e+42
2563,4.2090873271057224e+42
2564,4.231248360992575e+42
2565,4.253523681418665e+42
2566,4.275913864551971e+42
2567,4.298419489393018e+42
2568,4.32104113778853e+42
2569,4.3437793944447784e+42
2570,4.3666348469431634e+42
2571,4.389608085750921e+42
2572,4.412699704236954e+42
2573,4.4359102986852345e+42
2574,4.4592404683082416e+42
2575,4.482690815262675e+42
2576,4.506261944660944e+42
2577,4.5299544645869805e+42
2578,4.553768986110027e+42
2579,4.577706123299337e+42
2580,4.601766493236493e+42
2581,4.625950716032959e+42
2582,4.6502594148422794e+42
2583,4.6746932158751375e+42
2584,4.699252748414683e+42
2585,4.723938644828779e+42
2586,4.748751540588053e+42
2587,4.773692074278635e+42
2588,4.7987608876173196e+42
2589,4.8239586254660635e+42
2590,4.8492859358492987e+42
2591,4.874743469965335e+42
2592,4.9003318822041e+42
2593,4.926051830161642e+42
2594,4.9519039746545674e+42
2595,4.977888979738159e+42
2596,5.004007512717791e+42
2597,5.030260244167276e+42
2598,5.0566478479434005e+42
2599,5.083171001202306e+42
2600,5.109830384412872e+42
2601,5.136626681375898e+42
2602,5.1635605792377524e+42
2603,5.1906327685067495e+42
2604,5.217843943069698e+42
2605,5.245194800205707e+42
2606,5.272686040605733e+42
2607,5.3003183683867376e+42
2608,5.328092491108095e+42
2609,5.3560091197876555e+42
2610,5.384068968920605e+42
2611,5.4122727564921695e+42
2612,5.44062120399677e+42
2613,5.4691150364539905e+42
2614,5.497754982424819e+42
2615,5.5265417740307746e+42
2616,5.555476146967095e+42
2617,5.584558840522461e+42
2618,5.613790597595012e+42
2619,5.643172164710488e+42
2620,5.672704292036536e+42
2621,5.702387733404134e+42
2622,5.732223246322162e+42
2623,5.762211591995718e+42
2624,5.792353535343953e+42
2625,5.822649845015475e+42
2626,5.853101293409651e+42
2627,5.883708656691837e+42
2628,5.914472714811872e+42
2629,5.945394251521531e+42
2630,5.976474054394786e+42
2631,6.007712914842381e+42
2632,6.039111628132249e+42
2633,6.070670993407377e+42
2634,6.102391813703523e+42
2635,6.134274895969965e+42
2636,6.166321051084365e+42
2637,6.198531093873907e+42
2638,6.23090584313328e+42
2639,6.26344612164421e+42
2640,6.296152756191394e+42
2641,6.329026577585776e+42
2642,6.362068420680759e+42
2643,6.395279124391888e+42
2644,6.428659531716959e+42
2645,6.462210489752203e+42
2646,6.495932849716159e+42
2647,6.529827466966322e+42
2648,6.563895201019193e+42
2649,6.598136915569258e+42
2650,6.632553478511665e+42
2651,6.667145761957887e+42
2652,6.701914642258106e+42
2653,6.736861000020973e+42
2654,6.771985720132579e+42
2655,6.807289691779667e+42
2656,6.84277380846577e+42
2657,6.878438968034146e+42
2658,6.914286072687823e+42
2659,6.950316029010667e+42
2660,6.986529747985206e+42
2661,7.022928145017711e+42
2662,7.059512139956187e+42
2663,7.096282657112162e+42
2664,7.133240625282043e+42
2665,7.17038697776568e+42
2666,7.207722652391792e+42
2667,7.245248591536596e+42
2668,7.282965742145686e+42
2669,7.320875055754892e+42
2670,7.358977488515004e+42
2671,7.397274001208822e+42
2672,7.435765559275917e+42
2673,7.474453132834176e+42
2674,7.513337696700643e+42
2675,7.552420230416662e+42
2676,7.591701718265934e+42
2677,7.631183149299389e+42
2678,7.670865517357241e+42
2679,7.710749821092011e+42
2680,7.750837063987987e+42
2681,7.791128254388935e+42
2682,7.831624405517432e+42
2683,7.872326535498991e+42
2684,7.913235667385625e+42
2685,7.95435282917538e+42
2686,7.995679053841278e+42
2687,8.037215379350862e+42
2688,8.078962848690599e+42
2689,8.120922509889142e+42
2690,8.16309541604089e+42
2691,8.205482625332326e+42
2692,8.248085201061251e+42
2693,8.290904211664215e+42
2694,8.333940730739367e+42
2695,8.377195837070266e+42
2696,8.420670614653356e+42
2697,8.464366152717426e+42
2698,8.50828354575122e+42
2699,8.552423893527697e+42
2700,8.596788301129581e+42
2701,8.641377878970012e+42
2702,8.686193742824018e+42
2703,8.731237013849038e+42
2704,8.776508818611719e+42
2705,8.822010289113725e+42
2706,8.867742562813488e+42
2707,8.913706782657853e+42
2708,8.959904097103248e+42
2709,9.006335660143008e+42
2710,9.053002631331993e+42
2711,9.09990617581677e+42
2712,9.147047464355612e+42
2713,9.19442767334886e+42
2714,9.242047984864063e+42
2715,9.289909586661803e+42
2716,9.338013672226273e+42
2717,9.386361440785645e+42
2718,9.434954097343421e+42
2719,9.483792852703942e+42
2720,9.532878923500942e+42
2721,9.582213532220147e+42
2722,9.631797907233582e+42
2723,9.681633282821956e+42
2724,9.73172089920396e+42
2725,9.782062002564904e+42
2726,9.832657845080151e+42
2727,9.883509684949507e+42
2728,9.934618786421243e+42
2729,9.985986419821111e+42
2730,1.0037613861579702e+43
2731,1.0089502394265603e+43
2732,1.0141653306606606e+43
2733,1.0194067893523862e+43
2734,1.024674745615892e+43
2735,1.0299693301901811e+43
2736,1.035290674442458e+43
2737,1.0406389103703941e+43
2738,1.0460141706055207e+43
2739,1.0514165884160466e+43
2740,1.0568462977099345e+43
2741,1.0623034330374381e+43
2742,1.0677881295948031e+43
2743,1.0733005232267394e+43
2744,1.078840750429626e+43
2745,1.0844089483546535e+43
2746,1.0900052548103374e+43
2747,1.0956298082663534e+43
2748,1.1012827478561211e+43
2749,1.1069642133799736e+43
2750,1.1126743453081907e+43
2751,1.1184132847845618e+43
2752,1.1241811736287848e+43
2753,1.129978154340114e+43
2754,1.135804370100392e+43
2755,1.1416599647770683e+43
2756,1.1475450829269428e+43
2757,1.1534598697985556e+43
2758,1.159404471335921e+43
2759,1.1653790341816398e+43
2760,1.1713837056802494e+43
2761,1.1774186338810275e+43
2762,1.1834839675419273e+43
2763,1.1895798561324457e+43
2764,1.1957064498370121e+43
2765,1.20186389955844e+43
2766,1.2080523569207386e+43
2767,1.2142719742732307e+43
2768,1.2205229046933963e+43
2769,1.226805301990409e+43
2770,1.2331193207083337e+43
2771,1.2394651161301188e+43
2772,1.2458428442801884e+43
2773,1.2522526619284172e+43
2774,1.258694726593481e+43
2775,1.2651691965460958e+43
2776,1.271676230813181e+43
2777,1.2782159891804078e+43
2778,1.284788632196345e+43
2779,1.2913943211758393e+43
2780,1.2980332182036628e+43
2781,1.3047054861375593e+43
2782,1.311411288612582e+43
2783,1.3181507900442608e+43
2784,1.3249241556322257e+43
2785,1.3317315513640526e+43
2786,1.3385731440182673e+43
2787,1.3454491011689304e+43
2788,1.3523595911886936e+43
2789,1.3593047832526334e+43
2790,1.3662848473418607e+43
2791,1.3732999542477432e+43
2792,1.380350275574853e+43
2793,1.3874359837452568e+43
2794,1.3945572520021538e+43
2795,1.401714254413518e+43
2796,1.408907165876519e+43
2797,1.4161361621204247e+43
2798,1.4234014197110544e+43
2799,1.4307031160544683e+43
2800,1.4380414294010362e+43
2801,1.4454165388486767e+43
2802,1.4528286243476627e+43
2803,1.4602778667040428e+43
2804,1.4677644475836165e+43
2805,1.475288549516159e+43
2806,1.4828503558986394e+43
2807,1.4904500510003138e+43
2808,1.4980878199659892e+43
2809,1.5057638488203008e+43
2810,1.5134783244715486e+43
2811,1.5212314347164115e+43
2812,1.5290233682430974e+43
2813,1.5368543146360963e+43
2814,1.5447244643800612e+43
2815,1.5526340088640818e+43
2816,1.5605831403855617e+43
2817,1.5685720521551263e+43
2818,1.5766009382997955e+43
2819,1.584669993867881e+43
2820,1.592779414833042e+43
2821,1.6009293980987196e+43
2822,1.6091201415016947e+43
2823,1.6173518438174319e+43
2824,1.6256247047637173e+43
2825,1.6339389250051443e+43
2826,1.6422947061576394e+43
2827,1.6506922507920633e+43
2828,1.659131762439792e+43
2829,1.667613445596267e+43
2830,1.6761375057257157e+43
2831,1.6847041492653505e+43
2832,1.6933135836305667e+43
2833,1.7019660172183745e+43
2834,1.7106616594125516e+43
2835,1.7194007205880977e+43
2836,1.7281834121154637e+43
2837,1.7370099463659924e+43
2838,1.7458805367152706e+43
2839,1.7547953975485515e+43
2840,1.763754744265174e+43
2841,1.7727587932833952e+43
2842,1.7818077620442486e+43
2843,1.7909018690174897e+43
2844,1.8000413337054303e+43
2845,1.8092263766478972e+43
2846,1.818457219427206e+43
2847,1.8277340846720797e+43
2848,1.8370571960636587e+43
2849,1.846426778339553e+43
2850,1.8558430572988172e+43
2851,1.8653062598066374e+43
2852,1.87481661379999e+43
2853,1.8843743482913728e+43
2854,1.8939796933744824e+43
2855,1.9036328802289423e+43
2856,1.9133341411251497e+43
2857,1.923083709429988e+43
2858,1.9328818196106247e+43
2859,1.9427287072403745e+43
2860,1.9526246090035705e+43
2861,1.9625697627007384e+43
2862,1.972564407253022e+43
2863,1.982608782708426e+43
2864,1.992703130246127e+43
2865,2.0028476921818788e+43
2866,2.0130427119735218e+43
2867,2.023288434225009e+43
2868,2.0335851046933329e+43
2869,2.043932970292586e+43
2870,2.0543322790996658e+43
2871,2.0647832803592704e+43
2872,2.0752862244900426e+43
2873,2.0858413630887386e+43
2874,2.0964489489363452e+43
2875,2.1071092360033492e+43
2876,2.117822479454858e+43
2877,2.1285889356569736e+43
2878,2.1394088621809352e+43
2879,2.1502825178094368e+43
2880,2.1612101625420097e+43
2881,2.1721920576006746e+43
2882,2.183228465434653e+43
2883,2.194319649727342e+43
2884,2.205465875401018e+43
2885,2.2166674086226193e+43
2886,2.2279245168097058e+43
2887,2.239237468635174e+43
2888,2.250606534034391e+43
2889,2.262031984210001e+43
2890,2.2735140916379136e+43
2891,2.28505313007282e+43
2892,2.296649374554983e+43
2893,2.3083031014146384e+43
2894,2.320014588278773e+43
2895,2.331784114076892e+43
2896,2.3436119590464526e+43
2897,2.355498404740078e+43
2898,2.3674437340298315e+43
2899,2.3794482311142283e+43
2900,2.3915121815240825e+43
2901,2.4036358721287333e+43
2902,2.4158195911410934e+43
2903,2.4280636281253366e+43
2904,2.440368274001925e+43
2905,2.4527338210540287e+43
2906,2.465160562934053e+43
2907,2.4776487946686343e+43
2908,2.4901988126665144e+43
2909,2.502810914723863e+43
2910,2.5154854000306193e+43
2911,2.528222569176644e+43
2912,2.5410227241591985e+43
2913,2.5538861683875e+43
2914,2.5668132066904145e+43
2915,2.5798041453224447e+43
2916,2.5928592919699506e+43
2917,2.6059789557588274e+43
2918,2.6191634472591616e+43
2919,2.6324130784930965e+43
2920,2.645728162940868e+43
2921,2.6591090155479837e+43
2922,2.6725559527302926e+43
2923,2.6860692923827856e+43
2924,2.69964935388488e+43
2925,2.713296458107397e+43
2926,2.7270109274197543e+43
2927,2.7407930856953245e+43
2928,2.7546432583202367e+43
2929,2.768561772198825e+43
2930,2.7825489557609583e+43
2931,2.7966051389684047e+43
2932,2.8107306533231446e+43
2933,2.824925831872441e+43
2934,2.839191009216972e+43
2935,2.853526521517475e+43
2936,2.8679327065017677e+43
2937,2.882409903472668e+43
2938,2.8969584533134977e+43
2939,2.9115786984962797e+43
2940,2.9262709830887545e+43
2941,2.9410356527613614e+43
2942,2.95587305479504e+43
2943,2.97078353808684e+43
2944,2.985767453159498e+43
2945,3.000825152167231e+43
2946,3.0159569889034825e+43
2947,3.031163318808629e+43
2948,3.0464444989760126e+43
2949,3.0618008881614704e+43
2950,3.077232846789308e+43
2951,3.0927407369603987e+43
2952,3.1083249224590706e+43
2953,3.12398576876228e+43
2954,3.1397236430450844e+43
2955,3.15553891418961e+43
2956,3.171431952792394e+43
2957,3.187403131171756e+43
2958,3.203452823376969e+43
2959,3.219581405193813e+43
2960,3.2357892541539086e+43
2961,3.2520767495420456e+43
2962,3.268444272404601e+43
2963,3.2848922055558675e+43
2964,3.30142093358818e+43
2965,3.318030842878414e+43
2966,3.334722321596473e+43
2967,3.3514957597135524e+43
2968,3.3683515490088104e+43
2969,3.3852900830796663e+43
2970,3.402311757348519e+43
2971,3.41941696907121e+43
2972,3.4366061173449445e+43
2973,3.453879603117969e+43
2974,3.471237829195723e+43
2975,3.4886812002504155e+43
2976,3.5062101228293697e+43
2977,3.523825005362697e+43
2978,3.5415262581734224e+43
2979,3.559314293483658e+43
2980,3.5771895254245637e+43
2981,3.595152370044538e+43
2982,3.613203245318237e+43
2983,3.6313425711534733e+43
2984,3.6495707694023714e+43
2985,3.6678882638684457e+43
2986,3.6862954803156054e+43
2987,3.7047928464774726e+43
2988,3.7233807920644796e+43
2989,3.742059748775118e+43
2990,3.760830150303258e+43
2991,3.7796924323474186e+43
2992,3.798647032619273e+43
2993,3.8176943908544055e+43
2994,3.836834948818739e+43
2995,3.856069150319208e+43
2996,3.875397441212764e+43
2997,3.8948202694146085e+43
2998,3.914338084909537e+43
2999,3.933951339758287e+43
3000,3.953660488108608e+43
3001,3.9734659862043274e+43
3002,3.993368292394713e+43
3003,4.0133678671424405e+43
3004,4.0334651730356186e+43
3005,4.053660674795242e+43
3006,4.0739548392854897e+43
3007,4.094348135523431e+43
3008,4.114841034686897e+43
3009,4.135434010126874e+43
3010,4.1561275373752715e+43
3011,4.176922094155195e+43
3012,4.197818160390067e+43
3013,4.2188162182153166e+43
3014,4.2399167519856554e+43
3015,4.2611202482864467e+43
3016,4.2824271959433604e+43
3017,4.3038380860319335e+43
3018,4.3253534118891525e+43
3019,4.346973669121128e+43
3020,4.3686993556145446e+43
3021,4.390530971546682e+43
3022,4.4124690193960317e+43
3023,4.4345140039504133e+43
3024,4.456666432320188e+43
3025,4.478926813946858e+43
3026,4.501295660613437e+43
3027,4.523773486455916e+43
3028,4.546360807971123e+43
3029,4.569058144030537e+43
3030,4.591866015888898e+43
3031,4.614784947194905e+43
3032,4.637815464001691e+43
3033,4.660958094779171e+43
3034,4.68421337042215e+43
3035,4.707581824262554e+43
3036,4.731063992080242e+43
3037,4.754660412112943e+43
3038,4.778371625069326e+43
3039,4.802198174136997e+43
3040,4.826140604995272e+43
3041,4.850199465825937e+43
3042,4.874375307324608e+43
3043,4.898668682709958e+43
3044,4.923080147737922e+43
3045,4.947610260710832e+43
3046,4.972259582489155e+43
3047,4.997028676503496e+43
3048,5.02191810876364e+43
3049,5.046928447873211e+43
3050,5.072060265039139e+43
3051,5.097314134083351e+43
3052,5.12269063145419e+43
3053,5.148190336239889e+43
3054,5.173813830177187e+43
3055,5.199561697664879e+43
3056,5.225434525775434e+43
3057,5.251432904265828e+43
3058,5.277557425591963e+43
3059,5.303808684916988e+43
3060,5.330187280125587e+43
3061,5.356693811835411e+43
3062,5.383328883409673e+43
3063,5.410093100966899e+43
3064,5.436987073396632e+43
3065,5.464011412369303e+43
3066,5.491166732349121e+43
3067,5.518453650606119e+43
3068,5.545872787229456e+43
3069,5.573424765137238e+43
3070,5.6011102100925425e+43
3071,5.628929750713702e+43
3072,5.656884018487229e+43
3073,5.684973647780107e+43
3074,5.713199275854765e+43
3075,5.741561542878064e+43
3076,5.770061091936606e+43
3077,5.798698569049007e+43
3078,5.827474623178129e+43
3079,5.856389906246346e+43
3080,5.885445073145131e+43
3081,5.914640781750337e+43
3082,5.943977692934751e+43
3083,5.973456470582e+43
3084,6.003077781596933e+43
3085,6.032842295923215e+43
3086,6.062750686553465e+43
3087,6.092803629543816e+43
3088,6.123001804027905e+43
3089,6.153345892227382e+43
3090,6.183836579469883e+43
3091,6.214474554199774e+43
3092,6.245260507992464e+43
3093,6.276195135567612e+43
3094,6.30727913480531e+43
3095,6.338513206756322e+43
3096,6.36989805565817e+43
3097,6.401434388948855e+43
3098,6.433122917280043e+43
3099,6.464964354533634e+43
3100,6.496959417832265e+43
3101,6.529108827555723e+43
3102,6.56141330735496e+43
3103,6.593873584166881e+43
3104,6.626490388225859e+43
3105,6.659264453082583e+43
3106,6.692196515615641e+43
3107,6.72528731604654e+43
3108,6.7585375979556e+43
3109,6.791948108293143e+43
3110,6.825519597398957e+43
3111,6.859252819014082e+43
3112,6.893148530296268e+43
3113,6.927207491834459e+43
3114,6.961430467666483e+43
3115,6.995818225289772e+43
3116,7.030371535679237e+43
3117,7.065091173302177e+43
3118,7.099977916132145e+43
3119,7.135032545667765e+43
3120,7.170255846943342e+43
3121,7.205648608547278e+43
3122,7.241211622637019e+43
3123,7.276945684955161e+43
3124,7.31285159484199e+43
3125,7.34893015525609e+43
3126,7.385182172786605e+43
3127,7.421608457670234e+43
3128,7.458209823807574e+43
3129,7.494987088776008e+43
3130,7.531941073850601e+43
3131,7.569072604016853e+43
3132,7.606382507987795e+43
3133,7.643871618219293e+43
3134,7.681540770929386e+43
3135,7.719390806110384e+43
3136,7.757422567547845e+43
3137,7.795636902836739e+43
3138,7.834034663396794e+43
3139,7.872616704492633e+43
3140,7.911383885245839e+43
3141,7.950337068654346e+43
3142,7.989477121608976e+43
3143,8.028804914910958e+43
3144,8.068321323285586e+43
3145,8.108027225404233e+43
3146,8.147923503898411e+43
3147,8.188011045377555e+43
3148,8.228290740447051e+43
3149,8.26876348372223e+43
3150,8.309430173851045e+43
3151,8.350291713528051e+43
3152,8.391349009512673e+43
3153,8.432602972646122e+43
3154,8.474054517872606e+43
3155,8.515704564251582e+43
3156,8.557554034979574e+43
3157,8.599603857406483e+43
3158,8.641854963053566e+43
3159,8.684308287634428e+43
3160,8.726964771068005e+43
3161,8.769825357500439e+43
3162,8.812890995322281e+43
3163,8.856162637187993e+43
3164,8.899641240030428e+43
3165,8.94332776508535e+43
3166,8.987223177905592e+43
3167,9.031328448381564e+43
3168,9.075644550760214e+43
3169,9.12017246366018e+43
3170,9.164913170096966e+43
3171,9.20986765749735e+43
3172,9.255036917719698e+43
3173,9.300421947072437e+43
3174,9.34602374633661e+43
3175,9.391843320779908e+43
3176,9.437881680179372e+43
3177,9.484139838840288e+43
3178,9.530618815614495e+43
3179,9.5773196339243e+43
3180,9.62424332177563e+43
3181,9.671390911782357e+43
3182,9.718763441185173e+43
3183,9.766361951872e+43
3184,9.814187490394077e+43
3185,9.86224110799278e+43
3186,9.910523860615345e+43
3187,9.95903680893588e+43
3188,1.0007781018375926e+44
3189,1.0056757559126334e+44
3190,1.0105967506163041e+44
3191,1.0155411939274025e+44
3192,1.0205091943076412e+44
3193,1.0255008607037408e+44
3194,1.030516302549481e+44
3195,1.0355556297681825e+44
3196,1.040618952774193e+44
3197,1.0457063824754249e+44
3198,1.0508180302753216e+44
3199,1.0559540080749422e+44
3200,1.0611144282755363e+44
3201,1.0662994037799784e+44
3202,1.0715090479953863e+44
3203,1.0767434748352178e+44
3204,1.0820027987214914e+44
3205,1.0872871345865526e+44
3206,1.0925965978759456e+44
3207,1.0979313045501662e+44
3208,1.103291371086938e+44
3209,1.1086769144836366e+44
3210,1.1140880522589263e+44
3211,1.1195249024558196e+44
3212,1.1249875836433707e+44
3213,1.1304762149191112e+44
3214,1.1359909159111397e+44
3215,1.1415318067808937e+44
3216,1.1470990082247388e+44
3217,1.1526926414766988e+44
3218,1.1583128283106384e+44
3219,1.1639596910425198e+44
3220,1.1696333525331242e+44
3221,1.1753339361897066e+44
3222,1.1810615659687803e+44
3223,1.1868163663783843e+44
3224,1.1925984624805449e+44
3225,1.1984079798931159e+44
3226,1.2042450447930214e+44
3227,1.2101097839179625e+44
3228,1.2160023245690794e+44
3229,1.221922794613467e+44
3230,1.2278713224860119e+44
3231,1.2338480371926428e+44
3232,1.2398530683122549e+44
3233,1.2458865459992744e+44
3234,1.2519486009859359e+44
3235,1.25803936458541e+44
3236,1.2641589686933014e+44
3237,1.2703075457908205e+44
3238,1.2764852289470531e+44
3239,1.2826921518214122e+44
3240,1.2889284486665912e+44
3241,1.2951942543303845e+44
3242,1.3014897042586909e+44
3243,1.3078149344979767e+44
3244,1.3141700816979427e+44
3245,1.3205552831135066e+44
3246,1.326970676608326e+44
3247,1.3334164006567191e+44
3248,1.3398925943464046e+44
3249,1.3463993973813718e+44
3250,1.3529369500837999e+44
3251,1.3595053933976098e+44
3252,1.366104868890525e+44
3253,1.3727355187568728e+44
3254,1.3793974858200863e+44
3255,1.3860909135359702e+44
3256,1.3928159459945171e+44
3257,1.3995727279231736e+44
3258,1.4063614046894308e+44
3259,1.4131821223033428e+44
3260,1.4200350274209025e+44
3261,1.4269202673458574e+44
3262,1.4338379900330815e+44
3263,1.4407883440911282e+44
3264,1.447771478785273e+44
3265,1.4547875440395233e+44
3266,1.4618366904405096e+44
3267,1.4689190692395357e+44
3268,1.476034832355648e+44
3269,1.4831841323785549e+44
3270,1.4903671225708768e+44
3271,1.4975839568719537e+44
3272,1.5048347899000183e+44
3273,1.5121197769552876e+44
3274,1.5194390740227121e+44
3275,1.5267928377754334e+44
3276,1.5341812255767555e+44
3277,1.5416043954838203e+44
3278,1.5490625062502053e+44
3279,1.5565557173288009e+44
3280,1.56408418887547e+44
3281,1.5716480817509378e+44
3282,1.5792475575244644e+44
3283,1.586882778476709e+44
3284,1.5945539076028632e+44
3285,1.6022611086150033e+44
3286,1.6100045459461374e+44
3287,1.6177843847525747e+44
3288,1.625600790917167e+44
3289,1.6334539310525027e+44
3290,1.6413439725033427e+44
3291,1.6492710833506834e+44
3292,1.6572354324142476e+44
3293,1.6652371892557426e+44
3294,1.6732765241817942e+44
3295,1.681353608247817e+44
3296,1.6894686132600883e+44
3297,1.697621711779632e+44
3298,1.7058130771252641e+44
3299,1.7140428833765049e+44
3300,1.7223113053776046e+44
3301,1.7306185187396046e+44
3302,1.7389646998443576e+44
3303,1.747350025847546e+44
3304,1.755774674682137e+44
3305,1.7642388250608835e+44
3306,1.7727426564807528e+44
3307,1.7812863492254866e+44
3308,1.7898700843691204e+44
3309,1.7984940437793938e+44
3310,1.807158410120371e+44
3311,1.8158633668570225e+44
3312,1.8246090982576887e+44
3313,1.8333957893977615e+44
3314,1.8422236261629783e+44
3315,1.8510927952526962e+44
3316,1.860003484184067e+44
3317,1.8689558812942872e+44
3318,1.877950175744812e+44
3319,1.8869865575247126e+44
3320,1.8960652174537427e+44
3321,1.9051863471868716e+44
3322,1.914350139216401e+44
3323,1.9235567868763814e+44
3324,1.932806484345829e+44
3325,1.942099426652625e+44
3326,1.9514358096760876e+44
3327,1.9608158301518967e+44
3328,1.9702396856748264e+44
3329,1.9797075747025053e+44
3330,1.9892196965592613e+44
3331,1.998776251438916e+44
3332,2.0083774404096878e+44
3333,2.018023465416992e+44
3334,2.0277145292873727e+44
3335,2.037450835731858e+44
3336,2.0472325893506456e+44
3337,2.0570599956354502e+44
3338,2.066933260974119e+44
3339,2.0768525926541798e+44
3340,2.0868181988662965e+44
3341,2.0968302887090213e+44
3342,2.1068890721912322e+44
3343,2.1169947602367834e+44
3344,2.1271475646881e+44
3345,2.1373476983103508e+44
3346,2.1475953747942078e+44
3347,2.1578908087611874e+44
3348,2.168234215766646e+44
3349,2.178625812303837e+44
3350,2.189065815808078e+44
3351,2.1995544446596803e+44
3352,2.2100919181894147e+44
3353,2.2206784566814746e+44
3354,2.2313142813776127e+44
3355,2.2419996144810073e+44
3356,2.2527346791611313e+44
3357,2.2635196995564044e+44
3358,2.2743549007791337e+44
3359,2.285240508919371e+44
3360,2.296176751048651e+44
3361,2.3071638552252047e+44
3362,2.318202050496397e+44
3363,2.3292915669039743e+44
3364,2.340432635487964e+44
3365,2.351625488290926e+44
3366,2.362870358361173e+44
3367,2.3741674797585783e+44
3368,2.385517087557598e+44
3369,2.396919417851837e+44
3370,2.4083747077585506e+44
3371,2.419883195421749e+44
3372,2.431445120018147e+44
3373,2.4430607217603242e+44
3374,2.4547302419012743e+44
3375,2.466453922738533e+44
3376,2.4782320076195133e+44
3377,2.490064740944249e+44
3378,2.5019523681708896e+44
3379,2.5138951358197015e+44
3380,2.525893291477334e+44
3381,2.537947083802234e+44
3382,2.5500567625274824e+44
3383,2.5622225784663257e+44
3384,2.5744447835163584e+44
3385,2.586723630664318e+44
3386,2.5990593739894654e+44
3387,2.611452268669757e+44
3388,2.623902570985303e+44
3389,2.6364105383232247e+44
3390,2.6489764291824278e+44
3391,2.661600503177129e+44
3392,2.674283021043148e+44
3393,2.6870242446414595e+44
3394,2.6998244369630118e+44
3395,2.7126838621332123e+44
3396,2.725602785417701e+44
3397,2.7385814732253518e+44
3398,2.751620193114158e+44
3399,2.7647192137956153e+44
3400,2.7778788051393116e+44
3401,2.7910992381787498e+44
3402,2.804380785114451e+44
3403,2.817723719319916e+44
3404,2.8311283153462393e+44
3405,2.8445948489271126e+44
3406,2.8581235969826522e+44
3407,2.8717148376259646e+44
3408,2.88536885016696e+44
3409,2.8990859151174942e+44
3410,2.9128663141967352e+44
3411,2.9267103303347244e+44
3412,2.9406182476793674e+44
3413,2.9545903516001437e+44
3414,2.968626928693444e+44
3415,2.9827282667873638e+44
3416,2.9968946549478504e+44
3417,3.0111263834821258e+44
3418,3.0254237439448633e+44
3419,3.039787029143117e+44
3420,3.054216533141106e+44
3421,3.0687125512666716e+44
3422,3.08327538011442e+44
3423,3.09790531755242e+44
3424,3.1126026627269543e+44
3425,3.127367716068175e+44
3426,3.142200779293956e+44
3427,3.1571021554172104e+44
3428,3.172072148749965e+44
3429,3.1871110649088632e+44
3430,3.202219210820913e+44
3431,3.217396894727535e+44
3432,3.232644426191925e+44
3433,3.247962116103156e+44
3434,3.263350276682e+44
3435,3.2788092214858347e+44
3436,3.2943392654156897e+44
3437,3.3099407247196818e+44
3438,3.3256139169997174e+44
3439,3.3413591612168246e+44
3440,3.3571767776967553e+44
3441,3.3730670881351302e+44
3442,3.3890304156044007e+44
3443,3.40506708455752e+44
3444,3.421177420834797e+44
3445,3.4373617516694285e+44
3446,3.453620405693337e+44
3447,3.4699537129415977e+44
3448,3.486362004860233e+44
3449,3.502845614310574e+44
3450,3.519404875575424e+44
3451,3.536040124365188e+44
3452,3.552751697822109e+44
3453,3.56953993452863e+44
3454,3.5864051745114126e+44
3455,3.603347759247882e+44
3456,3.620368031671656e+44
3457,3.637466336179951e+44
3458,3.6546430186373075e+44
3459,3.671898426383107e+44
3460,3.6892329082371765e+44
3461,3.706646814505362e+44
3462,3.724140496987343e+44
3463,3.7417143089800834e+44
3464,3.759368605285757e+44
3465,3.777103742217221e+44
3466,3.794920077604755e+44
3467,3.8128179708005055e+44
3468,3.830797782687232e+44
3469,3.848859875682759e+44
3470,3.86700461374665e+44
3471,3.885232362387022e+44
3472,3.903543488664905e+44
3473,3.921938361203309e+44
3474,3.940417350191752e+44
3475,3.958980827393102e+44
3476,3.977629166149463e+44
3477,3.9963627413903316e+44
3478,4.0151819296365124e+44
3479,4.034087109008193e+44
3480,4.053078659231037e+44
3481,4.072156961642283e+44
3482,4.0913223991990824e+44
3483,4.110575356482156e+44
3484,4.1299162197045075e+44
3485,4.149345376717347e+44
3486,4.168863217017152e+44
3487,4.188470131750699e+44
3488,4.2081665137243395e+44
3489,4.227952757408914e+44
3490,4.247829258946923e+44
3491,4.267796416159801e+44
3492,4.287854628552809e+44
3493,4.308004297324649e+44
3494,4.328245825372386e+44
3495,4.348579617298926e+44
3496,4.369006079419152e+44
3497,4.389525619769187e+44
3498,4.4101386481099365e+44
3499,4.430845575936435e+44
3500,4.4516468164840556e+44
3501,4.472542784735252e+44
3502,4.493533897428412e+44
3503,4.514620573062043e+44
3504,4.5358032319039274e+44
3505,4.557082295997497e+44
3506,4.578458189169957e+44
3507,4.599931337036934e+44
3508,4.621502167013042e+44
3509,4.643171108316998e+44
3510,4.664938591979467e+44
3511,4.686805050850768e+44
3512,4.708770919606149e+44
3513,4.730836634756312e+44
3514,4.7530026346526495e+44
3515,4.775269359495169e+44
3516,4.7976372513395524e+44
3517,4.820106754106392e+44
3518,4.842678313585868e+44
3519,4.865352377447226e+44
3520,4.8881293952457366e+44
3521,4.9110098184297666e+44
3522,4.933994100350765e+44
3523,4.9570826962671646e+44
3524,4.980276063354736e+44
3525,5.003574660713522e+44
3526,5.0269789493758546e+44
3527,5.050489392312332e+44
3528,5.07410645444268e+44
3529,5.097830602641299e+44
3530,5.121662305745862e+44
3531,5.145602034565562e+44
3532,5.169650261886684e+44
3533,5.1938074624842256e+44
3534,5.218074113127366e+44
3535,5.242450692588006e+44
3536,5.266937681648393e+44
3537,5.291535563111106e+44
3538,5.316244821804199e+44
3539,5.3410659445911334e+44
3540,5.365999420378605e+44
3541,5.391045740124078e+44
3542,5.41620539684625e+44
3543,5.441478885629947e+44
3544,5.466866703636415e+44
3545,5.492369350111308e+44
3546,5.517987326393733e+44
3547,5.543721135921596e+44
3548,5.569571284244347e+44
3549,5.595538279028391e+44
3550,5.621622630066491e+44
3551,5.6478248492867926e+44
3552,5.6741454507587526e+44
3553,5.700584950705609e+44
3554,5.727143867510152e+44
3555,5.75382272172431e+44
3556,5.780622036076887e+44
3557,5.807542335485084e+44
3558,5.834584147058919e+44
3559,5.861748000113012e+44
3560,5.889034426174352e+44
3561,5.916443958990733e+44
3562,5.943977134541967e+44
3563,5.971634491044938e+44
3564,5.999416568965115e+44
3565,6.027323911024916e+44
3566,6.055357062212537e+44
3567,6.083516569791708e+44
3568,6.11180298330798e+44
3569,6.140216854601906e+44
3570,6.168758737815485e+44
3571,6.19742918940186e+44
3572,6.2262287681353406e+44
3573,6.255158035117475e+44
3574,6.28421755379108e+44
3575,6.313407889946205e+44
3576,6.342729611730212e+44
3577,6.372183289656727e+44
3578,6.401769496617453e+44
3579,6.431488807887751e+44
3580,6.461341801138603e+44
3581,6.491329056445352e+44
3582,6.52145115629686e+44
3583,6.551708685607605e+44
3584,6.582102231723172e+44
3585,6.612632384432553e+44
3586,6.64329973597725e+44
3587,6.674104881061796e+44
3588,6.705048416860253e+44
3589,6.736130943030661e+44
3590,6.767353061721702e+44
3591,6.79871537758356e+44
3592,6.8302184977782995e+44
3593,6.8618630319869086e+44
3594,6.8936495924236315e+44
3595,6.925578793843042e+44
3596,6.957651253550985e+44
3597,6.98986759141361e+44
3598,7.0222284298706226e+44
3599,7.05473439394094e+44
3600,7.087386111235746e+44
3601,7.120184211968196e+44
3602,7.153129328962563e+44
3603,7.18622209766801e+44
3604,7.219463156164029e+44
3605,7.25285314517382e+44
3606,7.28639270807414e+44
3607,7.320082490906621e+44
3608,7.353923142384748e+44
3609,7.38791531390929e+44
3610,7.422059659575887e+44
3611,7.456356836186108e+44
3612,7.490807503259306e+44
3613,7.525412323039473e+44
3614,7.560171960511493e+44
3615,7.595087083408151e+44
3616,7.630158362222011e+44
3617,7.665386470215328e+44
3618,7.700772083434168e+44
3619,7.736315880714567e+44
3620,7.772018543696659e+44
3621,7.80788075683488e+44
3622,7.843903207407911e+44
3623,7.880086585533755e+44
3624,7.916431584175126e+44
3625,7.952938899154361e+44
3626,7.989609229163787e+44
3627,8.026443275777523e+44
3628,8.063441743459746e+44
3629,8.10060533958072e+44
3630,8.13793477442524e+44
3631,8.17543076120443e+44
3632,8.213094016068366e+44
3633,8.250925258113914e+44
3634,8.28892520940153e+44
3635,8.327094594963567e+44
3636,8.365434142816357e+44
3637,8.403944583971364e+44
3638,8.44262665245038e+44
3639,8.481481085291568e+44
3640,8.520508622565336e+44
3641,8.559710007384953e+44
3642,8.599085985917707e+44
3643,8.63863730740029e+44
3644,8.678364724145341e+44
3645,8.718268991557266e+44
3646,8.758350868143122e+44
3647,8.798611115526006e+44
3648,8.839050498452906e+44
3649,8.879669784813152e+44
3650,8.9204697456462e+44
3651,8.961451155155725e+44
3652,9.00261479072204e+44
3653,9.043961432910874e+44
3654,9.085491865492126e+44
3655,9.127206875447501e+44
3656,9.169107252984812e+44
3657,9.211193791548987e+44
3658,9.253467287838896e+44
3659,9.295928541814092e+44
3660,9.338578356711167e+44
3661,9.381417539055705e+44
3662,9.42444689867422e+44
3663,9.467667248710514e+44
3664,9.511079405632878e+44
3665,9.554684189251164e+44
3666,9.598482422728278e+44
3667,9.642474932594599e+44
3668,9.686662548756686e+44
3669,9.731046104516612e+44
3670,9.775626436581399e+44
3671,9.820404385076441e+44
3672,9.86538079356074e+44
3673,9.910556509034948e+44
3674,9.955932381962158e+44
3675,1.000150926627605e+45
3676,1.0047288019396215e+45
3677,1.0093269502239981e+45
3678,1.0139454579240492e+45
3679,1.0185844118354101e+45
3680,1.0232438991077648e+45
3681,1.0279240072461872e+45
3682,1.0326248241123172e+45
3683,1.0373464379262702e+45
3684,1.0420889372672883e+45
3685,1.0468524110756059e+45
3686,1.0516369486537396e+45
3687,1.0564426396679429e+45
3688,1.0612695741492328e+45
3689,1.0661178424954509e+45
3690,1.070987535472171e+45
3691,1.0758787442143296e+45
3692,1.0807915602275688e+45
3693,1.0857260753898131e+45
3694,1.0906823819522363e+45
3695,1.0956605725414135e+45
3696,1.1006607401602498e+45
3697,1.1056829781896106e+45
3698,1.1107273803896344e+45
3699,1.1157940409016249e+45
3700,1.1208830542488717e+45
3701,1.1259945153385845e+45
3702,1.131128519463171e+45
3703,1.1362851623017204e+45
3704,1.1414645399218743e+45
3705,1.1466667487806321e+45
3706,1.151891885726349e+45
3707,1.1571400480001e+45
3708,1.1624113332372893e+45
3709,1.1677058394686865e+45
3710,1.173023665122716e+45
3711,1.1783649090264635e+45
3712,1.1837296704073116e+45
3713,1.1891180488946187e+45
3714,1.1945301445207683e+45
3715,1.199966057723445e+45
3716,1.205425889346684e+45
3717,1.2109097406426091e+45
3718,1.216417713272795e+45
3719,1.2219499093103681e+45
3720,1.2275064312408459e+45
3721,1.2330873819641916e+45
3722,1.2386928647962847e+45
3723,1.244322983470388e+45
3724,1.2499778421392677e+45
3725,1.2556575453759793e+45
3726,1.261362198176055e+45
3727,1.2670919059589269e+45
3728,1.272846774569748e+45
3729,1.278626910280405e+45
3730,1.2844324197920025e+45
3731,1.2902634102359752e+45
3732,1.2961199891758154e+45
3733,1.3020022646089378e+45
3734,1.3079103449676388e+45
3735,1.3138443391217703e+45
3736,1.3198043563797185e+45
3737,1.3257905064902664e+45
3738,1.331802899644138e+45
3739,1.3378416464761968e+45
3740,1.3439068580663428e+45
3741,1.3499986459417733e+45
3742,1.3561171220785071e+45
3743,1.3622623989029488e+45
3744,1.3684345892942494e+45
3745,1.3746338065850331e+45
3746,1.3808601645638642e+45
3747,1.387113777476655e+45
3748,1.3933947600287627e+45
3749,1.3997032273859069e+45
3750,1.4060392951770024e+45
3751,1.4124030794952255e+45
3752,1.4187946968999654e+45
3753,1.4252142644187122e+45
3754,1.4316618995482284e+45
3755,1.4381377202573026e+45
3756,1.4446418449878684e+45
3757,1.4511743926569156e+45
3758,1.4577354826582894e+45
3759,1.464325234864934e+45
3760,1.470943769629888e+45
3761,1.4775912077887114e+45
3762,1.4842676706611365e+45
3763,1.4909732800527056e+45
3764,1.49770815825736e+45
3765,1.5044724280582248e+45
3766,1.5112662127301138e+45
3767,1.518089636041294e+45
3768,1.5249428222554604e+45
3769,1.5318258961329347e+45
3770,1.538738982933568e+45
3771,1.545682208418003e+45
3772,1.5526556988496207e+45
3773,1.5596595809967352e+45
3774,1.5666939821336987e+45
3775,1.573759030043942e+45
3776,1.5808548530211295e+45
3777,1.5879815798713517e+45
3778,1.5951393399147317e+45
3779,1.6023282629882134e+45
3780,1.6095484794463813e+45
3781,1.616800120164139e+45
3782,1.6240833165384827e+45
3783,1.631398200490243e+45
3784,1.638744904466916e+45
3785,1.6461235614434068e+45
3786,1.6535343049247933e+45
3787,1.660977268948184e+45
3788,1.668452588084844e+45
3789,1.675960397441522e+45
3790,1.683500832663473e+45
3791,1.6910740299358924e+45
3792,1.698680125985983e+45
3793,1.706319258085284e+45
3794,1.7139915640508758e+45
3795,1.7216971822486162e+45
3796,1.729436251594484e+45
3797,1.7372089115567225e+45
3798,1.7450153021577806e+45
3799,1.7528555639771763e+45
3800,1.760729838152404e+45
3801,1.768638266381813e+45
3802,1.776580990926493e+45
3803,1.7845581546122343e+45
3804,1.7925699008323335e+45
3805,1.8006163735486448e+45
3806,1.8086977172944227e+45
3807,1.8168140771763435e+45
3808,1.824965598876726e+45
3809,1.833152428655012e+45
3810,1.8413747133510482e+45
3811,1.8496326003864856e+45
3812,1.8579262377671034e+45
3813,1.8662557740850923e+45
3814,1.8746213585213664e+45
3815,1.8830231408469477e+45
3816,1.8914612714264395e+45
3817,1.89993590121939e+45
3818,1.908447181782754e+45
3819,1.916995265272837e+45
3820,1.9255803044484338e+45
3821,1.9342024526718134e+45
3822,1.9428618639117806e+45
3823,1.9515586927457436e+45
3824,1.9602930943617615e+45
3825,1.9690652245616686e+45
3826,1.9778752397620943e+45
3827,1.986723296997542e+45
3828,1.9956095539226136e+45
3829,2.004534168814415e+45
3830,2.0134973005739825e+45
3831,2.0224991087300014e+45
3832,2.031539753440268e+45
3833,2.0406193954940884e+45
3834,2.0497381963150942e+45
3835,2.058896317962484e+45
3836,2.0680939231348115e+45
3837,2.077331175171543e+45
3838,2.0866082380555244e+45
3839,2.0959252764151708e+45
3840,2.105282455527846e+45
3841,2.1146799413208597e+45
3842,2.1241179003747677e+45
3843,2.133596499925559e+45
3844,2.1431159078669066e+45
3845,2.1526762927535284e+45
3846,2.1622778238021142e+45
3847,2.171920670894845e+45
3848,2.1816050045816747e+45
3849,2.1913309960828123e+45
3850,2.2010988172904787e+45
3851,2.2109086407726437e+45
3852,2.220760639774691e+45
3853,2.2306549882221346e+45
3854,2.2405918607233537e+45
3855,2.2505714325711263e+45
3856,2.260593879746638e+45
3857,2.2706593789210906e+45
3858,2.2807681074584053e+45
3859,2.290920243417601e+45
3860,2.3011159655563153e+45
3861,2.3113554533319187e+45
3862,2.3216388869050652e+45
3863,2.3319664471420287e+45
3864,2.3423383156170454e+45
3865,2.3527546746160015e+45
3866,2.363215707137445e+45
3867,2.373721596896288e+45
3868,2.3842725283260965e+45
3869,2.3948686865821906e+45
3870,2.405510257542973e+45
3871,2.4161974278144128e+45
3872,2.42693038473155e+45
3873,2.437709316361393e+45
3874,2.448534411506053e+45
3875,2.4594058597041728e+45
3876,2.4703238512353106e+45
3877,2.4812885771216865e+45
3878,2.4923002291309952e+45
3879,2.5033589997790537e+45
3880,2.5144650823334857e+45
3881,2.5256186708149252e+45
3882,2.536819960000817e+45
3883,2.5480691454279898e+45
3884,2.5593664233951023e+45
3885,2.5707119909665232e+45
3886,2.582106045973544e+45
3887,2.5935487870182597e+45
3888,2.6050404134760605e+45
3889,2.6165811254989435e+45
3890,2.6281711240167665e+45
3891,2.639810610742404e+45
3892,2.6514997881730382e+45
3893,2.6632388595934378e+45
3894,2.6750280290790624e+45
3895,2.6868675014980367e+45
3896,2.698757482515382e+45
3897,2.7106981785951513e+45
3898,2.722689797003386e+45
3899,2.7347325458108148e+45
3900,2.746826633897069e+45
3901,2.7589722709516465e+45
3902,2.7711696674782803e+45
3903,2.78341903479749e+45
3904,2.7957205850491618e+45
3905,2.808074531197025e+45
3906,2.8204810870294585e+45
3907,2.832940467164022e+45
3908,2.845452887050118e+45
3909,2.858018562972085e+45
3910,2.8706377120512483e+45
3911,2.8833105522508e+45
3912,2.896037302377494e+45
3913,2.908818182085123e+45
3914,2.921653411877856e+45
3915,2.934543213112089e+45
3916,2.947487808001442e+45
3917,2.9604874196186054e+45
3918,2.9735422718986816e+45
3919,2.98665258964221e+45
3920,2.99981859851936e+45
3921,3.013040525071211e+45
3922,3.026318596714365e+45
3923,3.0396530417435134e+45
3924,3.0530440893345433e+45
3925,3.066491969548884e+45
3926,3.0799969133348544e+45
3927,3.0935591525320195e+45
3928,3.107178919874279e+45
3929,3.120856448993404e+45
3930,3.134591974420677e+45
3931,3.148385731592615e+45
3932,3.162237956852542e+45
3933,3.176148887454238e+45
3934,3.190118761565786e+45
3935,3.204147818271261e+45
3936,3.218236297576177e+45
3937,3.2323844404095724e+45
3938,3.2465924886274327e+45
3939,3.2608606850162467e+45
3940,3.2751892732958334e+45
3941,3.289578498124331e+45
3942,3.30402860509928e+45
3943,3.3185398407624244e+45
3944,3.333112452602935e+45
3945,3.3477466890602095e+45
3946,3.362442799528933e+45
3947,3.377201034360316e+45
3948,3.392021644866808e+45
3949,3.4069048833255335e+45
3950,3.421851002981636e+45
3951,3.436860258050824e+45
3952,3.451932903724686e+45
3953,3.467069196172856e+45
3954,3.482269392546913e+45
3955,3.497533750984256e+45
3956,3.512862530610043e+45
3957,3.5282559915432414e+45
3958,3.543714394898327e+45
3959,3.559238002789648e+45
3960,3.57482707833421e+45
3961,3.5904818856571364e+45
3962,3.606202689892728e+45
3963,3.621989757189787e+45
3964,3.637843354714806e+45
3965,3.653763750655169e+45
3966,3.669751214224426e+45
3967,3.685806015663631e+45
3968,3.701928426246485e+45
3969,3.718118718282796e+45
3970,3.7343771651223565e+45
3971,3.750704041157331e+45
3972,3.767099621828116e+45
3973,3.7835641836256363e+45
3974,3.8000980040955186e+45
3975,3.8167013618421145e+45
3976,3.833374536530761e+45
3977,3.8501178088940464e+45
3978,3.8669314607337697e+45
3979,3.8838157749255033e+45
3980,3.9007710354216445e+45
3981,3.917797527257133e+45
3982,3.9348955365507885e+45
3983,3.952065350510739e+45
3984,3.969307257438001e+45
3985,3.9866215467297464e+45
3986,4.0040085088852e+45
3987,4.021468435506815e+45
3988,4.039001619305779e+45
3989,4.056608354105763e+45
3990,4.0742889348472555e+45
3991,4.092043657589672e+45
3992,4.109872819517996e+45
3993,4.127776718945118e+45
3994,4.1457556553161645e+45
3995,4.1638099292129844e+45
3996,4.181939842356368e+45
3997,4.2001456976128614e+45
3998,4.218427798996968e+45
3999,4.236786451675645e+45
4000,4.255221961971943e+45
4001,4.273734637370952e+45
4002,4.292324786521126e+45
4003,4.3109927192403035e+45
4004,4.329738746519293e+45
4005,4.348563180525572e+45
4006,4.3674663346094124e+45
4007,4.3864485233051207e+45
4008,4.405510062337181e+45
4009,4.424651268623982e+45
4010,4.4438724602823786e+45
4011,4.463173956630263e+45
4012,4.482556078193351e+45
4013,4.50201914670789e+45
4014,4.521563485125067e+45
4015,4.541189417616095e+45
4016,4.56089726957414e+45
4017,4.580687367622002e+45
4018,4.6005600396142954e+45
4019,4.62051561464219e+45
4020,4.640554423037378e+45
4021,4.660676796378408e+45
4022,4.6808830674920677e+45
4023,4.701173570459766e+45
4024,4.7215486406214807e+45
4025,4.742008614579683e+45
4026,4.762553830205575e+45
4027,4.783184626640899e+45
4028,4.8039013443040977e+45
4029,4.824704324894415e+45
4030,4.845593911396957e+45
4031,4.8665704480849555e+45
4032,4.8876342805276186e+45
4033,4.9087857555924455e+45
4034,4.9300252214502685e+45
4035,4.9513530275805473e+45
4036,4.9727695247735534e+45
4037,4.994275065138413e+45
4038,5.015870002105357e+45
4039,5.0375546904311185e+45
4040,5.059329486202717e+45
4041,5.0811947468445454e+45
4042,5.103150831119903e+45
4043,5.1251980991372626e+45
4044,5.1473369123551024e+45
4045,5.1695676335856294e+45
4046,5.191890627001926e+45
4047,5.214306258139286e+45
4048,5.2368148939022325e+45
4049,5.259416902568632e+45
4050,5.282112653795221e+45
4051,5.3049025186200055e+45
4052,5.327786869470543e+45
4053,5.3507660801664015e+45
4054,5.373840525924867e+45
4055,5.397010583366022e+45
4056,5.4202766305153934e+45
4057,5.4436390468125677e+45
4058,5.4670982131136487e+45
4059,5.4906545116965646e+45
4060,5.514308326265574e+45
4061,5.5380600419587435e+45
4062,5.5619100453492276e+45
4063,5.585858724452501e+45
4064,5.6099064687308404e+45
4065,5.6340536690986196e+45
4066,5.6583007179263577e+45
4067,5.6826480090483166e+45
4068,5.7070959377641365e+45
4069,5.731644900845929e+45
4070,5.756295296543216e+45
4071,5.781047524588446e+45
4072,5.805901986199439e+45
4073,5.830859084088787e+45
4074,5.855919222466013e+45
4075,5.881082807043682e+45
4076,5.906350245043135e+45
4077,5.931721945197076e+45
4078,5.957198317758732e+45
4079,5.98277977450453e+45
4080,6.008466728740048e+45
4081,6.034259595304473e+45
4082,6.06015879057867e+45
4083,6.08616473248649e+45
4084,6.112277840502693e+45
4085,6.138498535657714e+45
4086,6.164827240542408e+45
4087,6.191264379315902e+45
4088,6.217810377707046e+45
4089,6.24446566302274e+45
4090,6.271230664152195e+45
4091,6.298105811573748e+45
4092,6.325091537356773e+45
4093,6.352188275172028e+45
4094,6.37939646029392e+45
4095,6.406716529606864e+45
4096,6.43414892161163e+45
4097,6.461694076427733e+45
4098,6.489352435803659e+45
4099,6.517124443119269e+45
4100,6.54501054339244e+45
4101,6.57301118328346e+45
4102,6.601126811104176e+45
4103,6.629357876818785e+45
4104,6.657704832052613e+45
4105,6.686168130097218e+45
4106,6.714748225915003e+45
4107,6.743445576148289e+45
4108,6.772260639120224e+45
4109,6.801193874843875e+45
4110,6.83024574502688e+45
4111,6.859416713078499e+45
4112,6.88870724411178e+45
4113,6.918117804954362e+45
4114,6.947648864151248e+45
4115,6.977300891971327e+45
4116,7.007074360413959e+45
4117,7.036969743211968e+45
4118,7.06698751584209e+45
4119,7.097128155527896e+45
4120,7.12739214124632e+45
4121,7.157779953733154e+45
4122,7.1882920754919e+45
4123,7.218928990795169e+45
4124,7.249691185693959e+45
4125,7.280579148022776e+45
4126,7.311593367404912e+45
4127,7.342734335261818e+45
4128,7.374002544814334e+45
4129,7.405398491091964e+45
4130,7.436922670938326e+45
4131,7.468575583018125e+45
4132,7.500357727819914e+45
4133,7.532269607667369e+45
4134,7.564311726722156e+45
4135,7.596484590990946e+45
4136,7.628788708332617e+45
4137,7.661224588460898e+45
4138,7.693792742956212e+45
4139,7.726493685268089e+45
4140,7.759327930722759e+45
4141,7.79229599652818e+45
4142,7.825398401784176e+45
4143,7.858635667483889e+45
4144,7.892008316522922e+45
4145,7.92551687370562e+45
4146,7.959161865750214e+45
4147,7.992943821298769e+45
4148,8.02686327091899e+45
4149,8.06092074711334e+45
4150,8.095116784325407e+45
4151,8.129451918947033e+45
4152,8.163926689321307e+45
4153,8.198541635754674e+45
4154,8.233297300519602e+45
4155,8.268194227862588e+45
4156,8.303232964011504e+45
4157,8.338414057178334e+45
4158,8.37373805757169e+45
4159,8.40920551739991e+45
4160,8.444816990878316e+45
4161,8.480573034235415e+45
4162,8.51647420572306e+45
4163,8.552521065617921e+45
4164,8.588714176232025e+45
4165,8.625054101918288e+45
4166,8.661541409076764e+45
4167,8.698176666165395e+45
4168,8.734960443700522e+45
4169,8.77189331426869e+45
4170,8.808975852531582e+45
4171,8.846208635234624e+45
4172,8.883592241209578e+45
4173,8.921127251387956e+45
4174,8.958814248803468e+45
4175,8.996653818600461e+45
4176,9.034646548042107e+45
4177,9.072793026512835e+45
4178,9.111093845532286e+45
4179,9.149549598757474e+45
4180,9.188160881991993e+45
4181,9.226928293191268e+45
4182,9.265852432474163e+45
4183,9.304933902124078e+45
4184,9.344173306600336e+45
4185,9.383571252544204e+45
4186,9.423128348785249e+45
4187,9.462845206352782e+45
4188,9.502722438476933e+45
4189,9.542760660599987e+45
4190,9.582960490382931e+45
4191,9.623322547712805e+45
4192,9.663847454711062e+45
4193,9.704535835736622e+45
4194,9.745388317399897e+45
4195,9.786405528566227e+45
4196,9.82758810036375e+45
4197,9.868936666192622e+45
4198,9.910451861727925e+45
4199,9.952134324933724e+45
4200,9.993984696066571e+45
4201,1.0036003617683881e+46
4202,1.0078191734650418e+46
4203,1.0120549694150615e+46
4204,1.0163078145689684e+46
4205,1.0205777741105128e+46
4206,1.0248649134574027e+46
4207,1.029169298261948e+46
4208,1.0334909944122414e+46
4209,1.037830068032318e+46
4210,1.0421865854833616e+46
4211,1.046560613364373e+46
4212,1.0509522185130829e+46
4213,1.0553614680062478e+46
4214,1.0597884291611615e+46
4215,1.0642331695359887e+46
4216,1.0686957569306546e+46
4217,1.0731762593877654e+46
4218,1.0776747451929422e+46
4219,1.0821912828762969e+46
4220,1.0867259412128338e+46
4221,1.0912787892233079e+46
4222,1.0958498961749357e+46
4223,1.1004393315827041e+46
4224,1.1050471652094147e+46
4225,1.1096734670670337e+46
4226,1.1143183074173687e+46
4227,1.1189817567727568e+46
4228,1.1236638858973622e+46
4229,1.1283647658073331e+46
4230,1.1330844677720326e+46
4231,1.1378230633148158e+46
4232,1.1425806242139506e+46
4233,1.1473572225029343e+46
4234,1.152152930472152e+46
4235,1.1569678206691215e+46
4236,1.1618019658995717e+46
4237,1.1666554392282632e+46
4238,1.1715283139794994e+46
4239,1.1764206637386117e+46
4240,1.1813325623523394e+46
4241,1.1862640839298411e+46
4242,1.1912153028433738e+46
4243,1.196186293729716e+46
4244,1.2011771314901953e+46
4245,1.2061878912921373e+46
4246,1.211218648569562e+46
4247,1.216269479023911e+46
4248,1.2213404586254903e+46
4249,1.2264316636134984e+46
4250,1.2315431704974877e+46
4251,1.236675056058058e+46
4252,1.241827397347924e+46
4253,1.2470002716922203e+46
4254,1.2521937566901868e+46
4255,1.2574079302155905e+46
4256,1.2626428704176722e+46
4257,1.2678986557222222e+46
4258,1.2731753648319046e+46
4259,1.278473076728021e+46
4260,1.2837918706707931e+46
4261,1.289131826200474e+46
4262,1.2944930231380904e+46
4263,1.2998755415869024e+46
4264,1.3052794619324848e+46
4265,1.3107048648441838e+46
4266,1.3161518312759516e+46
4267,1.3216204424670345e+46
4268,1.3271107799435804e+46
4269,1.3326229255185698e+46
4270,1.3381569612934685e+46
4271,1.3437129696588597e+46
4272,1.3492910332956667e+46
4273,1.3548912351753792e+46
4274,1.3605136585619793e+46
4275,1.3661583870122235e+46
4276,1.3718255043767752e+46
4277,1.3775150948012376e+46
4278,1.383227242726617e+46
4279,1.3889620328910527e+46
4280,1.3947195503302465e+46
4281,1.400499880378571e+46
4282,1.406303108669809e+46
4283,1.41212932113882e+46
4284,1.4179786040215414e+46
4285,1.4238510438565416e+46
4286,1.4297467274858957e+46
4287,1.4356657420559823e+46
4288,1.441608175019035e+46
4289,1.4475741141332834e+46
4290,1.4535636474644813e+46
4291,1.4595768633867692e+46
4292,1.4656138505837746e+46
4293,1.4716746980490873e+46
4294,1.4777594950880428e+46
4295,1.4838683313181945e+46
4296,1.490001296670451e+46
4297,1.4961584813902204e+46
4298,1.5023399760377725e+46
4299,1.5085458714902445e+46
4300,1.5147762589419393e+46
4301,1.5210312299055912e+46
4302,1.5273108762131325e+46
4303,1.5336152900174513e+46
4304,1.5399445637923163e+46
4305,1.5462987903341884e+46
4306,1.5526780627629777e+46
4307,1.5590824745229898e+46
4308,1.5655121193845431e+46
4309,1.571967091444072e+46
4310,1.5784474851257942e+46
4311,1.5849533951826392e+46
4312,1.5914849166973684e+46
4313,1.5980421450830258e+46
4314,1.6046251760849805e+46
4315,1.6112341057812957e+46
4316,1.6178690305839804e+46
4317,1.6245300472399946e+46
4318,1.631217252832559e+46
4319,1.6379307447814253e+46
4320,1.6446706208451106e+46
4321,1.651436979121178e+46
4322,1.658229918047524e+46
4323,1.665049536403272e+46
4324,1.6718959333105755e+46
4325,1.678769208234582e+46
4326,1.6856694609852828e+46
4327,1.6925967917184657e+46
4328,1.6995513009364944e+46
4329,1.7065330894902584e+46
4330,1.7135422585790783e+46
4331,1.7205789097526662e+46
4332,1.7276431449118748e+46
4333,1.734735066310159e+46
4334,1.741854776553789e+46
4335,1.7490023786042464e+46
4336,1.7561779757784246e+46
4337,1.7633816717500982e+46
4338,1.7706135705510574e+46
4339,1.7778737765716638e+46
4340,1.7851623945629297e+46
4341,1.7924795296370623e+46
4342,1.799825287268731e+46
4343,1.8071997732958876e+46
4344,1.8146030939218854e+46
4345,1.8220353557153215e+46
4346,1.829496665611992e+46
4347,1.83698713091588e+46
4348,1.8445068593000894e+46
4349,1.8520559588087578e+46
4350,1.8596345378571235e+46
4351,1.8672427052333817e+46
4352,1.8748805700996652e+46
4353,1.882548241993515e+46
4354,1.8902458308281087e+46
4355,1.897973446894735e+46
4356,1.9057312008631543e+46
4357,1.9135192037829605e+46
4358,1.9213375670849528e+46
4359,1.929186402581585e+46
4360,1.937065822469303e+46
4361,1.9449759393289515e+46
4362,1.9529168661271887e+46
4363,1.9608887162174503e+46
4364,1.9688916033420408e+46
4365,1.9769256416320437e+46
4366,1.984990945609359e+46
4367,1.9930876301877109e+46
4368,2.001215810673771e+46
4369,2.0093756027690145e+46
4370,2.0175671225698496e+46
4371,2.0257904865696154e+46
4372,2.0340458116596074e+46
4373,2.0423332151305618e+46
4374,2.0506528146729681e+46
4375,2.059004728379679e+46
4376,2.0673890747462226e+46
4377,2.0758059726723073e+46
4378,2.0842555414633186e+46
4379,2.0927379008305833e+46
4380,2.1012531708940737e+46
4381,2.109801472182746e+46
4382,2.1183829256359662e+46
4383,2.1269976526046247e+46
4384,2.13564577485331e+46
4385,2.1443274145601997e+46
4386,2.1530426943191818e+46
4387,2.1617917371410925e+46
4388,2.170574666454521e+46
4389,2.179391606108266e+46
4390,2.1882426803710478e+46
4391,2.197128013933887e+46
4392,2.2060477319110114e+46
4393,2.2150019598415526e+46
4394,2.2239908236897477e+46
4395,2.2330144498478327e+46
4396,2.2420729651362452e+46
4397,2.251166496805357e+46
4398,2.2602951725368234e+46
4399,2.2694591204441102e+46
4400,2.278658469075228e+46
4401,2.287893347413019e+46
4402,2.297163884876862e+46
4403,2.3064702113236113e+46
4404,2.315812457050038e+46
4405,2.3251907527927264e+46
4406,2.3346052297302104e+46
4407,2.3440560194843277e+46
4408,2.3535432541211325e+46
4409,2.363067066153332e+46
4410,2.372627588540191e+46
4411,2.382224954689781e+46
4412,2.3918592984602243e+46
4413,2.4015307541612246e+46
4414,2.4112394565544865e+46
4415,2.42098554085656e+46
4416,2.4307691427392667e+46
4417,2.440590398331369e+46
4418,2.4504494442200724e+46
4419,2.4603464174515323e+46
4420,2.4702814555337634e+46
4421,2.48025469643696e+46
4422,2.490266278595236e+46
4423,2.500316340907665e+46
4424,2.5104050227408804e+46
4425,2.52053246392881e+46
4426,2.530698804775152e+46
4427,2.54090418605463e+46
4428,2.551148749013983e+46
4429,2.561432635374671e+46
4430,2.5717559873325424e+46
4431,2.5821189475604144e+46
4432,2.592521659209212e+46
4433,2.602964265909779e+46
4434,2.6134469117730627e+46
4435,2.623969741393365e+46
4436,2.634532899848653e+46
4437,2.6451365327022634e+46
4438,2.6557807860043873e+46
4439,2.6664658062939164e+46
4440,2.6771917405985e+46
4441,2.687958736438056e+46
4442,2.69876694182501e+46
4443,2.7096165052658635e+46
4444,2.720507575762702e+46
4445,2.7314403028156233e+46
4446,2.74241483642254e+46
4447,2.7534313270819473e+46
4448,2.764489925793951e+46
4449,2.7755907840616506e+46
4450,2.7867340538937004e+46
4451,2.7979198878041774e+46
4452,2.8091484388151326e+46
4453,2.8204198604579603e+46
4454,2.8317343067751257e+46
4455,2.8430919323205035e+46
4456,2.8544928921627584e+46
4457,2.865937341885693e+46
4458,2.877425437589995e+46
4459,2.888957335895171e+46
4460,2.9005331939398963e+46
4461,2.9121531693852626e+46
4462,2.923817420415229e+46
4463,2.935526105738501e+46
4464,2.9472793845897105e+46
4465,2.9590774167323125e+46
4466,2.9709203624581917e+46
4467,2.982808382590539e+46
4468,2.994741638485098e+46
4469,3.0067202920314943e+46
4470,3.0187445056560406e+46
4471,3.0308144423213786e+46
4472,3.0429302655295046e+46
4473,3.0550921393228275e+46
4474,3.0673002282862914e+46
4475,3.079554697547571e+46
4476,3.0918557127806974e+46
4477,3.104203440206378e+46
4478,3.116598046593804e+46
4479,3.1290396992628997e+46
4480,3.141528566084239e+46
4481,3.154064815482985e+46
4482,3.1666486164390784e+46
4483,3.179280138489218e+46
4484,3.1919595517281274e+46
4485,3.20468702681165e+46
4486,3.2174627349562757e+46
4487,3.2302868479422446e+46
4488,3.2431595381147355e+46
4489,3.2560809783853736e+46
4490,3.269051342235095e+46
4491,3.2820708037138634e+46
4492,3.295139537443727e+46
4493,3.3082577186200956e+46
4494,3.3214255230138324e+46
4495,3.334643126971466e+46
4496,3.3479107074190553e+46
4497,3.36122844186253e+46
4498,3.3745965083896263e+46
4499,3.388015085672079e+46
4500,3.401484352965723e+46
4501,3.415004490114537e+46
4502,3.4285756775508695e+46
4503,3.442198096297539e+46
4504,3.455871927969045e+46
4505,3.469597354775024e+46
4506,3.4833745595196156e+46
4507,3.4972037256046794e+46
4508,3.511085037031193e+46
4509,3.525018678400699e+46
4510,3.5390048349185094e+46
4511,3.5530436923930535e+46
4512,3.5671354372394177e+46
4513,3.5812802564806276e+46
4514,3.595478337749708e+46
4515,3.609729869289967e+46
4516,3.624035039959236e+46
4517,3.6383940392298426e+46
4518,3.652807057191062e+46
4519,3.667274284551093e+46
4520,3.681795912637372e+46
4521,3.696372133400775e+46
4522,3.71100313941569e+46
4523,3.725689123882458e+46
4524,3.7404302806285333e+46
4525,3.755226804112157e+46
4526,3.7700788894214846e+46
4527,3.784986732278397e+46
4528,3.799950529039508e+46
4529,3.8149704766979026e+46
4530,3.830046772886496e+46
4531,3.8451796158774347e+46
4532,3.8603692045856085e+46
4533,3.875615738570018e+46
4534,3.890919418036118e+46
4535,3.906280443836088e+46
4536,3.92169901747294e+46
4537,3.9371753411011146e+46
4538,3.9527096175283587e+46
4539,3.968302050218384e+46
4540,3.9839528432907474e+46
4541,3.999662201525534e+46
4542,4.0154303303634935e+46
4543,4.03125743590822e+46
4544,4.0471437249278544e+46
4545,4.0630894048584543e+46
4546,4.079094683803583e+46
4547,4.0951597705378214e+46
4548,4.1112848745081506e+46
4549,4.1274702058356703e+46
4550,4.143715975319131e+46
4551,4.1600223944342836e+46
4552,4.176389675337591e+46
4553,4.192818030867597e+46
4554,4.209307674547597e+46
4555,4.2258588205854964e+46
4556,4.2424716838786443e+46
4557,4.2591464800140217e+46
4558,4.2758834252704746e+46
4559,4.2926827366214063e+46
4560,4.309544631734657e+46
4561,4.326469328977322e+46
4562,4.3434570474161245e+46
4563,4.360508006819525e+46
4564,4.3776224276598645e+46
4565,4.3948005311150036e+46
4566,4.4120425390720187e+46
4567,4.429348674126464e+46
4568,4.446719159586356e+46
4569,4.4641542194735905e+46
4570,4.481654078525512e+46
4571,4.4992189621989193e+46
4572,4.516849096669209e+46
4573,4.5345447088342847e+46
4574,4.5523060263162e+46
4575,4.57013327746348e+46
4576,4.588026691351545e+46
4577,4.605986497787455e+46
4578,4.624012927310105e+46
4579,4.642106211192859e+46
4580,4.660266581445779e+46
4581,4.678494270816269e+46
4582,4.696789512793587e+46
4583,4.715152541609292e+46
4584,4.733583592239709e+46
4585,4.752082900407489e+46
4586,4.770650702585919e+46
4587,4.789287235997591e+46
4588,4.807992738619034e+46
4589,4.826767449181904e+46
4590,4.845611607174868e+46
4591,4.864525452847664e+46
4592,4.883509227210104e+46
4593,4.902563172036332e+46
4594,4.921687529866485e+46
4595,4.9408825440093e+46
4596,4.960148458542119e+46
4597,4.979485518316239e+46
4598,4.998893968956985e+46
4599,5.018374056866551e+46
4600,5.037926029226267e+46
4601,5.057550133997103e+46
4602,5.077246619924706e+46
4603,5.097015736539844e+46
4604,5.116857734160508e+46
4605,5.136772863894259e+46
4606,5.156761377642056e+46
4607,5.176823528097591e+46
4608,5.196959568751325e+46
4609,5.21716975389245e+46
4610,5.237454338610269e+46
4611,5.257813578798907e+46
4612,5.278247731156143e+46
4613,5.298757053187639e+46
4614,5.319341803208942e+46
4615,5.340002240348068e+46
4616,5.360738624545567e+46
4617,5.381551216560159e+46
4618,5.402440277968736e+46
4619,5.423406071169176e+46
4620,5.444448859383296e+46
4621,5.465568906656519e+46
4622,5.48676647786395e+46
4623,5.508041838710218e+46
4624,5.529395255732219e+46
4625,5.550826996301055e+46
4626,5.572337328626398e+46
4627,5.593926521755637e+46
4628,5.615594845578186e+46
4629,5.637342570827375e+46
4630,5.659169969082117e+46
4631,5.681077312771791e+46
4632,5.70306487517457e+46
4633,5.725132930422635e+46
4634,5.747281753503716e+46
4635,5.769511620263873e+46
4636,5.791822807407551e+46
4637,5.814215592503703e+46
4638,5.836690253985633e+46
4639,5.859247071153774e+46
4640,5.881886324179053e+46
4641,5.904608294102369e+46
4642,5.927413262841002e+46
4643,5.950301513188403e+46
4644,5.973273328817169e+46
4645,5.996328994280921e+46
4646,6.019468795019104e+46
4647,6.042693017355714e+46
4648,6.066001948504102e+46
4649,6.089395876568915e+46
4650,6.112875090547626e+46
4651,6.136439880335996e+46
4652,6.160090536725952e+46
4653,6.183827351411422e+46
4654,6.207650616989359e+46
4655,6.231560626963378e+46
4656,6.255557675743284e+46
4657,6.279642058651676e+46
4658,6.303814071923598e+46
4659,6.328074012709723e+46
4660,6.352422179079786e+46
4661,6.376858870021688e+46
4662,6.401384385448832e+46
4663,6.425999026199228e+46
4664,6.450703094039199e+46
4665,6.475496891664784e+46
4666,6.500380722707215e+46
4667,6.525354891731346e+46
4668,6.550419704240658e+46
4669,6.575575466679274e+46
4670,6.600822486433967e+46
4671,6.626161071839092e+46
4672,6.65159153217516e+46
4673,6.677114177674237e+46
4674,6.702729319521558e+46
4675,6.728437269859015e+46
4676,6.754238341784746e+46
4677,6.780132849360108e+46
4678,6.806121107609171e+46
4679,6.832203432522166e+46
4680,6.858380141058845e+46
4681,6.884651551147922e+46
4682,6.91101798169423e+46
4683,6.937479752578468e+46
4684,6.964037184660263e+46
4685,6.990690599780195e+46
4686,7.017440320765556e+46
4687,7.044286671428049e+46
4688,7.071229976569871e+46
4689,7.098270561985283e+46
4690,7.125408754463373e+46
4691,7.152644881789908e+46
4692,7.179979272753047e+46
4693,7.207412257141379e+46
4694,7.234944165749654e+46
4695,7.262575330380496e+46
4696,7.290306083848498e+46
4697,7.318136759978767e+46
4698,7.346067693615141e+46
4699,7.374099220619406e+46
4700,7.402231677874572e+46
4701,7.430465403288866e+46
4702,7.458800735794693e+46
4703,7.487238015356653e+46
4704,7.515777582970546e+46
4705,7.544419780667294e+46
4706,7.573164951514735e+46
4707,7.602013439623365e+46
4708,7.630965590144504e+46
4709,7.660021749276268e+46
4710,7.689182264265204e+46
4711,7.718447483408463e+46
4712,7.747817756059988e+46
4713,7.777293432627884e+46
4714,7.806874864580953e+46
4715,7.836562404450147e+46
4716,7.86635640583292e+46
4717,7.896257223391628e+46
4718,7.926265212862338e+46
4719,7.956380731053766e+46
4720,7.986604135850916e+46
4721,8.016935786218962e+46
4722,8.047376042202282e+46
4723,8.077925264932704e+46
4724,8.108583816628982e+46
4725,8.139352060600164e+46
4726,8.170230361247647e+46
4727,8.201219084071807e+46
4728,8.232318595669191e+46
4729,8.263529263739055e+46
4730,8.294851457085397e+46
4731,8.326285545618727e+46
4732,8.357831900362683e+46
4733,8.389490893451638e+46
4734,8.42126289813683e+46
4735,8.453148288788627e+46
4736,8.485147440900179e+46
4737,8.5172607310867e+46
4738,8.549488537093906e+46
4739,8.58183123779729e+46
4740,8.614289213205629e+46
4741,8.646862844465592e+46
4742,8.679552513859674e+46
4743,8.71235860481617e+46
4744,8.745281501907329e+46
4745,8.778321590853711e+46
4746,8.811479258525913e+46
4747,8.844754892951603e+46
4748,8.878148883312578e+46
4749,8.911661619951561e+46
4750,8.945293494374324e+46
4751,8.979044899251426e+46
4752,9.012916228425511e+46
4753,9.046907876908081e+46
4754,9.081020240886415e+46
4755,9.115253717725841e+46
4756,9.149608705973636e+46
4757,9.184085605357801e+46
4758,9.218684816796428e+46
4759,9.253406742396289e+46
4760,9.288251785457438e+46
4761,9.323220350476795e+46
4762,9.358312843147392e+46
4763,9.393529670366971e+46
4764,9.428871240237979e+46
4765,9.464337962070785e+46
4766,9.499930246385892e+46
4767,9.5356485049212e+46
4768,9.571493150629036e+46
4769,9.607464597683156e+46
4770,9.643563261480843e+46
4771,9.679789558645025e+46
4772,9.71614390703147e+46
4773,9.752626725725605e+46
4774,9.789238435049765e+46
4775,9.825979456565693e+46
4776,9.862850213077742e+46
4777,9.899851128632985e+46
4778,9.93698262852973e+46
4779,9.97424513931693e+46
4780,1.001163908879822e+47
4781,1.0049164906036115e+47
4782,1.008682302135091e+47
4783,1.0124613866330186e+47
4784,1.0162537873828144e+47
4785,1.0200595477968865e+47
4786,1.0238787114149582e+47
4787,1.027711321904726e+47
4788,1.0315574230615973e+47
4789,1.0354170588093788e+47
4790,1.0392902732005448e+47
4791,1.0431771104163878e+47
4792,1.0470776147678808e+47
4793,1.0509918306951815e+47
4794,1.0549198027685768e+47
4795,1.0588615756885474e+47
4796,1.062817194286291e+47
4797,1.0667867035235292e+47
4798,1.0707701484935936e+47
4799,1.0747675744212286e+47
4800,1.0787790266630257e+47
4801,1.0828045507079547e+47
4802,1.0868441921771026e+47
4803,1.0908979968247937e+47
4804,1.09496601053842e+47
4805,1.0990482793388776e+47
4806,1.1031448493807926e+47
4807,1.1072557669532976e+47
4808,1.1113810784796957e+47
4809,1.1155208305182322e+47
4810,1.119675069762307e+47
4811,1.123843843040702e+47
4812,1.1280271973184138e+47
4813,1.132225179696187e+47
4814,1.1364378374114597e+47
4815,1.140665217838411e+47
4816,1.144907368488443e+47
4817,1.1491643370105943e+47
4818,1.1534361711913382e+47
4819,1.1577229189556838e+47
4820,1.1620246283670722e+47
4821,1.166341347627762e+47
4822,1.1706731250793495e+47
4823,1.1750200092025635e+47
4824,1.179382048618384e+47
4825,1.1837592920878638e+47
4826,1.1881517885126389e+47
4827,1.1925595869350799e+47
4828,1.196982736539172e+47
4829,1.2014212866501229e+47
4830,1.2058752867351504e+47
4831,1.21034478640375e+47
4832,1.2148298354079039e+47
4833,1.2193304836429581e+47
4834,1.2238467811470932e+47
4835,1.2283787781023516e+47
4836,1.2329265248347112e+47
4837,1.237490071814658e+47
4838,1.24206946965693e+47
4839,1.246664769121711e+47
4840,1.2512760211144666e+47
4841,1.2559032766863703e+47
4842,1.2605465870348207e+47
4843,1.2652060035032462e+47
4844,1.269881577582271e+47
4845,1.2745733609095284e+47
4846,1.2792814052701384e+47
4847,1.2840057625969298e+47
4848,1.2887464849713533e+47
4849,1.2935036246229826e+47
4850,1.2982772339304613e+47
4851,1.3030673654216927e+47
4852,1.307874071774031e+47
4853,1.3126974058152839e+47
4854,1.317537420523135e+47
4855,1.3223941690261037e+47
4856,1.327267704603775e+47
4857,1.3321580806873121e+47
4858,1.3370653508591466e+47
4859,1.3419895688543448e+47
4860,1.3469307885602827e+47
4861,1.3518890640172127e+47
4862,1.3568644494187349e+47
4863,1.3618569991115924e+47
4864,1.3668667675969102e+47
4865,1.3718938095299839e+47
4866,1.376938179720757e+47
4867,1.3819999331340906e+47
4868,1.3870791248906565e+47
4869,1.3921758102664835e+47
4870,1.3972900446938687e+47
4871,1.4024218837615963e+47
4872,1.4075713832151818e+47
4873,1.4127385989578432e+47
4874,1.4179235870499403e+47
4875,1.4231264037099613e+47
4876,1.4283471053147494e+47
4877,1.4335857484000074e+47
4878,1.438842389660067e+47
4879,1.4441170859491974e+47
4880,1.4494098942813291e+47
4881,1.4547208718306121e+47
4882,1.4600500759319581e+47
4883,1.4653975640807037e+47
4884,1.4707633939340356e+47
4885,1.476147623310684e+47
4886,1.4815503101914344e+47
4887,1.486971512719409e+47
4888,1.4924112892010219e+47
4889,1.4978696981054105e+47
4890,1.5033467980655047e+47
4891,1.5088426478781792e+47
4892,1.514357306504488e+47
4893,1.519890833070712e+47
4894,1.5254432868677767e+47
4895,1.5310147273522382e+47
4896,1.536605214146544e+47
4897,1.5422148070395507e+47
4898,1.5478435659862602e+47
4899,1.5534915511092258e+47
4900,1.5591588226981834e+47
4901,1.564845441210726e+47
4902,1.5705514672727667e+47
4903,1.5762769616782593e+47
4904,1.5820219853906465e+47
4905,1.5877865995425137e+47
4906,1.5935708654362104e+47
4907,1.599374844543972e+47
4908,1.6051985985090972e+47
4909,1.6110421891452477e+47
4910,1.6169056784375456e+47
4911,1.6227891285427777e+47
4912,1.6286926017896242e+47
4913,1.634616160679723e+47
4914,1.6405598678870727e+47
4915,1.6465237862590877e+47
4916,1.6525079788167647e+47
4917,1.6585125087553664e+47
4918,1.6645374394440074e+47
4919,1.6705828344271624e+47
4920,1.6766487574243436e+47
4921,1.682735272330682e+47
4922,1.6888424432174778e+47
4923,1.6949703343319231e+47
4924,1.701119010098495e+47
4925,1.707288535118756e+47
4926,1.713478974171824e+47
4927,1.719690392214627e+47
4928,1.7259228543831e+47
4929,1.7321764259913822e+47
4930,1.738451172533e+47
4931,1.7447471596810614e+47
4932,1.751064453288553e+47
4933,1.757403119389379e+47
4934,1.763763224197711e+47
4935,1.7701448341091288e+47
4936,1.776548015700807e+47
4937,1.7829728357321743e+47
4938,1.7894193611445125e+47
4939,1.7958876590624677e+47
4940,1.802377796793808e+47
4941,1.80888984182991e+47
4942,1.8154238618461825e+47
4943,1.8219799247027858e+47
4944,1.828558098444112e+47
4945,1.8351584513004057e+47
4946,1.8417810516874888e+47
4947,1.8484259682072107e+47
4948,1.855093269647806e+47
4949,1.8617830249849903e+47
4950,1.868495303381272e+47
4951,1.8752301741870627e+47
4952,1.8819877069409897e+47
4953,1.8887679713700357e+47
4954,1.895571037390815e+47
4955,1.9023969751087245e+47
4956,1.909245854819186e+47
4957,1.9161177470079137e+47
4958,1.923012722351458e+47
4959,1.929930851716806e+47
4960,1.9368722061631244e+47
4961,1.9438368569412594e+47
4962,1.950824875494356e+47
4963,1.9578363334586016e+47
4964,1.964871302662656e+47
4965,1.971929855129454e+47
4966,1.979012063075704e+47
4967,1.986117998912598e+47
4968,1.9932477352459217e+47
4969,2.0004013448773927e+47
4970,2.007578900803866e+47
4971,2.014780476218432e+47
4972,2.0220061445108297e+47
4973,2.0292559792675027e+47
4974,2.036530054272972e+47
4975,2.0438284435089277e+47
4976,2.0511512211555886e+47
4977,2.058498461591775e+47
4978,2.065870239395675e+47
4979,2.073266629344379e+47
4980,2.0806877064155885e+47
4981,2.0881335457871418e+47
4982,2.0956042228377952e+47
4983,2.1030998131477237e+47
4984,2.1106203924980966e+47
4985,2.118166036872948e+47
4986,2.1257368224585885e+47
4987,2.133332825644311e+47
4988,2.1409541230226055e+47
4989,2.1486007913905138e+47
4990,2.1562729077486387e+47
4991,2.1639705493025907e+47
4992,2.171693793463051e+47
4993,2.1794427178460987e+47
4994,2.1872174002745297e+47
4995,2.1950179187769576e+47
4996,2.202844351588973e+47
4997,2.210696777153662e+47
4998,2.218575274122058e+47
4999,2.2264799213526584e+47
5000,2.234410797913343e+47
5001,2.242367983080875e+47
5002,2.2503515563414798e+47
5003,2.258361597391421e+47
5004,2.2663981861373486e+47
5005,2.2744614026967327e+47
5006,2.282551327398372e+47
5007,2.2906680407827405e+47
5008,2.2988116236025975e+47
5009,2.3069821568232035e+47
5010,2.315179721622958e+47
5011,2.3234043993937496e+47
5012,2.3316562717414e+47
5013,2.3399354204861706e+47
5014,2.348241927663128e+47
5015,2.356575875522664e+47
5016,2.364937346530853e+47
5017,2.3733264233700385e+47
5018,2.3817431889390955e+47
5019,2.3901877263540566e+47
5020,2.398660118948441e+47
5021,2.407160450273778e+47
5022,2.4156888041000243e+47
5023,2.424245264415947e+47
5024,2.432829915429746e+47
5025,2.441442841569308e+47
5026,2.4500841274828123e+47
5027,2.4587538580390825e+47
5028,2.467452118328113e+47
5029,2.4761789936614554e+47
5030,2.4849345695727334e+47
5031,2.49371893181801e+47
5032,2.5025321663763383e+47
5033,2.51137435945019e+47
5034,2.5202455974658837e+47
5035,2.5291459670740165e+47
5036,2.5380755551500267e+47
5037,2.5470344487945018e+47
5038,2.556022735333776e+47
5039,2.565040502320308e+47
5040,2.5740878375331427e+47
5041,2.5831648289784013e+47
5042,2.5922715648896927e+47
5043,2.6014081337286224e+47
5044,2.6105746241852815e+47
5045,2.619771125178575e+47
5046,2.6289977258568405e+47
5047,2.6382545155981053e+47
5048,2.647541584010876e+47
5049,2.6568590209341846e+47
5050,2.666206916438449e+47
5051,2.6755853608256478e+47
5052,2.6849944446299415e+47
5053,2.69443425861804e+47
5054,2.703904893789735e+47
5055,2.713406441378356e+47
5056,2.722938992851202e+47
5057,2.7325026399100215e+47
5058,2.7420974744914842e+47
5059,2.751723588767633e+47
5060,2.7613810751464046e+47
5061,2.771070026271988e+47
5062,2.78079053502543e+47
5063,2.7905426945249798e+47
5064,2.80032659812662e+47
5065,2.8101423394245225e+47
5066,2.8199900122515593e+47
5067,2.829869710679641e+47
5068,2.8397815290203923e+47
5069,2.849725561825386e+47
5070,2.859701903886813e+47
5071,2.8697106502378827e+47
5072,2.8797518961532373e+47
5073,2.8898257371495047e+47
5074,2.8999322689857372e+47
5075,2.9100715876638615e+47
5076,2.9202437894292316e+47
5077,2.9304489707710035e+47
5078,2.9406872284226163e+47
5079,2.9509586593623803e+47
5080,2.9612633608138306e+47
5081,2.9716014302462483e+47
5082,2.9819729653751774e+47
5083,2.992378064162807e+47
5084,3.0028168248184546e+47
5085,3.013289345799216e+47
5086,3.0237957258101623e+47
5087,3.0343360638050823e+47
5088,3.044910458986759e+47
5089,3.0555190108076185e+47
5090,3.066161818970026e+47
5091,3.0768389834269225e+47
5092,3.087550604382202e+47
5093,3.0982967822912963e+47
5094,3.109077617861502e+47
5095,3.119893212052612e+47
5096,3.1307436660772935e+47
5097,3.1416290814016235e+47
5098,3.1525495597455185e+47
5099,3.1635052030833456e+47
5100,3.174496113644156e+47
5101,3.1855223939124662e+47
5102,3.1965841466285134e+47
5103,3.2076814747888206e+47
5104,3.218814481646712e+47
5105,3.2299832707127406e+47
5106,3.2411879457551898e+47
5107,3.252428610800586e+47
5108,3.2637053701341014e+47
5109,3.2750183283001573e+47
5110,3.2863675901028025e+47
5111,3.297753260606284e+47
5112,3.3091754451354312e+47
5113,3.320634249276316e+47
5114,3.332129778876497e+47
5115,3.3436621400456485e+47
5116,3.35523143915615e+47
5117,3.3668377828433496e+47
5118,3.378481278006167e+47
5119,3.3901620318075928e+47
5120,3.401880151675204e+47
5121,3.413635745301485e+47
5122,3.4254289206445764e+47
5123,3.437259785928494e+47
5124,3.4491284496438457e+47
5125,3.461035020548182e+47
5126,3.472979607666535e+47
5127,3.484962320291872e+47
5128,3.496983267985626e+47
5129,3.5090425605782304e+47
5130,3.521140308169463e+47
5131,3.533276621129038e+47
5132,3.545451610097213e+47
5133,3.5576653859850017e+47
5134,3.569918059974856e+47
5135,3.5822097435211834e+47
5136,3.59454054835066e+47
5137,3.6069105864630552e+47
5138,3.619319970131202e+47
5139,3.631768811902064e+47
5140,3.644257224596815e+47
5141,3.656785321311498e+47
5142,3.6693532154175904e+47
5143,3.68196102056227e+47
5144,3.694608850669165e+47
5145,3.7072968199386734e+47
5146,3.720025042848497e+47
5147,3.732793634154228e+47
5148,3.745602708889623e+47
5149,3.758452382367451e+47
5150,3.7713427701796554e+47
5151,3.784273988197925e+47
5152,3.797246152574399e+47
5153,3.810259379741875e+47
5154,3.823313786414523e+47
5155,3.836409489588217e+47
5156,3.8495466065411845e+47
5157,3.8627252548343935e+47
5158,3.8759455523121065e+47
5159,3.889207617102269e+47
5160,3.902511567617256e+47
5161,3.915857522554083e+47
5162,3.929245600895055e+47
5163,3.942675921908292e+47
5164,3.956148605148077e+47
5165,3.969663770455561e+47
5166,3.98322153795912e+47
5167,3.996822028074769e+47
5168,4.0104653615069774e+47
5169,4.024151659248831e+47
5170,4.037881042582692e+47
5171,4.051653633080711e+47
5172,4.065469552605257e+47
5173,4.0793289233094926e+47
5174,4.093231867637757e+47
5175,4.107178508326242e+47
5176,4.12116896840329e+47
5177,4.135203371190051e+47
5178,4.149281840300917e+47
5179,4.163404499644017e+47
5180,4.1775714734217804e+47
5181,4.191782886131308e+47
5182,4.20603886256506e+47
5183,4.2203395278111516e+47
5184,4.234685007253996e+47
5185,4.249075426574805e+47
5186,4.263510911751937e+47
5187,4.2779915890616415e+47
5188,4.292517585078374e+47
5189,4.3070890266752335e+47
5190,4.321706041024814e+47
5191,4.3363687555993085e+47
5192,4.351077298171231e+47
5193,4.365831796813823e+47
5194,4.380632379901658e+47
5195,4.395479176111056e+47
5196,4.410372314420578e+47
5197,4.425311924111652e+47
5198,4.44029813476881e+47
5199,4.455331076280596e+47
5200,4.470410878839606e+47
5201,4.4855376729434166e+47
5202,4.500711589394752e+47
5203,4.515932759302201e+47
5204,4.5312013140806205e+47
5205,4.546517385451697e+47
5206,4.561881105444319e+47
5207,4.577292606395263e+47
5208,4.5927520209495845e+47
5209,4.608259482061055e+47
5210,4.623815122993e+47
5211,4.639419077318212e+47
5212,4.655071478920063e+47
5213,4.670772461992626e+47
5214,4.686522161041267e+47
5215,4.702320710883292e+47
5216,4.718168246648165e+47
5217,4.734064903778326e+47
5218,4.7500108180293815e+47
5219,4.766006125470944e+47
5220,4.7820509624867956e+47
5221,4.7981454657756915e+47
5222,4.8142897723515964e+47
5223,4.830484019544394e+47
5224,4.846728345000249e+47
5225,4.863022886682232e+47
5226,4.879367782870744e+47
5227,4.895763172163988e+47
5228,4.912209193478561e+47
5229,4.928705986049859e+47
5230,4.945253689432689e+47
5231,4.961852443501677e+47
5232,4.978502388451823e+47
5233,4.99520366479898e+47
5234,5.01195641338035e+47
5235,5.028760775354987e+47
5236,5.0456168922043096e+47
5237,5.06252490573268e+47
5238,5.079484958067706e+47
5239,5.096497191660871e+47
5240,5.113561749288115e+47
5241,5.130678774050223e+47
5242,5.147848409373262e+47
5243,5.165070799009247e+47
5244,5.182346087036545e+47
5245,5.199674417860374e+47
5246,5.217055936213441e+47
5247,5.234490787156101e+47
5248,5.251979116077233e+47
5249,5.269521068694618e+47
5250,5.287116791055229e+47
5251,5.304766429536124e+47
5252,5.322470130844612e+47
5253,5.340228042018841e+47
5254,5.358040310428409e+47
5255,5.37590708377479e+47
5256,5.3938285100917415e+47
5257,5.411804737745897e+47
5258,5.429835915437337e+47
5259,5.44792219219988e+47
5260,5.466063717401843e+47
5261,5.484260640746262e+47
5262,5.502513112271592e+47
5263,5.520821282352185e+47
5264,5.53918530169865e+47
5265,5.557605321358483e+47
5266,5.576081492716596e+47
5267,5.594613967495554e+47
5268,5.613202897756461e+47
5269,5.631848435899121e+47
5270,5.650550734662684e+47
5271,5.669309947126189e+47
5272,5.688126226708962e+47
5273,5.706999727171003e+47
5274,5.725930602613912e+47
5275,5.744919007480794e+47
5276,5.763965096557257e+47
5277,5.783069024971595e+47
5278,5.802230948195387e+47
5279,5.821451022044049e+47
5280,5.840729402677178e+47
5281,5.860066246599213e+47
5282,5.879461710659901e+47
5283,5.898915952054543e+47
5284,5.918429128324879e+47
5285,5.938001397359206e+47
5286,5.957632917393245e+47
5287,5.977323847010218e+47
5288,5.997074345141756e+47
5289,6.016884571067981e+47
5290,6.036754684418394e+47
5291,6.056684845171991e+47
5292,6.0766752136580416e+47
5293,6.096725950556539e+47
5294,6.116837216898394e+47
5295,6.1370091740663374e+47
5296,6.157241983795106e+47
5297,6.177535808172166e+47
5298,6.197890809637915e+47
5299,6.2183071509865e+47
5300,6.238784995365974e+47
5301,6.259324506278968e+47
5302,6.279925847583312e+47
5303,6.3005891834921224e+47
5304,6.321314678574684e+47
5305,6.3421024977567025e+47
5306,6.362952806320968e+47
5307,6.3838657699075185e+47
5308,6.40484155451447e+47
5309,6.425880326498269e+47
5310,6.446982252574495e+47
5311,6.468147499817859e+47
5312,6.489376235663061e+47
5313,6.510668627905037e+47
5314,6.532024844699738e+47
5315,6.5534450545642675e+47
5316,6.5749294263776215e+47
5317,6.596478129380925e+47
5318,6.6180913331782174e+47
5319,6.639769207736615e+47
5320,6.661511923386983e+47
5321,6.683319650824341e+47
5322,6.705192561108522e+47
5323,6.727130825664235e+47
5324,6.749134616281962e+47
5325,6.771204105118162e+47
5326,6.793339464695995e+47
5327,6.8155408679054565e+47
5328,6.83780848800424e+47
5329,6.86014249861775e+47
5330,6.882543073740117e+47
5331,6.905010387734183e+47
5332,6.9275446153323306e+47
5333,6.950145931636616e+47
5334,6.972814512119627e+47
5335,6.995550532624614e+47
5336,7.018354169366153e+47
5337,7.041225598930458e+47
5338,7.064164998276038e+47
5339,7.087172544733972e+47
5340,7.1102484160086845e+47
5341,7.13339279017783e+47
5342,7.156605845693594e+47
5343,7.179887761382269e+47
5344,7.2032387164452946e+47
5345,7.226658890459589e+47
5346,7.25014846337803e+47
5347,7.27370761552979e+47
5348,7.297336527620969e+47
5349,7.321035380734677e+47
5350,7.344804356332209e+47
5351,7.368643636252781e+47
5352,7.392553402714408e+47
5353,7.416533838314147e+47
5354,7.440585126028741e+47
5355,7.464707449214978e+47
5356,7.488900991610021e+47
5357,7.513165937332086e+47
5358,7.537502470880883e+47
5359,7.561910777137724e+47
5360,7.586391041366455e+47
5361,7.610943449213711e+47
5362,7.635568186709138e+47
5363,7.660265440266326e+47
5364,7.68503539668274e+47
5365,7.709878243140449e+47
5366,7.734794167206687e+47
5367,7.759783356834116e+47
5368,7.784846000361071e+47
5369,7.809982286512576e+47
5370,7.835192404400128e+47
5371,7.860476543522826e+47
5372,7.8858348937671e+47
5373,7.911267645407653e+47
5374,7.93677498910794e+47
5375,7.96235711592002e+47
5376,7.988014217285816e+47
5377,8.013746485036899e+47
5378,8.0395541113952e+47
5379,8.065437288973538e+47
5380,8.091396210775677e+47
5381,8.117431070197287e+47
5382,8.143542061025985e+47
5383,8.169729377441862e+47
5384,8.195993214017918e+47
5385,8.22233376572077e+47
5386,8.248751227910479e+47
5387,8.275245796341543e+47
5388,8.301817667163161e+47
5389,8.328467036919411e+47
5390,8.355194102550188e+47
5391,8.381999061391013e+47
5392,8.408882111173954e+47
5393,8.43584345002779e+47
5394,8.462883276478568e+47
5395,8.490001789450038e+47
5396,8.517199188263788e+47
5397,8.544475672640087e+47
5398,8.571831442698045e+47
5399,8.599266698956019e+47
5400,8.626781642332216e+47
5401,8.65437647414487e+47
5402,8.682051396112945e+47
5403,8.709806610356137e+47
5404,8.737642319395762e+47
5405,8.76555872615484e+47
5406,8.793556033958702e+47
5407,8.821634446535019e+47
5408,8.849794168014902e+47
5409,8.878035402932775e+47
5410,8.906358356226573e+47
5411,8.934763233238975e+47
5412,8.963250239717038e+47
5413,8.991819581812914e+47
5414,9.020471466084419e+47
5415,9.049206099494945e+47
5416,9.078023689414317e+47
5417,9.106924443619158e+47
5418,9.135908570292706e+47
5419,9.164976278026224e+47
5420,9.194127775818424e+47
5421,9.223363273076448e+47
5422,9.252682979616089e+47
5423,9.28208710566222e+47
5424,9.311575861848927e+47
5425,9.34114945922035e+47
5426,9.370808109230633e+47
5427,9.400552023744854e+47
5428,9.430381415038726e+47
5429,9.460296495799455e+47
5430,9.490297479125996e+47
5431,9.520384578529502e+47
5432,9.55055800793353e+47
5433,9.580817981674604e+47
5434,9.611164714502577e+47
5435,9.64159842158072e+47
5436,9.672119318486707e+47
5437,9.702727621212221e+47
5438,9.733423546163983e+47
5439,9.76420731016384e+47
5440,9.795079130449077e+47
5441,9.826039224672774e+47
5442,9.857087810904488e+47
5443,9.888225107630375e+47
5444,9.919451333753393e+47
5445,9.950766708594149e+47
5446,9.982171451890585e+47
5447,1.0013665783799042e+48
5448,1.0045249924894129e+48
5449,1.0076924096169396e+48
5450,1.0108688519037496e+48
5451,1.0140543415330544e+48
5452,1.0172489007300467e+48
5453,1.0204525517619521e+48
5454,1.023665316938058e+48
5455,1.0268872186097308e+48
5456,1.0301182791704741e+48
5457,1.0333585210559614e+48
5458,1.0366079667440175e+48
5459,1.0398666387547694e+48
5460,1.0431345596505545e+48
5461,1.0464117520360212e+48
5462,1.049698238558167e+48
5463,1.0529940419063525e+48
5464,1.0562991848123127e+48
5465,1.059613690050263e+48
5466,1.0629375804368476e+48
5467,1.0662708788312388e+48
5468,1.0696136081351162e+48
5469,1.0729657912927503e+48
5470,1.0763274512910206e+48
5471,1.079698611159396e+48
5472,1.0830792939700451e+48
5473,1.0864695228378359e+48
5474,1.0898693209203475e+48
5475,1.0932787114179337e+48
5476,1.0966977175737444e+48
5477,1.100126362673741e+48
5478,1.1035646700467481e+48
5479,1.1070126630644963e+48
5480,1.1104703651416012e+48
5481,1.1139377997356554e+48
5482,1.1174149903472191e+48
5483,1.1209019605198817e+48
5484,1.1243987338402595e+48
5485,1.127905333938039e+48
5486,1.131421784486017e+48
5487,1.134948109200134e+48
5488,1.1384843318394737e+48
5489,1.1420304762063349e+48
5490,1.1455865661462092e+48
5491,1.1491526255478583e+48
5492,1.1527286783433299e+48
5493,1.1563147485079755e+48
5494,1.1599108600604736e+48
5495,1.1635170370628725e+48
5496,1.1671333036206427e+48
5497,1.1707596838826523e+48
5498,1.1743962020412234e+48
5499,1.1780428823321628e+48
5500,1.1816997490347865e+48
5501,1.185366826471938e+48
5502,1.1890441390100315e+48
5503,1.192731711059076e+48
5504,1.1964295670726737e+48
5505,1.2001377315481015e+48
5506,1.2038562290262808e+48
5507,1.2075850840918419e+48
5508,1.2113243213731407e+48
5509,1.215073965542258e+48
5510,1.218834041315092e+48
5511,1.222604573451301e+48
5512,1.2263855867543874e+48
5513,1.2301771060716955e+48
5514,1.2339791562944661e+48
5515,1.2377917623578244e+48
5516,1.2416149492407983e+48
5517,1.2454487419664362e+48
5518,1.2492931656016809e+48
5519,1.2531482452575368e+48
5520,1.2570140060889737e+48
5521,1.2608904732950497e+48
5522,1.264777672118905e+48
5523,1.26867562784771e+48
5524,1.2725843658127978e+48
5525,1.2765039113896554e+48
5526,1.2804342899978844e+48
5527,1.2843755271012992e+48
5528,1.288327648207925e+48
5529,1.2922906788699994e+48
5530,1.2962646446840138e+48
5531,1.3002495712907459e+48
5532,1.304245484375233e+48
5533,1.3082524096668641e+48
5534,1.3122703729393627e+48
5535,1.316299400010773e+48
5536,1.3203395167435444e+48
5537,1.3243907490445219e+48
5538,1.3284531228649582e+48
5539,1.3325266642005645e+48
5540,1.3366113990914776e+48
5541,1.3407073536223109e+48
5542,1.3448145539222182e+48
5543,1.3489330261648385e+48
5544,1.3530627965683118e+48
5545,1.3572038913953982e+48
5546,1.3613563369533755e+48
5547,1.3655201595941412e+48
5548,1.3696953857141616e+48
5549,1.3738820417545698e+48
5550,1.3780801542011306e+48
5551,1.3822897495842459e+48
5552,1.3865108544790062e+48
5553,1.3907434955051946e+48
5554,1.3949876993273214e+48
5555,1.3992434926545774e+48
5556,1.4035109022409457e+48
5557,1.4077899548851367e+48
5558,1.4120806774306408e+48
5559,1.4163830967657429e+48
5560,1.420697239823515e+48
5561,1.4250231335818646e+48
5562,1.4293608050635213e+48
5563,1.4337102813360541e+48
5564,1.4380715895119192e+48
5565,1.4424447567484384e+48
5566,1.4468298102478092e+48
5567,1.4512267772571383e+48
5568,1.455635685068453e+48
5569,1.4600565610186887e+48
5570,1.464489432489767e+48
5571,1.4689343269085154e+48
5572,1.473391271746749e+48
5573,1.4778602945212552e+48
5574,1.4823414227938172e+48
5575,1.4868346841712006e+48
5576,1.4913401063052194e+48
5577,1.4958577168926622e+48
5578,1.5003875436753834e+48
5579,1.5049296144402766e+48
5580,1.509483957019284e+48
5581,1.5140505992894193e+48
5582,1.5186295691727357e+48
5583,1.5232208946364188e+48
5584,1.5278246036927088e+48
5585,1.532440724398969e+48
5586,1.5370692848576488e+48
5587,1.5417103132163345e+48
5588,1.5463638376677228e+48
5589,1.5510298864496574e+48
5590,1.5557084878451254e+48
5591,1.5603996701822292e+48
5592,1.5651034618342494e+48
5593,1.5698198912196473e+48
5594,1.574548986801998e+48
5595,1.579290777090095e+48
5596,1.5840452906378897e+48
5597,1.5888125560445287e+48
5598,1.5935926019543455e+48
5599,1.598385457056874e+48
5600,1.6031911500868367e+48
5601,1.6080097098241504e+48
5602,1.612841165093954e+48
5603,1.617685544766625e+48
5604,1.6225428777577122e+48
5605,1.627413193027973e+48
5606,1.6322965195834604e+48
5607,1.637192886475394e+48
5608,1.642102322800202e+48
5609,1.647024857699577e+48
5610,1.6519605203604665e+48
5611,1.6569093400149977e+48
5612,1.6618713459405468e+48
5613,1.6668465674597432e+48
5614,1.6718350339404216e+48
5615,1.6768367747956938e+48
5616,1.6818518194838528e+48
5617,1.6868801975084916e+48
5618,1.6919219384183635e+48
5619,1.696977071807515e+48
5620,1.7020456273152082e+48
5621,1.7071276346259195e+48
5622,1.7122231234693837e+48
5623,1.7173321236205227e+48
5624,1.722454664899527e+48
5625,1.727590777171802e+48
5626,1.732740490347918e+48
5627,1.7379038343837376e+48
5628,1.743080839280283e+48
5629,1.7482715350838225e+48
5630,1.753475951885799e+48
5631,1.758694119822865e+48
5632,1.763926069076867e+48
5633,1.7691718298748368e+48
5634,1.774431432488999e+48
5635,1.7797049072367683e+48
5636,1.78499228448069e+48
5637,1.7902935946285213e+48
5638,1.795608868133146e+48
5639,1.8009381354926128e+48
5640,1.806281427250121e+48
5641,1.8116387739939892e+48
5642,1.817010206357685e+48
5643,1.8223957550197672e+48
5644,1.827795450703945e+48
5645,1.8332093241789916e+48
5646,1.8386374062587868e+48
5647,1.8440797278023012e+48
5648,1.8495363197135703e+48
5649,1.8550072129417034e+48
5650,1.8604924384808555e+48
5651,1.865992027370206e+48
5652,1.8715060106939835e+48
5653,1.8770344195814126e+48
5654,1.8825772852067652e+48
5655,1.8881346387892668e+48
5656,1.8937065115931173e+48
5657,1.899292934927522e+48
5658,1.9048939401466096e+48
5659,1.910509558649476e+48
5660,1.9161398218801002e+48
5661,1.9217847613274052e+48
5662,1.927444408525206e+48
5663,1.9331187950521808e+48
5664,1.9388079525318917e+48
5665,1.9445119126327666e+48
5666,1.950230707067999e+48
5667,1.955964367595668e+48
5668,1.9617129260186485e+48
5669,1.967476414184536e+48
5670,1.973254863985767e+48
5671,1.979048307359476e+48
5672,1.984856776287524e+48
5673,1.9906803027965167e+48
5674,1.996518918957693e+48
5675,2.002372656887033e+48
5676,2.008241548745116e+48
5677,2.014125626737159e+48
5678,2.02002492311303e+48
5679,2.025939470167098e+48
5680,2.031869300238411e+48
5681,2.0378144457104612e+48
5682,2.0437749390113188e+48
5683,2.0497508126135486e+48
5684,2.0557420990341915e+48
5685,2.061748830834713e+48
5686,2.0677710406210665e+48
5687,2.0738087610435718e+48
5688,2.079862024796952e+48
5689,2.0859308646202588e+48
5690,2.0920153132968873e+48
5691,2.0981154036546063e+48
5692,2.104231168565344e+48
5693,2.110362640945373e+48
5694,2.1165098537551622e+48
5695,2.1226728399994134e+48
5696,2.128851632726944e+48
5697,2.1350462650307803e+48
5698,2.1412567700480146e+48
5699,2.1474831809598558e+48
5700,2.1537255309915826e+48
5701,2.1599838534124943e+48
5702,2.1662581815358575e+48
5703,2.1725485487189572e+48
5704,2.1788549883629966e+48
5705,2.1851775339130896e+48
5706,2.19151621885823e+48
5707,2.197871076731269e+48
5708,2.204242141108842e+48
5709,2.210629445611394e+48
5710,2.2170330239030905e+48
5711,2.2234529096918565e+48
5712,2.2298891367292197e+48
5713,2.236341738810453e+48
5714,2.2428107497743663e+48
5715,2.2492962035033714e+48
5716,2.2557981339234167e+48
5717,2.2623165750039718e+48
5718,2.26885156075795e+48
5719,2.2754031252417318e+48
5720,2.28197130255503e+48
5721,2.288556126840967e+48
5722,2.295157632286004e+48
5723,2.3017758531198188e+48
5724,2.308410823615384e+48
5725,2.3150625780888092e+48
5726,2.3217311508994677e+48
5727,2.3284165764497675e+48
5728,2.3351188891852266e+48
5729,2.341838123594431e+48
5730,2.3485743142089416e+48
5731,2.3553274956032793e+48
5732,2.3620977023948534e+48
5733,2.368884969244015e+48
5734,2.375689330853882e+48
5735,2.3825108219703902e+48
5736,2.389349477382211e+48
5737,2.396205331920673e+48
5738,2.4030784204598562e+48
5739,2.40996877791636e+48
5740,2.4168764392493617e+48
5741,2.4238014394606192e+48
5742,2.4307438135942226e+48
5743,2.4377035967368454e+48
5744,2.4446808240173997e+48
5745,2.451675530607221e+48
5746,2.4586877517198695e+48
5747,2.465717522611143e+48
5748,2.472764878579063e+48
5749,2.4798298549636956e+48
5750,2.486912487147229e+48
5751,2.494012810553916e+48
5752,2.5011308606499458e+48
5753,2.5082666729434272e+48
5754,2.5154202829844104e+48
5755,2.522591726364638e+48
5756,2.5297810387177526e+48
5757,2.5369882557190092e+48
5758,2.5442134130854337e+48
5759,2.5514565465755187e+48
5760,2.5587176919894796e+48
5761,2.5659968851688507e+48
5762,2.5732941619967406e+48
5763,2.5806095583975616e+48
5764,2.587943110337084e+48
5765,2.5952948538223553e+48
5766,2.6026648249016245e+48
5767,2.6100530596643305e+48
5768,2.6174595942409138e+48
5769,2.6248844648029436e+48
5770,2.6323277075629235e+48
5771,2.6397893587743067e+48
5772,2.647269454731401e+48
5773,2.6547680317692003e+48
5774,2.6622851262635823e+48
5775,2.669820774631035e+48
5776,2.677375013328666e+48
5777,2.6849478788540734e+48
5778,2.6925394077454082e+48
5779,2.7001496365812292e+48
5780,2.707778601980411e+48
5781,2.715426340602125e+48
5782,2.7230928891458458e+48
5783,2.730778284351074e+48
5784,2.738482562997514e+48
5785,2.7462057619048347e+48
5786,2.753947917932666e+48
5787,2.7617090679805503e+48
5788,2.769489248987831e+48
5789,2.7772884979336335e+48
5790,2.785106851836726e+48
5791,2.792944347755497e+48
5792,2.8008010227879254e+48
5793,2.8086769140713817e+48
5794,2.816572058782683e+48
5795,2.824486494137999e+48
5796,2.832420257392688e+48
5797,2.840373385841343e+48
5798,2.848345916817636e+48
5799,2.8563378876942952e+48
5800,2.8643493358829937e+48
5801,2.8723802988343193e+48
5802,2.8804308140376186e+48
5803,2.888500919020999e+48
5804,2.8965906513512564e+48
5805,2.9047000486336854e+48
5806,2.9128291485121814e+48
5807,2.9209779886690034e+48
5808,2.9291466068247285e+48
5809,2.93733504073829e+48
5810,2.9455433282067203e+48
5811,2.9537715070652065e+48
5812,2.9620196151869614e+48
5813,2.97028769048314e+48
5814,2.9785757709027194e+48
5815,2.986883894432492e+48
5816,2.995212099096912e+48
5817,3.0035604229581306e+48
5818,3.0119289041157457e+48
5819,3.020317580706855e+48
5820,3.028726490905846e+48
5821,3.0371556729244473e+48
5822,3.045605165011581e+48
5823,3.0540750054531696e+48
5824,3.062565232572316e+48
5825,3.071075884728875e+48
5826,3.079607000319672e+48
5827,3.0881586177781886e+48
5828,3.096730775574666e+48
5829,3.1053235122157894e+48
5830,3.113936866244851e+48
5831,3.122570876241434e+48
5832,3.131225580821463e+48
5833,3.139901018637112e+48
5834,3.148597228376531e+48
5835,3.157314248764027e+48
5836,3.1660521185597703e+48
5837,3.17481087655975e+48
5838,3.1835905615957186e+48
5839,3.192391212535116e+48
5840,3.201212868280764e+48
5841,3.210055567771137e+48
5842,3.218919349979928e+48
5843,3.2278042539160856e+48
5844,3.236710318623767e+48
5845,3.245637583182149e+48
5846,3.25458608670539e+48
5847,3.263555868342484e+48
5848,3.272546967277195e+48
5849,3.281559422727858e+48
5850,3.290593273947525e+48
5851,3.29964856022359e+48
5852,3.308725320877776e+48
5853,3.317823595266059e+48
5854,3.326943422778641e+48
5855,3.3360848428396545e+48
5856,3.345247894907209e+48
5857,3.3544326184732305e+48
5858,3.363639053063367e+48
5859,3.3728672382368915e+48
5860,3.38211721358651e+48
5861,3.391389018738403e+48
5862,3.400682693352029e+48
5863,3.409998277119967e+48
5864,3.4193358097679055e+48
5865,3.4286953310544716e+48
5866,3.4380768807711677e+48
5867,3.447480498742183e+48
5868,3.456906224824375e+48
5869,3.466354098907063e+48
5870,3.475824160912021e+48
5871,3.485316450793244e+48
5872,3.494831008536918e+48
5873,3.5043678741612865e+48
5874,3.513927087716526e+48
5875,3.523508689284612e+48
5876,3.533112718979206e+48
5877,3.542739216945647e+48
5878,3.5523882233606334e+48
5879,3.5620597784322654e+48
5880,3.571753922399878e+48
5881,3.581470695533875e+48
5882,3.591210138135633e+48
5883,3.600972290537457e+48
5884,3.6107571931023717e+48
5885,3.6205648862239683e+48
5886,3.630395410326449e+48
5887,3.6402488058642523e+48
5888,3.6501251133221766e+48
5889,3.660024373215112e+48
5890,3.669946626087902e+48
5891,3.679891912515305e+48
5892,3.689860273101836e+48
5893,3.699851748481631e+48
5894,3.709866379318238e+48
5895,3.719904206304684e+48
5896,3.729965270163123e+48
5897,3.7400496116448784e+48
5898,3.7501572715302065e+48
5899,3.760288290628241e+48
5900,3.7704427097768084e+48
5901,3.780620569842287e+48
5902,3.7908219117195e+48
5903,3.8010467763316556e+48
5904,3.811295204629996e+48
5905,3.821567237593925e+48
5906,3.8318629162307255e+48
5907,3.842182281575418e+48
5908,3.8525253746906663e+48
5909,3.86289223666662e+48
5910,3.8732829086208164e+48
5911,3.8836974316979533e+48
5912,3.8941358470698284e+48
5913,3.9045981959352254e+48
5914,3.9150845195196617e+48
5915,3.9255948590753265e+48
5916,3.936129255880919e+48
5917,3.946687751241525e+48
5918,3.957270386488446e+48
5919,3.96787720297902e+48
5920,3.978508242096656e+48
5921,3.989163545250332e+48
5922,3.999843153874951e+48
5923,4.0105471094307104e+48
5924,4.021275453403167e+48
5925,4.0320282273031755e+48
5926,4.04280547266663e+48
5927,4.0536072310542973e+48
5928,4.0644335440516616e+48
5929,4.075284453268926e+48
5930,4.086160000340674e+48
5931,4.097060226925739e+48
5932,4.107985174707259e+48
5933,4.1189348853922283e+48
5934,4.129909400711522e+48
5935,4.140908762419741e+48
5936,4.1519330122950075e+48
5937,4.1629821921387884e+48
5938,4.174056343775788e+48
5939,4.1851555090538084e+48
5940,4.1962797298434847e+48
5941,4.207429048038339e+48
5942,4.218603505554272e+48
5943,4.2298031443298496e+48
5944,4.241028006325653e+48
5945,4.2522781335246204e+48
5946,4.263553567931449e+48
5947,4.274854351572713e+48
5948,4.286180526496571e+48
5949,4.2975321347726545e+48
5950,4.30890921849191e+48
5951,4.320311819766327e+48
5952,4.3317399807289395e+48
5953,4.343193743533511e+48
5954,4.3546731503544493e+48
5955,4.3661782433866526e+48
5956,4.3777090648453483e+48
5957,4.3892656569657273e+48
5958,4.4008480620030636e+48
5959,4.412456322232355e+48
5960,4.424090479948232e+48
5961,4.4357505774647356e+48
5962,4.447436657115168e+48
5963,4.4591487612520047e+48
5964,4.470886932246511e+48
5965,4.482651212488774e+48
5966,4.494441644387339e+48
5967,4.506258270369314e+48
5968,4.51810113287987e+48
5969,4.529970274382233e+48
5970,4.541865737357642e+48
5971,4.553787564304752e+48
5972,4.565735797739877e+48
5973,4.5777104801966457e+48
5974,4.589711654225782e+48
5975,4.601739362394906e+48
5976,4.613793647288565e+48
5977,4.6258745515077575e+48
5978,4.637982117669945e+48
5979,4.650116388408764e+48
5980,4.662277406373889e+48
5981,4.674465214230907e+48
5982,4.6866798546609554e+48
5983,4.6989213703608106e+48
5984,4.711189804042355e+48
5985,4.7234851984326135e+48
5986,4.73580759627363e+48
5987,4.7481570403220003e+48
5988,4.7605335733489124e+48
5989,4.772937238139992e+48
5990,4.785368077494802e+48
5991,4.797826134226996e+48
5992,4.810311451163959e+48
5993,4.8228240711466325e+48
5994,4.835364037029292e+48
5995,4.847931391679303e+48
5996,4.860526177977171e+48
5997,4.8731484388161056e+48
5998,4.8857982171018463e+48
5999,4.898475555752586e+48
6000,4.9111804976986223e+48
6001,4.923913085882215e+48
6002,4.9366733632574575e+48
6003,4.9494613727900134e+48
6004,4.962277157456925e+48
6005,4.9751207602463044e+48
6006,4.9879922241573507e+48
6007,5.000891592199957e+48
6008,5.013818907394502e+48
6009,5.0267742127719556e+48
6010,5.039757551373071e+48
6011,5.052768966248844e+48
6012,5.065808500459805e+48
6013,5.078876197076156e+48
6014,5.091972099177236e+48
6015,5.105096249851562e+48
6016,5.118248692196538e+48
6017,5.131429469318215e+48
6018,5.144638624331122e+48
6019,5.157876200358086e+48
6020,5.171142240529802e+48
6021,5.1844367879849483e+48
6022,5.1977598858697205e+48
6023,5.211111577337717e+48
6024,5.22449190554971e+48
6025,5.2379009136733796e+48
6026,5.251338644883181e+48
6027,5.264805142360111e+48
6028,5.278300449291367e+48
6029,5.29182460887029e+48
6030,5.3053776642959774e+48
6031,5.3189596587732876e+48
6032,5.332570635512346e+48
6033,5.3462106377285545e+48
6034,5.3598797086423123e+48
6035,5.3735778914785285e+48
6036,5.387305229466819e+48
6037,5.4010617658410465e+48
6038,5.414847543839045e+48
6039,5.428662606702557e+48
6040,5.442506997676819e+48
6041,5.456380760010541e+48
6042,5.47028393695544e+48
6043,5.484216571766265e+48
6044,5.498178707700357e+48
6045,5.51217038801749e+48
6046,5.526191655979684e+48
6047,5.540242554850832e+48
6048,5.554323127896712e+48
6049,5.5684334183844075e+48
6050,5.5825734695824507e+48
6051,5.596743324760277e+48
6052,5.6109430271881675e+48
6053,5.6251726201368654e+48
6054,5.63943214687754e+48
6055,5.653721650681353e+48
6056,5.6680411748192884e+48
6057,5.68239076256192e+48
6058,5.6967704571792754e+48
6059,5.711180301940293e+48
6060,5.725620340112815e+48
6061,5.740090614963405e+48
6062,5.7545911697568767e+48
6063,5.769122047756281e+48
6064,5.783683292222326e+48
6065,5.798274946413582e+48
6066,5.812897053585861e+48
6067,5.8275496569920686e+48
6068,5.842232799882105e+48
6069,5.856946525502454e+48
6070,5.87169087709585e+48
6071,5.88646589790133e+48
6072,5.901271631153698e+48
6073,5.916108120083363e+48
6074,5.930975407916174e+48
6075,5.945873537872963e+48
6076,5.96080255316947e+48
6077,5.975762497016143e+48
6078,5.990753412617491e+48
6079,6.005775343172297e+48
6080,6.020828331873203e+48
6081,6.035912421906212e+48
6082,6.051027656450795e+48
6083,6.066174078679346e+48
6084,6.081351731757077e+48
6085,6.096560658841708e+48
6086,6.111800903083126e+48
6087,6.127072507623436e+48
6088,6.142375515596094e+48
6089,6.157709970126304e+48
6090,6.173075914330287e+48
6091,6.188473391315304e+48
6092,6.203902444179085e+48
6093,6.21936311600992e+48
6094,6.234855449886172e+48
6095,6.25037948887583e+48
6096,6.2659352760367e+48
6097,6.281522854415804e+48
6098,6.297142267049113e+48
6099,6.312793556961475e+48
6100,6.328476767165983e+48
6101,6.344191940664199e+48
6102,6.359939120445471e+48
6103,6.375718349486713e+48
6104,6.391529670752343e+48
6105,6.407373127193753e+48
6106,6.423248761749279e+48
6107,6.439156617343602e+48
6108,6.455096736887767e+48
6109,6.471069163278846e+48
6110,6.487073939399424e+48
6111,6.50311110811761e+48
6112,6.519180712286563e+48
6113,6.53528279474429e+48
6114,6.55141739831346e+48
6115,6.567584565800811e+48
6116,6.58378433999715e+48
6117,6.600016763676978e+48
6118,6.616281879598182e+48
6119,6.632579730501728e+48
6120,6.648910359111517e+48
6121,6.665273808133821e+48
6122,6.681670120257129e+48
6123,6.698099338152175e+48
6124,6.714561504471014e+48
6125,6.73105666184711e+48
6126,6.747584852895184e+48
6127,6.764146120210515e+48
6128,6.78074050636899e+48
6129,6.797368053926628e+48
6130,6.81402880541929e+48
6131,6.830722803362464e+48
6132,6.847450090250895e+48
6133,6.864210708558304e+48
6134,6.88100470073711e+48
6135,6.897832109218134e+48
6136,6.914692976410216e+48
6137,6.931587344699967e+48
6138,6.94851525645157e+48
6139,6.965476754006261e+48
6140,6.98247187968211e+48
6141,6.999500675773963e+48
6142,7.016563184552669e+48
6143,7.033659448265043e+48
6144,7.050789509133775e+48
6145,7.067953409356597e+48
6146,7.085151191106245e+48
6147,7.102382896530396e+48
6148,7.119648567751089e+48
6149,7.136948246864125e+48
6150,7.154281975939469e+48
6151,7.171649797020236e+48
6152,7.189051752122824e+48
6153,7.206487883236525e+48
6154,7.22395823232291e+48
6155,7.241462841316007e+48
6156,7.25900175212149e+48
6157,7.276575006616677e+48
6158,7.294182646650222e+48
6159,7.311824714041506e+48
6160,7.329501250580615e+48
6161,7.347212298027927e+48
6162,7.36495789811371e+48
6163,7.382738092537892e+48
6164,7.40055292296966e+48
6165,7.418402431047346e+48
6166,7.436286658377704e+48
6167,7.4542056465359e+48
6168,7.472159437065245e+48
6169,7.490148071476553e+48
6170,7.508171591248043e+48
6171,7.526230037824973e+48
6172,7.544323452619252e+48
6173,7.562451877009266e+48
6174,7.580615352339152e+48
6175,7.59881391991913e+48
6176,7.61704762102432e+48
6177,7.635316496895431e+48
6178,7.65362058873736e+48
6179,7.671959937719674e+48
6180,7.69033458497574e+48
6181,7.70874457160279e+48
6182,7.727189938661351e+48
6183,7.745670727175002e+48
6184,7.764186978129965e+48
6185,7.782738732474753e+48
6186,7.801326031119895e+48
6187,7.819948914937595e+48
6188,7.838607424761386e+48
6189,7.857301601385692e+48
6190,7.876031485565638e+48
6191,7.894797118016747e+48
6192,7.913598539414153e+48
6193,7.93243579039283e+48
6194,7.951308911547007e+48
6195,7.970217943429664e+48
6196,7.989162926552462e+48
6197,8.008143901385286e+48
6198,8.027160908355639e+48
6199,8.046213987848809e+48
6200,8.065303180207046e+48
6201,8.084428525729521e+48
6202,8.103590064671861e+48
6203,8.122787837245668e+48
6204,8.142021883618365e+48
6205,8.161292243912832e+48
6206,8.180598958206786e+48
6207,8.199942066532775e+48
6208,8.21932160887772e+48
6209,8.238737625182318e+48
6210,8.258190155341e+48
6211,8.277679239201398e+48
6212,8.297204916564078e+48
6213,8.316767227182204e+48
6214,8.336366210760761e+48
6215,8.356001906957008e+48
6216,8.375674355379282e+48
6217,8.395383595587107e+48
6218,8.415129667090889e+48
6219,8.434912609351062e+48
6220,8.454732461778485e+48
6221,8.474589263733097e+48
6222,8.49448305452448e+48
6223,8.514413873411e+48
6224,8.534381759599466e+48
6225,8.554386752244948e+48
6226,8.574428890450168e+48
6227,8.594508213265424e+48
6228,8.614624759687882e+48
6229,8.634778568661236e+48
6230,8.65496967907601e+48
6231,8.675198129768043e+48
6232,8.695463959519046e+48
6233,8.715767207055871e+48
6234,8.736107911050126e+48
6235,8.756486110117647e+48
6236,8.776901842818632e+48
6237,8.797355147656788e+48
6238,8.817846063079092e+48
6239,8.838374627475427e+48
6240,8.85894087917814e+48
6241,8.879544856461924e+48
6242,8.900186597543015e+48
6243,8.92086614057923e+48
6244,8.941583523669158e+48
6245,8.962338784852161e+48
6246,8.983131962107744e+48
6247,9.003963093355424e+48
6248,9.024832216453869e+48
6249,9.045739369201142e+48
6250,9.066684589333871e+48
6251,9.087667914526808e+48
6252,9.108689382392992e+48
6253,9.129749030482643e+48
6254,9.15084689628332e+48
6255,9.17198301721914e+48
6256,9.193157430650752e+48
6257,9.214370173874718e+48
6258,9.235621284123164e+48
6259,9.256910798563093e+48
6260,9.278238754296965e+48
6261,9.299605188360963e+48
6262,9.32101013772562e+48
6263,9.342453639294945e+48
6264,9.363935729906201e+48
6265,9.385456446329326e+48
6266,9.407015825266805e+48
6267,9.428613903353168e+48
6268,9.450250717154402e+48
6269,9.471926303167713e+48
6270,9.493640697821188e+48
6271,9.515393937473391e+48
6272,9.537186058412616e+48
6273,9.559017096857045e+48
6274,9.580887088953843e+48
6275,9.602796070779277e+48
6276,9.624744078337664e+48
6277,9.646731147561456e+48
6278,9.668757314310619e+48
6279,9.690822614372375e+48
6280,9.712927083460669e+48
6281,9.735070757215817e+48
6282,9.757253671203997e+48
6283,9.779475860917071e+48
6284,9.801737361771991e+48
6285,9.824038209110243e+48
6286,9.84637843819798e+48
6287,9.868758084224811e+48
6288,9.891177182304294e+48
6289,9.913635767472568e+48
6290,9.936133874688957e+48
6291,9.958671538834556e+48
6292,9.981248794712495e+48
6293,1.0003865677047325e+49
6294,1.0026522220484778e+49
6295,1.0049218459590701e+49
6296,1.0071954428851455e+49
6297,1.0094730162672935e+49
6298,1.0117545695380689e+49
6299,1.0140401061218809e+49
6300,1.0163296294350018e+49
6301,1.0186231428855276e+49
6302,1.0209206498732801e+49
6303,1.0232221537898334e+49
6304,1.0255276580184237e+49
6305,1.02783716593395e+49
6306,1.0301506809028806e+49
6307,1.032468206283251e+49
6308,1.0347897454245946e+49
6309,1.0371153016679262e+49
6310,1.0394448783456784e+49
6311,1.0417784787816607e+49
6312,1.0441161062910406e+49
6313,1.046457764180266e+49
6314,1.0488034557470543e+49
6315,1.0511531842802967e+49
6316,1.053506953060109e+49
6317,1.055864765357674e+49
6318,1.0582266244352997e+49
6319,1.0605925335463254e+49
6320,1.0629624959350719e+49
6321,1.0653365148368164e+49
6322,1.0677145934777485e+49
6323,1.0700967350749333e+49
6324,1.0724829428362336e+49
6325,1.0748732199603134e+49
6326,1.0772675696365544e+49
6327,1.0796659950450633e+49
6328,1.0820684993565287e+49
6329,1.0844750857323276e+49
6330,1.0868857573243253e+49
6331,1.0893005172749521e+49
6332,1.0917193687170771e+49
6333,1.0941423147740258e+49
6334,1.0965693585594885e+49
6335,1.0990005031775017e+49
6336,1.1014357517223912e+49
6337,1.103875107278765e+49
6338,1.1063185729213963e+49
6339,1.1087661517152546e+49
6340,1.1112178467154001e+49
6341,1.1136736609670176e+49
6342,1.1161335975052545e+49
6343,1.1185976593553034e+49
6344,1.121065849532257e+49
6345,1.1235381710411283e+49
6346,1.1260146268767787e+49
6347,1.1284952200238838e+49
6348,1.1309799534568446e+49
6349,1.1334688301398427e+49
6350,1.1359618530266669e+49
6351,1.1384590250607822e+49
6352,1.1409603491752023e+49
6353,1.1434658282925228e+49
6354,1.1459754653247793e+49
6355,1.1484892631734894e+49
6356,1.1510072247295694e+49
6357,1.1535293528732785e+49
6358,1.1560556504741966e+49
6359,1.1585861203911915e+49
6360,1.1611207654723042e+49
6361,1.16365958855479e+49
6362,1.166202592465038e+49
6363,1.1687497800184819e+49
6364,1.1713011540196333e+49
6365,1.173856717261983e+49
6366,1.1764164725279817e+49
6367,1.1789804225889587e+49
6368,1.1815485702050975e+49
6369,1.1841209181254404e+49
6370,1.1866974690877407e+49
6371,1.1892782258184903e+49
6372,1.1918631910328605e+49
6373,1.1944523674346312e+49
6374,1.1970457577161965e+49
6375,1.1996433645584437e+49
6376,1.2022451906307749e+49
6377,1.204851238591027e+49
6378,1.20746151108543e+49
6379,1.2100760107485697e+49
6380,1.2126947402033205e+49
6381,1.2153177020608505e+49
6382,1.2179448989204924e+49
6383,1.2205763333697625e+49
6384,1.223212007984301e+49
6385,1.2258519253278216e+49
6386,1.228496087952036e+49
6387,1.2311444983966726e+49
6388,1.23379715918936e+49
6389,1.2364540728456134e+49
6390,1.2391152418687947e+49
6391,1.2417806687500664e+49
6392,1.2444503559683037e+49
6393,1.2471243059901174e+49
6394,1.2498025212697413e+49
6395,1.2524850042490205e+49
6396,1.2551717573573393e+49
6397,1.2578627830116317e+49
6398,1.2605580836162594e+49
6399,1.2632576615629978e+49
6400,1.265961519231007e+49
6401,1.268669658986762e+49
6402,1.2713820831840025e+49
6403,1.2740987941637153e+49
6404,1.2768197942540248e+49
6405,1.2795450857702342e+49
6406,1.282274671014691e+49
6407,1.2850085522768208e+49
6408,1.2877467318329837e+49
6409,1.2904892119465163e+49
6410,1.2932359948676652e+49
6411,1.2959870828334695e+49
6412,1.2987424780678195e+49
6413,1.3015021827813264e+49
6414,1.3042661991713004e+49
6415,1.3070345294217547e+49
6416,1.309807175703222e+49
6417,1.3125841401728883e+49
6418,1.3153654249743927e+49
6419,1.318151032237854e+49
6420,1.320940964079822e+49
6421,1.3237352226031843e+49
6422,1.3265338098971743e+49
6423,1.3293367280372788e+49
6424,1.3321439790852333e+49
6425,1.3349555650889326e+49
6426,1.3377714880823985e+49
6427,1.3405917500857263e+49
6428,1.343416353105066e+49
6429,1.3462452991325335e+49
6430,1.349078590146178e+49
6431,1.3519162281099504e+49
6432,1.3547582149736442e+49
6433,1.3576045526728037e+49
6434,1.3604552431287622e+49
6435,1.3633102882485186e+49
6436,1.366169689924735e+49
6437,1.3690334500356643e+49
6438,1.3719015704450985e+49
6439,1.3747740530023377e+49
6440,1.3776508995421454e+49
6441,1.380532111884656e+49
6442,1.383417691835383e+49
6443,1.386307641185149e+49
6444,1.3892019617100315e+49
6445,1.3921006551712946e+49
6446,1.3950037233154012e+49
6447,1.397911167873904e+49
6448,1.4008229905633892e+49
6449,1.4037391930855284e+49
6450,1.4066597771268802e+49
6451,1.4095847443589756e+49
6452,1.4125140964382082e+49
6453,1.4154478350057497e+49
6454,1.418385961687592e+49
6455,1.4213284780944175e+49
6456,1.4242753858215855e+49
6457,1.4272266864490898e+49
6458,1.4301823815414968e+49
6459,1.4331424726478877e+49
6460,1.4361069613018307e+49
6461,1.43907584902131e+49
6462,1.4420491373087137e+49
6463,1.445026827650735e+49
6464,1.448008921518374e+49
6465,1.4509954203668106e+49
6466,1.4539863256354595e+49
6467,1.4569816387478754e+49
6468,1.4599813611116412e+49
6469,1.4629854941184437e+49
6470,1.4659940391438768e+49
6471,1.469006997547551e+49
6472,1.4720243706729342e+49
6473,1.4750461598473154e+49
6474,1.4780723663817786e+49
6475,1.4811029915711892e+49
6476,1.4841380366940538e+49
6477,1.4871775030125424e+49
6478,1.4902213917724293e+49
6479,1.4932697042029948e+49
6480,1.49632244151706e+49
6481,1.4993796049108786e+49
6482,1.5024411955640765e+49
6483,1.5055072146396456e+49
6484,1.5085776632838698e+49
6485,1.5116525426263093e+49
6486,1.5147318537796692e+49
6487,1.5178155978398594e+49
6488,1.5209037758858375e+49
6489,1.523996388979659e+49
6490,1.527093438166348e+49
6491,1.530194924473914e+49
6492,1.5333008489132354e+49
6493,1.5364112124780703e+49
6494,1.5395260161449566e+49
6495,1.5426452608732122e+49
6496,1.5457689476048467e+49
6497,1.548897077264532e+49
6498,1.5520296507595514e+49
6499,1.555166668979716e+49
6500,1.5583081327973707e+49
6501,1.5614540430673438e+49
6502,1.5646044006268195e+49
6503,1.5677592062953726e+49
6504,1.5709184608748863e+49
6505,1.5740821651495105e+49
6506,1.5772503198855852e+49
6507,1.5804229258316468e+49
6508,1.583599983718304e+49
6509,1.5867814942582534e+49
6510,1.5899674581462126e+49
6511,1.593157876058841e+49
6512,1.5963527486547506e+49
6513,1.5995520765743762e+49
6514,1.6027558604399852e+49
6515,1.605964100855628e+49
6516,1.6091767984070487e+49
6517,1.6123939536616988e+49
6518,1.6156155671685985e+49
6519,1.6188416394583883e+49
6520,1.6220721710431805e+49
6521,1.625307162416559e+49
6522,1.6285466140536077e+49
6523,1.6317905264107032e+49
6524,1.6350388999255792e+49
6525,1.6382917350172106e+49
6526,1.6415490320858498e+49
6527,1.6448107915128757e+49
6528,1.648077013660829e+49
6529,1.6513476988733085e+49
6530,1.6546228474749286e+49
6531,1.6579024597713151e+49
6532,1.661186536048995e+49
6533,1.6644750765753913e+49
6534,1.667768081598755e+49
6535,1.6710655513481115e+49
6536,1.674367486033225e+49
6537,1.6776738858445328e+49
6538,1.680984750953144e+49
6539,1.6843000815106713e+49
6540,1.6876198776493594e+49
6541,1.6909441394818444e+49
6542,1.694272867101308e+49
6543,1.697606060581228e+49
6544,1.7009437199754695e+49
6545,1.7042858453181597e+49
6546,1.7076324366236867e+49
6547,1.7109834938866169e+49
6548,1.714339017081691e+49
6549,1.7176990061637054e+49
6550,1.7210634610674987e+49
6551,1.7244323817079511e+49
6552,1.7278057679798677e+49
6553,1.73118361975792e+49
6554,1.7345659368966833e+49
6555,1.7379527192304898e+49
6556,1.741343966573441e+49
6557,1.74473967871937e+49
6558,1.7481398554416965e+49
6559,1.751544496493509e+49
6560,1.754953601607418e+49
6561,1.7583671704955563e+49
6562,1.761785202849519e+49
6563,1.7652076983402955e+49
6564,1.7686346566182348e+49
6565,1.772066077313058e+49
6566,1.775501960033672e+49
6567,1.7789423043682277e+49
6568,1.7823871098840674e+49
6569,1.785836376127632e+49
6570,1.7892901026244344e+49
6571,1.792748288879017e+49
6572,1.796210934374863e+49
6573,1.799678038574473e+49
6574,1.803149600919112e+49
6575,1.8066256208289427e+49
6576,1.810106097702871e+49
6577,1.8135910309185745e+49
6578,1.8170804198324081e+49
6579,1.8205742637793295e+49
6580,1.8240725620728968e+49
6581,1.8275753140052405e+49
6582,1.831082518846955e+49
6583,1.8345941758470875e+49
6584,1.838110284233064e+49
6585,1.8416308432106794e+49
6586,1.8451558519640165e+49
6587,1.8486853096554317e+49
6588,1.8522192154254557e+49
6589,1.8557575683927977e+49
6590,1.8593003676542625e+49
6591,1.862847612284718e+49
6592,1.8663993013370642e+49
6593,1.8699554338421378e+49
6594,1.8735160088087225e+49
6595,1.877081025223434e+49
6596,1.8806504820507618e+49
6597,1.8842243782329456e+49
6598,1.8878027126899446e+49
6599,1.8913854843193955e+49
6600,1.894972691996603e+49
6601,1.8985643345744256e+49
6602,1.9021604108832633e+49
6603,1.905760919731056e+49
6604,1.9093658599031056e+49
6605,1.9129752301621753e+49
6606,1.916589029248372e+49
6607,1.9202072558790793e+49
6608,1.923829908748964e+49
6609,1.9274569865298642e+49
6610,1.9310884878708477e+49
6611,1.9347244113980113e+49
6612,1.9383647557146402e+49
6613,1.9420095194009018e+49
6614,1.9456587010140656e+49
6615,1.9493122990882445e+49
6616,1.9529703121345035e+49
6617,1.9566327386406443e+49
6618,1.9602995770713936e+49
6619,1.963970825868103e+49
6620,1.9676464834489082e+49
6621,1.9713265482085337e+49
6622,1.9750110185183298e+49
6623,1.978699892726229e+49
6624,1.9823931691566494e+49
6625,1.9860908461104868e+49
6626,1.9897929218650865e+49
6627,1.9934993946741001e+49
6628,1.99721026276758e+49
6629,2.000925524351822e+49
6630,2.004645177609353e+49
6631,2.0083692206989573e+49
6632,2.012097651755458e+49
6633,2.0158304688898965e+49
6634,2.0195676701892766e+49
6635,2.0233092537166882e+49
6636,2.027055217511123e+49
6637,2.0308055595875175e+49
6638,2.0345602779367245e+49
6639,2.0383193705253493e+49
6640,2.042082835295849e+49
6641,2.0458506701663523e+49
6642,2.0496228730307796e+49
6643,2.053399441758597e+49
6644,2.0571803741949577e+49
6645,2.0609656681605363e+49
6646,2.0647553214515277e+49
6647,2.0685493318396012e+49
6648,2.072347697071854e+49
6649,2.0761504148708008e+49
6650,2.0799574829341822e+49
6651,2.083768898935187e+49
6652,2.0875846605221464e+49
6653,2.0914047653186437e+49
6654,2.0952292109233783e+49
6655,2.099057994910242e+49
6656,2.102891114828138e+49
6657,2.106728568201029e+49
6658,2.1105703525278503e+49
6659,2.1144164652825086e+49
6660,2.1182669039137467e+49
6661,2.122121665845244e+49
6662,2.1259807484754394e+49
6663,2.1298441491775583e+49
6664,2.1337118652995642e+49
6665,2.1375838941640664e+49
6666,2.14146023306835e+49
6667,2.1453408792842875e+49
6668,2.1492258300583106e+49
6669,2.1531150826113526e+49
6670,2.1570086341388038e+49
6671,2.1609064818105243e+49
6672,2.1648086227707016e+49
6673,2.168715054137898e+49
6674,2.172625773004985e+49
6675,2.176540776439056e+49
6676,2.1804600614814721e+49
6677,2.184383625147678e+49
6678,2.188311464427359e+49
6679,2.192243576284201e+49
6680,2.1961799576559883e+49
6681,2.2001206054544642e+49
6682,2.2040655165653935e+49
6683,2.2080146878483985e+49
6684,2.2119681161370302e+49
6685,2.2159257982387007e+49
6686,2.2198877309345188e+49
6687,2.2238539109794476e+49
6688,2.227824335102129e+49
6689,2.2317990000048843e+49
6690,2.2357779023636517e+49
6691,2.2397610388280023e+49
6692,2.2437484060210256e+49
6693,2.2477400005393054e+49
6694,2.2517358189529744e+49
6695,2.2557358578054905e+49
6696,2.2597401136138068e+49
6697,2.2637485828681406e+49
6698,2.267761262032104e+49
6699,2.2717781475424892e+49
6700,2.2757992358093706e+49
6701,2.2798245232159982e+49
6702,2.283854006118813e+49
6703,2.2878876808473174e+49
6704,2.2919255437040976e+49
6705,2.2959675909648025e+49
6706,2.300013818878054e+49
6707,2.304064223665396e+49
6708,2.308118801521349e+49
6709,2.3121775486132646e+49
6710,2.316240461081388e+49
6711,2.320307535038685e+49
6712,2.3243787665709463e+49
6713,2.3284541517366605e+49
6714,2.3325336865669914e+49
6715,2.3366173670657768e+49
6716,2.3407051892094674e+49
6717,2.3447971489470297e+49
6718,2.3488932421999906e+49
6719,2.352993464862418e+49
6720,2.3570978128007787e+49
6721,2.361206281853992e+49
6722,2.3653188678333254e+49
6723,2.3694355665224127e+49
6724,2.3735563736772047e+49
6725,2.3776812850259036e+49
6726,2.381810296268983e+49
6727,2.38594340307906e+49
6728,2.3900806011009506e+49
6729,2.3942218859515684e+49
6730,2.3983672532199443e+49
6731,2.402516698467141e+49
6732,2.4066702172262586e+49
6733,2.410827805002324e+49
6734,2.414989457272373e+49
6735,2.4191551694853104e+49
6736,2.4233249370618985e+49
6737,2.427498755394789e+49
6738,2.4316766198483836e+49
6739,2.435858525758897e+49
6740,2.4400444684342357e+49
6741,2.4442344431539997e+49
6742,2.4484284451694847e+49
6743,2.452626469703559e+49
6744,2.4568285119507825e+49
6745,2.4610345670771357e+49
6746,2.4652446302202324e+49
6747,2.4694586964891476e+49
6748,2.473676760964338e+49
6749,2.477898818697818e+49
6750,2.4821248647128217e+49
6751,2.4863548940041187e+49
6752,2.490588901537637e+49
6753,2.494826882250708e+49
6754,2.499068831051827e+49
6755,2.50331474282076e+49
6756,2.507564612408466e+49
6757,2.511818434637029e+49
6758,2.516076204299697e+49
6759,2.520337916160758e+49
6760,2.5246035649555356e+49
6761,2.5288731453904757e+49
6762,2.533146652142938e+49
6763,2.537424079861266e+49
6764,2.54170542316473e+49
6765,2.5459906766435e+49
6766,2.550279834858582e+49
6767,2.5545728923419053e+49
6768,2.558869843596078e+49
6769,2.5631706830945593e+49
6770,2.567475405281547e+49
6771,2.571784004571903e+49
6772,2.576096475351209e+49
6773,2.5804128119757224e+49
6774,2.5847330087722166e+49
6775,2.589057060038181e+49
6776,2.593384960041569e+49
6777,2.597716703020922e+49
6778,2.602052283185216e+49
6779,2.606391694713939e+49
6780,2.6107349317570535e+49
6781,2.6150819884348657e+49
6782,2.619432858838087e+49
6783,2.6237875370278014e+49
6784,2.628146017035384e+49
6785,2.632508292862533e+49
6786,2.636874358481233e+49
6787,2.64124420783365e+49
6788,2.645617834832154e+49
6789,2.6499952333594035e+49
6790,2.654376397268112e+49
6791,2.658761320381151e+49
6792,2.6631499964914735e+49
6793,2.66754241936214e+49
6794,2.6719385827262747e+49
6795,2.676338480286927e+49
6796,2.6807421057171935e+49
6797,2.685149452660209e+49
6798,2.689560514728932e+49
6799,2.693975285506259e+49
6800,2.6983937585450404e+49
6801,2.702815927367895e+49
6802,2.70724178546733e+49
6803,2.7116713263056923e+49
6804,2.716104543315006e+49
6805,2.7205414298971717e+49
6806,2.724981979423766e+49
6807,2.72942618523605e+49
6808,2.733874040645023e+49
6809,2.7383255389312957e+49
6810,2.7427806733451723e+49
6811,2.7472394371065007e+49
6812,2.7517018234047543e+49
6813,2.7561678253989606e+49
6814,2.7606374362176874e+49
6815,2.7651106489589894e+49
6816,2.769587456690478e+49
6817,2.774067852449185e+49
6818,2.7785518292415937e+49
6819,2.7830393800436073e+49
6820,2.7875304978005515e+49
6821,2.7920251754271005e+49
6822,2.7965234058073183e+49
6823,2.801025181794564e+49
6824,2.8055304962115637e+49
6825,2.810039341850266e+49
6826,2.8145517114719323e+49
6827,2.8190675978070675e+49
6828,2.8235869935553875e+49
6829,2.8281098913858325e+49
6830,2.832636283936538e+49
6831,2.837166163814752e+49
6832,2.841699523596901e+49
6833,2.8462363558285245e+49
6834,2.8507766530243257e+49
6835,2.8553204076679923e+49
6836,2.8598676122123457e+49
6837,2.8644182590792116e+49
6838,2.868972340659483e+49
6839,2.873529849313023e+49
6840,2.8780907773686985e+49
6841,2.882655117124374e+49
6842,2.8872228608467836e+49
6843,2.891794000771681e+49
6844,2.896368529103709e+49
6845,2.900946438016378e+49
6846,2.9055277196521217e+49
6847,2.910112366122183e+49
6848,2.9147003695066655e+49
6849,2.9192917218546043e+49
6850,2.923886415183651e+49
6851,2.9284844414804347e+49
6852,2.933085792700195e+49
6853,2.937690460767096e+49
6854,2.942298437573952e+49
6855,2.946909714982322e+49
6856,2.951524284822476e+49
6857,2.9561421388934185e+49
6858,2.9607632689628156e+49
6859,2.9653876667669494e+49
6860,2.970015324010839e+49
6861,2.9746462323681086e+49
6862,2.979280383480982e+49
6863,2.983917768960325e+49
6864,2.9885583803856336e+49
6865,2.993202209304899e+49
6866,2.9978492472347485e+49
6867,3.0024994856603463e+49
6868,3.007152916035424e+49
6869,3.011809529782144e+49
6870,3.0164693182913464e+49
6871,3.0211322729222654e+49
6872,3.025798385002632e+49
6873,3.030467645828729e+49
6874,3.035140046665204e+49
6875,3.0398155787452653e+49
6876,3.0444942332704926e+49
6877,3.049176001410936e+49
6878,3.053860874305107e+49
6879,3.058548843059814e+49
6880,3.0632398987504084e+49
6881,3.0679340324205427e+49
6882,3.0726312350822336e+49
6883,3.0773314977159823e+49
6884,3.0820348112705613e+49
6885,3.08674116666312e+49
6886,3.0914505547791387e+49
6887,3.096162966472481e+49
6888,3.1008783925652914e+49
6889,3.1055968238480457e+49
6890,3.1103182510794896e+49
6891,3.1150426649868313e+49
6892,3.1197700562653473e+49
6893,3.124500415578748e+49
6894,3.129233733558958e+49
6895,3.1339700008062565e+49
6896,3.138709207889086e+49
6897,3.143451345344242e+49
6898,3.148196403676682e+49
6899,3.1529443733597004e+49
6900,3.1576952448347494e+49
6901,3.1624490085115876e+49
6902,3.1672056547681386e+49
6903,3.171965173950601e+49
6904,3.1767275563733497e+49
6905,3.1814927923190413e+49
6906,3.1862608720384585e+49
6907,3.191031785750658e+49
6908,3.1958055236428675e+49
6909,3.200582075870496e+49
6910,3.2053614325571715e+49
6911,3.2101435837947163e+49
6912,3.214928519643134e+49
6913,3.2197162301305994e+49
6914,3.224506705253482e+49
6915,3.229299934976354e+49
6916,3.2340959092318563e+49
6917,3.238894617920993e+49
6918,3.243696050912813e+49
6919,3.2485001980445366e+49
6920,3.2533070491215743e+49
6921,3.2581165939175747e+49
6922,3.2629288221742353e+49
6923,3.267743723601519e+49
6924,3.272561287877528e+49
6925,3.2773815046484824e+49
6926,3.28220436352889e+49
6927,3.287029854101293e+49
6928,3.2918579659165446e+49
6929,3.296688688493522e+49
6930,3.301522011319388e+49
6931,3.306357923849447e+49
6932,3.311196415507145e+49
6933,3.3160374756841495e+49
6934,3.3208810937403125e+49
6935,3.325727259003628e+49
6936,3.3305759607703257e+49
6937,3.3354271883047803e+49
6938,3.3402809308395926e+49
6939,3.345137177575546e+49
6940,3.349995917681591e+49
6941,3.3548571402949707e+49
6942,3.3597208345210586e+49
6943,3.36458698943347e+49
6944,3.3694555940739997e+49
6945,3.3743266374527545e+49
6946,3.379200108547966e+49
6947,3.384075996306167e+49
6948,3.388954289642137e+49
6949,3.3938349774388385e+49
6950,3.398718048547555e+49
6951,3.403603491787767e+49
6952,3.4084912959472834e+49
6953,3.413381449782142e+49
6954,3.418273942016675e+49
6955,3.4231687613435073e+49
6956,3.4280658964235534e+49
6957,3.432965335886027e+49
6958,3.437867068328537e+49
6959,3.442771082316808e+49
6960,3.4476773663851553e+49
6961,3.452585909036016e+49
6962,3.4574966987403387e+49
6963,3.462409723937325e+49
6964,3.4673249730345895e+49
6965,3.4722424344081626e+49
6966,3.4771620964023373e+49
6967,3.4820839473300085e+49
6968,3.4870079754723054e+49
6969,3.4919341690788623e+49
6970,3.496862516367725e+49
6971,3.501793005525413e+49
6972,3.5067256247069027e+49
6973,3.5116603620356313e+49
6974,3.516597205603497e+49
6975,3.5215361434709314e+49
6976,3.5264771636669317e+49
6977,3.5314202541888567e+49
6978,3.536365403002802e+49
6979,3.5413125980433044e+49
6980,3.546261827213435e+49
6981,3.5512130783849856e+49
6982,3.556166339398186e+49
6983,3.5611215980620373e+49
6984,3.5660788421540033e+49
6985,3.571038059420341e+49
6986,3.575999237575938e+49
6987,3.5809623643042117e+49
6988,3.585927427257519e+49
6989,3.590894414056755e+49
6990,3.595863312291533e+49
6991,3.600834109520375e+49
6992,3.605806793270385e+49
6993,3.610781351037543e+49
6994,3.6157577702865987e+49
6995,3.620736038451156e+49
6996,3.6257161429336023e+49
6997,3.6306980711052684e+49
6998,3.6356818103062687e+49
6999,3.6406673478456406e+49
7000,3.6456546710014213e+49
7001,3.650643767020393e+49
7002,3.655634623118536e+49
7003,3.6606272264806273e+49
7004,3.665621564260514e+49
7005,3.6706176235810877e+49
7006,3.675615391534205e+49
7007,3.6806148551808544e+49
7008,3.685616001551087e+49
7009,3.69061881764409e+49
7010,3.6956232904281316e+49
7011,3.700629406840723e+49
7012,3.705637153788457e+49
7013,3.7106465181471583e+49
7014,3.715657486761962e+49
7015,3.7206700464470945e+49
7016,3.725684183986224e+49
7017,3.730699886132202e+49
7018,3.7357171396072823e+49
7019,3.740735931103071e+49
7020,3.745756247280471e+49
7021,3.750778074769891e+49
7022,3.7558014001710646e+49
7023,3.760826210053324e+49
7024,3.7658524909553454e+49
7025,3.7708802293853997e+49
7026,3.7759094118212923e+49
7027,3.780940024710334e+49
7028,3.785972054469518e+49
7029,3.791005487485384e+49
7030,3.7960403101142027e+49
7031,3.8010765086818687e+49
7032,3.8061140694840135e+49
7033,3.8111529787859827e+49
7034,3.816193222822984e+49
7035,3.82123478779989e+49
7036,3.826277659891488e+49
7037,3.831321825242428e+49
7038,3.836367269967262e+49
7039,3.8414139801503573e+49
7040,3.846461941846262e+49
7041,3.85151114107929e+49
7042,3.8565615638439184e+49
7043,3.861613196104606e+49
7044,3.866666023795914e+49
7045,3.8717200328225725e+49
7046,3.8767752090593705e+49
7047,3.8818315383514623e+49
7048,3.8868890065139884e+49
7049,3.89194759933257e+49
7050,3.8970073025629327e+49
7051,3.902068101931233e+49
7052,3.907129983134035e+49
7053,3.912192931838209e+49
7054,3.917256933681064e+49
7055,3.9223219742704584e+49
7056,3.92738803918464e+49
7057,3.932455113972528e+49
7058,3.937523184153595e+49
7059,3.9425922352178024e+49
7060,3.947662252626004e+49
7061,3.952733221809493e+49
7062,3.957805128170522e+49
7063,3.962877957081962e+49
7064,3.9679516938875726e+49
7065,3.9730263239019066e+49
7066,3.978101832410493e+49
7067,3.983178204669762e+49
7068,3.988255425907025e+49
7069,3.993333481320765e+49
7070,3.998412356080369e+49
7071,4.0034920353264025e+49
7072,4.008572504170558e+49
7073,4.0136537476957077e+49
7074,4.0187357509558974e+49
7075,4.023818498976478e+49
7076,4.0289019767541325e+49
7077,4.033986169256814e+49
7078,4.0390710614239906e+49
7079,4.044156638166423e+49
7080,4.04924288436641e+49
7081,4.054329784877846e+49
7082,4.059417324526105e+49
7083,4.064505488108204e+49
7084,4.069594260392827e+49
7085,4.0746836261203343e+49
7086,4.0797735700028523e+49
7087,4.0848640767243667e+49
7088,4.089955130940624e+49
7089,4.0950467172792657e+49
7090,4.1001388203399045e+49
7091,4.1052314246941774e+49
7092,4.110324514885675e+49
7093,4.1154180754301105e+49
7094,4.120512090815302e+49
7095,4.125606545501245e+49
7096,4.1307014239202666e+49
7097,4.1357967104768097e+49
7098,4.140892389547791e+49
7099,4.145988445482348e+49
7100,4.1510848626022106e+49
7101,4.1561816252014826e+49
7102,4.1612787175468194e+49
7103,4.166376123877486e+49
7104,4.1714738284053097e+49
7105,4.1765718153149197e+49
7106,4.181670068763561e+49
7107,4.186768572881312e+49
7108,4.1918673117711553e+49
7109,4.1969662695088135e+49
7110,4.202065430143215e+49
7111,4.2071647776960053e+49
7112,4.212264296162024e+49
7113,4.2173639695092344e+49
7114,4.222463781678783e+49
7115,4.227563716584918e+49
7116,4.2326637581153164e+49
7117,4.2377638901308696e+49
7118,4.2428640964659496e+49
7119,4.247964360928314e+49
7120,4.2530646672991585e+49
7121,4.258164999333449e+49
7122,4.2632653407595016e+49
7123,4.26836567527957e+49
7124,4.2734659865694174e+49
7125,4.2785662582786883e+49
7126,4.2836664740308886e+49
7127,4.288766617423453e+49
7128,4.293866672027723e+49
7129,4.2989666213890426e+49
7130,4.3040664490269357e+49
7131,4.3091661384350714e+49
7132,4.3142656730812285e+49
7133,4.3193650364075247e+49
7134,4.324464211830397e+49
7135,4.3295631827406137e+49
7136,4.3346619325035197e+49
7137,4.339760444458834e+49
7138,4.344858701921021e+49
7139,4.349956688178994e+49
7140,4.3550543864965084e+49
7141,4.360151780112046e+49
7142,4.3652488522388326e+49
7143,4.370345586065176e+49
7144,4.375441964754173e+49
7145,4.3805379714440016e+49
7146,4.385633589247988e+49
7147,4.390728801254522e+49
7148,4.3958235905272375e+49
7149,4.400917940105071e+49
7150,4.4060118330023235e+49
7151,4.4111052522086587e+49
7152,4.4161981806893033e+49
7153,4.4212906013849846e+49
7154,4.4263824972120704e+49
7155,4.43147385106256e+49
7156,4.436564645804292e+49
7157,4.441654864280919e+49
7158,4.4467444893119763e+49
7159,4.451833503692843e+49
7160,4.456921890195198e+49
7161,4.462009631566511e+49
7162,4.4670967105306734e+49
7163,4.472183109787714e+49
7164,4.4772688120139514e+49
7165,4.482353799862178e+49
7166,4.487438055961464e+49
7167,4.4925215629176845e+49
7168,4.4976043033131123e+49
7169,4.5026862597066887e+49
7170,4.5077674146342064e+49
7171,4.512847750608255e+49
7172,4.5179272501182216e+49
7173,4.5230058956305297e+49
7174,4.528083669588705e+49
7175,4.5331605544133145e+49
7176,4.5382365325020255e+49
7177,4.5433115862299563e+49
7178,4.548385697949444e+49
7179,4.5534588499902017e+49
7180,4.558531024659616e+49
7181,4.5636022042424875e+49
7182,4.5686723710012384e+49
7183,4.573741507176146e+49
7184,4.57880959498513e+49
7185,4.583876616624153e+49
7186,4.5889425542669733e+49
7187,4.59400739006548e+49
7188,4.5990711061496154e+49
7189,4.6041336846275413e+49
7190,4.6091951075857204e+49
7191,4.6142553570888666e+49
7192,4.619314415180223e+49
7193,4.6243722638814703e+49
7194,4.629428885192869e+49
7195,4.6344842610934157e+49
7196,4.639538373540818e+49
7197,4.644591204471566e+49
7198,4.6496427358011874e+49
7199,4.6546929494240716e+49
7200,4.659741827213751e+49
7201,4.664789351022878e+49
7202,4.669835502683427e+49
7203,4.674880264006561e+49
7204,4.679923616782976e+49
7205,4.684965542782846e+49
7206,4.69000602375582e+49
7207,4.695045041431327e+49
7208,4.700082577518485e+49
7209,4.705118613706236e+49
7210,4.710153131663496e+49
7211,4.715186113039114e+49
7212,4.720217539462045e+49
7213,4.725247392541445e+49
7214,4.730275653866669e+49
7215,4.735302305007554e+49
7216,4.740327327514139e+49
7217,4.745350702917279e+49
7218,4.75037241272817e+49
7219,4.755392438438931e+49
7220,4.760410761522308e+49
7221,4.765427363431994e+49
7222,4.770442225602629e+49
7223,4.775455329449932e+49
7224,4.780466656370724e+49
7225,4.785476187743083e+49
7226,4.790483904926477e+49
7227,4.795489789261644e+49
7228,4.800493822070962e+49
7229,4.805495984658419e+49
7230,4.810496258309514e+49
7231,4.815494624291736e+49
7232,4.820491063854347e+49
7233,4.825485558228561e+49
7234,4.830478088627723e+49
7235,4.835468636247268e+49
7236,4.840457182264964e+49
7237,4.845443707840765e+49
7238,4.85042819411721e+49
7239,4.855410622219272e+49
7240,4.860390973254678e+49
7241,4.865369228313652e+49
7242,4.87034536846949e+49
7243,4.875319374778211e+49
7244,4.880291228278886e+49
7245,4.885260909993723e+49
7246,4.890228400928134e+49
7247,4.895193682070781e+49
7248,4.900156734393727e+49
7249,4.905117538852555e+49
7250,4.910076076386406e+49
7251,4.915032327918155e+49
7252,4.919986274354426e+49
7253,4.924937896585692e+49
7254,4.929887175486505e+49
7255,4.934834091915377e+49
7256,4.93977862671513e+49
7257,4.944720760712709e+49
7258,4.949660474719621e+49
7259,4.954597749531744e+49
7260,4.959532565929545e+49
7261,4.964464904678171e+49
7262,4.969394746527611e+49
7263,4.974322072212724e+49
7264,4.979246862453259e+49
7265,4.984169097954204e+49
7266,4.989088759405668e+49
7267,4.994005827483018e+49
7268,4.99892028284711e+49
7269,5.003832106144204e+49
7270,5.008741278006223e+49
7271,5.01364777905084e+49
7272,5.01855158988149e+49
7273,5.023452691087545e+49
7274,5.028351063244348e+49
7275,5.03324668691339e+49
7276,5.038139542642533e+49
7277,5.043029610965768e+49
7278,5.047916872403669e+49
7279,5.052801307463373e+49
7280,5.057682896638629e+49
7281,5.062561620409842e+49
7282,5.067437459244533e+49
7283,5.072310393597012e+49
7284,5.077180403908842e+49
7285,5.082047470608588e+49
7286,5.086911574112225e+49
7287,5.091772694823157e+49
7288,5.096630813132299e+49
7289,5.101485909418235e+49
7290,5.106337964047157e+49
7291,5.111186957373281e+49
7292,5.116032869738633e+49
7293,5.120875681473446e+49
7294,5.125715372896036e+49
7295,5.130551924313016e+49
7296,5.135385316019542e+49
7297,5.140215528299086e+49
7298,5.145042541423874e+49
7299,5.149866335654864e+49
7300,5.1546868912418e+49
7301,5.15950418842346e+49
7302,5.164318207427692e+49
7303,5.169128928471492e+49
7304,5.173936331761239e+49
7305,5.178740397492604e+49
7306,5.183541105850906e+49
7307,5.188338437011062e+49
7308,5.193132371137778e+49
7309,5.197922888385546e+49
7310,5.202709968899063e+49
7311,5.207493592812803e+49
7312,5.212273740251777e+49
7313,5.217050391331118e+49
7314,5.22182352615658e+49
7315,5.22659312482438e+49
7316,5.231359167421366e+49
7317,5.236121634025374e+49
7318,5.240880504704977e+49
7319,5.245635759519909e+49
7320,5.250387378520975e+49
7321,5.255135341750316e+49
7322,5.25987962924149e+49
7323,5.264620221019419e+49
7324,5.269357097100804e+49
7325,5.274090237494057e+49
7326,5.278819622199423e+49
7327,5.283545231209159e+49
7328,5.2882670445076e+49
7329,5.292985042071398e+49
7330,5.29769920386945e+49
7331,5.302409509863163e+49
7332,5.30711594000648e+49
7333,5.311818474246108e+49
7334,5.316517092521658e+49
7335,5.321211774765528e+49
7336,5.325902500903365e+49
7337,5.330589250853829e+49
7338,5.335272004529015e+49
7339,5.339950741834451e+49
7340,5.344625442669286e+49
7341,5.349296086926107e+49
7342,5.353962654491668e+49
7343,5.358625125246462e+49
7344,5.363283479064964e+49
7345,5.367937695815961e+49
7346,5.372587755362555e+49
7347,5.377233637562224e+49
7348,5.381875322266946e+49
7349,5.386512789323555e+49
7350,5.39114601857344e+49
7351,5.395774989853248e+49
7352,5.400399682994386e+49
7353,5.405020077823568e+49
7354,5.409636154162828e+49
7355,5.414247891829622e+49
7356,5.418855270636974e+49
7357,5.423458270393557e+49
7358,5.428056870903952e+49
7359,5.432651051968532e+49
7360,5.437240793383966e+49
7361,5.441826074942885e+49
7362,5.446406876434391e+49
7363,5.450983177644018e+49
7364,5.455554958353925e+49
7365,5.460122198342891e+49
7366,5.464684877386543e+49
7367,5.469242975257637e+49
7368,5.473796471725791e+49
7369,5.478345346558046e+49
7370,5.482889579518816e+49
7371,5.487429150369795e+49
7372,5.491964038870489e+49
7373,5.496494224778061e+49
7374,5.501019687847682e+49
7375,5.505540407832449e+49
7376,5.510056364483598e+49
7377,5.514567537550633e+49
7378,5.519073906781488e+49
7379,5.523575451922676e+49
7380,5.528072152719329e+49
7381,5.53256398891539e+49
7382,5.537050940253779e+49
7383,5.54153298647648e+49
7384,5.54601010732464e+49
7385,5.550482282538743e+49
7386,5.554949491858899e+49
7387,5.559411715024506e+49
7388,5.563868931775017e+49
7389,5.56832112184962e+49
7390,5.572768264987435e+49
7391,5.57721034092789e+49
7392,5.581647329410572e+49
7393,5.586079210175519e+49
7394,5.590505962963342e+49
7395,5.594927567515255e+49
7396,5.599344003573281e+49
7397,5.603755250880506e+49
7398,5.608161289181092e+49
7399,5.612562098220297e+49
7400,5.616957657744886e+49
7401,5.62134794750297e+49
7402,5.625732947244451e+49
7403,5.63011263672087e+49
7404,5.634486995685829e+49
7405,5.638856003894722e+49
7406,5.643219641105392e+49
7407,5.647577887077918e+49
7408,5.651930721574745e+49
7409,5.65627812436094e+49
7410,5.660620075204416e+49
7411,5.664956553875897e+49
7412,5.669287540149008e+49
7413,5.673613013800676e+49
7414,5.67793295461104e+49
7415,5.68224734236371e+49
7416,5.686556156845769e+49
7417,5.690859377848171e+49
7418,5.695156985165526e+49
7419,5.699448958596586e+49
7420,5.703735277944045e+49
7421,5.708015923015085e+49
7422,5.712290873621143e+49
7423,5.716560109578257e+49
7424,5.720823610707117e+49
7425,5.725081356833324e+49
7426,5.72933332778725e+49
7427,5.733579503404618e+49
7428,5.737819863526221e+49
7429,5.74205438799833e+49
7430,5.746283056672781e+49
7431,5.750505849407053e+49
7432,5.754722746064385e+49
7433,5.758933726513965e+49
7434,5.763138770631187e+49
7435,5.767337858297646e+49
7436,5.771530969401252e+49
7437,5.775718083836667e+49
7438,5.779899181504824e+49
7439,5.784074242313916e+49
7440,5.788243246178795e+49
7441,5.792406173021511e+49
7442,5.796563002771354e+49
7443,5.800713715365073e+49
7444,5.804858290746776e+49
7445,5.808996708868432e+49
7446,5.813128949689737e+49
7447,5.817254993178308e+49
7448,5.821374819310015e+49
7449,5.825488408068803e+49
7450,5.829595739447245e+49
7451,5.833696793446167e+49
7452,5.837791550075301e+49
7453,5.841879989353191e+49
7454,5.845962091307246e+49
7455,5.850037835974097e+49
7456,5.854107203399639e+49
7457,5.858170173639036e+49
7458,5.862226726757238e+49
7459,5.866276842828823e+49
7460,5.870320501938056e+49
7461,5.874357684179461e+49
7462,5.878388369657523e+49
7463,5.882412538487116e+49
7464,5.886430170793454e+49
7465,5.8904412467124e+49
7466,5.89444574639059e+49
7467,5.898443649985387e+49
7468,5.902434937665363e+49
7469,5.906419589610114e+49
7470,5.910397586010618e+49
7471,5.914368907069341e+49
7472,5.918333533000327e+49
7473,5.922291444029318e+49
7474,5.926242620394117e+49
7475,5.930187042344414e+49
7476,5.934124690142205e+49
7477,5.93805554406185e+49
7478,5.941979584390236e+49
7479,5.945896791426607e+49
7480,5.949807145483436e+49
7481,5.953710626885888e+49
7482,5.957607215972186e+49
7483,5.961496893093884e+49
7484,5.965379638616007e+49
7485,5.969255432916921e+49
7486,5.973124256388829e+49
7487,5.976986089437673e+49
7488,5.980840912483477e+49
7489,5.9846887059603e+49
7490,5.988529450316524e+49
7491,5.992363126015099e+49
7492,5.996189713533255e+49
7493,6.000009193363147e+49
7494,6.003821546011896e+49
7495,6.007626752001421e+49
7496,6.011424791868979e+49
7497,6.015215646167122e+49
7498,6.018999295463849e+49
7499,6.022775720342807e+49
7500,6.026544901403519e+49
7501,6.030306819261244e+49
7502,6.034061454547479e+49
7503,6.037808787909823e+49
7504,6.041548800012353e+49
7505,6.045281471535634e+49
7506,6.049006783176896e+49
7507,6.052724715650281e+49
7508,6.056435249686814e+49
7509,6.060138366034656e+49
7510,6.0638340454593e+49
7511,6.06752226874371e+49
7512,6.071203016688266e+49
7513,6.074876270111204e+49
7514,6.078542009848721e+49
7515,6.082200216754856e+49
7516,6.085850871701959e+49
7517,6.089493955580706e+49
7518,6.093129449300206e+49
7519,6.09675733378823e+49
7520,6.100377589991444e+49
7521,6.103990198875277e+49
7522,6.107595141424359e+49
7523,6.111192398642587e+49
7524,6.114781951553129e+49
7525,6.118363781198811e+49
7526,6.121937868642107e+49
7527,6.125504194965334e+49
7528,6.129062741270938e+49
7529,6.132613488681274e+49
7530,6.136156418339161e+49
7531,6.139691511407904e+49
7532,6.143218749071276e+49
7533,6.146738112533889e+49
7534,6.150249583021305e+49
7535,6.153753141780064e+49
7536,6.157248770077943e+49
7537,6.160736449204151e+49
7538,6.164216160469311e+49
7539,6.167687885205709e+49
7540,6.171151604767536e+49
7541,6.17460730053093e+49
7542,6.178054953894085e+49
7543,6.181494546277574e+49
7544,6.184926059124297e+49
7545,6.188349473899791e+49
7546,6.191764772092235e+49
7547,6.195171935212818e+49
7548,6.198570944795734e+49
7549,6.201961782398211e+49
7550,6.205344429601034e+49
7551,6.208718868008255e+49
7552,6.212085079247813e+49
7553,6.215443044971104e+49
7554,6.218792746853892e+49
7555,6.222134166595635e+49
7556,6.225467285920325e+49
7557,6.228792086576071e+49
7558,6.232108550335816e+49
7559,6.235416658997094e+49
7560,6.23871639438222e+49
7561,6.242007738338585e+49
7562,6.245290672738721e+49
7563,6.248565179480422e+49
7564,6.25183124048705e+49
7565,6.255088837707545e+49
7566,6.25833795311643e+49
7567,6.261578568714437e+49
7568,6.264810666528146e+49
7569,6.268034228610322e+49
7570,6.27124923704041e+49
7571,6.274455673923903e+49
7572,6.277653521393457e+49
7573,6.280842761608079e+49
7574,6.284023376754207e+49
7575,6.287195349045008e+49
7576,6.290358660721171e+49
7577,6.293513294050685e+49
7578,6.296659231329164e+49
7579,6.299796454879944e+49
7580,6.302924947054264e+49
7581,6.30604469023137e+49
7582,6.309155666818656e+49
7583,6.312257859251922e+49
7584,6.315351249995304e+49
7585,6.318435821541824e+49
7586,6.321511556413037e+49
7587,6.324578437159621e+49
7588,6.327636446361133e+49
7589,6.330685566626559e+49
7590,6.333725780594108e+49
7591,6.336757070931753e+49
7592,6.339779420336836e+49
7593,6.342792811536847e+49
7594,6.345797227289081e+49
7595,6.348792650381e+49
7596,6.351779063630393e+49
7597,6.35475644988544e+49
7598,6.357724792024909e+49
7599,6.360684072958323e+49
7600,6.363634275626086e+49
7601,6.366575382999681e+49
7602,6.369507378081653e+49
7603,6.372430243905991e+49
7604,6.375343963538191e+49
7605,6.378248520075198e+49
7606,6.381143896646011e+49
7607,6.384030076411343e+49
7608,6.386907042563986e+49
7609,6.389774778329174e+49
7610,6.392633266964325e+49
7611,6.395482491759352e+49
7612,6.39832243603702e+49
7613,6.401153083152753e+49
7614,6.403974416495168e+49
7615,6.406786419485663e+49
7616,6.409589075579149e+49
7617,6.412382368263898e+49
7618,6.415166281061727e+49
7619,6.417940797528282e+49
7620,6.420705901252814e+49
7621,6.423461575858783e+49
7622,6.426207805003724e+49
7623,6.428944572379604e+49
7624,6.431671861712603e+49
7625,6.434389656763742e+49
7626,6.437097941328547e+49
7627,6.439796699237735e+49
7628,6.442485914356643e+49
7629,6.445165570586244e+49
7630,6.447835651862427e+49
7631,6.450496142156964e+49
7632,6.453147025476918e+49
7633,6.455788285865232e+49
7634,6.458419907400853e+49
7635,6.46104187419861e+49
7636,6.46365417040969e+49
7637,6.46625678022159e+49
7638,6.468849687858277e+49
7639,6.471432877580338e+49
7640,6.47400633368524e+49
7641,6.476570040507223e+49
7642,6.479123982417806e+49
7643,6.481668143825524e+49
7644,6.484202509176461e+49
7645,6.486727062954092e+49
7646,6.489241789679628e+49
7647,6.491746673911988e+49
7648,6.494241700247992e+49
7649,6.496726853322773e+49
7650,6.49920211780945e+49
7651,6.501667478419668e+49
7652,6.504122919903485e+49
7653,6.506568427049734e+49
7654,6.509003984685876e+49
7655,6.511429577678427e+49
7656,6.513845190933104e+49
7657,6.516250809394606e+49
7658,6.518646418047141e+49
7659,6.521032001914414e+49
7660,6.523407546059802e+49
7661,6.525773035586492e+49
7662,6.528128455637539e+49
7663,6.530473791396082e+49
7664,6.53280902808558e+49
7665,6.535134150969657e+49
7666,6.537449145352681e+49
7667,6.539753996579494e+49
7668,6.542048690035783e+49
7669,6.544333211148143e+49
7670,6.546607545384264e+49
7671,6.548871678252906e+49
7672,6.551125595304256e+49
7673,6.553369282130144e+49
7674,6.555602724363781e+49
7675,6.557825907680128e+49
7676,6.560038817796314e+49
7677,6.562241440471147e+49
7678,6.564433761505943e+49
7679,6.566615766744013e+49
7680,6.568787442071391e+49
7681,6.570948773416535e+49
7682,6.573099746750707e+49
7683,6.575240348087919e+49
7684,6.577370563485324e+49
7685,6.579490379043114e+49
7686,6.581599780904783e+49
7687,6.583698755257226e+49
7688,6.585787288330842e+49
7689,6.587865366399846e+49
7690,6.589932975782141e+49
7691,6.591990102839534e+49
7692,6.594036733978019e+49
7693,6.596072855647836e+49
7694,6.598098454343472e+49
7695,6.600113516604042e+49
7696,6.602118029013062e+49
7697,6.604111978199085e+49
7698,6.606095350835301e+49
7699,6.608068133640069e+49
7700,6.610030313376848e+49
7701,6.611981876854391e+49
7702,6.61392281092693e+49
7703,6.615853102494189e+49
7704,6.617772738501596e+49
7705,6.61968170594041e+49
7706,6.621579991847832e+49
7707,6.623467583307061e+49
7708,6.625344467447695e+49
7709,6.627210631445554e+49
7710,6.629066062522816e+49
7711,6.63091074794862e+49
7712,6.632744675038396e+49
7713,6.634567831154715e+49
7714,6.636380203707083e+49
7715,6.638181780152201e+49
7716,6.639972547993817e+49
7717,6.641752494783296e+49
7718,6.643521608119306e+49
7719,6.645279875648283e+49
7720,6.647027285064409e+49
7721,6.648763824109703e+49
7722,6.650489480574199e+49
7723,6.652204242296192e+49
7724,6.653908097162181e+49
7725,6.65560103310692e+49
7726,6.657283038113898e+49
7727,6.65895410021528e+49
7728,6.660614207491736e+49
7729,6.662263348073085e+49
7730,6.66390151013798e+49
7731,6.665528681914571e+49
7732,6.667144851679831e+49
7733,6.6687500077604e+49
7734,6.670344138532473e+49
7735,6.671927232421669e+49
7736,6.673499277903586e+49
7737,6.675060263503574e+49
7738,6.676610177797112e+49
7739,6.678149009409843e+49
7740,6.679676747017401e+49
7741,6.68119337934608e+49
7742,6.682698895172623e+49
7743,6.684193283324257e+49
7744,6.685676532679103e+49
7745,6.687148632166043e+49
7746,6.688609570765025e+49
7747,6.69005933750695e+49
7748,6.691497921474155e+49
7749,6.69292531180014e+49
7750,6.694341497669951e+49
7751,6.695746468320164e+49
7752,6.697140213039075e+49
7753,6.698522721166788e+49
7754,6.699893982095329e+49
7755,6.701253985268703e+49
7756,6.702602720183299e+49
7757,6.703940176387501e+49
7758,6.705266343482139e+49
7759,6.706581211120825e+49
7760,6.707884769009464e+49
7761,6.709177006906872e+49
7762,6.710457914624711e+49
7763,6.711727482027512e+49
7764,6.712985699032887e+49
7765,6.714232555611872e+49
7766,6.715468041788534e+49
7767,6.716692147640519e+49
7768,6.71790486329896e+49
7769,6.719106178948533e+49
7770,6.720296084827916e+49
7771,6.721474571229364e+49
7772,6.722641628499392e+49
7773,6.723797247038348e+49
7774,6.724941417300918e+49
7775,6.726074129796087e+49
7776,6.727195375087264e+49
7777,6.728305143792286e+49
7778,6.72940342658378e+49
7779,6.730490214188965e+49
7780,6.731565497389949e+49
7781,6.732629267023989e+49
7782,6.733681513983102e+49
7783,6.734722229214664e+49
7784,6.735751403721291e+49
7785,6.736769028560953e+49
7786,6.737775094847163e+49
7787,6.738769593748973e+49
7788,6.739752516491186e+49
7789,6.740723854354406e+49
7790,6.741683598675075e+49
7791,6.742631740845735e+49
7792,6.743568272314933e+49
7793,6.744493184587551e+49
7794,6.745406469224821e+49
7795,6.746308117844101e+49
7796,6.747198122119674e+49
7797,6.748076473782196e+49
7798,6.748943164619049e+49
7799,6.74979818647469e+49
7800,6.750641531250064e+49
7801,6.751473190903574e+49
7802,6.752293157450524e+49
7803,6.753101422963387e+49
7804,6.753897979572116e+49
7805,6.754682819464046e+49
7806,6.755455934883956e+49
7807,6.756217318134214e+49
7808,6.756966961575079e+49
7809,6.757704857624389e+49
7810,6.758430998758062e+49
7811,6.759145377509872e+49
7812,6.759847986471778e+49
7813,6.760538818293895e+49
7814,6.76121786568472e+49
7815,6.761885121410805e+49
7816,6.762540578297583e+49
7817,6.763184229228693e+49
7818,6.763816067146745e+49
7819,6.764436085052774e+49
7820,6.765044276006988e+49
7821,6.76564063312812e+49
7822,6.766225149594265e+49
7823,6.766797818642419e+49
7824,6.767358633568929e+49
7825,6.767907587729309e+49
7826,6.768444674538407e+49
7827,6.768969887470731e+49
7828,6.769483220060159e+49
7829,6.769984665900168e+49
7830,6.770474218644266e+49
7831,6.770951872005384e+49
7832,6.771417619756602e+49
7833,6.771871455730816e+49
7834,6.772313373821189e+49
7835,6.772743367980817e+49
7836,6.773161432223182e+49
7837,6.773567560622102e+49
7838,6.773961747311644e+49
7839,6.774343986486465e+49
7840,6.774714272401812e+49
7841,6.775072599373499e+49
7842,6.775418961778201e+49
7843,6.77575335405322e+49
7844,6.776075770696871e+49
7845,6.776386206268469e+49
7846,6.776684655388319e+49
7847,6.776971112737844e+49
7848,6.777245573059782e+49
7849,6.77750803115787e+49
7850,6.777758481897649e+49
7851,6.777996920205768e+49
7852,6.778223341070535e+49
7853,6.77843773954174e+49
7854,6.778640110731004e+49
7855,6.778830449811571e+49
7856,6.779008752018507e+49
7857,6.779175012648889e+49
7858,6.779329227061582e+49
7859,6.779471390677651e+49
7860,6.77960149898018e+49
7861,6.779719547514501e+49
7862,6.779825531888182e+49
7863,6.779919447771051e+49
7864,6.780001290895487e+49
7865,6.780071057056118e+49
7866,6.780128742110357e+49
7867,6.78017434197807e+49
7868,6.780207852641878e+49
7869,6.780229270146985e+49
7870,6.780238590601659e+49
7871,6.780235810176886e+49
7872,6.78022092510664e+49
7873,6.780193931687826e+49
7874,6.780154826280643e+49
7875,6.780103605308202e+49
7876,6.780040265256919e+49
7877,6.77996480267649e+49
7878,6.779877214179981e+49
7879,6.779777496443737e+49
7880,6.779665646207706e+49
7881,6.779541660275313e+49
7882,6.779405535513433e+49
7883,6.779257268852847e+49
7884,6.77909685728781e+49
7885,6.778924297876464e+49
7886,6.778739587740743e+49
7887,6.778542724066537e+49
7888,6.77833370410355e+49
7889,6.778112525165547e+49
7890,6.77787918463043e+49
7891,6.777633679940085e+49
7892,6.777376008600613e+49
7893,6.777106168182431e+49
7894,6.776824156320115e+49
7895,6.776529970712675e+49
7896,6.776223609123437e+49
7897,6.775905069380266e+49
7898,6.77557434937539e+49
7899,6.775231447065763e+49
7900,6.774876360472727e+49
7901,6.774509087682479e+49
7902,6.774129626845838e+49
7903,6.773737976178345e+49
7904,6.773334133960454e+49
7905,6.77291809853729e+49
7906,6.772489868319074e+49
7907,6.772049441780887e+49
7908,6.771596817462861e+49
7909,6.771131993970087e+49
7910,6.770654969972818e+49
7911,6.770165744206386e+49
7912,6.769664315471424e+49
7913,6.769150682633712e+49
7914,6.768624844624269e+49
7915,6.768086800439493e+49
7916,6.767536549141199e+49
7917,6.766974089856463e+49
7918,6.766399421777832e+49
7919,6.765812544163575e+49
7920,6.76521345633704e+49
7921,6.764602157687574e+49
7922,6.763978647669945e+49
7923,6.763342925804588e+49
7924,6.76269499167765e+49
7925,6.762034844940965e+49
7926,6.761362485312104e+49
7927,6.760677912574518e+49
7928,6.759981126577483e+49
7929,6.759272127236027e+49
7930,6.758550914531339e+49
7931,6.757817488510239e+49
7932,6.757071849285738e+49
7933,6.756313997036856e+49
7934,6.755543932008513e+49
7935,6.75476165451179e+49
7936,6.75396716492394e+49
7937,6.753160463688311e+49
7938,6.752341551314294e+49
7939,6.751510428377718e+49
7940,6.750667095520439e+49
7941,6.749811553450635e+49
7942,6.748943802942862e+49
7943,6.748063844837821e+49
7944,6.747171680042761e+49
7945,6.746267309531101e+49
7946,6.745350734342827e+49
7947,6.744421955584145e+49
7948,6.743480974428024e+49
7949,6.742527792113508e+49
7950,6.741562409946436e+49
7951,6.740584829299112e+49
7952,6.739595051610245e+49
7953,6.738593078385286e+49
7954,6.737578911196124e+49
7955,6.736552551681336e+49
7956,6.735514001546083e+49
7957,6.734463262562168e+49
7958,6.73340033656825e+49
7959,6.732325225469322e+49
7960,6.73123793123736e+49
7961,6.730138455910849e+49
7962,6.729026801595317e+49
7963,6.727902970462682e+49
7964,6.726766964751857e+49
7965,6.725618786768518e+49
7966,6.724458438885048e+49
7967,6.723285923540671e+49
7968,6.722101243241507e+49
7969,6.720904400560418e+49
7970,6.719695398137231e+49
7971,6.718474238678498e+49
7972,6.717240924957736e+49
7973,6.715995459815265e+49
7974,6.714737846158451e+49
7975,6.713468086961313e+49
7976,6.712186185264999e+49
7977,6.71089214417753e+49
7978,6.709585966873777e+49
7979,6.708267656595618e+49
7980,6.706937216651707e+49
7981,6.705594650417827e+49
7982,6.704239961336714e+49
7983,6.70287315291789e+49
7984,6.701494228737956e+49
7985,6.700103192440497e+49
7986,6.698700047735945e+49
7987,6.697284798401738e+49
7988,6.695857448282326e+49
7989,6.694418001289082e+49
7990,6.692966461400308e+49
7991,6.691502832661327e+49
7992,6.690027119184477e+49
7993,6.688539325148896e+49
7994,6.687039454800804e+49
7995,6.685527512453286e+49
7996,6.684003502486536e+49
7997,6.682467429347474e+49
7998,6.680919297550198e+49
7999,6.679359111675503e+49
8000,6.677786876371307e+49
8001,6.676202596352428e+49
8002,6.674606276400466e+49
8003,6.67299792136399e+49
8004,6.671377536158534e+49
8005,6.669745125766525e+49
8006,6.668100695237168e+49
8007,6.66644424968663e+49
8008,6.66477579429787e+49
8009,6.663095334320856e+49
8010,6.661402875072068e+49
8011,6.659698421935074e+49
8012,6.657981980360367e+49
8013,6.656253555864732e+49
8014,6.654513154032275e+49
8015,6.652760780513618e+49
8016,6.65099644102612e+49
8017,6.649220141353926e+49
8018,6.647431887347896e+49
8019,6.645631684925576e+49
8020,6.643819540071161e+49
8021,6.641995458835546e+49
8022,6.64015944733627e+49
8023,6.638311511757489e+49
8024,6.636451658349956e+49
8025,6.634579893430938e+49
8026,6.632696223384354e+49
8027,6.630800654660672e+49
8028,6.62889319377673e+49
8029,6.626973847315907e+49
8030,6.625042621928215e+49
8031,6.623099524329847e+49
8032,6.621144561303601e+49
8033,6.619177739698511e+49
8034,6.617199066430031e+49
8035,6.615208548479978e+49
8036,6.61320619289649e+49
8037,6.611192006793831e+49
8038,6.60916599735266e+49
8039,6.607128171819707e+49
8040,6.605078537508154e+49
8041,6.60301710179696e+49
8042,6.60094387213151e+49
8043,6.598858856023056e+49
8044,6.596762061049037e+49
8045,6.594653494852924e+49
8046,6.592533165144042e+49
8047,6.590401079697872e+49
8048,6.588257246355492e+49
8049,6.586101673024113e+49
8050,6.583934367676815e+49
8051,6.581755338352294e+49
8052,6.579564593155076e+49
8053,6.577362140255468e+49
8054,6.57514798788942e+49
8055,6.572922144358528e+49
8056,6.570684618030019e+49
8057,6.568435417336642e+49
8058,6.566174550776689e+49
8059,6.563902026913908e+49
8060,6.561617854377502e+49
8061,6.559322041862069e+49
8062,6.557014598127593e+49
8063,6.554695531999296e+49
8064,6.552364852367613e+49
8065,6.55002256818841e+49
8066,6.547668688482377e+49
8067,6.545303222335628e+49
8068,6.542926178899088e+49
8069,6.540537567389001e+49
8070,6.53813739708633e+49
8071,6.535725677336982e+49
8072,6.533302417551827e+49
8073,6.530867627206551e+49
8074,6.528421315841542e+49
8075,6.525963493061916e+49
8076,6.523494168537471e+49
8077,6.521013352002499e+49
8078,6.518521053256146e+49
8079,6.516017282161716e+49
8080,6.513502048647072e+49
8081,6.510975362704582e+49
8082,6.508437234390726e+49
8083,6.505887673826389e+49
8084,6.503326691196763e+49
8085,6.500754296750938e+49
8086,6.498170500802324e+49
8087,6.495575313728184e+49
8088,6.492968745969989e+49
8089,6.490350808032868e+49
8090,6.487721510485968e+49
8091,6.485080863962201e+49
8092,6.482428879158145e+49
8093,6.47976556683412e+49
8094,6.47709093781391e+49
8095,6.474405002984953e+49
8096,6.471707773298152e+49
8097,6.46899925976778e+49
8098,6.466279473471502e+49
8099,6.463548425550053e+49
8100,6.46080612720763e+49
8101,6.458052589711404e+49
8102,6.455287824391716e+49
8103,6.452511842641736e+49
8104,6.449724655917669e+49
8105,6.446926275738609e+49
8106,6.444116713686276e+49
8107,6.441295981405368e+49
8108,6.438464090602894e+49
8109,6.435621053048648e+49
8110,6.432766880574871e+49
8111,6.429901585076123e+49
8112,6.427025178509371e+49
8113,6.424137672893907e+49
8114,6.421239080311072e+49
8115,6.418329412904477e+49
8116,6.415408682879583e+49
8117,6.412476902503985e+49
8118,6.409534084106979e+49
8119,6.406580240079803e+49
8120,6.403615382875316e+49
8121,6.400639525008033e+49
8122,6.397652679054122e+49
8123,6.394654857651091e+49
8124,6.391646073497848e+49
8125,6.388626339354576e+49
8126,6.385595668042915e+49
8127,6.38255407244536e+49
8128,6.37950156550561e+49
8129,6.376438160228268e+49
8130,6.373363869678903e+49
8131,6.370278706983783e+49
8132,6.367182685329847e+49
8133,6.364075817964851e+49
8134,6.360958118197018e+49
8135,6.357829599394839e+49
8136,6.354690274987221e+49
8137,6.351540158463615e+49
8138,6.348379263373286e+49
8139,6.345207603325726e+49
8140,6.342025191990482e+49
8141,6.338832043096814e+49
8142,6.335628170434004e+49
8143,6.332413587850943e+49
8144,6.329188309256102e+49
8145,6.325952348617541e+49
8146,6.322705719962611e+49
8147,6.31944843737822e+49
8148,6.316180515010451e+49
8149,6.312901967064282e+49
8150,6.309612807804068e+49
8151,6.306313051552846e+49
8152,6.303002712692649e+49
8153,6.299681805664106e+49
8154,6.296350344966803e+49
8155,6.29300834515842e+49
8156,6.28965582085544e+49
8157,6.286292786732529e+49
8158,6.282919257522618e+49
8159,6.279535248016715e+49
8160,6.276140773063985e+49
8161,6.272735847571412e+49
8162,6.269320486503789e+49
8163,6.265894704883762e+49
8164,6.262458517791422e+49
8165,6.259011940364501e+49
8166,6.255554987798029e+49
8167,6.252087675344394e+49
8168,6.248610018313103e+49
8169,6.245122032070838e+49
8170,6.241623732041034e+49
8171,6.238115133704378e+49
8172,6.234596252597768e+49
8173,6.231067104315264e+49
8174,6.227527704507119e+49
8175,6.223978068880002e+49
8176,6.220418213197018e+49
8177,6.216848153277428e+49
8178,6.21326790499648e+49
8179,6.209677484285377e+49
8180,6.206076907131403e+49
8181,6.20246618957726e+49
8182,6.198845347721494e+49
8183,6.195214397717888e+49
8184,6.191573355775906e+49
8185,6.18792223816007e+49
8186,6.18426106119007e+49
8187,6.18058984124067e+49
8188,6.176908594741503e+49
8189,6.173217338177101e+49
8190,6.169516088086426e+49
8191,6.165804861063228e+49
8192,6.162083673755558e+49
8193,6.158352542865751e+49
8194,6.154611485150431e+49
8195,6.150860517420095e+49
8196,6.147099656539444e+49
8197,6.143328919426688e+49
8198,6.139548323053962e+49
8199,6.135757884446788e+49
8200,6.131957620684252e+49
8201,6.128147548898665e+49
8202,6.124327686275587e+49
8203,6.120498050053573e+49
8204,6.116658657524161e+49
8205,6.112809526031603e+49
8206,6.108950672972883e+49
8207,6.105082115797592e+49
8208,6.101203872007535e+49
8209,6.097315959157114e+49
8210,6.09341839485248e+49
8211,6.089511196752164e+49
8212,6.085594382566389e+49
8213,6.081667970057153e+49
8214,6.077731977038174e+49
8215,6.073786421374481e+49
8216,6.069831320982707e+49
8217,6.065866693830505e+49
8218,6.061892557936604e+49
8219,6.057908931370855e+49
8220,6.053915832253824e+49
8221,6.049913278756725e+49
8222,6.045901289101357e+49
8223,6.041879881559933e+49
8224,6.037849074454895e+49
8225,6.03380888615887e+49
8226,6.029759335094432e+49
8227,6.025700439733946e+49
8228,6.021632218599683e+49
8229,6.017554690263237e+49
8230,6.01346787334587e+49
8231,6.009371786517935e+49
8232,6.005266448499029e+49
8233,6.001151878057794e+49
8234,5.997028094011556e+49
8235,5.992895115226642e+49
8236,5.988752960617697e+49
8237,5.984601649147935e+49
8238,5.980441199828796e+49
8239,5.976271631719874e+49
8240,5.972092963928762e+49
8241,5.967905215610961e+49
8242,5.963708405969573e+49
8243,5.959502554255331e+49
8244,5.955287679766316e+49
8245,5.951063801847949e+49
8246,5.946830939892745e+49
8247,5.942589113340049e+49
8248,5.938338341676223e+49
8249,5.934078644434165e+49
8250,5.929810041193294e+49
8251,5.925532551579506e+49
8252,5.921246195264727e+49
8253,5.916950991967031e+49
8254,5.912646961450549e+49
8255,5.908334123524863e+49
8256,5.904012498045376e+49
8257,5.89968210491293e+49
8258,5.895342964073566e+49
8259,5.890995095518586e+49
8260,5.886638519284118e+49
8261,5.882273255451262e+49
8262,5.877899324145771e+49
8263,5.873516745537862e+49
8264,5.869125539842129e+49
8265,5.864725727317455e+49
8266,5.860317328266647e+49
8267,5.855900363036491e+49
8268,5.851474852017442e+49
8269,5.847040815643645e+49
8270,5.842598274392519e+49
8271,5.83814724878477e+49
8272,5.833687759384298e+49
8273,5.829219826797804e+49
8274,5.824743471674864e+49
8275,5.820258714707667e+49
8276,5.815765576630757e+49
8277,5.811264078220997e+49
8278,5.806754240297583e+49
8279,5.802236083721294e+49
8280,5.797709629395007e+49
8281,5.793174898263106e+49
8282,5.788631911311571e+49
8283,5.784080689567527e+49
8284,5.779521254099332e+49
8285,5.774953626016324e+49
8286,5.770377826468681e+49
8287,5.765793876647124e+49
8288,5.761201797782973e+49
8289,5.756601611147766e+49
8290,5.751993338053243e+49
8291,5.747376999851121e+49
8292,5.742752617932866e+49
8293,5.738120213729712e+49
8294,5.733479808712247e+49
8295,5.728831424390356e+49
8296,5.724175082313145e+49
8297,5.719510804068684e+49
8298,5.714838611283746e+49
8299,5.710158525623809e+49
8300,5.705470568792703e+49
8301,5.700774762532746e+49
8302,5.696071128624049e+49
8303,5.691359688884963e+49
8304,5.686640465171494e+49
8305,5.68191347937712e+49
8306,5.677178753432935e+49
8307,5.67243630930704e+49
8308,5.667686169004968e+49
8309,5.662928354568677e+49
8310,5.65816288807735e+49
8311,5.653389791646245e+49
8312,5.648609087427379e+49
8313,5.64382079760865e+49
8314,5.639024944414261e+49
8315,5.634221550103948e+49
8316,5.629410636973455e+49
8317,5.62459222735372e+49
8318,5.619766343611146e+49
8319,5.614933008147193e+49
8320,5.610092243398402e+49
8321,5.605244071835925e+49
8322,5.600388515965617e+49
8323,5.595525598327795e+49
8324,5.590655341496829e+49
8325,5.585777768081354e+49
8326,5.580892900723738e+49
8327,5.576000762100123e+49
8328,5.571101374920222e+49
8329,5.566194761926886e+49
8330,5.561280945896398e+49
8331,5.556359949637735e+49
8332,5.551431795992889e+49
8333,5.546496507836297e+49
8334,5.541554108074965e+49
8335,5.536604619648032e+49
8336,5.531648065526827e+49
8337,5.526684468714361e+49
8338,5.521713852245507e+49
8339,5.516736239186558e+49
8340,5.511751652635193e+49
8341,5.506760115720214e+49
8342,5.501761651601341e+49
8343,5.496756283469084e+49
8344,5.491744034544562e+49
8345,5.48672492807928e+49
8346,5.481698987354941e+49
8347,5.476666235683269e+49
8348,5.471626696405896e+49
8349,5.466580392893974e+49
8350,5.461527348548232e+49
8351,5.456467586798701e+49
8352,5.451401131104411e+49
8353,5.446328004953278e+49
8354,5.441248231862077e+49
8355,5.436161835375932e+49
8356,5.431068839068422e+49
8357,5.425969266541249e+49
8358,5.420863141424078e+49
8359,5.415750487374294e+49
8360,5.41063132807691e+49
8361,5.405505687244312e+49
8362,5.400373588616082e+49
8363,5.395235055958838e+49
8364,5.390090113065951e+49
8365,5.384938783757461e+49
8366,5.379781091879842e+49
8367,5.374617061305842e+49
8368,5.369446715934223e+49
8369,5.364270079689589e+49
8370,5.359087176522277e+49
8371,5.353898030408014e+49
8372,5.348702665347834e+49
8373,5.34350110536794e+49
8374,5.338293374519331e+49
8375,5.333079496877761e+49
8376,5.327859496543454e+49
8377,5.322633397640996e+49
8378,5.317401224319113e+49
8379,5.312163000750363e+49
8380,5.306918751131143e+49
8381,5.301668499681328e+49
8382,5.296412270644127e+49
8383,5.291150088285916e+49
8384,5.285881976896079e+49
8385,5.280607960786677e+49
8386,5.275328064292384e+49
8387,5.270042311770223e+49
8388,5.264750727599366e+49
8389,5.259453336181028e+49
8390,5.254150161938121e+49
8391,5.248841229315204e+49
8392,5.243526562778181e+49
8393,5.238206186814141e+49
8394,5.232880125931189e+49
8395,5.227548404658319e+49
8396,5.222211047544872e+49
8397,5.216868079160845e+49
8398,5.211519524096267e+49
8399,5.206165406961279e+49
8400,5.200805752385721e+49
8401,5.195440585019235e+49
8402,5.190069929530577e+49
8403,5.184693810608019e+49
8404,5.179312252958635e+49
8405,5.173925281308421e+49
8406,5.168532920401956e+49
8407,5.163135195002175e+49
8408,5.15773212989029e+49
8409,5.152323749865585e+49
8410,5.146910079745065e+49
8411,5.141491144363454e+49
8412,5.136066968572703e+49
8413,5.130637577242158e+49
8414,5.12520299525825e+49
8415,5.119763247523977e+49
8416,5.114318358959105e+49
8417,5.108868354499851e+49
8418,5.103413259098588e+49
8419,5.097953097723756e+49
8420,5.092487895359477e+49
8421,5.087017677005669e+49
8422,5.081542467677513e+49
8423,5.076062292405503e+49
8424,5.070577176235191e+49
8425,5.065087144226736e+49
8426,5.059592221455088e+49
8427,5.054092433009527e+49
8428,5.048587803993593e+49
8429,5.043078359524723e+49
8430,5.037564124734273e+49
8431,5.03204512476722e+49
8432,5.026521384781782e+49
8433,5.020992929949458e+49
8434,5.01545978545482e+49
8435,5.009921976495148e+49
8436,5.004379528280296e+49
8437,4.998832466032542e+49
8438,4.993280814986363e+49
8439,4.9877246003882e+49
8440,4.982163847496242e+49
8441,4.976598581580325e+49
8442,4.97102882792162e+49
8443,4.965454611812415e+49
8444,4.959875958556124e+49
8445,4.95429289346677e+49
8446,4.948705441868994e+49
8447,4.943113629097848e+49
8448,4.937517480498456e+49
8449,4.931917021425956e+49
8450,4.926312277245226e+49
8451,4.920703273330672e+49
8452,4.915090035066081e+49
8453,4.909472587844339e+49
8454,4.90385095706732e+49
8455,4.898225168145579e+49
8456,4.892595246498262e+49
8457,4.886961217552795e+49
8458,4.881323106744792e+49
8459,4.875680939517701e+49
8460,4.87003474132274e+49
8461,4.86438453761866e+49
8462,4.85873035387148e+49
8463,4.853072215554421e+49
8464,4.847410148147449e+49
8465,4.841744177137381e+49
8466,4.836074328017433e+49
8467,4.830400626287242e+49
8468,4.824723097452377e+49
8469,4.819041767024354e+49
8470,4.813356660520465e+49
8471,4.807667803463367e+49
8472,4.801975221381048e+49
8473,4.796278939806571e+49
8474,4.790578984277853e+49
8475,4.784875380337452e+49
8476,4.779168153532498e+49
8477,4.773457329414268e+49
8478,4.767742933538141e+49
8479,4.762024991463353e+49
8480,4.756303528752761e+49
8481,4.750578570972712e+49
8482,4.74485014369282e+49
8483,4.739118272485649e+49
8484,4.733382982926717e+49
8485,4.727644300594036e+49
8486,4.721902251068148e+49
8487,4.716156859931854e+49
8488,4.710408152769935e+49
8489,4.704656155168963e+49
8490,4.698900892717166e+49
8491,4.69314239100417e+49
8492,4.687380675620844e+49
8493,4.681615772159123e+49
8494,4.6758477062116155e+49
8495,4.6700765033715873e+49
8496,4.664302189232863e+49
8497,4.658524789389225e+49
8498,4.652744329434567e+49
8499,4.646960834962634e+49
8500,4.6411743315667207e+49
8501,4.6353848448394927e+49
8502,4.629592400372818e+49
8503,4.623797023757582e+49
8504,4.6179987405834235e+49
8505,4.6121975764385694e+49
8506,4.606393556909719e+49
8507,4.6005867075815707e+49
8508,4.5947770540370204e+49
8509,4.588964621856591e+49
8510,4.58314943661841e+49
8511,4.5773315238980604e+49
8512,4.571510909268158e+49
8513,4.5656876182984993e+49
8514,4.5598616765554194e+49
8515,4.5540331096020397e+49
8516,4.548201942997713e+49
8517,4.542368202298028e+49
8518,4.536531913054529e+49
8519,4.5306931008145113e+49
8520,4.5248517911209304e+49
8521,4.5190080095119904e+49
8522,4.5131617815211045e+49
8523,4.5073131326767433e+49
8524,4.501462088502072e+49
8525,4.4956086745148255e+49
8526,4.4897529162271085e+49
8527,4.4838948391452837e+49
8528,4.478034468769556e+49
8529,4.4721718305940586e+49
8530,4.466306950106358e+49
8531,4.4604398527874837e+49
8532,4.454570564111599e+49
8533,4.448699109545949e+49
8534,4.4428255145504377e+49
8535,4.436949804577604e+49
8536,4.4310720050724093e+49
8537,4.4251921414719636e+49
8538,4.4193102392053585e+49
8539,4.4134263236935513e+49
8540,4.407540420349004e+49
8541,4.401652554575624e+49
8542,4.3957627517685794e+49
8543,4.3898710373139697e+49
8544,4.383977436588721e+49
8545,4.378081974960364e+49
8546,4.372184677786909e+49
8547,4.366285570416524e+49
8548,4.360384678187428e+49
8549,4.354482026427683e+49
8550,4.348577640454938e+49
8551,4.3426715455764365e+49
8552,4.336763767088423e+49
8553,4.3308543302763716e+49
8554,4.3249432604145683e+49
8555,4.3190305827659775e+49
8556,4.313116322581965e+49
8557,4.307200505102311e+49
8558,4.301283155554695e+49
8559,4.295364299154788e+49
8560,4.28944396110599e+49
8561,4.2835221665991926e+49
8562,4.2775989408123925e+49
8563,4.2716743089109905e+49
8564,4.2657482960471714e+49
8565,4.2598209273598675e+49
8566,4.2538922279745303e+49
8567,4.2479622230029447e+49
8568,4.242030937543208e+49
8569,4.2360983966790896e+49
8570,4.2301646254804446e+49
8571,4.2242296490024685e+49
8572,4.218293492285875e+49
8573,4.2123561803565897e+49
8574,4.206417738225427e+49
8575,4.200478190888205e+49
8576,4.1945375633252196e+49
8577,4.188595880501268e+49
8578,4.182653167365396e+49
8579,4.1767094488507794e+49
8580,4.17076474987434e+49
8581,4.1648190953368025e+49
8582,4.158872510122287e+49
8583,4.1529250190983336e+49
8584,4.146976647115581e+49
8585,4.141027419007549e+49
8586,4.135077359590593e+49
8587,4.129126493663543e+49
8588,4.123174846007669e+49
8589,4.1172224413863944e+49
8590,4.111269304545227e+49
8591,4.10531546021139e+49
8592,4.099360933093775e+49
8593,4.0934057478827815e+49
8594,4.087449929250019e+49
8595,4.081493501848202e+49
8596,4.0755364903109265e+49
8597,4.0695789192525526e+49
8598,4.0636208132678446e+49
8599,4.057662196932087e+49
8600,4.051703094800557e+49
8601,4.045743531408684e+49
8602,4.039783531271549e+49
8603,4.033823118883928e+49
8604,4.027862318720028e+49
8605,4.0219011552333207e+49
8606,4.015939652856289e+49
8607,4.009977836000341e+49
8608,4.0040157290556616e+49
8609,3.998053356390863e+49
8610,3.992090742353024e+49
8611,3.9861279112673064e+49
8612,3.9801648874368566e+49
8613,3.974201695142706e+49
8614,3.9682383586435176e+49
8615,3.962274902175345e+49
8616,3.95631134995163e+49
8617,3.9503477261627766e+49
8618,3.9443840549762516e+49
8619,3.9384203605362244e+49
8620,3.9324566669633845e+49
8621,3.9264929983549013e+49
8622,3.9205293787841317e+49
8623,3.914565832300446e+49
8624,3.9086023829291316e+49
8625,3.9026390546711954e+49
8626,3.896675871503139e+49
8627,3.890712857376745e+49
8628,3.8847500362190664e+49
8629,3.878787431932146e+49
8630,3.872825068392829e+49
8631,3.866862969452623e+49
8632,3.860901158937479e+49
8633,3.85493966064778e+49
8634,3.8489784983579665e+49
8635,3.8430176958163966e+49
8636,3.8370572767453435e+49
8637,3.831097264840679e+49
8638,3.8251376837716915e+49
8639,3.8191785571809823e+49
8640,3.8132199086842816e+49
8641,3.8072617618702847e+49
8642,3.801304140300426e+49
8643,3.7953470675087855e+49
8644,3.789390567001963e+49
8645,3.783434662258676e+49
8646,3.7774793767299396e+49
8647,3.7715247338385666e+49
8648,3.7655707569792674e+49
8649,3.759617469518276e+49
8650,3.7536648947933354e+49
8651,3.747713056113511e+49
8652,3.7417619767588497e+49
8653,3.735811679980554e+49
8654,3.7298621890004534e+49
8655,3.7239135270111036e+49
8656,3.717965717175484e+49
8657,3.7120187826269584e+49
8658,3.7060727464688735e+49
8659,3.7001276317747895e+49
8660,3.694183461587886e+49
8661,3.6882402589210816e+49
8662,3.682298046756844e+49
8663,3.6763568480469063e+49
8664,3.6704166857122634e+49
8665,3.664477582642817e+49
8666,3.658539561697478e+49
8667,3.6526026457037714e+49
8668,3.646666857457783e+49
8669,3.640732219723995e+49
8670,3.6347987552351705e+49
8671,3.6288664866920553e+49
8672,3.622935436763439e+49
8673,3.617005628085788e+49
8674,3.611077083263209e+49
8675,3.605149824867244e+49
8676,3.599223875436866e+49
8677,3.593299257478009e+49
8678,3.5873759934637225e+49
8679,3.5814541058338706e+49
8680,3.5755336169950085e+49
8681,3.5696145493202334e+49
8682,3.563696925149012e+49
8683,3.557780766787139e+49
8684,3.551866096506381e+49
8685,3.5459529365444556e+49
8686,3.54004130910497e+49
8687,3.53413123635706e+49
8688,3.528222740435397e+49
8689,3.522315843440035e+49
8690,3.516410567436133e+49
8691,3.510506934453893e+49
8692,3.5046049664885574e+49
8693,3.498704685499985e+49
8694,3.4928061134126996e+49
8695,3.4869092721156843e+49
8696,3.4810141834622285e+49
8697,3.475120869269765e+49
8698,3.469229351319852e+49
8699,3.463339651357785e+49
8700,3.4574517910927734e+49
8701,3.4515657921975385e+49
8702,3.4456816763081594e+49
8703,3.4397994650242487e+49
8704,3.433919179908464e+49
8705,3.428040842486467e+49
8706,3.4221644742468567e+49
8707,3.4162900966410567e+49
8708,3.41041773108301e+49
8709,3.404547398949213e+49
8710,3.3986791215783945e+49
8711,3.3928129202716027e+49
8712,3.386948816291869e+49
8713,3.3810868308642575e+49
8714,3.375226985175469e+49
8715,3.369369300373961e+49
8716,3.3635137975697276e+49
8717,3.3576604978341276e+49
8718,3.351809422199766e+49
8719,3.345960591660342e+49
8720,3.340114027170567e+49
8721,3.3342697496460584e+49
8722,3.328427779963083e+49
8723,3.322588138958491e+49
8724,3.316750847429687e+49
8725,3.310915926134244e+49
8726,3.305083395790132e+49
8727,3.2992532770752335e+49
8728,3.293425590627445e+49
8729,3.2876003570444945e+49
8730,3.2817775968837286e+49
8731,3.275957330662099e+49
8732,3.2701395788559694e+49
8733,3.264324361900998e+49
8734,3.258511700192064e+49
8735,3.2527016140830683e+49
8736,3.246894123886843e+49
8737,3.2410892498750136e+49
8738,3.2352870122779637e+49
8739,3.229487431284495e+49
8740,3.2236905270419864e+49
8741,3.217896319656014e+49
8742,3.2121048291904375e+49
8743,3.2063160756671653e+49
8744,3.2005300790659637e+49
8745,3.1947468593246295e+49
8746,3.188966436338445e+49
8747,3.1831888299604174e+49
8748,3.1774140600010357e+49
8749,3.1716421462281114e+49
8750,3.165873108366644e+49
8751,3.1601069660988517e+49
8752,3.154343739063894e+49
8753,3.1485834468578545e+49
8754,3.142826109033596e+49
8755,3.137071745100634e+49
8756,3.1313203745250084e+49
8757,3.125572016729227e+49
8758,3.119826691092107e+49
8759,3.1140844169486763e+49
8760,3.108345213590102e+49
8761,3.102609100263445e+49
8762,3.096876096171746e+49
8763,3.091146220473694e+49
8764,3.085419492283812e+49
8765,3.079695930671993e+49
8766,3.0739755546636635e+49
8767,3.068258383239584e+49
8768,3.062544435335706e+49
8769,3.056833729843119e+49
8770,3.051126285607926e+49
8771,3.045422121431137e+49
8772,3.0397212560685753e+49
8773,3.034023708230717e+49
8774,3.02832949658272e+49
8775,3.0226386397441183e+49
8776,3.0169511562889394e+49
8777,3.0112670647454404e+49
8778,3.005586383596152e+49
8779,2.999909131277505e+49
8780,2.9942353261800917e+49
8781,2.9885649866483074e+49
8782,2.9828981309803795e+49
8783,2.9772347774281757e+49
8784,2.971574944197177e+49
8785,2.965918649446366e+49
8786,2.9602659112880515e+49
8787,2.954616747787941e+49
8788,2.948971176964923e+49
8789,2.943329216790908e+49
8790,2.937690885190947e+49
8791,2.9320562000428816e+49
8792,2.92642517917749e+49
8793,2.9207978403781993e+49
8794,2.915174201381178e+49
8795,2.9095542798750255e+49
8796,2.903938093500843e+49
8797,2.8983256598521573e+49
8798,2.8927169964747286e+49
8799,2.8871121208664627e+49
8800,2.8815110504774734e+49
8801,2.875913802709768e+49
8802,2.870320394917351e+49
8803,2.8647308444060193e+49
8804,2.8591451684334103e+49
8805,2.853563384208714e+49
8806,2.8479855088927933e+49
8807,2.842411559597915e+49
8808,2.8368415533878413e+49
8809,2.831275507277679e+49
8810,2.825713438233649e+49
8811,2.820155363173249e+49
8812,2.814601298965042e+49
8813,2.8090512624286066e+49
8814,2.803505270334389e+49
8815,2.7979633394036924e+49
8816,2.792425486308616e+49
8817,2.7868917276719254e+49
8818,2.7813620800669876e+49
8819,2.775836560017691e+49
8820,2.770315183998372e+49
8821,2.764797968433785e+49
8822,2.75928492969892e+49
8823,2.753776084119063e+49
8824,2.748271447969565e+49
8825,2.742771037475949e+49
8826,2.737274868813632e+49
8827,2.7317829581080934e+49
8828,2.72629532143455e+49
8829,2.720811974818083e+49
8830,2.7153329342334753e+49
8831,2.709858215605109e+49
8832,2.7043878348069846e+49
8833,2.6989218076626217e+49
8834,2.6934601499449773e+49
8835,2.6880028773763564e+49
8836,2.6825500056283576e+49
8837,2.677101550321859e+49
8838,2.6716575270268815e+49
8839,2.6662179512625693e+49
8840,2.660782838497132e+49
8841,2.655352204147678e+49
8842,2.649926063580315e+49
8843,2.6445044321099325e+49
8844,2.63908732500028e+49
8845,2.633674757463792e+49
8846,2.628266744661579e+49
8847,2.6228633017033486e+49
8848,2.617464443647342e+49
8849,2.6120701855003734e+49
8850,2.606680542217579e+49
8851,2.601295528702511e+49
8852,2.5959151598070094e+49
8853,2.5905394503312366e+49
8854,2.585168415023489e+49
8855,2.5798020685802096e+49
8856,2.574440425645972e+49
8857,2.5690835008133685e+49
8858,2.5637313086229845e+49
8859,2.5583838635632663e+49
8860,2.553041180070618e+49
8861,2.547703272529219e+49
8862,2.5423701552710897e+49
8863,2.5370418425758613e+49
8864,2.531718348670941e+49
8865,2.526399687731255e+49
8866,2.521085873879392e+49
8867,2.515776921185447e+49
8868,2.5104728436669755e+49
8869,2.505173655288963e+49
8870,2.4998793699637893e+49
8871,2.494590001551135e+49
8872,2.4893055638580547e+49
8873,2.4840260706387304e+49
8874,2.4787515355947036e+49
8875,2.4734819723745383e+49
8876,2.468217394573971e+49
8877,2.4629578157358087e+49
8878,2.4577032493499017e+49
8879,2.4524537088531165e+49
8880,2.4472092076291856e+49
8881,2.4419697590088603e+49
8882,2.4367353762696945e+49
8883,2.4315060726361164e+49
8884,2.4262818612792983e+49
8885,2.4210627553172556e+49
8886,2.415848767814667e+49
8887,2.410639911782886e+49
8888,2.4054362001799806e+49
8889,2.400237645910575e+49
8890,2.3950442618259037e+49
8891,2.3898560607237685e+49
8892,2.3846730553484385e+49
8893,2.379495258390727e+49
8894,2.374322682487822e+49
8895,2.369155340223417e+49
8896,2.363993244127531e+49
8897,2.358836406676555e+49
8898,2.353684840293244e+49
8899,2.348538557346645e+49
8900,2.343397570152024e+49
8901,2.3382618909709756e+49
8902,2.3331315320112388e+49
8903,2.3280065054267719e+49
8904,2.322886823317765e+49
8905,2.3177724977304327e+49
8906,2.312663540657182e+49
8907,2.3075599640364998e+49
8908,2.302461779752933e+49
8909,2.297368999637071e+49
8910,2.2922816354655782e+49
8911,2.2871996989610294e+49
8912,2.2821232017920755e+49
8913,2.2770521555732477e+49
8914,2.2719865718650942e+49
8915,2.2669264621740106e+49
8916,2.2618718379523942e+49
8917,2.256822710598429e+49
8918,2.251779091456208e+49
8919,2.246740991815688e+49
8920,2.2417084229126675e+49
8921,2.2366813959287432e+49
8922,2.2316599219913132e+49
8923,2.2266440121735919e+49
8924,2.221633677494552e+49
8925,2.21662892891892e+49
8926,2.2116297773572408e+49
8927,2.206636233665694e+49
8928,2.2016483086462743e+49
8929,2.1966660130466423e+49
8930,2.1916893575602082e+49
8931,2.1867183528260357e+49
8932,2.1817530094289255e+49
8933,2.1767933378993084e+49
8934,2.1718393487133058e+49
8935,2.166891052292739e+49
8936,2.1619484590050312e+49
8937,2.1570115791633168e+49
8938,2.1520804230263184e+49
8939,2.1471550007984437e+49
8940,2.142235322629723e+49
8941,2.1373213986158138e+49
8942,2.1324132387980127e+49
8943,2.127510853163263e+49
8944,2.1226142516440887e+49
8945,2.1177234441186995e+49
8946,2.112838440410865e+49
8947,2.1079592502900103e+49
8948,2.10308588347123e+49
8949,2.0982183496151536e+49
8950,2.0933566583280958e+49
8951,2.0885008191619955e+49
8952,2.0836508416144298e+49
8953,2.0788067351285593e+49
8954,2.0739685090932487e+49
8955,2.0691361728430034e+49
8956,2.064309735657903e+49
8957,2.0594892067637882e+49
8958,2.0546745953320514e+49
8959,2.0498659104798577e+49
8960,2.045063161269939e+49
8961,2.040266356710813e+49
8962,2.0354755057566213e+49
8963,2.0306906173072128e+49
8964,2.0259117002081943e+49
8965,2.0211387632507962e+49
8966,2.0163718151720897e+49
8967,2.0116108646548068e+49
8968,2.0068559203275072e+49
8969,2.0021069907644205e+49
8970,1.9973640844856549e+49
8971,1.9926272099570122e+49
8972,1.9878963755901916e+49
8973,1.9831715897426653e+49
8974,1.9784528607177178e+49
8975,1.973740196764572e+49
8976,1.969033606078262e+49
8977,1.9643330967996673e+49
8978,1.9596386770156797e+49
8979,1.954950354759e+49
8980,1.950268138008346e+49
8981,1.9455920346883666e+49
8982,1.9409220526696787e+49
8983,1.9362581997689218e+49
8984,1.9316004837487425e+49
8985,1.9269489123178363e+49
8986,1.9223034931309473e+49
8987,1.917664233788922e+49
8988,1.9130311418387108e+49
8989,1.90840422477339e+49
8990,1.9037834900322108e+49
8991,1.899168945000584e+49
8992,1.89456059701013e+49
8993,1.8899584533387258e+49
8994,1.8853625212104886e+49
8995,1.8807728077958106e+49
8996,1.8761893202114125e+49
8997,1.871612065520354e+49
8998,1.8670410507320537e+49
8999,1.8624762828023592e+49
9000,1.857917768633518e+49
9001,1.8533655150742206e+49
9002,1.848819528919695e+49
9003,1.8442798169116538e+49
9004,1.8397463857383876e+49
9005,1.835219242034723e+49
9006,1.8306983923821247e+49
9007,1.8261838433087588e+49
9008,1.8216756012894194e+49
9009,1.8171736727456015e+49
9010,1.812678064045634e+49
9011,1.8081887815045117e+49
9012,1.8037058313842076e+49
9013,1.7992292198934225e+49
9014,1.7947589531878063e+49
9015,1.7902950373699476e+49
9016,1.7858374784894345e+49
9017,1.7813862825427807e+49
9018,1.776941455473649e+49
9019,1.7725030031727178e+49
9020,1.7680709314778446e+49
9021,1.7636452461740336e+49
9022,1.7592259529935301e+49
9023,1.7548130576157538e+49
9024,1.7504065656675263e+49
9025,1.746006482722936e+49
9026,1.7416128143034792e+49
9027,1.7372255658780613e+49
9028,1.7328447428630742e+49
9029,1.7284703506224032e+49
9030,1.7241023944675224e+49
9031,1.7197408796574888e+49
9032,1.7153858113990044e+49
9033,1.7110371948464747e+49
9034,1.7066950351020585e+49
9035,1.7023593372157037e+49
9036,1.6980301061851922e+49
9037,1.6937073469561802e+49
9038,1.6893910644222878e+49
9039,1.6850812634251177e+49
9040,1.6807779487543055e+49
9041,1.6764811251475642e+49
9042,1.6721907972907655e+49
9043,1.6679069698179432e+49
9044,1.663629647311404e+49
9045,1.659358834301749e+49
9046,1.6550945352678854e+49
9047,1.650836754637177e+49
9048,1.6465854967853956e+49
9049,1.642340766036853e+49
9050,1.6381025666644316e+49
9051,1.6338709028896023e+49
9052,1.6296457788825068e+49
9053,1.6254271987620796e+49
9054,1.6212151665959737e+49
9055,1.6170096864007564e+49
9056,1.6128107621418268e+49
9057,1.6086183977335913e+49
9058,1.60443259703945e+49
9059,1.6002533638719153e+49
9060,1.5960807019926423e+49
9061,1.591914615112422e+49
9062,1.5877551068913874e+49
9063,1.583602180938914e+49
9064,1.579455840813811e+49
9065,1.575316090024336e+49
9066,1.571182932028224e+49
9067,1.567056370232779e+49
9068,1.5629364079949517e+49
9069,1.5588230486214024e+49
9070,1.5547162953685093e+49
9071,1.550616151442509e+49
9072,1.5465226199995164e+49
9073,1.5424357041456055e+49
9074,1.5383554069368502e+49
9075,1.5342817313794393e+49
9076,1.530214680429719e+49
9077,1.5261542569942138e+49
9078,1.5221004639297675e+49
9079,1.51805330404359e+49
9080,1.514012780093301e+49
9081,1.5099788947870006e+49
9082,1.5059516507833805e+49
9083,1.501931050691747e+49
9084,1.4979170970720952e+49
9085,1.493909792435234e+49
9086,1.4899091392427775e+49
9087,1.4859151399073137e+49
9088,1.481927796792303e+49
9089,1.477947112212403e+49
9090,1.473973088433301e+49
9091,1.4700057276719709e+49
9092,1.466045032096593e+49
9093,1.4620910038267305e+49
9094,1.458143644933385e+49
9095,1.4542029574390687e+49
9096,1.4502689433178255e+49
9097,1.446341604495399e+49
9098,1.442420942849235e+49
9099,1.4385069602086113e+49
9100,1.4345996583546463e+49
9101,1.4306990390204437e+49
9102,1.4268051038911485e+49
9103,1.422917854604032e+49
9104,1.419037292748497e+49
9105,1.415163419866314e+49
9106,1.4112962374514974e+49
9107,1.4074357469505775e+49
9108,1.4035819497625526e+49
9109,1.399734847239035e+49
9110,1.3958944406842807e+49
9111,1.3920607313553139e+49
9112,1.3882337204619848e+49
9113,1.3844134091670995e+49
9114,1.380599798586367e+49
9115,1.376792889788695e+49
9116,1.3729926837960665e+49
9117,1.3691991815837331e+49
9118,1.3654123840802866e+49
9119,1.3616322921677556e+49
9120,1.3578589066816134e+49
9121,1.3540922284109543e+49
9122,1.35033225809854e+49
9123,1.3465789964408515e+49
9124,1.3428324440882563e+49
9125,1.3390926016449996e+49
9126,1.335359469669393e+49
9127,1.3316330486738122e+49
9128,1.327913339124821e+49
9129,1.3242003414432463e+49
9130,1.3204940560043215e+49
9131,1.3167944831376943e+49
9132,1.313101623127554e+49
9133,1.3094154762127118e+49
9134,1.3057360425867226e+49
9135,1.302063322397938e+49
9136,1.2983973157495946e+49
9137,1.2947380226999082e+49
9138,1.291085443262204e+49
9139,1.2874395774049584e+49
9140,1.2838004250519023e+49
9141,1.280167986082143e+49
9142,1.2765422603301933e+49
9143,1.27292324758614e+49
9144,1.2693109475956667e+49
9145,1.2657053600602118e+49
9146,1.2621064846369994e+49
9147,1.2585143209391925e+49
9148,1.2549288685359137e+49
9149,1.2513501269524295e+49
9150,1.247778095670173e+49
9151,1.2442127741268624e+49
9152,1.24065416171662e+49
9153,1.2371022577900106e+49
9154,1.233557061654187e+49
9155,1.230018572572981e+49
9156,1.2264867897670074e+49
9157,1.2229617124136886e+49
9158,1.219443339647454e+49
9159,1.2159316705597544e+49
9160,1.212426704199215e+49
9161,1.208928439571745e+49
9162,1.205436875640529e+49
9163,1.2019520113262783e+49
9164,1.198473845507175e+49
9165,1.1950023770191146e+49
9166,1.191537604655712e+49
9167,1.1880795271684137e+49
9168,1.1846281432666263e+49
9169,1.1811834516178136e+49
9170,1.1777454508475534e+49
9171,1.174314139539709e+49
9172,1.170889516236464e+49
9173,1.1674715794384807e+49
9174,1.1640603276048979e+49
9175,1.1606557591536129e+49
9176,1.1572578724611985e+49
9177,1.1538666658631147e+49
9178,1.150482137653777e+49
9179,1.1471042860866742e+49
9180,1.1437331093744278e+49
9181,1.1403686056889715e+49
9182,1.1370107731615831e+49
9183,1.1336596098830154e+49
9184,1.1303151139036276e+49
9185,1.1269772832334266e+49
9186,1.1236461158422492e+49
9187,1.120321609659798e+49
9188,1.1170037625757854e+49
9189,1.1136925724400225e+49
9190,1.1103880370625568e+49
9191,1.1070901542137036e+49
9192,1.1037989216242564e+49
9193,1.1005143369854922e+49
9194,1.097236397949358e+49
9195,1.0939651021285074e+49
9196,1.0907004470964927e+49
9197,1.0874424303877724e+49
9198,1.0841910494979094e+49
9199,1.0809463018836044e+49
9200,1.0777081849628667e+49
9201,1.0744766961150633e+49
9202,1.0712518326810976e+49
9203,1.0680335919634569e+49
9204,1.0648219712263227e+49
9205,1.061616967695733e+49
9206,1.058418578559635e+49
9207,1.0552268009680354e+49
9208,1.0520416320330946e+49
9209,1.0488630688291778e+49
9210,1.045691108393106e+49
9211,1.0425257477241419e+49
9212,1.0393669837841161e+49
9213,1.0362148134975986e+49
9214,1.0330692337519674e+49
9215,1.0299302413974894e+49
9216,1.0267978332475448e+49
9217,1.023672006078552e+49
9218,1.0205527566302926e+49
9219,1.017440081605847e+49
9220,1.0143339776718122e+49
9221,1.0112344414583795e+49
9222,1.0081414695594405e+49
9223,1.0050550585326997e+49
9224,1.0019752048997933e+49
9225,9.989019051464089e+48
9226,9.958351557224189e+48
9227,9.927749530419154e+48
9228,9.897212934834133e+48
9229,9.866741733899018e+48
9230,9.83633589069016e+48
9231,9.805995367930826e+48
9232,9.775720127992844e+48
9233,9.745510132897527e+48
9234,9.715365344317005e+48
9235,9.685285723575054e+48
9236,9.655271231648523e+48
9237,9.625321829168584e+48
9238,9.595437476421265e+48
9239,9.565618133349435e+48
9240,9.535863759553214e+48
9241,9.506174314291736e+48
9242,9.476549756484006e+48
9243,9.446990044709793e+48
9244,9.417495137211436e+48
9245,9.388064991894412e+48
9246,9.358699566328863e+48
9247,9.3293988177505e+48
9248,9.300162703061991e+48
9249,9.270991178834035e+48
9250,9.241884201306485e+48
9251,9.212841726389645e+48
9252,9.183863709665217e+48
9253,9.154950106387622e+48
9254,9.126100871485276e+48
9255,9.097315959561445e+48
9256,9.068595324895943e+48
9257,9.039938921445479e+48
9258,9.011346702845888e+48
9259,8.982818622412292e+48
9260,8.954354633141149e+48
9261,8.925954687710698e+48
9262,8.897618738482542e+48
9263,8.869346737502925e+48
9264,8.841138636503661e+48
9265,8.812994386903245e+48
9266,8.784913939808416e+48
9267,8.756897246015e+48
9268,8.728944256009296e+48
9269,8.701054919969112e+48
9270,8.673229187765046e+48
9271,8.645467008961816e+48
9272,8.617768332819045e+48
9273,8.59013310829285e+48
9274,8.562561284036933e+48
9275,8.535052808403624e+48
9276,8.507607629445166e+48
9277,8.480225694915057e+48
9278,8.452906952269107e+48
9279,8.425651348666336e+48
9280,8.398458830970983e+48
9281,8.371329345752775e+48
9282,8.344262839288717e+48
9283,8.3172592575642e+48
9284,8.290318546273933e+48
9285,8.263440650823464e+48
9286,8.236625516330192e+48
9287,8.209873087624831e+48
9288,8.18318330925215e+48
9289,8.156556125472416e+48
9290,8.129991480262897e+48
9291,8.103489317318555e+48
9292,8.077049580053615e+48
9293,8.050672211602601e+48
9294,8.024357154821442e+48
9295,7.998104352289074e+48
9296,7.971913746308208e+48
9297,7.945785278906733e+48
9298,7.919718891839085e+48
9299,7.893714526587043e+48
9300,7.867772124361293e+48
9301,7.841891626102568e+48
9302,7.816072972482628e+48
9303,7.790316103905908e+48
9304,7.764620960510293e+48
9305,7.73898748216859e+48
9306,7.713415608489508e+48
9307,7.687905278819272e+48
9308,7.662456432242301e+48
9309,7.637069007582865e+48
9310,7.611742943406162e+48
9311,7.586478178019397e+48
9312,7.56127464947309e+48
9313,7.536132295562301e+48
9314,7.511051053827913e+48
9315,7.486030861557686e+48
9316,7.461071655787643e+48
9317,7.436173373302998e+48
9318,7.411335950639769e+48
9319,7.386559324085605e+48
9320,7.361843429681303e+48
9321,7.337188203221885e+48
9322,7.312593580257783e+48
9323,7.288059496096009e+48
9324,7.2635858858016e+48
9325,7.239172684198502e+48
9326,7.214819825871211e+48
9327,7.190527245165449e+48
9328,7.166294876189847e+48
9329,7.142122652816894e+48
9330,7.118010508684321e+48
9331,7.093958377196053e+48
9332,7.069966191523742e+48
9333,7.046033884607759e+48
9334,7.022161389158448e+48
9335,6.998348637657494e+48
9336,6.974595562358801e+48
9337,6.950902095289983e+48
9338,6.927268168253695e+48
9339,6.903693712828365e+48
9340,6.88017866036966e+48
9341,6.856722942012043e+48
9342,6.833326488669418e+48
9343,6.809989231036586e+48
9344,6.786711099590579e+48
9345,6.763492024591644e+48
9346,6.74033193608453e+48
9347,6.717230763899791e+48
9348,6.694188437654814e+48
9349,6.671204886755311e+48
9350,6.648280040396072e+48
9351,6.625413827562752e+48
9352,6.602606177032553e+48
9353,6.579857017375784e+48
9354,6.5571662769567e+48
9355,6.534533883935156e+48
9356,6.511959766267553e+48
9357,6.489443851708058e+48
9358,6.466986067809691e+48
9359,6.444586341925964e+48
9360,6.422244601211429e+48
9361,6.399960772623506e+48
9362,6.377734782923258e+48
9363,6.355566558676834e+48
9364,6.333456026256416e+48
9365,6.311403111841804e+48
9366,6.289407741421238e+48
9367,6.267469840792682e+48
9368,6.245589335565284e+48
9369,6.223766151160195e+48
9370,6.202000212812001e+48
9371,6.180291445569951e+48
9372,6.158639774298759e+48
9373,6.137045123680577e+48
9374,6.115507418215071e+48
9375,6.094026582221813e+48
9376,6.072602539840532e+48
9377,6.051235215032925e+48
9378,6.029924531583351e+48
9379,6.008670413100526e+48
9380,5.987472783018109e+48
9381,5.966331564596509e+48
9382,5.945246680923629e+48
9383,5.924218054916267e+48
9384,5.903245609321318e+48
9385,5.882329266716616e+48
9386,5.861468949512546e+48
9387,5.840664579953109e+48
9388,5.819916080116847e+48
9389,5.799223371918341e+48
9390,5.778586377109374e+48
9391,5.7580050172796636e+48
9392,5.7374792138586875e+48
9393,5.717008888116379e+48
9394,5.696593961164509e+48
9395,5.676234353957796e+48
9396,5.655929987294984e+48
9397,5.6356807818203225e+48
9398,5.6154866580242993e+48
9399,5.5953475362452453e+48
9400,5.575263336670114e+48
9401,5.5552339793358447e+48
9402,5.5352593841306776e+48
9403,5.5153394707948644e+48
9404,5.4954741589223834e+48
9405,5.47566336796153e+48
9406,5.455907017216643e+48
9407,5.4362050258488083e+48
9408,5.416557312877219e+48
9409,5.396963797180377e+48
9410,5.3774243974970325e+48
9411,5.357939032427537e+48
9412,5.338507620435046e+48
9413,5.319130079846407e+48
9414,5.299806328853449e+48
9415,5.280536285514212e+48
9416,5.2613198677539726e+48
9417,5.2421569933664505e+48
9418,5.223047580014842e+48
9419,5.203991545233191e+48
9420,5.184988806427243e+48
9421,5.166039280875771e+48
9422,5.1471428857317495e+48
9423,5.128299538023271e+48
9424,5.109509154654874e+48
9425,5.0907716524085796e+48
9426,5.072086947945176e+48
9427,5.0534549578050526e+48
9428,5.03487559840962e+48
9429,5.016348786062251e+48
9430,4.9978744369495334e+48
9431,4.979452467142182e+48
9432,4.96108279259664e+48
9433,4.942765329155494e+48
9434,4.9244999925491375e+48
9435,4.9062866983967174e+48
9436,4.888125362207204e+48
9437,4.870015899380582e+48
9438,4.8519582252088755e+48
9439,4.833952254877385e+48
9440,4.815997903465607e+48
9441,4.798095085948523e+48
9442,4.78024371719769e+48
9443,4.7624437119821626e+48
9444,4.744694984969735e+48
9445,4.726997450728119e+48
9446,4.7093510237257885e+48
9447,4.6917556183334226e+48
9448,4.6742111488246365e+48
9449,4.656717529377301e+48
9450,4.639274674074632e+48
9451,4.621882496906161e+48
9452,4.604540911768886e+48
9453,4.587249832468443e+48
9454,4.5700091727199326e+48
9455,4.552818846149312e+48
9456,4.5356787662942824e+48
9457,4.5185888466054625e+48
9458,4.50154900044731e+48
9459,4.4845591410994655e+48
9460,4.467619181757425e+48
9461,4.450729035534099e+48
9462,4.433888615460502e+48
9463,4.417097834486954e+48
9464,4.400356605484151e+48
9465,4.3836648412442444e+48
9466,4.367022454481727e+48
9467,4.3504293578348405e+48
9468,4.333885463866252e+48
9469,4.317390685064435e+48
9470,4.3009449338443985e+48
9471,4.284548122549032e+48
9472,4.268200163449965e+48
9473,4.251900968748758e+48
9474,4.235650450577702e+48
9475,4.219448521001198e+48
9476,4.203295092016581e+48
9477,4.1871900755550956e+48
9478,4.171133383483139e+48
9479,4.155124927603169e+48
9480,4.1391646196547464e+48
9481,4.1232523713155614e+48
9482,4.107388094202485e+48
9483,4.091571699872662e+48
9484,4.0758030998242766e+48
9485,4.060082205497959e+48
9486,4.04440892827752e+48
9487,4.028783179490975e+48
9488,4.0132048704116445e+48
9489,3.997673912259312e+48
9490,3.9821902162008985e+48
9491,3.966753693351669e+48
9492,3.95136425477631e+48
9493,3.9360218114897817e+48
9494,3.9207262744582945e+48
9495,3.905477554600528e+48
9496,3.890275562788449e+48
9497,3.8751202098482934e+48
9498,3.860011406561668e+48
9499,3.844949063666412e+48
9500,3.829933091857743e+48
9501,3.814963401789132e+48
9502,3.80003990407327e+48
9503,3.785162509283087e+48
9504,3.770331127952776e+48
9505,3.755545670578743e+48
9506,3.740806047620524e+48
9507,3.726112169501754e+48
9508,3.7114639466112516e+48
9509,3.6968612893039064e+48
9510,3.6823041079016014e+48
9511,3.667792312694204e+48
9512,3.6533258139406485e+48
9513,3.638904521869775e+48
9514,3.6245283466811534e+48
9515,3.610197198546324e+48
9516,3.595910987609616e+48
9517,3.58166962398897e+48
9518,3.567473017777047e+48
9519,3.553321079042202e+48
9520,3.53921371782922e+48
9521,3.525150844160451e+48
9522,3.5111323680366674e+48
9523,3.497158199437955e+48
9524,3.483228248324792e+48
9525,3.46934242463875e+48
9526,3.455500638303626e+48
9527,3.441702799226292e+48
9528,3.4279488172975713e+48
9529,3.414238602393189e+48
9530,3.4005720643747344e+48
9531,3.386949113090485e+48
9532,3.3733696583764486e+48
9533,3.359833610057062e+48
9534,3.3463408779463433e+48
9535,3.3328913718486085e+48
9536,3.319485001559417e+48
9537,3.3061216768665944e+48
9538,3.292801307550929e+48
9539,3.2795238033871876e+48
9540,3.266289074144985e+48
9541,3.2530970295896465e+48
9542,3.239947579483142e+48
9543,3.2268406335849055e+48
9544,3.213776101652818e+48
9545,3.200753893443903e+48
9546,3.187773918715394e+48
9547,3.174836087225528e+48
9548,3.1619403087343663e+48
9549,3.1490864930047474e+48
9550,3.136274549803101e+48
9551,3.1235043889003114e+48
9552,3.110775920072609e+48
9553,3.098089053102404e+48
9554,3.085443697779119e+48
9555,3.07283976390008e+48
9556,3.060277161271289e+48
9557,3.047755799708495e+48
9558,3.0352755890376645e+48
9559,3.022836439096147e+48
9560,3.010438259733369e+48
9561,2.998080960811709e+48
9562,2.985764452207276e+48
9563,2.9734886438108226e+48
9564,2.961253445528481e+48
9565,2.949058767282755e+48
9566,2.936904519012998e+48
9567,2.9247906106766915e+48
9568,2.912716952249882e+48
9569,2.9006834537282195e+48
9570,2.8886900251276517e+48
9571,2.8767365764852323e+48
9572,2.864823017859988e+48
9573,2.852949259333771e+48
9574,2.8411152110118895e+48
9575,2.8293207830240387e+48
9576,2.817565885525039e+48
9577,2.8058504286956717e+48
9578,2.7941743227434292e+48
9579,2.7825374779033346e+48
9580,2.77093980443866e+48
9581,2.7593812126417664e+48
9582,2.7478616128349144e+48
9583,2.7363809153709556e+48
9584,2.7249390306341672e+48
9585,2.713535869040942e+48
9586,2.7021713410406463e+48
9587,2.690845357116378e+48
9588,2.6795578277856695e+48
9589,2.66830866360128e+48
9590,2.657097775151943e+48
9591,2.6459250730631034e+48
9592,2.634790467997757e+48
9593,2.6236938706570688e+48
9594,2.612635191781197e+48
9595,2.601614342150022e+48
9596,2.5906312325838825e+48
9597,2.5796857739442868e+48
9598,2.568777877134712e+48
9599,2.557907453101206e+48
9600,2.547074412833355e+48
9601,2.5362786673646974e+48
9602,2.5255201277736922e+48
9603,2.514798705184307e+48
9604,2.5041143107668427e+48
9605,2.493466855738492e+48
9606,2.4828562513641837e+48
9607,2.4722824089572906e+48
9608,2.4617452398802474e+48
9609,2.451244655545265e+48
9610,2.4407805674151538e+48
9611,2.4303528870038592e+48
9612,2.419961525877253e+48
9613,2.409606395653764e+48
9614,2.3992874080051727e+48
9615,2.389004474657165e+48
9616,2.378757507390107e+48
9617,2.368546418039622e+48
9618,2.3583711184974677e+48
9619,2.3482315207119632e+48
9620,2.3381275366887817e+48
9621,2.328059078491762e+48
9622,2.318026058243221e+48
9623,2.308028388124952e+48
9624,2.29806598037873e+48
9625,2.2881387473069916e+48
9626,2.278246601273459e+48
9627,2.268389454703869e+48
9628,2.258567220086531e+48
9629,2.2487798099730876e+48
9630,2.2390271369789666e+48
9631,2.229309113784303e+48
9632,2.219625653134238e+48
9633,2.2099766678398575e+48
9634,2.2003620707786868e+48
9635,2.19078177489525e+48
9636,2.1812356932018274e+48
9637,2.1717237387789805e+48
9638,2.16224582477629e+48
9639,2.1528018644128313e+48
9640,2.143391770977893e+48
9641,2.1340154578314857e+48
9642,2.1246728384050933e+48
9643,2.115363826202149e+48
9644,2.1060883347987236e+48
9645,2.096846277844046e+48
9646,2.0876375690611725e+48
9647,2.0784621222475366e+48
9648,2.0693198512755707e+48
9649,2.060210670093256e+48
9650,2.0511344927247353e+48
9651,2.0420912332709256e+48
9652,2.0330808059100176e+48
9653,2.024103124898075e+48
9654,2.015158104569748e+48
9655,2.006245659338577e+48
9656,1.9973657036977955e+48
9657,1.9885181522208104e+48
9658,1.9797029195617236e+48
9659,1.970919920455959e+48
9660,1.962169069720797e+48
9661,1.9534502822559204e+48
9662,1.9447634730439203e+48
9663,1.936108557150957e+48
9664,1.9274854497271954e+48
9665,1.918894066007449e+48
9666,1.9103343213115947e+48
9667,1.9018061310451883e+48
9668,1.893309410700026e+48
9669,1.8848440758546074e+48
9670,1.8764100421746762e+48
9671,1.8680072254137983e+48
9672,1.859635541413816e+48
9673,1.8512949061054134e+48
9674,1.8429852355086034e+48
9675,1.834706445733291e+48
9676,1.8264584529796994e+48
9677,1.8182411735389393e+48
9678,1.810054523793531e+48
9679,1.80189842021784e+48
9680,1.793772779378662e+48
9681,1.7856775179356055e+48
9682,1.7776125526417134e+48
9683,1.7695778003438367e+48
9684,1.7615731779832272e+48
9685,1.7535986025959594e+48
9686,1.7456539913134034e+48
9687,1.7377392613627338e+48
9688,1.7298543300674117e+48
9689,1.7219991148476723e+48
9690,1.7141735332209174e+48
9691,1.7063775028022706e+48
9692,1.6986109413050158e+48
9693,1.6908737665409933e+48
9694,1.6831658964212383e+48
9695,1.675487248956193e+48
9696,1.6678377422563447e+48
9697,1.6602172945326357e+48
9698,1.652625824096878e+48
9699,1.6450632493621754e+48
9700,1.637529488843503e+48
9701,1.6300244611579424e+48
9702,1.622548085025312e+48
9703,1.6151002792684607e+48
9704,1.607680962813799e+48
9705,1.6002900546916695e+48
9706,1.592927474036789e+48
9707,1.5855931400886736e+48
9708,1.5782869721920455e+48
9709,1.5710088897972622e+48
9710,1.563758812460789e+48
9711,1.5565366598454538e+48
9712,1.549342351721029e+48
9713,1.542175807964574e+48
9714,1.5350369485607997e+48
9715,1.5279256936024862e+48
9716,1.5208419632909246e+48
9717,1.5137856779363134e+48
9718,1.5067567579580573e+48
9719,1.4997551238852528e+48
9720,1.492780696357048e+48
9721,1.4858333961230242e+48
9722,1.478913144043587e+48
9723,1.472019861090293e+48
9724,1.465153468346337e+48
9725,1.458313887006802e+48
9726,1.4515010383791217e+48
9727,1.4447148438833719e+48
9728,1.4379552250527369e+48
9729,1.4312221035337613e+48
9730,1.4245154010867818e+48
9731,1.417835039586279e+48
9732,1.41118094102117e+48
9733,1.4045530274952448e+48
9734,1.3979512212275042e+48
9735,1.3913754445524224e+48
9736,1.384825619920381e+48
9737,1.3783016698979623e+48
9738,1.3718035171683303e+48
9739,1.3653310845315057e+48
9740,1.3588842949047643e+48
9741,1.352463071322906e+48
9742,1.3460673369386344e+48
9743,1.3396970150228554e+48
9744,1.3333520289650137e+48
9745,1.3270323022733796e+48
9746,1.3207377585753986e+48
9747,1.3144683216180015e+48
9748,1.3082239152679228e+48
9749,1.3020044635119841e+48
9750,1.2958098904574146e+48
9751,1.2896401203321603e+48
9752,1.2834950774851787e+48
9753,1.2773746863867458e+48
9754,1.271278871628701e+48
9755,1.2652075579248916e+48
9756,1.2591606701112437e+48
9757,1.253138133146233e+48
9758,1.2471398721110635e+48
9759,1.2411658122100346e+48
9760,1.2352158787707101e+48
9761,1.2292899972442989e+48
9762,1.2233880932059156e+48
9763,1.2175100923547957e+48
9764,1.2116559205145994e+48
9765,1.2058255036336888e+48
9766,1.2000187677854073e+48
9767,1.194235639168267e+48
9768,1.1884760441063201e+48
9769,1.1827399090493043e+48
9770,1.1770271605729866e+48
9771,1.1713377253793663e+48
9772,1.1656715302969044e+48
9773,1.160028502280876e+48
9774,1.1544085684134726e+48
9775,1.1488116559041606e+48
9776,1.1432376920898272e+48
9777,1.1376866044351186e+48
9778,1.1321583205325837e+48
9779,1.126652768102959e+48
9780,1.12116987499537e+48
9781,1.115709569187572e+48
9782,1.1102717787861976e+48
9783,1.104856432026913e+48
9784,1.0994634572747204e+48
9785,1.0940927830240896e+48
9786,1.0887443378992785e+48
9787,1.0834180506544209e+48
9788,1.0781138501738412e+48
9789,1.0728316654721883e+48
9790,1.0675714256947048e+48
9791,1.062333060117361e+48
9792,1.0571164981471293e+48
9793,1.0519216693221229e+48
9794,1.0467485033118048e+48
9795,1.0415969299172126e+48
9796,1.0364668790710876e+48
9797,1.0313582808381255e+48
9798,1.0262710654151282e+48
9799,1.0212051631312123e+48
9800,1.0161605044479281e+48
9801,1.0111370199595208e+48
9802,1.0061346403930638e+48
9803,1.0011532966086092e+48
9804,9.961929195994158e+47
9805,9.912534404920719e+47
9806,9.86334790546698e+47
9807,9.814369011570672e+47
9808,9.765597038508072e+47
9809,9.717031302895392e+47
9810,9.668671122690354e+47
9811,9.620515817193881e+47
9812,9.57256470705161e+47
9813,9.52481711425518e+47
9814,9.477272362143672e+47
9815,9.429929775405779e+47
9816,9.382788680080326e+47
9817,9.335848403558064e+47
9818,9.289108274583013e+47
9819,9.242567623254304e+47
9820,9.196225781026527e+47
9821,9.150082080711976e+47
9822,9.104135856481484e+47
9823,9.058386443865877e+47
9824,9.012833179757006e+47
9825,8.967475402409343e+47
9826,8.92231245144078e+47
9827,8.877343667834115e+47
9828,8.832568393938162e+47
9829,8.78798597346859e+47
9830,8.743595751509792e+47
9831,8.699397074514966e+47
9832,8.655389290308026e+47
9833,8.611571748084334e+47
9834,8.567943798411506e+47
9835,8.524504793231156e+47
9836,8.481254085858755e+47
9837,8.438191030985786e+47
9838,8.395314984679902e+47
9839,8.352625304386116e+47
9840,8.310121348927729e+47
9841,8.267802478507008e+47
9842,8.22566805470655e+47
9843,8.183717440489305e+47
9844,8.14195000020025e+47
9845,8.100365099566846e+47
9846,8.058962105699314e+47
9847,8.017740387092344e+47
9848,7.976699313625111e+47
9849,7.935838256562183e+47
9850,7.89515658855435e+47
9851,7.854653683639133e+47
9852,7.814328917241576e+47
9853,7.774181666174678e+47
9854,7.734211308640122e+47
9855,7.694417224229118e+47
9856,7.654798793922406e+47
9857,7.615355400091333e+47
9858,7.576086426497995e+47
9859,7.536991258296163e+47
9860,7.49806928203145e+47
9861,7.459319885641557e+47
9862,7.420742458457549e+47
9863,7.382336391203465e+47
9864,7.34410107599704e+47
9865,7.306035906350163e+47
9866,7.268140277169228e+47
9867,7.2304135847553e+47
9868,7.19285522680461e+47
9869,7.155464602408811e+47
9870,7.118241112055523e+47
9871,7.081184157628076e+47
9872,7.044293142406123e+47
9873,7.007567471065973e+47
9874,6.971006549680604e+47
9875,6.9346097857197966e+47
9876,6.898376588050508e+47
9877,6.862306366937056e+47
9878,6.8263985340409e+47
9879,6.790652502421218e+47
9880,6.7550676865347205e+47
9881,6.719643502235894e+47
9882,6.684379366776913e+47
9883,6.649274698807777e+47
9884,6.61432891837642e+47
9885,6.579541446928508e+47
9886,6.544911707307601e+47
9887,6.510439123755171e+47
9888,6.476123121910351e+47
9889,6.441963128810058e+47
9890,6.40795857288878e+47
9891,6.374108883978585e+47
9892,6.340413493309047e+47
9893,6.306871833506885e+47
9894,6.273483338595956e+47
9895,6.240247443997296e+47
9896,6.207163586528497e+47
9897,6.1742312044038925e+47
9898,6.141449737233984e+47
9899,6.108818626025606e+47
9900,6.076337313181338e+47
9901,6.044005242499337e+47
9902,6.011821859173104e+47
9903,5.979786609791211e+47
9904,5.947898942336722e+47
9905,5.916158306187149e+47
9906,5.884564152113983e+47
9907,5.853115932282316e+47
9908,5.821813100250314e+47
9909,5.790655110969116e+47
9910,5.759641420782112e+47
9911,5.728771487424735e+47
9912,5.6980447700237164e+47
9913,5.667460729097096e+47
9914,5.637018826552956e+47
9915,5.606718525689831e+47
9916,5.5765592911955426e+47
9917,5.546540589146815e+47
9918,5.516661887008887e+47
9919,5.4869226536347186e+47
9920,5.457322359264508e+47
9921,5.4278604755251445e+47
9922,5.398536475429484e+47
9923,5.3693498333758415e+47
9924,5.340300025147118e+47
9925,5.311386527910309e+47
9926,5.2826088202159534e+47
9927,5.253966381997175e+47
9928,5.2254586945691556e+47
9929,5.1970852406281166e+47
9930,5.168845504250958e+47
9931,5.140738970894379e+47
9932,5.112765127394087e+47
9933,5.084923461963826e+47
9934,5.057213464194916e+47
9935,5.0296346250551486e+47
9936,5.002186436888218e+47
9937,4.9748683934125485e+47
9938,4.947679989720821e+47
9939,4.9206207222787705e+47
9940,4.893690088924355e+47
9941,4.8668875888672265e+47
9942,4.84021272268721e+47
9943,4.8136649923338256e+47
9944,4.787243901125156e+47
9945,4.760948953746992e+47
9946,4.734779656251682e+47
9947,4.708735516057451e+47
9948,4.682816041946988e+47
9949,4.6570207440668726e+47
9950,4.631349133926138e+47
9951,4.605800724395528e+47
9952,4.580375029706354e+47
9953,4.555071565449408e+47
9954,4.529889848573744e+47
9955,4.504829397385944e+47
9956,4.479889731548636e+47
9957,4.455070372079651e+47
9958,4.430370841350573e+47
9959,4.405790663085986e+47
9960,4.381329362362006e+47
9961,4.356986465605246e+47
9962,4.3327615005915696e+47
9963,4.308653996444963e+47
9964,4.284663483636207e+47
9965,4.260789493981839e+47
9966,4.237031560642647e+47
9967,4.213389218122814e+47
9968,4.189862002268232e+47
9969,4.166449450265496e+47
9970,4.143151100640417e+47
9971,4.119966493257075e+47
9972,4.0968951693161424e+47
9973,4.073936671353694e+47
9974,4.051090543239906e+47
9975,4.02835633017774e+47
9976,4.005733578701443e+47
9977,3.9832218366753164e+47
9978,3.9608206532923415e+47
9979,3.938529579072555e+47
9980,3.916348165862072e+47
9981,3.894275966831199e+47
9982,3.872312536473326e+47
9983,3.8504574306034185e+47
9984,3.8287102063564655e+47
9985,3.807070422186164e+47
9986,3.785537637863304e+47
9987,3.764111414474486e+47
9988,3.742791314420329e+47
9989,3.7215769014142755e+47
9990,3.700467740480932e+47
9991,3.6794633979544625e+47
9992,3.658563441477181e+47
9993,3.6377674399979683e+47
9994,3.6170749637707547e+47
9995,3.596485584352782e+47
9996,3.575998874603345e+47
9997,3.5556144086818127e+47
9998,3.5353317620462657e+47
9999,3.515150511451939e+47
10000,3.4950702349494807e+47
