,0
0,27.882594721744848
1,27.333934052145192
2,76.86007122261769
3,44.71042752415203
4,59.13009133198681
5,87.10127338138983
6,22.100432616285026
7,42.764776487886856
8,0.17959517904219124
9,35.08892425617922
10,80.47523454275071
11,86.71396017922083
12,80.4861915046916
13,20.954589538810133
14,61.81949483332496
15,40.2657580272886
16,9.695000221614237
17,57.98960219170092
18,23.16113502021292
19,94.28151582556043
20,44.22378160403848
21,82.71014681688838
22,3.6432774892745323
23,3.305534738780802
24,58.09491375508576
25,3.536606728200209
26,54.50437184015128
27,39.58053634097821
28,3.437658062729354
29,45.67672962220157
30,77.56823370391368
31,80.96236219222178
32,19.51262786218033
33,2.301678234222082
34,75.64532097012061
35,39.99314314894652
36,63.4032320042064
37,98.0632105112464
38,92.75640271519944
39,58.79066487387402
40,64.40367845830491
41,2.3656637106691525
42,86.57815426280548
43,53.70688360299324
44,52.85750516372223
45,92.01839765145859
46,3.1616702627817017
47,19.991819040419088
48,27.11638830492218
49,74.19315328307367
50,58.50177946479205
51,30.78362804415309
52,11.79627686283501
53,25.091877787319472
54,2.8830418547580394
55,26.020678807424602
56,83.52565934802485
57,27.33736091845923
58,28.636870963263426
59,49.50760105212693
60,58.87465997585299
61,30.01946220272773
62,20.55212034129166
63,61.68189828293661
64,36.821042642215886
65,64.23434666313254
66,19.865519916776808
67,77.99681153862316
68,52.386405573987304
69,38.250296981215506
70,38.90784170152967
71,54.46828733710964
72,81.79745447616126
73,47.205031409469676
74,82.19350021021056
75,89.7909092649248
76,42.23274634314522
77,12.338984850457324
78,65.09133224818558
79,71.47578162252614
80,9.673036164001815
81,26.67936666506797
82,28.420302290673682
83,20.08830909886109
84,3.757952519009211
85,70.61983365100846
86,94.1261963864105
87,51.266257848145905
88,11.634676610301186
89,53.39151968542354
90,45.79695681516256
91,35.93339240501721
92,58.487887872117206
93,55.01671510160053
94,75.16253562422814
95,54.56045367639029
96,0.026571070960557108
97,76.58062360463053
98,88.29501115916382
99,25.588294628939355
100,20.995730329830554
101,39.956567289732426
102,93.11279183814969
103,99.46346803650728
104,31.60241145539778
105,95.77678935943679
106,79.94700562334283
107,86.4852096968376
108,78.76700192372431
109,63.01585600632341
110,67.91478148884313
111,29.055733350852275
112,19.56224646407999
113,1.0761850478188228
114,79.2686857935505
115,10.941097986300985
116,6.012816424536938
117,17.042402367566854
118,39.17121470089469
119,27.289643977219804
120,31.319480992246472
121,60.652835997956636
122,63.44874076420336
123,90.87117666230785
124,56.8238544212694
125,8.726519751439799
126,85.40460771345182
127,63.60964777823407
128,9.637643102152904
129,70.91579429149867
130,13.867243012054109
131,36.847626767146366
132,92.74502521399556
133,51.482620093023755
134,57.1361502737038
135,41.72388371968027
136,59.156468251056246
137,61.44972923230371
138,5.405457629479793
139,95.60393046283676
140,91.03360522372324
141,5.148953229454712
142,47.61333156361259
143,59.06045738025006
144,91.12180452591448
145,22.851161406151288
146,57.94786791146428
147,69.53077638318166
148,94.91549568627971
149,91.23049356927318
150,23.31302486811524
151,56.35961941908359
152,95.1709269852826
153,54.5351404648762
154,52.029721480108805
155,58.34149008255945
156,11.392116753071646
157,62.15263745981311
158,53.508431392989785
159,10.51810856571187
160,82.77189585694053
161,81.54909311180472
162,39.112736667802196
163,86.43791768644121
164,3.7458446651551847
165,6.02806624071317
166,22.058069279977666
167,57.40358538746728
168,27.86086383762325
169,23.339076843868888
170,69.61814442182879
171,41.08050402116241
172,32.44400182457932
173,11.658259761811895
174,18.721352141957492
175,1.739610082494436
176,57.26278615752458
177,29.84366995455514
178,8.188875815394436
179,82.82214340194226
180,35.37863246009846
181,50.561536226692205
182,37.85371486083902
183,81.2070206498749
184,10.325286559314172
185,37.36080940932058
186,64.08809214203924
187,26.13439807723026
188,65.46761711103677
189,6.426982116624746
190,90.83257570311758
191,5.152331577751912
192,40.85203987315628
193,57.64911642363914
194,24.816239450264742
195,27.852484450561445
196,46.969516231198206
197,79.0256332196516
198,37.24187779848616
199,77.89050400098749
200,2.165904626566506
201,67.02866966827081
202,34.80804563732445
203,57.5539274230908
204,16.420710840013484
205,39.253881215269026
206,51.74290504098013
207,79.0775548580885
208,26.260089583132917
209,3.4392911793099556
210,25.761699821674465
211,4.301601920018438
212,48.59692806717092
213,63.99248183990978
214,4.335271955339726
215,29.69835894814117
216,1.0046713883040126
217,12.012764522759634
218,68.72254612264443
219,16.527763925279203
220,33.98991355836205
221,29.945075213251172
222,94.85331699123844
223,1.052159537887154
224,67.26916310303804
225,29.059055270372614
226,22.992399516088945
227,96.61563822382726
228,60.27100832549781
229,35.807563461885074
230,59.5246777286131
231,6.000792676005984
232,36.82294534144194
233,88.27381667798184
234,73.84577035724607
235,80.0612774283929
236,95.00282248583487
237,16.767858225048027
238,76.54277630515584
239,4.846301515032259
240,91.55406471197874
241,97.1370513765463
242,7.11053394789094
243,67.09557420948758
244,5.853063466125475
245,38.84658677089165
246,29.47775459838764
247,77.19236078679444
248,60.67382494610287
249,19.87652295104507
250,6.844293043436989
251,55.823810052885904
252,66.4177254315026
253,39.61359475670129
254,35.24344730489106
255,88.7762120411107
256,21.3961481560068
257,21.76352458353361
258,70.60087669802864
259,91.92757077771724
260,78.85648837149444
261,19.310911985928193
262,3.984403265927472
263,7.665855390336384
264,95.28083841482183
265,11.581959114884432
266,35.90048339424777
267,20.058321312264983
268,31.84101077419823
269,72.10465882593108
270,63.78949939043266
271,44.737219700260354
272,70.42810926454173
273,72.97446637606429
274,87.97122933517325
275,85.75896275370866
276,52.4463058810676
277,16.747533695712747
278,55.0676403149756
279,20.880812733221788
280,64.09499510756089
281,40.836618015193814
282,9.395465370558009
283,63.93465676987997
284,39.14878809111091
285,97.02589266910081
286,6.719568687027966
287,55.841549234279164
288,48.05279278238085
289,90.49813002518677
290,84.97010793925872
291,29.053134475386354
292,38.34974812921015
293,15.540086854611845
294,60.02009431800447
295,82.03847740062984
296,65.38264524926758
297,97.0016153587033
298,74.38488041398062
299,60.167718959567
300,16.17969844679401
301,28.516991732046858
302,45.64513518267972
303,8.03689152705882
304,84.4245218315473
305,93.90426130892257
306,53.755333674920045
307,13.547903389823945
308,99.13813617400616
309,15.980361246784557
310,38.48645824934101
311,26.341990017871296
312,50.533935051993836
313,46.99925565644821
314,67.6806695075826
315,94.66296765245387
316,70.87542654573346
317,72.88143602760121
318,34.24086524318021
319,49.28492176533902
320,84.71390627912959
321,16.48978882995893
322,49.516477278723116
323,52.79104205791436
324,35.850795354191035
325,63.75597015922073
326,15.651121897107112
327,9.349821896492605
328,75.13351002283557
329,77.05959268868787
330,28.9951264234675
331,66.81464550462492
332,84.98970459973457
333,50.326227077679675
334,9.473922751111829
335,40.01334938446529
336,91.63474656089356
337,99.1922750172455
338,87.36942578011994
339,54.816956170153695
340,4.410568230020351
341,46.9315690730493
342,36.40310445111926
343,84.28585882160806
344,65.75333318926711
345,10.29275972123398
346,2.7600939102442434
347,9.918191020469457
348,71.88300266862247
349,9.419509506417878
350,96.90642933265705
351,69.75709299047706
352,47.876019769062076
353,85.22566858289571
354,61.31074484570049
355,23.574902094393625
356,82.5424800266865
357,27.84345414439523
358,2.7463636492773946
359,77.88242113381266
360,33.37065098043508
361,72.2640546685603
362,81.67631581188311
363,27.59518802484351
364,97.39385921371249
365,17.84008191181541
366,30.666557627876156
367,95.06671292426815
368,92.47139629462472
369,4.72195625131876
370,91.4548118040382
371,52.78312403818859
372,70.79051900167404
373,30.63281213461768
374,12.304751720949202
375,47.601683064768885
376,14.056138038979626
377,28.859558181018706
378,88.27317646521045
379,22.900294930704955
380,60.095744535436644
381,44.92482271302596
382,27.33496720046086
383,14.852910511953732
384,41.452007151123084
385,68.70040919549585
386,54.99474271526251
387,63.48144273668943
388,63.60943338419677
389,49.15477137252554
390,37.65008822455115
391,67.11181720117581
392,1.9402844774323968
393,73.9097167728013
394,19.708575601868162
395,0.6345495414888602
396,14.22946015023675
397,54.08472127525417
398,36.9356825091386
399,78.72910659229635
400,22.59830802281886
401,79.928916699464
402,20.461026980926533
403,53.803994234188046
404,92.61127507387049
405,31.069049444403664
406,98.12690103866062
407,66.03986937920803
408,3.9118406692404295
409,62.7906164917877
410,7.218954163312574
411,14.27079550735517
412,68.40909282707861
413,30.96600757412694
414,0.5709780076980309
415,44.370132287818684
416,84.48567856011866
417,80.76902113134273
418,11.781553723835902
419,19.22147768910244
420,69.3509818476838
421,48.61439978319092
422,54.23490873470862
423,97.3557221155329
424,82.42787353117845
425,77.23022178639401
426,65.93348809978296
427,24.17703502420292
428,36.0591499518908
429,28.80361830037138
430,30.46073873259376
431,67.79543858541604
432,25.718337858878826
433,60.24547136175913
434,17.979678350896577
435,65.40707628303238
436,85.866440621447
437,45.66569500137923
438,4.241132884335464
439,71.88943034212737
440,73.28696826684902
441,64.58306469200969
442,5.210631088071227
443,51.937732445623155
444,40.39340367370726
445,95.8448197909221
446,80.08085357653066
447,77.02012652557458
448,22.753863339594382
449,88.3827092250731
450,7.415087934769094
451,50.746757103384674
452,75.49777842880552
453,46.0331730073653
454,63.36532384692084
455,81.59477246174002
456,63.72000096105739
457,70.07501196897917
458,12.374110676118521
459,89.14248229139628
460,91.81296071586272
461,15.737427982115282
462,94.34066433779343
463,53.515795321045324
464,99.84753347873851
465,69.82573982860971
466,52.60719521180533
467,0.09817191638475942
468,40.051347077658775
469,87.14785295206642
470,43.04136802000333
471,85.2132015388304
472,14.80613228954205
473,32.07440278141763
474,77.46939473280028
475,91.70899281867857
476,77.79509581660598
477,58.760864040703076
478,30.068615742653336
479,11.165408946975376
480,19.90727743458134
481,38.4706819464045
482,8.474036735630596
483,15.230956614179902
484,40.518089601095184
485,41.434109613647585
486,32.77648819132782
487,15.630014862454944
488,13.381293710202424
489,62.1299842544486
490,78.3967901824957
491,14.708412526065084
492,47.93118468066086
493,63.7215840547801
494,32.28967112080312
495,88.37701262129059
496,7.22138372988822
497,89.34782721730208
498,67.31979110337718
499,91.80431909109139
500,67.05458756525589
501,73.30377657670427
502,59.23828322422222
503,53.817236881845
504,4.223769319310533
505,74.17155645068875
506,0.8619131607567776
507,85.65055389496753
508,83.62487498558757
509,27.19851191886048
510,42.47431281816374
511,68.42737952787044
512,20.389310468422593
513,94.64947222350709
514,59.47410217009481
515,31.06872314417679
516,69.73985592204477
517,44.20626388106075
518,79.98982092939923
519,70.99403304978019
520,61.77171303742573
521,93.38786099362872
522,87.81115889439981
523,59.729222809776694
524,63.057735426257786
525,63.23331443842958
526,43.10054280343406
527,70.28462493026805
528,85.20878124687945
529,82.58184487674257
530,51.63761508375826
531,4.975438390500175
532,94.4480593182984
533,34.56550762544781
534,20.862930123092106
535,73.66057217841428
536,52.7462382996395
537,82.33895324562755
538,8.311048580717785
539,85.21883466043103
540,50.3676657186564
541,19.885453437064136
542,57.97393538731792
543,96.86663434382888
544,96.62021614233274
545,22.11844972889948
546,79.32068125269342
547,36.54525620169703
548,51.69360892875744
549,39.11043078180963
550,6.6381100128862
551,95.18547670570136
552,38.939127791282715
553,4.7367958795457294
554,48.97567094124627
555,82.07340024146343
556,96.37310814007833
557,99.64694688896435
558,27.905952926067023
559,90.81623638624805
560,50.04761828656336
561,27.98638352199003
562,82.59450858433783
563,44.45061165499583
564,40.24099282401819
565,66.06464951905654
566,5.081827564976916
567,14.462867440487292
568,95.89530852632122
569,60.78705360885293
570,10.496012933471288
571,94.13612566867984
572,37.82113674310601
573,21.373903238638615
574,79.18934004658283
575,40.7792111131966
576,1.427883238879779
577,46.64572469639071
578,22.82059547483435
579,44.21857172479101
580,59.07946779475213
581,13.376092139579365
582,90.56909333414991
583,44.59087129722739
584,83.87342036722059
585,41.66688702709601
586,84.37263817061086
587,74.39744386725017
588,6.234059698509986
589,76.49225282632196
590,83.4626532662955
591,88.61037838224418
592,4.507522152033372
593,68.60442900247656
594,42.48683452346555
595,90.87871356070619
596,10.289725982363274
597,57.36541226431346
598,52.84351242447194
599,97.38985856391434
600,57.791428380510844
601,94.53593890992275
602,76.52699113346932
603,53.02626288941591
604,20.330174850886774
605,9.983077066115998
606,82.861412529255
607,6.817202568505221
608,28.04518058860902
609,94.52847427183599
610,97.44270496941213
611,35.06202435928899
612,62.851075044293836
613,0.5071778636943192
614,6.173639546208243
615,1.3918504996756176
616,87.38330189238691
617,96.22019453903918
618,2.730460057453532
619,89.02399790176241
620,40.010085289042216
621,2.8069182674967164
622,47.026895059509364
623,95.57347369232674
624,21.05021628196001
625,48.797944862852574
626,1.466796750723831
627,37.05111408446269
628,37.2871372564031
629,53.73357581728738
630,63.016743521896835
631,89.94801967829338
632,39.82479081873185
633,53.30150626975526
634,1.9949933896874716
635,27.24144878964312
636,30.563985754219313
637,49.926023815384
638,11.67165535590744
639,42.73760404298336
640,38.91549798476069
641,39.01906349399997
642,26.758101353270746
643,80.05752828494892
644,30.22769634634389
645,93.98105607401844
646,91.55545791198828
647,97.01933376311668
648,79.4867053716865
649,37.3305703926459
650,18.269733417580458
651,8.756505670499038
652,59.646584067430005
653,28.431456079492456
654,12.631135370551739
655,86.30522475359534
656,1.323285285186837
657,95.31805626890939
658,80.9394860796102
659,96.346378497115
660,79.21411845415217
661,48.14419379278486
662,61.68654701653483
663,4.690453136651229
664,97.87919461812756
665,56.44593027379668
666,19.558898661082768
667,77.10757689252567
668,43.503305727147676
669,53.36374104440614
670,27.55772416152995
671,83.54831317112772
672,43.114465942267145
673,78.23323977547997
674,58.15717636711636
675,60.88010540408767
676,13.639134999357495
677,88.56760014356222
678,79.27595770713526
679,52.26356698766984
680,87.8697258413049
681,39.53354016031565
682,46.08430832850159
683,0.02696866296603151
684,12.812489134625139
685,20.118301205425304
686,94.22915167540317
687,6.324690519949227
688,99.83858484291011
689,1.9519109264156898
690,26.005608474579446
691,41.792731049627896
692,78.95938353180757
693,1.5447988743737429
694,14.270416171839905
695,91.04364254141787
696,10.66214088426224
697,43.4121470168123
698,10.869873541281883
699,3.859562637760239
700,62.77224758699408
701,8.943531800202276
702,49.452646926897856
703,65.09409739889996
704,35.09980654556184
705,42.070317213356034
706,89.24139067713861
707,6.731809324871795
708,98.5668501531899
709,33.71456047295497
710,44.467413508390464
711,19.321833074362804
712,52.00210802173149
713,65.06623104636449
714,39.69696842975302
715,76.76676078530534
716,92.59064070937524
717,28.885756416096765
718,61.85510707510916
719,88.19852523324388
720,26.759451062876916
721,56.687845499000666
722,9.435413409756755
723,25.836436488927404
724,39.16646525556472
725,27.17326988209834
726,81.7903717731321
727,63.17913410712628
728,90.58167059679032
729,11.314136911819507
730,80.23660787838955
731,97.45146169521746
732,26.811150513293747
733,83.55564433732263
734,7.411521508258612
735,7.8782708789125415
736,21.65500181290817
737,84.10062285176913
738,39.144829674860674
739,51.01129896070906
740,47.385757544520956
741,44.87966748581337
742,17.591188842448624
743,37.23364354837633
744,61.4124286652831
745,18.30433616295224
746,13.918697627233234
747,36.5864423671369
748,17.615513612757226
749,47.20519637892051
750,9.551745592064155
751,45.1711745117039
752,31.967824464909977
753,54.16297683327067
754,5.551222120441935
755,41.15042126117787
756,9.238475454783545
757,64.4467181581825
758,0.4314026155847861
759,96.2623612075968
760,92.12084851492803
761,2.987822082786651
762,56.3241792534435
763,38.162627075189214
764,66.87069394951021
765,71.80668467560986
766,90.50964529038067
767,1.625321519098888
768,65.46733125410242
769,57.5926819956604
770,72.58935675891941
771,45.605887102591815
772,4.552032954794183
773,94.24412758317044
774,30.715531914188553
775,14.965501888577815
776,13.47301387770672
777,6.171566675494866
778,74.8413059940664
779,75.68575772162356
780,8.336391012316069
781,30.87759073056754
782,86.43959970018203
783,94.07018244766304
784,72.30391333714196
785,52.31925619719628
786,30.10330250963826
787,62.06950807025815
788,51.139733840608706
789,89.27782516508182
790,89.30819668334368
791,38.189940594126725
792,46.26239469673784
793,37.64695687373902
794,61.48666549083769
795,11.524903257636975
796,61.50764658875006
797,70.28923437418547
798,93.62311259634899
799,73.15711114562087
800,29.31252186998612
801,60.93704977170089
802,5.7676224625882515
803,51.22158588242011
804,65.24246210195196
805,33.91091439762083
806,47.48097233723227
807,15.165875812084618
808,32.89578308560738
809,58.505974970165084
810,42.66335028807078
811,64.95055023743657
812,47.076351405534176
813,57.284879808080255
814,65.14119893439675
815,62.5358884241026
816,99.29064162523557
817,9.578066709227551
818,40.77241303549541
819,55.01404305292604
820,82.30139729594636
821,15.313131686397796
822,78.57026636562135
823,75.44216965084665
824,63.095593955899275
825,42.4180834664609
826,23.902874761110148
827,33.253125586651834
828,45.7950103875457
829,83.02074381498603
830,19.75155233259792
831,0.7956399827314553
832,73.4882505945472
833,14.173457431441971
834,83.42630032587698
835,98.58531703427577
836,76.13519091927581
837,78.84761112878562
838,59.78852881002933
839,84.94838630968285
840,73.72963105961776
841,97.99589217191486
842,66.97119303222408
843,15.803671897237525
844,78.76952015975786
845,66.8914829875912
846,88.97430783176713
847,85.13004296801586
848,42.99824162813937
849,69.82458598369148
850,1.5887062038676625
851,76.37726057914082
852,48.92748018041028
853,68.59348635052591
854,51.13844397886277
855,3.5486657049577097
856,78.09998018556588
857,68.77303633346202
858,10.52565605704866
859,26.762391486332337
860,97.95659632274048
861,6.127378824663787
862,62.58128425480724
863,41.479236044526715
864,82.73178937947866
865,27.031117601321654
866,53.25441922277049
867,34.39638625774298
868,98.01479361477791
869,32.49223249540112
870,64.11310964503357
871,13.260663746389623
872,90.23846213107686
873,27.873985902604904
874,72.68291583901328
875,20.261669328044775
876,26.605088915172146
877,27.382793257851247
878,86.04088911665086
879,7.707371240275451
880,77.70887264364495
881,36.16879825603032
882,88.02498628074258
883,49.45861398086119
884,58.37823625397958
885,10.738332126720406
886,67.80317751534352
887,23.511391802209857
888,51.52355061079839
889,29.807554258565528
890,64.18157680687408
891,18.89904638103176
892,97.17187486245471
893,26.625215564461403
894,41.27336928291362
895,96.02141472589703
896,38.79768722683982
897,24.13943422694481
898,57.00392327571132
899,0.356571499318592
900,86.69967682221937
901,6.03071190439648
902,24.186033381636552
903,77.04192703878311
904,39.32784357411446
905,68.6779476578465
906,77.32351213480482
907,28.255590964024634
908,37.03619156717725
909,81.57786597081201
910,79.31412709349925
911,93.41052021337607
912,22.657778449016387
913,89.30413365184239
914,32.36726658106564
915,60.518715631631736
916,44.000861952463964
917,67.33557664193643
918,31.247524868966448
919,95.38509803697421
920,70.82475519779479
921,93.42958749800582
922,30.258228529511754
923,23.133022365483903
924,22.07526298565041
925,68.87953815607403
926,23.99543785636191
927,46.81790514390738
928,58.52739840944447
929,30.943020916808305
930,78.72613906121609
931,25.58336149361947
932,81.62062995893875
933,74.7400549991921
934,94.70281232548481
935,21.246891081900564
936,8.281648596751657
937,52.80462897903499
938,76.02560994773482
939,67.25534398608531
940,62.3869663282507
941,60.3744386811398
942,50.127908525522
943,83.48568948060095
944,32.31614060193097
945,75.23470484149686
946,66.34102679325504
947,17.865474060254417
948,50.640769082807346
949,15.583156502963302
950,76.82840602651251
951,81.64717376362837
952,2.8667219265793076
953,27.066169658009464
954,22.24961010828743
955,45.27643569524723
956,4.2796353716733515
957,79.74204867486675
958,69.47600909331909
959,39.08938044048925
960,42.30348069601235
961,97.48399025312887
962,92.46384234683437
963,41.047651049669
964,86.7713456846543
965,66.91798103490973
966,57.02892661710245
967,16.7456952549342
968,2.0519337236488577
969,29.398692295177952
970,60.203078620639
971,38.07378571142861
972,23.12657099487778
973,98.82976581306315
974,55.61518158149934
975,48.88731520977593
976,30.982028122040393
977,23.176953045982607
978,0.8216624821675178
979,87.45589054867797
980,70.69089434245525
981,96.72983643960606
982,32.37319950267751
983,54.63684792972984
984,82.63694790151243
985,4.157189408923756
986,23.235347452845723
987,48.29274003122469
988,28.536949379142605
989,55.09512056658201
990,71.53909198708398
991,45.43809177445449
992,25.76439728530071
993,59.04884865103971
994,9.809998799907238
995,21.91519482795129
996,6.936214250816208
997,60.68401867227246
998,10.747929598390126
999,16.159618499413554
1000,74.98780846543356
1001,32.43952734434967
1002,14.431990341688428
1003,78.27837599483541
1004,47.54856386995606
1005,64.31338342638333
1006,99.0919439437667
1007,36.71339724536525
1008,29.97063643119624
1009,22.918182107824727
1010,20.187266461961684
1011,13.61081815282873
1012,68.67669126098599
1013,18.273726720574146
1014,34.1521355900969
1015,87.55808511011779
1016,19.019547743639265
1017,66.41083881310085
1018,10.338615452881427
1019,92.2393104059528
1020,97.01235711310636
1021,71.85359592811002
1022,6.715088675159531
1023,38.02201548142381
1024,78.39328614419578
1025,46.401205885880884
1026,23.2470619826047
1027,82.8786018978702
1028,84.79443614859609
1029,11.891655157882585
1030,23.353605170749102
1031,38.18793030245943
1032,65.27199162544314
1033,89.92479161264426
1034,74.73353256910951
1035,9.990917858813052
1036,76.95903059838982
1037,36.61775373953624
1038,97.71175542756775
1039,60.31376628565983
1040,10.727175341960537
1041,94.48648315980658
1042,71.53648736750655
1043,44.982148513442745
1044,12.102356735549192
1045,62.964076964583086
1046,21.127262527378786
1047,37.7794123300444
1048,17.983584599080604
1049,34.41336716391346
1050,36.587189847628295
1051,68.35172364974049
1052,46.1612501196511
1053,55.35298050809434
1054,69.31630514341983
1055,73.20166352071178
1056,30.795848010385875
1057,54.03333694850014
1058,98.94762701165862
1059,50.96711102974785
1060,43.574432182208376
1061,22.774038510693817
1062,89.8640999096453
1063,74.81945438840434
1064,89.83244248522598
1065,27.8698914847021
1066,2.113849011873725
1067,61.00450107995362
1068,91.27756499857061
1069,86.85766521968272
1070,32.813135096062354
1071,43.113939205598626
1072,96.7138275816333
1073,55.94043094284594
1074,5.473905336416074
1075,77.8341293973178
1076,58.830205954076916
1077,41.3424364682768
1078,3.9819328453525205
1079,31.664956026624267
1080,59.76624791594924
1081,34.556184410580435
1082,20.693837050101184
1083,92.8777936860461
1084,76.0565534351701
1085,52.6809113069388
1086,16.482239362827965
1087,66.91939420087202
1088,41.34294059268001
1089,3.9578982117691286
1090,66.57324231388372
1091,71.21791032605806
1092,6.527426004143999
1093,81.28001306490427
1094,57.841316207751525
1095,92.5653921660347
1096,29.47999446817834
1097,35.279214681750226
1098,96.21083351604135
1099,45.91174209414975
1100,17.646951835281087
1101,60.594354524202984
1102,25.37907600585896
1103,90.99244425810521
1104,16.38374892541886
1105,11.719995580753316
1106,44.88904693636001
1107,56.10458795123681
1108,30.333887520295
1109,26.708800363065787
1110,48.35427821350151
1111,98.17873244972726
1112,32.3338898924434
1113,75.1155318788223
1114,91.76105316241868
1115,77.91326974081818
1116,73.43430818618498
1117,33.368143319685885
1118,30.08538922319788
1119,61.73768575667782
1120,21.26760298820528
1121,62.393558432428065
1122,2.115817092350636
1123,69.8747772999995
1124,1.3375652909302316
1125,68.01379882032624
1126,69.14433322224794
1127,24.651585870315696
1128,32.076679878225036
1129,70.21028478650841
1130,61.492306785206154
1131,70.2291268436919
1132,60.48337827801408
1133,53.04732650225468
1134,35.50322242657272
1135,41.174434436824484
1136,4.723177026816772
1137,15.409933755789984
1138,15.559629136310837
1139,51.82588782233724
1140,1.0489499109128664
1141,40.132390603923554
1142,12.619192656257916
1143,11.656313432363897
1144,45.177534760031534
1145,74.03295407536716
1146,65.05245529494157
1147,89.30141656795722
1148,92.85007186998016
1149,56.58144846798103
1150,59.37871506150591
1151,82.1107078218672
1152,29.446292489325298
1153,30.72126803262314
1154,23.932249323250264
1155,77.40335361451253
1156,74.68685797484248
1157,52.11570085620061
1158,86.51917366198664
1159,24.1306253740344
1160,81.65558424168077
1161,32.10479882908918
1162,33.272995187542065
1163,64.3354522044482
1164,80.95786085195174
1165,6.350926582357275
1166,61.52153657332359
1167,80.73713667845686
1168,80.25325588477006
1169,66.71968846293939
1170,41.76497034371428
1171,97.52338668219545
1172,12.717410903279735
1173,78.51500996212128
1174,69.81105121765806
1175,47.22674401356694
1176,4.54043144616576
1177,33.96773155564278
1178,36.45337844305002
1179,13.305590227521623
1180,78.61917999771254
1181,78.0920492509079
1182,1.3143287288424732
1183,27.444703928436663
1184,56.48978343853
1185,28.569760044895965
1186,6.803586085512059
1187,41.33420608467681
1188,50.46241032117814
1189,56.50944939394446
1190,77.73299966200283
1191,48.46592582898553
1192,59.8774818976715
1193,47.33077808265713
1194,22.36389641991049
1195,97.66449815731573
1196,60.53947737752562
1197,41.45489045123352
1198,69.53581049743327
1199,47.487353798950615
1200,88.73965575391037
1201,27.783044446713323
1202,32.54333923622055
1203,15.65878439866223
1204,2.342576930731488
1205,11.276585039259823
1206,27.401600684362894
1207,27.82176942316167
1208,75.9169232757964
1209,2.892022019141427
1210,45.445553887526835
1211,35.53110440715061
1212,25.87015258001648
1213,92.26906416782566
1214,91.23878201692696
1215,62.72363633996106
1216,91.62874092559716
1217,38.4745544979909
1218,89.46911178713263
1219,0.8707880916488109
1220,10.772469872143853
1221,90.09408494971626
1222,47.81612431828008
1223,91.67909212465044
1224,23.655397916566844
1225,34.82154145347873
1226,56.55273809786776
1227,72.41923565107766
1228,30.59153764722311
1229,86.96762174742496
1230,98.30473138682552
1231,43.946113556743384
1232,48.548201165382835
1233,34.805689090164414
1234,69.01222903342851
1235,18.927422719728305
1236,7.306255730696121
1237,67.76226041391638
1238,49.972057247200084
1239,57.36440472272418
1240,82.57000662519008
1241,25.15706281965584
1242,90.55896821878862
1243,71.91902205586655
1244,93.31842645893622
1245,89.10675596418997
1246,70.86710094659605
1247,88.95536952162087
1248,19.59765651014851
1249,96.87979434030125
1250,56.78570918582307
1251,68.07765217100406
1252,31.509459614010026
1253,99.1645471037944
1254,2.0301601462519026
1255,16.47209019926943
1256,56.248936230394854
1257,71.7070451306694
1258,68.96828931155842
1259,3.3390405522188193
1260,10.786923651939716
1261,1.087121116383627
1262,81.01189564390829
1263,50.856210494904005
1264,3.6280119737521987
1265,69.02111742594246
1266,65.68763813619137
1267,34.24668722148206
1268,96.65945709241267
1269,56.16456129280139
1270,84.39802478142856
1271,18.62830699704664
1272,58.62327909611732
1273,81.65362916176863
1274,60.12197646130299
1275,31.637366767503018
1276,69.09519850881449
1277,86.12493961603029
1278,60.28519202401099
1279,92.6576280077979
1280,20.699936958446784
1281,42.30914542084042
1282,2.220883455251943
1283,86.74664572385953
1284,50.38328750887696
1285,83.73557760473264
1286,80.5220242781236
1287,96.74953882957158
1288,78.48940700492163
1289,53.83231213329017
1290,0.6646105433068428
1291,4.337220540893161
1292,95.19380781255865
1293,58.407021249052306
1294,42.347083485919
1295,54.19182385167814
1296,3.491651734701151
1297,61.159384964048535
1298,67.61900052378455
1299,45.756256829717046
1300,77.1464404398052
1301,38.81797454241907
1302,5.46002717071139
1303,42.869274532216686
1304,88.6057240644402
1305,95.74744573877673
1306,43.44877431075525
1307,82.82671378458605
1308,8.436211168801389
1309,93.4921957913542
1310,53.485961860805375
1311,34.79021108426337
1312,46.85222618420644
1313,79.04648673378617
1314,43.5092342846208
1315,46.91605749264415
1316,26.362778877498982
1317,79.19917957128094
1318,13.925508171350277
1319,86.53845362794429
1320,77.17071649619254
1321,43.03700046028139
1322,13.837191637906166
1323,32.802974987274936
1324,99.11040054281533
1325,32.80772245104493
1326,60.854739551586945
1327,77.12881626901805
1328,51.06937674807688
1329,19.153594708286693
1330,98.41633135597596
1331,34.15979507786213
1332,32.47039856980977
1333,44.184029713558616
1334,13.012564198262954
1335,39.140847986367966
1336,91.38970246804988
1337,68.86850815012609
1338,83.56564116377908
1339,98.0631560715489
1340,51.63554684650605
1341,46.36304842775982
1342,48.613170600914
1343,72.05565053660938
1344,61.03203850177965
1345,98.59851088931092
1346,33.281862789774905
1347,21.159712229377647
1348,33.98604089278871
1349,8.944420408850917
1350,18.88244820743391
1351,38.95986813791805
1352,0.7824039956106921
1353,49.505468407060725
1354,76.9953244573346
1355,24.563964663369664
1356,77.91905513760612
1357,86.1993054537096
1358,56.254613680766084
1359,40.693139302491375
1360,30.16950571935173
1361,53.88972749245063
1362,51.638836285510706
1363,90.30862824876532
1364,27.690296901169432
1365,69.06421358746206
1366,78.83576947163453
1367,58.17544876205839
1368,75.05144215863572
1369,2.7182737715257477
1370,31.349351353107767
1371,66.08518526012563
1372,0.36596555989643065
1373,8.75453595574065
1374,86.11070386547966
1375,16.59439033057941
1376,71.38615802376191
1377,30.13206050668765
1378,42.60745078984134
1379,37.88882730466435
1380,40.72007523332206
1381,12.221921003469605
1382,11.878659219392096
1383,68.03185325660309
1384,0.9363222902935231
1385,10.933612029597828
1386,33.713779644363406
1387,61.68950748359953
1388,56.100974390304415
1389,43.46433825245083
1390,83.68907785417431
1391,52.10453374952917
1392,8.79457977363467
1393,48.84014803977568
1394,36.8515728484123
1395,20.08279680468079
1396,9.453831712714821
1397,81.28781359664345
1398,88.87647259344489
1399,20.25230129418928
1400,29.390761136145272
1401,36.99580942852027
1402,35.42036432094675
1403,58.11909945206579
1404,57.36399222416602
1405,96.14741399540274
1406,45.09665841396453
1407,14.892814091291285
1408,29.973962273691367
1409,8.727476571288761
1410,89.37758151427833
1411,19.7752648667744
1412,69.77820925016157
1413,15.61637881854281
1414,98.00715258725207
1415,52.0361872840678
1416,33.48726639606075
1417,22.961960395488134
1418,70.22966577322609
1419,73.69308296170792
1420,89.45424275746913
1421,38.87034285993599
1422,65.06252645446123
1423,93.8719303413413
1424,68.58591657658484
1425,75.73408294781197
1426,61.79669271772919
1427,37.22881823411832
1428,42.93796907506795
1429,59.219599185986496
1430,2.274319892450638
1431,48.242991574669325
1432,30.35656425172798
1433,1.8430593237202308
1434,79.62157279458559
1435,66.06303374227393
1436,12.138086179172857
1437,81.19144681806979
1438,91.65607151391171
1439,69.24890356880674
1440,82.08388772867453
1441,44.96365532944618
1442,99.7291903667019
1443,20.3226946110886
1444,66.7460351334526
1445,8.715030689362724
1446,62.52892733689315
1447,90.06521242907395
1448,93.17488364284678
1449,87.5126507375039
1450,54.72406113301728
1451,44.29183269792494
1452,42.09088015509327
1453,81.21705643089447
1454,18.84465654988783
1455,96.88690134138596
1456,26.03199042811314
1457,62.98097037530397
1458,64.68867821888833
1459,84.63948233160876
1460,98.28045641761602
1461,37.50602463486937
1462,90.51934332589042
1463,8.058135017790324
1464,10.01044643495641
1465,8.324652317879966
1466,32.23263873284997
1467,48.95769537996721
1468,46.759413386764756
1469,19.74724063822011
1470,84.09686727634012
1471,78.78951199535815
1472,35.23354235105671
1473,93.53967539371389
1474,76.3979962719461
1475,12.4028901622807
1476,3.7472351568406226
1477,58.13157274745565
1478,79.64737493938644
1479,94.00912538488963
1480,26.070111176212684
1481,79.44949128052885
1482,38.023596427543715
1483,80.09299129366134
1484,18.230719072968625
1485,5.863149626049502
1486,35.7188870427325
1487,54.62860147892101
1488,67.32883150056266
1489,62.42030236985345
1490,7.843545341259029
1491,4.385464063312961
1492,94.71613896835119
1493,52.88860590086707
1494,8.087546954732694
1495,0.5957290801046344
1496,64.19611529268019
1497,37.338188438084664
1498,24.387905945257483
1499,66.81961331234587
1500,70.96282734246367
1501,89.83672192412135
1502,83.24921175574852
1503,18.68524539605425
1504,65.66954545305992
1505,57.1637811684818
1506,47.627162582716096
1507,69.91488044139565
1508,88.80093049229694
1509,79.65666195932191
1510,80.92663712276135
1511,88.06722654421189
1512,56.68342698412804
1513,75.98719699198783
1514,14.198047088328657
1515,7.979388876576399
1516,16.7666791040338
1517,37.610602633276436
1518,17.394359565684468
1519,55.51627390017412
1520,72.18535153100262
1521,23.10692563545833
1522,81.446217141359
1523,10.625722761132039
1524,69.00583074764364
1525,17.99021305498205
1526,75.21960083087919
1527,76.09750461228583
1528,3.048745247682949
1529,70.57772754088447
1530,76.53475359443938
1531,68.17386083758645
1532,84.49624503805778
1533,30.506268326053444
1534,43.23545790840379
1535,28.840025583427455
1536,51.89409868604402
1537,93.5081831957276
1538,22.638678152805525
1539,63.82824178998162
1540,70.0979586385177
1541,4.903791461207829
1542,76.46098297461194
1543,36.21316096520808
1544,31.678822264691785
1545,16.98516988321427
1546,8.998051437686483
1547,40.79580450263699
1548,95.65953732801795
1549,73.2568111338308
1550,59.08282149714948
1551,86.4537426791434
1552,25.238648999023106
1553,21.82243636196821
1554,88.60011806762746
1555,65.74586438563198
1556,86.54272597543223
1557,68.87877262805235
1558,51.03959025221467
1559,89.29517750614878
1560,47.90409977225289
1561,14.278350269078322
1562,22.737143878935605
1563,5.98637340833561
1564,59.46480153151701
1565,12.232223213867533
1566,82.64604695224024
1567,34.330892972837844
1568,32.11951649643618
1569,1.3079879384926052
1570,39.2898960465907
1571,9.291760281129546
1572,97.25871862045314
1573,98.73570131610767
1574,6.906865150794816
1575,31.08702608190307
1576,23.529508178700688
1577,37.847876250780786
1578,11.94634907716634
1579,64.46239631929144
1580,68.77434730319933
1581,26.419297950818365
1582,85.14745494532619
1583,64.13201973534358
1584,91.48416283496175
1585,25.027665853271984
1586,56.75031193738174
1587,90.15823741316478
1588,15.120361942750627
1589,0.5657096663810202
1590,41.63636438391283
1591,51.87885641991827
1592,94.9749794492337
1593,22.44958409829312
1594,7.614731458423652
1595,8.735672064589483
1596,22.02141973689855
1597,89.67074150517908
1598,33.7968700052136
1599,1.3360909248766206
1600,94.04143688623087
1601,8.761491992446835
1602,51.92516574775272
1603,38.048128546033155
1604,93.75695369403032
1605,20.37272322570103
1606,38.419559804811286
1607,37.70392449644008
1608,67.59517045301584
1609,2.69957296276091
1610,47.45975761957328
1611,15.109671818947291
1612,23.609748697340006
1613,70.65221682837098
1614,67.86271647926546
1615,63.983023417212145
1616,64.38436373338033
1617,49.81472905121747
1618,70.79921732626867
1619,2.4428232568693864
1620,1.9436656884201486
1621,22.80034546428713
1622,16.222627429918855
1623,51.10785793936472
1624,12.357456364976137
1625,38.21103890676869
1626,74.12988195933696
1627,54.84489202226063
1628,34.932799373826526
1629,23.369870537065406
1630,66.58275531793211
1631,28.392549294480663
1632,77.42707500768644
1633,97.4930130095141
1634,19.959363111399487
1635,14.338107165678027
1636,27.1577584509052
1637,41.207741055486856
1638,88.09068107046645
1639,17.050335010333228
1640,22.20810898212331
1641,53.8227355140382
1642,51.80745908712833
1643,96.73426953166742
1644,17.660768156241225
1645,83.70901770121414
1646,19.60108383344201
1647,23.04104959691773
1648,32.649798920595195
1649,84.01258300250596
1650,56.041163936670365
1651,20.070485670321325
1652,13.839612763353792
1653,8.620408465202578
1654,79.71424138793613
1655,37.62053614763967
1656,36.56664399060975
1657,59.955781746142165
1658,23.934096203916678
1659,92.13204185484322
1660,84.393345375369
1661,23.70183433637815
1662,14.902055457245744
1663,83.2641418163871
1664,83.13268173807903
1665,28.93071358218633
1666,78.97811240862166
1667,1.7738622482945776
1668,46.29123575605284
1669,63.58714357133902
1670,76.45045496853157
1671,74.9043626383542
1672,6.460918097757428
1673,49.43154756312609
1674,72.68221334005337
1675,86.40255659356357
1676,83.07612419256466
1677,7.901789196870546
1678,16.412757274349886
1679,99.02623586471178
1680,92.39571373493598
1681,50.89476377430074
1682,8.189155637127033
1683,84.36866775928408
1684,44.69421783657154
1685,12.718802279686736
1686,2.203883858431943
1687,58.47930871027145
1688,45.90847738040764
1689,20.551612288482467
1690,0.006120759387784336
1691,52.74339476657227
1692,42.995644853095285
1693,23.02625533817316
1694,65.56094821103048
1695,15.106961836853994
1696,22.29588625229607
1697,89.26265936373105
1698,82.58358302311244
1699,34.00438167111598
1700,46.23046566502723
1701,20.54593992070759
1702,49.56355355171191
1703,26.53628206503531
1704,73.31417067002499
1705,89.26295658611076
1706,47.37269360991646
1707,7.800312204130977
1708,77.41760696951965
1709,88.63203404122703
1710,29.077630116067212
1711,52.05109510593052
1712,23.35409427717944
1713,59.78296859980241
1714,99.13084515384448
1715,54.22498501028963
1716,67.58031097811522
1717,12.465922362143445
1718,15.644339228769999
1719,25.81231490329172
1720,49.00946818918782
1721,24.167931084287765
1722,70.10785151170727
1723,19.30984205638604
1724,93.94916836206141
1725,28.970079021957606
1726,33.70132129611776
1727,40.783811741658894
1728,34.91774565606255
1729,23.616918835172683
1730,46.200466811946185
1731,92.55798692312815
1732,98.68507089108263
1733,93.09856155299427
1734,20.562431161651993
1735,33.386966608456184
1736,58.72024548253217
1737,91.88956153439611
1738,97.8759360116309
1739,83.21064328378289
1740,86.74650285193441
1741,50.38585201618331
1742,76.19166599512022
1743,97.09774737178553
1744,82.18131325655649
1745,94.26498793635115
1746,57.11284517144832
1747,78.62376921092846
1748,24.121089580161794
1749,11.136557711419615
1750,60.94199047560653
1751,65.48135194091937
1752,46.746988485155036
1753,0.4571930914832767
1754,10.275129759739865
1755,90.57650111381109
1756,51.46526746720406
1757,0.6355151849804175
1758,87.1402463351709
1759,58.24379653230972
1760,71.37565529305657
1761,16.25415396347617
1762,82.44303725149365
1763,94.16591169757285
1764,75.16443184594162
1765,28.71686542148434
1766,22.0017406238592
1767,58.205824346712056
1768,42.02939650282368
1769,23.268744232385263
1770,56.44187477039595
1771,76.14284370415587
1772,7.287804122056041
1773,0.0665856270564702
1774,85.45959472026838
1775,20.08511164277428
1776,95.44275480969317
1777,93.83778658107762
1778,78.66098440971443
1779,70.66723891619957
1780,22.328442272603823
1781,39.93302702263591
1782,49.2955090884932
1783,63.06551414832345
1784,0.7180109896964271
1785,96.73102438402147
1786,86.61778511374644
1787,90.03248910622322
1788,52.168415780631015
1789,38.49138561421378
1790,26.290574896208163
1791,48.4177778164939
1792,22.905852475104126
1793,65.81605901825293
1794,97.28717622258341
1795,27.19892719517254
1796,95.10686815138844
1797,62.303156041726304
1798,41.07138275217225
1799,78.74766586525082
1800,5.434975365600647
1801,97.58913433593146
1802,86.09182857636019
1803,8.075194710657351
1804,3.657842671730971
1805,10.822211925911073
1806,30.546445981891303
1807,91.43773527596974
1808,20.571485538949265
1809,39.268845221549306
1810,38.261091608382735
1811,67.21664333750222
1812,33.57952155858101
1813,71.84711729159726
1814,80.78497382819073
1815,58.733968083745495
1816,61.129596112960506
1817,15.356883200333726
1818,33.19509717178906
1819,29.275710537387788
1820,45.36000389437933
1821,40.762127193455754
1822,63.68580025523186
1823,31.573689262636584
1824,4.393537638683098
1825,67.89978847835049
1826,4.107748248939213
1827,33.339056851318695
1828,95.70587571645228
1829,60.34752823614261
1830,54.29053043055553
1831,3.9055451932305862
1832,67.9630626265835
1833,28.854207219321527
1834,28.932316482206677
1835,9.718347345953315
1836,4.368404818390815
1837,28.778781857563473
1838,8.134429418859368
1839,69.3174741681694
1840,93.73871773270542
1841,12.46062104456126
1842,64.55512677178719
1843,25.37570981525221
1844,10.534676785348363
1845,89.45669575668931
1846,13.660812548506984
1847,81.89165985461048
1848,71.2420746469838
1849,47.90059642342116
1850,45.1839498470355
1851,25.772994581804166
1852,15.357426022412568
1853,25.69366079521035
1854,41.83414483662896
1855,11.216295944470044
1856,59.1885250744068
1857,8.094667592598414
1858,59.59737490294855
1859,72.3229481403346
1860,95.58663232483418
1861,60.73661911332425
1862,53.67264428539692
1863,69.05091066497494
1864,3.7044536187181842
1865,71.62545642427038
1866,58.35269339486903
1867,39.82973724029159
1868,43.261212077960195
1869,36.24221236009281
1870,99.6733649695535
1871,65.64398323671318
1872,15.692446035919073
1873,67.26102683384717
1874,45.252496428186404
1875,79.94180546374679
1876,11.304971928796759
1877,97.40393112889353
1878,5.762807500618972
1879,62.995673698401355
1880,86.5148696494664
1881,61.67488272012028
1882,20.129976855838837
1883,55.66048399711316
1884,62.753436605801085
1885,10.124613351576938
1886,50.05683462550377
1887,20.250447279312734
1888,95.37184875900542
1889,72.85431616122948
1890,33.122086464319736
1891,44.788783136940935
1892,31.316407825140104
1893,70.58615630693559
1894,45.6994458567854
1895,83.65567222696598
1896,26.826059461248207
1897,66.99478919711677
1898,8.04377751551284
1899,42.34295910327606
1900,46.173604557781246
1901,85.15356264461741
1902,56.491265657698264
1903,84.01931425554729
1904,66.63909954430815
1905,83.48269432855079
1906,56.92721908056886
1907,14.643935716078992
1908,27.7411005093379
1909,71.63028600020168
1910,76.08715610081065
1911,11.167090472450658
1912,1.715962917576097
1913,28.899640682994953
1914,79.3193417131934
1915,98.20817352790871
1916,48.04769906073306
1917,53.9720066768223
1918,67.11651627610352
1919,20.85673606800852
1920,89.52381975856396
1921,55.4018120187041
1922,12.171714295909442
1923,4.093505635978101
1924,27.029628402254257
1925,20.0291342683347
1926,7.759832975882608
1927,8.031314437293712
1928,36.55952757517158
1929,72.35436088880833
1930,45.72722440651732
1931,97.0250484841948
1932,17.006185022744347
1933,88.3556211250297
1934,91.46497801542046
1935,67.7065297709353
1936,10.824846620311735
1937,88.02328332071559
1938,54.84362067326802
1939,91.31275143027499
1940,6.284092193656976
1941,99.55810498872536
1942,36.22277101084792
1943,55.90988611470794
1944,1.829700993123884
1945,2.404627598052822
1946,59.06532192214794
1947,67.38527844540847
1948,79.22882743005918
1949,0.046867674994721664
1950,62.76713427570127
1951,51.02957746407812
1952,62.94553978877215
1953,89.39682165108651
1954,65.97950154960978
1955,87.67838176314342
1956,98.79290877795053
1957,26.203717116424986
1958,19.083248000713247
1959,75.06093519876647
1960,99.28431174894351
1961,13.929625580687933
1962,31.84630676418614
1963,90.56070743157096
1964,45.83909031129612
1965,67.22328729283717
1966,54.45045152851999
1967,21.098691130110502
1968,74.10537888319459
1969,31.658155321025195
1970,37.7880799525701
1971,58.56020749691693
1972,9.21404338466928
1973,18.397426882063016
1974,55.85249035553764
1975,88.88577074906046
1976,57.33718085755055
1977,29.952571275354757
1978,40.21098447516845
1979,80.69491212287473
1980,47.77993145316722
1981,48.06997615682329
1982,16.411187786358628
1983,34.862678849412475
1984,14.11693241472044
1985,36.11533525104546
1986,12.751599567804718
1987,41.81754514593644
1988,28.565039007133386
1989,14.266695272720975
1990,39.82397365164804
1991,69.5463793127726
1992,98.4955267879047
1993,87.14635262496924
1994,54.60961271788404
1995,83.35640575442386
1996,64.26674509372106
1997,50.1736899311653
1998,73.98105027525882
1999,40.61437614682234
2000,30.662347404398417
2001,57.10113630786968
2002,49.36574007747427
2003,14.276105435025311
2004,70.25099069831069
2005,8.271895450178535
2006,68.03724543786669
2007,22.810438518191447
2008,45.895893016630986
2009,94.89555448833855
2010,35.06283970380862
2011,56.58292367048317
2012,67.9848410931044
2013,90.20733905506353
2014,89.7356170812024
2015,10.378667112744179
2016,17.5351666184995
2017,35.82006476767825
2018,70.11207523817585
2019,66.02681779427225
2020,44.38653269387053
2021,10.742001491593655
2022,79.20850637092501
2023,8.278972729737111
2024,1.8187832276393312
2025,7.066101528052537
2026,50.84684713357529
2027,17.341752871281635
2028,28.326337782320486
2029,29.579924748474962
2030,15.216783863096328
2031,90.96564896464874
2032,24.739116689780882
2033,13.910868153916189
2034,74.85848211426881
2035,97.28040225963461
2036,90.83864262680311
2037,51.32271498480275
2038,1.377678973172347
2039,7.0613187736623395
2040,4.593350787350936
2041,33.51923572896417
2042,75.20011697598284
2043,86.25191515670949
2044,80.2217766657618
2045,14.897134581849713
2046,72.6191005610822
2047,60.68192525795796
2048,7.472651251879947
2049,92.45902879162861
2050,27.56414832468468
2051,56.4244123810474
2052,65.15854897091599
2053,89.05027121173657
2054,43.14269121102179
2055,72.88294872980667
2056,91.0490994976367
2057,81.51270196926949
2058,9.473189836219497
2059,71.84634270697543
2060,7.3772658138064
2061,41.028070354310366
2062,17.61229693932411
2063,9.916271821156874
2064,40.23739960851351
2065,96.24399662122853
2066,1.0943843758129845
2067,36.282875301264916
2068,78.42644636403264
2069,66.46947691872552
2070,27.36762395098369
2071,65.55734623364155
2072,9.913142506560302
2073,24.46771459774233
2074,37.01543820385936
2075,21.035590504762038
2076,62.273940241173676
2077,31.77958555827709
2078,61.65929551225159
2079,51.68769272328625
2080,49.32605848845119
2081,54.66250328217742
2082,8.65886823704245
2083,17.688339683603825
2084,18.69741661521954
2085,13.557719455287598
2086,47.95161899982517
2087,59.930701361257924
2088,74.34368871685191
2089,24.27215434990463
2090,12.070016835248554
2091,11.089714715548427
2092,49.018776443314785
2093,91.74717526762444
2094,34.066938455852416
2095,72.74424042351852
2096,99.83718043604546
2097,88.90531537585917
2098,90.98454503841093
2099,55.49085566970374
2100,85.39795401735171
2101,99.31903828028939
2102,79.23869400493452
2103,87.86190998496313
2104,50.99479352856739
2105,43.43484941509273
2106,67.89655198060908
2107,48.001685306103994
2108,90.78726675229385
2109,24.654445078552666
2110,60.66957146138407
2111,41.6100003982925
2112,63.913065968503055
2113,62.38169124294208
2114,3.7713312151875344
2115,10.516519983001437
2116,5.037281600542443
2117,97.06124392989584
2118,31.513364991357484
2119,12.590607661530495
2120,91.75103977906032
2121,77.35646308067638
2122,16.115587291796395
2123,23.257329231830802
2124,56.368953104466826
2125,53.87899122766731
2126,3.4097411033939484
2127,29.487031150149214
2128,25.74410672416666
2129,87.25004876604876
2130,22.783806612906954
2131,23.754204734904206
2132,34.728991703816426
2133,3.3228417607431115
2134,81.49508522636857
2135,96.6043125371806
2136,68.52862175288406
2137,83.23446202407818
2138,79.47578948955393
2139,72.17788538726003
2140,61.20494204699527
2141,0.7529712350138995
2142,41.16420099747984
2143,42.272226643959435
2144,39.07160542787304
2145,27.69996342538078
2146,71.73068655015187
2147,11.542194776198134
2148,82.75972624196245
2149,48.7395883791678
2150,13.28500610876574
2151,91.07786868309458
2152,94.96272926210565
2153,16.52345460831931
2154,66.75087499923352
2155,48.268124559426816
2156,15.718809869669537
2157,40.96826031671426
2158,6.431276618840043
2159,8.491730945631215
2160,14.47507261059685
2161,88.83572687574748
2162,1.5061671281015876
2163,69.62436185819693
2164,93.45797882002577
2165,86.04332243150665
2166,7.697531562770255
2167,48.654599424829435
2168,2.183229126980446
2169,64.85386329202332
2170,7.039748254473077
2171,12.724462694353821
2172,68.0865534203853
2173,0.6611761097033653
2174,68.27861226604828
2175,99.41083480022664
2176,41.73249935080804
2177,94.27410441175174
2178,34.874472066112595
2179,15.342543528807717
2180,61.27282140506433
2181,69.23759405436161
2182,91.3505129057896
2183,24.4951243814719
2184,45.041364866213755
2185,3.5627998632383306
2186,99.19575496836039
2187,6.716000116217414
2188,45.94965675260069
2189,32.43940107345472
2190,41.26459916610279
2191,20.142939273678163
2192,20.22607932566398
2193,85.03596981758861
2194,49.68711332668866
2195,42.1979302722462
2196,12.59722941024729
2197,29.707764481569765
2198,68.35646334994597
2199,58.37233539052511
2200,26.30010976740135
2201,81.61152655227801
2202,16.505527586806114
2203,85.94221891652865
2204,83.62050650856081
2205,5.478966908473559
2206,55.34035388530466
2207,67.82756679663862
2208,92.97145104324682
2209,59.312775410495476
2210,23.116098390132922
2211,74.81956880610159
2212,63.4450663892135
2213,76.36395158079844
2214,73.10290708251324
2215,84.56936221116563
2216,10.508977710907919
2217,64.19404655391679
2218,57.53473440047996
2219,22.163830601392664
2220,18.4649772876211
2221,44.13302414787199
2222,17.762311803835207
2223,7.516126477906926
2224,36.87752707872012
2225,33.295652610218006
2226,0.7019782584482215
2227,57.88830563801688
2228,42.58037729464819
2229,65.3389156774746
2230,5.634809186808532
2231,33.27414298944479
2232,62.477738170542395
2233,89.47743208718948
2234,49.93491041596849
2235,84.41699162235018
2236,95.64952952718673
2237,28.250738071664294
2238,24.20338661065895
2239,76.73093389370223
2240,44.81139588523288
2241,71.4481567137841
2242,39.947732477055986
2243,61.833978671914835
2244,9.685267538195719
2245,21.1446784099384
2246,28.10667383239466
2247,74.45525026745649
2248,99.36785046993263
2249,97.1502536362029
2250,46.86502762530823
2251,76.73105011201781
2252,48.7551322035763
2253,29.934899591698315
2254,24.925243832145803
2255,94.13867549463151
2256,28.811108536678464
2257,36.94546561688562
2258,27.634736310963813
2259,70.08345502197764
2260,60.19469670902375
2261,70.36784590448316
2262,44.88307395892459
2263,27.540525073525156
2264,58.256190901561475
2265,26.421881262493784
2266,27.843659155824675
2267,38.6754855567884
2268,28.549959944502945
2269,54.16958260155993
2270,67.65723377925038
2271,40.65791342196376
2272,99.58967944179365
2273,64.98520847173481
2274,75.58112383206284
2275,53.339140201346126
2276,48.38114089127317
2277,21.52862891533278
2278,35.147508123991635
2279,86.99547391179766
2280,66.96525188974313
2281,40.93077063546479
2282,50.18832704531576
2283,40.01215146312186
2284,9.534087729478301
2285,92.47537423110472
2286,45.56569415069479
2287,87.51085761535754
2288,79.54371238127055
2289,50.057719267559555
2290,35.61533589558624
2291,38.01407950119538
2292,29.311461763620482
2293,87.96117499363457
2294,10.203675523935473
2295,38.85724724647408
2296,85.67412991050777
2297,22.70761610630799
2298,54.25571809900681
2299,80.98017574945887
2300,2.917551263442475
2301,24.646315338138557
2302,58.06043760919005
2303,50.399916302265346
2304,33.43430581882204
2305,61.217044120881006
2306,0.5340860276275006
2307,11.514142340850741
2308,47.831311577671954
2309,15.661196917643316
2310,73.59082858866856
2311,86.00213470636199
2312,77.78767128218125
2313,32.78887062326212
2314,38.03043377082337
2315,18.185674617134296
2316,6.147318163682714
2317,3.5921334577122876
2318,24.70679674197447
2319,32.106023461605645
2320,40.31498119960707
2321,8.725327637770697
2322,99.65573333236871
2323,17.105590291761864
2324,58.215130446702105
2325,9.804823965188058
2326,41.77158019776207
2327,77.32617065885196
2328,90.76416373057174
2329,32.641950041780845
2330,85.13559445705005
2331,51.38617891673856
2332,54.50054052902947
2333,69.19613742172912
2334,80.82400447242178
2335,86.81038175525032
2336,26.62707827670314
2337,80.22910110802478
2338,64.88626830192952
2339,79.13559946784729
2340,97.85085167788581
2341,74.69149422899045
2342,60.93850166355723
2343,51.22626490813851
2344,3.6752556464786923
2345,9.020043373389653
2346,57.15010143148259
2347,39.65900564876149
2348,72.88050571971804
2349,46.93310815435584
2350,21.836669889914518
2351,48.66706492944118
2352,26.281558190777677
2353,92.09225618967366
2354,0.1773600453694013
2355,52.42958842535808
2356,25.564303748338723
2357,5.032985130870271
2358,82.95588981987282
2359,87.45834857032412
2360,3.8998829959342562
2361,32.75153925349324
2362,32.437938848193426
2363,88.5196229802888
2364,55.66999475219655
2365,84.80679356479654
2366,96.15984875088111
2367,29.841485382758094
2368,8.142159056176713
2369,91.23442282310369
2370,76.61377235078395
2371,15.920803215344147
2372,50.353038310578505
2373,24.983870892479622
2374,93.48237859082793
2375,53.34731251125788
2376,5.134281271772412
2377,13.29613456387293
2378,2.2700337905181334
2379,30.035780032058103
2380,61.59126589351942
2381,91.02671237433665
2382,26.865868289909088
2383,75.82421145460975
2384,35.03525380401899
2385,26.36669732146999
2386,36.75808651536341
2387,2.8875098872717775
2388,27.93727160640701
2389,23.326893244490254
2390,23.410598597057042
2391,9.510729111726956
2392,23.617514853112475
2393,60.952714281789945
2394,97.43165870563459
2395,80.61618896357848
2396,77.79014042235445
2397,9.089473225760702
2398,7.866977417937349
2399,52.69118229805597
2400,8.362450022643086
2401,88.42752050275845
2402,17.001746041082978
2403,42.53124633592943
2404,97.63265049401485
2405,24.114769026474537
2406,19.801884236871135
2407,32.47501249039226
2408,40.255403910898416
2409,85.59228316778356
2410,83.33858906008615
2411,69.16144043524676
2412,18.930563413915145
2413,54.12761002716013
2414,7.293951372988561
2415,42.298498575377174
2416,78.73316628777307
2417,95.5658580220193
2418,80.96544933141455
2419,24.667038196134992
2420,8.792335509007664
2421,88.56948897784923
2422,43.224817698945536
2423,51.15301823998322
2424,91.89023237787116
2425,1.7816674032156032
2426,65.34793772191449
2427,58.20029458129563
2428,4.439990118489301
2429,11.043863785943653
2430,13.727574491113437
2431,3.0919090737506427
2432,89.26133440810968
2433,26.146883363455288
2434,85.33995470147421
2435,41.265978358853204
2436,44.29351326189593
2437,56.293370459059865
2438,30.879370178570685
2439,43.63952471683844
2440,15.768928534551485
2441,72.70717209288357
2442,84.14416836981779
2443,17.4769437030456
2444,50.452516617936226
2445,53.56659489238007
2446,46.14457725360157
2447,71.71825059769212
2448,87.85035422707027
2449,80.90109093052237
2450,26.61028646080803
2451,96.11565024932446
2452,12.42163144210544
2453,36.60263465319665
2454,98.40751697399085
2455,69.01371599687435
2456,19.924329011297846
2457,98.63379523530516
2458,56.56732095511755
2459,67.90431596553518
2460,11.69908311065615
2461,53.8971801221818
2462,70.79922297756778
2463,70.03872689131634
2464,50.488401720437295
2465,34.25807059814172
2466,57.28147317697962
2467,82.60375943082701
2468,43.21811306745873
2469,70.06328427304491
2470,88.76145751550497
2471,9.292260514004347
2472,73.89387734518178
2473,11.949960981445528
2474,17.954977330654774
2475,1.1366668275998748
2476,91.19777280040873
2477,69.44326440017214
2478,80.79923673753925
2479,17.319666272816047
2480,53.12491932587564
2481,13.25786911097252
2482,75.45669165896034
2483,51.76222495700309
2484,96.96497111424772
2485,33.98329972959
2486,73.93367718860847
2487,47.503975767519016
2488,95.14291064826888
2489,47.892020172481054
2490,20.7997950043848
2491,23.925802987339296
2492,67.42064149939445
2493,30.031062103510486
2494,87.53076625751135
2495,39.7297888856693
2496,8.506731130515954
2497,77.81400496657605
2498,37.47937500689433
2499,52.070481650232914
2500,64.7622938086572
2501,52.17692660140094
2502,61.12703694154593
2503,72.89302621254984
2504,23.976671672055637
2505,66.90549285603974
2506,77.74695038253408
2507,33.2155526983029
2508,46.76274927722947
2509,19.510296210020584
2510,84.31769250367933
2511,79.46904191755338
2512,67.73194311803063
2513,75.74677392522264
2514,52.71057343846325
2515,14.440617801234456
2516,58.722038614840265
2517,58.30086832259024
2518,4.157726470129452
2519,30.295051786305027
2520,71.88150435435111
2521,4.29303101920927
2522,28.563751324605903
2523,53.816803242533815
2524,65.5652444277967
2525,10.473447555783544
2526,80.2364669392149
2527,98.08617222187407
2528,5.504495505903051
2529,13.153431165126472
2530,98.0675411934844
2531,63.71144028675976
2532,29.60727098454452
2533,92.33464013922867
2534,68.1401033059719
2535,76.58371520882696
2536,10.636210822600589
2537,52.573109405377195
2538,76.52204508535651
2539,37.31481477719649
2540,48.79853760522435
2541,16.929554364194075
2542,3.2043898414304217
2543,45.879361361337324
2544,34.79874913849715
2545,61.61554258199886
2546,13.895283990291208
2547,44.08189505957658
2548,93.25421347032912
2549,80.99059443408551
2550,36.44501064712888
2551,2.4633122366924276
2552,11.883768793195914
2553,72.10843201269972
2554,4.280140537084032
2555,23.29610219618524
2556,48.26906763556392
2557,36.2004343304677
2558,97.67451207940574
2559,79.56043933145608
2560,45.00257941144948
2561,27.811644996218554
2562,70.59930615195047
2563,10.883440630451535
2564,83.26932649860261
2565,95.64651431031488
2566,19.44007748859803
2567,46.74408681405827
2568,95.5787131491774
2569,8.526732764052113
2570,10.45362011143981
2571,41.65782646778897
2572,91.91321972149285
2573,3.130379751434953
2574,80.11737645978579
2575,95.15392078390948
2576,33.845641748809506
2577,66.5135797637116
2578,54.15988427528005
2579,63.472324275964056
2580,99.7161293054549
2581,43.74465123264365
2582,65.92322306825295
2583,40.39866236427265
2584,88.57634699822664
2585,86.48275559659876
2586,49.54019775663506
2587,87.08418845888647
2588,29.43934607737915
2589,61.318725990143996
2590,49.78110015536529
2591,22.19466971051096
2592,99.04809376323584
2593,80.49110639730726
2594,67.74345839705221
2595,21.270565111144546
2596,83.89526326858962
2597,95.03758765195407
2598,83.07452808906469
2599,77.79896924052102
2600,12.39029590894065
2601,22.279926813362383
2602,65.65992325368065
2603,43.4404212105833
2604,3.490622185543535
2605,99.18836775781647
2606,74.47918401665558
2607,4.339515165906538
2608,33.67882640669573
2609,52.7223058220325
2610,1.2302234288397162
2611,20.372987124659936
2612,75.73579001201819
2613,46.87249811212575
2614,57.79127266489934
2615,2.8620793811109713
2616,95.91368109075067
2617,18.332486057449458
2618,56.7616966994418
2619,34.35261135929828
2620,86.58181776410333
2621,72.54345717315304
2622,45.08341579207428
2623,40.659007749866724
2624,25.93315196192857
2625,44.72257100543353
2626,18.8845595931342
2627,36.9140890835126
2628,44.12180770244368
2629,18.158325515681994
2630,33.079559765910936
2631,57.986190938293504
2632,14.28928818725047
2633,66.03936322079237
2634,47.017295267255676
2635,15.277715253546177
2636,22.4646607170533
2637,45.969001179817695
2638,90.89928512116249
2639,31.886991981842172
2640,49.647446693882316
2641,17.294484771999088
2642,87.43447338950011
2643,23.33172157996565
2644,7.34042595443356
2645,80.1407632042569
2646,17.499755197892263
2647,82.39089768230944
2648,82.56192540639647
2649,46.99206087803442
2650,25.59978689748276
2651,43.89945333793423
2652,45.81412620712495
2653,76.70350676011874
2654,24.3512849004501
2655,38.89737900542486
2656,99.65360675492694
2657,70.98272313184975
2658,48.4911555382279
2659,97.90667796827015
2660,24.537886990438906
2661,69.53129494819098
2662,62.886443848394926
2663,63.82530729468957
2664,49.76928245096774
2665,30.921977218089957
2666,43.01507433916547
2667,78.50445447599876
2668,11.955315646414311
2669,75.46810476683154
2670,10.204700309994852
2671,76.81592445136891
2672,5.253123970574691
2673,76.87969382676573
2674,85.8014155815281
2675,25.67355073532809
2676,29.308054823391394
2677,86.12454289016011
2678,33.236373798947916
2679,84.28989982788991
2680,36.308641439774966
2681,32.65562188760494
2682,48.488198188598254
2683,68.25231885307092
2684,0.6523284925982642
2685,36.49638605585507
2686,3.9013764261749184
2687,22.270487330090162
2688,6.2208777070904215
2689,33.434768716671506
2690,82.13088346346187
2691,25.547448885604375
2692,21.59020005126817
2693,14.468626779567428
2694,55.743122979699564
2695,60.71732658816559
2696,35.595371188437596
2697,54.203769105462804
2698,99.36801446610436
2699,93.61405115301359
2700,77.89039204696114
2701,93.54985457737574
2702,39.47204766180046
2703,67.59693483817678
2704,17.22188188750643
2705,66.19477362963838
2706,94.85357277206566
2707,65.44723512720364
2708,18.30237127562844
2709,19.612222307064453
2710,75.45147074607499
2711,24.717531392696333
2712,92.94448098094803
2713,92.7736409422747
2714,22.15042824518396
2715,97.4475209308765
2716,91.6147862960709
2717,71.9863351176718
2718,9.004429735947028
2719,57.660753541845914
2720,90.95176094069643
2721,57.87891242643569
2722,55.19931309247708
2723,83.69642687941344
2724,89.22976280892782
2725,65.59791383370681
2726,1.6903809967325545
2727,87.14124869547759
2728,34.15420028408258
2729,27.51531135574773
2730,83.05235051851726
2731,94.99307201958108
2732,15.952133704297767
2733,57.68696784427235
2734,89.53511265389108
2735,82.83168172919599
2736,90.68374113408913
2737,58.135641556932036
2738,96.39026752649518
2739,10.464413478702973
2740,72.13129789668906
2741,88.3691641540599
2742,24.835650730341797
2743,71.78610823353414
2744,31.23316268548062
2745,94.38635021688897
2746,8.203224564991984
2747,58.03869638893503
2748,22.491776906432094
2749,81.89632187891578
2750,26.64057599891828
2751,35.64914770848415
2752,56.127720206897024
2753,69.34738077547843
2754,57.265415243485876
2755,78.59671122239322
2756,2.798614624595608
2757,29.156201809087477
2758,14.135650203917328
2759,84.28260234039892
2760,56.32405557318716
2761,41.141452930699906
2762,91.42260931980928
2763,58.88783582594665
2764,65.07241803052507
2765,9.689099667582246
2766,30.51376957428138
2767,21.96834294795096
2768,53.173156534492506
2769,92.44836438660201
2770,85.60069484965615
2771,87.55303640311824
2772,97.7087314264979
2773,61.22259586801325
2774,28.44794105235975
2775,3.229201429378026
2776,5.274051092984378
2777,92.41159073129737
2778,56.63764081519042
2779,36.90672084252009
2780,4.95166906518082
2781,38.24040435528002
2782,15.518699287915005
2783,10.115490076245049
2784,49.01016493249111
2785,1.737342533114472
2786,29.19163518580752
2787,10.916704863061621
2788,45.10328645280127
2789,83.09566729868432
2790,55.571636568548264
2791,44.982360012107904
2792,1.3342709979978329
2793,16.82935046314261
2794,14.448012345805283
2795,41.901867469167556
2796,30.78586587684533
2797,45.32382653402972
2798,67.7498667983316
2799,91.59894771962405
2800,64.37292424438881
2801,41.550841915320255
2802,15.296213152327464
2803,71.39862782163104
2804,27.35867753461758
2805,65.49778726514644
2806,60.5955748705714
2807,78.1637301400558
2808,3.3035883349686657
2809,33.89804470486861
2810,23.961626178349583
2811,88.03570001652542
2812,37.68916760665988
2813,65.08526604167392
2814,59.79055608510464
2815,59.97765020167536
2816,74.21586489613577
2817,42.98241451331667
2818,39.5760430073721
2819,48.59955049891869
2820,18.702500801893194
2821,24.061509846337614
2822,84.00979351262903
2823,12.963444740935604
2824,91.49689444700557
2825,36.78095916187259
2826,47.59474793309258
2827,28.738752226220864
2828,83.98251986928138
2829,58.94900526098007
2830,95.64547485678425
2831,81.7994681661426
2832,72.9732582872059
2833,39.18432104448042
2834,93.78879160949964
2835,50.89445317809448
2836,20.387744449707657
2837,84.86971236048507
2838,85.67941321322174
2839,4.386649427688605
2840,9.898914210211185
2841,92.05534951144023
2842,15.23466827577491
2843,52.292445209289305
2844,60.49770277203197
2845,50.19022471913356
2846,99.58385876041453
2847,25.475957468700795
2848,71.68255616325264
2849,30.59244319157498
2850,16.681105332366343
2851,69.18893287807357
2852,16.630966665469092
2853,57.21197829833966
2854,59.37707812384871
2855,36.77428139844686
2856,79.98694524933369
2857,18.72346819839442
2858,2.274744979693988
2859,71.9198675841987
2860,35.176662790179016
2861,7.565963896409766
2862,63.66665271692339
2863,77.85595697961485
2864,22.85253761131043
2865,19.185840174740775
2866,71.5080203116416
2867,99.74491110987354
2868,51.0484830984661
2869,92.90158098958273
2870,80.63071029040067
2871,23.10749709454538
2872,22.642372175175772
2873,25.39853770951823
2874,89.51398292747409
2875,35.35103490259719
2876,97.26991521553524
2877,96.28775262614576
2878,58.08395491960082
2879,67.22742831776335
2880,64.57834559562029
2881,99.55032231514303
2882,46.653356716001284
2883,42.72433386130271
2884,56.98536619945569
2885,49.98973079225907
2886,38.807307063439744
2887,94.98012634412282
2888,66.59915139882021
2889,72.33452275769781
2890,6.337730485342741
2891,22.855587032260793
2892,52.61353574680297
2893,52.684200500504964
2894,90.5251654400046
2895,10.857793020503525
2896,10.963462283647086
2897,41.7791975033754
2898,25.065071270928698
2899,29.897545569971417
2900,51.801136047029864
2901,1.1087996643697862
2902,31.909839589813405
2903,53.68828366820493
2904,46.98361346689168
2905,99.23806319667527
2906,5.917014274939492
2907,94.6446980705173
2908,6.761232520355986
2909,63.69156213887695
2910,79.41186441646185
2911,87.59923561295786
2912,4.504587862646659
2913,49.7897675381794
2914,14.614256500275925
2915,56.10728408063083
2916,3.833921949485697
2917,21.53619199732152
2918,62.46367629895286
2919,25.112938899414928
2920,30.76301794527989
2921,53.217704232096466
2922,5.176290964024776
2923,32.87821922856221
2924,24.001823234023647
2925,56.521328741248176
2926,65.57255881757139
2927,49.023382699323726
2928,3.5639177379225506
2929,2.4133952372313305
2930,7.305976579633722
2931,87.01597203170027
2932,22.52764922758601
2933,37.47953888469214
2934,90.39844025728296
2935,66.93602868984314
2936,0.8673445805684854
2937,14.055909384532717
2938,97.94890940252957
2939,11.021863864770342
2940,82.88826357264664
2941,8.58611279657734
2942,83.54791838317716
2943,7.483934349157884
2944,87.58488823999565
2945,6.815695836053182
2946,81.85163996731447
2947,40.699967498840564
2948,64.42412915921193
2949,63.82353905939042
2950,76.5825159364583
2951,54.9058838495793
2952,55.17449066620435
2953,48.341080822349035
2954,36.71762922093199
2955,73.5758111219551
2956,39.221532927903915
2957,93.98927110951591
2958,93.73800442106943
2959,19.68938591729158
2960,94.19908611909108
2961,94.78126794674652
2962,98.75850043134656
2963,59.24913269059091
2964,37.56069360878811
2965,93.05134941496344
2966,57.652219180194884
2967,85.80944196216583
2968,48.68832526066785
2969,42.46350220775754
2970,80.72641617393688
2971,45.04675660377775
2972,13.69995526271034
2973,86.5368030485343
2974,52.012983931838754
2975,87.34763441541708
2976,13.668099050373094
2977,96.08783038955416
2978,19.068935349576645
2979,88.03247722525168
2980,32.43273620777555
2981,64.15454307376518
2982,43.69539381415205
2983,58.694527677487386
2984,55.27530997329879
2985,61.40194438952784
2986,30.5890784987812
2987,36.788231132824336
2988,48.2258575935201
2989,94.78707141146627
2990,29.815538499254078
2991,58.388247076237235
2992,3.153037905561995
2993,48.318471194583765
2994,11.058458238131463
2995,8.853738884391227
2996,52.4107071761504
2997,42.03759810304328
2998,63.44716427956204
2999,17.33723165588257
3000,59.87129151700604
3001,41.77640757860965
3002,81.11830913206282
3003,53.22703123526142
3004,69.56642208137994
3005,44.42369578010089
3006,89.94683502091195
3007,10.027826733012446
3008,10.815501138833605
3009,10.015301158233104
3010,53.90886349356483
3011,58.2154721887065
3012,56.31377162333274
3013,88.70610998049993
3014,48.3259416170714
3015,48.8705381230297
3016,2.2434498510900402
3017,66.78665645364677
3018,47.68686469858675
3019,38.546915720596786
3020,15.058777937656508
3021,84.53625658417846
3022,82.90029558736116
3023,57.46750421577617
3024,74.28802790985011
3025,90.35847990929572
3026,58.97039268898057
3027,98.97885533366527
3028,76.99633534165159
3029,76.50245495422513
3030,78.45300029937333
3031,20.289567604181393
3032,68.54786768805474
3033,83.50299847611993
3034,69.27074459934103
3035,16.081402648887423
3036,45.757146664333284
3037,15.188597717671538
3038,20.07606298372324
3039,96.99207753784678
3040,75.44993812541641
3041,41.78942701508448
3042,89.51999007217789
3043,25.301251786488056
3044,13.722653566361675
3045,71.74122332902051
3046,49.36687472311723
3047,28.75113029201749
3048,80.35529642971191
3049,89.95006928212963
3050,1.8302735912356871
3051,15.901808089021774
3052,13.37452715239591
3053,50.536237080484256
3054,3.6115949311405493
3055,9.795632685787293
3056,84.18484584353307
3057,32.369420256476644
3058,14.730327634998774
3059,93.25222003892509
3060,86.56156762635909
3061,78.86913825722309
3062,84.0214045219573
3063,49.3608442962976
3064,70.86485107204417
3065,39.021416536802256
3066,11.923212806452366
3067,68.19392820962575
3068,15.360320373716974
3069,42.648127597879515
3070,12.61753709217086
3071,53.1829790157249
3072,74.42352234017605
3073,58.82317645093645
3074,88.14472179444131
3075,25.93403642535127
3076,89.06526917917465
3077,63.648317444099256
3078,47.005075809083394
3079,77.96111500902703
3080,69.16126487772765
3081,46.47411199623005
3082,19.73552071808069
3083,24.67738366171731
3084,57.0571648938956
3085,61.46638147015747
3086,12.644091723519225
3087,82.70085589120592
3088,87.2257315870555
3089,32.90030983349451
3090,27.113864754821783
3091,4.780494535238411
3092,13.919237735513256
3093,77.18291926310921
3094,28.037012606916733
3095,90.8793278850993
3096,0.797538587820712
3097,82.9701528362515
3098,29.102744604391916
3099,25.82768637593922
3100,18.121317654726255
3101,60.49743462650758
3102,11.299539487051813
3103,29.026503732874787
3104,24.304074431836366
3105,39.820278883560256
3106,38.49753982867394
3107,48.26698513469707
3108,5.645231451471632
3109,71.57187924932799
3110,41.367121296212375
3111,14.829519024241566
3112,55.00116423890371
3113,83.40260302919776
3114,22.628965009321313
3115,99.23533199217746
3116,23.696160674539723
3117,9.289121977405479
3118,14.258462923412097
3119,92.64182108511422
3120,43.66525824433488
3121,18.879938954962526
3122,61.496915450342456
3123,69.31956869483423
3124,76.87321316702588
3125,17.760433557465806
3126,51.281374361171515
3127,55.565931901937226
3128,50.843843109660014
3129,74.91278960926091
3130,48.92437637297008
3131,74.83574733124891
3132,52.308510730795646
3133,8.82190064795687
3134,60.44675814653162
3135,44.765399903209016
3136,3.3173537061970793
3137,47.81902551333258
3138,70.89024246792471
3139,80.1346284452853
3140,94.2432867616998
3141,2.6885594761030362
3142,75.82307899989486
3143,42.920395121967466
3144,57.09357661812328
3145,39.82298856909554
3146,30.64856222357848
3147,97.29850170754379
3148,14.94452843021592
3149,47.1747986677414
3150,86.64253960099836
3151,54.092689453994325
3152,8.370588980677251
3153,31.17964120056973
3154,94.70886771182077
3155,33.61695671127275
3156,14.48932412057492
3157,44.35977414013006
3158,85.42060296414934
3159,64.19509865785334
3160,44.240731740233976
3161,18.100727273313634
3162,56.85431051975396
3163,24.70068730912498
3164,76.22634103503437
3165,55.75033154633901
3166,51.25684321856021
3167,11.789948156985497
3168,26.050387551725407
3169,14.09166464406606
3170,5.338352487857678
3171,59.408515947632424
3172,46.17769628937487
3173,43.113887489752955
3174,3.697101758118726
3175,41.59168165105329
3176,47.96178891354382
3177,70.41741320524152
3178,18.864315351192428
3179,76.93680580616443
3180,72.42230014073797
3181,89.92098210604803
3182,46.06725476148864
3183,47.81776664279829
3184,46.813602817123744
3185,4.367269389880779
3186,41.235776905421886
3187,61.56847529335517
3188,58.52726015933486
3189,53.95586021049432
3190,61.04779208563755
3191,28.421194247830073
3192,14.368140388129913
3193,16.66787518242422
3194,46.06748049848623
3195,4.97770623739533
3196,5.46355051887123
3197,83.57766163112275
3198,96.91145446197831
3199,35.75040477300304
3200,22.800294963123303
3201,30.397190993802525
3202,26.101736012575927
3203,13.590588028037908
3204,62.38829168997936
3205,51.61654245254022
3206,41.7769750587119
3207,94.18018693013204
3208,90.46403189987133
3209,74.81950518336416
3210,25.21166551867443
3211,81.63832125381542
3212,66.94087348897422
3213,36.90372537564743
3214,96.49961485329816
3215,58.19725509459459
3216,72.84945996362775
3217,99.56223100079666
3218,28.64351594964972
3219,4.394105907099144
3220,84.93075946895765
3221,20.260196529637533
3222,69.06374058428612
3223,90.01158404436909
3224,68.61254208581776
3225,33.53750125328001
3226,73.86782188398455
3227,90.5580477545632
3228,31.728479499302242
3229,35.20412640589783
3230,78.3858015136199
3231,72.1689259207413
3232,98.84831705502008
3233,27.269976436385758
3234,93.04822050218708
3235,48.97136511284048
3236,72.1154455425321
3237,29.50404433586974
3238,24.108933348362203
3239,29.944319464689674
3240,49.245497320284514
3241,5.060474974919982
3242,20.127938611657136
3243,88.07215304337998
3244,14.77274085103738
3245,84.36895341063824
3246,77.8608676362097
3247,94.00356048287512
3248,88.43521824447556
3249,61.3046642218012
3250,91.21360275274985
3251,0.17073630449040422
3252,68.1508212998227
3253,84.30726311776311
3254,89.58166625247665
3255,54.783467976436896
3256,66.69809263614516
3257,33.78797553277836
3258,68.45446989373823
3259,72.17921366292673
3260,47.81938685372782
3261,76.47958224728032
3262,54.46152055079369
3263,30.77830719507143
3264,52.32364338219264
3265,88.97354652944068
3266,7.201985268225741
3267,79.08466054673627
3268,13.098684071746003
3269,4.0670038492212175
3270,49.02244023791545
3271,17.866339493732887
3272,5.143831913655128
3273,23.939641916670773
3274,79.8531458098397
3275,20.589320839255276
3276,27.649331274688915
3277,95.5405176296076
3278,31.727677885658967
3279,98.41650830471308
3280,51.33158845007
3281,74.72576561601595
3282,42.395309325429075
3283,14.397212660763826
3284,45.32862505987219
3285,98.38427395608362
3286,20.680743768604504
3287,23.926153057642885
3288,4.660197887901518
3289,3.936975058316783
3290,77.30994732903291
3291,3.658743746842852
3292,41.341719321373716
3293,31.833714439667038
3294,11.717052722366649
3295,17.309520686815915
3296,76.99735195276742
3297,41.34885680032681
3298,64.82451132340549
3299,27.58488674303149
3300,23.882365595544307
3301,17.275378807319154
3302,14.572475989830957
3303,40.75657443507047
3304,46.173332639694124
3305,79.60549995530951
3306,73.38620486605306
3307,63.39295383820448
3308,35.764815363248104
3309,50.35260420478727
3310,4.832164673816564
3311,63.15968422951389
3312,56.03095558682168
3313,58.685399684824056
3314,79.75301818231
3315,34.846470034489286
3316,14.604960386849452
3317,88.39850378402996
3318,6.363097521596883
3319,6.498965600613471
3320,57.27382606946645
3321,26.259445377517377
3322,30.31295564922467
3323,3.5127786598434407
3324,13.80059151965538
3325,54.63705163826468
3326,24.253045088496037
3327,99.06309823718937
3328,74.52407622118818
3329,0.30030950523090016
3330,0.06428096707387088
3331,0.857239198097548
3332,44.09381655758162
3333,77.60068445828846
3334,19.76545315561581
3335,85.85861914424
3336,83.64917416473006
3337,96.01177265015986
3338,37.14826460716228
3339,21.645503128959277
3340,68.42772180726192
3341,3.1972556504719307
3342,36.82715220799063
3343,69.64862906588866
3344,92.45855572767667
3345,24.210626380881784
3346,57.31226210552436
3347,60.38762384455859
3348,64.5531660579168
3349,74.9647508523942
3350,55.88370454883537
3351,2.7939930085743914
3352,61.94849538417314
3353,67.01931396347372
3354,65.46977062292059
3355,29.30788245196331
3356,27.76275007829313
3357,40.88056766345246
3358,31.647527251746908
3359,3.9734818217197487
3360,7.160485199901467
3361,79.94825653476005
3362,75.04764983784949
3363,62.413210382313466
3364,0.5058318150434782
3365,2.703147494590341
3366,20.620901562238647
3367,26.628605625356606
3368,42.92889467172141
3369,63.22780011434818
3370,24.33374320428089
3371,78.13232753201328
3372,84.8643941512225
3373,73.12422107201621
3374,50.89232905985346
3375,6.703907171161616
3376,11.45428818803217
3377,77.81757096079167
3378,64.16505004812207
3379,69.10410249716097
3380,38.4945446851061
3381,4.9089912613076825
3382,61.27296496220962
3383,90.69241748310819
3384,60.86146151609639
3385,80.60812481652789
3386,26.75587443461287
3387,25.82313002096471
3388,20.580377877882373
3389,10.049533650425202
3390,40.67424185022423
3391,98.8755737167228
3392,64.92957178341065
3393,28.186049291454516
3394,32.76715195643436
3395,34.55458793522471
3396,75.4750750396981
3397,59.38964448225214
3398,3.6091735887198273
3399,1.0166712118836352
3400,23.801791255101612
3401,73.53342999692191
3402,66.48595776306988
3403,63.610158597238495
3404,39.144882313491316
3405,5.578855193957999
3406,97.46630675517146
3407,5.311341488433186
3408,56.866058022029584
3409,37.518888273253204
3410,24.327126024210855
3411,2.1135338746737897
3412,80.86961054495563
3413,15.051840313677333
3414,49.233658797467164
3415,28.630980704645694
3416,79.13706013675774
3417,83.54751351347028
3418,94.34939031165777
3419,78.31388376664518
3420,63.49192223872308
3421,1.8018991103480486
3422,14.44510654594956
3423,62.21076289893562
3424,61.407189834206434
3425,70.49193365189983
3426,15.44398998530897
3427,52.40271740267735
3428,16.21777755162521
3429,52.145553819689084
3430,81.65209997674184
3431,70.21524607334523
3432,78.93171490093745
3433,88.50637665763071
3434,35.42494483253288
3435,54.479872070837196
3436,25.508178061204955
3437,30.353087625739494
3438,18.139591961520463
3439,71.62103110432983
3440,2.328571323822415
3441,12.112311352565763
3442,71.01122113630929
3443,94.91070681783047
3444,33.79219551632201
3445,52.071442750477104
3446,1.2639455865110394
3447,68.29489444939907
3448,99.47649366417394
3449,84.87925274674882
3450,93.94745344236352
3451,75.23015877450653
3452,76.20155821580782
3453,67.35700741391065
3454,94.48144492664127
3455,19.436480075757213
3456,95.69467697452117
3457,9.347648497403881
3458,26.073590844921423
3459,39.75565161759022
3460,19.846303142039613
3461,33.31841343000587
3462,72.11533100479147
3463,44.445672957782364
3464,72.6882501931412
3465,36.67308640091104
3466,86.23612416688812
3467,64.42682981721242
3468,30.104557695877745
3469,27.628352569438274
3470,11.43323867578
3471,47.79666761347936
3472,69.85669669209497
3473,72.09572034058387
3474,11.59587896791069
3475,26.34701114260124
3476,6.740187047836798
3477,11.332798782834907
3478,27.89602907397537
3479,2.898688156886098
3480,36.988929338757806
3481,42.64012437530633
3482,63.745756180022084
3483,0.9821049608050192
3484,93.87342009013959
3485,48.50928377829581
3486,7.709688130213921
3487,12.954851661096667
3488,89.43072438886357
3489,55.760066339975054
3490,71.96554041318356
3491,34.87546922895932
3492,8.037115400550842
3493,56.35187027428381
3494,54.014230053162905
3495,61.20388679593107
3496,38.75320983809007
3497,73.04926076040246
3498,59.70531507915619
3499,14.756280001677457
3500,7.525799983815517
3501,67.34338743085976
3502,25.21546840753771
3503,34.98432794480944
3504,74.41324652152014
3505,91.1484294556544
3506,96.67943272539446
3507,67.67482243668798
3508,40.759951613706924
3509,14.70644393879873
3510,77.39969704150367
3511,58.981214763646385
3512,36.93487222540865
3513,36.78556564704352
3514,81.40392811343776
3515,52.73222080694343
3516,16.21039431174427
3517,78.90877735216877
3518,47.68178591402067
3519,14.317559270607171
3520,86.06981907979508
3521,53.88328250949876
3522,21.129406731519616
3523,77.58624955146189
3524,96.2592446771816
3525,6.62894341868252
3526,52.04347969088906
3527,93.72737595094605
3528,99.80892317948303
3529,29.197720955420834
3530,2.2829254456919412
3531,19.61505777907364
3532,96.78344134267734
3533,5.16522063251238
3534,49.433654897599666
3535,38.11194026922077
3536,50.09197711762159
3537,78.07591531143008
3538,16.72091691843548
3539,28.351854185428838
3540,24.218422407646024
3541,42.82961116687773
3542,47.699320221332364
3543,62.48248942392847
3544,11.028319415266829
3545,53.402540717307524
3546,58.99484621393852
3547,91.54746511197996
3548,69.2686205734989
3549,68.62510624757613
3550,31.771222139388954
3551,94.6216843731209
3552,79.63034157098544
3553,6.709928288162681
3554,48.465631118722364
3555,20.947346963269354
3556,78.94298157777403
3557,89.68500492564301
3558,16.730886174085846
3559,62.20197683206236
3560,53.574908615384786
3561,88.97394604288687
3562,41.269139054858286
3563,54.08658231465841
3564,59.406605539984
3565,99.65820144725869
3566,58.79646128578199
3567,40.00974171621768
3568,54.69718545251009
3569,89.6907156051133
3570,74.31927384802403
3571,16.263954081390796
3572,35.59791848182859
3573,71.18708959915651
3574,81.50900536628586
3575,26.869498167564355
3576,36.60571484699771
3577,93.47686154371533
3578,31.387623859446578
3579,56.47018569561945
3580,89.73837814526922
3581,3.948881515800806
3582,87.74968148369793
3583,85.77445488602253
3584,72.06716858336782
3585,82.46484190064378
3586,0.5263442063620838
3587,44.789293563846456
3588,20.61349011099225
3589,89.63590754077472
3590,49.56875176374324
3591,31.223770704306965
3592,74.87374416362645
3593,58.407606301779005
3594,82.8098747436369
3595,39.16768252255524
3596,97.22384216109893
3597,52.61906827070415
3598,98.04807648650083
3599,24.933818210811364
3600,47.90781334430449
3601,42.1026516627854
3602,52.24034240575606
3603,27.167724880166887
3604,63.38628571342997
3605,56.20952351035394
3606,22.6474304696897
3607,64.55368821736069
3608,81.85705751994756
3609,3.612919831646799
3610,26.853873272808183
3611,72.44130695011297
3612,61.23605341798106
3613,82.74262507197736
3614,75.92102247058239
3615,28.74262537888833
3616,55.09154236035929
3617,1.2162154676574888
3618,76.07895704701946
3619,19.716937918946364
3620,81.94891096599571
3621,69.61899147914197
3622,59.885210199204494
3623,90.83000977908297
3624,35.6834751867572
3625,12.011215998511426
3626,72.56447622488398
3627,53.754519692655165
3628,21.771631705331206
3629,76.95062599651241
3630,37.58364795302644
3631,50.43238159109362
3632,37.97913231725277
3633,64.9321807916188
3634,62.74438603305853
3635,56.29199697608447
3636,81.0665429357474
3637,33.76309742809012
3638,87.88864960776654
3639,17.650265364964323
3640,90.52041463518154
3641,29.337362314935156
3642,38.40220055660405
3643,63.912162630962385
3644,60.44672036685712
3645,99.940719635554
3646,74.14652895687713
3647,1.158357103183838
3648,35.83436791563448
3649,69.62188472679787
3650,82.43534254895118
3651,68.90883431529092
3652,60.94997548575787
3653,91.48106487951812
3654,60.41995638773575
3655,26.34218008711151
3656,95.1612707829659
3657,17.536112666376447
3658,60.21082302311031
3659,21.805627860335196
3660,84.76402911749722
3661,30.181146146424453
3662,91.13243644336544
3663,95.36608828924157
3664,50.031057740116445
3665,28.26057959494105
3666,13.617991816680753
3667,80.59904522865111
3668,0.8384064070585895
3669,16.759563923531918
3670,38.9600355254461
3671,69.50013922011583
3672,91.36194287490034
3673,41.8610113563509
3674,89.5956087211438
3675,96.19283602060197
3676,70.93760218019301
3677,96.00832748302025
3678,30.718676755223704
3679,79.56538791190985
3680,71.98011936576737
3681,36.42507011574487
3682,5.815516743218819
3683,11.732351127734264
3684,95.42168976625169
3685,50.04496743404928
3686,9.767957752213297
3687,96.87758219085086
3688,5.421988920643194
3689,58.94231583475338
3690,46.673697616245434
3691,44.17640174768794
3692,72.24426902775525
3693,83.71029480044788
3694,40.288168078167985
3695,35.40811835195736
3696,34.92130013275558
3697,72.73589985498839
3698,13.189048662395964
3699,22.150227844141657
3700,93.08487768290271
3701,36.0805241176332
3702,72.66444184369945
3703,12.263505490362203
3704,50.998644604853936
3705,17.013975383055534
3706,86.19689017329662
3707,86.46319857406071
3708,49.19248801266838
3709,19.882593692727223
3710,78.22028947358521
3711,26.40316013615457
3712,20.974218895555108
3713,2.830608887506725
3714,86.06232106568554
3715,27.5919959985343
3716,64.85842241939788
3717,17.263232356685343
3718,96.7306757872983
3719,64.20394883332914
3720,74.30995714569471
3721,79.16406048111486
3722,68.11565925038151
3723,25.298508458108326
3724,5.627547430559221
3725,71.24692188607004
3726,9.132141612125
3727,60.95322343174422
3728,69.45345122362059
3729,86.96583807658156
3730,76.38155167464595
3731,90.91204509845639
3732,20.30940514123908
3733,86.81083402162771
3734,38.13369200057588
3735,78.36339080840723
3736,34.279937818047735
3737,8.134245069992774
3738,2.8917638879743857
3739,24.300091191077232
3740,81.72689600880665
3741,53.290867826811294
3742,61.01371281747472
3743,50.14014997936559
3744,96.58604848576431
3745,20.46320376434043
3746,64.78244250968805
3747,87.57023523952974
3748,52.36874635747311
3749,17.093623770078146
3750,4.317826616423015
3751,30.513828285626087
3752,9.85062078691703
3753,58.7985844084583
3754,26.36237272671189
3755,85.5979752227236
3756,35.54301217625524
3757,83.97030982079458
3758,5.415693066685446
3759,77.66101220860988
3760,66.35949877375326
3761,19.75050723693489
3762,51.647065355824665
3763,90.86090958586857
3764,36.13830504035786
3765,55.083881598507155
3766,18.269328619147764
3767,20.122869247784003
3768,4.831098213408447
3769,39.16932227405102
3770,43.115353942978906
3771,52.62368116132949
3772,46.52385294862186
3773,17.75956037286913
3774,25.361957139528734
3775,75.14539369932608
3776,7.60569144888027
3777,12.858644105813799
3778,16.524846860864972
3779,92.15655426054064
3780,11.24732246393666
3781,63.63960669310429
3782,79.85122552542367
3783,64.09032772302695
3784,14.896102063938532
3785,27.206842691756595
3786,9.885317063090149
3787,38.55108520980652
3788,23.86001055797352
3789,11.248521302043136
3790,80.61157833347819
3791,69.4529950392831
3792,19.02585186369684
3793,44.69306806183313
3794,65.53472357069153
3795,41.33670107461018
3796,92.47121201861668
3797,70.45524623036215
3798,2.104636250783465
3799,60.14339010364452
3800,33.106082108809154
3801,7.163956732165588
3802,75.55366914259247
3803,83.67530728492936
3804,5.270324337311183
3805,88.69460940657842
3806,24.05014580355904
3807,72.69597140163623
3808,76.80979976718167
3809,23.995223924991905
3810,30.55711464628739
3811,89.75330093580695
3812,90.2793970657245
3813,11.593058293179926
3814,21.360552761471364
3815,83.63365452315605
3816,11.077113185303912
3817,17.426389006580933
3818,65.17582057365696
3819,0.41711385448939264
3820,34.60567566424126
3821,89.3629708557899
3822,1.4311885079973496
3823,36.36850531836819
3824,75.12956860268427
3825,93.07062812963368
3826,78.1478779215508
3827,74.13804160438734
3828,8.783635902348175
3829,92.86210406143127
3830,27.047127550383188
3831,27.126085752273575
3832,89.6654115892691
3833,16.696185448475077
3834,64.47392527336527
3835,33.15072205127305
3836,18.761870299665517
3837,47.40115778824416
3838,76.13089113044354
3839,41.59572989168482
3840,87.65936718654149
3841,15.504188591844748
3842,15.241985691095483
3843,85.79868070856632
3844,48.082598850705416
3845,8.179943859267313
3846,65.76109915865737
3847,98.5922257294559
3848,38.511225937207215
3849,0.25703048118441707
3850,36.523309183483036
3851,62.96350459521057
3852,1.5158396273655894
3853,37.2677679842254
3854,10.128571013905685
3855,64.06386675048836
3856,26.940217906261545
3857,69.74559278281167
3858,29.930913964844585
3859,96.40086179071069
3860,71.4116187948463
3861,44.12730231465943
3862,53.72481464138289
3863,81.46539003329502
3864,94.68810282208676
3865,3.2037180594711834
3866,14.814724090581965
3867,55.447649829717584
3868,60.447165706581764
3869,33.71302690913043
3870,69.05283230349583
3871,43.57770261023498
3872,87.70181068605024
3873,42.34910753746812
3874,84.03307973116718
3875,76.11356742558894
3876,82.10907686774011
3877,19.564809159827114
3878,59.741919365715056
3879,98.91841557013639
3880,79.4312350138117
3881,6.89069425026122
3882,51.25219888966986
3883,10.882046845405203
3884,6.780273719514551
3885,49.383970623120675
3886,12.030771567950572
3887,32.826834997718265
3888,70.41336452198775
3889,16.816387167639046
3890,68.29100983050486
3891,29.343338543867258
3892,91.92961702266882
3893,6.545858534224635
3894,53.672825470597516
3895,66.35035035522637
3896,71.55629021655058
3897,80.87317001630103
3898,65.79446346787772
3899,2.666212906037191
3900,89.66735391965057
3901,77.48248832790553
3902,39.63868810433752
3903,56.02122876524472
3904,48.152159403330565
3905,61.56452412042578
3906,84.85820256395104
3907,45.90218848899696
3908,20.93546065750518
3909,86.30390979030567
3910,69.98726455529184
3911,58.755928402053215
3912,2.2431069199747022
3913,98.89835147631268
3914,55.57409959541677
3915,39.326766546886475
3916,92.22006681733404
3917,37.87252459243041
3918,57.93338765489642
3919,79.47038565950788
3920,73.65256160975022
3921,73.4099033718722
3922,0.7123470793537146
3923,32.33642032304578
3924,43.022507320547135
3925,7.400310004164023
3926,27.085221495826527
3927,93.55140078421013
3928,57.19617526013801
3929,61.46932872858185
3930,1.8685668020424706
3931,47.05728822542782
3932,38.905344962355095
3933,13.712165107964513
3934,28.90913909859791
3935,34.220888143925
3936,15.761234166626348
3937,24.3105200926933
3938,73.31441858360705
3939,79.92624227209959
3940,28.299283151892418
3941,40.04507086624983
3942,13.875775817915748
3943,68.74336665987636
3944,69.24450884944349
3945,83.81328270938096
3946,61.34862055184128
3947,23.110944951856503
3948,58.532722296003726
3949,71.9086755094809
3950,8.528546954044192
3951,6.304557092703822
3952,36.57134976531836
3953,1.8242638585523996
3954,7.905253987465133
3955,11.285976304825384
3956,63.55384775791746
3957,74.02674832418586
3958,9.140760377905721
3959,67.2375403821518
3960,80.83229519465374
3961,0.43723108328461713
3962,80.03391008880891
3963,26.245642385425494
3964,55.2264975046461
3965,82.24388831748742
3966,3.957289269172104
3967,49.783051882868314
3968,80.31242346489825
3969,9.410509850032744
3970,32.219316317057945
3971,19.90417254362188
3972,95.79174960909965
3973,66.16623225908673
3974,39.84706609849463
3975,19.8694426542123
3976,51.57721730527578
3977,64.81103921384796
3978,52.51067122330553
3979,79.17859928718481
3980,82.553456263429
3981,86.18514578690292
3982,40.83757797860513
3983,42.2158136739193
3984,96.22098950050936
3985,62.52153971758361
3986,45.92099256314478
3987,54.55928635593209
3988,55.85860683919935
3989,67.0363500257102
3990,10.544924804467504
3991,20.822768449976603
3992,40.0502310410921
3993,11.416992339667175
3994,25.268316667013035
3995,45.91819036614589
3996,97.13950510286972
3997,59.82683671666385
3998,4.496448376041739
3999,66.33155488243169
4000,68.75630030607066
4001,10.797751124731237
4002,36.369291482862224
4003,19.486425415148766
4004,72.70079531508506
4005,29.16758139771173
4006,88.40209162365558
4007,13.959147590908405
4008,45.03015894949897
4009,0.4383164404374362
4010,72.71329559999609
4011,37.87298674819404
4012,80.30051849879437
4013,96.8477107742729
4014,51.42120924268735
4015,25.808568837166256
4016,68.51295588940846
4017,67.41830457903406
4018,38.09420500296861
4019,61.2398933271698
4020,71.65163721696418
4021,66.72991283623712
4022,35.154302988572695
4023,72.07031850296624
4024,84.76243411738498
4025,96.75315753896923
4026,45.78980019889703
4027,87.87215178857828
4028,91.18126267835295
4029,46.804818550281844
4030,96.41464475127279
4031,86.79922103144217
4032,58.780661802137615
4033,1.4478200857860113
4034,97.64077751743102
4035,4.433212883290938
4036,0.25521348116013254
4037,92.92668515151577
4038,26.630384190718438
4039,42.8877955363138
4040,97.32076194419173
4041,24.584790671771007
4042,17.983091546961194
4043,63.02683683930671
4044,32.396244745185484
4045,63.44605924077752
4046,66.0678161789499
4047,45.70710258840604
4048,0.5785471008191267
4049,14.501394242265075
4050,38.20473264196549
4051,97.20295178450857
4052,83.57737650097867
4053,52.72262787795472
4054,93.53652913224909
4055,73.10176680492529
4056,78.06088994057951
4057,33.39594821611929
4058,55.38560069594887
4059,75.99696551287192
4060,18.149285771210778
4061,14.984889041890792
4062,6.322145114624433
4063,43.09354283104917
4064,63.04712791235514
4065,93.55931124950078
4066,30.587134345402987
4067,10.682468565325587
4068,55.88269885565317
4069,89.46891296352199
4070,73.41610962865724
4071,61.64192914323885
4072,40.7372761466793
4073,79.26317859343126
4074,18.84480539075969
4075,78.00841691953354
4076,0.7174494193995296
4077,75.58098488706466
4078,87.21949588808849
4079,73.93958606012686
4080,44.36353295598244
4081,68.57152551401501
4082,55.17673684624338
4083,78.21991914288819
4084,70.99883294023385
4085,66.26252626334205
4086,95.73048866171058
4087,29.375461557622305
4088,99.0320883719043
4089,41.409450180061924
4090,61.880577088704555
4091,64.0625104706008
4092,51.3847877811013
4093,60.485013605159196
4094,56.37579726474328
4095,45.10471000151448
4096,71.41481407585147
4097,95.96055587338194
4098,74.87235327425337
4099,55.84694712171371
4100,37.77537659059787
4101,29.698140858636325
4102,7.120633916876962
4103,23.590790939725693
4104,6.498733797007827
4105,43.8782244716171
4106,70.07805994855663
4107,5.341834688903669
4108,44.425107005217434
4109,22.27700131202478
4110,52.731765278108696
4111,72.89612790352035
4112,16.72132010925782
4113,3.5433403413740905
4114,71.55135427319941
4115,17.574926809581637
4116,62.582954537778
4117,99.21458685652918
4118,50.95081500275421
4119,97.66001837003367
4120,71.88785574255697
4121,30.33391360316844
4122,58.04784097713104
4123,43.29425680535394
4124,37.86274175731849
4125,70.6531535436024
4126,75.7639816406678
4127,79.85340244729413
4128,0.5424932936298199
4129,93.58753515640382
4130,90.5003512623703
4131,22.993372290353253
4132,59.12687582859994
4133,89.5706238276148
4134,25.394989461715333
4135,20.975690336220065
4136,52.317500876073886
4137,94.99206330903576
4138,30.077077970890265
4139,49.15847427191892
4140,19.804814873531317
4141,18.733320035385127
4142,66.71604643219591
4143,97.94881854031546
4144,50.72773190860184
4145,74.04243599430275
4146,71.77935583445571
4147,14.427754863496888
4148,36.73984507091461
4149,85.11160488750443
4150,93.51056574206459
4151,73.22333223575977
4152,78.1294066854844
4153,24.868435091389195
4154,78.91525832737844
4155,6.831841927412762
4156,65.81742328913472
4157,20.105998141398818
4158,89.4290924710643
4159,79.25474715759852
4160,84.20589192009551
4161,79.03674020991879
4162,12.625339989992689
4163,15.73941686926873
4164,95.5383240547006
4165,44.69102709179475
4166,15.051960426651046
4167,74.68337143162965
4168,98.22905158432627
4169,40.208141710120046
4170,76.70330886252556
4171,26.06559183760083
4172,91.79920675903696
4173,50.32620305771719
4174,96.09531832627464
4175,60.55889969863166
4176,40.71450212656179
4177,49.90128101847452
4178,60.56818781171288
4179,5.34688541438838
4180,75.95303135856454
4181,94.34585847295159
4182,42.98982452296586
4183,79.46027138153806
4184,44.06653150104262
4185,8.187726319053256
4186,85.81278194600908
4187,55.39242931777196
4188,67.71971553289863
4189,50.53583202692386
4190,83.69221773732369
4191,17.828777620654122
4192,28.878825189249437
4193,41.4330376858698
4194,38.89835695883714
4195,93.72943528818418
4196,70.28912833107776
4197,39.44646760347381
4198,82.22211068484073
4199,67.19191141131027
4200,48.17574797649205
4201,42.65197463181825
4202,55.67704689078214
4203,59.35947281771677
4204,48.612220385721294
4205,72.27227303386164
4206,75.19597857493278
4207,70.94879627098979
4208,91.90385988550891
4209,96.07180231392593
4210,62.694394006071605
4211,16.491108555176083
4212,58.14916088204335
4213,13.377012040256552
4214,88.7693162931964
4215,82.9435931299427
4216,45.619365137260836
4217,72.89123921910743
4218,42.296377631624296
4219,29.60851882274441
4220,27.261681298876127
4221,25.708692151577452
4222,51.65138015436773
4223,97.79463506513278
4224,62.51580148764827
4225,72.18776618297474
4226,32.952541125210054
4227,90.84210787568
4228,16.32258177430347
4229,91.0768161249521
4230,78.61681591769403
4231,12.607781584763389
4232,79.45455966826516
4233,50.55242530463724
4234,66.8899401166274
4235,72.83546215776617
4236,68.83884952362405
4237,36.88872268525692
4238,29.316478302725034
4239,99.84176082539065
4240,53.20131596067049
4241,95.47447254735503
4242,79.86023015363337
4243,62.31497018726052
4244,95.19537342592577
4245,35.330537758662395
4246,37.44067046333094
4247,80.94276220041029
4248,95.67212880027569
4249,3.6252788030117
4250,50.67863401841009
4251,85.11461787695922
4252,27.32632095307912
4253,36.57131618242154
4254,23.116768869101534
4255,36.70450877627835
4256,20.776352405638576
4257,76.85636084565878
4258,58.304008859715694
4259,17.67991250440555
4260,66.42246167341386
4261,26.503858853574293
4262,63.16282272098248
4263,23.843481948892297
4264,34.072416865684744
4265,59.773816897556586
4266,15.007726249137132
4267,78.33892517018677
4268,84.89461301780216
4269,45.864138984881976
4270,92.8345861344744
4271,31.00576837466632
4272,76.15335257526954
4273,68.16765259898597
4274,78.22781270129315
4275,77.58447883389663
4276,94.83765916682592
4277,97.64569317067806
4278,13.429145552855626
4279,97.88571631383817
4280,40.392916402929814
4281,71.28978462251597
4282,43.05859587663138
4283,97.82066795013532
4284,91.75084421094125
4285,9.135505676169664
4286,90.42438565794944
4287,51.77877083449624
4288,83.42346252996091
4289,49.17013193930578
4290,66.1485770982979
4291,53.0869512327822
4292,12.28041491678752
4293,32.52214114725245
4294,0.03681413909705222
4295,1.3692241084483636
4296,30.24594100719099
4297,79.21750996159372
4298,49.004654917171564
4299,38.00961230713046
4300,14.664188800216104
4301,55.42214646496174
4302,8.44158220819069
4303,55.457949995619
4304,48.49020044030815
4305,75.67276918522394
4306,66.80250864256799
4307,58.41538806330463
4308,79.8047835534564
4309,79.40073914387794
4310,3.14890565788577
4311,46.44840402441529
4312,43.70862644924659
4313,16.69160961281927
4314,32.010682940248614
4315,40.47858504338079
4316,38.419469409034036
4317,91.04085699178235
4318,20.622540957177215
4319,47.97705408263592
4320,69.22825985739024
4321,2.1178294834100275
4322,67.60976786604954
4323,66.9401828150429
4324,21.956950799694532
4325,64.90410308236656
4326,83.20744456625224
4327,44.16528247935682
4328,4.685786239130785
4329,16.50694650475306
4330,36.28503337235084
4331,93.8962479581007
4332,41.44788336844554
4333,5.495834230101037
4334,59.389500715824326
4335,55.61127122232231
4336,96.26962171880692
4337,56.34498321904956
4338,35.39490467717251
4339,71.60401520910644
4340,65.31981604832006
4341,25.86110257039066
4342,60.80234175971382
4343,87.0020802028526
4344,33.748035000982156
4345,65.6890080797061
4346,45.10910552957118
4347,16.22748558031466
4348,80.2109407622297
4349,50.18016047595295
4350,74.45741895409543
4351,55.32809921938626
4352,95.1534228005314
4353,93.82886304836093
4354,49.44539755730024
4355,13.910931595761955
4356,67.36984330521616
4357,17.10508459928006
4358,31.698189194475603
4359,9.691606421714283
4360,38.83374406220823
4361,61.99335243666971
4362,95.22485515783319
4363,24.63806220384098
4364,7.590808697301266
4365,33.985038924189794
4366,40.94478014397901
4367,46.73461831644384
4368,4.944220798187271
4369,14.84806724566674
4370,14.837333047414925
4371,9.718846772473832
4372,65.04165726079826
4373,11.519697913678261
4374,83.21778951816377
4375,9.258215870092535
4376,83.7836598565835
4377,84.05912395575852
4378,6.131453000408193
4379,58.08360621682799
4380,98.73666937339064
4381,31.673826981341367
4382,33.77820796847016
4383,74.85809331277547
4384,26.431275468622506
4385,55.93195307395429
4386,23.485549603744403
4387,39.442413933207575
4388,79.27996180515127
4389,40.75410453598468
4390,63.486442581165434
4391,29.401411191297345
4392,93.36899929571334
4393,8.882018233133183
4394,72.05650132670529
4395,47.43489575437053
4396,89.24485567040985
4397,58.921143747924766
4398,96.7632167268696
4399,60.02354314431685
4400,43.355092022211664
4401,38.52364126520295
4402,35.42784583434977
4403,60.63170535819532
4404,3.4792081931061314
4405,76.3937540253261
4406,64.3045055579899
4407,60.034984812830736
4408,41.150954816259436
4409,5.139643122033666
4410,31.131042676991072
4411,49.57775790919106
4412,38.70277730874635
4413,46.99447731061588
4414,48.37024827107142
4415,36.6700323717607
4416,68.69765750311726
4417,4.254693270094068
4418,92.03551364516585
4419,19.5940122185857
4420,35.75629838713523
4421,56.474772308984875
4422,63.924764930068044
4423,11.333603787752434
4424,79.8418192566623
4425,22.671963797552774
4426,65.82562474563738
4427,81.75533995083917
4428,55.09025178158308
4429,86.89378922235926
4430,59.133692214247766
4431,91.34819720776255
4432,94.8783049270404
4433,46.68111956345474
4434,98.38979795336981
4435,67.360901279583
4436,13.941731040346394
4437,56.316561542986165
4438,96.84125653101205
4439,22.268771647266362
4440,44.88861733155355
4441,85.05084977033258
4442,29.705938022549272
4443,88.74243937842182
4444,8.916647979623004
4445,65.13023445645302
4446,97.1292372126591
4447,30.850366519819516
4448,51.77641376345742
4449,2.626687483396617
4450,96.42892170259985
4451,43.05448184119096
4452,76.22601276592364
4453,57.122553251235644
4454,0.43704662545472894
4455,19.650941557320234
4456,59.038654035084484
4457,13.636950257462289
4458,6.4118840992627435
4459,69.10236057420107
4460,46.802209043357266
4461,19.358943270793617
4462,32.21338931146099
4463,18.33536058658609
4464,40.49464437038017
4465,63.628958360673806
4466,92.71103436449476
4467,96.2170449041406
4468,13.481114942541861
4469,31.345859514439823
4470,94.10768385383828
4471,10.052758801846783
4472,2.5538566567957943
4473,48.917623419040524
4474,85.06063090561464
4475,96.95272174378576
4476,86.03641741108574
4477,56.2771057067311
4478,14.425248691440585
4479,15.13130779086531
4480,49.72257918255999
4481,60.17877551174963
4482,40.69423829375709
4483,98.78633852387595
4484,70.45180094434089
4485,98.51612411277738
4486,3.4692859681047405
4487,39.12089406227843
4488,87.68355322156305
4489,41.74747773213343
4490,17.871168554138418
4491,63.99606662038335
4492,53.376844061925965
4493,73.21336650624963
4494,58.36627453122708
4495,66.89495591930144
4496,92.77730270049062
4497,73.98833663945122
4498,24.403798144620335
4499,58.73609526225106
4500,90.00759501568864
4501,52.81896997286315
4502,54.570089967888556
4503,52.108064685323285
4504,28.94410571251057
4505,61.650812472348335
4506,67.70597808983243
4507,71.29895851529326
4508,19.61480131858455
4509,85.54155873494436
4510,29.412367976946964
4511,10.623908378044133
4512,63.798922962019546
4513,69.0570927187891
4514,28.755652898093743
4515,36.704143727245174
4516,22.429341832812355
4517,23.22819899205403
4518,79.40158685804137
4519,75.37297591991413
4520,0.9769172171179785
4521,17.22711473882249
4522,12.045353702279904
4523,53.40044719901142
4524,3.118023333773623
4525,4.357613382203573
4526,2.112918382768847
4527,92.1922157311465
4528,16.023907952248862
4529,32.27271654490587
4530,47.675124343092804
4531,89.01465635759031
4532,32.79538952377731
4533,95.18282025063863
4534,45.608100634837356
4535,76.55528266751517
4536,60.33687585747529
4537,82.69281286318292
4538,88.4079055728593
4539,62.25513607235911
4540,97.14275125546959
4541,43.32885839147039
4542,88.53731787559356
4543,28.743653018162163
4544,59.9279910632337
4545,64.1139463565937
4546,25.114083952728727
4547,25.001276354150626
4548,10.289777936206102
4549,5.463238185250175
4550,87.97502446159902
4551,24.364743408847545
4552,67.08410662094572
4553,51.0272100109584
4554,84.29770465056002
4555,45.9300553635438
4556,31.71076892131417
4557,63.18138982132413
4558,43.94060540627134
4559,29.113821478092273
4560,52.03553764150739
4561,41.434308479075966
4562,48.372329131208524
4563,53.520217659957545
4564,4.4345286886135815
4565,33.93106262353345
4566,87.2140067514912
4567,29.633446700191822
4568,74.43282185629305
4569,49.431291896729036
4570,48.58967373709607
4571,5.3966664812160055
4572,10.053321971561013
4573,67.00747674924278
4574,46.27943277108102
4575,13.34071768298103
4576,97.28687276281323
4577,48.03795602500177
4578,45.64051976284617
4579,31.70273473587595
4580,43.09966285553867
4581,49.59953973599104
4582,11.216384781397348
4583,17.820651277152745
4584,46.52446335908711
4585,32.52172079860778
4586,38.456588982200046
4587,79.19758511867711
4588,75.00032891443473
4589,91.84050612550983
4590,1.5562732331908302
4591,77.24721020469003
4592,44.40723957089442
4593,11.763020657070655
4594,95.31064490958
4595,93.20000677180384
4596,46.51476009338743
4597,98.26759653990882
4598,1.0810592132097452
4599,42.91332416135059
4600,21.222910623689007
4601,9.145660608173657
4602,32.06247147410824
4603,47.28602525987032
4604,97.97156958596999
4605,55.330260067193194
4606,44.77767532360023
4607,38.77750594194341
4608,51.663408234347585
4609,73.18604663085829
4610,89.29998414476141
4611,79.86164410057228
4612,48.37571728324029
4613,91.44122536370965
4614,11.514503751090576
4615,34.93047348795623
4616,5.163300430065664
4617,82.58331484978856
4618,0.7564341363171079
4619,15.700132408315348
4620,69.56573696806913
4621,62.564149073730114
4622,69.01284716624035
4623,72.14669388639109
4624,53.61638370767978
4625,20.74719350229557
4626,51.70922220749561
4627,49.661165050084186
4628,44.568440098710795
4629,47.66796594789569
4630,7.7415313921894935
4631,56.0492928181699
4632,79.60919794570633
4633,18.968793079850034
4634,29.796976960466626
4635,38.5351051327391
4636,9.098487480622964
4637,27.70234965623033
4638,87.1293886223279
4639,74.36499659764709
4640,36.66538697325527
4641,97.17806918510146
4642,48.64203998896331
4643,62.356288857325346
4644,91.93642893025701
4645,34.71177633314504
4646,22.481072391786217
4647,70.64994254695205
4648,97.4527331122884
4649,39.15175854091591
4650,10.15614030826809
4651,62.598042524023
4652,59.65253087255316
4653,23.8038376006118
4654,64.31819437948047
4655,92.60169716469397
4656,8.744646371046406
4657,86.28219542987293
4658,54.278116578998635
4659,37.37918693455957
4660,46.65896623281166
4661,4.252025560380113
4662,6.735436296720653
4663,38.84139074432316
4664,75.57776690351814
4665,99.28693474707124
4666,41.385778899428594
4667,95.89888548823774
4668,54.54926261537898
4669,10.98491310160007
4670,79.49457070695327
4671,34.880247652240556
4672,83.9529078792382
4673,0.5875157553431265
4674,44.50982734243346
4675,34.24010519289352
4676,67.0559989969185
4677,77.90292142618661
4678,7.512395048864484
4679,99.6399988214421
4680,72.08565048886696
4681,22.132909421926406
4682,93.64108084720831
4683,65.13034045401996
4684,7.704688099041612
4685,32.37382499729413
4686,14.687187491731525
4687,8.418139359904087
4688,0.0890575446078401
4689,76.16705836038331
4690,58.9058121124173
4691,32.384172818258136
4692,13.806765765476502
4693,79.54360794264166
4694,70.79756476765286
4695,42.64340836453032
4696,6.6309030675211655
4697,27.97363886205826
4698,25.155046836123752
4699,98.80485954300104
4700,49.09796479154753
4701,70.88932049255736
4702,29.253821215891218
4703,42.06985756507332
4704,10.635999000432928
4705,41.44103214139384
4706,22.967406382458954
4707,5.255664151372718
4708,76.56586301341302
4709,2.0101282480750937
4710,38.67122466485522
4711,79.63553187176079
4712,49.08666819444449
4713,10.715812319657525
4714,0.7122962048516035
4715,62.7768583420164
4716,66.77516328677943
4717,53.87061087532054
4718,64.2751623689465
4719,10.493057211862233
4720,4.290069473959878
4721,82.71125287481645
4722,78.2923991033575
4723,8.267945645896935
4724,22.77639912700935
4725,73.04356456213408
4726,98.46772856058541
4727,72.92627722949526
4728,6.256172683592343
4729,67.44894678107461
4730,9.710006181321551
4731,88.070278375012
4732,89.25503746322318
4733,66.59017784310262
4734,66.8006871944143
4735,41.43681185527729
4736,61.65395665027322
4737,89.12885332782692
4738,24.876482620606012
4739,85.08811141144292
4740,40.46286691420773
4741,28.20482060409001
4742,4.107594085857114
4743,89.07072229431063
4744,24.064612310582167
4745,67.09603507055418
4746,16.695074429144253
4747,95.82844126054019
4748,43.274541947186485
4749,83.89293591182312
4750,81.40244266048366
4751,20.555968109212763
4752,73.82050281680002
4753,22.875206577303373
4754,38.383636618873894
4755,40.071047829189546
4756,84.46543635492077
4757,12.070348006131304
4758,93.13178288921196
4759,6.294526907406917
4760,69.07909998891773
4761,54.7291611059883
4762,61.230130881623026
4763,64.25361868946756
4764,24.207148432625345
4765,17.80797374955103
4766,2.6311612646166105
4767,97.17373795158608
4768,8.010933479634275
4769,57.69550373484407
4770,91.60286128094916
4771,17.68019071196737
4772,76.43632555281008
4773,84.2101313591853
4774,43.66026406182013
4775,32.68577579606736
4776,68.08109463442413
4777,89.38057623971308
4778,65.5788995829065
4779,39.793913586759864
4780,19.13521950204027
4781,49.417827535456226
4782,15.839319703372201
4783,18.056067049566092
4784,40.8242394489247
4785,50.36358946863017
4786,25.158258643248754
4787,65.5973443932076
4788,52.426780168596125
4789,1.118958637809675
4790,56.84744864445441
4791,55.34146454625697
4792,30.0776620433315
4793,3.3206644282441133
4794,53.599845492571475
4795,15.960697436032111
4796,5.28290544518163
4797,57.57906085153767
4798,23.620511996306327
4799,78.783471521898
4800,97.39925542458047
4801,41.60813444953
4802,54.56711183039849
4803,64.59469585396366
4804,15.457712198269459
4805,48.328109630371785
4806,17.285094914993472
4807,10.659160146622138
4808,82.23235532769304
4809,41.53726214384774
4810,66.67518113068233
4811,36.79766387213601
4812,24.439437493104275
4813,83.8767131280511
4814,67.69103506389607
4815,48.53406711598753
4816,44.176239175232205
4817,31.841625393268636
4818,54.59104654625791
4819,57.76350306033501
4820,21.267941279267976
4821,19.022294159550224
4822,87.12347426505337
4823,63.240545973981476
4824,43.98775020824828
4825,85.10649315513464
4826,71.58545011265748
4827,96.24620561279507
4828,28.181281324444495
4829,70.78795244589166
4830,90.48941735857498
4831,43.39451048464304
4832,53.75230050989529
4833,69.90246961134578
4834,98.4016080744823
4835,27.253182950538456
4836,32.70483118897929
4837,35.67651553591451
4838,4.3222805665034
4839,98.0688099223271
4840,32.64707281778849
4841,67.73347316153507
4842,5.781251404170263
4843,27.06878035965472
4844,31.791954754869288
4845,4.082827394541644
4846,4.257749028779445
4847,45.66899405377617
4848,44.615620493955845
4849,64.07149282050192
4850,25.271044208727755
4851,53.256741942892546
4852,45.416542486211775
4853,20.616188295524974
4854,48.958727607681986
4855,79.11298506811312
4856,55.52994476797364
4857,52.26040862353012
4858,81.49128175936686
4859,10.53171946414726
4860,49.843104566103136
4861,94.11878115987122
4862,95.58284165350653
4863,91.87087804257962
4864,98.88214914296347
4865,34.48363405072155
4866,81.75734099867964
4867,58.088508167395624
4868,25.53058494647026
4869,28.614967769350574
4870,98.64154813824972
4871,42.74253797877585
4872,6.550012332419186
4873,90.56607776692339
4874,49.67258677338594
4875,95.4615709012156
4876,63.6150610584168
4877,6.0662806194691115
4878,12.512287628959983
4879,67.8288069561138
4880,67.85966117274741
4881,64.75299538839495
4882,39.662791455903545
4883,77.86776062146308
4884,53.36932984268182
4885,85.45074265738191
4886,10.814735537486776
4887,10.177359298099386
4888,57.51560547969845
4889,87.51846540081179
4890,59.35007110275702
4891,14.730754993444773
4892,92.61146245948486
4893,21.887770793764993
4894,41.342304998104616
4895,59.531559935585236
4896,23.06255118722621
4897,76.6969434031126
4898,57.019992648800596
4899,63.41400874707536
4900,4.941718451726118
4901,27.065420723638447
4902,78.19733138268
4903,62.476539999831935
4904,32.6097470614293
4905,37.479765325155356
4906,11.4938246523553
4907,34.08750674430067
4908,31.07803513963445
4909,33.23991958014329
4910,67.3940796149946
4911,29.7004924926869
4912,81.01943971269807
4913,26.140890347251332
4914,69.28986430061471
4915,9.127522101199714
4916,37.4130369624296
4917,30.656730548749866
4918,65.81943578354762
4919,46.07174259990455
4920,31.48153698506826
4921,78.85099902400778
4922,38.00346279203143
4923,69.40402000324134
4924,15.519046474374687
4925,38.9821796815084
4926,60.1991906955358
4927,73.01027650367445
4928,23.018761437142253
4929,71.34592790733427
4930,57.42500771470238
4931,58.846644898996836
4932,35.187930406449176
4933,38.06889466481176
4934,47.96228219132047
4935,85.95139484971352
4936,49.75745668574385
4937,96.76669556537131
4938,11.526576884874839
4939,27.608150318526505
4940,60.146654133864
4941,77.26084569205966
4942,80.89283475714183
4943,42.74062434641576
4944,40.83400556296485
4945,89.11086250392466
4946,32.606906066075936
4947,97.28521494022935
4948,79.48313586984914
4949,18.573189519315314
4950,35.08287482970543
4951,85.61209626838946
4952,76.85269698554384
4953,90.65771329648874
4954,59.58217804110547
4955,28.616068369218727
4956,26.34323983795789
4957,27.884971135759574
4958,98.21685548468967
4959,57.88342288145132
4960,16.877560424910186
4961,48.15153401459852
4962,57.76244189868177
4963,80.22560485256854
4964,33.4637554098619
4965,73.15971330286425
4966,61.61182142067162
4967,44.01925519971898
4968,39.64460645760081
4969,72.8366392996023
4970,95.6434208075114
4971,64.02033376183454
4972,84.53119502852402
4973,58.435027008521644
4974,56.38165525225512
4975,78.40909480363443
4976,33.8746688074393
4977,24.427317735768174
4978,98.57789038530662
4979,84.76702175037865
4980,48.48567736505477
4981,24.64508801694936
4982,60.742331830018394
4983,16.623205284717358
4984,19.322004899279566
4985,95.949006962256
4986,11.668801472307566
4987,24.772530851201957
4988,58.37296078017703
4989,71.36914446199766
4990,2.7965873431934574
4991,71.49783737845046
4992,95.14224699343204
4993,39.707874578463255
4994,39.38480045749784
4995,31.164829147703855
4996,32.3503022870578
4997,88.27703480460897
4998,29.348216182362698
4999,23.5641087534618
5000,87.32841767300485
5001,91.38081808067756
5002,24.999653213088134
5003,11.468168002802281
5004,39.98256735361358
5005,65.3918977903829
5006,2.8421300638057145
5007,27.421004416659112
5008,98.68260170204363
5009,11.856718623989748
5010,27.049800182304985
5011,84.59138918090966
5012,24.62201677243029
5013,17.309003790208777
5014,24.831286327994906
5015,82.29283007528221
5016,32.66058824847673
5017,32.117094120911716
5018,88.58896013645162
5019,86.73154665122851
5020,88.79806186666758
5021,84.27256131431558
5022,68.69041289527027
5023,12.7585260768038
5024,30.386378331681673
5025,24.985294170562312
5026,32.8567738666547
5027,23.667744795265165
5028,18.782946929303755
5029,32.25796339671836
5030,5.539385285958254
5031,68.64860386646812
5032,51.38002787367579
5033,55.801516213917935
5034,11.646293968204112
5035,16.220283675194512
5036,92.00439239407724
5037,59.53790477472553
5038,67.90286797936005
5039,35.999736469699116
5040,6.294342144932741
5041,50.537696630082316
5042,49.6732095344624
5043,58.13090511847289
5044,58.01396347138279
5045,21.835345430821363
5046,38.168294599057425
5047,77.62188607308043
5048,30.02195628001665
5049,6.300502824520526
5050,0.700220181928668
5051,1.6986009087489484
5052,72.83292374662524
5053,23.521361193831225
5054,39.00359856793097
5055,97.79483072273281
5056,31.762403557699635
5057,68.84429162903072
5058,9.129149317210283
5059,95.44067368743465
5060,65.77752426200004
5061,24.934002874367255
5062,17.19886004337794
5063,25.068195808050508
5064,72.31057726676094
5065,63.54103815183193
5066,88.4342018888167
5067,80.4874470513548
5068,24.88142304006852
5069,21.262213387701077
5070,11.551077889386097
5071,61.120772134964085
5072,41.93338872507775
5073,52.1026885379996
5074,87.35439351340189
5075,98.45151538782798
5076,37.10846042688082
5077,61.393515043844815
5078,67.45086533400453
5079,70.43105198034503
5080,35.85901143117599
5081,55.20624120046488
5082,81.94621228253163
5083,59.24075005440256
5084,60.550960643267516
5085,52.13685599391709
5086,53.01015853140238
5087,27.911778047542768
5088,12.842929422918115
5089,79.05217762429476
5090,74.27293956966118
5091,1.575087983489376
5092,71.72236852362758
5093,72.75526722141505
5094,44.068576779468536
5095,61.392794394083936
5096,60.66945858014105
5097,83.39002308625372
5098,11.707397086948646
5099,94.73017489983796
5100,71.32164028413862
5101,25.016425563413193
5102,78.47514148169438
5103,23.32494843262072
5104,25.2405722707445
5105,89.25508519875449
5106,89.75394725618071
5107,71.71710315472629
5108,68.07019827625807
5109,21.106046007716216
5110,28.094662634539002
5111,45.463854045054795
5112,46.01963545290071
5113,19.106678446209933
5114,72.97844688457525
5115,37.9287939369982
5116,72.13911561763588
5117,51.22926293121242
5118,39.75398887585965
5119,35.12319575716024
5120,44.094789316527596
5121,96.66741275238834
5122,65.74264859129202
5123,25.358600913556863
5124,4.852980952041586
5125,6.828959939601431
5126,1.4995731072286467
5127,20.582553559125216
5128,56.14540387416271
5129,65.80088923147461
5130,64.14174403104303
5131,90.59722676904666
5132,6.804368677295869
5133,96.36935208656134
5134,87.39159079767151
5135,68.74639559700351
5136,25.948082115836613
5137,31.120843477346792
5138,85.20917031165001
5139,28.0880003337449
5140,81.57762702928567
5141,43.48461563335848
5142,29.402333514103862
5143,75.72897782980263
5144,51.261507633638125
5145,49.062886888983805
5146,17.041971311180337
5147,43.72549946775875
5148,41.2994625524959
5149,48.22815379812301
5150,30.58230622991881
5151,91.48665732847431
5152,61.06783974668273
5153,88.16138206642185
5154,71.79067803766142
5155,98.93044355185937
5156,77.63604727896862
5157,43.62641199374379
5158,51.61321550066522
5159,15.246348805092003
5160,1.121716060029343
5161,31.890975814954658
5162,45.5066892883781
5163,22.732573511006315
5164,29.913647915943965
5165,35.96572534139306
5166,68.75180447629702
5167,73.23520293017502
5168,90.6163429101791
5169,47.593118401082044
5170,94.96825547239075
5171,26.508499531208805
5172,61.44246012800751
5173,95.37079989784706
5174,17.219278241443813
5175,66.55359259737168
5176,47.463973099221846
5177,94.23599826700277
5178,61.256207221748326
5179,23.39919545015956
5180,38.89447333221933
5181,98.23184714540933
5182,79.3974725974141
5183,76.12068537775988
5184,35.121760060840465
5185,33.99850794870659
5186,74.6839759436834
5187,56.235532708067005
5188,5.686339093721527
5189,99.63157420885229
5190,17.92220653200224
5191,34.542235071162295
5192,86.99633677580204
5193,22.567198540747857
5194,17.689575898180156
5195,65.26472071542378
5196,99.12372574612088
5197,55.692157700583735
5198,2.722659348514611
5199,50.25169302318143
5200,85.63257976959252
5201,2.013169084098698
5202,96.54102062857008
5203,45.268248841060654
5204,69.16273134615714
5205,90.09113842363845
5206,16.78350727475505
5207,63.76559668639419
5208,26.970592906260638
5209,76.23748569607665
5210,43.617746174955826
5211,43.663581187701986
5212,41.71737401195688
5213,79.22602788189882
5214,64.04754177182167
5215,87.4713540821588
5216,22.860876037198054
5217,79.39509167842017
5218,96.55902904455114
5219,71.9037679698809
5220,73.98945173849381
5221,17.747774357970524
5222,75.0087119902258
5223,89.66807578713147
5224,66.56693251468971
5225,31.329302990645715
5226,41.561108812454684
5227,36.64594908202754
5228,87.98298828828013
5229,93.36725011726661
5230,75.96124654616655
5231,22.57306086668859
5232,26.838037771079037
5233,27.577196142985073
5234,51.44927771991309
5235,59.334252565728995
5236,26.34284093547038
5237,21.38115401186944
5238,69.51142716076397
5239,60.17392859327598
5240,11.191626107815267
5241,47.89058445795917
5242,95.59591896853459
5243,88.29002300956105
5244,10.586567560078352
5245,87.37373231265953
5246,19.005990348943502
5247,52.086458701859264
5248,4.73218362079959
5249,69.33995816820195
5250,99.97463398907533
5251,41.546671058820785
5252,37.17534821351508
5253,96.86960769750557
5254,25.684680680622208
5255,20.24184562166277
5256,25.262636455606124
5257,87.1747518501175
5258,15.978880433449493
5259,16.433207602323474
5260,53.995959064518885
5261,68.2459149954457
5262,35.73464675490056
5263,52.6156964360222
5264,63.39972203413683
5265,66.32843791158297
5266,96.47043181647757
5267,38.67697254184556
5268,75.0023005713324
5269,0.49417491776807543
5270,73.52245547247514
5271,17.55104981890977
5272,8.835406629106856
5273,16.850077325590295
5274,33.35942520837626
5275,81.08281433925731
5276,23.411703215313885
5277,76.15727833880909
5278,86.07027441731843
5279,35.24486009616214
5280,44.84454014083505
5281,93.61684051895274
5282,52.12051814934154
5283,90.37206318082684
5284,5.629368580625327
5285,26.441104238562176
5286,5.223628088894571
5287,32.21621176774902
5288,31.68832178857004
5289,49.8372167771435
5290,59.36482980202703
5291,87.49731339640107
5292,26.66961770049022
5293,99.89906882806032
5294,80.9224412356612
5295,38.97940772458763
5296,19.11345501823397
5297,17.686317854651968
5298,71.0158522291179
5299,41.55787705523705
5300,18.39438455337472
5301,1.1976584407105473
5302,24.24356410681926
5303,18.55963221127651
5304,97.40264462223028
5305,5.314639741269289
5306,99.38931328692789
5307,48.19887450152714
5308,67.1650767809453
5309,43.033462776645315
5310,79.76287479421103
5311,41.17588174013485
5312,16.946765917268834
5313,47.46740905392524
5314,58.59215404089275
5315,74.08460115374932
5316,40.384908425842056
5317,43.15960208017838
5318,78.47890433102242
5319,31.22540773139697
5320,96.17781119055239
5321,18.837704925183974
5322,8.408204047193236
5323,20.581975765388105
5324,47.44731254154465
5325,97.64111954825704
5326,31.16505584840449
5327,28.629563102792833
5328,68.17780546407629
5329,32.57629715652127
5330,88.34764965678357
5331,12.886345854910019
5332,7.111470604816416
5333,4.935001426821827
5334,55.226798585895644
5335,43.489230363026756
5336,82.13585940232751
5337,27.984581414101438
5338,73.15268098313797
5339,70.20484599269369
5340,92.80281133499265
5341,35.275414904550814
5342,4.933487152295113
5343,72.51771984178961
5344,77.21929678217253
5345,11.357686073541974
5346,2.7691894590388233
5347,70.19873219615774
5348,33.75683673176824
5349,30.447568055556896
5350,54.20767860524338
5351,17.092789953707754
5352,91.54370689602194
5353,52.67259685381946
5354,62.05091945953593
5355,21.723259189681464
5356,66.21389262612067
5357,60.24196734714915
5358,25.859794946315695
5359,1.226370868538118
5360,64.60503781261464
5361,90.97709498989155
5362,64.01402854123734
5363,28.62510599511161
5364,88.66880461443421
5365,44.9080793379482
5366,49.56589539185971
5367,17.127567165348935
5368,74.09543041310499
5369,79.77811556571272
5370,43.86230445760675
5371,7.787760781883368
5372,71.95836518950533
5373,22.95882207872063
5374,38.06086381823255
5375,26.073557377380652
5376,37.31625806041626
5377,5.710958350451111
5378,7.057913574900598
5379,37.99640833185911
5380,26.25923764870104
5381,70.25305258974383
5382,89.45134726767577
5383,11.413210829534215
5384,49.13983442133085
5385,60.69077821027621
5386,30.482939145103195
5387,64.3586883899585
5388,4.938774067099095
5389,97.07813462478583
5390,54.31175612855672
5391,6.600784532420145
5392,57.1339243977889
5393,52.193530067336404
5394,99.91346372620472
5395,14.533908859418354
5396,56.29943752745288
5397,75.05742484372064
5398,33.38268850254303
5399,32.57850295295556
5400,1.4588995790865145
5401,3.6834373879448434
5402,8.177812643186112
5403,10.881397659271485
5404,63.04702955544186
5405,69.32581453892782
5406,14.806175800528099
5407,20.32745355074307
5408,73.87298927979165
5409,17.43767255754063
5410,14.457260911708103
5411,72.28904438627936
5412,25.687516181559246
5413,58.56789478070845
5414,41.34990473321696
5415,34.740751073368
5416,52.82145469166674
5417,82.95535558891366
5418,99.90041606519809
5419,98.87613440560334
5420,58.98370205377327
5421,46.701743909623886
5422,37.27631274440788
5423,30.161894213129425
5424,1.9852020837669238
5425,14.386513066827177
5426,2.0922029702911127
5427,25.72381150455164
5428,4.3987450608369505
5429,38.37755157567948
5430,1.6605626944529162
5431,17.071448630033835
5432,95.7424397650885
5433,58.29011033726709
5434,2.7312473585149766
5435,74.5184565958263
5436,29.917648933289044
5437,86.46246179341219
5438,9.27780330841328
5439,35.73449780458285
5440,85.18676329382895
5441,73.64209710586584
5442,50.58406303675448
5443,38.007907691402906
5444,11.914034126346596
5445,84.01022671049695
5446,37.87485390090619
5447,52.21030917122865
5448,72.71505219957099
5449,64.68377673928686
5450,85.56277652123467
5451,96.76734289880756
5452,9.84159491376133
5453,78.94597697626888
5454,56.68409030636005
5455,57.364286431517876
5456,45.52167032521257
5457,82.39087403611359
5458,27.33542394480044
5459,70.78686205587528
5460,96.89329930091016
5461,49.42360482489041
5462,49.22777409654302
5463,87.64000389766198
5464,85.5927317639512
5465,32.30410737709679
5466,99.36976689906109
5467,7.320852829782143
5468,35.13777132312952
5469,62.06693712717952
5470,39.45274335130061
5471,71.99514664758762
5472,47.979713308643014
5473,62.39600346714216
5474,87.77732399877904
5475,90.55659566840897
5476,67.10000785841794
5477,23.430875074294345
5478,12.569995945185608
5479,92.5514647280387
5480,21.944819731641562
5481,65.29242965569189
5482,82.54480332054565
5483,75.33784724892512
5484,1.334417554321854
5485,54.18246009852504
5486,13.41992121463692
5487,22.337970769432925
5488,3.897134291719595
5489,50.460288294125874
5490,41.56248994575803
5491,2.9863947033269778
5492,38.26354161080552
5493,26.775040605719326
5494,57.61654546947308
5495,95.32419889044476
5496,86.93640360668644
5497,29.063170933513803
5498,75.3919181285541
5499,88.43239087019663
5500,72.8230142049617
5501,85.21120405745503
5502,80.68463602498235
5503,23.04217336018013
5504,41.54918933938199
5505,64.29459709905318
5506,86.01936127987982
5507,78.09293845125829
5508,27.319922156132172
5509,3.3590654580506585
5510,60.60235161288195
5511,20.69682833812663
5512,15.382340810517636
5513,88.24439459686242
5514,24.754372727184183
5515,34.458499740363294
5516,59.52591150016298
5517,58.013305941582196
5518,60.33871410829082
5519,13.453484622273315
5520,16.151806462527695
5521,58.090113998027924
5522,26.210959782959897
5523,91.88175278926443
5524,8.288289101861078
5525,46.14304012670279
5526,62.58675425264998
5527,49.947280404924385
5528,67.79429359506055
5529,80.05677085405789
5530,59.22041228457148
5531,9.231542164170413
5532,25.585984557884544
5533,43.48624776320086
5534,55.62334234882309
5535,59.804474314276355
5536,90.17431296565242
5537,97.46791741828716
5538,8.13923507056693
5539,90.42703736229288
5540,39.695983068646036
5541,86.4108054221543
5542,86.25738499709016
5543,22.984772949177966
5544,65.94744074716832
5545,59.420165237087396
5546,27.93662911598527
5547,78.0394468664281
5548,61.55679172919892
5549,85.13878474951181
5550,71.3572523069102
5551,64.9335403617907
5552,98.8350678868733
5553,39.538193660770496
5554,52.635064632847474
5555,7.3167497214816635
5556,61.133441560394616
5557,62.0207955391938
5558,69.91275788129366
5559,39.07934128472685
5560,61.704331466806984
5561,13.754300239607476
5562,72.64817765527492
5563,87.01124940826787
5564,65.48536259925092
5565,23.243874412955144
5566,15.009320962972394
5567,2.3864815691484687
5568,11.508437743880773
5569,18.026593890302912
5570,50.15996343148931
5571,14.369604070836528
5572,64.53012209483768
5573,14.389020398008912
5574,84.67609142434823
5575,90.90734861420167
5576,18.619310508700305
5577,14.743061782076538
5578,22.13097348464058
5579,52.541432226741705
5580,29.411459355549198
5581,36.14935632152639
5582,94.12954142866226
5583,70.62769653370653
5584,98.89500283139157
5585,40.64898074320242
5586,16.161743411720565
5587,96.16466050131477
5588,9.410818451798953
5589,92.70027800698566
5590,76.96925937422391
5591,43.640203504628694
5592,60.52977903691637
5593,40.661998283142175
5594,7.854439112935152
5595,21.12744615236375
5596,44.70120369440983
5597,97.7933889126
5598,52.800620523330565
5599,35.04799355440018
5600,8.022990709000744
5601,39.93193693110453
5602,11.779238412390402
5603,68.59669900768027
5604,26.153099317256956
5605,65.96999393075835
5606,23.45138868621417
5607,94.16008565652622
5608,67.17610411127247
5609,29.785802448036048
5610,86.32891889162143
5611,11.67988853172417
5612,0.477593527067266
5613,17.254898054789404
5614,71.33623246231045
5615,95.6589358292877
5616,67.81248131623992
5617,78.15528078752597
5618,44.38954369464214
5619,20.611783023618656
5620,70.42402775482532
5621,80.03379262044315
5622,81.7061660382914
5623,33.16488249551883
5624,57.21390711284584
5625,4.2351080235658145
5626,81.59786226395934
5627,35.78792811642101
5628,7.684657910496984
5629,93.09295707036809
5630,21.00276405538921
5631,75.53278022706822
5632,79.49576110474156
5633,79.85880561294022
5634,24.0556741035307
5635,40.56297753977387
5636,47.21643704370003
5637,53.58737531092127
5638,15.934663110346836
5639,72.97739162790425
5640,55.95033772330503
5641,24.389202131780042
5642,64.28308339836411
5643,99.63589632436491
5644,86.39594374431901
5645,31.344159704618836
5646,45.88898378579898
5647,83.91393085591051
5648,71.82056666547784
5649,52.08181514116947
5650,35.990670328666994
5651,77.99422232890389
5652,22.998802463797617
5653,45.25938924325095
5654,65.19831514378484
5655,40.93594048930459
5656,20.831728153164175
5657,48.38747036680253
5658,8.577997660916814
5659,64.07113319721984
5660,97.32622993670581
5661,72.70312885803322
5662,7.021235056431596
5663,73.36450640044609
5664,50.78216111082693
5665,36.13313272462847
5666,61.618406126070994
5667,15.502224630919248
5668,75.21908240877093
5669,80.83527648450075
5670,58.07175910008306
5671,99.21574425133836
5672,89.59345254966324
5673,48.87823519194466
5674,50.999079335637006
5675,33.41692257869584
5676,56.35506038848314
5677,17.66781874708029
5678,0.9818533750894698
5679,26.81033022597924
5680,92.30037551168593
5681,28.108853302633197
5682,72.15420057407988
5683,70.15429070102653
5684,5.336341672979983
5685,1.3855348404803403
5686,60.557694501168456
5687,20.276383248876318
5688,73.18712423670725
5689,3.173027006569429
5690,72.6201906343234
5691,73.40412012568791
5692,13.03827700561303
5693,56.59018840126969
5694,53.14853467615327
5695,58.52520084690565
5696,68.07207033483051
5697,35.707097366365495
5698,75.93215591464538
5699,9.652612282174944
5700,44.30507588754211
5701,8.116107953234241
5702,35.92434940259821
5703,51.97832970294781
5704,67.37468996015075
5705,59.564096931907685
5706,21.238651044919454
5707,82.40127753550112
5708,43.90786728371305
5709,12.172061815665124
5710,69.90010521204874
5711,59.62450376440955
5712,63.53370390336524
5713,46.90593674351339
5714,69.46963583284442
5715,28.729180368020856
5716,72.95875679639856
5717,2.3565224971941467
5718,82.62521615173107
5719,87.97355367103238
5720,68.77047746560463
5721,87.40448048824786
5722,81.77815459663842
5723,86.93875307093589
5724,34.0705792582676
5725,9.04195341707278
5726,51.853308626642345
5727,1.4622025535200756
5728,9.716723681502282
5729,74.05884395669274
5730,71.94172412913622
5731,30.488582668702335
5732,86.59861620887416
5733,33.891730858127744
5734,8.246693312799424
5735,90.80898821559272
5736,22.761626591845406
5737,14.524806811152157
5738,8.608300012272462
5739,15.87400336625655
5740,98.86732535829486
5741,39.87124224237726
5742,44.72829940765675
5743,44.97976730213363
5744,47.320348297006376
5745,52.86870812694329
5746,49.71724463829524
5747,52.68755239532944
5748,18.982799168195196
5749,95.0516551064295
5750,60.6957324154703
5751,36.77484770818867
5752,9.9199049033172
5753,24.196774309536817
5754,17.579014692569274
5755,46.92892130543
5756,4.05784927366033
5757,11.53248217283821
5758,86.92657539028563
5759,32.0366156414825
5760,49.87905159139137
5761,32.65122542095531
5762,13.987544858269041
5763,17.049640065516837
5764,44.84275941523723
5765,67.20710202976528
5766,88.85873379872548
5767,2.4178818772891075
5768,27.762501766392333
5769,14.493516808736873
5770,25.616695204532146
5771,49.479239976067234
5772,20.006656945869985
5773,63.39721518253732
5774,51.10606539724684
5775,66.89196843088757
5776,51.1154857914798
5777,35.37204491432971
5778,26.57541875112617
5779,13.66318068482233
5780,34.47053744802272
5781,86.872054487077
5782,51.968805992988365
5783,84.49309361038551
5784,61.053314724658826
5785,41.20368822597419
5786,20.063836928846335
5787,36.27007710962099
5788,53.3370549857643
5789,63.71406781302413
5790,82.1592498801549
5791,87.78829086112398
5792,18.01554664411402
5793,62.415959856478665
5794,70.83943023622766
5795,9.148791024423764
5796,59.32658807846727
5797,30.63663571185886
5798,72.43592648133163
5799,93.2491607432983
5800,77.89335302859487
5801,25.124035764625074
5802,24.575832093525385
5803,74.84144431437142
5804,92.57385722422462
5805,43.47033994856838
5806,2.408128146994537
5807,96.92865752529698
5808,26.838726182992588
5809,41.00405144061173
5810,66.29166210894083
5811,3.5310314530266673
5812,74.97662554355541
5813,39.39300551903197
5814,28.158839392482914
5815,52.01789066706816
5816,83.87362645035648
5817,90.64148376352267
5818,63.617894535846176
5819,87.41563949775228
5820,60.96845974841868
5821,59.26409897894877
5822,10.074598408730706
5823,76.29061265004486
5824,59.04835126089548
5825,48.20713698284469
5826,65.16192036175667
5827,83.18605261703429
5828,22.889338726451356
5829,28.304580635841305
5830,7.9909185221730406
5831,6.326549478225518
5832,61.43477550702469
5833,74.3975777909918
5834,10.42357909622459
5835,67.35180570532003
5836,97.96889260505812
5837,52.994281244128885
5838,95.55228052695561
5839,39.561031490606005
5840,48.26010908686119
5841,67.61514386333558
5842,32.05577402458286
5843,45.489942701579544
5844,37.07531901570383
5845,46.78047238234846
5846,29.26184238741889
5847,74.62286005594734
5848,61.58382124492233
5849,27.420934168890177
5850,20.088124792893126
5851,76.67397659805938
5852,63.52408621289668
5853,3.4053008208452695
5854,1.0101243565044271
5855,15.701300450230548
5856,86.36747199306674
5857,73.13899022650259
5858,38.764310786966696
5859,32.20501766774664
5860,16.859300808178578
5861,20.446389117062104
5862,24.875521865363346
5863,39.22796835522044
5864,6.356585155648753
5865,23.094685145692296
5866,9.487412492253512
5867,17.422311845227647
5868,61.49615617739561
5869,8.761392597766015
5870,88.87820252793439
5871,24.90400562017806
5872,91.83758686124916
5873,67.16493550048132
5874,52.39772565916765
5875,65.47361689750419
5876,56.23591358308144
5877,0.2279704515332659
5878,46.66078539053225
5879,33.389196138231156
5880,91.01939195277404
5881,5.862971668257222
5882,19.09899852473559
5883,97.65638536597282
5884,34.739351364072924
5885,15.647353944221498
5886,63.01214462611725
5887,50.69128833163451
5888,52.71210877027196
5889,44.98108091616392
5890,85.45017870562145
5891,97.74276813553642
5892,15.79302863657215
5893,1.9498949819061528
5894,34.637243400890426
5895,99.89707231344323
5896,36.768583056172865
5897,91.53174324806974
5898,7.291783898705095
5899,60.86490820847546
5900,45.78108499991708
5901,78.25403653550947
5902,59.04065056509631
5903,84.07220805117022
5904,8.770358598739936
5905,34.08984345970093
5906,56.77001039641774
5907,18.875223044134483
5908,51.49239821203159
5909,79.19730579186118
5910,56.32636088932759
5911,37.45442239267239
5912,92.99153679599821
5913,75.09577886870103
5914,78.73802041829326
5915,77.4145593326298
5916,62.11152971882132
5917,74.61565503965633
5918,9.28316798239206
5919,82.50525244733677
5920,16.727290494140913
5921,70.47319065267966
5922,13.871331252116182
5923,7.032233362103268
5924,15.024425276307095
5925,88.36706818929039
5926,85.95865195452804
5927,95.679100014667
5928,72.59833015941068
5929,99.0797815068437
5930,87.47660603593158
5931,19.0259179572535
5932,91.9169762596014
5933,3.9222184069178434
5934,54.91915257477853
5935,47.42501401062286
5936,17.577088886771953
5937,80.43832812701955
5938,6.39859349658879
5939,18.325025992905697
5940,3.434012719324564
5941,85.56849951050815
5942,20.943601604716978
5943,71.30321877464768
5944,57.20893157642448
5945,49.45479282868989
5946,92.85874755946534
5947,25.535673035806173
5948,52.70062191213325
5949,81.21173512986933
5950,30.313105252146855
5951,66.20564786162582
5952,62.24946512434945
5953,77.01712268698064
5954,54.47309616602004
5955,56.45085237371864
5956,26.534304948459532
5957,44.55581850156276
5958,88.6723840301008
5959,66.8791029102957
5960,9.752176733339734
5961,33.06052821345148
5962,67.50468677278934
5963,88.69055644784363
5964,1.8749134040500826
5965,83.98952852086953
5966,65.71405299382401
5967,67.8058136005655
5968,20.88596105378938
5969,55.84373140242316
5970,83.77433734309638
5971,34.58548492547885
5972,50.51783191249074
5973,96.16994157517227
5974,71.41176356211508
5975,23.53149542790166
5976,78.96294047404396
5977,65.16669231719847
5978,55.21363847854525
5979,8.496838649467719
5980,15.256598630269636
5981,41.516673246582
5982,84.16537461951086
5983,72.25346667639634
5984,33.71485406313815
5985,48.33338340941563
5986,60.72856577487523
5987,17.938378460474212
5988,99.00898173433337
5989,61.0899993835013
5990,19.194802452856983
5991,86.18936112747264
5992,76.93984518041702
5993,24.308595159256463
5994,91.07639356883219
5995,97.69306490209259
5996,81.93512309419573
5997,31.097589731609943
5998,56.292230244861386
5999,3.38477166168486
6000,26.086344879660295
6001,61.34531769434499
6002,93.82972871330418
6003,21.860104229969046
6004,77.01088149250221
6005,76.73679680123685
6006,4.949905591790815
6007,79.54433308914861
6008,69.6185596290559
6009,65.30153421328468
6010,84.84449519385937
6011,22.435244048888148
6012,59.88393992779153
6013,74.22578352650127
6014,17.262374630381196
6015,79.59120394263623
6016,89.15904721063784
6017,81.50160348680572
6018,61.799702964769935
6019,81.75174103344003
6020,49.61304709836809
6021,16.172858377301957
6022,70.76878581554075
6023,97.89704917025533
6024,54.652448944861966
6025,23.40464144126736
6026,65.0407393677966
6027,54.88552148685206
6028,64.5197099021531
6029,1.6678319767263527
6030,10.567168310209862
6031,48.933203457193464
6032,7.4456199726862575
6033,55.14131473688452
6034,63.48262773413804
6035,10.990389061975147
6036,52.16996544918301
6037,13.068809547074157
6038,76.6472650290104
6039,1.2272048098954436
6040,95.87899537695532
6041,85.17188026063597
6042,77.13080353834779
6043,66.47916167739294
6044,48.66705440234737
6045,1.4074770736925535
6046,91.60403842494325
6047,30.165357524070245
6048,44.15458969613497
6049,34.12779199547119
6050,77.7031776075458
6051,7.2509034187525305
6052,89.32911315954513
6053,49.66946917039008
6054,17.8571093506413
6055,9.682733971419022
6056,75.79932903319795
6057,67.84350386657314
6058,12.84657570808343
6059,79.64371512360003
6060,70.3775944726771
6061,56.17220511082789
6062,29.300663283520777
6063,64.93125082574761
6064,70.35116149199347
6065,96.76608893398135
6066,5.232270694223439
6067,31.9280409136125
6068,38.68639021713558
6069,50.05695542862928
6070,75.04131982747008
6071,84.46693388713969
6072,43.57226613703923
6073,46.50958102190028
6074,15.757325704990832
6075,43.67380306185981
6076,66.90123052715154
6077,58.27147800268867
6078,9.243595454918674
6079,66.35460875040482
6080,43.534633607128505
6081,88.31128228667029
6082,43.575492932252445
6083,84.35398930655931
6084,37.46094020537666
6085,71.503138160244
6086,13.775762275438685
6087,47.51090177111671
6088,34.116865948045024
6089,74.5413359056457
6090,87.86458750044892
6091,31.362048942154996
6092,61.01590267435332
6093,10.042661280645703
6094,95.98411349378225
6095,86.94186921480753
6096,6.138596198368473
6097,59.07260005947731
6098,72.59626958462862
6099,58.52900172163198
6100,82.8518837809952
6101,7.886663735470012
6102,83.07605972966265
6103,82.70103970543255
6104,84.0333456896813
6105,15.840005146337866
6106,91.60201044511048
6107,77.78210999990971
6108,53.17534054550252
6109,89.69250014314083
6110,45.274183551544475
6111,15.779195836796777
6112,49.76366618562742
6113,58.77215288003678
6114,93.53192387167283
6115,66.48965753827486
6116,26.37417837507027
6117,67.82619942812731
6118,68.47740412454739
6119,40.08437532015411
6120,92.10502003072614
6121,20.751038989705183
6122,7.353445554654381
6123,8.37169672181155
6124,95.26655211910196
6125,56.272262790581514
6126,90.36757516493704
6127,82.48867209700435
6128,15.777888453453793
6129,34.948163504080654
6130,0.13011654648446003
6131,96.52914511813646
6132,98.2226161346081
6133,66.42379886397696
6134,25.50456728616901
6135,72.40669502349233
6136,55.1490874126014
6137,39.64947383077582
6138,59.07283888383259
6139,97.51549940090104
6140,3.821185866057175
6141,84.6184609052201
6142,86.09711129440701
6143,68.60185723603315
6144,56.28684104193415
6145,78.21482657591298
6146,95.09211841155452
6147,94.93515352684501
6148,28.132621274682602
6149,18.3641302781002
6150,38.13318829000208
6151,9.005031570549582
6152,7.946935635232844
6153,9.578886645822326
6154,93.56530104950019
6155,35.522795988948864
6156,53.39989055596899
6157,94.87978141735486
6158,59.12685918992226
6159,32.81920043907367
6160,25.40672212468722
6161,9.187167147804754
6162,90.04224326223226
6163,99.80532368310374
6164,97.07643225951995
6165,47.97449631958426
6166,36.515418471175366
6167,33.03076166794444
6168,87.57403713790784
6169,6.276651228878583
6170,89.06466919752751
6171,87.83473418860976
6172,12.99914750585235
6173,78.06479834702263
6174,36.521357635531956
6175,81.28296918754842
6176,32.83636805671646
6177,42.41953411529001
6178,35.343843517262826
6179,51.95618787684466
6180,63.23978205457968
6181,70.73627135580485
6182,92.40704600673094
6183,94.93232714047825
6184,89.85811786007464
6185,26.9360832436658
6186,57.76718985446845
6187,66.84991199086534
6188,53.729113308771105
6189,74.40709574740318
6190,17.66104388252555
6191,58.80436655283584
6192,65.47023182207765
6193,22.836357102466575
6194,66.89636532903982
6195,71.11051622639644
6196,4.7050008616962185
6197,45.63665884652192
6198,80.95106408953838
6199,76.96966409422488
6200,3.888769577856588
6201,17.808003448968137
6202,72.30765504391103
6203,97.36544064264896
6204,36.251365962699936
6205,12.173532519295216
6206,81.78629904300378
6207,84.88440454488178
6208,93.95075562072273
6209,56.03048472385975
6210,66.99262195372162
6211,60.14518413922987
6212,26.057862303149292
6213,11.41903687639154
6214,92.31708630782875
6215,50.297506479797086
6216,31.032199949752048
6217,63.528030957102565
6218,52.1558031245009
6219,15.948776113990847
6220,9.309568310281136
6221,41.75484825663668
6222,61.21851522650553
6223,13.140507770207844
6224,71.62528619817272
6225,49.63378380047716
6226,63.73931071051256
6227,84.3294627869401
6228,91.72792399835278
6229,44.435751134522896
6230,96.20309745504473
6231,42.19718048841285
6232,31.43891936169644
6233,92.1019843192859
6234,18.883379902242936
6235,46.5243894141224
6236,0.08413031604367349
6237,17.306382359405394
6238,80.21447478003269
6239,99.97849727156475
6240,48.34945813170338
6241,36.199345588381895
6242,14.804473330281564
6243,60.83045046275952
6244,99.93595172092175
6245,40.5797529046408
6246,37.60772474895345
6247,0.7714485513985347
6248,15.315470161178457
6249,4.386290005523275
6250,27.73948448334447
6251,44.333465731425484
6252,80.26702159549708
6253,59.27201336576622
6254,82.01156225027262
6255,92.72215849702319
6256,55.302242009299555
6257,7.1428109284013
6258,86.61415404296719
6259,39.38433892138099
6260,46.28007703614168
6261,17.783731793052983
6262,92.28303170131572
6263,97.1053358171825
6264,27.307500256226824
6265,89.95846628260105
6266,89.49963896121965
6267,33.77210129273763
6268,32.47014286662833
6269,94.19941450056022
6270,76.3014220460352
6271,46.03825528191023
6272,29.069505000832475
6273,29.261129056981517
6274,1.6741203069495003
6275,52.39008541255139
6276,5.018967887287074
6277,5.97493470313376
6278,43.57655159662039
6279,96.32175959661589
6280,40.85256038953477
6281,24.198040560641022
6282,56.14112119438737
6283,83.5764196681628
6284,93.01501430671675
6285,11.667073300283503
6286,20.669790562652146
6287,89.4573786901052
6288,62.53185045374116
6289,12.37742331451097
6290,82.83563956075136
6291,73.98223142672379
6292,54.51600485584422
6293,26.248420609717826
6294,90.29150794952393
6295,35.30909235485357
6296,20.4904256390938
6297,56.870236814315724
6298,96.95233144358775
6299,42.5845105516406
6300,13.059185931331573
6301,69.78583172425091
6302,80.73715355985908
6303,3.8901864604053205
6304,28.610166599404685
6305,10.549300114258608
6306,53.13063133912964
6307,41.49017428155356
6308,74.97402713814598
6309,70.35271030098579
6310,77.64117528080723
6311,62.00125514828723
6312,68.29195298580785
6313,95.53741448952954
6314,10.832472928334958
6315,24.9885423678198
6316,54.091674887569205
6317,71.90208093524274
6318,91.84120765911372
6319,96.8576218020205
6320,86.15825944850485
6321,95.24121091369125
6322,77.60661417219224
6323,20.599045070149693
6324,51.10199043553312
6325,49.49042570688296
6326,73.25119979238059
6327,14.749260703427613
6328,53.11410388655568
6329,85.25737892690735
6330,51.981428427542866
6331,2.2788378591423686
6332,26.51005614528493
6333,23.575989476521208
6334,78.02536874946541
6335,4.332383693653796
6336,76.4228004653693
6337,73.70261546818467
6338,79.8543516814718
6339,13.049752247875713
6340,2.672737005097914
6341,7.975965528967932
6342,12.916671853665529
6343,92.20958775459786
6344,35.408607128445354
6345,92.77700816617633
6346,87.06207637126705
6347,70.30282938405557
6348,77.62981495346199
6349,72.0748611349805
6350,25.993724340546375
6351,97.41064156324074
6352,90.45944534027447
6353,48.467751223840715
6354,64.99475003294383
6355,94.1368242501786
6356,1.7583898895019656
6357,61.7753718174803
6358,53.85316760913241
6359,1.7895236537696313
6360,76.53450670930638
6361,13.597643813941007
6362,86.92318200643423
6363,9.56959211900229
6364,77.41967639321462
6365,35.00376836207819
6366,56.654935415119525
6367,3.491971199257038
6368,76.71517887937814
6369,88.24869989553244
6370,41.78050691561679
6371,7.0013847100871
6372,90.30815830410593
6373,97.75002457244815
6374,43.06362320836118
6375,22.813396140493747
6376,81.30079642041474
6377,12.0446156027059
6378,92.20122535147233
6379,44.91742352922836
6380,39.824240674545116
6381,64.30625724781474
6382,84.2822813210795
6383,17.198162387659576
6384,92.17104756805477
6385,42.42198231106203
6386,10.571097504521521
6387,35.745674413769
6388,43.02416465291267
6389,75.07867411610418
6390,36.916653250221955
6391,24.224419464985136
6392,82.79868698726267
6393,49.59279689397349
6394,35.27623349008129
6395,15.815907561226084
6396,6.039881464453822
6397,4.420026683803268
6398,10.577258616267283
6399,13.692936348614392
6400,82.27162032169434
6401,58.75871246866801
6402,60.48751219194387
6403,14.897297646953966
6404,18.645208246471555
6405,86.15894234034161
6406,80.35403528283253
6407,81.74657893634065
6408,51.126402821692054
6409,46.690780163285396
6410,45.66581432239142
6411,32.78411694034863
6412,87.19145252050842
6413,34.56775383799852
6414,75.70527518074155
6415,2.5896920588369565
6416,70.12111546485525
6417,99.41504667384983
6418,20.071830457998363
6419,60.174731672631545
6420,56.36656289959661
6421,14.55229081085464
6422,85.12089963584957
6423,4.985258857509944
6424,80.18932139626077
6425,12.632317561428309
6426,3.2301603584123817
6427,63.22131509687421
6428,76.93348393061129
6429,92.70063037677481
6430,59.51228491976567
6431,37.45869043747485
6432,97.83128179368202
6433,28.74210089075565
6434,82.12666729696576
6435,70.25826480825114
6436,43.3779540933209
6437,95.70049375930219
6438,58.557381500803984
6439,90.7805970032201
6440,3.9763908640796597
6441,87.31889669280409
6442,20.970874359409898
6443,76.67493077047958
6444,56.60653396707565
6445,45.7744466266836
6446,35.189590505734714
6447,29.262889054154527
6448,0.6350190214209128
6449,90.50310861381875
6450,65.90434344169674
6451,4.480533921483543
6452,48.04772976200279
6453,4.392955374525109
6454,36.07842648084835
6455,19.734378308033186
6456,79.8573973375836
6457,70.09160359260085
6458,45.26977145128968
6459,40.006903898500425
6460,7.700471836857615
6461,32.830009566721664
6462,35.93637440933162
6463,64.2691498033094
6464,86.40870460235585
6465,46.69182629721362
6466,38.03024413807662
6467,22.28951546154314
6468,66.25439852517658
6469,31.955850058643374
6470,26.0522647192317
6471,62.90039025932737
6472,57.59097724626309
6473,1.3487901733408192
6474,60.57122022849602
6475,25.26457793053323
6476,13.832850756388826
6477,64.47200195043507
6478,95.2340503682785
6479,69.74677164525353
6480,94.84080202712133
6481,28.210138542857333
6482,25.01090579473403
6483,57.011854848118524
6484,75.81531101943743
6485,25.61494679970524
6486,42.80153703159878
6487,43.41234255802462
6488,1.3342847621246712
6489,68.50201988696772
6490,83.8765404950473
6491,78.44890963658301
6492,64.74879543337525
6493,35.58693794610435
6494,54.244263973369236
6495,41.334712252367275
6496,7.059803372939721
6497,34.830522880511005
6498,97.29030226676626
6499,16.261344824062373
6500,8.871182866503624
6501,57.26185447410583
6502,72.66295200679124
6503,79.15397865973884
6504,0.13303327038478585
6505,80.93919863767987
6506,8.75865359863891
6507,5.400485060255356
6508,50.96308190378901
6509,51.05594841629527
6510,50.51442998459943
6511,17.313634358456497
6512,90.97085040615931
6513,91.24028282817586
6514,68.37532999780562
6515,45.37831653328529
6516,75.1758384754925
6517,21.16146259580738
6518,51.585176629245225
6519,52.51905405614633
6520,85.6312519630633
6521,83.21155455403091
6522,50.22851988205359
6523,90.28580995926232
6524,44.177508177679115
6525,12.853498256663231
6526,66.50758382726626
6527,40.199332697561374
6528,12.507238158596557
6529,75.0824337572451
6530,97.42406949306276
6531,92.89552876768398
6532,71.80956925232445
6533,2.143181548012707
6534,79.9101240939136
6535,89.27054970268263
6536,63.89231865056063
6537,54.38628585985222
6538,29.57919658378193
6539,46.533405672537675
6540,74.49895562189808
6541,0.06568975738920901
6542,44.05298630306279
6543,91.70054859448139
6544,39.88818986313303
6545,22.949339801774414
6546,88.57032166843581
6547,90.40715616728122
6548,98.90979087232904
6549,2.492289700918915
6550,66.38297793047275
6551,75.50833275346943
6552,9.397865319642351
6553,31.981629686933168
6554,72.96181605801803
6555,80.78916790526593
6556,36.88039512184373
6557,47.171544588448896
6558,65.49382125321172
6559,40.10237738130365
6560,38.42929658245872
6561,67.89051772447759
6562,83.58452689591758
6563,95.48013665435998
6564,22.971874864051866
6565,97.49411281247824
6566,18.426939245198337
6567,48.09665433796639
6568,88.01454930115338
6569,63.049740399005216
6570,65.51774898410113
6571,73.41144056378313
6572,43.08509953626307
6573,44.18008812252855
6574,68.23847519056562
6575,7.202418880567074
6576,90.61627802317895
6577,46.35923699475003
6578,15.997502447078649
6579,31.290481141518033
6580,67.43651860935462
6581,48.68673003130502
6582,84.65115526100408
6583,39.37823327864525
6584,89.10968852371899
6585,55.97692612266243
6586,70.81246277507651
6587,76.71526018653283
6588,61.558090828947144
6589,87.487029845339
6590,17.335600184208367
6591,84.19950901401046
6592,38.93427123579153
6593,94.06618946469862
6594,11.548360116976585
6595,80.05375516450887
6596,52.04554418387751
6597,84.98340301865423
6598,38.23141440521691
6599,46.12839999112597
6600,94.5579699893128
6601,16.284291417699347
6602,77.17638967996447
6603,1.211630551698406
6604,86.18192263299423
6605,44.76380380219243
6606,13.334372140941774
6607,63.90687359158086
6608,91.83776822921122
6609,0.4036514681643788
6610,98.9132044128003
6611,91.2194200451769
6612,66.01253379576647
6613,20.186509574231792
6614,1.1541182556205176
6615,43.79012483677646
6616,85.05355454849773
6617,25.11071238873437
6618,10.006995187940138
6619,28.5847440590818
6620,26.977131956685852
6621,59.52440957082008
6622,0.0035137266652385257
6623,1.6207150325793784
6624,51.1903399102771
6625,85.89865016186562
6626,61.915175656508815
6627,76.75504515332511
6628,36.213247459822654
6629,94.87711294553067
6630,24.97955310844254
6631,28.470735702903404
6632,26.099620122236466
6633,44.882320037326515
6634,88.76712716705603
6635,23.338131654775253
6636,6.166800015463814
6637,28.973077530177036
6638,37.756763282259165
6639,15.745786854709642
6640,55.111038110214274
6641,11.850770243003206
6642,41.74359640891716
6643,55.8606052329351
6644,70.23830692030269
6645,71.0837952913247
6646,12.087260273308441
6647,4.969585183347314
6648,54.4434565973583
6649,44.59633600256636
6650,27.124964403797534
6651,95.3669747796001
6652,87.72599967530891
6653,16.960451476958372
6654,76.22763138456435
6655,26.708959618611694
6656,67.02585943291068
6657,52.23241861661033
6658,59.21284771338164
6659,1.2342230849890723
6660,75.51560815345562
6661,42.14747896057223
6662,4.792964192863369
6663,21.359492630462064
6664,20.50762689885891
6665,0.9473722684300911
6666,3.661246804407292
6667,37.38856417968541
6668,5.971850792759536
6669,57.31259978090618
6670,20.577811301057892
6671,48.392984437459404
6672,40.91270648605222
6673,73.76228212032417
6674,36.91561116140879
6675,57.50270883724483
6676,75.05612703907568
6677,82.25582499652995
6678,81.71363638572355
6679,22.12091953938844
6680,48.25566507653314
6681,68.5176568192454
6682,41.932298990299365
6683,29.636504816812238
6684,68.38666249383947
6685,68.3591662032477
6686,70.45268221266426
6687,7.043497379078268
6688,20.40118175389344
6689,83.36484360744039
6690,64.03732249812893
6691,84.12537515882597
6692,81.30082611563158
6693,45.19088595381806
6694,4.597344646677593
6695,50.37018594898534
6696,4.357381139629002
6697,74.39469200383324
6698,49.38208781070915
6699,35.699071909737555
6700,86.96706685964827
6701,47.65694280124764
6702,7.985172347644543
6703,65.1820650090543
6704,95.82730593024431
6705,2.9156882424342445
6706,91.01477297892458
6707,69.64647870246843
6708,1.8994960091402446
6709,27.768598315980864
6710,27.937838948811113
6711,7.837756350853509
6712,87.20647631713567
6713,14.59129203134374
6714,24.56382703368779
6715,79.09902231262397
6716,72.11424896285574
6717,94.84646464844656
6718,75.21188495662837
6719,87.196648854802
6720,21.44004920980298
6721,9.877829002839789
6722,52.800093217491465
6723,27.960307318863144
6724,42.20461207038759
6725,77.21101780021424
6726,21.234876258739277
6727,22.2806898314426
6728,89.41286884375141
6729,82.08302700206146
6730,30.037528669669655
6731,79.56186137012025
6732,89.58467872988571
6733,3.6215105765374678
6734,57.25197301502008
6735,81.83935939876939
6736,80.6220070718067
6737,35.2502023334016
6738,30.345651133633844
6739,63.420963236588236
6740,95.68256434632218
6741,94.35728265753487
6742,69.86691599394128
6743,48.27611403317819
6744,74.51413891005186
6745,13.777396060525914
6746,72.2376154251736
6747,46.42688424887215
6748,95.51997390728228
6749,47.84643205631245
6750,11.163147797559713
6751,92.66748104206744
6752,35.33566378619892
6753,40.213812340444555
6754,69.02845551947807
6755,26.50822177174502
6756,80.32184554135364
6757,20.631505410358887
6758,91.47607337453812
6759,34.220650017509854
6760,94.30850690706069
6761,10.202404544323274
6762,27.720734515723844
6763,43.51166800624304
6764,1.1883992731500426
6765,70.77224003455575
6766,47.87265114872746
6767,4.392007210860394
6768,11.811280342907759
6769,9.485583613939053
6770,69.79167452338915
6771,40.64812297625797
6772,29.049696846888295
6773,5.322133693764308
6774,69.71257574403067
6775,58.406162119929164
6776,78.1579293493149
6777,52.920948615702144
6778,86.94481840808346
6779,99.66289191985521
6780,64.06336469387877
6781,86.82422278260859
6782,16.988903708231405
6783,67.72862803259538
6784,92.49387512191456
6785,16.865849602339523
6786,90.07876895482624
6787,62.0191773853327
6788,39.96489129393657
6789,14.822727850008356
6790,2.3025485150986125
6791,74.98932707323219
6792,56.75152710963789
6793,37.493640641114276
6794,17.36798577267121
6795,66.93184471700852
6796,1.5637738666306578
6797,30.91908870274701
6798,28.33923725190951
6799,2.228129025735248
6800,62.61049750730123
6801,75.83755812688513
6802,22.973571274695146
6803,54.03737018276019
6804,7.45480292868248
6805,52.03146360463753
6806,91.01534439145479
6807,0.5059484946804083
6808,49.672539611699584
6809,78.66196522200397
6810,53.68331411451902
6811,82.25714816073754
6812,11.604565663600198
6813,59.52664909142833
6814,6.952101684488143
6815,4.446252144717167
6816,87.6780032251964
6817,48.337356447417555
6818,98.11477693975391
6819,69.15248808769798
6820,18.266445576826897
6821,84.61450095170467
6822,95.67362950737291
6823,71.94289147816161
6824,4.442453402137437
6825,46.41025141447885
6826,2.3132295917261847
6827,35.172028778407075
6828,41.96969945480562
6829,50.28117639110241
6830,67.99207114663747
6831,67.01936529337307
6832,15.640883651410276
6833,10.02215015781367
6834,14.25558982096703
6835,49.1628948767159
6836,62.767583821864235
6837,49.428186896400064
6838,30.96888974836475
6839,59.65420930728157
6840,0.6298706563801937
6841,41.81858938974751
6842,92.62157573949743
6843,62.39814191092768
6844,25.614568988957444
6845,69.50319767831141
6846,41.74786236614045
6847,79.98357547668977
6848,2.2535438982062783
6849,77.72320562933442
6850,18.00864697493655
6851,90.37435423532376
6852,14.014343713463406
6853,90.76203017134289
6854,31.509905129304407
6855,61.17171045938847
6856,51.65522142223033
6857,78.63295986680615
6858,75.65180564819602
6859,53.22651486726211
6860,35.79318925466593
6861,54.889250024096924
6862,40.77499082708403
6863,29.674054271133276
6864,57.70160155308909
6865,0.27855276757606795
6866,27.000518822065946
6867,29.201090763507764
6868,81.73128589990085
6869,37.306044320128976
6870,36.00480750458448
6871,59.93330414331174
6872,76.24940415955523
6873,63.58871396468746
6874,54.508033457167606
6875,4.012763557965671
6876,42.994110949535155
6877,11.43768610845891
6878,35.03126623359519
6879,72.07179494261273
6880,9.592337896402315
6881,69.2535897504875
6882,26.82924299468138
6883,61.92293516573722
6884,4.0394206861495086
6885,91.19187871998774
6886,14.040220232840106
6887,22.318689267008384
6888,88.96632618128602
6889,25.049698144345246
6890,25.068781622230397
6891,89.78070886392094
6892,60.5996000073064
6893,18.80432476819608
6894,1.784277961366454
6895,80.62349927681525
6896,42.397284835328755
6897,62.95615618484095
6898,23.44057919680953
6899,79.10001780788141
6900,49.05440587948063
6901,4.9569989427281635
6902,28.05151376512186
6903,70.149354952653
6904,3.9529391206773457
6905,13.740222553548742
6906,30.12851620974092
6907,52.512223563917516
6908,28.108280945554753
6909,85.84706827999328
6910,44.33541513780514
6911,17.89421814083224
6912,89.21684899207631
6913,93.72255300833652
6914,47.629030518812655
6915,65.06779557022342
6916,81.19570164542174
6917,42.83228370125879
6918,19.898784170224225
6919,52.12775483669769
6920,63.03013869755104
6921,60.04776623592017
6922,1.820949576354569
6923,55.20218103550093
6924,21.945596093387675
6925,2.5851649612695704
6926,8.385701071140684
6927,19.42086788501828
6928,42.68388229216116
6929,33.093367286780165
6930,80.31714654757548
6931,44.198185169700565
6932,15.399605125775606
6933,20.61683905389594
6934,64.7629532385806
6935,85.05603141378707
6936,85.03742149438352
6937,54.034735574274016
6938,51.87786842396241
6939,24.650453469630428
6940,71.74912048988288
6941,71.59663582115247
6942,98.30573548780653
6943,5.318984047625708
6944,1.5898616435230384
6945,21.64903172321646
6946,75.2748309848759
6947,20.414249795155925
6948,29.473963079080832
6949,87.08019296485539
6950,82.63498182955024
6951,88.59891923871042
6952,75.31443136044162
6953,90.32587046711923
6954,66.65228886573755
6955,52.56030456155501
6956,75.76879015444186
6957,44.08458391001071
6958,82.7539818554173
6959,70.15991014068426
6960,99.8529886096077
6961,94.57880917971569
6962,85.70552780604879
6963,83.1822152048204
6964,94.16387489454394
6965,86.85519181723323
6966,70.71282109654769
6967,82.3090785752712
6968,14.483436967440966
6969,44.579370040933895
6970,41.02597196867285
6971,47.61951714196848
6972,90.27933744589744
6973,52.09790628916934
6974,50.07123041419318
6975,99.48286822556271
6976,21.722805718301576
6977,3.6137759898048682
6978,24.903944539069656
6979,41.09127768439597
6980,24.465283873768804
6981,71.37325963047093
6982,54.299131559777045
6983,48.32709268410118
6984,16.102362620263232
6985,27.374769840271497
6986,25.43359275205529
6987,54.68467201965249
6988,65.35236788897846
6989,80.97038248420446
6990,29.410559496609235
6991,24.446997941912663
6992,82.1619074148901
6993,6.368368130597323
6994,34.46693618810279
6995,56.965441631956594
6996,99.65685097588977
6997,72.42079272173216
6998,60.48416761032591
6999,97.98341500186153
7000,30.15403841210622
7001,73.04597230452023
7002,68.46901648984155
7003,21.182459342390448
7004,35.88653749050879
7005,79.66328839057726
7006,14.848025926303066
7007,95.75098048162552
7008,6.509484601694993
7009,5.164956875171001
7010,55.034899162457016
7011,39.81202409969611
7012,65.27856232806755
7013,72.92430847818412
7014,96.30829021839749
7015,36.27435533618492
7016,70.4228528860707
7017,86.98805821980359
7018,82.76080959269608
7019,52.444343288104534
7020,10.292694675245585
7021,44.73520329747485
7022,0.8181345712743537
7023,79.14668991006732
7024,88.07721757614262
7025,41.996330660030914
7026,7.191788336334071
7027,44.6686153747437
7028,93.10491128489446
7029,2.0497238073766355
7030,92.91062428769015
7031,19.823856100587278
7032,37.89197745011806
7033,42.68773134399231
7034,38.18407404273753
7035,14.921268613594874
7036,72.26247997913491
7037,2.48532668524194
7038,12.938988091324754
7039,15.696403655511116
7040,43.58974232106135
7041,22.039235563536764
7042,70.1054612304882
7043,78.14810323759116
7044,20.541750188228892
7045,94.46355429646844
7046,48.6292879536411
7047,96.75384627732335
7048,24.57296740411088
7049,85.0861891513968
7050,82.6810500891102
7051,10.089409759127953
7052,14.103191718863117
7053,54.46991459772366
7054,32.217388858453674
7055,55.27999416888135
7056,50.07554792787416
7057,37.419209949255794
7058,98.48793944275573
7059,62.95211053453011
7060,2.4652254359974535
7061,67.5024998134276
7062,57.361160119981605
7063,86.07551413166924
7064,11.538352405240238
7065,30.509193665859403
7066,7.244022261197269
7067,28.138307923493223
7068,33.40499339577768
7069,96.96515614747298
7070,84.04323702670484
7071,23.840420330928826
7072,38.56640827989957
7073,92.88802541088941
7074,49.86417839477792
7075,82.35994958734675
7076,76.00223623911693
7077,25.737583483896397
7078,97.00804408210638
7079,29.77896108022464
7080,39.93095883383637
7081,9.621661663324065
7082,69.96082654444868
7083,59.543106163141246
7084,56.68556369171285
7085,81.24647565190018
7086,12.194675521932307
7087,12.924210155101212
7088,0.4130885328184286
7089,95.415264981675
7090,79.17322168362566
7091,33.763816660128434
7092,87.17773948587921
7093,42.40522575595554
7094,40.348636088762866
7095,69.76318735840951
7096,85.12825090690448
7097,98.84390705823294
7098,57.990644632738565
7099,88.10515362427115
7100,70.539770486621
7101,55.311996342503264
7102,71.19734633921281
7103,7.073793688484519
7104,1.9419170578153122
7105,66.62545888364974
7106,11.547256522586636
7107,39.986658737052814
7108,38.04658220434312
7109,78.01623836133477
7110,67.60586974820542
7111,29.814151321477024
7112,96.8606857539155
7113,73.83401376177596
7114,87.53923372802778
7115,23.597674585563432
7116,55.298550696777546
7117,18.532461100294107
7118,47.410687368915326
7119,99.86026404577017
7120,71.79226066943902
7121,61.417580149517356
7122,98.87579125936192
7123,8.237857930840754
7124,29.32858829687408
7125,74.79846596733732
7126,9.94998177576436
7127,61.606919713012196
7128,87.90777826460278
7129,41.01455442584088
7130,67.1468327712494
7131,69.74558868978042
7132,45.41371796399329
7133,91.263167384225
7134,52.23591424307203
7135,43.68888109248318
7136,15.500660775667562
7137,16.59422893965683
7138,50.4142786535777
7139,30.06517189038618
7140,51.829994396264986
7141,79.3204177032872
7142,57.90817354950568
7143,66.09645783148359
7144,48.742494576033735
7145,75.19303959343769
7146,23.436648153332317
7147,38.83335457218527
7148,7.351273895590948
7149,36.6797508160855
7150,76.30703611214076
7151,99.97567656281319
7152,6.160254162450151
7153,87.51748938063812
7154,61.31413249829394
7155,91.59185345456993
7156,52.049318115686305
7157,41.13981443846956
7158,27.028940404754355
7159,46.0396389422055
7160,12.763982485253688
7161,78.94228242575007
7162,10.170175629904232
7163,74.31669960074146
7164,47.53435172458974
7165,34.63474512894459
7166,19.234525639635702
7167,17.64066262577494
7168,34.1238036108933
7169,34.995695536396234
7170,25.708414863275365
7171,5.018000501828201
7172,95.71800547041644
7173,84.75989999270098
7174,19.87456738581612
7175,2.8330699270970205
7176,52.141141294833645
7177,10.941715911982708
7178,80.33183114201695
7179,16.8816812891465
7180,96.96751817672326
7181,46.50384585707148
7182,82.15559086837976
7183,0.8372150957442037
7184,80.79001995477174
7185,32.023934296525915
7186,17.020629901434546
7187,75.0896829283525
7188,28.216845241145293
7189,47.303157688367904
7190,66.54465207962974
7191,71.6097768711219
7192,79.34908664918524
7193,36.377430545199196
7194,26.916921762595425
7195,56.98499796005662
7196,93.75801351845962
7197,11.081506747312353
7198,81.62119211533523
7199,45.91644823728303
7200,3.937797789868014
7201,78.476668587215
7202,73.39695511423297
7203,52.3573194318843
7204,83.00802423710087
7205,13.01716038763101
7206,88.45944132019274
7207,91.25185651306357
7208,78.06233430784133
7209,79.7838069130169
7210,10.237022177287214
7211,74.9329467246917
7212,18.313644236837057
7213,90.34859915185527
7214,92.55868763503886
7215,10.548438874140565
7216,70.13165248492487
7217,50.48552357446484
7218,80.17035220852097
7219,37.31609884085846
7220,59.05730182561471
7221,67.89493692973437
7222,19.832782702679953
7223,95.3543338805558
7224,94.88512577532822
7225,54.67328722827375
7226,67.46863599010983
7227,54.43452317634965
7228,36.436930288367606
7229,50.211628363162376
7230,10.28283873756789
7231,9.370706820043006
7232,44.211779355240196
7233,23.587620335957926
7234,35.88449348323033
7235,74.51938059905197
7236,76.10666172291289
7237,69.99993776878698
7238,47.60996140295286
7239,22.814853037827454
7240,5.002851155025089
7241,46.65170446647178
7242,29.09098811324614
7243,48.66228372762511
7244,28.610911177723597
7245,44.270185030001215
7246,62.652938312024055
7247,93.113327837159
7248,86.81636966581334
7249,70.5553350443594
7250,71.99751815498672
7251,79.76023030841117
7252,30.357828696607914
7253,70.26057273777955
7254,50.08065244584658
7255,62.302420454762405
7256,70.86277164977743
7257,55.1890462300103
7258,25.657146032648793
7259,67.67350408736829
7260,49.96757471995005
7261,17.045741946801574
7262,46.689265827111115
7263,47.743814890467974
7264,94.62022676062172
7265,13.290765330585074
7266,77.77105699109057
7267,94.90294265572817
7268,28.031063874784635
7269,22.674248116605867
7270,73.45283258588057
7271,55.14536260902278
7272,83.61631687575317
7273,60.19736480133545
7274,64.07811533447716
7275,70.91032306166693
7276,6.928476318928567
7277,87.55444476494465
7278,37.606587944078804
7279,37.71432185059497
7280,83.3735979187996
7281,50.818454089592436
7282,19.028942279005335
7283,77.87308168915278
7284,50.835963274217036
7285,14.841385176677457
7286,87.11941162457069
7287,79.74098996870313
7288,58.33442086916503
7289,58.47568951370297
7290,44.26214316299668
7291,37.455567462192306
7292,84.98944623115456
7293,42.74152955535152
7294,7.880499550490782
7295,72.08113364322274
7296,25.806527256872556
7297,6.93433306484369
7298,74.86701675757537
7299,31.577483791283832
7300,57.3177462894646
7301,33.572538361612416
7302,28.699300177371178
7303,87.75969720384924
7304,11.92218702893969
7305,45.69242837651709
7306,59.948341140175934
7307,72.21210891010395
7308,66.34096089641977
7309,38.629931197381794
7310,27.960320699899498
7311,18.38839051735074
7312,93.50476270992299
7313,72.90649597815867
7314,0.07640640878999738
7315,12.283207375406935
7316,52.239269823356395
7317,90.87426796054793
7318,8.567910501413056
7319,6.674669389577548
7320,33.259579636371825
7321,30.914268790865563
7322,45.500344516183475
7323,1.6581019764725813
7324,56.26946380989306
7325,17.68044618950958
7326,25.827935925727065
7327,3.2686119150960535
7328,85.49712589808217
7329,52.73244038668366
7330,31.543865920430758
7331,82.34977138071977
7332,73.94401956082608
7333,2.6723755199672627
7334,8.190610117967868
7335,43.897755547934814
7336,58.796463863259895
7337,90.5757200250957
7338,24.607572120846132
7339,95.43176443088454
7340,89.80316975762675
7341,81.62079025573625
7342,58.39130191549017
7343,64.68826560545409
7344,59.65459153533651
7345,40.10590770918184
7346,18.18588499053506
7347,7.0232367458354705
7348,13.391201662536112
7349,32.2075977267785
7350,85.2388344813349
7351,92.14178477035192
7352,50.701912844627174
7353,53.736346267857456
7354,33.806436076347744
7355,3.3265197849583594
7356,42.11821020496336
7357,93.03778921606387
7358,40.963373541680205
7359,65.81862712362339
7360,29.947138682514275
7361,65.41337669599304
7362,21.6085101832185
7363,35.40557947596289
7364,98.98412076208265
7365,47.712375526278684
7366,94.27566044124369
7367,51.83667442077967
7368,41.061948563812535
7369,89.25934670102481
7370,37.25597971399735
7371,58.51547300715227
7372,1.0449460664283539
7373,87.48352265489704
7374,91.71450434709469
7375,25.5773131051207
7376,21.157146429992135
7377,53.89486784771892
7378,87.2380600254508
7379,17.794152285080667
7380,13.560502371005533
7381,87.97146514730201
7382,23.28248962274565
7383,78.2643650024499
7384,43.193647378838996
7385,81.83113611197618
7386,65.19632845130138
7387,11.01338148312303
7388,67.01204790695333
7389,28.549603835748105
7390,50.18828245127038
7391,93.5472380666206
7392,72.77034448086809
7393,30.203532997578243
7394,27.78764951221744
7395,96.88887897697387
7396,18.601548944848854
7397,93.38460214240783
7398,19.094888440421855
7399,84.8615772951697
7400,55.21277355964739
7401,9.287949461127543
7402,21.315748020146728
7403,73.46886579525844
7404,66.7639188850313
7405,39.22324378370151
7406,19.71205288926875
7407,68.72148795607282
7408,91.71813693734573
7409,9.756489869696194
7410,76.91224917025069
7411,88.65319927912759
7412,61.275288475180155
7413,18.964523326345095
7414,34.88876420091859
7415,33.12690520060726
7416,46.257633535853074
7417,98.29779582785119
7418,97.69655005962491
7419,9.076259409644017
7420,55.39536422575176
7421,7.244628814074061
7422,53.50940681740326
7423,81.2760878964365
7424,88.62557338657165
7425,97.65430490485394
7426,10.785160341980227
7427,54.56847504362793
7428,29.05826445459636
7429,47.06869457547236
7430,74.36002716935873
7431,9.53650628710273
7432,4.122959109164192
7433,51.64174968425014
7434,96.58866719134608
7435,32.35511839033518
7436,88.92572848434543
7437,45.175548317629556
7438,65.0092981467021
7439,19.14923527568153
7440,91.66189912040873
7441,41.564637241462584
7442,88.72911326264376
7443,32.16411042193016
7444,66.31900965190461
7445,65.31601916664138
7446,58.05668568867407
7447,15.747696282009594
7448,56.6408677859065
7449,90.7216756608808
7450,77.3424207617271
7451,74.6108319621513
7452,25.500275469826427
7453,29.90236624860747
7454,16.13336072209809
7455,61.86430598771404
7456,93.3932261096257
7457,79.83966417437063
7458,34.291046631930776
7459,38.854920714605946
7460,91.29841664401258
7461,19.448417453491672
7462,38.9152960355505
7463,46.858279127565616
7464,54.126696126076425
7465,57.78020775421583
7466,15.278485703776035
7467,73.83330362762
7468,92.11294349981036
7469,34.58480716180389
7470,17.41450661087892
7471,29.881399585368897
7472,3.3780852031153774
7473,84.27310480196404
7474,51.06271503749847
7475,31.12540495245978
7476,57.677646346204845
7477,42.178300719379536
7478,45.48387908591827
7479,8.26711363210324
7480,25.720457095466752
7481,44.6070985526347
7482,91.48974441898451
7483,17.860868761358816
7484,53.95574297537906
7485,46.2389488809653
7486,8.84391066319019
7487,24.964756829450874
7488,0.8646410439508201
7489,60.68070510241189
7490,9.798305678729013
7491,24.67863995722611
7492,41.64484006811908
7493,62.35891394028796
7494,4.114277725578952
7495,59.75453328716477
7496,37.331562199973234
7497,68.98204565553307
7498,51.59563152365774
7499,19.03994479283201
7500,35.92742890526998
7501,30.014925998412924
7502,8.934095591778224
7503,92.64081358165754
7504,39.14951366373969
7505,12.957976201781761
7506,16.142410685540163
7507,54.10032842826597
7508,84.89050022145337
7509,44.50084062704517
7510,58.02995480133306
7511,65.98727886983457
7512,36.336590704285456
7513,90.9401517155268
7514,87.7032755858758
7515,42.28869605786305
7516,94.88308129033858
7517,45.08509414774268
7518,44.36515822020871
7519,22.0764332291385
7520,45.3193518013661
7521,98.85175561974745
7522,16.99347148145989
7523,11.173802613004813
7524,39.409064745855574
7525,95.39746113179429
7526,6.557975964505925
7527,88.06414348888593
7528,83.84493809023084
7529,79.32492217784464
7530,37.70309231732358
7531,60.01117550410358
7532,38.76458314102143
7533,49.21975307971862
7534,26.402048725844452
7535,48.5418107023186
7536,71.86234670492519
7537,55.89023825921235
7538,91.71806424360753
7539,23.120412474700668
7540,24.100896443563656
7541,33.49974929597279
7542,60.487061476331505
7543,6.240354512901936
7544,98.99660411476161
7545,73.48120203657446
7546,1.2470661800367489
7547,74.81622254649953
7548,55.147981299636974
7549,69.17509216417014
7550,97.0480264536538
7551,75.87777879433332
7552,86.68349287518812
7553,7.512148126268148
7554,9.157410949788336
7555,19.712571134533984
7556,63.15456295619243
7557,9.835127519237673
7558,95.01789497156037
7559,37.02939834136014
7560,72.07508846302534
7561,55.17969809205443
7562,54.708537521449166
7563,7.986856942853593
7564,8.498669980699603
7565,45.98807988944468
7566,93.43960663103044
7567,70.85818834053504
7568,66.57897119367597
7569,13.076742871198821
7570,53.69564760380897
7571,9.001641007664919
7572,23.382382994605123
7573,88.56597107284398
7574,12.842173986038773
7575,64.95551007352802
7576,87.70841735774754
7577,17.832025956638965
7578,95.77966381538911
7579,52.54727635576414
7580,30.392147094096067
7581,99.65435484702542
7582,33.649743045645586
7583,92.64544869895654
7584,16.39791073552305
7585,57.4948746494462
7586,91.49085246399919
7587,90.10819893594147
7588,30.187924429872616
7589,2.393030422247111
7590,16.329821114613118
7591,6.844918653396448
7592,55.255245359713236
7593,63.98546816598672
7594,63.919450182911
7595,26.84378191519231
7596,81.69733118587237
7597,42.044041930112975
7598,49.22182319891167
7599,38.068555803115935
7600,89.51178550483748
7601,28.890880029780842
7602,28.742179896301366
7603,98.65533662016203
7604,32.36830505620214
7605,26.13403091934795
7606,32.86357139579103
7607,89.37345937928092
7608,4.403796664002435
7609,73.33380075468865
7610,39.37186811586211
7611,53.918265745101856
7612,64.108900129986
7613,30.847565628776707
7614,56.52731247239574
7615,85.7665159650159
7616,14.961560573189104
7617,92.14475537021096
7618,83.27244811705395
7619,16.886378384452893
7620,9.009213273903448
7621,57.332176848193875
7622,10.244330653863232
7623,62.09558999840318
7624,35.81188443282889
7625,92.7415482873758
7626,96.8875226998961
7627,89.70088055631273
7628,42.02524218432026
7629,73.67397407186547
7630,10.22513075600141
7631,87.86923467648164
7632,61.034186585298876
7633,67.99196703266048
7634,56.04791844071065
7635,0.8827128745571011
7636,42.64741419105149
7637,36.09067667883264
7638,23.848799900901195
7639,65.82731324175444
7640,54.766759527583574
7641,85.00107506935032
7642,96.90793792103109
7643,8.259891394040974
7644,40.86141146253601
7645,4.386620790288975
7646,87.86800863978515
7647,83.44951762982984
7648,44.469688739344384
7649,42.08154218423745
7650,18.762129782052984
7651,6.492352834199854
7652,38.477452121351355
7653,50.17995224304907
7654,76.25896155384343
7655,81.13672181993734
7656,63.41885344759135
7657,8.68481626702675
7658,55.560778704634
7659,68.39461461140971
7660,32.95134870613124
7661,8.446208078483576
7662,43.65106376461127
7663,78.12726330534043
7664,22.953893547513303
7665,61.78699789879848
7666,76.26993878352904
7667,10.977128118437207
7668,45.752994037809415
7669,35.419501645371774
7670,54.76388795260255
7671,87.47677169870359
7672,96.1721371559626
7673,57.04870267959349
7674,33.07567891035612
7675,15.78098779938506
7676,47.24911553697512
7677,67.97562838807978
7678,97.46320990078439
7679,50.696232180839985
7680,11.24928761985352
7681,2.749139189716332
7682,83.42380875519368
7683,95.72425973636356
7684,17.18534688886718
7685,51.42139832124462
7686,63.81467910125356
7687,1.768563846408855
7688,76.22967212473083
7689,19.068529286409365
7690,15.61069692565572
7691,1.0449353051480426
7692,67.43701247413601
7693,69.02109077007556
7694,29.175713548719717
7695,64.70617224820016
7696,60.96539853798967
7697,39.93447327166679
7698,11.272983866167541
7699,75.8782796081945
7700,72.28418796396966
7701,73.90431510609375
7702,3.482277010705559
7703,37.40494692425506
7704,98.1906425143611
7705,81.73868689130461
7706,38.435619129937535
7707,40.94105587272801
7708,14.207979883035415
7709,95.23853308840054
7710,93.93719499875802
7711,71.80683665031373
7712,36.3142763878838
7713,32.04692319298991
7714,49.2270884645998
7715,75.62933650829828
7716,29.199977146323164
7717,27.38508220990822
7718,39.617740039569114
7719,24.099295935093103
7720,67.95480915361976
7721,84.78549823020225
7722,48.55261499166124
7723,36.05072390152774
7724,99.22647285341975
7725,0.6423741274296457
7726,59.35339452509177
7727,90.54254698711749
7728,51.85367714255518
7729,22.906059773091336
7730,71.28938555745299
7731,75.54206626086398
7732,22.019261491753994
7733,40.06467539283843
7734,16.738933189395254
7735,21.120862529438313
7736,64.05411059989983
7737,24.871121005685872
7738,49.19992349419955
7739,41.22666221830379
7740,27.012609694089463
7741,76.73362407360298
7742,98.32988416487999
7743,59.93651650981442
7744,91.38449603540253
7745,53.510050099299214
7746,43.882691978920796
7747,6.558335038253005
7748,19.3389736107625
7749,42.98883210929164
7750,58.0735711984476
7751,36.784012656315234
7752,5.64089666326586
7753,89.39471658992422
7754,43.54408702210066
7755,5.73115499001422
7756,8.984003955437336
7757,88.87632770398747
7758,80.15480726992973
7759,51.231775573423185
7760,68.58187286533737
7761,57.36331459805232
7762,60.113909160163125
7763,69.87294865708557
7764,42.46643321973562
7765,23.490639603801178
7766,32.27326963158117
7767,10.11144919719078
7768,3.401286169564699
7769,82.55020724326302
7770,85.22439261066656
7771,20.340543072247087
7772,55.40806465389308
7773,48.200443454860334
7774,53.215949480291194
7775,0.56834629717889
7776,54.878284516448396
7777,23.071507480094322
7778,98.26727592314552
7779,27.73175791592555
7780,89.06253196970475
7781,39.045873292378495
7782,71.69803169281947
7783,44.273517880854094
7784,86.86944232463439
7785,86.04610056482757
7786,8.108140295243981
7787,47.64301486478825
7788,53.96286129308767
7789,18.454145613161522
7790,48.388499675164844
7791,30.273371455431985
7792,30.678620604247918
7793,35.82744691333455
7794,62.95813638833706
7795,88.28015930568134
7796,19.427860096971905
7797,31.027811550658924
7798,3.2988166676768294
7799,22.15217123716522
7800,30.716062069668638
7801,52.00633236980329
7802,30.44045668517684
7803,20.881695629742346
7804,66.9386238137823
7805,43.33461617023655
7806,55.65116018886662
7807,19.950735578585764
7808,98.81005497977748
7809,95.54098466867175
7810,58.28080656018897
7811,69.97476847398406
7812,8.924564575870964
7813,21.57193513455923
7814,19.032100049655988
7815,79.20998433448581
7816,74.30493647314186
7817,31.21210752062744
7818,38.394619928111375
7819,94.09075092497739
7820,2.1713005828387644
7821,8.116066900646068
7822,5.999738856066661
7823,0.26772302018114313
7824,49.72377593124553
7825,52.70686796658111
7826,39.34661261764312
7827,42.33221012900983
7828,31.625163269419467
7829,35.648507975779594
7830,5.9968214275256
7831,58.286640296385606
7832,26.667306071677466
7833,63.54972131728114
7834,91.36558564366798
7835,98.76588210246466
7836,52.328362116434924
7837,47.174059371667276
7838,99.82879765843118
7839,34.61381200388435
7840,65.54743592018144
7841,87.4727864989712
7842,59.36917420688298
7843,87.43272587658007
7844,48.82375259163527
7845,78.95790806064458
7846,78.12898732299374
7847,53.03625315040031
7848,61.325236436211085
7849,75.72750037248743
7850,97.3425194625851
7851,33.58723487853184
7852,59.72044378840394
7853,83.77847538490015
7854,22.833842681972893
7855,12.01400973884751
7856,8.442719543969456
7857,7.506848694128343
7858,39.258755772500876
7859,54.00255266604243
7860,75.637720813718
7861,3.021299977752856
7862,57.79825792273795
7863,65.31588804093595
7864,6.030796221614764
7865,66.95388117313861
7866,44.01846772406096
7867,76.22172884326673
7868,55.05052872150327
7869,67.98107304847733
7870,78.47235021966631
7871,45.275208186413884
7872,40.87154041037372
7873,79.49018839667501
7874,65.551524986667
7875,87.03588591305449
7876,99.5122065960872
7877,53.704392554540846
7878,96.80224470185101
7879,34.59467309773295
7880,75.52771296674136
7881,64.54682376740847
7882,12.528412356253416
7883,81.93475607617319
7884,3.210713851170266
7885,69.71638886234861
7886,78.5397652128119
7887,87.23388994737637
7888,43.64863378082555
7889,25.510299945381576
7890,6.740436977677666
7891,4.212231896346852
7892,94.30744416253498
7893,38.4260734938483
7894,65.44343542969953
7895,29.95724070763749
7896,49.431964820049664
7897,90.84058185897182
7898,3.1083281054436362
7899,87.92558571019583
7900,75.33310476830466
7901,58.000006004070514
7902,29.475304623086863
7903,17.71622165199236
7904,88.75631289653239
7905,97.83257459266319
7906,84.69771623198125
7907,81.0113005072008
7908,58.4381931587796
7909,66.17027034482082
7910,17.65813352182547
7911,66.05515029224038
7912,88.83996751534515
7913,92.81348961829164
7914,78.45542422479893
7915,12.649833186231074
7916,89.2778413591111
7917,27.866543482535388
7918,53.19172775529369
7919,81.66993729648333
7920,96.42097151129299
7921,45.09948499158438
7922,83.61041097950626
7923,92.89891224256371
7924,7.123406561263678
7925,23.864157465109948
7926,71.30366163709087
7927,88.50313210117028
7928,44.03138909942882
7929,10.948223519270893
7930,43.25611513106353
7931,6.763183600486899
7932,25.530042018517353
7933,58.59603919684048
7934,74.45922120239636
7935,65.66340637319485
7936,48.40427989155277
7937,12.278099990202307
7938,92.72494293439253
7939,77.11748011666421
7940,34.931213399278285
7941,74.31655120685058
7942,22.75547980627669
7943,38.57166941309686
7944,24.96132191811009
7945,57.651321722153526
7946,7.973482147954636
7947,20.168390096064893
7948,36.169739889052096
7949,1.7930588619215926
7950,19.078724993126052
7951,80.58747985503247
7952,77.5904891261812
7953,77.48509000144722
7954,99.46215974951544
7955,87.48423742373589
7956,61.10736451150417
7957,91.21066660432876
7958,78.97072259172876
7959,74.10329138046038
7960,40.85914625791081
7961,79.40722032034971
7962,86.60769436874384
7963,45.71407346710016
7964,19.530147726248583
7965,45.367644710449525
7966,61.02172767277536
7967,30.2496395391863
7968,69.89556669884666
7969,92.92902833635608
7970,6.729354178589686
7971,96.36678359964556
7972,94.05204231029546
7973,1.4476229147547093
7974,51.85193100511576
7975,52.45828369657174
7976,9.884038496871083
7977,97.69520931430023
7978,2.9075716186231615
7979,86.24541164819107
7980,93.73724427624785
7981,2.9676462655631286
7982,16.549704283156828
7983,13.01819329316688
7984,50.12305955781458
7985,78.29208876348713
7986,64.75800130162527
7987,31.222762893316137
7988,18.355233565305106
7989,52.170966765964764
7990,42.30938608893064
7991,71.57118987231858
7992,79.29186564097274
7993,69.13437457002108
7994,70.53516698923171
7995,9.097603627059547
7996,39.67838445191257
7997,79.62907464154615
7998,0.6716294775629406
7999,82.32270309136108
8000,34.22015107371147
8001,68.25998774164987
8002,91.58156095457356
8003,59.35257744610366
8004,22.380570343965513
8005,15.889088467272817
8006,36.348494555275835
8007,92.7375910647771
8008,84.37400016530408
8009,33.82784982677537
8010,0.8577917163119175
8011,82.09397857202875
8012,85.85080528454742
8013,9.101171616814607
8014,33.48438072392119
8015,84.23573969389474
8016,87.94470466891255
8017,99.64102545728667
8018,12.37250028450192
8019,87.144478779022
8020,33.142628723017
8021,59.49697662892556
8022,77.03125606927055
8023,30.234508042071628
8024,94.27857171913973
8025,73.00354917724891
8026,44.458577196990845
8027,63.74199347934714
8028,52.04246510488718
8029,24.832086683861434
8030,76.63369914325764
8031,59.5457333278229
8032,9.779096966249945
8033,69.9800260456979
8034,73.43136752151216
8035,9.191900761046124
8036,19.642635202483973
8037,69.94760301464049
8038,4.676827495211011
8039,68.15147295689042
8040,59.03327816877438
8041,93.80281389678939
8042,92.53512551095892
8043,74.21614751846653
8044,57.1166207142149
8045,27.368109441732734
8046,56.86996208653278
8047,89.24430879090774
8048,88.45617083901615
8049,93.15502801814371
8050,35.829179330081814
8051,64.53621554532766
8052,8.389575289554163
8053,42.811770585164744
8054,28.309992414529404
8055,19.80136457435978
8056,74.92122130771008
8057,7.36054159921199
8058,71.27721740520677
8059,71.99407122552766
8060,57.54803074815976
8061,45.904399497126455
8062,94.70869034228697
8063,88.14054739389388
8064,49.87990044237854
8065,29.717259429164123
8066,81.75915691833596
8067,81.58194717836145
8068,85.24902169054072
8069,4.360746847358932
8070,68.72509502133005
8071,68.64435590916675
8072,98.7107901829385
8073,73.0699396420929
8074,35.70633644996224
8075,43.33549402825532
8076,43.36909151532555
8077,95.01032348019916
8078,88.22878460564286
8079,4.8763392724039285
8080,1.8396062328221108
8081,66.05940165363353
8082,70.16925116040886
8083,55.937891062699144
8084,40.5479601530678
8085,98.79309469189175
8086,64.98072953392739
8087,16.938159458454148
8088,22.130536766267785
8089,77.70201615749185
8090,7.831647829857891
8091,79.15791884928049
8092,29.5544361270734
8093,10.130317916360054
8094,23.67267056134891
8095,9.431349483219309
8096,99.18254001077669
8097,31.054770320998117
8098,69.64092511825164
8099,69.23724281671124
8100,2.096505202540344
8101,57.80039421084491
8102,0.8786679215574744
8103,36.490942325524635
8104,47.71289983608682
8105,58.80533715972476
8106,72.49645748823906
8107,16.03347348224158
8108,6.4199297709214065
8109,14.77109574103741
8110,63.07365546925728
8111,75.44384536379987
8112,8.084998309320445
8113,0.6288752415443466
8114,11.826549908491234
8115,59.43671718829374
8116,2.3652400343299407
8117,48.07572291020313
8118,15.626130039712738
8119,91.73643488295372
8120,33.401786049983684
8121,20.230221764172775
8122,75.02662348055969
8123,74.22041645857604
8124,29.790517640092794
8125,84.3516002906618
8126,49.41371122263002
8127,43.01549762236914
8128,14.224418263941773
8129,76.73929505088213
8130,37.402037251921314
8131,73.98331393674349
8132,24.53039828714928
8133,25.099862572582598
8134,59.74364023650621
8135,86.1079572695596
8136,63.49476546464143
8137,73.48949467509405
8138,95.10570120966555
8139,82.89656889458074
8140,3.0214947430644346
8141,52.37250299041679
8142,7.711248229640477
8143,45.35388642989334
8144,37.751196728483436
8145,1.829117651106238
8146,78.8235074535193
8147,77.10830837458336
8148,82.44536697136911
8149,14.845243679362119
8150,44.660926152395966
8151,77.2230987022476
8152,97.60418542987428
8153,41.60270589301659
8154,28.324367502823144
8155,68.10365048315563
8156,95.42864731848469
8157,34.997458670574375
8158,69.98584035980761
8159,30.493894633801478
8160,66.295652802984
8161,42.39495516822779
8162,56.4261167012259
8163,30.167833225808472
8164,16.326651620396248
8165,2.2276796007586364
8166,59.03834368182984
8167,37.60954423040162
8168,69.26105585994387
8169,9.390676836876521
8170,74.79800874590009
8171,74.77827858939767
8172,39.41663782222241
8173,45.702455764090914
8174,98.0868620958916
8175,35.52874233581241
8176,23.248094144399545
8177,68.11796682965007
8178,97.44710032640705
8179,61.73253807868119
8180,22.56645827704611
8181,45.25354437884418
8182,48.72776933991341
8183,94.79609750538283
8184,84.19901910004303
8185,56.523456810743866
8186,51.434811748237095
8187,43.593323861904096
8188,29.18938041860991
8189,62.7881740524087
8190,62.67121518765727
8191,25.637225950017427
8192,17.501482293847126
8193,40.94920850239804
8194,36.51688705022686
8195,21.272805660919637
8196,49.49055774843229
8197,94.40814560725241
8198,53.95306624422545
8199,76.73886874754217
8200,68.28662384411597
8201,97.92665783443807
8202,6.900303892657355
8203,9.160496002826712
8204,35.7946910315016
8205,24.967561278653694
8206,77.5106338184047
8207,51.252369186797196
8208,4.1173755369463
8209,49.12807274175268
8210,10.837976852714949
8211,95.4984135361491
8212,71.46928073382641
8213,8.929838073764895
8214,47.236659120495695
8215,45.37280184018254
8216,94.61208981317277
8217,35.035254576955225
8218,69.08180989632784
8219,76.33543969472608
8220,14.270683285516162
8221,82.86474838279582
8222,34.36327628364965
8223,41.64718369202686
8224,1.4308456820468551
8225,84.52343451015697
8226,81.19080136824938
8227,60.22242120476151
8228,65.0044861556085
8229,81.0824305586983
8230,57.329104560562094
8231,99.42037739949672
8232,13.840620390221325
8233,32.66699406099666
8234,94.26758915502397
8235,88.13570917540389
8236,83.2512595447508
8237,83.34460389264996
8238,70.5241466432243
8239,92.72443170468041
8240,99.77958248668888
8241,81.96448556904122
8242,47.56958724751288
8243,91.64692590067405
8244,85.82718238084175
8245,84.11248358607226
8246,37.50280149669525
8247,38.21596666994736
8248,36.126135056238084
8249,33.95014653890335
8250,81.00286956299149
8251,98.7293848010659
8252,98.37912892734752
8253,48.21675858641805
8254,12.26445139369724
8255,14.681966758925268
8256,48.7403624845924
8257,0.24446801526041284
8258,8.339704969629725
8259,51.87107820466794
8260,67.06625190187289
8261,74.03641780699559
8262,91.74808974236363
8263,81.19495185868489
8264,8.082043493505708
8265,74.04071439685734
8266,65.06301984250554
8267,74.9751740872104
8268,14.608183287037757
8269,40.66868373120089
8270,94.48819952899849
8271,15.430678260984632
8272,22.56981237366493
8273,34.8964734578329
8274,88.45220892086712
8275,84.89991396451609
8276,98.95954752743201
8277,67.41173575883704
8278,48.97497507555714
8279,10.241605830536171
8280,13.539497907695775
8281,42.70395130251752
8282,63.882386379610956
8283,32.41507395339873
8284,89.98249001993919
8285,54.812909515800875
8286,17.25951514345021
8287,28.65427425313053
8288,88.0956931403378
8289,77.76643717964089
8290,39.622639534334326
8291,43.52794038329385
8292,66.14047906514298
8293,9.958724033351697
8294,61.001586516814974
8295,4.751558839814818
8296,13.996915579699342
8297,75.76176887425314
8298,45.30895136695543
8299,86.15116810019688
8300,25.843601777924484
8301,51.921444360418214
8302,5.155688924895174
8303,81.33109382672289
8304,58.03919860457082
8305,55.972863041776876
8306,33.919865136444095
8307,63.086080190307726
8308,31.098445803694442
8309,99.43116469967302
8310,21.101772373329762
8311,88.44312227509491
8312,24.926824825059857
8313,1.4298194835870248
8314,7.528564146835293
8315,58.808016908669536
8316,72.12855846916209
8317,66.20790112986995
8318,66.34843608355882
8319,46.66484340020468
8320,59.331099447743654
8321,7.623193132292105
8322,2.184042308737788
8323,91.28659209655837
8324,83.02964676641609
8325,36.02492734311704
8326,39.40062559695699
8327,97.60137631728905
8328,68.11790879045655
8329,96.59296833001683
8330,44.49079788483655
8331,47.14382697024138
8332,71.08041438958868
8333,99.57567384225626
8334,88.4918633634758
8335,7.833823060152234
8336,47.723718642266164
8337,54.42348273397659
8338,92.65737513738776
8339,34.88742173454907
8340,6.524531916537047
8341,57.48858806192838
8342,32.68491269413073
8343,59.69010554894405
8344,67.52131473765316
8345,89.69726673850477
8346,39.90978805019954
8347,45.3521263711781
8348,96.24610706956523
8349,61.635668354056726
8350,50.205066147776236
8351,20.843769521243193
8352,88.14402263241882
8353,75.57292850996828
8354,29.53211814431255
8355,48.049148968529245
8356,57.34862646029596
8357,8.18760268660441
8358,46.215319732867954
8359,29.29134168537647
8360,56.33950974163701
8361,55.42487777982109
8362,95.0213026698645
8363,93.4331708165485
8364,81.29350525403906
8365,14.94693434002331
8366,85.11144870985228
8367,41.14053690106374
8368,92.39673167471966
8369,56.19500198336943
8370,57.21315770640548
8371,59.382800017880264
8372,78.28032506512967
8373,83.62962065225744
8374,4.582919853129552
8375,49.15034833504714
8376,42.72809154228538
8377,86.3170881347255
8378,27.34221454172693
8379,33.69595869000064
8380,43.24959885801566
8381,61.58766926718593
8382,22.690324938232543
8383,7.592845954762217
8384,56.609946414535905
8385,96.4434496829922
8386,36.44192495282725
8387,70.49130796888747
8388,46.82634532736749
8389,91.71919759220005
8390,75.20722191803559
8391,66.12192172443142
8392,0.6602364924376825
8393,38.43395601797902
8394,42.38870583314236
8395,56.85559260091918
8396,38.1044422834938
8397,3.001449918202115
8398,52.715625871018304
8399,52.640793961747576
8400,23.775195105469905
8401,91.65950398160855
8402,73.27155638066402
8403,27.642909263794014
8404,96.83653661420061
8405,60.32667732976994
8406,93.77374708616688
8407,45.212665672960284
8408,47.127539904490924
8409,14.070697790621212
8410,54.26601472801321
8411,87.55028001095704
8412,86.06602321936833
8413,41.62230136703309
8414,51.66590374261436
8415,85.5745026058509
8416,61.391326130670166
8417,99.45513944647624
8418,41.279263117595654
8419,94.55551266072027
8420,36.16127280795832
8421,65.19683860565021
8422,60.055679538428244
8423,12.891281647442588
8424,36.7006165099458
8425,60.826105717699484
8426,65.47979979265062
8427,93.07656497661362
8428,56.43845100468653
8429,49.40845097201002
8430,89.21610398846958
8431,95.70698990197293
8432,25.061054810627503
8433,28.59548967714295
8434,82.71587378715964
8435,78.71708273313071
8436,31.095162644504136
8437,63.37640919061032
8438,80.29113948371675
8439,74.68383846349683
8440,96.56467598283783
8441,39.11375013011301
8442,85.66465370633264
8443,72.9703260798662
8444,51.58218152237946
8445,11.968941665327081
8446,17.669697763061542
8447,18.13363765246977
8448,30.73842062594713
8449,80.12222966517807
8450,51.79921761626007
8451,48.12369909476018
8452,82.9066035868491
8453,23.76152104638902
8454,36.78186695804069
8455,11.415112686388984
8456,58.334892000585036
8457,82.47026051633259
8458,87.52394361189246
8459,86.36871339071453
8460,46.92619435348983
8461,2.9456505051178805
8462,66.67960937398226
8463,69.24405428171777
8464,77.92568904618274
8465,25.219517753777964
8466,88.6768428321162
8467,93.53883637649676
8468,19.90127088548408
8469,78.32053790591242
8470,71.69652436271595
8471,27.450720595670898
8472,46.41407885900921
8473,82.95734913500036
8474,77.85940134400722
8475,62.905491055385184
8476,8.809808792740137
8477,67.25329604345636
8478,95.81831684643639
8479,71.39736389815458
8480,12.673882616298304
8481,45.04013416924503
8482,88.22345273201422
8483,70.45120532506797
8484,79.15017764292833
8485,77.03285587625689
8486,81.28615002174459
8487,39.948979005718485
8488,28.29643104896077
8489,13.29927112484669
8490,60.03924831530439
8491,19.529076965706615
8492,74.74154240737356
8493,99.79947888690558
8494,7.668577341623184
8495,80.13430873255759
8496,24.98642294429412
8497,52.08154918154023
8498,7.5767823074013645
8499,48.07516819140388
8500,40.208268949188586
8501,39.422102773421564
8502,49.68538384718878
8503,41.44019607661941
8504,96.14020216577212
8505,57.88300484772013
8506,30.260170910571937
8507,84.84132760797775
8508,29.792734915752572
8509,35.737839724965546
8510,11.004855210964992
8511,39.52237562664526
8512,20.814156303971345
8513,77.81413724139288
8514,39.525959517438004
8515,5.183823948206879
8516,11.221764953538049
8517,15.746780744325372
8518,9.870718560148461
8519,3.4841536231791093
8520,50.09708530081585
8521,8.91244216339756
8522,71.20457657584218
8523,43.182936534967276
8524,43.78997842979355
8525,41.9118273898392
8526,33.36490534788952
8527,18.03560753589458
8528,53.775843810270686
8529,41.33953417221872
8530,81.68640986252991
8531,20.84426531063275
8532,97.64247928011393
8533,85.39505662785606
8534,66.35932501026376
8535,76.46185807524316
8536,85.77559468902032
8537,83.85781801235856
8538,62.31465092024738
8539,2.864227950140219
8540,42.07532786489413
8541,45.8504516043187
8542,23.51359214383768
8543,4.687226458806015
8544,3.146331614286857
8545,1.8676854452796543
8546,80.16760774635505
8547,28.447092569997746
8548,6.86457185528041
8549,62.81405722298486
8550,44.95223983011534
8551,93.02523185445881
8552,26.72730846824225
8553,67.46594409438687
8554,45.757929469372904
8555,41.41305970028536
8556,14.326827457730806
8557,12.063263453888261
8558,28.136021584371974
8559,19.83171273476293
8560,67.59148765137232
8561,11.43833937302372
8562,21.399351369755326
8563,25.63265717400409
8564,32.99790856935595
8565,87.59380407352215
8566,10.574396858085834
8567,23.91605213162553
8568,74.65319916379059
8569,25.693178791847405
8570,26.17837077001246
8571,92.47150280570648
8572,79.97260154668294
8573,48.70467363857447
8574,89.64036828386986
8575,40.15735478585915
8576,65.56699894250858
8577,68.11875697570002
8578,73.2585833117306
8579,42.76461675197044
8580,92.67130925561509
8581,86.35264903255344
8582,0.7959644691161727
8583,8.52667586421404
8584,79.0580556129404
8585,1.953724356623876
8586,44.22078343795428
8587,17.377242151111318
8588,40.243559642948156
8589,44.59045161096763
8590,67.32919523761689
8591,65.04541199572932
8592,86.48879163804718
8593,72.82629574140556
8594,27.275732899040005
8595,9.907261494183551
8596,16.099077259792203
8597,63.22036407319693
8598,79.10583073291377
8599,21.414676612625062
8600,59.27908537458153
8601,20.530466007485735
8602,52.34630689077735
8603,88.58947945017273
8604,88.68814815299251
8605,31.49587940650498
8606,72.90869378641105
8607,95.23639014011172
8608,74.33623727043694
8609,19.81652421593307
8610,77.33415910031441
8611,96.41325088323475
8612,11.766317230679002
8613,0.44390987476002897
8614,23.964607990587318
8615,47.88612115582185
8616,52.99134341068479
8617,69.02645553408918
8618,79.07548173058466
8619,93.58429091932784
8620,31.461970901054602
8621,59.355034530895914
8622,23.61117558700132
8623,40.544547674560405
8624,45.59275151746528
8625,56.4693981919435
8626,10.886923651195401
8627,30.101845789550865
8628,88.29069406888698
8629,32.578668488039
8630,4.939516559911771
8631,60.586719343678475
8632,54.45174180647393
8633,77.54906484600376
8634,18.622728844194604
8635,33.581558793405655
8636,29.140002871178318
8637,4.447379366403426
8638,18.853230242834364
8639,42.15743269213939
8640,87.44775456611785
8641,14.258184371481775
8642,61.25761722545301
8643,77.81398390016213
8644,74.25538655749746
8645,93.3738533036566
8646,30.998799743880067
8647,17.537643686367666
8648,48.50142247759043
8649,65.03798378641055
8650,71.52924572192134
8651,7.391338731027252
8652,46.93863800708924
8653,11.600169583293418
8654,31.068027475914363
8655,85.02226702634046
8656,35.273070901822436
8657,23.495398876465345
8658,53.209443227257744
8659,92.28757462345156
8660,75.18557322217966
8661,96.83744997827314
8662,78.09175864086266
8663,85.59142381236076
8664,13.33630687670544
8665,44.77933280021941
8666,41.51554454333125
8667,97.90549951491094
8668,6.404409537827915
8669,29.839432772356023
8670,13.44639239913824
8671,9.670948322706696
8672,45.038077537076845
8673,91.2883250103603
8674,94.21114295197869
8675,26.924077080300147
8676,62.11950953987107
8677,55.57159788182437
8678,56.32397248804617
8679,66.78306894860103
8680,11.211339653402996
8681,55.17304626792456
8682,57.75099279485433
8683,58.732048013257966
8684,0.4511486904724915
8685,52.97688434255262
8686,61.87511871790097
8687,87.28712127641737
8688,74.31242627737421
8689,59.45473102867628
8690,60.7222428741376
8691,86.44193126710714
8692,50.83620476213282
8693,74.72820642054744
8694,15.119249103757692
8695,18.902542378631637
8696,44.68554552279929
8697,25.060384467334828
8698,19.33213785030805
8699,83.25591067389794
8700,51.084964774399744
8701,67.861349602391
8702,30.886046169672674
8703,5.1555255374650555
8704,76.0878515894262
8705,7.059897069702803
8706,22.655889295041575
8707,37.597664531968654
8708,78.61895938706607
8709,50.16427075412287
8710,80.59932983547442
8711,70.25387254180094
8712,79.50389359160073
8713,45.53967396169508
8714,17.28102741956896
8715,79.5304540008655
8716,3.7983383692542505
8717,85.36349987755779
8718,37.97865594030164
8719,25.084917543494043
8720,51.43929253628926
8721,6.3835646538458635
8722,12.61669238787395
8723,10.58651193653698
8724,88.12668080370005
8725,32.087599287064116
8726,22.87902094345243
8727,43.46961817582036
8728,48.46509297750588
8729,34.16687005628257
8730,44.431811110861695
8731,56.82402520004638
8732,87.45497428862517
8733,29.200195170044886
8734,57.965049284167726
8735,23.938004041465266
8736,16.641215626798445
8737,36.680655433554364
8738,15.50049170760872
8739,59.60606043880992
8740,35.24555018484696
8741,38.5175029988788
8742,39.91551009906914
8743,68.14823502266648
8744,30.651126061596866
8745,36.23552697647404
8746,26.23383363366807
8747,68.6558662828168
8748,95.97604542161363
8749,1.5956227152403302
8750,65.75669548122616
8751,43.09143834107463
8752,62.63736396213206
8753,16.60024857846856
8754,80.01797441608694
8755,49.49131484437641
8756,81.23876823291506
8757,52.0484451673252
8758,69.84924612168511
8759,10.61209331628481
8760,18.365705562585198
8761,25.65727927286815
8762,62.16087412537399
8763,97.10450133674568
8764,77.24713544341787
8765,88.66347251271438
8766,2.5913953975010506
8767,6.062875497730003
8768,44.11617713055056
8769,84.81420171143672
8770,51.371495037852235
8771,38.07324222047493
8772,66.32546686363541
8773,9.974886304908138
8774,18.907459996348486
8775,58.30313059992247
8776,6.020423249301398
8777,26.981524541085523
8778,85.48829447440731
8779,24.853663550536208
8780,29.714563411994664
8781,85.07944076302424
8782,94.12439455495561
8783,50.1253158343306
8784,74.6442350405624
8785,15.838096525462609
8786,45.37407070913064
8787,92.80535327512177
8788,13.310379211394263
8789,54.04656347387645
8790,26.666934882165194
8791,21.312561536156004
8792,48.64274296194176
8793,47.08013617348649
8794,48.79071725460044
8795,78.97300221034968
8796,47.85748974967438
8797,75.4187984010669
8798,82.92967658747818
8799,2.8602911721021806
8800,94.77882786275046
8801,70.08631110713736
8802,69.84742914615303
8803,14.324316657553283
8804,9.284205534611845
8805,67.9502732004647
8806,84.58350369673813
8807,45.51325135527905
8808,20.377941090674877
8809,70.66970331739243
8810,64.0703981517036
8811,89.05035571903834
8812,8.718673115464327
8813,23.524592875227277
8814,70.3721779583584
8815,48.39705692717725
8816,61.443906084625574
8817,62.146314259373
8818,82.02968379223354
8819,33.106080930012396
8820,51.91069644833595
8821,2.6280519701445515
8822,75.54337899266118
8823,50.14054886747933
8824,96.1080109972016
8825,17.885499687176143
8826,62.827577296237926
8827,31.25659070955722
8828,94.6664714904692
8829,53.08407864881184
8830,19.01295229843962
8831,29.32145007145631
8832,49.565180911690746
8833,26.590221708133775
8834,66.61910818305671
8835,84.2529091942542
8836,16.718938603688027
8837,51.03361415885841
8838,90.43198488962742
8839,80.47445198667184
8840,4.27407775965829
8841,83.54460840309595
8842,32.73876197877961
8843,14.838162854120739
8844,92.74555333388587
8845,40.985549218925996
8846,98.7336338648581
8847,47.5495604233412
8848,73.74405358679883
8849,9.005829768196705
8850,18.596076241448646
8851,84.80624258782296
8852,14.117774152271522
8853,84.05215996338225
8854,81.83767871064343
8855,95.11304748563353
8856,67.12658206782042
8857,5.707849697870349
8858,73.80015818036085
8859,73.3071522171264
8860,65.14012084466678
8861,57.290448793945444
8862,49.68858394990592
8863,83.09917788641098
8864,69.90585369373453
8865,67.29411408765012
8866,92.47759031960618
8867,1.8112329173423092
8868,13.627700687805222
8869,29.057464583915284
8870,18.340414890842148
8871,26.61404820642952
8872,75.63439460103723
8873,93.29471873007674
8874,56.03600396970746
8875,41.1573161979794
8876,12.09280273309642
8877,58.927561889718994
8878,84.82009889162619
8879,32.490149266644345
8880,72.87747572619766
8881,62.98407622078314
8882,78.12370342558295
8883,50.80232943935212
8884,73.2841171052464
8885,82.11259815966596
8886,4.9900146460656
8887,6.289030962261011
8888,30.492403649134005
8889,15.087802271024586
8890,69.85855436855681
8891,88.5232571657959
8892,84.06344448344126
8893,5.892750255501522
8894,31.308067739267287
8895,22.366914067437214
8896,83.77197188142993
8897,1.3918938010449522
8898,34.918865334345426
8899,11.281534387582825
8900,88.3179598404087
8901,47.3859059135074
8902,23.860689796061575
8903,84.89940774143012
8904,6.4660395565597
8905,17.625246811425598
8906,16.64576952871455
8907,54.652016468490025
8908,41.492495635928016
8909,46.349778646306305
8910,45.63735405877248
8911,12.63422572188957
8912,63.46015856851604
8913,99.19956706541772
8914,3.0210360780772882
8915,0.5168574929217407
8916,8.750283684906822
8917,85.73153311428443
8918,32.84533263075684
8919,33.388461046478355
8920,21.521078785955595
8921,20.667866953719226
8922,25.258868617500507
8923,29.929252785926984
8924,51.81273481914347
8925,50.27863017276979
8926,41.24517470991304
8927,30.408179279373428
8928,26.623500455994698
8929,76.08207807170864
8930,9.263454256449355
8931,60.191044027207056
8932,33.3588457409589
8933,82.85738973937869
8934,49.905027630100996
8935,93.86929936683175
8936,14.810325543909054
8937,19.150167113822036
8938,23.294409312282514
8939,58.12096295100522
8940,49.048490568674275
8941,27.538787899778615
8942,90.617034201453
8943,47.779512861997574
8944,20.874438376676597
8945,66.0260781417296
8946,4.046740573759678
8947,65.19746224558192
8948,5.044337656151454
8949,84.96462848722459
8950,47.12811958551133
8951,39.03533867063648
8952,46.80476525613887
8953,5.7165840226692355
8954,49.58676022639873
8955,3.23922661217666
8956,60.82082584409585
8957,24.98606350152309
8958,98.30185461491551
8959,61.37184634633758
8960,43.988174802261305
8961,18.361222771627872
8962,57.318278495348395
8963,11.898462061333504
8964,94.811312210894
8965,8.509652101193
8966,33.20560632918115
8967,61.095584132758184
8968,89.17873005465678
8969,67.93241270521571
8970,58.57671577679859
8971,36.42643130862934
8972,57.515055512857494
8973,33.93910139423183
8974,63.57579428880933
8975,21.260748345474155
8976,93.62187082795322
8977,56.760870781585616
8978,62.227370794913526
8979,15.873388427107727
8980,5.252265799601796
8981,46.039720408964705
8982,0.7827128844678066
8983,42.670348586748354
8984,72.7259684943858
8985,12.382996324552487
8986,83.995175512786
8987,75.23262150920124
8988,65.27449747609747
8989,47.141072207911805
8990,55.965836264976524
8991,81.44444340811857
8992,62.1094989792404
8993,83.40820640815852
8994,14.483651432055588
8995,16.54478608421873
8996,84.45923822889452
8997,12.251142201625509
8998,54.09787736528928
8999,31.5573332714705
9000,16.62216341417967
9001,51.61429615984168
9002,76.27174522170587
9003,3.396008097651959
9004,73.63696346886861
9005,71.57753570548185
9006,52.773245475010214
9007,84.14900943646946
9008,98.95462153905949
9009,45.98970917146637
9010,75.31265637752038
9011,16.12160033917166
9012,74.84524216885798
9013,51.962673137496665
9014,22.412799432693596
9015,43.413398282845186
9016,5.730196021707301
9017,49.14475952911186
9018,58.02676633230293
9019,84.89989991137392
9020,32.7437289801238
9021,31.026153388365806
9022,11.197135363665556
9023,77.35232342792705
9024,2.218595490425812
9025,43.139585173597936
9026,38.21113708939799
9027,53.32668612752425
9028,46.11435177981039
9029,73.40563221233708
9030,37.03409233531957
9031,14.038858046667125
9032,23.24334567381743
9033,95.0658130571439
9034,51.70177500337591
9035,8.310175726996228
9036,8.931458805130188
9037,46.096746090497355
9038,70.54826866521408
9039,4.552266096409685
9040,2.3314561514391374
9041,60.3618165506807
9042,92.7728671629057
9043,68.2683302273518
9044,21.568773169643073
9045,54.614153088995224
9046,74.08503733925295
9047,89.69756776999638
9048,89.82815796075549
9049,39.54481907782801
9050,87.93977357175335
9051,35.72891170404514
9052,32.23906125247813
9053,20.761387174459166
9054,82.2155603117233
9055,79.6975652969646
9056,47.10821072691373
9057,9.139946042261283
9058,77.3043908684898
9059,35.2783134504658
9060,3.640999701108083
9061,95.98481111357856
9062,72.77469142788352
9063,36.65665458226442
9064,0.2272568223838478
9065,90.80447584138773
9066,93.91830538670057
9067,4.084995201897257
9068,11.969550841815169
9069,88.17299545134334
9070,9.64401726911166
9071,91.9633680250711
9072,61.73827760856756
9073,29.848722633650404
9074,23.34533894075651
9075,20.249525318184325
9076,70.4578364592092
9077,6.036491272403444
9078,67.66105352518585
9079,9.288282831612872
9080,87.14906395613505
9081,7.168781040519933
9082,27.293407776367783
9083,28.28834564112972
9084,13.647450928077143
9085,71.84980699105552
9086,13.787158524484555
9087,81.89154948486132
9088,56.453516569952576
9089,76.64155360437867
9090,39.672076390985254
9091,86.70122743418455
9092,53.51793890961832
9093,87.4111997746524
9094,21.702343996075214
9095,91.07605877790212
9096,29.983835848919792
9097,98.0717045743229
9098,34.83191338937483
9099,45.93630671716681
9100,47.4347122001553
9101,20.003733585221184
9102,17.596657384323976
9103,98.05518749254752
9104,67.91364609435443
9105,81.50129258712111
9106,97.36845960730885
9107,64.03673074849817
9108,32.898438707027125
9109,91.32087769905701
9110,64.13949480305847
9111,30.154041821940925
9112,46.6473841079873
9113,11.542289482999168
9114,61.47045195365555
9115,78.0404546358521
9116,23.08848962127492
9117,34.48427800507893
9118,83.58106378378028
9119,99.68760069205996
9120,83.0572742442618
9121,91.4459960049534
9122,32.91604661741473
9123,74.58903703102044
9124,9.198538279817981
9125,95.09031342394742
9126,25.793825493010093
9127,45.71757913879534
9128,35.601099183422555
9129,79.23989597159554
9130,81.00099345321273
9131,85.43208292104197
9132,56.908051118396955
9133,22.343000882487317
9134,26.189856734112826
9135,92.28720693627386
9136,25.559774168122694
9137,33.31011156834946
9138,80.68470682726897
9139,24.531989988990443
9140,50.57005122055314
9141,39.821879554263575
9142,88.51327419855082
9143,74.78494781477991
9144,79.58712786431971
9145,27.31053095447884
9146,33.116021852481204
9147,22.64216265025657
9148,66.17969450238871
9149,32.625881031029735
9150,10.010530199352875
9151,66.19420470019948
9152,44.93660194555871
9153,6.853382816087206
9154,92.09896825563875
9155,46.7217066254362
9156,31.957583410094127
9157,4.142294884063247
9158,99.49125756835357
9159,23.23031302714712
9160,47.18864402667589
9161,23.741354462932364
9162,49.78568452913481
9163,57.0800449268868
9164,79.61052176778189
9165,28.218869703454164
9166,95.8611544519401
9167,10.964226019362444
9168,59.075142462260914
9169,51.94506091785247
9170,78.51472555385067
9171,29.943308182911423
9172,15.959193317712128
9173,94.85034573467833
9174,62.83967308181809
9175,88.08286325365393
9176,10.87226959044546
9177,8.703675877143468
9178,7.85321014462329
9179,95.27716190292755
9180,25.193465947947423
9181,2.500416367770375
9182,94.16213129302719
9183,4.98437819519496
9184,3.9051343032318164
9185,63.348432087424825
9186,43.05798035934988
9187,81.42597884910715
9188,92.7685681402332
9189,18.08352288467582
9190,93.61385116519028
9191,84.28024726176011
9192,23.528657958312326
9193,42.018068658511076
9194,65.11013027753728
9195,12.893530736751446
9196,3.2693051426903375
9197,40.15661015185089
9198,93.55116490347079
9199,51.13174934893955
9200,89.29425920631866
9201,69.84885209612956
9202,20.006000198152552
9203,47.82934421716012
9204,91.53838149998957
9205,28.97765160609348
9206,91.77051740116012
9207,82.17793383958892
9208,95.14789626640274
9209,44.72237802376139
9210,8.97245150665784
9211,96.78023377025934
9212,60.61100456470165
9213,73.20051718598667
9214,4.420543197876614
9215,98.88268109550037
9216,12.89181845645282
9217,72.0787958471389
9218,10.41830142782162
9219,58.077181007407596
9220,8.9269182140845
9221,85.30694257970175
9222,94.87188972015394
9223,38.86917833026106
9224,55.71309006523276
9225,93.99870769366117
9226,2.5657586973238833
9227,19.491842420019022
9228,34.798869028646315
9229,85.21798607528243
9230,3.2757450497954865
9231,47.21475873940866
9232,24.46116367894655
9233,87.18162037615002
9234,26.153586727263523
9235,39.553126441677364
9236,60.016303531632644
9237,80.62890397939815
9238,85.59029474049277
9239,59.093533008789834
9240,77.76074947525132
9241,11.73070875240465
9242,30.027272269549787
9243,46.673466943330745
9244,31.027453301672814
9245,67.30161018304855
9246,1.6018379801041482
9247,77.9509155797368
9248,48.54729607948987
9249,94.17825873927748
9250,17.21969286071626
9251,19.273640876379584
9252,84.17237170680585
9253,95.14599532470653
9254,92.74807736909459
9255,91.83158063058204
9256,33.83570317864852
9257,74.20572806622847
9258,45.89092039263025
9259,63.41623804559949
9260,0.6719204166467319
9261,50.252850733093766
9262,88.30873144651292
9263,25.092963523333722
9264,36.87922187280154
9265,76.95182662400893
9266,50.38778143233381
9267,38.825107627126386
9268,5.366975323138446
9269,45.769974731197195
9270,17.270913004732947
9271,94.75067061186058
9272,2.0611687346887675
9273,43.80670043144583
9274,82.7275140751406
9275,40.401618208230715
9276,38.866484230506536
9277,20.967470339896987
9278,65.65462611579363
9279,38.195042269409726
9280,47.13677501224919
9281,34.774364323373895
9282,72.01825169624605
9283,3.1500665158289087
9284,18.512672109376915
9285,12.8907097344783
9286,51.25052046492571
9287,40.180548863267326
9288,95.43363344939583
9289,47.3947271103916
9290,5.483394493208948
9291,33.42545858833611
9292,16.09437119743359
9293,14.04401633599054
9294,47.49225930818296
9295,0.20600196275882832
9296,41.188512239484766
9297,16.027603234753094
9298,66.96543136188848
9299,45.832151018846865
9300,16.51403349489081
9301,18.779084852869754
9302,23.86910467580875
9303,96.99008412756824
9304,16.733593021384152
9305,1.4756098955039376
9306,72.59290153226313
9307,44.457716619579266
9308,3.338757941921733
9309,4.990818692251963
9310,25.187341869832892
9311,17.547943517814957
9312,76.81912372551407
9313,20.572544419317694
9314,3.2188039196316187
9315,10.487787247609814
9316,49.10854739843177
9317,88.42299499652981
9318,94.96102296639982
9319,81.45261531422622
9320,58.68451673739629
9321,8.863667617935967
9322,74.72101177533742
9323,5.819525750219812
9324,33.73453246163171
9325,63.4271232400972
9326,44.674941796189785
9327,63.310048550790135
9328,46.23228818419095
9329,86.71748198302257
9330,87.56201440186211
9331,4.620658132923694
9332,79.81917733059916
9333,55.87978307787937
9334,42.146765846547105
9335,28.387825811020207
9336,46.29295935848948
9337,3.688949509780115
9338,36.99624270212018
9339,20.180969332578936
9340,17.98313353760691
9341,47.575381834966855
9342,78.84464509907883
9343,69.93698669504782
9344,52.95727180982255
9345,8.747944531864393
9346,98.08637042443576
9347,96.4618697551021
9348,27.10122305909173
9349,27.681641463515806
9350,40.72883467013957
9351,83.49289366674746
9352,36.36079317461972
9353,58.43182129764538
9354,33.404879769161745
9355,96.08294743685519
9356,39.379396564731415
9357,60.19203778489054
9358,38.12432597821501
9359,77.47672398764524
9360,43.40232504948974
9361,7.907929626305421
9362,38.25708988075651
9363,34.34514664209254
9364,43.45736621508324
9365,23.285899953403877
9366,37.18554738088802
9367,17.244342312311755
9368,19.955718434128478
9369,61.48375246364344
9370,73.98764403599823
9371,13.166382965890778
9372,8.740400601164854
9373,23.988265201617544
9374,3.7781989307099417
9375,67.55563585101163
9376,86.57240789894462
9377,33.57577711198251
9378,51.98320448963298
9379,79.03893291083726
9380,10.150032555467902
9381,86.06413852323705
9382,6.434230422049058
9383,97.57513481658575
9384,43.501090824379915
9385,67.18358347384884
9386,6.677476334126087
9387,90.56830996328259
9388,40.76792789384614
9389,21.301764328373995
9390,85.5513261271159
9391,60.1854556396352
9392,68.74858654837492
9393,18.245059721026458
9394,85.41735946667184
9395,82.09144118270648
9396,70.10413110192698
9397,9.963666173471042
9398,12.882373613704301
9399,27.205898491685897
9400,19.67012071556642
9401,65.79581949756556
9402,95.721735920445
9403,95.72643772082061
9404,69.39854458546037
9405,52.025401197555965
9406,29.423843658167527
9407,53.89611906441447
9408,55.529646157977616
9409,25.77476426151428
9410,20.223427769502745
9411,37.770165204381655
9412,26.82003262880075
9413,78.34895441515444
9414,55.64055250753762
9415,28.00789989711423
9416,0.5931689725380607
9417,11.323904812264573
9418,28.355602000108092
9419,70.97238813100785
9420,31.399080319125293
9421,5.35628600553022
9422,71.54575549142662
9423,50.31999744562572
9424,48.70296083682132
9425,45.10928132403982
9426,60.113916906094644
9427,4.399170637765493
9428,73.82699743753804
9429,16.754652270926506
9430,41.270610301285785
9431,33.674767874722036
9432,61.21428418384672
9433,26.29215445750659
9434,95.40288770945772
9435,73.97708106448917
9436,67.66736826359214
9437,80.69695295724847
9438,18.709984020847436
9439,77.42684942805442
9440,19.72517451095768
9441,26.674929750986742
9442,92.5899731962974
9443,69.16153287967074
9444,4.360912661185868
9445,85.52188838074674
9446,26.581964961659168
9447,75.35663874955142
9448,43.8678043262234
9449,92.12125325480281
9450,70.82084699023325
9451,75.061574285326
9452,73.81546580813414
9453,24.590532587640013
9454,15.389101556766017
9455,94.71167810902922
9456,58.5829753408979
9457,90.01424783834956
9458,48.5177713017649
9459,58.185270087424925
9460,74.37407142890035
9461,17.72038914895746
9462,57.534528287397826
9463,13.311690204103465
9464,70.49917231741313
9465,88.58694390467757
9466,13.61221291509941
9467,32.09281746146553
9468,63.59807146679886
9469,93.8367793206253
9470,50.11103992114761
9471,46.55354794203744
9472,71.23086390410911
9473,34.94346886965126
9474,68.06185214590498
9475,56.45904885263274
9476,90.42881344276444
9477,4.972540778446155
9478,12.483044024333111
9479,55.3110236012142
9480,54.55709528291565
9481,26.279354985249327
9482,63.74902334087913
9483,28.8475477618501
9484,20.813286845492453
9485,80.95216373207104
9486,71.2807726062442
9487,43.40582441489661
9488,95.69818644043899
9489,94.25851274452222
9490,23.41307463668891
9491,68.20000681495765
9492,4.652906715351879
9493,28.20122718318285
9494,42.6259419610877
9495,90.38555101850757
9496,61.69324301194538
9497,36.259155913868035
9498,45.36067229139395
9499,9.654386044857599
9500,27.85152034692482
9501,48.41925779551956
9502,61.51253973186597
9503,14.31232089627037
9504,96.75379420258014
9505,75.25351001308267
9506,31.239524209300605
9507,86.89483648113654
9508,0.5228494285601903
9509,7.828650107098922
9510,27.06960223930749
9511,45.34700051797056
9512,10.108099710573448
9513,64.37250672479664
9514,33.06329512967451
9515,46.490692136423796
9516,38.090046894975075
9517,89.14666956228535
9518,27.886456789267587
9519,3.746767469818968
9520,92.52947859162387
9521,7.44224946210087
9522,77.01855086902512
9523,55.34237198290797
9524,16.100683869122378
9525,2.998833703584991
9526,3.616662245072788
9527,27.188981683311287
9528,14.610919744359697
9529,43.033433853789326
9530,57.54974458530958
9531,57.370890293638595
9532,64.98419737328122
9533,95.49486501005781
9534,8.885496152652738
9535,14.364701827618298
9536,97.78093199627264
9537,51.50046848399318
9538,79.94686787567154
9539,76.23844053903007
9540,1.857647734224177
9541,63.20111166373936
9542,5.591274587515649
9543,78.43384044813216
9544,26.816902495683536
9545,43.22352332334163
9546,18.50570130661586
9547,34.96693004055824
9548,79.44900950703892
9549,30.31083967544481
9550,19.317570764011716
9551,97.43137243538078
9552,56.422595950813495
9553,81.71764993236292
9554,31.777329557929434
9555,75.81579577144258
9556,31.084980930409635
9557,78.91556396120679
9558,6.2812643042367995
9559,54.85003275954732
9560,20.578650613306372
9561,94.7825499592607
9562,41.71467213508411
9563,14.743901866757303
9564,22.244493976650347
9565,84.22519586927287
9566,97.66512381137356
9567,14.324804284593451
9568,35.72381728475421
9569,55.21958728614865
9570,26.948443238394415
9571,65.78211064268949
9572,87.99589221894284
9573,99.71547333610631
9574,81.84326680642016
9575,35.0637834619991
9576,43.60841510043837
9577,84.20140483493249
9578,56.16512149680841
9579,88.13922444681613
9580,44.35343546843659
9581,66.13136914587012
9582,85.7987788209271
9583,50.664677292651504
9584,69.75121006717224
9585,91.41735787250933
9586,81.38051022531307
9587,43.57545474517529
9588,35.66654803503716
9589,78.97601374756997
9590,88.9259064842572
9591,70.37525079550771
9592,12.11835861581373
9593,89.61903983241601
9594,96.76500506693402
9595,3.6292026717064996
9596,57.356476103729406
9597,63.061171050243935
9598,64.16935269817812
9599,68.79156992343165
9600,24.044086974478063
9601,12.86749493377063
9602,69.38078043283818
9603,64.9266928066565
9604,98.95844034722033
9605,21.662438366808058
9606,30.87285764774802
9607,13.513222406668469
9608,42.02315427527735
9609,63.70556730367871
9610,44.51012892934377
9611,91.28225448860826
9612,97.0446187685844
9613,13.703211198145171
9614,27.770870174538132
9615,61.79938918825235
9616,70.53137469536154
9617,68.72784654024285
9618,34.88533671458763
9619,9.251246312704708
9620,97.39007649385896
9621,7.707227788126103
9622,49.205448251880505
9623,80.6011319430944
9624,49.289616805114875
9625,25.38050578401324
9626,61.131874407541744
9627,21.588053708098663
9628,22.555656325387872
9629,35.62095613947316
9630,55.991954124535305
9631,90.92163876943856
9632,0.9129481512067716
9633,84.7563407772745
9634,17.828364760409553
9635,34.7446305244936
9636,91.31215829133481
9637,4.836199087435567
9638,22.784457972314463
9639,75.73532975227296
9640,70.554652817031
9641,91.2987795455731
9642,19.563223098022952
9643,17.799021012764204
9644,30.266070897971233
9645,82.28957656284727
9646,15.683712611238365
9647,15.845586992755067
9648,27.7589830512586
9649,1.902834894752492
9650,40.0368936636322
9651,30.45398449058271
9652,72.39293397689369
9653,2.6333881864079256
9654,40.301129670262334
9655,87.82875371999124
9656,15.384072188137077
9657,28.2287982966559
9658,20.596348991753345
9659,38.20702594093982
9660,97.8158949783506
9661,22.930135399547392
9662,47.91243003551884
9663,98.75922422978776
9664,72.99647474862645
9665,1.7626283770874718
9666,90.38609578795008
9667,48.57115235946411
9668,63.72222020694147
9669,31.31979324523908
9670,88.12125948056112
9671,83.86221030976517
9672,92.91882724802855
9673,85.41097733519504
9674,47.410589260601114
9675,67.07018558983802
9676,10.715307398655472
9677,9.329465773216405
9678,10.62335677673687
9679,75.27161106051258
9680,39.17009604927202
9681,28.171836895748925
9682,9.37804787116523
9683,90.27124872021555
9684,90.07874861462656
9685,79.7063332173481
9686,70.15766883719908
9687,5.341140078214146
9688,28.11243939159862
9689,95.44415264136099
9690,22.627127777816014
9691,20.97538198105959
9692,29.015332566471898
9693,68.70391458493488
9694,25.480359577590793
9695,67.65609265547096
9696,22.461408870866517
9697,78.1391027833376
9698,57.0130855093976
9699,45.80530083992594
9700,76.17207463170786
9701,51.50039652038208
9702,49.364703645204585
9703,65.18240238537707
9704,7.180946350881645
9705,72.40955889880668
9706,89.81309050143538
9707,63.44487936866108
9708,87.37655215376301
9709,66.9703316937799
9710,78.8458775133934
9711,35.77030891224948
9712,67.13394562013069
9713,70.18513873216794
9714,86.46530431132749
9715,64.88036689764542
9716,28.991763803103478
9717,98.27532833336832
9718,54.00616118964609
9719,1.2577578417274693
9720,62.5748212076071
9721,93.0956680013032
9722,72.36779642844664
9723,98.41558150641407
9724,71.2799429779762
9725,64.42013315573362
9726,11.298796601762751
9727,61.04100465360048
9728,42.94545824059692
9729,76.1174788426056
9730,18.227589182948588
9731,6.825850815722534
9732,81.91245522706258
9733,67.19334992751128
9734,97.25692452630061
9735,64.03796158908821
9736,10.878753933796059
9737,69.19161734686092
9738,32.36763293098116
9739,37.7567175477418
9740,67.62445925496733
9741,22.149989815513436
9742,46.4286640881309
9743,16.492420165650977
9744,56.59786416363567
9745,26.615225480478323
9746,55.34396405365053
9747,29.99875112159832
9748,98.40922152196224
9749,89.16340194455032
9750,79.29368089720008
9751,17.366119838733674
9752,61.76196482934435
9753,23.195327285331103
9754,84.07177814629155
9755,34.40316040278377
9756,91.44542072185385
9757,21.236093592412164
9758,31.135487626946468
9759,60.999647704148394
9760,28.715076727067967
9761,39.729703285980264
9762,2.5795856134783968
9763,83.84288534483875
9764,90.85268498654507
9765,52.022476855886055
9766,88.0360963603838
9767,96.58372592525114
9768,31.19866878351886
9769,81.551474838791
9770,60.428742019344526
9771,46.56069613523024
9772,39.20184058618133
9773,42.42982127269242
9774,43.94905736399991
9775,13.435732374663022
9776,93.75947635614976
9777,2.7012426556032643
9778,9.665434974016762
9779,24.76355019436065
9780,52.12632659090269
9781,89.27656208807987
9782,44.65156390542674
9783,44.177152965314406
9784,95.19011326263868
9785,31.592240175438015
9786,71.71363323373775
9787,67.66687938736106
9788,11.79651811738378
9789,19.689220714234366
9790,84.53573565618281
9791,27.70526540583632
9792,21.89115046130603
9793,34.61987957443545
9794,55.40607599543679
9795,29.45357825494034
9796,21.675980802120886
9797,39.51547913288253
9798,31.79315459061688
9799,80.89935553463246
9800,97.62895331317706
9801,46.21328410876079
9802,56.09434047312231
9803,89.15731041766307
9804,17.458696718580413
9805,20.21785848567934
9806,36.257482056643276
9807,73.27881323648398
9808,9.470356090057408
9809,12.101600988017392
9810,60.366098467126584
9811,45.069043138917856
9812,53.75372015639349
9813,78.85119122118317
9814,10.173737714026299
9815,21.00765952670558
9816,37.96066679257498
9817,1.0123045274793463
9818,6.981417787077437
9819,77.66334080834923
9820,91.22223388737454
9821,76.8647367939575
9822,3.222711422364122
9823,31.448353975521314
9824,28.830197487473864
9825,12.885100751117417
9826,69.60439700980665
9827,66.30062553058568
9828,64.73969677040584
9829,83.6064842137603
9830,59.62045322839399
9831,62.17113691941266
9832,6.55626929459594
9833,4.3029965206201055
9834,9.656387875652827
9835,83.45631136063713
9836,44.485654640274205
9837,18.023226208624443
9838,87.15260973192981
9839,13.012247256683729
9840,23.96773883285166
9841,61.87742160963429
9842,14.178401961201747
9843,57.44046944656023
9844,70.18444656586634
9845,81.85593838321617
9846,94.85103836551615
9847,11.320702739803268
9848,4.287238724139197
9849,10.23077694710457
9850,55.23307768175749
9851,53.97755815721583
9852,86.05650633255473
9853,53.99602100165166
9854,76.12300476680242
9855,58.62999617049979
9856,76.07496234636791
9857,69.39269071043647
9858,30.41793765738918
9859,85.94128274611073
9860,0.4087449237398233
9861,22.031645133409373
9862,47.89090980025175
9863,41.52818079794035
9864,36.04715674095102
9865,15.904809934783248
9866,74.86385836388766
9867,0.3392963246683367
9868,74.18205146393153
9869,57.27445488843003
9870,31.36700057895392
9871,5.328855860266923
9872,72.77320721297748
9873,37.388513723733276
9874,20.389616922515795
9875,32.792153120809594
9876,23.820872607011744
9877,43.859893848193764
9878,62.741579496136424
9879,21.956222789776024
9880,53.30841399656594
9881,5.192167243384505
9882,87.3530474722202
9883,67.28390266681458
9884,52.490026986260496
9885,91.98607590769016
9886,6.136930865803148
9887,6.012300734553233
9888,49.46134668785186
9889,8.884369010743342
9890,13.032818148521308
9891,45.366422829321806
9892,49.77508056415228
9893,93.6090364638637
9894,25.0479051287534
9895,88.92407220621061
9896,13.068341258827964
9897,9.972807015917706
9898,86.29305970071289
9899,48.89047477889184
9900,19.347831485308653
9901,80.87683285226277
9902,29.792097578582542
9903,20.171124726614643
9904,54.47869371655174
9905,71.51240452491622
9906,18.327600899202057
9907,19.91011761759762
9908,86.74126677071506
9909,43.17637456255291
9910,2.5599935642313554
9911,92.0323773680747
9912,95.32452267267116
9913,66.4176192758506
9914,39.098170142463864
9915,68.4970978222329
9916,9.033770600226354
9917,3.4917577021844504
9918,28.95963201758418
9919,13.452024601883284
9920,58.81076572126024
9921,12.566849041714189
9922,28.33452297798208
9923,92.37064411407147
9924,99.84197753263255
9925,28.17232100999586
9926,64.19068067344229
9927,10.705452472154263
9928,78.23646028807639
9929,54.948828762312715
9930,74.01974920494293
9931,34.28169389881347
9932,13.978978351704086
9933,2.3506144424967568
9934,39.733126296582896
9935,58.2006072246845
9936,64.92189298641595
9937,31.002075830090746
9938,52.451757889605474
9939,28.517525075373495
9940,95.54436357666991
9941,63.47239706773645
9942,10.060074982516287
9943,4.131335314577667
9944,92.95367671129033
9945,91.30765859049967
9946,54.450013070353855
9947,21.756700863631796
9948,24.32842481275972
9949,67.40981702612868
9950,43.837203258797274
9951,38.15095532773224
9952,28.44662161265902
9953,57.96015026160024
9954,33.436069681320426
9955,15.337362724539538
9956,99.8070070860703
9957,48.90780966141139
9958,12.77491117934314
9959,46.162259432709696
9960,86.92432625312162
9961,57.77578905557799
9962,57.90291145277017
9963,28.003846115145215
9964,37.68128477800475
9965,45.692938821581585
9966,37.772833957276454
9967,36.89792669124727
9968,8.26439274867271
9969,19.888081761446173
9970,55.95719620622259
9971,81.41048624266067
9972,37.71216159257173
9973,92.50665917699708
9974,62.36669319881116
9975,78.57467975553193
9976,63.19892481311064
9977,33.93711132364532
9978,69.5730168531387
9979,61.82806507571975
9980,58.969772088300196
9981,30.94669320483161
9982,30.613606694043526
9983,96.48394885933197
9984,43.7803325066614
9985,14.82083743335474
9986,99.07897421258932
9987,52.547202144743785
9988,23.858112977279443
9989,51.02278170448212
9990,11.819718404046286
9991,94.65656293539038
9992,45.127459663419636
9993,68.91402885626522
9994,68.62174975737015
9995,26.465007917226103
9996,48.792699364322445
9997,14.511705917958462
9998,26.91668698098837
9999,43.360915421116644
10000,62.19388073583498
