,0
0,2.3821861957151776e+37
1,4.0040055990542414e+36
2,1.1293090607917492e+38
3,1.2491344059844018e+48
4,2.2294715797682527e+48
5,2.2314075068330838e+46
6,3.5831480933148056e+48
7,4.1364335658239117e+49
8,1.4675882273605859e+36
9,4.868434072495535e+49
10,9.307157811806737e+45
11,9.036579235149595e+48
12,4.825903969845659e+48
13,1.353900745715501e+40
14,3.220247758048261e+42
15,1.435149802958806e+37
16,1.532062628605461e+48
17,3.0206954136355074e+48
18,1.1905627605041111e+45
19,2.4566921341780755e+38
20,1.62186854118977e+50
21,1.5203040034073097e+50
22,9.932519802041355e+40
23,2.199934561162687e+48
24,7.748880307520655e+45
25,6.930071796793803e+47
26,9.52186861339562e+44
27,5.229298076761671e+48
28,1.0540389102342864e+44
29,3.96566652104289e+48
30,1.2697136337875406e+39
31,7.640935534791064e+44
32,6.725536183602543e+48
33,1.3047968235612666e+48
34,5.962915946256628e+46
35,1.6121155931711578e+50
36,2.6307852475970345e+47
37,9.972003403989973e+45
38,4.8161483353150395e+48
39,4.836522833889219e+48
40,3.18700343676524e+49
41,1.4550187172306819e+50
42,3.3764564753597725e+36
43,5.716121761409972e+45
44,5.2567286559277355e+41
45,1.0596516811873382e+37
46,1.623553761748971e+50
47,1.380926967780499e+45
48,4.504377259164172e+49
49,5.613684695927964e+49
50,1.4263935888398783e+49
51,1.7329400452579051e+44
52,1.3477125325629397e+50
53,1.3343312461461235e+40
54,8.922310339923847e+48
55,7.70090420733283e+44
56,1.0140974705404486e+40
57,1.8849050415371402e+49
58,8.430257747464188e+41
59,2.279817706779445e+47
60,3.350455249852334e+38
61,1.920615937415497e+41
62,9.175073757944446e+46
63,9.659096919780633e+46
64,5.6184834874109165e+47
65,7.65986859062536e+48
66,3.754346170523617e+39
67,1.4366313459786186e+43
68,1.7793543839662434e+49
69,6.317072355488509e+36
70,4.522101242338579e+48
71,2.7672652928988698e+38
72,7.029479550881093e+49
73,4.972000595971327e+48
74,1.859788809557027e+41
75,5.648234005851423e+49
76,3.123215633847571e+43
77,8.270480790855764e+38
78,1.6499782418816976e+49
79,1.6191053719678125e+50
80,8.229906805731559e+48
81,1.2944206049054814e+50
82,9.67493362652283e+43
83,3.198467789333182e+40
84,4.28317484080514e+37
85,1.3157291672471427e+50
86,1.675078700892029e+39
87,2.811035794861944e+38
88,2.1969282598711195e+47
89,1.6046079644573378e+50
90,9.798540024642737e+44
91,6.24621256792985e+39
92,7.509737307532143e+49
93,2.7826548905977046e+49
94,8.391689021351435e+44
95,1.0801057268601964e+44
96,1.427694887028935e+38
97,1.833891248595146e+48
98,2.7481162587315737e+38
99,2.4293506272727513e+40
100,6.343871682183668e+40
101,1.2348300462388634e+49
102,1.1934651666401853e+50
103,7.696701769148601e+48
104,8.298422073412932e+49
105,7.451714790954656e+36
106,8.912378797016025e+48
107,1.9656111115897816e+44
108,4.939798784621845e+37
109,2.2543539108165204e+43
110,1.0254258303630452e+44
111,8.098071561493738e+47
112,1.6124242306578497e+50
113,1.942393339424288e+48
114,6.001255609083472e+47
115,5.831173749006672e+42
116,7.177796253240742e+48
117,1.5279459071320323e+50
118,1.6229121581107643e+50
119,1.766418728936383e+39
120,1.6925056195855896e+41
121,9.087657146571401e+48
122,1.0726182613597684e+46
123,7.704534788776144e+42
124,2.9447707022078657e+44
125,7.267833088545766e+48
126,3.710954497036106e+47
127,1.513724014740912e+50
128,4.6359416306286347e+39
129,4.159512210467033e+48
130,3.258513888513747e+38
131,2.0719054733551028e+44
132,4.477170720790024e+49
133,3.824198007689595e+48
134,2.7791618474313035e+49
135,9.138016721629208e+49
136,4.647007881979938e+47
137,6.682808656750581e+48
138,1.5750134829540267e+50
139,1.9852665123228794e+46
140,4.178520299129012e+49
141,3.844744738828479e+41
142,4.071908308547215e+47
143,1.6190256059773472e+50
144,1.9039586120476658e+37
145,1.6147855213455459e+50
146,2.6221525588683016e+48
147,7.331750464316982e+48
148,4.353518467577271e+41
149,1.3201970284879256e+47
150,1.891530646417109e+39
151,9.470871079376137e+41
152,2.2204182655900906e+36
153,3.40672800875832e+43
154,1.1776980327906296e+41
155,4.1183666487532995e+47
156,1.617699138221716e+50
157,1.3659463398912964e+50
158,3.724942502185672e+49
159,2.8027403859808787e+48
160,9.970289475931143e+48
161,2.00950457958408e+44
162,5.267278109201332e+49
163,8.176468147384773e+39
164,5.532272758889512e+44
165,8.594287862310302e+49
166,1.2596784746599205e+50
167,1.280484958362e+50
168,9.716079315502904e+36
169,7.764731341881182e+49
170,2.7183924172564405e+49
171,7.711895142469988e+46
172,2.7899827349492255e+48
173,1.054055955673914e+37
174,1.6694408740790274e+45
175,3.3130651003058273e+49
176,5.269732128349381e+46
177,8.95664703843831e+48
178,1.006397748757537e+39
179,3.3878801166164543e+48
180,6.26913792112831e+48
181,1.4751679995675262e+47
182,1.325961812321914e+45
183,4.579274090939241e+49
184,1.4985145607826499e+49
185,2.28001789884956e+40
186,1.888700980671658e+47
187,1.942968010421498e+49
188,2.50299832659705e+49
189,3.5881718483464814e+39
190,1.6098318761332445e+50
191,4.073349939402333e+48
192,4.2172096592857255e+48
193,7.782349625995055e+49
194,6.677341012943697e+49
195,7.611647987614115e+48
196,4.85870389179001e+47
197,1.292394844335782e+50
198,7.010582485915281e+49
199,3.741182588051665e+47
200,8.382192080049147e+45
201,7.373611812119616e+48
202,1.0412314624021527e+46
203,2.413515843494922e+44
204,5.856810071213144e+49
205,6.31902763327979e+45
206,2.118163593996194e+36
207,2.0922734613742512e+49
208,2.3469492373861664e+49
209,3.4504340779449773e+37
210,5.513896888831127e+41
211,8.986779044470087e+49
212,2.7313088666245138e+45
213,2.840824407298606e+36
214,5.171588932167011e+49
215,8.220481182450808e+49
216,4.487188469271835e+49
217,4.2914229900169957e+49
218,4.121853108786229e+48
219,3.660120746551329e+41
220,1.6454809381788123e+47
221,5.543983032812782e+39
222,1.040043152128609e+39
223,5.202374394900245e+45
224,4.226993147650454e+43
225,1.7761911656904322e+48
226,1.6983804380913827e+45
227,6.77413219358859e+49
228,9.618945277905655e+47
229,1.0659995925286988e+37
230,6.6161469877529715e+37
231,1.1057699940977669e+45
232,2.3824042091291465e+48
233,7.563247311215275e+42
234,1.7726249426069616e+47
235,3.0833578572010506e+49
236,1.3447917160838159e+44
237,1.5767647219051638e+50
238,4.2257549342224964e+49
239,1.496263908637965e+50
240,6.216773063074309e+37
241,2.0386804934513988e+43
242,5.965943859749138e+49
243,4.790028149615346e+48
244,2.8206504572406093e+49
245,3.412636645993946e+39
246,1.3622354639816512e+50
247,1.6844886244241187e+41
248,5.832990075379992e+49
249,6.786169525158416e+42
250,2.040620323741514e+45
251,1.2480272333062378e+40
252,1.0396916721799424e+50
253,7.317645247668653e+46
254,3.592002345025308e+48
255,1.6188577940568847e+50
256,8.326795136941726e+44
257,2.5526199466649266e+49
258,1.970955370959213e+46
259,4.600399251862397e+46
260,3.5097500984456644e+49
261,1.5141100445953078e+50
262,5.11031733418117e+48
263,3.804012055994894e+48
264,1.4605032559021314e+42
265,5.518236626791932e+42
266,1.4043464501851431e+41
267,1.64442015022717e+46
268,1.5998872649734648e+50
269,1.5433318464123695e+50
270,2.0257420339058664e+37
271,1.6908966706828206e+48
272,4.584096792711196e+37
273,1.468041816548984e+50
274,4.9181102871007104e+48
275,2.2831874755273233e+48
276,1.1707336710026584e+48
277,3.727121642906857e+41
278,4.364761281940761e+38
279,1.4972256819056425e+47
280,2.5435186053010962e+48
281,1.5313972290372392e+43
282,9.334928107374745e+45
283,2.3404146934259835e+41
284,5.4629205018417113e+45
285,1.9010789402688485e+44
286,1.7669103862857277e+49
287,5.022597717842059e+49
288,7.548762559231493e+49
289,1.3581195859316923e+50
290,1.597727358130749e+50
291,2.8191803604519004e+49
292,5.382420465475187e+47
293,1.6889062333380604e+39
294,1.6231096246479751e+50
295,1.5131569458734388e+50
296,4.499805532583671e+41
297,5.94414971163101e+48
298,1.5291336877099963e+50
299,2.7139894073602804e+41
300,8.833923486174862e+49
301,5.990889778651051e+43
302,8.40758602210219e+48
303,2.1807830003899055e+43
304,1.0946894468512278e+50
305,1.6027542335052273e+50
306,1.5186093684749223e+50
307,7.849683518991222e+41
308,1.280008615569941e+50
309,1.1256009509123089e+50
310,6.405464196569623e+48
311,5.568122546255936e+42
312,1.3638367735550768e+46
313,1.1699927545709846e+44
314,5.685267208329268e+49
315,5.968380917471967e+49
316,5.067910362083097e+38
317,4.983915258490592e+44
318,1.142257579119089e+50
319,1.5228837431367483e+50
320,5.309261991403826e+37
321,1.2783380697533817e+48
322,6.173809962320396e+45
323,6.13478157720406e+39
324,1.283341688275409e+50
325,8.019589669340199e+45
326,1.9486341602645094e+38
327,8.202289143099076e+49
328,7.964598226977384e+41
329,5.589397790219784e+48
330,6.525143536195363e+37
331,7.825629366577616e+36
332,1.1664937099764128e+50
333,2.3163972896917025e+49
334,4.235649402693319e+37
335,3.399921297405089e+48
336,1.1315078561048596e+50
337,2.925162344482049e+40
338,2.214245752929768e+41
339,1.0067974380459218e+48
340,3.197180281388254e+38
341,4.9608863823608734e+42
342,3.1255529083236343e+39
343,2.22627180671388e+48
344,1.686292106090031e+48
345,4.5189248932440635e+48
346,2.541107530805048e+42
347,6.605412707748989e+44
348,9.373312731057726e+49
349,2.016257640744898e+47
350,1.145208681141897e+50
351,2.0628724467523697e+38
352,1.5461869929541734e+40
353,3.573765194665834e+39
354,3.9468047121148006e+45
355,6.780572742379687e+48
356,4.698108259994251e+47
357,4.124927549780275e+43
358,1.3037787824488448e+43
359,3.6553078973801563e+43
360,1.195927579382601e+42
361,1.1968384228178719e+45
362,1.9060544219766477e+48
363,2.0862690085710487e+44
364,6.90089087161923e+49
365,3.532281391910477e+39
366,2.236074998291956e+42
367,7.043833033327212e+49
368,3.56464599795692e+48
369,8.59127406058854e+42
370,1.3855757927714708e+49
371,1.8732869461411977e+44
372,1.1699347542586668e+36
373,1.0070260127987587e+50
374,9.287904791671999e+49
375,1.2480016949793051e+50
376,2.379703216129538e+47
377,1.8971044096312146e+37
378,9.786037645975366e+43
379,4.11269755853063e+46
380,2.1333945759956528e+40
381,2.353883457580271e+49
382,3.2710532465419256e+49
383,1.6236638393613723e+50
384,6.420074033113464e+49
385,1.3688426480774588e+50
386,5.263624305588481e+48
387,7.31855290123708e+48
388,3.033114537993761e+42
389,1.536014369327169e+47
390,1.53890771942209e+50
391,1.441652560128068e+50
392,5.819558743279824e+39
393,2.3164022406002874e+48
394,7.936969605318032e+46
395,1.7525604481616414e+44
396,4.11060783118099e+49
397,5.164657935139894e+49
398,6.161000149445529e+49
399,1.5674076126760945e+41
400,1.5768064424615628e+50
401,5.878694105227975e+43
402,7.595361818931961e+49
403,3.482305884090676e+47
404,1.4590145049154218e+50
405,1.5737534966122603e+46
406,1.2667494261195505e+50
407,9.585412283078675e+49
408,1.385231284398926e+39
409,4.892637658794192e+41
410,5.732846468210895e+42
411,9.38773598795896e+47
412,1.5338348233073196e+40
413,1.706638355057121e+37
414,2.520734012237428e+49
415,1.6147608693272959e+50
416,8.017419511470262e+40
417,1.4493264033847383e+50
418,1.2291073487409748e+38
419,6.111244390484751e+41
420,3.645440031704002e+49
421,1.4046819920377165e+39
422,1.175269790911115e+49
423,1.3306313385478286e+43
424,8.361570331955711e+43
425,1.1116956505870452e+50
426,1.5605700966946412e+50
427,1.5950113994960903e+48
428,3.387925998483829e+46
429,8.487921694256789e+37
430,2.385235250861847e+49
431,7.966582639161547e+49
432,1.422887839217176e+50
433,3.4895477857551706e+36
434,2.741682078578349e+49
435,2.0391724488462363e+40
436,9.92882550583635e+49
437,1.3298284505950982e+48
438,1.9522444914312728e+48
439,9.188749637312931e+39
440,7.147090151977911e+44
441,2.8624582987957694e+49
442,1.3958008795311961e+40
443,1.505738214109989e+50
444,1.3417409172170478e+50
445,1.3036819389836861e+50
446,1.580584141216844e+50
447,2.6024043428563482e+42
448,5.541554825141019e+45
449,1.6217935684890226e+50
450,1.218145552888059e+49
451,1.0439703766090387e+48
452,2.0054848037749305e+47
453,8.840859325070175e+49
454,5.120157733386015e+47
455,5.835378118971645e+49
456,4.659314667975405e+42
457,5.717966091325094e+49
458,3.9758963995176075e+49
459,2.4215947935791426e+49
460,4.161082859103404e+48
461,3.3619026504652456e+48
462,2.175569077963627e+37
463,1.5727861157744076e+50
464,4.6151029663899924e+44
465,2.512437392337095e+37
466,3.886316420969798e+38
467,7.415263367564843e+36
468,1.7499069654331553e+40
469,9.717552162269955e+47
470,3.289935633921885e+46
471,3.775579668798655e+47
472,1.479952906489825e+50
473,1.217840079295337e+47
474,2.0299314161795408e+38
475,1.39460647568313e+42
476,2.66834502647699e+45
477,7.825944206349852e+41
478,7.55585900078044e+48
479,5.526503008617777e+48
480,9.048803197755554e+37
481,5.439674226688809e+44
482,5.462156126998694e+48
483,1.9364559540163806e+36
484,6.542422217871009e+45
485,1.5942682685642326e+50
486,4.301966352484055e+44
487,2.128406132650977e+49
488,7.209313914956227e+49
489,1.5668804937467958e+49
490,3.0722918062357985e+47
491,1.5844911077061751e+50
492,5.079121231712017e+46
493,2.2815448930614232e+48
494,8.30823866584854e+48
495,1.924717348585472e+49
496,1.5651754107903572e+50
497,1.97730400440255e+49
498,2.84110560079617e+49
499,6.396579802788616e+42
500,1.702682572238044e+48
501,8.311386565508526e+42
502,1.810536063601539e+38
503,5.494348135984138e+49
504,1.5691157754730003e+50
505,2.2448068736959127e+49
506,1.235884573578325e+49
507,1.109716940667759e+49
508,3.4705037071461644e+45
509,7.609392820115427e+49
510,3.638868860642337e+44
511,8.171153786991417e+47
512,7.316997819684478e+46
513,7.742874480846288e+49
514,5.87928916347791e+49
515,1.000363386745354e+49
516,2.0169732624620616e+47
517,2.695323702021799e+47
518,2.2994008375514385e+43
519,1.3488797119913131e+50
520,4.5802954041097823e+49
521,5.419186699252821e+49
522,1.8940092384149357e+49
523,2.691719240018222e+40
524,4.176373080827687e+49
525,5.190646156560062e+47
526,2.0031083280420147e+42
527,6.861457626793018e+48
528,1.2379470184631668e+50
529,4.46918601687916e+43
530,2.0136129794819013e+49
531,1.4026312751492279e+40
532,3.0033382153106287e+40
533,3.648456122117193e+46
534,4.6025057089442656e+48
535,1.4632467784658896e+50
536,1.3038646676086492e+50
537,4.0932674903603934e+39
538,3.788237290185743e+49
539,1.430683760963341e+46
540,7.909435386326213e+36
541,1.6760464050558298e+47
542,3.5986148857429526e+37
543,7.743671198825683e+45
544,6.154893998907905e+39
545,8.867985704946858e+40
546,3.0102674359421713e+43
547,6.032499543153819e+49
548,9.430981813116397e+40
549,8.074095175457553e+48
550,1.942684103007517e+43
551,1.5082217287311376e+49
552,2.5417399700007843e+49
553,8.230200096872047e+48
554,1.4028076325993176e+47
555,1.3592919953824724e+48
556,1.650615824321305e+44
557,4.1404729954068124e+49
558,6.262312663503525e+48
559,8.677362976878569e+37
560,4.899657756374269e+42
561,2.0772460629637415e+38
562,1.258413237410984e+49
563,8.000829462354061e+45
564,4.0244293347194443e+40
565,1.444926449707407e+45
566,1.3553774896557286e+50
567,4.3330028561275243e+46
568,1.139839083684237e+50
569,3.867214233094208e+39
570,1.526191212846733e+48
571,1.36277262862057e+38
572,2.2567860795067335e+48
573,1.7442171332825673e+48
574,1.6190979408558648e+45
575,3.9867174799158827e+49
576,1.1527933665845896e+49
577,2.6070799879787274e+49
578,1.5357141060537477e+50
579,3.480840682442927e+48
580,2.4673865322574053e+44
581,3.053353628369845e+49
582,5.409884893044818e+49
583,1.2460525027348327e+50
584,1.562578881969681e+49
585,1.2915643385353372e+49
586,1.2257596332858675e+49
587,9.435611872047371e+49
588,1.5730625566728154e+47
589,1.0922575556483504e+50
590,6.086369476976761e+49
591,5.458500298911281e+42
592,2.9974151331544396e+49
593,1.5119749640557654e+43
594,5.960614001553628e+44
595,1.6652884166672433e+49
596,1.8120151610498558e+40
597,1.4022974370557886e+50
598,7.261682390735441e+44
599,1.320035543407342e+40
600,5.208293758286426e+40
601,4.046991471416555e+42
602,5.721081860685029e+49
603,2.9304613539846023e+49
604,8.500423355039539e+48
605,1.227040844873467e+50
606,3.9752086259167874e+41
607,1.65130422704686e+48
608,8.228484202821401e+45
609,1.463742007218869e+50
610,5.0775534782687404e+48
611,4.462758776219664e+44
612,1.0383577220701732e+45
613,2.8229019566940437e+46
614,2.970055642632313e+39
615,2.7882378674097275e+38
616,6.621379523342275e+40
617,1.5436004251232192e+40
618,4.74210405807448e+46
619,4.526267783836597e+44
620,6.040997448892702e+45
621,1.3549967845908162e+48
622,5.2222680436096723e+42
623,1.322833026779406e+50
624,1.304500412523637e+50
625,9.701653756982552e+46
626,1.3092431635562302e+50
627,2.0583829968810945e+37
628,1.3929580076499692e+48
629,6.925081679263752e+45
630,1.4163764585847263e+50
631,3.135449204236554e+47
632,4.887598818595031e+49
633,4.086452862249589e+48
634,1.49765539344143e+42
635,1.523542090162329e+44
636,2.4579309322500195e+47
637,1.414792409170306e+50
638,5.384627005429158e+48
639,3.506892806285419e+36
640,4.844278975555472e+49
641,2.4787361139280592e+37
642,4.369293108869059e+42
643,1.3270855632038548e+50
644,3.354129499428752e+49
645,1.5223179885733101e+37
646,3.383865320542457e+41
647,5.714904631830949e+49
648,2.0760025609886802e+45
649,3.517540308148864e+40
650,2.6303298280578507e+49
651,2.0862301647041056e+49
652,2.7094625602945962e+48
653,1.1531654380923757e+50
654,3.651987507669086e+47
655,5.434917003037047e+47
656,2.8170422629868488e+44
657,7.393589513534448e+46
658,1.0750330406596e+47
659,1.5432916276385706e+49
660,2.2629080394200966e+49
661,4.797181320805971e+39
662,1.1386842377762013e+47
663,4.0323211379984415e+39
664,3.223478819074366e+48
665,7.806910044947435e+49
666,1.465044576344612e+48
667,2.4400452231221496e+49
668,8.066056629495697e+49
669,4.728462712919054e+49
670,4.071835155155025e+47
671,2.7753814984184355e+42
672,3.943831088210384e+41
673,2.429667278371146e+47
674,2.1548313301714421e+49
675,2.158432208663663e+47
676,8.697879080722429e+43
677,1.3241417904361388e+38
678,1.3053228834150947e+50
679,1.8959480160135187e+37
680,7.167436259373582e+39
681,1.5464968348297073e+50
682,1.6232440546143999e+50
683,2.5130721311038886e+41
684,2.9171978770124663e+46
685,9.925727134850342e+42
686,1.1837902479467003e+43
687,9.472382460370768e+38
688,5.947285761772462e+45
689,2.0006708573499166e+41
690,3.4346305478881604e+42
691,1.0725210406453348e+50
692,8.503244896782203e+49
693,1.0094348242135931e+49
694,1.6338816896781725e+48
695,8.802330461033984e+49
696,5.791287097556174e+37
697,1.6680449376159264e+49
698,7.393897607831067e+37
699,6.105912838402381e+48
700,4.943091986617242e+37
701,1.5863847361545332e+50
702,8.956736320195047e+49
703,6.027202657536935e+48
704,1.2763775104104225e+50
705,4.864387943250755e+40
706,5.3213070021290094e+38
707,2.940992368887681e+49
708,2.7923129150220085e+38
709,2.0755805345615665e+49
710,3.202668215686758e+44
711,1.5875920055110555e+42
712,5.688557305973921e+42
713,1.0336928433119228e+50
714,3.3327527540054015e+48
715,2.0208497853275778e+49
716,2.313450147150151e+39
717,2.442528056213739e+42
718,4.408562291693976e+39
719,5.009123255865339e+46
720,2.6308054680624024e+47
721,1.597824121492485e+48
722,2.9631010960415103e+47
723,4.406639082847496e+42
724,2.4702783165494482e+41
725,4.019730442104898e+48
726,1.592877316559554e+50
727,1.1490216037147753e+45
728,1.562769614802478e+49
729,7.199419609134921e+49
730,1.726636232940902e+43
731,2.189021237818497e+40
732,1.1797784092036457e+42
733,4.118081459290942e+49
734,2.188068611088757e+48
735,8.692898903606119e+49
736,7.527054518094209e+49
737,1.2127138424893744e+50
738,5.814039913355089e+49
739,1.167686028875218e+38
740,9.723732927373001e+43
741,2.8137260066655782e+48
742,5.085318731088393e+49
743,1.0001132145404887e+49
744,4.423337169714511e+46
745,4.2326069979306084e+49
746,6.783913807025102e+49
747,7.271722053358087e+46
748,1.1031661476323657e+50
749,4.4198012926457753e+48
750,2.46655754696329e+46
751,5.449278910390622e+36
752,4.6016228472453926e+36
753,1.940123453800143e+47
754,1.1384531125979887e+49
755,2.833331741399245e+46
756,5.094633426710265e+49
757,1.2587436784837496e+49
758,1.5088690391847838e+47
759,4.548483519767282e+49
760,1.4489292121361911e+50
761,4.261372620646306e+44
762,4.697481971599665e+49
763,8.975415120853462e+45
764,1.181939448359493e+50
765,3.966304701722405e+49
766,8.680594361721052e+41
767,8.324277628981229e+48
768,8.082520155294805e+49
769,1.4182356810572131e+50
770,2.364083032994739e+43
771,1.5309362183806089e+50
772,1.776470947343352e+49
773,3.1690153182193846e+39
774,7.434489479880228e+49
775,1.2796593290129036e+49
776,1.6181401442195296e+40
777,3.69241753575583e+48
778,2.264475445055618e+46
779,1.8972466778784584e+44
780,5.493370796999694e+48
781,1.5503732365375908e+50
782,1.0251793038679186e+50
783,2.056965990467183e+45
784,7.893242889518401e+41
785,2.443299216459593e+45
786,5.632036331480887e+49
787,1.665675507863051e+42
788,2.4622791282437417e+47
789,1.3993217376480852e+48
790,3.667884823956966e+49
791,1.5930651584352157e+47
792,1.3520372480613701e+50
793,6.898709078885746e+45
794,8.127532055285172e+49
795,1.5149045957956495e+50
796,5.755881525448779e+42
797,4.578263015192542e+37
798,1.5982599215515916e+50
799,9.221787025339647e+49
800,8.374124472300931e+49
801,1.1906386462333048e+49
802,3.681610928436477e+48
803,2.346918839937523e+47
804,3.156465397240117e+36
805,4.3245050928536054e+48
806,7.105903169693674e+49
807,3.32674703261855e+43
808,1.1616500870638514e+48
809,1.2635417884622286e+38
810,3.671695363735862e+37
811,5.700675879917036e+42
812,1.1586197588494031e+49
813,2.5063984213670075e+40
814,4.656568904921785e+44
815,1.315741299889714e+50
816,8.063985106342448e+48
817,1.6096525899609603e+50
818,9.274776541999218e+39
819,7.209278875290555e+39
820,5.840676431888652e+49
821,5.547211334295714e+42
822,5.88429021352861e+42
823,3.774919963278464e+41
824,6.41811412808153e+49
825,1.948582251353881e+42
826,3.453300387832162e+49
827,2.4335667093191907e+47
828,7.541452006890679e+43
829,7.111642014614467e+46
830,3.182261957705397e+47
831,1.612017603427348e+50
832,1.2323401613312236e+50
833,9.17156064889643e+49
834,7.763438833342774e+49
835,4.347286952186001e+47
836,2.5279204372695514e+49
837,7.030786758017266e+49
838,2.6508186369593106e+46
839,2.036182286691802e+49
840,9.329880435393844e+40
841,7.083466625239214e+48
842,1.02866584511468e+50
843,1.4517624099398602e+49
844,5.1173229544461414e+48
845,4.57755536724582e+46
846,6.597580058881018e+46
847,8.439891484518007e+38
848,5.686080268902892e+36
849,1.15492975985274e+47
850,3.3703467390573693e+43
851,9.466473766570205e+39
852,1.5110798298618177e+50
853,1.319413718018593e+50
854,4.5450174522923e+47
855,1.300420690587622e+48
856,4.320640925315033e+44
857,9.131128481939619e+47
858,2.8786042345795155e+43
859,6.023312683309985e+39
860,3.569224396696007e+48
861,8.171618610953373e+38
862,1.372091034833099e+50
863,7.048816567197763e+49
864,9.77958976268306e+49
865,2.564388810668831e+47
866,3.83876721555747e+49
867,2.4176737016426064e+48
868,8.982669356777388e+46
869,6.10432826633509e+40
870,8.764938659664091e+49
871,4.2225706519037747e+49
872,1.5425192677089947e+50
873,2.3336677240900406e+41
874,6.001682730731417e+45
875,6.7347986944625935e+44
876,6.806970564236183e+45
877,7.665319429541503e+37
878,4.800959455081659e+36
879,9.43304093762972e+37
880,8.045173394842205e+49
881,1.415561768373912e+49
882,1.5697647160252772e+50
883,2.783083099478409e+49
884,1.1292768951410097e+50
885,4.529860512656981e+37
886,4.798201971944747e+46
887,1.95659779200292e+38
888,7.214860659748713e+45
889,1.7718509489492882e+48
890,2.511489539165175e+46
891,5.686294120833347e+49
892,3.530767071440379e+48
893,2.288672010546488e+49
894,1.3492857813068254e+50
895,4.506918374990134e+43
896,1.2264583523617055e+50
897,1.8028549539286717e+48
898,1.3937671103287237e+50
899,7.967875803705574e+44
900,2.6514834834482162e+42
901,1.922314440484797e+38
902,5.923555755712345e+49
903,1.0070059630375864e+47
904,5.1266339138287696e+36
905,8.998097616273763e+49
906,1.937551576556126e+44
907,1.5961893298425832e+39
908,1.4545670728566046e+47
909,1.0810551393255664e+50
910,8.608711274916266e+48
911,3.985158214928978e+45
912,4.912571648646457e+37
913,2.9256715909507567e+43
914,1.5916047975961648e+48
915,1.4144588451412164e+50
916,1.2922666704918418e+47
917,1.4531652603755761e+50
918,1.1748939790930762e+50
919,6.083994631779091e+42
920,2.8428379590051924e+37
921,1.4947667039083278e+37
922,1.4465401029869905e+49
923,5.2870771736615e+49
924,4.036626979723354e+48
925,2.7948051330629185e+42
926,7.763605679716097e+44
927,2.6344987825294325e+40
928,6.087273742342838e+49
929,1.5023890534162137e+50
930,1.9532669785248884e+48
931,2.6907144079281182e+48
932,1.3992547757644086e+48
933,7.808277707847932e+49
934,1.3936016490731658e+50
935,3.4496653045140836e+49
936,7.372521869003451e+47
937,1.2559152088712244e+49
938,1.6235924499324073e+50
939,1.8617885628205332e+48
940,3.809077231568323e+36
941,1.715121320838848e+49
942,8.051485082796192e+49
943,3.4453264994787415e+47
944,1.1175521203466693e+38
945,1.0584696602049179e+49
946,7.147840185065126e+48
947,2.0385586141563252e+45
948,3.7425446839236533e+36
949,9.535544348021905e+49
950,6.252772693721916e+42
951,1.2921446226485279e+41
952,6.673089618920285e+49
953,5.363771367901134e+42
954,8.721223366712074e+49
955,1.2255371218450201e+37
956,6.55159181558245e+39
957,9.341321453515443e+48
958,2.91936333961369e+36
959,5.104721274952239e+37
960,1.6289433351556227e+41
961,1.598120994287807e+50
962,2.4728965820813684e+40
963,1.4562868354366228e+43
964,1.867023828285007e+46
965,3.459491425661523e+44
966,2.679786197322647e+44
967,1.869038671295015e+48
968,4.2785681582896024e+49
969,2.0850102962252943e+44
970,9.411666265919368e+49
971,6.221567227614191e+42
972,3.1343679850977773e+37
973,4.1059499800213035e+42
974,1.128499033823197e+50
975,1.6207255295327096e+50
976,3.7902323065498586e+39
977,6.2451795971730664e+41
978,2.2435871332613893e+46
979,5.658226228045395e+46
980,5.146576559270862e+48
981,4.594006294437199e+37
982,2.567641902273295e+44
983,8.493281692656853e+46
984,1.0426604885834712e+50
985,2.6867665469301842e+39
986,1.044569558524463e+50
987,6.216402466541749e+42
988,2.8234979088036868e+48
989,6.099638144706036e+39
990,1.5844085548727846e+50
991,1.7955307499261146e+48
992,4.194222559003667e+44
993,1.6221240320817448e+50
994,4.1141080954707465e+47
995,1.8184753065056286e+49
996,2.7951017755865353e+36
997,1.5966414776516536e+50
998,4.653124593209543e+43
999,9.324434910707379e+44
1000,1.7839586862071385e+38
1001,1.6031593324747144e+50
1002,3.928147648512627e+42
1003,2.0152712614833388e+37
1004,2.2583396632701933e+36
1005,1.8955925922659845e+48
1006,1.5119262749112103e+50
1007,1.4033228031905939e+50
1008,5.042140850337533e+43
1009,1.5505283460679715e+50
1010,2.0275378458703027e+41
1011,3.277799625550471e+44
1012,1.6085188789965934e+50
1013,6.957075033542693e+43
1014,6.071140214956381e+36
1015,1.727441862403569e+39
1016,7.685765305419688e+37
1017,6.281464273028027e+49
1018,8.905494229240914e+38
1019,1.0834713883611155e+45
1020,5.437075822865823e+49
1021,4.3830120704695096e+49
1022,1.0985226499827402e+47
1023,1.2113366995160261e+50
1024,1.4262239090466716e+50
1025,7.527231580718915e+40
1026,1.2771179960323084e+38
1027,2.4492677359506435e+49
1028,6.216093397472981e+49
1029,2.6758543392162352e+39
1030,9.752546477988068e+49
1031,2.072024211033473e+39
1032,4.124961004965426e+42
1033,2.0264803858760914e+48
1034,1.28499125358741e+43
1035,8.674973094109775e+44
1036,1.4203300630942727e+46
1037,3.0980797253824803e+47
1038,3.090699288851527e+41
1039,2.1338626113166227e+47
1040,5.561434798381356e+45
1041,8.467175361874247e+37
1042,3.665278735720933e+39
1043,1.6119801741147676e+50
1044,1.5960777956007417e+50
1045,1.0908134490061445e+37
1046,1.568478627231086e+46
1047,4.84821570949157e+39
1048,4.9973244683825785e+44
1049,1.0251996290697527e+50
1050,9.882362650720584e+42
1051,5.506683473299093e+39
1052,1.665296308225154e+39
1053,1.3436939637335717e+37
1054,2.280924316953334e+43
1055,6.61955356159178e+42
1056,3.1723571166470584e+49
1057,1.7600610159484554e+44
1058,1.4689204837557094e+44
1059,1.1356957832631648e+39
1060,1.3698272410023227e+50
1061,1.8222755455036102e+47
1062,5.082578558260577e+37
1063,2.172500890267846e+49
1064,1.3908138684114869e+45
1065,3.7458292482725465e+46
1066,5.132958612779389e+39
1067,1.3573875272240843e+43
1068,2.634814322990187e+49
1069,3.421844366449847e+39
1070,4.022761784283602e+45
1071,7.655523396907919e+46
1072,1.4701923013616622e+40
1073,4.671009516264035e+43
1074,2.6589816111001917e+46
1075,5.824914906259494e+47
1076,8.698898341980895e+49
1077,6.944722175246695e+36
1078,7.39651955840073e+48
1079,1.160369375176593e+48
1080,1.2851448791098659e+36
1081,2.6727645942405996e+49
1082,6.165730904722148e+48
1083,7.572350643858868e+42
1084,1.2745949785954522e+38
1085,3.05780243712167e+45
1086,3.1327069140960576e+39
1087,4.6859142979889685e+38
1088,1.526345950506345e+50
1089,3.4845748987661597e+49
1090,2.246422679615342e+39
1091,2.679340191324466e+41
1092,1.0832242153925832e+40
1093,1.4356726911491951e+47
1094,6.368621036928735e+40
1095,5.519109950172999e+36
1096,3.005064631313561e+43
1097,1.4861563289611894e+50
1098,7.626695502319889e+48
1099,8.326731514590605e+38
1100,4.760750812360591e+48
1101,5.609515734595855e+39
1102,1.5537865277228069e+43
1103,9.11028316392917e+48
1104,1.5000309213691058e+46
1105,1.8295192477920878e+36
1106,1.298645429841454e+37
1107,1.0522013994121256e+50
1108,2.0380394966933966e+44
1109,6.03051830218189e+49
1110,1.6162562773773373e+50
1111,2.4952915559059094e+37
1112,1.2529711985924588e+49
1113,2.8615661804071275e+49
1114,2.4485203140043703e+46
1115,6.925507319447755e+47
1116,2.703063899877925e+44
1117,1.3654751693252476e+50
1118,7.178882344533553e+49
1119,2.7781491198803597e+42
1120,6.431489106893916e+46
1121,7.96812920566187e+46
1122,7.223879259948916e+44
1123,1.9456777202978432e+42
1124,3.678998358518333e+49
1125,1.5923399061536686e+48
1126,4.4793191813839024e+49
1127,2.0908693038390733e+38
1128,8.304766230799273e+38
1129,1.1724380080374756e+47
1130,6.412479996778756e+47
1131,7.621569831142637e+48
1132,1.9462779191212275e+44
1133,4.82527219025581e+49
1134,2.914134624159374e+49
1135,4.398935920664695e+39
1136,1.5733942193186095e+50
1137,5.992764492036134e+49
1138,9.767238956699121e+48
1139,7.252921162924377e+49
1140,7.999699087941729e+44
1141,4.860352545642922e+48
1142,4.979539713774002e+49
1143,1.163721339028138e+50
1144,8.450299357977793e+48
1145,3.947099581821692e+48
1146,1.0037615003661284e+50
1147,1.1295954520102587e+50
1148,2.3106120651213784e+48
1149,3.1759695300680103e+48
1150,7.117364064596826e+46
1151,8.297777079706056e+41
1152,7.249082959778522e+49
1153,6.964043566035967e+48
1154,8.108987802947164e+39
1155,8.900785169189795e+42
1156,1.731009389906638e+39
1157,3.3156477225436734e+38
1158,1.1766080624927456e+47
1159,6.364439392882474e+47
1160,1.6024947648933343e+50
1161,1.2265118960452266e+41
1162,2.6374128441655597e+49
1163,9.0980063148288e+36
1164,4.1938563949640187e+49
1165,2.4452887138546656e+41
1166,3.697343833097249e+49
1167,2.5483057258298603e+37
1168,1.4886378484407537e+47
1169,1.0040959576516552e+48
1170,5.77597785946734e+41
1171,2.402548003232073e+47
1172,3.5845626568735107e+46
1173,4.445873040103501e+45
1174,1.591215234318317e+50
1175,1.826743583720345e+49
1176,3.339822610355563e+43
1177,2.5663677927733488e+45
1178,7.487120143575563e+46
1179,3.1877629952471536e+40
1180,3.0810197707763513e+48
1181,2.8119732563935608e+48
1182,3.6288935571076657e+40
1183,2.4986826970354395e+47
1184,1.7565974966395002e+46
1185,7.695899063424517e+49
1186,6.172376958839841e+45
1187,4.887220975389358e+40
1188,1.4031846553055788e+50
1189,1.060440157747698e+49
1190,8.621770491320092e+39
1191,1.6251903818595497e+44
1192,1.9026776629417443e+49
1193,1.0098850604106099e+49
1194,3.626709315702414e+49
1195,1.402433659885951e+50
1196,3.021411512580319e+49
1197,1.4122140642130871e+50
1198,2.0270950857147334e+47
1199,7.522407422251302e+48
1200,4.285361170170755e+49
1201,2.6289544133433426e+49
1202,1.5753810108579368e+38
1203,3.3431647216986787e+38
1204,1.2893154178418197e+39
1205,1.045733085552177e+42
1206,2.425082265535097e+37
1207,4.074505307451682e+39
1208,1.6227682426151145e+50
1209,4.267620244128573e+40
1210,6.1064922809305535e+40
1211,1.7016334455724323e+49
1212,1.3669603912327909e+48
1213,5.603630298817833e+49
1214,1.3214477664800815e+43
1215,5.838889089884958e+49
1216,1.587710576659394e+50
1217,4.645711046789597e+49
1218,1.2638048222368256e+49
1219,9.404772046751575e+36
1220,4.909333284968326e+40
1221,1.1026860336491945e+42
1222,3.0848045547643596e+48
1223,5.449908193108575e+47
1224,1.974933741013707e+41
1225,8.439452234866943e+44
1226,1.2668272825842879e+47
1227,4.2347767813830967e+49
1228,1.4068450818604311e+50
1229,8.167643992877758e+43
1230,1.6460257113627282e+49
1231,6.580497168126447e+39
1232,3.90070420971893e+49
1233,3.3672864245789e+42
1234,1.4470910838474696e+40
1235,1.6002551655226422e+50
1236,2.7420655609741965e+49
1237,1.2747324783161997e+39
1238,1.784986628930164e+49
1239,1.676214148281314e+49
1240,1.5971625663393147e+50
1241,1.6440791662215688e+49
1242,2.9294299108016126e+43
1243,6.116339493305076e+49
1244,1.6187048672449686e+50
1245,1.5037539310668832e+50
1246,1.097512311440175e+50
1247,6.537210255904972e+48
1248,6.462716577919583e+47
1249,3.2285570844159146e+45
1250,2.76384619411443e+49
1251,4.708833415934771e+40
1252,2.8733526458211704e+39
1253,2.781932861785443e+45
1254,8.188292253328213e+41
1255,4.372419056851343e+47
1256,3.691573368688602e+36
1257,2.5168859582676616e+44
1258,9.08758112654446e+39
1259,9.703093526942247e+48
1260,2.3278070992426405e+49
1261,1.5898690609088602e+50
1262,5.108727732835952e+49
1263,1.5152957888584923e+50
1264,1.0805975780677571e+43
1265,5.486442882990777e+49
1266,1.1751702276940915e+46
1267,6.919349681859817e+49
1268,1.1160025377959674e+39
1269,8.324512366723117e+46
1270,1.903079038058953e+41
1271,3.010884649668506e+49
1272,8.950650172637459e+49
1273,1.20424970984316e+47
1274,1.0257496462380248e+50
1275,5.294814450388525e+49
1276,1.1846844090425227e+50
1277,1.3941707053776487e+50
1278,1.528750139730507e+45
1279,2.981189357748432e+37
1280,7.255446344214708e+44
1281,5.768731191334183e+46
1282,2.8460033380387223e+49
1283,7.298785059153702e+42
1284,1.3165224999288986e+50
1285,3.629132528532867e+36
1286,1.126704950987651e+50
1287,2.841614562904736e+43
1288,1.1566795516337204e+50
1289,5.858098162229424e+48
1290,1.3813208849800393e+43
1291,1.5499343668781248e+48
1292,3.6430479273958942e+47
1293,1.580248353837176e+46
1294,1.2946092370537003e+39
1295,1.3357848591147907e+48
1296,1.023276182074829e+50
1297,1.3358980375233455e+50
1298,6.512142336353776e+42
1299,6.317092918214398e+48
1300,4.412192883628269e+49
1301,1.5924755386918772e+44
1302,2.497932284951638e+38
1303,6.66270034250238e+48
1304,1.9639592654566596e+40
1305,3.113631981002835e+49
1306,4.7084593571821904e+48
1307,1.1376798810797131e+40
1308,1.4206704656182158e+50
1309,2.4359059588840514e+42
1310,8.505929758961617e+37
1311,2.3574067126886426e+49
1312,2.504029699214956e+42
1313,2.474252658477302e+47
1314,2.7874988729421445e+49
1315,3.369769757778604e+47
1316,1.7913956975187397e+49
1317,2.2931925581100952e+48
1318,1.4327617183092542e+48
1319,4.3847029487494204e+42
1320,6.562529236635975e+48
1321,1.5008852790056115e+50
1322,1.971909579219358e+46
1323,2.0980080276034765e+42
1324,1.1132259955135636e+49
1325,6.809599034079497e+48
1326,6.2431437980218e+36
1327,9.070086217640503e+39
1328,2.1538020225647273e+44
1329,4.960377335688038e+37
1330,7.949553646208113e+49
1331,7.981096894740921e+49
1332,3.0540051260314527e+45
1333,1.406720671980924e+50
1334,2.8101623868486384e+39
1335,1.2799860763930884e+49
1336,1.393020512195432e+49
1337,1.6223219377445968e+50
1338,3.8319807560552894e+46
1339,4.740151710025742e+38
1340,1.691459091631512e+48
1341,2.1159764927041941e+49
1342,2.8310844047511235e+41
1343,1.7744574009823555e+43
1344,1.211156985100413e+50
1345,2.689212161465709e+48
1346,2.1674753678793093e+45
1347,1.2026953237907252e+50
1348,1.5013583552174725e+41
1349,1.2326052145792272e+49
1350,3.223321513971158e+48
1351,1.0894776502485416e+37
1352,6.976885739552233e+41
1353,2.7932074760750365e+45
1354,1.062900514840112e+42
1355,2.966219864175386e+41
1356,1.6709580627962853e+37
1357,1.5857644316697766e+50
1358,7.292496903330173e+42
1359,1.0966534272758503e+50
1360,2.2672931445682566e+42
1361,8.399486780386175e+49
1362,1.4618740069133083e+41
1363,1.0372616411875322e+50
1364,1.7686959769167318e+49
1365,1.4978887126869574e+47
1366,1.427441169514724e+45
1367,1.7035866444973806e+43
1368,6.247042181597774e+47
1369,2.8493476638294945e+48
1370,3.9766188004072265e+48
1371,4.4425418403136954e+48
1372,8.187813275381983e+43
1373,1.0977661901043345e+40
1374,8.439742478710786e+41
1375,1.4714011430188647e+41
1376,6.360484683459237e+39
1377,1.4780550410506747e+50
1378,4.1888806263094856e+39
1379,1.407401942441373e+40
1380,2.119266429220115e+43
1381,5.149961023061092e+47
1382,5.901400270535691e+49
1383,1.9452371489390362e+37
1384,1.950667695608737e+36
1385,3.338739752473624e+49
1386,1.537143822763306e+50
1387,1.0561168257805099e+43
1388,1.5660518543447895e+50
1389,1.1980192974987707e+50
1390,2.323680812975852e+38
1391,1.169068139881268e+47
1392,1.6699796365899636e+43
1393,3.5978808692137053e+43
1394,8.148525173823604e+48
1395,6.464971076492903e+39
1396,1.2824742159294855e+47
1397,1.040101430279906e+48
1398,1.4661592906180434e+45
1399,6.669278893744745e+37
1400,4.152238090695825e+45
1401,8.57725361047735e+47
1402,1.222098539340817e+50
1403,6.351206769547919e+48
1404,2.7701771412013017e+38
1405,1.6181678262761586e+50
1406,7.356943021362184e+43
1407,4.582302992533668e+39
1408,1.510023832773008e+46
1409,1.2801278231623427e+50
1410,2.708842785491864e+45
1411,3.7638904921764406e+49
1412,7.974117104955904e+44
1413,1.616766674788211e+50
1414,4.08758550548859e+48
1415,2.8931575199242966e+39
1416,1.3614425685218874e+45
1417,1.600385653989067e+45
1418,1.1745165114604107e+49
1419,3.7348229416952544e+49
1420,4.893583283829699e+48
1421,6.602833250254567e+48
1422,4.148407505350868e+39
1423,1.2278453138771647e+49
1424,2.975998511202943e+47
1425,1.3048965569146612e+42
1426,1.016700831776678e+50
1427,2.70660558168676e+47
1428,8.782885493281082e+44
1429,1.583602472241156e+50
1430,2.4958634331516e+46
1431,1.0134307526174135e+45
1432,5.1736877762776474e+39
1433,3.217228259794418e+40
1434,1.6070356401552985e+45
1435,3.3708915485446518e+37
1436,5.9999765915665655e+47
1437,2.812945718914967e+44
1438,1.753184638302432e+37
1439,2.8868857972019744e+37
1440,3.909608930310285e+49
1441,4.471507934726357e+40
1442,2.6213702801480888e+42
1443,1.9587218178796458e+46
1444,2.143645343825623e+49
1445,1.6207539110189476e+50
1446,2.373784774389846e+46
1447,6.462950844342436e+49
1448,2.8172441534458792e+44
1449,1.3463853877346069e+50
1450,6.26832867494524e+43
1451,2.3430773107244826e+41
1452,2.716395006707977e+38
1453,8.07277429981719e+49
1454,1.101557020369758e+50
1455,1.2041976336896592e+47
1456,1.12442385146762e+47
1457,1.2769397263595773e+50
1458,1.2410325987277488e+49
1459,6.216488783247351e+36
1460,1.2762612342265516e+50
1461,2.2131895499881199e+46
1462,1.436497770834106e+50
1463,5.881290529375757e+42
1464,9.210848290059338e+48
1465,1.298559061160994e+50
1466,2.371879262947626e+49
1467,2.1031562836465062e+48
1468,4.9499998802430876e+47
1469,3.623467462539834e+48
1470,1.351479675441971e+49
1471,6.950327538035797e+38
1472,1.2653413872736688e+50
1473,6.858843022757649e+48
1474,4.161754019985272e+49
1475,6.970453992006936e+48
1476,9.149078533626648e+39
1477,9.416263293387285e+49
1478,3.9916343237170693e+49
1479,1.4978973449172353e+50
1480,1.823428448027414e+48
1481,7.323833765096054e+49
1482,1.9450890025133036e+42
1483,1.6232709417646052e+50
1484,1.9849560160798222e+40
1485,6.4555492426528016e+44
1486,1.5496965346206686e+50
1487,4.2622528588738313e+48
1488,4.0385231025294794e+48
1489,3.0685149410734384e+40
1490,3.2228772458851396e+47
1491,2.6685427879745224e+48
1492,2.0140252142090685e+49
1493,5.809959511926069e+48
1494,1.4865910905475884e+43
1495,1.0837191889704428e+43
1496,1.61923901167742e+48
1497,1.7576558646367527e+38
1498,1.6204566886813105e+48
1499,5.720482517654848e+42
1500,8.622775551947202e+37
1501,3.906720636717323e+49
1502,4.6251751327969603e+49
1503,9.147254001865702e+47
1504,1.4039692881050822e+50
1505,3.22163486770147e+42
1506,3.8080112722355815e+39
1507,6.713830096342848e+43
1508,1.8446862288096256e+49
1509,1.994383029705353e+49
1510,2.421927822502862e+48
1511,3.634886524440595e+45
1512,4.2242218932708754e+48
1513,3.029939780187235e+49
1514,1.6326996778067407e+49
1515,3.4422939267532864e+41
1516,8.804938699113842e+49
1517,3.4533352772777704e+49
1518,1.844898044631257e+48
1519,3.779182698149162e+43
1520,1.3969193791422702e+50
1521,2.8366165705474262e+48
1522,5.185676695709754e+37
1523,2.2337470774071015e+38
1524,1.1249535500840486e+50
1525,2.4386031792848683e+49
1526,1.6236437258285022e+50
1527,9.283187462573319e+49
1528,4.533468315655558e+37
1529,1.0435161838274959e+40
1530,1.7719964791875384e+40
1531,5.880635232999895e+45
1532,9.703224710677877e+49
1533,5.432813990680495e+49
1534,2.9121300062413285e+48
1535,6.354582288223422e+44
1536,3.4790390719435846e+44
1537,1.063938557744938e+44
1538,2.8049218019722142e+48
1539,3.09840829895936e+37
1540,2.5646568781935977e+43
1541,1.019061279067664e+50
1542,2.4894344128185218e+48
1543,2.0060301608308913e+47
1544,1.6048111532665622e+50
1545,3.8537242621703156e+48
1546,1.545662827577448e+50
1547,1.2163761677198262e+50
1548,1.9565512833260555e+37
1549,2.901619962998156e+39
1550,1.5165651965110791e+50
1551,2.0472210801379872e+48
1552,1.5090470049555541e+50
1553,1.963191307765009e+47
1554,2.9211055397107377e+46
1555,6.481694643951853e+49
1556,1.0418934658031964e+50
1557,1.4824266383839854e+50
1558,3.1789709238478085e+42
1559,8.244787198669585e+46
1560,3.1575703301710955e+45
1561,1.6172476492893007e+50
1562,1.1430363577941212e+49
1563,1.2219804530822807e+47
1564,2.891343439487144e+49
1565,6.381041165552364e+49
1566,1.7335877984187915e+40
1567,1.2994879012849195e+36
1568,5.22932265616373e+48
1569,1.2651686315079317e+42
1570,4.721618546110912e+41
1571,1.445844873219988e+47
1572,1.4240137609710308e+42
1573,3.425171357983697e+47
1574,4.989230839378616e+49
1575,3.049603570754662e+48
1576,6.359311776731253e+43
1577,4.700014961551604e+40
1578,5.616971061541651e+49
1579,7.810081474357983e+37
1580,3.1230370570419466e+44
1581,1.0916315568351217e+38
1582,1.8323177468271177e+46
1583,2.401621734325107e+49
1584,2.8511654253954213e+45
1585,5.826980260566296e+48
1586,3.3019732528195877e+48
1587,4.784743194139524e+48
1588,8.324438466754251e+49
1589,1.3321311538689942e+45
1590,5.094712013931798e+39
1591,6.995965922809657e+49
1592,1.4543525870651145e+49
1593,5.560212135072834e+43
1594,8.493179455232154e+49
1595,4.3433845355829534e+42
1596,5.448686045689972e+49
1597,1.628511467315478e+42
1598,8.443911543844616e+49
1599,2.6785522969860653e+40
1600,9.608119182856447e+43
1601,1.5481514186295318e+50
1602,3.1962906135793737e+41
1603,1.6997917516268497e+38
1604,1.1947508209163197e+49
1605,5.9223108750000244e+38
1606,2.7821726372489177e+44
1607,1.5301460334785256e+50
1608,5.096483179386106e+49
1609,5.05750441033873e+42
1610,3.236000078230239e+48
1611,3.307968328156225e+45
1612,2.3825731231625323e+45
1613,1.492003459399725e+49
1614,4.333639189272501e+40
1615,9.52302247102768e+49
1616,8.714986571591088e+49
1617,1.4859585566045798e+50
1618,1.0786632254714083e+47
1619,1.5119761162661073e+50
1620,3.448409847111806e+46
1621,1.3819589501208631e+50
1622,1.5195920627436553e+48
1623,8.84774645166837e+49
1624,7.916610632719815e+43
1625,4.367495747064599e+40
1626,1.0438463784518253e+49
1627,9.617557891033306e+49
1628,2.3245281810039135e+46
1629,6.104065419245199e+48
1630,2.449544847624333e+37
1631,1.8978685958997685e+48
1632,6.20279813145108e+36
1633,3.2993918980253745e+49
1634,4.325752957168979e+39
1635,3.037947162053879e+36
1636,5.74938710126076e+49
1637,5.459985358323053e+41
1638,2.2768216960452344e+40
1639,3.0801878288946463e+42
1640,1.333162868858169e+50
1641,1.0850494671568905e+50
1642,1.239139923904849e+50
1643,2.5953650440087732e+42
1644,4.432955270704209e+41
1645,4.2657610812272064e+48
1646,8.731624698273664e+49
1647,1.6217246922562228e+50
1648,7.639886022919084e+49
1649,2.629860671191979e+38
1650,1.401278644867881e+42
1651,3.0954406243437233e+47
1652,2.9985690769740313e+47
1653,2.3283551065985784e+46
1654,5.404992350587393e+43
1655,2.367539084528114e+40
1656,5.062777316145759e+49
1657,1.2008739841090198e+50
1658,4.9739430719127956e+48
1659,6.887777678363786e+48
1660,1.359496691717598e+46
1661,2.2878903656554072e+49
1662,4.161600046277516e+36
1663,2.0630870114968838e+49
1664,1.6123243983578002e+50
1665,7.355198998364164e+42
1666,1.5754292612345822e+41
1667,3.6564831973785177e+49
1668,1.260884470209588e+48
1669,1.0174180998346434e+50
1670,1.5025302707416075e+48
1671,6.039936295673658e+49
1672,2.533984510593337e+49
1673,1.9779154962919544e+46
1674,1.6407277755210572e+45
1675,2.6477394878200987e+49
1676,1.3390088257205107e+50
1677,2.8288446825203627e+49
1678,7.887380397719241e+46
1679,2.3524394096677817e+37
1680,1.0712510023629524e+50
1681,1.2615282703857734e+50
1682,1.8816055885160667e+44
1683,5.856984823548844e+46
1684,1.3024498207668176e+47
1685,1.3987581151009645e+48
1686,3.3512487439537995e+49
1687,5.937486477884591e+40
1688,1.8526295233692072e+39
1689,3.238245165768236e+45
1690,6.924857032808717e+49
1691,1.4141929790937306e+50
1692,1.3122328460439354e+50
1693,9.086814843829598e+44
1694,3.158673329666262e+49
1695,6.916403762225474e+47
1696,1.052382370187876e+50
1697,1.161259538017305e+50
1698,6.392770771708724e+48
1699,1.5629363054556605e+50
1700,1.0729561716448569e+49
1701,9.547587524793371e+49
1702,1.4334088299870903e+50
1703,1.532377487988922e+49
1704,1.0004594852488871e+49
1705,1.1069648362204433e+50
1706,1.3888797805651149e+50
1707,4.124515539465951e+44
1708,5.7150370399162e+36
1709,6.610597157884494e+49
1710,6.786895202619515e+41
1711,2.3031750587067334e+38
1712,8.395562750793785e+43
1713,6.317364493525944e+48
1714,9.457973930297396e+46
1715,1.008365863512184e+42
1716,1.1248013759950951e+40
1717,1.3267853686561042e+36
1718,3.594549337653653e+45
1719,1.1490789852594667e+37
1720,2.05286261388296e+37
1721,2.8417643330820064e+45
1722,9.226587901937874e+41
1723,3.9403995081787625e+47
1724,9.295838967309579e+49
1725,1.3778318185682956e+50
1726,8.366981774695153e+49
1727,9.836476661548515e+41
1728,6.16984681478091e+47
1729,6.639319067166091e+49
1730,1.948239793476083e+41
1731,3.2755032434603227e+49
1732,1.0231822298848043e+50
1733,3.0966423980016903e+44
1734,4.215272337697869e+42
1735,4.1977509944951686e+49
1736,2.288922179145544e+49
1737,1.3417100780829414e+50
1738,4.491256263511601e+43
1739,2.14052605954022e+49
1740,1.0276770636374436e+49
1741,6.879136974775926e+49
1742,1.2353512913359269e+50
1743,1.6250985481173747e+44
1744,2.4649503183148328e+47
1745,3.3623828701576846e+49
1746,3.978618117691726e+49
1747,1.1560709544742568e+37
1748,3.992245745967077e+38
1749,1.0216967279868373e+37
1750,4.555151846760281e+45
1751,6.296002048060401e+45
1752,3.221486134501955e+49
1753,1.2040843525781813e+37
1754,3.8038416564853504e+49
1755,1.590333322824818e+50
1756,2.1036722279648504e+41
1757,2.8930024783253006e+46
1758,1.3941226421616956e+50
1759,1.2972599691213933e+43
1760,6.265310069530544e+47
1761,1.013032439514625e+50
1762,5.4476669606307995e+47
1763,1.3285664379401276e+43
1764,1.4340148890202482e+47
1765,2.497410106521541e+44
1766,1.3294559107440933e+47
1767,3.137465820955885e+49
1768,1.0462706175104575e+50
1769,3.401615080331784e+48
1770,2.6595406426446015e+47
1771,1.633280919685803e+49
1772,6.709261058872567e+47
1773,1.0107188701453203e+41
1774,1.0699629287756947e+50
1775,6.67477543731561e+41
1776,1.2760102810958702e+50
1777,9.261115617890443e+43
1778,1.3801504540845441e+50
1779,6.546835153005484e+49
1780,2.9809224425963756e+49
1781,1.551768984390075e+46
1782,1.548402481330787e+50
1783,4.3991616884498896e+43
1784,1.0265452896549035e+50
1785,2.3421661977104523e+48
1786,1.9937987224624868e+37
1787,2.7704899417248465e+49
1788,2.8264263081707417e+44
1789,2.4737663147319314e+47
1790,9.057910071743095e+47
1791,7.033729216115932e+38
1792,1.3153463165408798e+46
1793,1.121405337047904e+46
1794,1.3004144263379878e+40
1795,3.976032378069703e+39
1796,8.447393319604871e+49
1797,1.188183796380671e+46
1798,1.28785124526813e+43
1799,9.700519944694762e+43
1800,8.632796636672201e+45
1801,9.103689392343523e+43
1802,1.4156030906329952e+46
1803,7.126702992233796e+40
1804,2.6966763406384836e+45
1805,5.333431496527299e+40
1806,1.7972665892632578e+46
1807,1.5473999581843493e+49
1808,1.136054087639878e+41
1809,1.0456487419882563e+49
1810,1.1820816129890999e+50
1811,1.6213696278508105e+50
1812,7.592831305456857e+47
1813,1.5344675010979078e+50
1814,4.6551754181489015e+48
1815,8.112649675881122e+36
1816,1.8750950758056836e+49
1817,1.3534904332416094e+43
1818,4.782488167213754e+48
1819,8.042537728309e+41
1820,1.5751406024839318e+50
1821,3.2865435575436426e+46
1822,2.2105820910501806e+40
1823,3.6298884663863054e+49
1824,3.961367248575283e+37
1825,2.1969326214650047e+42
1826,2.1161313325989565e+46
1827,1.6350554942045167e+43
1828,2.746498955962931e+49
1829,1.8324831283740676e+49
1830,8.009371246770888e+44
1831,6.0574349709344096e+41
1832,1.8987123674969652e+46
1833,4.334286343189078e+48
1834,1.3966143533078903e+48
1835,1.0396249710615862e+50
1836,4.446577698881768e+40
1837,1.6220668332574082e+50
1838,2.519177981734395e+49
1839,9.864360485391097e+46
1840,1.1881257022457907e+50
1841,6.459586314310054e+44
1842,1.3981934250296266e+50
1843,1.1251103261842581e+39
1844,1.045224202046905e+45
1845,1.589303072098678e+50
1846,8.67518421834366e+37
1847,3.244879347578785e+49
1848,5.188058143348132e+40
1849,1.0603908112329892e+46
1850,2.6363201541662188e+36
1851,1.3774603527452271e+50
1852,2.641687793973367e+40
1853,1.9472384537419807e+39
1854,5.064546681277333e+49
1855,6.180395979667789e+48
1856,5.424356096787734e+49
1857,1.1631019183243326e+40
1858,9.675921644539137e+49
1859,7.33813162783691e+38
1860,1.609661666107678e+50
1861,9.226989445353902e+49
1862,6.245339991011417e+44
1863,1.5516530182358685e+50
1864,1.1987033918785797e+49
1865,1.6120637149991578e+50
1866,9.737136318684969e+49
1867,3.211791491157515e+40
1868,3.2653291334055716e+46
1869,8.505202317490926e+46
1870,3.773656822653562e+36
1871,2.673075950090481e+36
1872,1.3925835979761187e+43
1873,1.0208130664169592e+46
1874,9.496694481569252e+49
1875,4.612503826986057e+45
1876,2.089028761243874e+45
1877,1.000313743949468e+45
1878,2.7265986166288374e+49
1879,2.764336675458436e+49
1880,1.0740679368771814e+50
1881,9.447749831290592e+41
1882,5.0256047356806134e+39
1883,1.0195789001854147e+40
1884,4.597701556587723e+47
1885,4.424552832427881e+47
1886,4.062295127401019e+40
1887,1.4453196880366346e+47
1888,3.311103406014172e+46
1889,1.0328251452965474e+50
1890,1.2786032631683769e+50
1891,1.2275579815556315e+37
1892,1.378605441065859e+48
1893,1.3146701144173183e+50
1894,4.262867218487222e+41
1895,1.5003217179254723e+49
1896,9.89646005941061e+49
1897,1.6236525100616062e+50
1898,5.525311283994701e+49
1899,1.7863728811414235e+49
1900,6.156663895479289e+37
1901,9.182699214562207e+48
1902,2.5435492785955356e+48
1903,1.2772374655902289e+50
1904,3.211414886456476e+42
1905,1.2149573514305393e+48
1906,1.0107627675344349e+50
1907,2.4176460332925774e+48
1908,8.825524254211196e+48
1909,1.8357030086876413e+49
1910,4.4389666445717924e+49
1911,8.918695127590054e+45
1912,4.93579943025747e+45
1913,1.0285915522827018e+40
1914,6.885598375246224e+49
1915,7.634501801654987e+44
1916,7.176809962039394e+49
1917,7.405957928105948e+39
1918,4.9736988133308696e+45
1919,4.0737916381010044e+43
1920,1.4525981338668248e+50
1921,5.088899618600493e+43
1922,4.413617088485314e+38
1923,5.371858577961625e+43
1924,1.1075056707944443e+44
1925,1.6150315164698457e+50
1926,6.435058720975247e+41
1927,2.2583503199099065e+38
1928,3.2733589013560937e+49
1929,7.092035693249932e+43
1930,4.634366284537959e+40
1931,6.293736049902806e+49
1932,2.2717885477876935e+48
1933,6.565224362042714e+49
1934,1.0316800137044362e+50
1935,1.2245964348610827e+43
1936,1.7835306070226585e+38
1937,8.617974073940343e+48
1938,1.0458700108033445e+48
1939,1.1677376153675587e+49
1940,5.800677555497936e+42
1941,6.641375952874051e+49
1942,3.003183837666672e+41
1943,5.366107895621326e+44
1944,2.6246007530304225e+49
1945,5.549984747859692e+47
1946,6.789175848388388e+43
1947,1.5204680273834921e+50
1948,5.297634668089741e+45
1949,6.465273008654492e+40
1950,5.381284094752444e+49
1951,5.872813349058137e+48
1952,1.3559541602485298e+50
1953,2.4707288887782752e+48
1954,2.046656589979959e+45
1955,1.0388613563218841e+48
1956,1.5107104084830161e+50
1957,2.9497712852656512e+41
1958,1.387588764762142e+42
1959,1.510804649060525e+50
1960,1.3223995388690823e+50
1961,1.5329179502678045e+37
1962,4.2462814588688214e+48
1963,4.2179096014482584e+48
1964,7.920866024634888e+48
1965,8.040514548199789e+49
1966,1.5658146261705758e+50
1967,4.180891567101709e+49
1968,8.78325295224767e+47
1969,5.629725311049791e+46
1970,6.690534969228172e+49
1971,1.0257452090451266e+42
1972,1.6150680470186489e+50
1973,1.5686581678109576e+50
1974,3.1215441208902743e+49
1975,4.25829692889352e+49
1976,2.748908945191076e+36
1977,1.4184391175072586e+48
1978,1.7564422321625914e+49
1979,1.5237003114067008e+50
1980,7.516733845186695e+48
1981,3.90576105164704e+46
1982,1.9069711827676196e+49
1983,7.112332759517171e+49
1984,2.883292495260331e+48
1985,3.306296523692586e+48
1986,7.545486933007818e+49
1987,1.5289030094875953e+50
1988,7.886038300347967e+49
1989,3.9974923751935024e+41
1990,2.1840645786835338e+48
1991,3.1689651644273423e+49
1992,2.0758564370545663e+45
1993,2.6473954551691527e+41
1994,1.6877034407689713e+43
1995,3.5032916668939267e+46
1996,7.756794896557824e+49
1997,8.936454209880797e+49
1998,5.826302312304291e+37
1999,1.4399582072076104e+46
2000,5.486334798979365e+49
2001,1.226299910658958e+48
2002,8.984200471666311e+44
2003,1.654638442670697e+37
2004,1.295278099704023e+47
2005,1.4272699287965362e+46
2006,1.1290312876558875e+49
2007,1.09397837195181e+47
2008,1.0956877388480993e+43
2009,3.845464044499016e+48
2010,9.986158461214372e+49
2011,6.692059025955143e+49
2012,6.351541421353946e+41
2013,5.5492807434232195e+48
2014,1.323782074546833e+37
2015,2.397786384259247e+42
2016,3.7641594109642413e+45
2017,1.3799621825087282e+47
2018,3.1431919192141103e+45
2019,1.242912884809815e+49
2020,3.967818573365132e+49
2021,7.191055524706697e+46
2022,2.3950842050076763e+49
2023,2.2801721570265444e+44
2024,1.473416828255455e+50
2025,3.1039784088892346e+41
2026,7.495119704715284e+41
2027,4.5727281653140266e+41
2028,3.669697913431578e+48
2029,1.6934388274749026e+44
2030,1.193073964654128e+50
2031,1.4747402882326248e+45
2032,3.9085226785907204e+48
2033,5.185372427376093e+46
2034,8.574456552042524e+43
2035,3.235493261620221e+41
2036,9.969714837829886e+49
2037,1.688173230366714e+49
2038,1.2098200972168166e+39
2039,1.084926377238893e+50
2040,7.324959995466503e+49
2041,1.6142583800236504e+50
2042,1.4382826192146086e+45
2043,1.518337883145681e+39
2044,4.4985273383595717e+49
2045,8.922966457931204e+49
2046,4.4969000538466004e+41
2047,4.95445089644964e+41
2048,1.6236629235600513e+50
2049,8.567433073916992e+37
2050,2.429946117201335e+41
2051,6.993619942375241e+43
2052,1.3937504641109105e+49
2053,2.3575644386289725e+49
2054,1.3719992576674612e+40
2055,4.122896686763281e+49
2056,8.417071580031319e+42
2057,6.1967924907105584e+47
2058,7.198752046388669e+37
2059,1.0090342727513848e+49
2060,6.017113009083387e+49
2061,2.3882223136493963e+48
2062,1.6198969439709723e+50
2063,8.412038559683218e+40
2064,2.6695668140895373e+49
2065,6.285657945890571e+40
2066,1.4882792065001114e+45
2067,5.95135453286545e+41
2068,4.055658911310219e+49
2069,1.3528099385950867e+50
2070,1.8059284684000793e+36
2071,8.634311105038031e+45
2072,1.2627506340512545e+37
2073,1.7805504934067837e+39
2074,4.123283032303717e+48
2075,6.211168532829561e+42
2076,1.0580962852278416e+38
2077,1.6073312350358346e+49
2078,5.6796200364118734e+45
2079,1.3423710265893816e+50
2080,1.9820437360893975e+38
2081,8.754128254594502e+49
2082,1.2757855096599257e+50
2083,1.6056495181624134e+50
2084,2.0708773345591656e+49
2085,2.504261686209235e+48
2086,1.3281648801312354e+50
2087,5.566961825765061e+37
2088,2.1629500189460657e+43
2089,8.744180503314617e+49
2090,1.5095343889765398e+47
2091,3.519446863118055e+49
2092,2.667509943252495e+49
2093,1.17523133946939e+49
2094,1.1483130575303123e+50
2095,2.97334856827652e+48
2096,2.6325834402763477e+42
2097,1.9296106860843378e+46
2098,8.899787135105353e+45
2099,1.0132388903862655e+50
2100,4.207325252976938e+47
2101,1.6142834367161939e+50
2102,1.59430079916077e+48
2103,1.953516678962815e+49
2104,2.7661386249991027e+48
2105,2.819428594420488e+40
2106,1.4816352096250723e+49
2107,1.8772356749144023e+48
2108,1.4025179331494946e+50
2109,3.80818701034051e+40
2110,3.1218982654444162e+47
2111,4.620238184543076e+49
2112,9.076654055869422e+48
2113,2.4877222323216315e+48
2114,1.40291377024623e+50
2115,2.222318344650846e+36
2116,1.1012149938666314e+50
2117,2.550661474425702e+44
2118,3.3539140255870466e+36
2119,2.591178361426087e+49
2120,9.315301218098232e+38
2121,8.279578423003114e+49
2122,3.14793304659992e+41
2123,7.055537910441313e+37
2124,3.259129131346038e+42
2125,7.646484189214826e+39
2126,1.456570861618994e+38
2127,2.319671648301843e+48
2128,6.778040650531437e+49
2129,4.503120743556616e+44
2130,4.5121870556755305e+48
2131,1.4227093159295312e+48
2132,2.873490829450335e+49
2133,2.3338134457124972e+49
2134,6.746871814194447e+49
2135,1.5646811252056793e+50
2136,4.9298294595221676e+45
2137,6.811875212680469e+45
2138,2.437085414581302e+39
2139,1.3855492041492041e+50
2140,3.1463468598300524e+49
2141,5.816710706150488e+36
2142,2.0249530011720435e+49
2143,6.464174585081996e+38
2144,6.229852661890882e+49
2145,1.6048682297108991e+50
2146,6.8245628090966144e+41
2147,1.2524531517491169e+46
2148,6.354084136176147e+48
2149,4.172024720698052e+45
2150,1.2649505932604353e+47
2151,1.1129616793152628e+45
2152,3.4591951254334056e+48
2153,7.923607066984533e+47
2154,1.0489868721242406e+50
2155,1.3180362280951386e+50
2156,3.206715575135834e+42
2157,1.3923218927959864e+39
2158,4.9873633569418116e+42
2159,1.1981730917125637e+38
2160,1.4156682049156207e+36
2161,7.287627326791379e+49
2162,4.834926583060528e+42
2163,6.780828928599022e+49
2164,1.6223098010571136e+50
2165,8.328087314528082e+49
2166,3.3765297685123795e+38
2167,5.3690507065650786e+48
2168,3.758763686583031e+46
2169,2.55395752507632e+44
2170,6.674377311595505e+47
2171,9.012382831983264e+47
2172,1.654818749282618e+48
2173,2.9324259446163127e+41
2174,2.5027221186662356e+39
2175,1.3849463874680383e+44
2176,7.602616658738603e+48
2177,1.3818891503089806e+50
2178,1.309416693675626e+50
2179,9.38498779873601e+40
2180,2.98213772679973e+46
2181,5.965340183251256e+49
2182,6.653758004615314e+49
2183,8.421786001722318e+48
2184,2.5976703694006288e+42
2185,8.715065348746452e+48
2186,2.421770975511248e+36
2187,2.896223070247872e+41
2188,2.00298069009397e+43
2189,1.614740879635169e+50
2190,2.7764446338164004e+48
2191,9.42126124582948e+49
2192,1.296593829136628e+50
2193,1.5767253195714444e+47
2194,5.166108216160219e+45
2195,1.454202749567104e+50
2196,6.769713566645775e+49
2197,3.0122997919327886e+38
2198,1.234545813469201e+49
2199,7.586232315526917e+49
2200,2.194593583774263e+45
2201,1.4369728733843232e+50
2202,8.722851319056924e+39
2203,2.3307441079126526e+37
2204,8.137758166200813e+45
2205,2.0798724713748317e+38
2206,7.324736416710047e+40
2207,1.1450466522797268e+37
2208,1.9097136030734148e+41
2209,2.398650070486147e+40
2210,2.374806726204563e+40
2211,1.2351759193991644e+50
2212,1.3717484870190366e+46
2213,1.187832636744451e+46
2214,3.091822306626407e+48
2215,1.7258950210268911e+43
2216,6.380295331131408e+41
2217,6.612890555580192e+36
2218,2.443215708851756e+49
2219,5.721689585935637e+45
2220,1.351815037154813e+48
2221,2.6121127837491095e+46
2222,2.3713768184543434e+37
2223,9.386165686515945e+49
2224,1.4413854736334352e+36
2225,1.1628663465133454e+46
2226,8.8121764617349e+49
2227,6.178090642410634e+41
2228,5.97826511770207e+42
2229,2.886597772341496e+43
2230,6.229680035856942e+47
2231,6.329332183188057e+44
2232,5.549334067429487e+49
2233,1.3860380443639793e+47
2234,2.3160503766730078e+48
2235,2.075587195842232e+48
2236,2.134305127907233e+49
2237,3.3658837622801627e+49
2238,1.6071375683768752e+50
2239,6.166380989206376e+49
2240,1.1014447647975278e+42
2241,5.957847783125459e+39
2242,1.9279780087065126e+42
2243,8.913035315900911e+37
2244,1.479517115236066e+42
2245,3.518126176700404e+43
2246,2.648221268662062e+42
2247,3.3665898846244147e+47
2248,6.971909798768329e+45
2249,3.326313126070269e+48
2250,3.793667657110518e+48
2251,3.589332462910498e+49
2252,2.9739591718462564e+38
2253,1.1705366917474703e+49
2254,5.908924007233558e+49
2255,3.662539325778496e+44
2256,1.1910097976400724e+50
2257,5.485445267151299e+40
2258,6.780010247314577e+49
2259,1.7428408490087798e+41
2260,4.7085222770677943e+42
2261,3.5941960679086945e+45
2262,7.252463713607895e+44
2263,1.4398530619563444e+41
2264,2.206785429499119e+46
2265,7.228306932857437e+42
2266,4.8197529401021784e+48
2267,1.3847402023109844e+50
2268,9.873167689156542e+49
2269,4.678273325016504e+37
2270,2.624121809442695e+49
2271,8.895014683739192e+49
2272,1.1795989239984914e+47
2273,3.6198793291495075e+38
2274,1.3084125758731209e+47
2275,8.829385656286647e+43
2276,5.560895055845647e+49
2277,3.3404382486524587e+43
2278,4.547360278187028e+49
2279,1.8789537055674067e+48
2280,1.499221892150681e+50
2281,4.477533476109159e+45
2282,1.148252380869167e+49
2283,1.798247100567655e+38
2284,2.312173285172111e+41
2285,2.6484292521598103e+43
2286,2.106320533341709e+43
2287,1.2898619388570715e+50
2288,2.1866094655764496e+48
2289,1.3354947275208749e+50
2290,2.1372048987270478e+48
2291,3.698558303995601e+47
2292,1.4846930819700865e+50
2293,4.6182124622422993e+49
2294,1.5989399638166184e+48
2295,1.2096020319794309e+50
2296,1.0086719227949584e+50
2297,9.521137570351921e+36
2298,5.6838581543300906e+38
2299,1.1466635221839509e+45
2300,4.3337653551344133e+49
2301,1.5725944560732241e+50
2302,2.1900162477743766e+48
2303,5.564313707847998e+44
2304,8.766423133675222e+48
2305,2.2788639138204024e+48
2306,5.879406433561998e+49
2307,7.206483657494402e+48
2308,1.036782304617528e+40
2309,1.0759249621225157e+47
2310,5.024291202947477e+48
2311,2.863194598653017e+46
2312,7.054917996162511e+46
2313,1.3099614494916036e+49
2314,1.2719164690473362e+50
2315,4.707339883614441e+37
2316,1.279610319206285e+49
2317,8.979593878338783e+49
2318,1.6234744194197876e+50
2319,5.070210362586582e+47
2320,4.85529690440514e+37
2321,3.871321591567298e+49
2322,1.9557337372399525e+39
2323,1.299647404895461e+49
2324,1.5733420567621965e+50
2325,1.8620193062751115e+48
2326,2.8707879478615334e+48
2327,1.1286774015071893e+45
2328,3.4228562945416073e+49
2329,3.6819187736456993e+39
2330,7.044076334535188e+49
2331,5.999350825661619e+49
2332,2.3544788094557563e+49
2333,1.374762628470361e+48
2334,5.682911728183563e+44
2335,1.129446237719594e+50
2336,4.994243297082051e+48
2337,3.417368105950687e+43
2338,6.795080886046807e+39
2339,3.394043591221825e+48
2340,7.824188953481118e+48
2341,1.3731788739333218e+50
2342,2.667982599236743e+36
2343,7.331233674974952e+49
2344,7.447134443258467e+48
2345,1.3293358098940494e+50
2346,2.1479854792389767e+37
2347,1.3932268444426854e+44
2348,6.209220697896453e+46
2349,5.4995563610142565e+38
2350,5.559173920502469e+49
2351,2.077792058504199e+42
2352,7.309816685890781e+39
2353,2.7563478759975158e+48
2354,1.9724113993118776e+44
2355,2.007267748522247e+40
2356,2.4878703905066323e+47
2357,8.563524993853248e+44
2358,5.2847998302047554e+36
2359,9.261502296498818e+38
2360,6.52874452531113e+49
2361,1.1327989551735097e+50
2362,9.274741608831583e+44
2363,1.6580328357520148e+37
2364,3.9232386371112336e+38
2365,1.3836956096496718e+50
2366,2.5381848016335168e+48
2367,2.359007524617714e+37
2368,1.3141681212246735e+50
2369,2.0900162365483546e+38
2370,2.1722890942672454e+36
2371,4.176553100032501e+42
2372,1.1611275298458918e+46
2373,3.3270925689066506e+48
2374,5.4652061215413365e+44
2375,7.787111284488152e+39
2376,9.798454625514348e+48
2377,3.3581639502316213e+42
2378,3.302502316553787e+46
2379,3.387034413845351e+43
2380,2.6303519438521922e+42
2381,1.5517527805942522e+38
2382,2.8461725832507072e+48
2383,1.1558903888349726e+49
2384,4.729522741783336e+49
2385,1.6555463436858023e+40
2386,6.872478176210537e+37
2387,4.710709098720268e+41
2388,1.5335699127799007e+39
2389,1.2325585920106647e+50
2390,1.1194868759298013e+44
2391,2.5037552071292052e+41
2392,2.4932248169563617e+40
2393,6.609931469802186e+49
2394,3.128950947959931e+48
2395,6.989554744855447e+49
2396,1.1032719822031794e+50
2397,5.883269582071647e+48
2398,4.989386961310551e+49
2399,6.89052477251206e+37
2400,1.6204312013487997e+50
2401,1.373722314870784e+50
2402,6.41723351503158e+39
2403,1.4481841334068878e+50
2404,3.93033430749658e+48
2405,6.412621913536312e+49
2406,1.1837034727681282e+49
2407,6.047392316892169e+47
2408,5.115507588782598e+44
2409,5.508301517030234e+46
2410,1.5594120297349018e+49
2411,8.558196844825906e+48
2412,3.6426777517276897e+39
2413,1.0653512412353745e+38
2414,1.3529589596109983e+50
2415,9.587056095225897e+44
2416,1.49445155416974e+48
2417,9.635317658989129e+49
2418,2.6551301040306323e+47
2419,6.068009731950799e+49
2420,2.569501883422278e+49
2421,5.189576134186345e+40
2422,1.479434043018815e+48
2423,3.528190799032781e+49
2424,1.3531166178824823e+40
2425,1.6097598132310682e+50
2426,4.2776919103391885e+42
2427,1.5137047118295637e+49
2428,2.305340221157049e+47
2429,2.469843481424721e+41
2430,1.3096168651615092e+50
2431,1.038565737257882e+37
2432,2.028699984380504e+36
2433,1.7586965500752244e+46
2434,2.0839758307967997e+49
2435,5.064569265462414e+48
2436,9.590187967312082e+39
2437,2.8450081069667746e+45
2438,4.734430216326959e+43
2439,1.105399198994107e+50
2440,7.590112787937067e+49
2441,1.5647737301258314e+50
2442,3.606192594435282e+43
2443,1.0282344168418593e+50
2444,8.396199207001304e+48
2445,5.890160956035429e+46
2446,1.3978905631896474e+49
2447,8.117948045613408e+36
2448,5.748486476659327e+44
2449,4.65724381758873e+46
2450,7.498092957600041e+49
2451,1.8617301573044692e+48
2452,3.55507951495485e+47
2453,7.334967016695046e+48
2454,6.30116460491806e+42
2455,2.5907635587153112e+39
2456,2.595967052293494e+49
2457,3.095282418470753e+38
2458,1.7280074061111158e+49
2459,3.6565131588143334e+37
2460,7.752206222309086e+49
2461,1.7950572695931255e+36
2462,1.8931717103094555e+38
2463,1.1906914044127792e+50
2464,1.6210374582615843e+50
2465,1.8234020331048637e+38
2466,2.9366818614147074e+45
2467,1.5271443074877935e+48
2468,7.809184482736299e+48
2469,1.7061876843126077e+42
2470,8.976943542542624e+48
2471,1.2261079554706433e+49
2472,2.296201030240836e+46
2473,1.677857965211217e+49
2474,1.309323473772349e+42
2475,1.9710970223864684e+47
2476,1.0487461535275344e+37
2477,1.5902206044289023e+50
2478,3.985246597328859e+39
2479,7.665795826901731e+47
2480,7.459791304160128e+48
2481,7.831349443062644e+45
2482,6.777539339081033e+40
2483,1.4882706378901784e+41
2484,1.2225143740829228e+49
2485,1.357213399822975e+38
2486,2.1314156750702987e+48
2487,3.2951180785365977e+49
2488,2.209507019130823e+48
2489,5.057097636617433e+37
2490,6.030829077428542e+37
2491,2.000664152151015e+41
2492,1.5176156719443422e+41
2493,9.844385293592682e+49
2494,1.3240389742170284e+50
2495,1.1814661194089157e+40
2496,1.3166831677804845e+48
2497,3.0614922134157685e+42
2498,1.4386832611437363e+47
2499,1.9677188157256635e+39
2500,6.357833423462979e+40
2501,2.873159103052481e+42
2502,7.911513057556675e+40
2503,5.06991348749363e+49
2504,3.0361826414488225e+46
2505,4.5253614510148786e+49
2506,4.8245237913763286e+39
2507,2.3983655688290163e+44
2508,1.4552936583574953e+49
2509,1.4613123977577813e+40
2510,2.4487586918498874e+49
2511,1.516724386034593e+48
2512,2.1541350500684482e+42
2513,8.040637958966925e+49
2514,1.5494162184852149e+50
2515,1.6236421000742534e+50
2516,1.5612176620131452e+50
2517,1.058542103032745e+49
2518,1.1510666976799822e+37
2519,4.110474466308974e+40
2520,3.6134091225630533e+49
2521,1.2539884824281801e+50
2522,1.4677459517584661e+50
2523,3.517334740403323e+48
2524,7.778975102572029e+49
2525,1.3009476977548573e+50
2526,1.487819799207448e+47
2527,1.5656408236215594e+50
2528,7.159790053534155e+46
2529,8.67606213426299e+45
2530,6.99309602141509e+45
2531,2.1322327016725272e+43
2532,4.6201044166395836e+49
2533,2.925359465678514e+49
2534,9.302592911704322e+49
2535,5.764814674159201e+49
2536,2.3335989941469727e+48
2537,2.0554212487779587e+40
2538,3.6734985772139195e+49
2539,5.176395379302119e+46
2540,2.9522391837521442e+44
2541,7.818495956553415e+44
2542,2.3710391785439208e+44
2543,2.973452416866104e+43
2544,1.627233675073981e+49
2545,9.037810841821797e+48
2546,1.1133734950774424e+47
2547,1.545369233947013e+50
2548,2.096932880525105e+49
2549,2.931293661330072e+48
2550,3.745460776725499e+38
2551,9.453998650613e+49
2552,3.5650759724984614e+48
2553,4.3424183898114114e+45
2554,2.0408654643649527e+46
2555,2.0894457703218969e+49
2556,2.7939111093021456e+47
2557,4.2951694282436076e+45
2558,1.915154281635384e+36
2559,1.5307585421135037e+50
2560,3.3213003482873646e+48
2561,7.779131369054283e+36
2562,1.6203233270212152e+50
2563,2.445851649664823e+49
2564,5.07170975923036e+49
2565,2.0678830635367702e+44
2566,7.469463417347946e+43
2567,1.1818372465907876e+44
2568,2.1024669355394172e+49
2569,1.5467265549094946e+47
2570,4.50292217262267e+40
2571,1.6236223246263788e+50
2572,7.54516481479744e+49
2573,1.0051163771395449e+50
2574,3.440725240085412e+42
2575,2.6216091110766333e+48
2576,3.1070635621723755e+49
2577,2.526678871581154e+46
2578,2.2514269516707528e+45
2579,3.9600060056384526e+49
2580,1.548935832890878e+50
2581,6.346851373515159e+38
2582,8.313734861227148e+36
2583,4.9032858385990336e+47
2584,3.9036529131342867e+49
2585,8.182139598579162e+48
2586,1.3035880149312934e+48
2587,9.106017043444756e+47
2588,1.6011887748667447e+50
2589,1.6983548471224537e+43
2590,2.2661200211765208e+49
2591,5.861290718371906e+38
2592,2.3493644482145355e+38
2593,1.7521889248536712e+45
2594,1.3106468943350723e+50
2595,2.0651395637874332e+46
2596,2.905879943741053e+39
2597,2.0583455599090975e+42
2598,1.28001699244058e+36
2599,4.043692597286628e+48
2600,1.2994018377454612e+46
2601,1.365523323605838e+50
2602,1.5994102975328775e+50
2603,1.142746204661886e+50
2604,1.2983140472681848e+45
2605,2.2123690410178684e+44
2606,1.0885394799867466e+50
2607,1.2282391537428623e+50
2608,1.3910642138571786e+44
2609,8.594666516408637e+49
2610,7.120750513520253e+42
2611,9.608139181476857e+44
2612,2.1201186877951558e+39
2613,1.2872741541193252e+50
2614,1.35214156331443e+48
2615,4.74042080159452e+36
2616,4.90835018517901e+42
2617,1.2840113836068963e+50
2618,3.090837902831507e+45
2619,1.1657064233913324e+49
2620,2.3868376515179892e+36
2621,1.53118693128407e+46
2622,6.638648401017425e+46
2623,1.5652922622696643e+50
2624,6.745345594760324e+37
2625,1.418925663667078e+37
2626,1.3886436548132217e+50
2627,2.581120602989695e+47
2628,7.448746687866783e+48
2629,9.942893877231167e+45
2630,2.0609496182406071e+37
2631,1.222795485360712e+48
2632,6.202521559976947e+48
2633,1.6477118222111048e+44
2634,3.4640503166706256e+40
2635,1.9304356794181112e+48
2636,1.4758863303594608e+50
2637,2.571998241150793e+49
2638,6.234469840353797e+49
2639,1.0483596667789896e+48
2640,2.668136810297606e+49
2641,7.21352612346668e+49
2642,8.156291585495513e+42
2643,1.6083599259720688e+50
2644,3.743979454853757e+36
2645,1.5605650965630432e+50
2646,3.3669305764751836e+47
2647,1.1989223529450623e+39
2648,3.4645164138993753e+46
2649,2.4775462820014143e+43
2650,8.456588844426608e+41
2651,1.0666423120405174e+50
2652,7.877097664030833e+39
2653,2.881607940442366e+43
2654,1.3254900478808247e+41
2655,7.517930756736067e+49
2656,1.0531702086192506e+50
2657,6.08223512930017e+43
2658,1.03258962658927e+50
2659,2.8545204009938204e+46
2660,1.707159056108381e+37
2661,1.270758738797479e+48
2662,4.970762366155675e+43
2663,6.240246471827603e+48
2664,1.2017472237703527e+50
2665,1.0286944840167679e+50
2666,1.0857811591179203e+43
2667,2.3940084068344194e+41
2668,2.271566020909687e+40
2669,1.8508503610901526e+42
2670,2.0507254090724566e+47
2671,3.3771693994030815e+43
2672,2.6195737766495586e+40
2673,7.422439175601518e+49
2674,6.722303485960928e+48
2675,8.423265775714868e+45
2676,6.141893164028649e+37
2677,1.2148108376944835e+50
2678,4.927114204835147e+37
2679,6.770715645386307e+43
2680,2.697142465834055e+38
2681,6.439773160311435e+40
2682,2.8675173643491336e+48
2683,1.4787982822225718e+50
2684,1.1002771481829105e+50
2685,1.0535665162196961e+50
2686,5.030517987679007e+40
2687,1.8098857355179324e+49
2688,4.976164752679615e+42
2689,7.839917392892473e+36
2690,4.0023406981145605e+48
2691,1.3352433945956939e+48
2692,4.1180440718728374e+49
2693,5.21355159543151e+49
2694,8.611084585030484e+42
2695,1.620145526078437e+50
2696,1.36303419299093e+45
2697,3.341898202027139e+48
2698,1.5094213603632516e+48
2699,1.622375733909404e+50
2700,3.2045436840220906e+47
2701,5.455203465611248e+43
2702,6.365890865053584e+44
2703,1.1266884361656798e+38
2704,4.6846929500344615e+48
2705,5.68661481589409e+38
2706,1.6925004205188775e+49
2707,1.535522406736195e+49
2708,7.370692846104965e+43
2709,6.733815428576045e+43
2710,9.698007988426312e+42
2711,7.838262090473725e+48
2712,2.4793135273125936e+46
2713,1.814317807873062e+43
2714,1.924357525880938e+48
2715,1.6070934187000676e+50
2716,2.580966817172092e+48
2717,1.7642917899043673e+41
2718,1.547268825048799e+48
2719,1.1825246494158207e+48
2720,8.451933013626742e+49
2721,2.5022318060916655e+49
2722,8.560803541677729e+48
2723,2.8858874103334757e+47
2724,5.001318713733485e+42
2725,7.520074972391775e+44
2726,3.1997467042337435e+45
2727,7.327303862385279e+42
2728,1.149218046818606e+40
2729,3.9216986188525286e+45
2730,5.099048021743107e+38
2731,1.4932981435229223e+44
2732,3.9933771029203368e+40
2733,2.3967363124129767e+49
2734,3.835880704216833e+45
2735,3.500059732839542e+41
2736,1.3925509943980654e+37
2737,1.6127451500808734e+50
2738,5.285995866195697e+47
2739,6.175305808355123e+49
2740,2.0999394313930223e+46
2741,8.720975328065323e+49
2742,3.1536643292684323e+38
2743,1.8036689070503608e+46
2744,2.478713246871743e+45
2745,2.5439885959873213e+49
2746,7.677626726681145e+41
2747,3.30791520449032e+48
2748,1.483185789988573e+50
2749,3.708755294898454e+39
2750,2.493086671455977e+43
2751,1.2394306451918918e+49
2752,1.2683957818298275e+45
2753,1.2580942566811241e+37
2754,6.479561452049114e+49
2755,5.0389503140737026e+39
2756,7.62267687704429e+49
2757,5.4799081020622534e+45
2758,2.7688478206834847e+41
2759,1.0074019855035797e+45
2760,6.664864745990917e+48
2761,1.0210899436452849e+43
2762,5.242309428092338e+42
2763,1.354983245792056e+50
2764,1.5485745654912534e+46
2765,1.101382807085253e+50
2766,1.0244101537317081e+37
2767,5.2925556110286826e+48
2768,7.091225393317166e+48
2769,1.712935974365654e+43
2770,6.433638849080782e+46
2771,1.4757321226837847e+44
2772,6.137470658076353e+42
2773,9.036193923426107e+38
2774,7.73609167786982e+48
2775,2.8687494538848373e+49
2776,1.1846947104728526e+43
2777,5.688040797883059e+49
2778,6.193026421695973e+49
2779,3.806086635007526e+49
2780,1.2399095989308558e+36
2781,7.234473489021308e+49
2782,3.8502651245312426e+41
2783,2.9905165108973807e+49
2784,3.034682209224597e+44
2785,9.290404837947926e+49
2786,1.6173543277754766e+50
2787,6.443729270910202e+44
2788,3.102903870470635e+41
2789,7.858021752572273e+49
2790,9.232472503516004e+42
2791,3.17766812621736e+45
2792,3.0193921739905214e+49
2793,1.2642749652227437e+38
2794,2.1968013287930346e+49
2795,2.5661600783424697e+46
2796,1.1014655794279036e+50
2797,4.73312102798588e+47
2798,4.2099383076758317e+43
2799,2.6297775094964823e+48
2800,6.957717307371313e+46
2801,2.724231347076468e+49
2802,4.4023921461456776e+48
2803,1.653639875650603e+41
2804,1.927909761824042e+40
2805,6.19592726378071e+48
2806,4.5174757298076183e+49
2807,1.4910394447089179e+50
2808,6.421184440350119e+49
2809,6.509896578227948e+42
2810,7.545392291106536e+42
2811,8.654771817640294e+36
2812,1.6082844201439616e+37
2813,1.5571806314446544e+50
2814,9.663138277244684e+45
2815,1.3553836945952087e+49
2816,1.05959851572935e+50
2817,8.994498742703129e+49
2818,7.210057794167254e+36
2819,3.134420394959969e+49
2820,1.5325810621639333e+49
2821,6.283456245140436e+45
2822,7.720629559778752e+36
2823,1.5629918305479206e+38
2824,8.56738963588831e+49
2825,8.996550617708493e+48
2826,1.4513450864490894e+38
2827,3.447057380346834e+48
2828,8.415667024327484e+47
2829,2.829931321062543e+45
2830,4.286155707997008e+43
2831,1.592209205428461e+49
2832,1.608752732063087e+45
2833,1.4195505504603872e+49
2834,4.1512019087986384e+49
2835,1.1061596689116381e+50
2836,9.177902190052645e+45
2837,9.606081937848227e+45
2838,1.591985489916067e+48
2839,1.8638954128009674e+37
2840,3.589611470429211e+42
2841,2.514565142618071e+49
2842,4.553048994225757e+48
2843,1.3004727768584498e+49
2844,3.697287171189538e+47
2845,1.6230218310973184e+44
2846,1.1420879739146915e+37
2847,1.3407939609125236e+45
2848,5.658278468673754e+47
2849,8.790827488599993e+49
2850,5.709345967449356e+44
2851,1.3929909611869138e+50
2852,1.1062162536333393e+42
2853,9.17900308777702e+49
2854,1.3114292769465195e+50
2855,1.384097004089896e+50
2856,1.7135260736164247e+40
2857,6.739882407985976e+45
2858,1.0089852694786551e+38
2859,3.084108493812008e+47
2860,1.5038289632577806e+50
2861,1.413927155477055e+50
2862,5.508666354948441e+41
2863,4.625610105782279e+47
2864,2.6253578299908085e+49
2865,4.645163998123797e+48
2866,1.598381047896448e+50
2867,3.3750046810073747e+38
2868,1.874601414672807e+41
2869,5.020780277204016e+48
2870,5.4921418363564096e+48
2871,1.4141367060538779e+45
2872,2.587044012945751e+48
2873,1.0168494598547328e+44
2874,5.15068718091422e+49
2875,8.486452097515131e+48
2876,1.3726090421276975e+48
2877,9.334660892028508e+42
2878,1.758670395815753e+36
2879,1.1687291695900413e+49
2880,1.0608747309954245e+41
2881,6.83530289526757e+42
2882,4.832775512298879e+38
2883,1.0772726416725223e+50
2884,8.116905050344248e+49
2885,4.840190731455555e+49
2886,1.6630591255494556e+39
2887,3.1894171295194895e+39
2888,4.851755046083851e+44
2889,4.91451661328348e+49
2890,1.8897010537581534e+40
2891,8.989491673482037e+49
2892,1.0138834813864713e+40
2893,2.658956817861258e+49
2894,1.1037710718474428e+50
2895,5.87777714153496e+49
2896,4.650081609133031e+41
2897,7.971210692742081e+45
2898,1.7788402309908913e+49
2899,2.3038328448042695e+47
2900,3.0053284617658123e+49
2901,1.3712339533717008e+41
2902,2.9346314299130617e+37
2903,1.5943904136243452e+50
2904,5.3244610834260856e+41
2905,3.009144537075627e+39
2906,2.438222398033197e+40
2907,3.91216095550718e+40
2908,3.347084249556773e+37
2909,1.5864725556951869e+50
2910,8.782409714977581e+49
2911,4.060837793629665e+45
2912,6.57286922474034e+49
2913,8.340026664201327e+42
2914,3.2829340017017442e+41
2915,1.5070958924192684e+50
2916,9.725758176542294e+49
2917,1.0503483945975867e+37
2918,1.3728089679876794e+41
2919,1.4959205970103874e+42
2920,1.4856451359207413e+50
2921,1.6220124892875779e+50
2922,6.39054393365515e+48
2923,1.5877257839883548e+45
2924,3.5285696069001135e+48
2925,3.0899798664593742e+44
2926,3.774602197489927e+37
2927,7.109424727559673e+47
2928,1.5886919682674125e+49
2929,9.805017528330649e+48
2930,1.918736706347427e+44
2931,8.184169614725542e+49
2932,1.2236154815503857e+50
2933,2.0669373503241093e+45
2934,1.1595849229824037e+46
2935,4.9249279895146066e+48
2936,1.4878042154902859e+37
2937,3.9377633116075415e+49
2938,1.2180180249025884e+42
2939,3.6393560911752793e+39
2940,6.023143682492912e+48
2941,2.0793757013305072e+36
2942,4.0652000948636373e+37
2943,2.4110579886653125e+38
2944,1.7717353002318013e+42
2945,9.252413993999598e+44
2946,2.8291734047848443e+47
2947,2.1365111628499767e+42
2948,2.281552533480188e+46
2949,1.3873763490364664e+50
2950,9.892314721774944e+47
2951,2.721391981494063e+42
2952,1.2945332487271262e+50
2953,1.4323521939932217e+50
2954,1.036219595753275e+47
2955,9.70675080321979e+49
2956,1.5523545192276556e+49
2957,5.092307588327525e+49
2958,1.3865500990583448e+50
2959,3.4969367340766553e+48
2960,4.3098848458301296e+49
2961,1.1584587491964545e+49
2962,1.0633704995283045e+44
2963,2.2630894883059852e+38
2964,2.617044831061575e+49
2965,5.845628279099749e+43
2966,1.1950351902561154e+45
2967,2.0294087995192761e+37
2968,8.638408759818442e+42
2969,1.4116123909359035e+46
2970,1.6155958140436314e+49
2971,1.8144402308458436e+37
2972,1.3395574049353953e+48
2973,2.9635729210631924e+44
2974,1.323910042917205e+50
2975,4.637289489046107e+49
2976,2.359496767515562e+49
2977,5.462486471426232e+48
2978,1.4920948909207398e+50
2979,1.0040049720846706e+50
2980,3.005642647653418e+47
2981,1.182146113078639e+38
2982,2.2602805743548837e+42
2983,2.3709431853780666e+48
2984,3.142486300208653e+46
2985,1.0800021051746519e+40
2986,1.6901003885291384e+37
2987,8.261685408106383e+49
2988,1.2209339181390114e+47
2989,5.576631095340703e+47
2990,4.373063258054698e+49
2991,2.57221057394278e+49
2992,7.985393569989889e+49
2993,7.186186688917269e+48
2994,6.321112154087228e+49
2995,1.6236352829482445e+50
2996,1.4358636537145354e+40
2997,1.8792808283122246e+48
2998,7.143188033231025e+40
2999,1.5000334461824523e+40
3000,1.597126668330031e+50
3001,7.349431095426577e+48
3002,1.2862550149950858e+50
3003,8.710685152412827e+46
3004,5.235113801855602e+48
3005,4.204053919099035e+42
3006,6.899945811897586e+49
3007,2.987284750871132e+48
3008,5.159822993527675e+43
3009,1.1400276954306458e+43
3010,1.2182971658361293e+50
3011,3.209590886292428e+47
3012,5.5389670909537836e+41
3013,8.381052042280119e+38
3014,1.5976381143640477e+36
3015,1.1532862937173593e+50
3016,1.7745242609241004e+49
3017,2.33679788764738e+41
3018,5.377308749469089e+49
3019,1.3523786542112246e+47
3020,2.8345932572456662e+47
3021,2.307107966674189e+46
3022,2.322688444366133e+49
3023,3.5072752218117966e+36
3024,8.153676246414436e+38
3025,1.871111184161232e+49
3026,1.5603406974230936e+48
3027,1.6329255446507615e+49
3028,2.6420465939303073e+46
3029,9.085837915919607e+49
3030,3.8078886499657244e+37
3031,7.172800360948931e+49
3032,2.609855429937264e+40
3033,3.6592164306616976e+49
3034,5.944412905341935e+46
3035,3.787583688668638e+45
3036,4.873244838998559e+38
3037,2.8875058135577295e+38
3038,1.4156590766404112e+50
3039,1.0262283901509992e+47
3040,4.425439323323755e+37
3041,9.455499286191175e+42
3042,1.4031783831790706e+40
3043,9.694946236594864e+47
3044,5.879593910432062e+49
3045,1.4758831904868116e+50
3046,3.921699085127189e+48
3047,1.5703898811901256e+49
3048,1.4482227942591111e+50
3049,4.5497879767077517e+46
3050,5.312956601725482e+42
3051,1.647407775283244e+38
3052,5.992796724007263e+40
3053,8.186419328535758e+47
3054,3.31241884662752e+36
3055,1.898829322604357e+45
3056,6.431524520499444e+42
3057,7.091984933209878e+44
3058,5.966077593176645e+49
3059,1.5163771445952945e+49
3060,7.293043882285082e+45
3061,2.8695817236040304e+40
3062,8.205815694011404e+48
3063,1.0844794122650426e+49
3064,5.661623814278755e+40
3065,5.4530911278782734e+45
3066,4.730585063182909e+43
3067,1.5888960775324318e+42
3068,1.5192933113967606e+48
3069,5.410374967332151e+49
3070,1.2989211621285475e+42
3071,3.3187923974679553e+43
3072,1.6367026630415575e+45
3073,3.5592395679583816e+47
3074,1.9406126914018377e+43
3075,6.068277862634277e+48
3076,4.1836753015369493e+49
3077,1.752189612128786e+41
3078,4.097223050285916e+48
3079,1.0967094037510875e+46
3080,1.0649407394477968e+50
3081,1.6342906018636726e+46
3082,1.5027974650938753e+48
3083,5.863729389386389e+37
3084,5.561696787176859e+49
3085,4.762155260626865e+38
3086,3.363304010802463e+49
3087,1.352890075704612e+50
3088,1.6034682021617844e+49
3089,7.798961155993723e+49
3090,7.827560639305488e+46
3091,1.7482689899516906e+49
3092,2.549178901344948e+38
3093,2.0804097741148834e+46
3094,1.2815295858230194e+50
3095,1.3488863391346286e+44
3096,9.352714626630302e+48
3097,3.183602079052483e+40
3098,9.259254122655179e+48
3099,7.626436955674075e+41
3100,1.2032646448327323e+50
3101,2.0755121452753556e+48
3102,7.459281358539473e+44
3103,2.950970292313516e+48
3104,2.8964758426313423e+48
3105,1.5695094537907674e+50
3106,1.3670340364718487e+45
3107,1.3368877347658062e+50
3108,1.9694248984305164e+37
3109,2.8943374905624118e+48
3110,6.36807185043105e+46
3111,4.021632825721402e+41
3112,3.839786130525018e+48
3113,1.5737685200160068e+50
3114,3.628056799493596e+49
3115,1.0677230806410686e+44
3116,4.4809898602830364e+49
3117,9.621205444108503e+49
3118,5.000958438061133e+44
3119,3.490538649643945e+48
3120,4.151392238008379e+36
3121,6.179545018692862e+49
3122,7.881087524358748e+45
3123,4.0793402668632355e+49
3124,8.628669303162797e+48
3125,1.3322197470855683e+41
3126,4.4324372657856086e+49
3127,1.7036872036348025e+48
3128,4.140084907999593e+49
3129,6.670246956083154e+48
3130,2.1906614554869024e+49
3131,3.441737421234799e+43
3132,6.044825999441465e+43
3133,2.9877794241682805e+49
3134,1.0828575838074897e+48
3135,1.1587035760682996e+49
3136,1.0410645501034055e+46
3137,1.6454357673870838e+42
3138,1.5563432599431036e+50
3139,6.865621296279024e+40
3140,4.359841997148925e+49
3141,1.1972544019524258e+40
3142,8.253717234609637e+41
3143,4.81467458631806e+43
3144,7.550592061363634e+43
3145,9.616126946730048e+40
3146,1.3555721048217651e+48
3147,5.289346931598736e+49
3148,6.988194492282596e+39
3149,2.8907020282397354e+43
3150,9.369919487696075e+44
3151,1.2757562328857334e+46
3152,3.113653583514087e+45
3153,1.000994393113558e+47
3154,2.7483710157413525e+44
3155,9.253309547393939e+49
3156,1.2248336366158457e+49
3157,5.98470525965293e+46
3158,5.291285340691902e+46
3159,8.450542976550599e+44
3160,3.226073173798312e+48
3161,3.313513266123189e+49
3162,5.476626470377512e+42
3163,8.493666405117208e+37
3164,4.552770663900361e+36
3165,5.200368516849563e+49
3166,3.1088031760428387e+41
3167,3.6198539647828564e+39
3168,1.392295607500983e+38
3169,1.5285343159426795e+44
3170,7.290157767964662e+49
3171,1.1251848950217876e+50
3172,2.57393664426384e+49
3173,8.071251396413041e+49
3174,1.8948439758134265e+41
3175,2.6329710351597256e+42
3176,2.7041900621364423e+41
3177,6.225684885238035e+49
3178,1.4916981473529206e+48
3179,3.704154239798626e+48
3180,1.8819796953588643e+39
3181,5.810630612790229e+43
3182,8.262337788401528e+49
3183,3.7105842069163675e+38
3184,1.6010125462825417e+50
3185,1.615846479998552e+50
3186,9.666894039865347e+47
3187,1.9410996668254097e+38
3188,1.2241264237309053e+50
3189,5.60028988569778e+48
3190,8.919952842303479e+49
3191,1.449971264234732e+38
3192,3.89234066477475e+49
3193,6.267099183932905e+47
3194,1.6353771169091028e+41
3195,2.1047939178264048e+47
3196,3.0315559031184035e+39
3197,8.388240269620281e+41
3198,1.4413858521781842e+50
3199,1.3608971630391562e+50
3200,1.3355178542771148e+44
3201,2.7909182698612596e+36
3202,8.763921478750554e+49
3203,2.5076250081889774e+49
3204,9.998865828867938e+36
3205,1.8324367327165722e+44
3206,1.6229173963503645e+50
3207,1.048145564333786e+45
3208,3.0793588635796754e+49
3209,3.378288298791866e+49
3210,8.08657592410944e+49
3211,1.1760063859034483e+40
3212,8.579822207210781e+38
3213,2.738393311879661e+48
3214,3.100609734079559e+49
3215,1.3247225408987736e+50
3216,5.215459326094981e+48
3217,6.506344017111722e+44
3218,1.4589725024170073e+39
3219,1.0189451400018296e+47
3220,1.2298260721406149e+40
3221,1.1771053178299124e+50
3222,1.1022601881594417e+50
3223,6.863325129150901e+38
3224,4.530747436549473e+45
3225,1.2809293405136393e+49
3226,1.2590980478136457e+41
3227,3.1908523644350527e+49
3228,3.24621621327814e+45
3229,5.991125183902029e+49
3230,1.7400670025963928e+48
3231,6.992358123524956e+42
3232,8.583554377803643e+39
3233,4.9616580639300196e+44
3234,2.2032008833300087e+48
3235,3.757321203112393e+48
3236,6.751920106388169e+48
3237,7.019026018681773e+49
3238,4.108898246556089e+49
3239,2.6464942885773433e+47
3240,1.3591983779379665e+49
3241,1.459515533141158e+50
3242,6.261358839242275e+45
3243,1.5798487380713175e+50
3244,1.5990574588045518e+50
3245,9.67648313761161e+46
3246,4.525532240246754e+36
3247,4.246508195219616e+47
3248,3.0808071818774843e+37
3249,6.72635279502008e+42
3250,4.4284752777045185e+36
3251,2.694785029114317e+39
3252,9.829550830297143e+49
3253,1.5736167139958096e+46
3254,3.375345722574306e+48
3255,7.468437234391592e+49
3256,7.724457748339955e+48
3257,3.5061246556412433e+45
3258,5.174812326234683e+49
3259,1.5569990016128979e+47
3260,8.582622527655727e+49
3261,2.1885746563829907e+49
3262,2.58484088551451e+49
3263,5.251364752690081e+43
3264,5.883963786071616e+43
3265,6.621961379667313e+39
3266,8.708284113582058e+41
3267,4.610807629947155e+46
3268,4.030260062668198e+38
3269,1.8872722272198783e+48
3270,2.8082077100234547e+49
3271,1.0125280080481067e+49
3272,2.5315844044191847e+49
3273,1.0232078894989722e+40
3274,2.446698909084458e+44
3275,2.3617550172008956e+43
3276,1.5078728905820975e+50
3277,1.4180585540570697e+50
3278,1.1898235935605785e+49
3279,2.3606946114232977e+49
3280,1.753958120276976e+48
3281,7.745613126255688e+42
3282,1.6569429973712713e+41
3283,6.402837565869258e+43
3284,1.1682862464703134e+50
3285,1.0372346262528847e+50
3286,1.4969909639791319e+50
3287,4.138809309441551e+47
3288,1.1907178626558495e+49
3289,3.5256693511656205e+44
3290,7.287903178260641e+42
3291,7.290821921155358e+49
3292,1.2908575599780533e+50
3293,6.490635705506581e+46
3294,1.053395957352201e+49
3295,2.5950030220748773e+42
3296,1.6278255248097918e+45
3297,4.99104721679708e+36
3298,9.861770638424166e+43
3299,1.8510489824767654e+48
3300,8.293423432943105e+45
3301,2.458400685645059e+39
3302,1.0953347183017027e+49
3303,8.714257739293344e+48
3304,2.1429763916524631e+46
3305,6.452364391674184e+49
3306,8.087951961866116e+49
3307,2.1857887528611904e+48
3308,1.09054893521886e+44
3309,1.6217383499783023e+41
3310,2.6791021465861085e+48
3311,1.1342758160789477e+48
3312,1.5738881933741653e+50
3313,1.8740631193916027e+38
3314,3.0486420791415e+49
3315,1.4858338368733472e+41
3316,3.3778781807519777e+44
3317,1.6226036083027158e+50
3318,1.2696264349571112e+50
3319,2.103869574560657e+48
3320,4.213784308575067e+39
3321,3.985515895773138e+49
3322,2.4486384164292605e+41
3323,7.098149917292468e+49
3324,3.6491282815844037e+43
3325,1.3411528583647858e+50
3326,3.6291049598762994e+47
3327,9.524237297753543e+47
3328,1.256144484636964e+44
3329,1.299674658978554e+37
3330,1.4898378552461267e+50
3331,1.1146682563555453e+49
3332,1.0835157475348338e+39
3333,1.9494423148002758e+43
3334,2.7141899129967364e+49
3335,3.1274341295739124e+42
3336,1.8966698428262624e+49
3337,9.54952713122402e+43
3338,1.3252469706204157e+50
3339,3.245961809133377e+47
3340,2.1725178170336012e+49
3341,7.900050048876718e+49
3342,1.5751599733837525e+50
3343,2.3010570717306804e+49
3344,2.932946600474481e+41
3345,7.325926831035283e+49
3346,6.350135628914583e+37
3347,1.0221328280113384e+49
3348,1.2378977939143278e+44
3349,1.5680033004739888e+50
3350,1.137633984061297e+50
3351,5.545718942300744e+37
3352,4.513236940792742e+41
3353,3.96242628615304e+46
3354,6.597457605357883e+49
3355,5.1320789067489875e+48
3356,1.7498418345817504e+48
3357,5.1842760007985e+37
3358,3.500840336138904e+43
3359,2.0493091255784927e+43
3360,2.587256930992259e+43
3361,2.4199996742071463e+38
3362,4.7825028696950156e+47
3363,1.45003090234021e+40
3364,9.906272892440596e+49
3365,9.796960659455385e+49
3366,7.888448877897374e+46
3367,1.4357670279973857e+50
3368,8.40497171601355e+49
3369,2.5454163796735975e+46
3370,6.594551773008342e+43
3371,8.408302138557505e+46
3372,8.553311650614436e+39
3373,4.715666925028688e+49
3374,6.88865902932501e+47
3375,3.568514673515369e+44
3376,5.83510461277402e+38
3377,1.0890826441914885e+50
3378,9.925335379470238e+49
3379,1.381983553860493e+50
3380,4.924685207764681e+49
3381,7.782082141447038e+48
3382,7.2943161741181455e+47
3383,6.744343981078679e+43
3384,7.866328083886419e+38
3385,6.250795632188337e+49
3386,5.967336492297967e+48
3387,3.404505199186607e+49
3388,4.4905622860046674e+45
3389,8.688820268525729e+49
3390,1.7964975921148076e+46
3391,1.0105696577026819e+39
3392,1.7515564060169674e+39
3393,5.889685118730984e+47
3394,8.111768307434532e+37
3395,2.376569962527807e+47
3396,1.246220607358945e+50
3397,1.037449750935381e+50
3398,4.378967956735433e+49
3399,4.9618237371107005e+47
3400,5.677566843916027e+49
3401,7.09247107437201e+49
3402,1.5840581895631414e+50
3403,2.7318722039179604e+49
3404,3.1078750215397157e+47
3405,5.848847197107966e+44
3406,3.376376298175455e+44
3407,3.410271011846363e+45
3408,1.565784123534518e+50
3409,3.790435438156538e+41
3410,1.885951323841878e+47
3411,1.8745575227442445e+38
3412,1.210243986783414e+43
3413,4.29010245869505e+43
3414,2.4122948575743992e+36
3415,4.543353746814802e+49
3416,8.688501533511965e+47
3417,5.919570818033205e+48
3418,8.831406299930007e+38
3419,5.369206133509282e+48
3420,6.100520142281183e+36
3421,1.3975919589102735e+49
3422,7.751063232966515e+49
3423,1.4580837339014187e+48
3424,4.470821864670135e+43
3425,1.5065059718088227e+36
3426,1.7466965536329537e+42
3427,9.259929917681852e+46
3428,6.513243479600945e+43
3429,1.5345587195714606e+49
3430,5.371281228000666e+49
3431,1.6942939567804998e+40
3432,1.3176145738279097e+50
3433,5.226272961118612e+40
3434,1.6063292281869167e+50
3435,1.587200679219283e+50
3436,3.1568754650088046e+41
3437,6.808085971830995e+36
3438,5.068874905313754e+42
3439,2.2154443784245388e+45
3440,9.149744726380828e+49
3441,1.7859416482873289e+47
3442,1.5347172721374113e+50
3443,6.372586817396921e+41
3444,3.1194041975171314e+49
3445,3.71224876463774e+44
3446,1.9290396430097944e+47
3447,4.1082840242331146e+45
3448,1.0492165044338309e+41
3449,2.3990490216703834e+42
3450,8.898354223606389e+45
3451,5.040788682055265e+49
3452,2.6701110175338445e+45
3453,5.005536621977757e+39
3454,1.0094034501960563e+48
3455,5.12807162413073e+49
3456,4.431182989761841e+40
3457,2.65595682205466e+48
3458,1.4466834962001342e+50
3459,4.793457535923549e+40
3460,2.6180460074132943e+36
3461,4.978999301776126e+43
3462,1.3153351927710925e+41
3463,3.2014197085934908e+38
3464,2.264975573397977e+46
3465,1.4758298955033558e+45
3466,9.59305219376761e+49
3467,4.1393619006069304e+45
3468,8.540320793406156e+46
3469,9.406635552709354e+40
3470,4.791585310196634e+49
3471,8.689217182319283e+48
3472,4.1145884867092293e+49
3473,8.501665917610869e+48
3474,2.6830201424199628e+48
3475,1.6037390736266324e+50
3476,9.269399087830999e+43
3477,1.7954875528936755e+47
3478,8.163288656674094e+40
3479,1.3655579677961467e+39
3480,1.0470627793683173e+50
3481,7.637696292585347e+43
3482,5.70162684704574e+47
3483,8.194533740693099e+49
3484,1.871636687181883e+42
3485,2.3949325973206203e+48
3486,1.1113990250197093e+50
3487,7.297005901971789e+49
3488,6.150813553409825e+48
3489,8.804728889560281e+36
3490,1.414654669884541e+41
3491,3.950997044082823e+45
3492,9.16755038331107e+36
3493,1.1125778262078478e+50
3494,5.2545866443281e+49
3495,7.693330365313582e+46
3496,3.2334748269839453e+46
3497,1.290969507914996e+47
3498,5.485391645555093e+37
3499,8.511468847134229e+41
3500,3.1735093698658945e+49
3501,1.1150817914145718e+50
3502,1.1050327388428193e+42
3503,1.3700534166827562e+48
3504,1.9001905237396682e+39
3505,3.352353981804955e+45
3506,7.003992133609042e+46
3507,2.7576299148783674e+49
3508,2.9874177511366256e+44
3509,9.089002611808822e+49
3510,2.170843721443684e+47
3511,1.4406343873273972e+50
3512,1.6512298029189898e+46
3513,9.229822383330459e+48
3514,7.099306748061913e+49
3515,1.993415118280477e+49
3516,4.858989878106382e+37
3517,3.9413775864166755e+38
3518,1.6960984402736478e+40
3519,1.6804616308454887e+42
3520,4.225687890806242e+46
3521,3.18765848055201e+36
3522,1.1960090197856275e+49
3523,2.477953982528941e+37
3524,1.9060156623748393e+37
3525,6.077560426904979e+41
3526,7.33486764911995e+41
3527,1.600261189604622e+37
3528,9.197682888305952e+44
3529,1.5667402537006009e+50
3530,1.0729270383731326e+47
3531,4.534778050998896e+39
3532,2.646281122131644e+43
3533,2.1861900876978473e+48
3534,1.216000479703736e+42
3535,1.5991439110126328e+50
3536,2.182469785999791e+41
3537,2.1231952762580574e+37
3538,2.7212853902928556e+36
3539,1.056738175411283e+38
3540,4.121987474989864e+45
3541,3.3850264429216692e+41
3542,1.177479932505253e+40
3543,1.64401816923845e+44
3544,5.437368653279736e+49
3545,2.3779484346558187e+44
3546,2.7130519396878166e+49
3547,4.595612921668176e+38
3548,3.2672315517876723e+38
3549,4.866986606212601e+43
3550,1.507701405948682e+50
3551,2.188758747080612e+49
3552,1.128678862467791e+50
3553,8.265057974291397e+41
3554,1.4503965038459236e+49
3555,7.728553578974114e+49
3556,7.60624834344744e+49
3557,1.6364288800703435e+47
3558,9.12309397163662e+49
3559,2.7072802318902564e+46
3560,1.531814922952473e+50
3561,2.885112972231496e+39
3562,9.919111085877302e+43
3563,1.8103397806490042e+48
3564,8.309966596420821e+37
3565,1.8879991390032706e+37
3566,1.774001907786123e+41
3567,1.0116101409619007e+50
3568,1.5374113362689444e+41
3569,5.601249757970688e+49
3570,5.320644782439397e+47
3571,1.2066276973734698e+47
3572,1.794446407815788e+47
3573,2.4771796883044824e+49
3574,2.0096065070428856e+46
3575,1.3413388556956683e+39
3576,4.822966087311901e+49
3577,3.271142543888557e+49
3578,6.288827440512923e+49
3579,3.891876719585043e+37
3580,1.9246243417310287e+38
3581,1.507982747608621e+50
3582,1.4497487984564023e+50
3583,1.6233748836749824e+50
3584,1.306703321200684e+46
3585,7.0157247746198775e+44
3586,1.3960231173906342e+45
3587,3.46633584219913e+39
3588,4.363042871777616e+37
3589,8.794228538588738e+39
3590,1.0968706652183973e+50
3591,9.740216355061458e+40
3592,3.5296023506629494e+49
3593,8.266860582717802e+49
3594,4.889043351511437e+49
3595,5.262460210877845e+38
3596,5.443183877375531e+43
3597,1.1377889833346538e+49
3598,6.841656540485463e+47
3599,1.1888292996205878e+50
3600,2.784855721904987e+47
3601,1.0438877755264916e+43
3602,1.3127012548629647e+50
3603,1.9761027576884096e+44
3604,4.074449726843611e+37
3605,7.384111420281904e+48
3606,8.542128535377439e+36
3607,4.820730732098839e+36
3608,6.449628404212407e+49
3609,1.0761985490949096e+42
3610,1.9564562922104453e+41
3611,4.1598669973225674e+48
3612,5.146544755424605e+48
3613,4.8456634693388676e+38
3614,2.7769201534061703e+49
3615,2.0948564372829827e+40
3616,5.64002407927788e+47
3617,8.797854959888173e+49
3618,2.3639268529398093e+41
3619,1.507396296999438e+49
3620,2.8304262231249765e+49
3621,5.143121702463902e+49
3622,5.68555617165528e+41
3623,3.3637589383284592e+41
3624,1.2520756804186318e+46
3625,2.994393101296459e+36
3626,9.050606118924253e+49
3627,9.903136512785457e+49
3628,4.168034482584663e+46
3629,4.774979226665382e+47
3630,2.5555374374345643e+38
3631,3.19994398806673e+44
3632,1.623002565284606e+50
3633,1.2323484148430467e+50
3634,1.94712322830858e+36
3635,3.6160231281840375e+43
3636,6.667517784399353e+40
3637,6.850328640946051e+43
3638,4.561216320110137e+42
3639,1.0161994863870031e+46
3640,1.6236638196602819e+50
3641,2.95135788494487e+49
3642,4.287822977260636e+46
3643,1.2428617255206297e+50
3644,2.0459108896446496e+37
3645,6.32847251217269e+39
3646,1.1619484923557976e+46
3647,2.2309067052183433e+49
3648,2.893591850560383e+49
3649,5.965020839126354e+39
3650,4.041090948137079e+42
3651,5.0052301305757045e+48
3652,1.4665620160701047e+50
3653,1.396368228399495e+50
3654,1.845337839456728e+49
3655,1.2706054440711895e+50
3656,3.6103806057423144e+38
3657,1.0451873475299705e+44
3658,2.877594210785412e+45
3659,1.0113866039554078e+38
3660,1.1531254151306121e+49
3661,6.271836235806219e+48
3662,7.244677090963539e+48
3663,1.4908699876326378e+50
3664,6.53128476497031e+44
3665,2.3147589422080108e+44
3666,1.7707093945170975e+41
3667,1.4384120671105084e+50
3668,1.6055313782363207e+50
3669,5.394667798932424e+36
3670,3.4517186702117085e+38
3671,9.146345563972984e+37
3672,1.0140156837678678e+49
3673,1.2608331658825107e+50
3674,4.416281940662688e+49
3675,2.591398091519705e+46
3676,2.812790207360908e+49
3677,3.2004181898956645e+43
3678,2.132520702013031e+46
3679,1.1768395516294232e+48
3680,2.924772295479095e+38
3681,3.6312687437328683e+47
3682,6.7607003121815806e+44
3683,6.128029509047349e+38
3684,3.786593755748621e+49
3685,4.3862658659783175e+46
3686,2.417865259437827e+49
3687,2.469913866068074e+46
3688,2.9504228080268077e+49
3689,2.4547176898819754e+36
3690,6.883144564108235e+37
3691,4.068970157469188e+47
3692,6.554639522868325e+49
3693,7.22746552012127e+49
3694,1.2453216081737447e+38
3695,1.0310469613301365e+50
3696,1.5723739037888625e+50
3697,1.415516734502944e+46
3698,5.7658905427516925e+48
3699,1.6799694835375914e+40
3700,9.267754324220716e+49
3701,1.7990700685249783e+42
3702,1.7227276097697527e+49
3703,1.3451831132762204e+50
3704,4.5083924678146516e+48
3705,4.539001390010942e+43
3706,8.343675965781907e+49
3707,6.488172779836901e+44
3708,4.0221624543210033e+49
3709,1.305471312993531e+49
3710,6.170385909144895e+36
3711,3.7192067240968076e+42
3712,1.452534253432941e+50
3713,1.5918900241632082e+50
3714,2.252282496592054e+43
3715,1.3596016302051407e+48
3716,7.417142351376914e+38
3717,3.777621958162614e+36
3718,3.296311192018164e+47
3719,7.045502873686445e+49
3720,1.7145183236357066e+46
3721,6.47243813204609e+49
3722,5.146660326044025e+48
3723,2.2658128430074537e+49
3724,5.194207313154039e+45
3725,2.434908943431545e+37
3726,1.1040733306572034e+50
3727,2.893963356201109e+39
3728,1.5197509197158147e+50
3729,1.5477937094880867e+50
3730,9.217880335359641e+49
3731,6.627669567104295e+43
3732,3.8510570450824115e+37
3733,8.680076436291236e+49
3734,1.6214599579767484e+37
3735,9.265740722247759e+36
3736,3.833914559143596e+48
3737,1.3108361709361984e+48
3738,8.912558493246318e+39
3739,7.587694356823496e+47
3740,1.1105552159504401e+38
3741,2.37163184352736e+49
3742,7.849720372126999e+49
3743,5.80332831348456e+45
3744,8.537703801597045e+46
3745,1.1218273200414524e+38
3746,8.962381833204461e+46
3747,1.4308411479357161e+48
3748,1.1844432594073015e+48
3749,4.933389743596754e+49
3750,6.5224869381577195e+38
3751,2.516638363751271e+49
3752,1.0642106739040835e+44
3753,1.6106956164405198e+50
3754,3.1460620800747196e+39
3755,2.7619410205499507e+49
3756,1.896389512307941e+47
3757,1.5851312782907528e+50
3758,1.0377564177825502e+50
3759,3.863645317711446e+49
3760,1.2464267640723538e+48
3761,2.8798722353964946e+45
3762,1.1592776469560267e+39
3763,3.819886795977071e+44
3764,1.6123316483201934e+50
3765,8.963978771519866e+44
3766,3.1534859168460735e+40
3767,9.161490605883046e+47
3768,1.0033816055333612e+49
3769,1.2680607622317324e+40
3770,1.7848818275306334e+40
3771,1.1450362624793757e+39
3772,1.2509752003433396e+50
3773,5.926224871677424e+49
3774,1.8846481963635585e+46
3775,2.8139754902968965e+40
3776,8.440526827253179e+43
3777,1.6412165842798946e+49
3778,3.604590793310041e+46
3779,1.6026829057490834e+38
3780,1.590416193290994e+37
3781,1.4467915082664632e+49
3782,2.582466305939558e+38
3783,1.1341106312504218e+37
3784,8.556888813823041e+42
3785,2.8981120065570236e+49
3786,2.1725307343037323e+41
3787,1.5981883719640916e+49
3788,1.6225828828960085e+50
3789,5.882191692175703e+48
3790,1.4096317368682556e+38
3791,2.534418378806181e+40
3792,1.1435539290739986e+50
3793,1.3613496837636012e+49
3794,1.171422749344522e+47
3795,5.514825338223487e+46
3796,1.0537478053387007e+46
3797,3.02341845492828e+48
3798,1.5100926893894346e+50
3799,8.651743757837897e+49
3800,5.533911655561815e+47
3801,8.595865651774444e+43
3802,1.2594395149962733e+50
3803,5.195028577362592e+42
3804,5.901719832028541e+44
3805,1.1501666546535182e+49
3806,8.39368423147485e+49
3807,6.11746783251707e+49
3808,4.388020352176349e+47
3809,1.5850689711436003e+50
3810,7.525092660342756e+38
3811,4.9881800993458776e+39
3812,1.803560236740205e+46
3813,1.6315881553548873e+42
3814,6.167642673728745e+48
3815,4.190337292506976e+48
3816,8.865687804802482e+49
3817,1.9687523146955414e+49
3818,1.2908201461269529e+50
3819,4.753012566832874e+39
3820,6.876446972720687e+48
3821,1.4162026807892544e+41
3822,5.940738245676941e+47
3823,4.550011605231871e+38
3824,3.4864358855185207e+43
3825,1.1581650781666121e+49
3826,3.9761876768619284e+38
3827,1.456542441939217e+50
3828,7.667474690946136e+49
3829,5.651109433143296e+49
3830,2.3292264179793445e+49
3831,1.716405636871513e+48
3832,1.7620202006336442e+47
3833,8.822970426551004e+38
3834,4.1383494848585135e+49
3835,1.2634022697053093e+47
3836,1.717603291057903e+49
3837,2.7307405720700474e+49
3838,1.6171955894312118e+50
3839,5.820022110518244e+49
3840,7.748761479141784e+46
3841,7.503235862000027e+49
3842,3.020202743577127e+37
3843,8.51877736376977e+48
3844,1.5408862429462802e+45
3845,8.665260862967515e+46
3846,1.135725945165476e+43
3847,3.173472479430217e+46
3848,2.0848211518928922e+45
3849,1.5897119191443872e+50
3850,3.457224282274588e+48
3851,1.9859791148588667e+42
3852,1.622198721226808e+44
3853,1.882716019945427e+43
3854,1.4179078808998096e+46
3855,9.077529412928642e+49
3856,8.308834206620505e+39
3857,1.605960577081711e+50
3858,1.5428124439035905e+48
3859,1.1635572982507692e+50
3860,6.448599655921587e+47
3861,2.510043220628596e+43
3862,2.056845939086901e+49
3863,2.4527312186541302e+39
3864,4.829747937097412e+46
3865,2.298292004986914e+49
3866,5.577344941791202e+38
3867,1.72028632207734e+41
3868,7.538974638352987e+47
3869,1.2988076676690723e+50
3870,1.363507602043841e+50
3871,4.719328215547856e+49
3872,8.521673227488872e+48
3873,3.810059931337708e+49
3874,2.3002025836832476e+37
3875,1.677077584317967e+37
3876,2.7380131135386456e+48
3877,1.4236612098599318e+41
3878,9.47922207387748e+42
3879,1.6225181724722708e+50
3880,3.162701359912043e+38
3881,7.984802237300899e+49
3882,8.181171025853491e+40
3883,2.8708555586989006e+37
3884,2.222518166423886e+38
3885,1.2532132745601943e+41
3886,6.751345302221789e+49
3887,3.4253114954384946e+45
3888,1.2908404783403072e+41
3889,5.010100354304329e+43
3890,4.673645808388965e+46
3891,4.133529398555011e+44
3892,2.4525367391906047e+42
3893,7.871278621862174e+49
3894,1.0021141116225396e+49
3895,7.050461130268622e+49
3896,3.0565406832014586e+49
3897,4.7641057435993626e+47
3898,3.056952855965803e+41
3899,1.937842080169919e+42
3900,6.97703857060488e+41
3901,4.24615661669932e+41
3902,1.259838721084218e+50
3903,6.9608245776311026e+44
3904,1.5781368079832692e+38
3905,8.629118473194356e+43
3906,7.916731840847626e+47
3907,1.0186485064580687e+50
3908,1.8941907865176134e+46
3909,3.719973689576206e+44
3910,1.238968642061885e+39
3911,1.062888396277629e+49
3912,4.328385417167818e+39
3913,2.49517974328898e+48
3914,1.0646473621846558e+48
3915,1.4909641709150734e+36
3916,5.322523477212418e+49
3917,1.773423131521631e+44
3918,8.651040350960511e+37
3919,4.909548059071994e+45
3920,1.976044195207311e+49
3921,9.29190557107846e+46
3922,5.1714944837819126e+41
3923,1.876394090864994e+49
3924,2.0487923700728832e+49
3925,6.578193223843621e+43
3926,1.0505940654434632e+50
3927,2.6039996272314497e+39
3928,3.7465944063500174e+49
3929,1.0285376181316999e+49
3930,3.568959838903803e+47
3931,1.22999138352817e+44
3932,1.3765007214401697e+50
3933,4.968979600955113e+40
3934,9.232258760979553e+41
3935,1.383558231718593e+42
3936,7.538977419646078e+37
3937,1.2141502639681994e+43
3938,1.5953039006457826e+36
3939,5.253111588513319e+48
3940,1.2366383081752398e+49
3941,2.6267530218042702e+48
3942,1.5847718803572747e+50
3943,1.5785467280647081e+50
3944,1.312658582797337e+50
3945,1.2975302813650963e+50
3946,3.263055593214894e+45
3947,6.722121601573148e+38
3948,2.9296429429147695e+47
3949,8.343502532685576e+49
3950,5.095109386868437e+47
3951,1.3446491701138479e+40
3952,8.811247934780094e+49
3953,1.0740340924972604e+50
3954,3.6500016422357255e+38
3955,7.402003828014057e+47
3956,3.2927324452644174e+46
3957,9.455874392513568e+45
3958,7.3914804222382e+37
3959,4.110881030084795e+40
3960,8.620985801103749e+37
3961,4.554451551531629e+48
3962,8.202233999920821e+49
3963,1.1276212128983e+39
3964,3.1403935840968195e+36
3965,8.210005850850334e+44
3966,1.4179648290897384e+40
3967,3.2137168676077426e+46
3968,5.344439715727604e+40
3969,3.620513249437064e+49
3970,5.779758694266316e+49
3971,3.0137947187063e+45
3972,9.440613011452594e+39
3973,3.521241413723515e+49
3974,4.940226210166571e+37
3975,6.939932890504289e+39
3976,6.352010624122787e+48
3977,1.0562943546668056e+49
3978,1.6098422848173544e+50
3979,2.6373259305477487e+42
3980,3.0685621949231174e+36
3981,3.940746895414251e+48
3982,6.989586478629935e+49
3983,8.660204375462636e+41
3984,5.824735105087856e+49
3985,1.6236566028073384e+50
3986,3.3072646741679907e+40
3987,4.543887505830987e+36
3988,1.5604397907362777e+50
3989,5.069145953078335e+47
3990,9.803597063954582e+44
3991,7.006477377261584e+36
3992,1.49185045571769e+38
3993,1.3800332937551332e+50
3994,7.688246421484262e+47
3995,1.0240109990843837e+48
3996,3.7320957418747477e+48
3997,3.45020853450145e+49
3998,1.4214073051063304e+50
3999,2.7767975618974087e+37
4000,2.7674854842004757e+47
4001,1.5919608997876393e+42
4002,2.201070086044489e+46
4003,3.909014142827849e+45
4004,1.6867275116789286e+46
4005,1.4793416356737875e+49
4006,1.4565199912967317e+47
4007,1.5674452546278895e+49
4008,2.9994721120014076e+45
4009,1.5934400688962764e+50
4010,1.0865973853403831e+50
4011,1.3484508927588904e+41
4012,3.777294554644406e+47
4013,4.893975110063636e+47
4014,1.0129231392752712e+48
4015,1.2898709492993772e+42
4016,1.378954149400303e+49
4017,2.7971024613772614e+36
4018,5.700296735783875e+49
4019,1.3206637163290204e+44
4020,3.4492071271352243e+47
4021,1.1312685323221478e+50
4022,1.501741697345242e+50
4023,1.5563674989207368e+42
4024,6.5470875009122815e+41
4025,3.736879386518962e+43
4026,1.6188709247495264e+50
4027,1.6211191536601257e+50
4028,1.9983188183475786e+42
4029,6.248320638553507e+41
4030,6.653982024137224e+48
4031,7.002652519904889e+48
4032,1.4597156038333254e+50
4033,1.4042929719934294e+42
4034,6.213819621904432e+48
4035,1.8443958593835967e+40
4036,4.4540600480360065e+49
4037,3.4148505101057635e+49
4038,6.759937752597058e+49
4039,9.293664676763501e+49
4040,8.057236888549348e+42
4041,8.434231404369084e+49
4042,8.232029129742872e+48
4043,3.078952962730612e+49
4044,2.4057065667423053e+38
4045,2.7970889140028527e+46
4046,8.453079549489957e+45
4047,3.8917460124427046e+45
4048,7.976807260827954e+49
4049,2.729544922342371e+39
4050,1.571615086966814e+50
4051,2.6845834803425356e+39
4052,4.024511101619868e+42
4053,1.5610171202643688e+50
4054,8.303604403960705e+48
4055,4.886105143202559e+49
4056,1.4946424403511577e+50
4057,1.648009832706515e+38
4058,8.590759973179675e+48
4059,3.90943720685836e+44
4060,1.4918578815544985e+37
4061,1.2466111585055637e+46
4062,8.464055556259898e+49
4063,1.985360939415536e+45
4064,4.614027177955107e+48
4065,2.0334335278082098e+47
4066,3.90005284682965e+49
4067,7.356470323348974e+49
4068,1.5000818767393459e+50
4069,2.646398945883517e+47
4070,7.010761436338875e+45
4071,1.2928733155021846e+50
4072,6.573696574382603e+48
4073,1.4242225158605977e+50
4074,1.918405592322139e+48
4075,2.541328931572184e+43
4076,2.5461391673439534e+47
4077,3.5120974635503616e+47
4078,1.062516887084778e+48
4079,7.215123766136303e+44
4080,1.4921880898836611e+50
4081,9.587304645118223e+49
4082,4.2743626178499367e+46
4083,2.8575953047314032e+41
4084,1.6134916618330116e+50
4085,1.59558653132721e+50
4086,1.0236407399734737e+49
4087,5.521212113243422e+48
4088,2.811076717927357e+37
4089,9.286983295235361e+49
4090,5.6596211881162605e+48
4091,1.4511965152484658e+37
4092,5.018442100655558e+37
4093,1.2942776868724777e+50
4094,1.2656382589618244e+50
4095,1.1184160242168264e+43
4096,7.054761119778505e+37
4097,1.7289169794395384e+49
4098,5.531225708810722e+36
4099,3.2648587047790544e+45
4100,1.511287029732003e+49
4101,3.4241944586423914e+49
4102,2.376604725442002e+40
4103,5.917550527755533e+47
4104,1.12921918726702e+41
4105,5.099623049043587e+49
4106,1.5438486744923246e+42
4107,1.2024782337631305e+49
4108,4.5490564759694396e+49
4109,1.556822703070132e+50
4110,8.65371487510303e+47
4111,2.5878443924234156e+49
4112,1.3399291183900095e+46
4113,2.3710246455795953e+48
4114,2.1128361285038707e+45
4115,1.0769844806985072e+50
4116,2.4742877079081196e+40
4117,6.413817963131309e+49
4118,3.4175891548384546e+42
4119,5.580366958464381e+49
4120,1.2041593965754126e+48
4121,1.586538646980239e+50
4122,3.242100040911166e+45
4123,1.7164788455596396e+49
4124,2.9603735380785815e+37
4125,1.2379760898825562e+50
4126,4.092119058215599e+43
4127,4.4074890307000627e+48
4128,2.8412084664568326e+48
4129,5.278473251286495e+40
4130,1.5429553245284855e+49
4131,1.6169599503264449e+50
4132,3.544454297284057e+38
4133,6.58591537107491e+43
4134,1.803403705222202e+46
4135,1.4369409156485214e+49
4136,1.4105585899025617e+49
4137,6.341929299869061e+45
4138,3.053894233981247e+49
4139,1.0388931498804027e+37
4140,1.0528364525615419e+37
4141,7.12338191492216e+49
4142,9.034419837785724e+49
4143,1.6160531164624276e+50
4144,4.542088537572809e+49
4145,8.218071501083418e+48
4146,1.3684047340714504e+48
4147,1.0173134259026436e+50
4148,1.51315399837012e+50
4149,3.473230483875933e+49
4150,4.1950180907736114e+39
4151,5.437070702624355e+40
4152,6.159799231206473e+49
4153,1.8846137826604596e+39
4154,8.210746636997086e+49
4155,3.089590585651185e+40
4156,2.7577260669414656e+48
4157,1.7633922969209587e+49
4158,3.0682345921626534e+43
4159,4.885386495385472e+41
4160,5.224447583639283e+46
4161,5.186234988318168e+43
4162,2.5007264489061532e+39
4163,1.116807242345458e+47
4164,8.769645190879333e+49
4165,1.9607400685182657e+39
4166,7.936716557704733e+42
4167,1.043048701464598e+48
4168,5.679023649527073e+43
4169,1.5046567916483014e+47
4170,5.548306689282797e+37
4171,9.063072347786732e+46
4172,1.2736566527442318e+47
4173,7.338777484262092e+48
4174,1.2607990801777666e+46
4175,1.5033437578581908e+40
4176,7.751592869914909e+45
4177,6.38157513615185e+49
4178,1.708953370330856e+40
4179,5.414303985569444e+49
4180,1.5455453674721812e+50
4181,3.615237043362796e+44
4182,1.3082035334254553e+41
4183,2.8549679286859134e+39
4184,1.7150304317516937e+43
4185,6.30887357506931e+39
4186,4.454265281060939e+36
4187,2.3562855802230678e+38
4188,3.956492409525023e+49
4189,1.1760918739406009e+42
4190,1.586186484255447e+49
4191,1.2461742384255484e+49
4192,3.1146770503471397e+46
4193,1.3352051513813565e+50
4194,1.3347087684597636e+41
4195,1.6979904430796198e+44
4196,2.6291323860059048e+38
4197,1.2140430923598836e+41
4198,1.5968274124943492e+50
4199,4.870271031149073e+46
4200,8.296800592237532e+48
4201,8.26715000440408e+49
4202,9.38107817326301e+40
4203,6.172275173004154e+42
4204,6.577363479269953e+49
4205,3.0778792551983437e+49
4206,1.152881291733119e+50
4207,1.163442273533196e+45
4208,2.141809242336942e+40
4209,1.8407908005313062e+37
4210,1.5963452540135358e+50
4211,2.0500963995265194e+49
4212,3.305208074349682e+38
4213,1.4417715165480964e+50
4214,2.5965439854324386e+46
4215,6.670285299152325e+49
4216,1.6674493103447868e+48
4217,1.033309331847603e+40
4218,1.3762897985121804e+42
4219,9.758182791513322e+48
4220,9.548290349429898e+49
4221,3.939572230642423e+38
4222,1.0943796499782444e+50
4223,1.213649242549002e+50
4224,3.786702614341756e+42
4225,6.889112610450162e+44
4226,9.73816226237017e+49
4227,1.7425402344254578e+44
4228,1.0469626919711717e+48
4229,3.9704053159418527e+49
4230,9.754360747040023e+37
4231,2.4346368558576488e+48
4232,3.724434323531088e+42
4233,4.816200457406238e+46
4234,4.599024599921928e+47
4235,1.0210201529811201e+49
4236,4.412527332745329e+49
4237,3.6002130438884274e+49
4238,5.866792949286619e+48
4239,1.1588698997331984e+37
4240,9.507289245029632e+49
4241,2.828771280481118e+36
4242,7.999516886522896e+48
4243,2.0581941042466265e+49
4244,1.9607529903050996e+40
4245,2.9073809414296952e+47
4246,6.217095041851739e+45
4247,3.7174622110302234e+42
4248,6.30436342590295e+46
4249,2.219179638131415e+47
4250,5.690968660301231e+48
4251,1.3049155966241172e+47
4252,3.038434969189299e+48
4253,1.6127945946551066e+50
4254,5.832882501759224e+43
4255,2.775917344962771e+46
4256,1.4393071582671907e+46
4257,4.479871475263757e+49
4258,5.1084826166252084e+48
4259,3.700970810128708e+45
4260,1.4320340520620357e+45
4261,1.4456601376500973e+50
4262,6.803889488418269e+48
4263,5.396489764704614e+44
4264,3.118608523288478e+49
4265,3.5211727414399525e+47
4266,2.948502914653586e+48
4267,4.437157661918834e+48
4268,6.977134242054443e+37
4269,1.1726137039677852e+50
4270,7.095664529864461e+46
4271,4.486977604658982e+49
4272,2.527671089810449e+44
4273,6.908879479133485e+49
4274,3.056377757294129e+48
4275,1.3165324170583872e+48
4276,4.526266297352241e+42
4277,3.8595749911726276e+49
4278,1.4948147555041139e+50
4279,1.402597143743774e+50
4280,1.291098322647364e+50
4281,6.127041422369266e+48
4282,1.7697105340109788e+43
4283,8.127784458035475e+49
4284,1.5721242130759038e+50
4285,1.3384294635222257e+49
4286,2.1958462728274867e+49
4287,2.0709689545528166e+49
4288,8.157377608505478e+39
4289,1.1182418076286035e+49
4290,2.7813403150748555e+40
4291,5.61850160454451e+47
4292,1.5402823634801324e+50
4293,1.71798637320723e+45
4294,2.977667085524671e+49
4295,2.275361825303629e+39
4296,1.530538993811566e+42
4297,2.6894255344013505e+46
4298,5.315538183902215e+47
4299,1.2876001468022022e+50
4300,1.5747536002038783e+50
4301,7.773348492898179e+49
4302,2.4446446371613074e+43
4303,3.6192286051485686e+49
4304,9.61203558035099e+49
4305,3.6394919781755706e+41
4306,1.8442618296068775e+43
4307,3.949381643525733e+42
4308,4.6180813939232805e+47
4309,4.955737110692873e+44
4310,2.354073985145982e+43
4311,1.3044539118312368e+47
4312,4.4023636997960955e+49
4313,4.847455179521132e+49
4314,1.2280268908673621e+37
4315,3.7924842337202666e+46
4316,1.700240489685077e+49
4317,3.864869330443533e+45
4318,1.4533802323980334e+39
4319,1.2177646030616026e+37
4320,3.917537583515186e+38
4321,4.515191595482509e+42
4322,1.699778054326404e+41
4323,1.533830700492469e+48
4324,9.91617142357621e+37
4325,1.5107155595954068e+44
4326,1.5169701740806073e+39
4327,2.480285395653798e+41
4328,1.1956154862748273e+50
4329,2.835554152972395e+47
4330,8.473362456202347e+48
4331,3.197130526606909e+48
4332,4.567731371197846e+49
4333,1.0452916609675882e+44
4334,7.656538030160469e+48
4335,1.6224984220609846e+50
4336,3.3683559501017424e+48
4337,5.264373202197435e+49
4338,4.363600856040365e+47
4339,4.72272002166224e+47
4340,4.708371934909044e+49
4341,3.5768951253255075e+42
4342,9.31599503723598e+48
4343,9.158016450797484e+46
4344,1.9548508596224835e+46
4345,7.819934984035922e+45
4346,1.4057733788369397e+46
4347,9.650680728517177e+49
4348,1.3718188321734007e+50
4349,4.0494547498520683e+49
4350,2.5859216384906682e+48
4351,1.611317662396671e+46
4352,2.1296766250949505e+47
4353,5.648300951192077e+43
4354,1.3388057430038662e+50
4355,1.6055937538395377e+50
4356,1.2284069677111721e+50
4357,1.50456756059806e+50
4358,1.3800281009399736e+50
4359,2.8852269031113716e+43
4360,1.849255917018807e+41
4361,4.521763620395172e+48
4362,1.8545224487549846e+49
4363,2.7130607090216693e+43
4364,2.2971613102722575e+40
4365,1.072109127275893e+50
4366,8.094974169156193e+43
4367,7.396448659477777e+44
4368,1.5859111839168777e+50
4369,3.9768282363309072e+37
4370,1.8292270372228812e+45
4371,1.9166672318085082e+49
4372,1.4980099218380172e+50
4373,8.173538317718263e+49
4374,1.561576673384416e+49
4375,2.2897825609996797e+39
4376,6.615373810980241e+38
4377,3.7659411000777375e+37
4378,7.036183782716504e+38
4379,1.7295811712644787e+45
4380,1.2923691176947974e+37
4381,6.569575015252615e+49
4382,2.9667159365577614e+44
4383,5.703328890436106e+49
4384,3.4634629706872816e+41
4385,3.2641994436696823e+48
4386,1.3269344335866773e+46
4387,3.306908107324083e+48
4388,1.1881934082438185e+47
4389,4.947792213068225e+48
4390,1.4026699069456854e+47
4391,1.0273493121983826e+50
4392,1.3678141600744899e+50
4393,1.7888553680461482e+41
4394,4.2582579268390306e+38
4395,3.9127363148820476e+47
4396,1.7482264782857092e+37
4397,1.9084788274889767e+39
4398,3.294015387535137e+47
4399,4.8875662901374066e+47
4400,1.0791094401397978e+47
4401,5.870558755773544e+39
4402,4.556068181582152e+49
4403,8.373991844620246e+44
4404,8.042127304633825e+41
4405,5.0606626724327463e+36
4406,1.0006324450150126e+38
4407,2.5224771257169535e+48
4408,7.80508042171846e+48
4409,3.8118609375948437e+49
4410,1.2652331021385465e+50
4411,3.5322731693931637e+49
4412,1.5115203586516027e+50
4413,9.762259988910413e+46
4414,3.428701626953694e+48
4415,6.026720692295481e+44
4416,1.9078570222489306e+43
4417,1.5167882297259645e+50
4418,1.596484397483002e+49
4419,1.0504260639348812e+50
4420,7.044198236982418e+45
4421,2.7351452448915793e+48
4422,4.3689694985734877e+36
4423,4.0707792592430097e+36
4424,3.1104549683645945e+36
4425,1.0895246174830915e+50
4426,2.571356921390846e+40
4427,3.220970654130394e+43
4428,5.3669017448621676e+42
4429,3.984949108554102e+47
4430,1.7287577851543255e+40
4431,2.36796030459319e+48
4432,5.013724099104446e+38
4433,9.393191175439872e+49
4434,1.618745796628144e+45
4435,7.599831418330573e+49
4436,4.12984440908866e+40
4437,4.181626925143296e+49
4438,2.461679207711294e+40
4439,1.2892934639565023e+50
4440,2.924761379038976e+38
4441,5.664439537299566e+42
4442,2.182494659584264e+41
4443,5.316334425887125e+48
4444,9.512726399523402e+49
4445,1.2880246703452822e+46
4446,9.762531860495243e+36
4447,3.3026718735428375e+48
4448,2.9475179166315e+39
4449,1.3123749258984064e+46
4450,1.5559673424614012e+50
4451,6.133674181806132e+37
4452,6.198548977849957e+42
4453,1.1155141854084501e+49
4454,4.0960882268937986e+48
4455,1.6065786691417322e+50
4456,4.075802522026876e+48
4457,2.840883936077596e+41
4458,4.709866188791831e+49
4459,4.732599115186509e+49
4460,1.615068801649511e+50
4461,6.399661993272827e+49
4462,2.349473324861117e+46
4463,7.770344721629808e+49
4464,1.722499231572712e+36
4465,2.607390386530541e+46
4466,9.39516676358514e+39
4467,9.258351108214117e+36
4468,1.1753941276853682e+50
4469,9.199007659781383e+37
4470,8.498235819013135e+48
4471,1.571641921113381e+48
4472,9.93792853352032e+45
4473,1.58651376793526e+50
4474,2.2378676786614827e+48
4475,4.972261910173131e+47
4476,1.5871495022636165e+50
4477,1.2230632433764511e+44
4478,9.84752580354519e+49
4479,2.7102689065218457e+37
4480,6.542733861375687e+37
4481,2.0830468883449976e+40
4482,1.6221912870230481e+50
4483,1.3198590663048388e+47
4484,1.5563267186648251e+38
4485,8.013035086031503e+38
4486,1.99560859481227e+38
4487,7.20039528667022e+49
4488,2.061511469388524e+48
4489,4.97621758119344e+37
4490,5.611295489831963e+49
4491,1.7999576001873508e+49
4492,5.905366950545267e+45
4493,1.3666263751993183e+50
4494,9.149666813286148e+49
4495,2.882086817740695e+48
4496,2.0868868794680342e+40
4497,2.894273145792172e+42
4498,4.125168330158429e+42
4499,8.703951243979034e+49
4500,1.1459191846067559e+50
4501,2.3615544682224796e+41
4502,1.2610113823081876e+39
4503,1.1935243234603062e+50
4504,6.64645943464379e+49
4505,1.3204293338215126e+48
4506,9.400787039403871e+40
4507,1.2085375696246132e+50
4508,1.5129950886849455e+50
4509,1.5618318725970583e+42
4510,3.4765162418929753e+36
4511,4.4999423774431965e+42
4512,2.432126257963941e+42
4513,1.1276412623117453e+40
4514,3.569717911479509e+49
4515,1.0161193400431436e+50
4516,2.0296585892908407e+47
4517,2.344045721789562e+41
4518,1.3274844196560055e+46
4519,3.950384830724119e+48
4520,4.543732920360819e+48
4521,1.4493621795816705e+50
4522,1.4042357008082987e+46
4523,2.6658364704247447e+40
4524,9.860928956172054e+49
4525,3.1887407799010104e+44
4526,9.49163562198936e+45
4527,3.3908856790891987e+44
4528,4.941642312229397e+46
4529,8.124125531100804e+48
4530,1.2919808438038167e+50
4531,9.370785601833854e+36
4532,3.308772188290274e+49
4533,2.4978527903426155e+38
4534,1.316412396849665e+50
4535,1.5392422429624158e+41
4536,1.5972405025990936e+49
4537,1.4647793452660193e+45
4538,1.009670583747464e+50
4539,1.4275186394631957e+41
4540,1.8687715826603236e+47
4541,5.165099325990595e+42
4542,1.0653737423303703e+45
4543,2.1297338358309928e+47
4544,4.340823048784878e+42
4545,1.9896394467914147e+49
4546,1.6236060876770622e+50
4547,3.4684685710712453e+44
4548,1.618309432986366e+50
4549,2.635450414520474e+46
4550,2.618130755599373e+46
4551,3.3078401673991757e+37
4552,7.435532938844375e+49
4553,1.634759556822898e+46
4554,5.497898541829705e+38
4555,1.5233314339402797e+50
4556,1.0382482754258492e+41
4557,1.0594905764292191e+37
4558,2.963153603928352e+47
4559,3.65518858215176e+48
4560,2.5007155911811956e+48
4561,3.2651795534609133e+46
4562,2.118463507648621e+49
4563,1.1475374021855352e+49
4564,1.1030353461023999e+50
4565,1.5242560830324942e+43
4566,1.6437842633456197e+36
4567,1.1114876800586653e+42
4568,2.2589686620605632e+49
4569,2.75428634162138e+49
4570,2.685103541077489e+37
4571,2.2309646142520054e+46
4572,5.783733832421026e+44
4573,5.116804574216807e+49
4574,6.892032574394013e+49
4575,7.018961565205072e+47
4576,1.9969169674677066e+39
4577,6.2932512725365855e+43
4578,4.715496512045122e+49
4579,1.9460709706964096e+41
4580,4.588605424308248e+48
4581,8.34898975975857e+43
4582,1.2028402689439682e+50
4583,3.294669600110045e+49
4584,1.627297828910057e+46
4585,4.933194264979087e+44
4586,1.1950833879133103e+50
4587,1.0278990671964824e+49
4588,3.4702813408530886e+48
4589,2.685210346527307e+46
4590,2.1927006569841746e+49
4591,9.189405893794002e+49
4592,3.2185242406354226e+49
4593,6.229790644798724e+36
4594,2.3194794997055434e+40
4595,1.2323747410482652e+50
4596,1.5159220836542545e+49
4597,5.299920528389143e+46
4598,6.711784485370916e+49
4599,1.6393104327133824e+39
4600,1.1552750336234046e+42
4601,2.789317077526981e+48
4602,1.4743859224076537e+50
4603,2.034156470562984e+45
4604,5.320932870313831e+49
4605,1.5660880019240755e+50
4606,2.307987336521634e+38
4607,6.599547393111556e+40
4608,3.2650578024233225e+48
4609,5.832806095280156e+49
4610,4.651050613573805e+45
4611,5.292482895496808e+49
4612,3.0108580070736657e+42
4613,1.9573362227941418e+48
4614,1.786203862711104e+44
4615,1.559966405387494e+50
4616,3.6154056297995246e+37
4617,1.6204402489336641e+50
4618,7.388506229674657e+48
4619,5.785676681116258e+37
4620,3.0622329276086294e+48
4621,1.1832060095566162e+42
4622,1.9152579237143855e+45
4623,3.993982804079957e+48
4624,2.341858357078453e+45
4625,5.95104147456455e+48
4626,3.1314315964972296e+38
4627,1.6056487170055756e+46
4628,4.323055755124255e+48
4629,1.8407487057597313e+47
4630,1.350483941731284e+50
4631,4.5701427526798747e+48
4632,1.6080707013146168e+50
4633,1.53366286873439e+40
4634,4.2831019319582384e+48
4635,3.1144844778391437e+48
4636,5.222894226349795e+49
4637,6.139152467851384e+36
4638,2.408990992467383e+46
4639,6.510064860365053e+48
4640,4.275345698741346e+47
4641,1.9337097879291411e+40
4642,1.5313638334937183e+50
4643,3.2033134200450735e+44
4644,1.1247496241716295e+50
4645,2.046587917263451e+43
4646,5.222034524938197e+49
4647,1.2323874854847434e+50
4648,1.016774692978074e+45
4649,3.474550107392758e+38
4650,1.6227111630654325e+50
4651,4.5368437844306103e+49
4652,6.258137347209362e+45
4653,4.011601983870085e+49
4654,8.335001412433795e+49
4655,8.965423212697144e+43
4656,5.923523220225008e+46
4657,3.490426114474937e+39
4658,1.6167358758233176e+50
4659,2.466192418969742e+44
4660,3.0873093242435786e+48
4661,5.2429262850146367e+48
4662,1.4231785164046165e+38
4663,4.0273894717083065e+49
4664,1.0742031786833739e+39
4665,5.4256369701622485e+48
4666,4.938555488640468e+38
4667,9.008076796964158e+49
4668,1.3664410146389679e+49
4669,4.968339657176124e+49
4670,1.7999290581221196e+46
4671,7.454266010499596e+46
4672,1.2101711258297726e+46
4673,8.545121259684847e+46
4674,9.97498465339779e+44
4675,4.008638334334151e+45
4676,1.019435660453794e+45
4677,1.4026675926559857e+49
4678,2.1046308073937376e+47
4679,1.6058076219620188e+44
4680,2.3539530203318844e+49
4681,1.2572538576869775e+45
4682,3.167422731331155e+39
4683,2.2786835172871244e+48
4684,2.7861882430006774e+46
4685,1.713229448984302e+49
4686,2.2560144257899186e+38
4687,2.2281244419683696e+49
4688,7.303892088218209e+48
4689,1.1880383786814085e+37
4690,1.2398420069513938e+50
4691,4.388096922219599e+37
4692,5.392460274808866e+44
4693,7.888961023743627e+42
4694,2.036326423739504e+38
4695,1.160199728261835e+46
4696,3.9656657239008874e+44
4697,8.979737648663357e+39
4698,1.2899239970419736e+50
4699,1.8427177237062616e+41
4700,1.0099525380802897e+50
4701,1.224805049718963e+50
4702,1.7113256532427467e+44
4703,2.836819864111836e+49
4704,4.231529405147349e+44
4705,4.756538049177063e+46
4706,9.860762670000698e+48
4707,5.278258615160635e+49
4708,8.686699560481891e+48
4709,1.0845908625194973e+45
4710,1.6527288990612928e+48
4711,2.753230458162183e+49
4712,1.3505773530936926e+49
4713,8.718880955271342e+48
4714,1.0504933446844516e+50
4715,1.0167572237672542e+45
4716,1.8603293993089962e+48
4717,4.238691446565149e+42
4718,7.022340432722268e+42
4719,1.1017431484423938e+50
4720,2.6450342348464212e+42
4721,1.2031812749703453e+41
4722,1.6196815769001033e+50
4723,2.3918881350803776e+49
4724,1.3943979340515625e+50
4725,1.726050545004603e+44
4726,1.9058759738145268e+41
4727,3.145699506381962e+49
4728,1.512588934928197e+43
4729,4.3677272186959357e+46
4730,1.7950442775522174e+46
4731,1.1189544471679463e+42
4732,2.447851501888898e+42
4733,4.392319761204875e+47
4734,1.5276113931856828e+50
4735,1.6038530032892147e+50
4736,2.3801944037684262e+47
4737,1.309876359319748e+50
4738,1.523207457294609e+50
4739,7.442931558126846e+48
4740,1.1392660775743208e+50
4741,5.6336626900152255e+47
4742,2.22481020855253e+49
4743,8.705092801812672e+37
4744,2.4699912856781763e+41
4745,3.4699028180099183e+49
4746,1.3955415140058679e+50
4747,1.4571104576271417e+50
4748,5.985962921371627e+48
4749,3.787890811245991e+49
4750,1.4799749954925822e+39
4751,1.1968760100875667e+49
4752,1.6961564529653297e+48
4753,3.8134222833422664e+49
4754,2.646775061778232e+49
4755,2.4899907156450378e+45
4756,2.6038881261212365e+44
4757,8.995044855154697e+46
4758,3.2751745408392124e+49
4759,7.514570555187317e+48
4760,8.693984050266824e+49
4761,1.3382951753003548e+46
4762,2.8956901678184474e+45
4763,1.515128303092552e+50
4764,7.417954332317299e+36
4765,2.077059097665785e+49
4766,1.980918426203735e+48
4767,1.991565346825545e+48
4768,3.4574639356883035e+49
4769,1.3267061278605163e+50
4770,9.120385744173103e+49
4771,7.497750222716587e+48
4772,6.83601077965811e+40
4773,7.231957165597196e+48
4774,3.03821140421351e+39
4775,3.6551359047844985e+39
4776,1.282542240100613e+48
4777,2.3867012115116634e+47
4778,3.210348518924494e+48
4779,3.077475874567081e+49
4780,7.348233382164616e+46
4781,4.6339873891761605e+49
4782,2.6444334845687733e+48
4783,1.7844794927718519e+49
4784,6.621846109607919e+45
4785,6.3971650737582304e+38
4786,5.109085937259723e+40
4787,2.5648689793918294e+44
4788,4.1525257060078366e+48
4789,1.3820194615021083e+38
4790,1.592331795596404e+50
4791,1.304162094954742e+42
4792,1.1583052194636597e+50
4793,1.262476153334044e+49
4794,7.5561563507026e+36
4795,1.381656936121628e+46
4796,1.5890567378703938e+50
4797,2.643136921212386e+47
4798,1.1361499181974923e+39
4799,7.694767872389832e+47
4800,5.274269408854892e+43
4801,1.1380242577836425e+41
4802,2.082869534367013e+36
4803,9.021472568471386e+43
4804,1.4144144704709072e+50
4805,6.749034869691081e+39
4806,1.5082754725671322e+50
4807,1.5020530520603076e+50
4808,9.937805493155479e+38
4809,4.623801992633347e+49
4810,7.367974310122063e+49
4811,2.2698843583508476e+49
4812,1.127297650129601e+50
4813,2.738544689772906e+48
4814,2.4385804559651845e+49
4815,2.2453297071981205e+44
4816,2.293297053384263e+44
4817,1.217595863100411e+50
4818,1.2389165633224916e+50
4819,1.018191634849756e+50
4820,2.2262096374452547e+36
4821,8.452917973482606e+49
4822,1.041665139371211e+43
4823,1.1566702199255279e+45
4824,1.4967444378079672e+50
4825,1.1384729283827593e+50
4826,2.698606748014654e+47
4827,1.1313971753592441e+50
4828,1.7190262858064276e+43
4829,1.6753789187151022e+45
4830,2.1434799423535464e+40
4831,4.089822093700238e+48
4832,2.1828298410576214e+48
4833,5.848515476470612e+43
4834,4.134127605441473e+46
4835,3.975673659812165e+47
4836,2.2937216297303514e+39
4837,2.8148408168981894e+45
4838,1.7396341513672977e+38
4839,1.2004618284146415e+49
4840,2.265310134386189e+48
4841,2.273197317947953e+37
4842,1.1641774861068207e+45
4843,1.622198434171497e+50
4844,6.565163413484283e+48
4845,2.5299144891925035e+36
4846,1.5908012450739776e+50
4847,1.2983222776746834e+50
4848,9.105518771897126e+43
4849,2.73138831802678e+39
4850,1.4055896266709004e+50
4851,9.144305520713265e+45
4852,1.6153876926122048e+50
4853,5.368368382029243e+47
4854,2.898610366514904e+40
4855,7.388933486704248e+36
4856,3.4190985076362853e+49
4857,5.015709991837307e+43
4858,8.150670340944969e+49
4859,1.7090391687106088e+48
4860,1.562916989778991e+49
4861,2.435164597413484e+40
4862,1.5419361872276358e+50
4863,1.552929423977855e+50
4864,4.4179382894790694e+46
4865,1.4342915193297713e+43
4866,3.347629197824782e+49
4867,2.230027515115132e+38
4868,1.5152636591110856e+49
4869,1.5153517283812987e+50
4870,6.636688153528482e+41
4871,8.273540217548417e+48
4872,2.941030769078707e+40
4873,1.1335213630924801e+50
4874,3.69297907341548e+38
4875,2.2768220385101024e+49
4876,3.218713635102195e+39
4877,1.4458779684969965e+45
4878,1.3726126919067907e+38
4879,1.2121546793611325e+38
4880,2.764985822916198e+39
4881,4.854414827827664e+43
4882,1.0639128753309135e+44
4883,3.7582161691290703e+49
4884,1.3077254296868959e+42
4885,4.5770467850947625e+41
4886,2.5051763661832727e+47
4887,6.162408695147899e+37
4888,1.7998080837292645e+47
4889,4.874085967708903e+48
4890,3.213219852979308e+44
4891,7.34090684430331e+41
4892,1.1987858101808958e+38
4893,1.0657065686107256e+50
4894,3.921880633905336e+45
4895,6.319178450890665e+48
4896,3.2063014797886256e+38
4897,6.971404542114483e+49
4898,5.1600954360998075e+38
4899,3.0362368005481876e+41
4900,3.038923517574192e+46
4901,7.967467926935957e+40
4902,3.2388539477235773e+47
4903,1.0257819305134451e+50
4904,6.333853174130179e+43
4905,5.508746239125234e+47
4906,3.885545998961153e+44
4907,1.6228657556429674e+50
4908,1.5601864361405365e+50
4909,4.421488332182653e+39
4910,1.899362114087442e+49
4911,1.631949640317421e+48
4912,2.861365820435227e+42
4913,5.68634247686933e+40
4914,1.4554723709939568e+50
4915,2.742564396742321e+47
4916,3.12663634830821e+48
4917,3.208946217008568e+48
4918,1.2617166340077619e+50
4919,2.501907591419444e+40
4920,3.070388092176515e+48
4921,2.5288560948368055e+42
4922,1.956685340582506e+38
4923,4.506372150973198e+44
4924,4.835925514482889e+49
4925,5.142323680531715e+49
4926,1.618298703954915e+50
4927,1.23004474463639e+50
4928,1.5888851924819938e+50
4929,8.278910334721514e+49
4930,1.471587325400432e+36
4931,2.4763444654026958e+48
4932,3.114560419924367e+49
4933,6.648332194440186e+40
4934,4.1570302571567675e+41
4935,6.922093784981433e+49
4936,3.852543459239591e+46
4937,4.64673552209018e+49
4938,2.0397489416908319e+49
4939,5.170531534097384e+47
4940,1.4102314312868578e+48
4941,3.0619027367837915e+47
4942,1.0531718298817262e+50
4943,7.039351660815418e+42
4944,3.5402239528702275e+48
4945,1.4468426048563296e+50
4946,4.2581822074195455e+48
4947,2.8168720757185747e+43
4948,2.8525375591398546e+41
4949,6.715998466344467e+39
4950,5.6943405212695276e+48
4951,9.131237025015748e+37
4952,2.9236116975908556e+48
4953,1.0224876208200865e+41
4954,1.8121068262920475e+46
4955,1.2598979429381688e+37
4956,8.137858005724814e+42
4957,1.09689550007676e+38
4958,3.0770339642329156e+49
4959,4.168028006166697e+47
4960,4.29485879136335e+41
4961,5.31095693918141e+48
4962,1.6236341744090753e+50
4963,1.3194412593805933e+50
4964,7.908269221901372e+49
4965,1.6007681207449564e+50
4966,1.906096043646424e+44
4967,6.258802304022728e+46
4968,9.632194095789785e+42
4969,6.260124887068015e+42
4970,7.866013010630326e+43
4971,2.3236923957230482e+49
4972,1.27287558572687e+42
4973,9.144945188846934e+37
4974,1.9745055638477376e+49
4975,5.015704928552077e+40
4976,7.79532351864646e+39
4977,1.5766025134629688e+40
4978,2.998810395446207e+49
4979,1.619590523790431e+50
4980,1.430707735156687e+50
4981,5.2678844092032595e+42
4982,3.9914230788371643e+42
4983,1.0745063204524672e+40
4984,2.8717007626836034e+49
4985,1.4633291064457323e+50
4986,1.0413498651088092e+48
4987,3.975639576388381e+46
4988,4.617031961831961e+40
4989,7.867994734064281e+48
4990,8.447290303007139e+37
4991,1.5281574428005754e+50
4992,3.121120885388401e+41
4993,1.3124371872898065e+41
4994,1.0224899168951268e+38
4995,4.2235636370661916e+49
4996,7.791532408764736e+46
4997,7.160555005909693e+42
4998,1.5034984456688366e+38
4999,1.1292222497770655e+48
5000,1.6212858218353372e+49
5001,8.124532079686389e+42
5002,1.623654296412455e+50
5003,2.2658891667460896e+49
5004,7.908496739738414e+49
5005,1.149198301149655e+42
5006,1.163432175131694e+46
5007,1.4341630222068907e+36
5008,6.633298488774923e+43
5009,1.4552053931647988e+47
5010,4.3327558129232206e+41
5011,4.038022651919982e+48
5012,2.7615073827943995e+49
5013,1.888738367302868e+40
5014,1.2400930070210975e+50
5015,1.8984778607304997e+45
5016,1.0431778481028797e+49
5017,9.740809728739127e+49
5018,1.16270325840798e+45
5019,9.78654781495087e+49
5020,3.505244069083874e+47
5021,8.608690454790776e+49
5022,3.947630398887686e+45
5023,5.323260971553591e+38
5024,1.5555310304536534e+50
5025,1.550480118593051e+50
5026,1.2060821236064525e+46
5027,9.183346479358228e+40
5028,6.737133692278535e+49
5029,3.2672336711457486e+49
5030,1.0334823124282708e+40
5031,1.3830269696429988e+49
5032,1.6257362569840246e+49
5033,6.584505177510982e+46
5034,7.075581292322463e+49
5035,4.277598717315862e+47
5036,1.14652479645111e+50
5037,2.7313258295141753e+42
5038,5.5559880768971004e+47
5039,3.075285169356755e+42
5040,3.936596062730197e+38
5041,9.598579751587576e+49
5042,1.527791520178266e+48
5043,6.6378997253090465e+47
5044,1.2361718733982602e+41
5045,8.174996926223488e+49
5046,7.450338553341412e+38
5047,1.9641231199028043e+49
5048,1.0431969039725099e+46
5049,3.93233540871301e+44
5050,3.165477800512212e+49
5051,9.293336243527993e+49
5052,1.1881061487030182e+50
5053,5.3764312937062565e+48
5054,2.2426516762419426e+40
5055,4.0037911892182505e+48
5056,1.574611252401098e+50
5057,9.39825887524789e+47
5058,1.0102879989505711e+50
5059,4.6079183894033223e+49
5060,3.739486342300097e+49
5061,1.5171082482657303e+50
5062,1.6060572066930494e+50
5063,7.811277202161865e+49
5064,3.73885279640419e+38
5065,1.6052136585684176e+50
5066,9.407841127760825e+49
5067,1.0405547763733988e+44
5068,1.8514470874036314e+46
5069,1.1893427295345835e+48
5070,3.480801907692041e+45
5071,2.2411185305424563e+39
5072,1.5325697987783861e+50
5073,1.2111413730343397e+48
5074,5.832394050976454e+36
5075,4.840904217295123e+40
5076,3.247763244872994e+41
5077,3.890276107347661e+42
5078,6.505979942579933e+39
5079,1.6084271365248468e+50
5080,2.4603590172697144e+42
5081,1.5968094232083724e+50
5082,2.267804915341806e+46
5083,1.6236412065584175e+50
5084,4.045631560985812e+46
5085,5.7838559938406247e+48
5086,2.90221049918705e+41
5087,2.9603130806370344e+42
5088,9.700302804948136e+49
5089,1.701692829509032e+37
5090,8.737883972472754e+49
5091,1.5514437102431715e+48
5092,3.9191880952871035e+49
5093,8.679927489216515e+43
5094,6.770407823782809e+49
5095,1.3126818776882785e+49
5096,3.681418709752835e+41
5097,2.837034305348699e+36
5098,8.700029576712088e+47
5099,4.635406251847389e+39
5100,6.205321821058594e+40
5101,1.3988995549977356e+49
5102,4.3605604154085013e+49
5103,1.1739584931616931e+45
5104,6.92892643379016e+49
5105,1.4957486353983144e+50
5106,8.817825314417757e+49
5107,1.82961057253799e+48
5108,2.5029356754973354e+41
5109,8.386428174978055e+48
5110,1.4047132387246367e+50
5111,2.259791392096167e+49
5112,4.882559414976247e+49
5113,1.1463536317924222e+50
5114,5.142790026981003e+49
5115,5.837761073226145e+47
5116,1.6460568803275662e+47
5117,4.438732928411243e+49
5118,4.277881395089997e+36
5119,7.241197905976298e+49
5120,3.957405653119334e+49
5121,1.2140462980708824e+45
5122,5.345993152079667e+36
5123,4.4701916139869534e+48
5124,1.705076783935306e+39
5125,1.319900418120439e+50
5126,2.16902836928562e+44
5127,9.007771678813478e+42
5128,2.627549333494476e+40
5129,1.3165606461645422e+45
5130,1.1977918129988507e+43
5131,1.1639082426685566e+46
5132,1.4174306010069806e+49
5133,1.0100161982148981e+40
5134,1.4759579362606543e+48
5135,2.1066733135787657e+46
5136,2.292330137371653e+48
5137,8.349220107608939e+41
5138,4.785903040759418e+37
5139,2.1052094462760244e+47
5140,6.1939927484168075e+44
5141,3.7845131611155015e+49
5142,2.2289862007642698e+48
5143,8.393834414859339e+49
5144,2.9328002225598863e+46
5145,1.0457187653486429e+45
5146,5.801482990353651e+49
5147,3.72883123559162e+42
5148,2.5785336477404167e+47
5149,1.0220279876886098e+50
5150,6.417000775935786e+45
5151,3.2644632316229237e+38
5152,1.3628351997392095e+48
5153,1.536320162720289e+50
5154,3.4065798738883354e+45
5155,1.3381529531825808e+50
5156,2.791649506231183e+41
5157,8.89631270887962e+49
5158,2.007897256882475e+45
5159,5.229075614150419e+46
5160,3.5793159904691936e+47
5161,1.567519888515912e+50
5162,2.0150006522732463e+43
5163,1.216393545164319e+50
5164,1.3910303714686492e+50
5165,4.958902689955258e+47
5166,1.400376088831729e+50
5167,1.5551786129096366e+37
5168,1.6227480278093921e+50
5169,9.488564510746173e+49
5170,6.327243614918392e+44
5171,1.2902501543738802e+50
5172,3.578492503164459e+48
5173,1.6415224588000009e+38
5174,5.66215913644148e+48
5175,1.068496356437618e+50
5176,1.9577022319752464e+48
5177,1.552871713297686e+42
5178,2.0416995476196723e+39
5179,1.1205968424340903e+50
5180,1.5618177913120265e+50
5181,4.5963532622223943e+49
5182,1.8501434261949738e+45
5183,1.3104799784021721e+45
5184,3.3602332020663376e+48
5185,9.705331143246226e+44
5186,2.6811000897405417e+39
5187,2.6367176566094266e+45
5188,2.4887005265274776e+44
5189,2.0284467195638087e+45
5190,1.2430402242655453e+50
5191,3.7673943424481186e+49
5192,1.2320999827081724e+50
5193,1.1656202576387861e+48
5194,5.417793942078063e+40
5195,3.7777833586216983e+46
5196,4.922218665640999e+49
5197,1.883321548331912e+40
5198,2.5516665622582767e+41
5199,3.2572392207724614e+48
5200,1.4868384399406344e+49
5201,5.348861234340969e+43
5202,1.4388673107542529e+44
5203,9.72582677187098e+49
5204,1.506214371552875e+50
5205,2.0546470122861843e+47
5206,1.439458552537401e+41
5207,1.177764261125749e+50
5208,2.512370091435048e+49
5209,2.5842456315019013e+47
5210,1.9277365784720621e+46
5211,3.701250714644617e+47
5212,2.895270714493637e+36
5213,1.874275031214954e+43
5214,2.64927134562467e+49
5215,1.1221743152098174e+47
5216,3.8191157759718047e+39
5217,4.51369987922429e+37
5218,6.9578022813472315e+47
5219,9.938808912846084e+47
5220,2.0875012270236168e+42
5221,1.2795315518620943e+50
5222,8.135398286865013e+49
5223,1.6036608752070134e+50
5224,1.2953461649093057e+50
5225,3.766647991387156e+44
5226,5.3204962465202735e+47
5227,3.3408551517739765e+49
5228,1.0994696609593483e+39
5229,1.5859530954598926e+46
5230,1.484885397241826e+49
5231,1.571734873911576e+37
5232,1.1812156768979078e+38
5233,1.7717478621713288e+44
5234,4.335000403214421e+42
5235,3.2019027787154155e+42
5236,2.3475534487707307e+45
5237,7.006341190647245e+49
5238,1.7029045180935264e+49
5239,1.3737500814805047e+50
5240,4.731918302567994e+49
5241,2.3812782198178715e+39
5242,7.542600705090696e+49
5243,1.6496748799341505e+49
5244,1.2361615177435521e+50
5245,2.20796496804974e+37
5246,2.9599624500160814e+49
5247,6.809840405088552e+49
5248,8.452393097863237e+47
5249,1.5115089687701694e+49
5250,2.7282553737335906e+38
5251,3.383529618965498e+46
5252,7.975519900606509e+46
5253,1.5899983473871714e+46
5254,1.5435163152944726e+50
5255,1.6550413995543779e+47
5256,2.179124885787858e+46
5257,6.980159381773657e+38
5258,3.8012381795980887e+40
5259,1.5993594279365503e+50
5260,4.014626348043764e+44
5261,2.3766763793211374e+40
5262,1.0767633795110523e+49
5263,5.06638650438232e+48
5264,3.3254931270185305e+38
5265,4.610881256727725e+47
5266,2.0110240748029417e+47
5267,6.175580666252488e+49
5268,3.237566929378521e+48
5269,9.188687992655241e+49
5270,1.2922491351278967e+48
5271,1.6234849709114053e+50
5272,1.2221962023558199e+38
5273,1.3245334029362623e+50
5274,1.3296051075040138e+50
5275,1.0552866293428087e+40
5276,5.393203631584908e+49
5277,1.4695584567431536e+49
5278,6.241618482598034e+48
5279,1.163544180329457e+46
5280,1.294204344870018e+50
5281,1.5403925438802928e+37
5282,1.1099057437919854e+50
5283,6.578611262654679e+48
5284,6.484633251267563e+49
5285,3.3652051096465496e+42
5286,1.0679016468288038e+42
5287,3.975898347674705e+43
5288,1.5958138263026498e+50
5289,5.826905734165375e+47
5290,2.1004553106841442e+49
5291,1.062226940475503e+38
5292,1.843672854200911e+46
5293,4.588876133568876e+39
5294,7.462840963340315e+36
5295,1.3365211061456659e+40
5296,2.566978066477871e+45
5297,6.855228189084502e+49
5298,1.8452204227645606e+37
5299,9.805103510221685e+49
5300,2.555295753658217e+49
5301,5.783804571174969e+41
5302,6.080219034925795e+41
5303,3.231880357334911e+48
5304,1.282260081383045e+46
5305,6.074993559504867e+49
5306,2.0144892401262264e+46
5307,2.1013122612853202e+49
5308,1.0219431310832577e+38
5309,1.6124599476423168e+50
5310,5.107223322099679e+47
5311,1.0472918326924932e+44
5312,5.666980102986482e+40
5313,7.755171030459137e+39
5314,6.702949670933379e+44
5315,8.9923377510456e+49
5316,1.1774373061713342e+48
5317,3.6562604557913153e+43
5318,1.0391194502138807e+50
5319,4.768154842104153e+37
5320,2.5294678224252237e+48
5321,4.258894577838368e+38
5322,1.120808711108462e+50
5323,2.3709638900003234e+47
5324,2.1651425648886286e+48
5325,5.079235409745629e+36
5326,4.978725038576581e+49
5327,3.5113158571826536e+48
5328,1.828970785465793e+49
5329,3.842289506393304e+49
5330,1.1807173039928583e+43
5331,2.2242312920177808e+44
5332,2.241685322465549e+41
5333,2.9113448524131517e+40
5334,1.215161890900833e+50
5335,1.5688261749139722e+50
5336,3.6083055593146866e+45
5337,6.678190752327381e+40
5338,1.8197748434950953e+41
5339,4.4130475631178035e+49
5340,4.3786010315338266e+48
5341,5.778618122929456e+49
5342,1.4243716490315737e+36
5343,7.961026836931482e+41
5344,6.376060591687535e+48
5345,2.382956296597809e+39
5346,4.46554443971713e+45
5347,2.0234343144595903e+41
5348,1.2784734162704457e+49
5349,1.109155288034526e+41
5350,1.733685028464075e+39
5351,2.4187363692056695e+42
5352,7.998628963473274e+48
5353,4.288703922817056e+47
5354,6.684965191024374e+36
5355,1.3168805949109923e+48
5356,3.405040659627892e+45
5357,7.718107750207446e+49
5358,1.4064866355004682e+50
5359,5.926382820014404e+42
5360,2.4564941406965034e+39
5361,6.424556189035031e+49
5362,1.4577930471222811e+49
5363,5.350948058833168e+39
5364,5.189185185743552e+46
5365,5.386899215295287e+49
5366,2.6022086670196936e+43
5367,4.584636471157484e+46
5368,1.586887821570146e+50
5369,1.0534499728447682e+50
5370,2.6088606920201136e+49
5371,4.098639507390086e+49
5372,1.00791889399642e+50
5373,1.3865418603663109e+45
5374,4.566742668727584e+45
5375,9.711085181441009e+49
5376,2.4217690527138775e+49
5377,2.2897033362033386e+46
5378,6.768188771039078e+49
5379,3.2842960784791056e+43
5380,2.6276087612780183e+48
5381,1.5651067464275313e+43
5382,6.490104423296188e+49
5383,2.1243697799952916e+38
5384,1.1599873345070814e+50
5385,1.2976389935345319e+48
5386,5.79462649083721e+49
5387,5.030555166839517e+36
5388,2.9518542410942674e+48
5389,2.7709700424339083e+46
5390,6.147976775779612e+45
5391,6.415131746010863e+49
5392,6.5888912236610136e+41
5393,4.8971366332738246e+48
5394,3.465941055666338e+42
5395,2.9163709630120305e+48
5396,1.7846595598122627e+40
5397,1.5741973962340374e+43
5398,4.332638614398578e+40
5399,1.3598518165293034e+47
5400,7.691261611408996e+41
5401,4.635630298142085e+46
5402,2.5175403194790233e+48
5403,5.516077155429694e+45
5404,1.1947261863358822e+44
5405,2.279148734288293e+48
5406,3.5270167948882715e+46
5407,4.93400731797644e+49
5408,3.3803512288444342e+44
5409,1.9376280160806063e+41
5410,1.0214034115100925e+46
5411,5.079531845726696e+41
5412,3.3274707155325817e+49
5413,8.924707210060888e+42
5414,1.374059866880683e+41
5415,1.1115562849637735e+50
5416,6.785612245691621e+43
5417,9.09826877773383e+49
5418,7.81624756987166e+48
5419,1.530288593580185e+47
5420,1.968586508913535e+43
5421,4.79092245743391e+49
5422,7.268133929500131e+49
5423,1.3682639793381456e+50
5424,4.389882969861974e+49
5425,2.6376510463994967e+46
5426,1.0890840029226445e+39
5427,4.890309159830745e+49
5428,1.1452710103464517e+50
5429,8.225122607640862e+48
5430,5.71506838811631e+37
5431,6.331231333095326e+46
5432,4.458886724418437e+37
5433,1.1827758210364126e+40
5434,2.616894786235528e+44
5435,1.5789561583144603e+50
5436,1.5462700760522657e+49
5437,3.3736258697334704e+43
5438,3.2027515875879266e+39
5439,1.620749171622133e+50
5440,6.808013957927001e+49
5441,7.061682666388637e+37
5442,5.438194445114347e+46
5443,2.9588083201828e+44
5444,1.8498278040941633e+43
5445,2.5753361760936154e+45
5446,5.7114669272302e+45
5447,2.1110407458092027e+36
5448,6.482029508008555e+36
5449,1.0999776652900422e+46
5450,1.1194205667143827e+44
5451,3.1565353820558805e+47
5452,4.428675913050927e+48
5453,6.881316984951373e+36
5454,1.1250105302728678e+43
5455,1.9451210545387958e+49
5456,7.58118084590414e+48
5457,9.30816345171024e+45
5458,2.4282307024296404e+49
5459,8.334014706093929e+43
5460,3.073070203286603e+48
5461,3.164378217235131e+46
5462,5.03340122384513e+40
5463,7.704724358376583e+41
5464,3.516188229758374e+44
5465,1.3635172654542662e+50
5466,2.7881364963072548e+44
5467,1.1582388358655432e+49
5468,7.174406193406263e+45
5469,3.6374708515734204e+44
5470,2.128156101905072e+46
5471,3.108694694057907e+43
5472,6.082989173057109e+49
5473,1.852226651426465e+49
5474,1.2846092505235497e+50
5475,2.5390168952484778e+48
5476,1.2096762590836275e+40
5477,4.1654197949615174e+36
5478,5.472118547455394e+49
5479,2.953660921006752e+45
5480,1.3398890141527327e+46
5481,4.2602757870562954e+42
5482,9.214362349429083e+38
5483,2.280600847655002e+44
5484,1.4379785140033667e+50
5485,3.1101651779001288e+47
5486,2.9475662274742734e+40
5487,1.9693782360966334e+47
5488,3.7907513794297315e+46
5489,3.619903993882274e+41
5490,4.811779830232791e+46
5491,1.1621365607447872e+50
5492,8.581199984822144e+49
5493,9.225276494287836e+39
5494,1.4484543410593184e+47
5495,4.8353305300573574e+48
5496,1.241475092420842e+50
5497,8.626053234706931e+49
5498,7.722582310233911e+39
5499,6.214375710180042e+49
5500,1.8524367098992403e+40
5501,1.3596304094975126e+50
5502,9.602904772750945e+38
5503,5.456392468682172e+49
5504,9.834551022894225e+49
5505,2.4511392023114956e+41
5506,1.5715999163929287e+50
5507,2.162314131237497e+46
5508,1.2985825333526805e+48
5509,1.0019297580917681e+44
5510,2.0220852772158807e+38
5511,4.379215453787848e+46
5512,3.2409603401487063e+46
5513,2.80999875531804e+47
5514,1.5544332740990268e+50
5515,8.356714773252756e+49
5516,1.5786584113753282e+49
5517,3.082745125480176e+40
5518,1.1773007659003554e+50
5519,1.8242107998494964e+48
5520,4.211819167781244e+49
5521,5.463707223700628e+42
5522,2.599917161096355e+49
5523,1.8417846100546437e+38
5524,2.947889874180894e+49
5525,1.9202733095687277e+49
5526,1.6206740244875532e+43
5527,1.6119863186319747e+50
5528,1.5910747310619913e+42
5529,1.2109300948998833e+50
5530,1.6010373193656737e+42
5531,1.7845835067518232e+47
5532,4.902277399954055e+47
5533,3.791787466642169e+49
5534,1.6056301071751017e+50
5535,2.1298412318386733e+49
5536,2.0179229138039288e+39
5537,1.796161178532864e+49
5538,2.076409084460984e+49
5539,8.787726768010102e+47
5540,4.04443004821408e+40
5541,1.207983208853762e+36
5542,3.47066812904526e+48
5543,1.1238922479936598e+50
5544,1.1602135907133583e+48
5545,1.444534819256259e+50
5546,5.306201510719127e+36
5547,5.684912901343582e+47
5548,1.8531900320449436e+48
5549,5.7492282165469476e+48
5550,9.91918627730975e+42
5551,1.4721122337868355e+46
5552,4.60189095219803e+49
5553,2.5915903585974823e+48
5554,9.007616737445351e+49
5555,2.087092275258251e+43
5556,1.037223979129439e+50
5557,1.0331677727667124e+50
5558,8.373161659705449e+49
5559,1.2188647525706301e+47
5560,2.855153648937014e+40
5561,1.638183108712143e+40
5562,1.3096809609450817e+48
5563,1.3933526569191382e+50
5564,1.0082877801278781e+49
5565,7.463639639837037e+38
5566,9.60983902169358e+44
5567,3.82305580662326e+49
5568,1.5451777524788284e+50
5569,5.733761412667587e+49
5570,1.0556553262184062e+50
5571,3.107706852096749e+49
5572,6.419645091724327e+48
5573,6.123569963294923e+41
5574,5.875738508716407e+45
5575,1.6236634925171015e+50
5576,4.476272923649103e+36
5577,9.795024050441194e+41
5578,1.0233447061869632e+49
5579,1.598671626003172e+50
5580,1.8830623730316354e+49
5581,1.8822473903490615e+44
5582,5.5792254494571035e+47
5583,1.0938098596933376e+49
5584,1.1819455942929425e+36
5585,5.074118456975096e+45
5586,8.545367867059871e+42
5587,1.3892572750752322e+41
5588,1.4015068971843445e+50
5589,7.144510891050703e+49
5590,1.0221795948417213e+50
5591,1.0503933823341468e+47
5592,7.478428987776561e+41
5593,2.970339468185828e+40
5594,2.4230364761092672e+39
5595,7.052302585553688e+45
5596,1.5718212181042498e+50
5597,4.955993849928802e+39
5598,8.787232769586724e+43
5599,5.547172069280149e+38
5600,1.1023711315686802e+43
5601,2.0762534052698704e+49
5602,1.0898296191031768e+49
5603,1.6241272256314778e+41
5604,6.602311423550975e+40
5605,1.1070635743644774e+48
5606,1.4246002766632972e+43
5607,8.952772550539489e+43
5608,5.368646185642929e+48
5609,1.035177381666646e+50
5610,3.138432497192806e+39
5611,5.114570407342328e+49
5612,1.4486277729098683e+50
5613,5.280742613249625e+49
5614,1.303156708828314e+49
5615,2.786074614582236e+43
5616,1.545047262739656e+50
5617,1.529431540308171e+50
5618,1.615182940742004e+50
5619,1.555869235668428e+37
5620,1.7805852024254752e+44
5621,2.657574203382321e+42
5622,5.8214205116286e+45
5623,1.3691071299940662e+50
5624,1.3804837710160758e+49
5625,7.814977245316185e+37
5626,4.1065587526096403e+48
5627,1.1693533295490535e+50
5628,1.3181446927299196e+38
5629,2.578478324222314e+49
5630,4.2044385583574456e+46
5631,4.3230366162493455e+45
5632,2.1825869822169533e+44
5633,9.021308335305005e+36
5634,7.079172111383868e+49
5635,4.291315193031204e+38
5636,9.782067925841897e+38
5637,2.8015509519194818e+45
5638,1.5813323749651685e+44
5639,8.445565595612916e+46
5640,6.370952172151831e+49
5641,1.8976103085086322e+49
5642,1.2185969525359512e+50
5643,1.2790915972388209e+38
5644,2.778499594291499e+46
5645,8.819282419057125e+49
5646,1.680066313985861e+36
5647,1.4610945028677428e+50
5648,4.718425689302954e+49
5649,4.356523839663409e+49
5650,6.597301599537021e+48
5651,1.4750024020508668e+40
5652,2.8456513702200736e+39
5653,6.647593171921814e+49
5654,6.701379457054952e+42
5655,4.724921760420976e+49
5656,1.5040925018736425e+46
5657,1.58768314003087e+50
5658,1.9155682570574732e+43
5659,4.519327317262224e+49
5660,1.8736020003223285e+45
5661,3.4591840435250822e+44
5662,4.961599509010378e+39
5663,1.2166992953061754e+39
5664,4.862269574655694e+40
5665,3.872454996275831e+38
5666,1.7526412954755366e+48
5667,5.950967674931172e+48
5668,1.1483220936023046e+50
5669,9.488280307798168e+40
5670,1.3091665872890073e+50
5671,1.7334525347505357e+45
5672,1.582308129895711e+50
5673,1.659891565810946e+39
5674,1.1821937019508378e+49
5675,3.797406156987549e+49
5676,3.835634810508749e+39
5677,8.137894054126185e+49
5678,9.31806085698377e+47
5679,1.2355347071549291e+50
5680,8.982707575767564e+49
5681,2.8192433364501225e+46
5682,9.316626464842378e+42
5683,4.5229154544284315e+48
5684,1.347138533207628e+50
5685,2.404861863664532e+36
5686,1.0705606369920262e+50
5687,1.9832474042382445e+45
5688,1.2452284393278165e+39
5689,1.0477675567301935e+44
5690,8.933487709943059e+49
5691,1.4631805517843833e+50
5692,1.5266393513145883e+50
5693,3.223466491257864e+47
5694,3.5832705769597784e+40
5695,5.801750262937941e+49
5696,1.1411976177809654e+50
5697,1.0064494629717663e+50
5698,8.984572142646462e+36
5699,6.10531158645966e+41
5700,1.0391789011274027e+48
5701,1.2893835952409873e+50
5702,9.877557875623486e+47
5703,5.429425448341954e+47
5704,2.0641192949113867e+42
5705,7.094508160085876e+44
5706,1.542903226192271e+50
5707,8.08018540611441e+38
5708,2.012132744455026e+44
5709,7.862434882579949e+49
5710,3.857545079422028e+42
5711,9.141649367073067e+40
5712,1.4521830680525054e+50
5713,3.6774423516302796e+38
5714,1.528874069744319e+50
5715,4.380840545331378e+46
5716,2.8554626988695267e+49
5717,7.21783629516971e+48
5718,3.180049722998743e+49
5719,4.982526413996831e+47
5720,1.7448975125584612e+42
5721,1.30874769014102e+49
5722,1.6671950418929895e+47
5723,1.3491752022377565e+50
5724,1.4989154047390095e+50
5725,5.86756778835057e+49
5726,4.37952271487783e+47
5727,4.3130296445515474e+44
5728,7.544633470377186e+48
5729,8.298486869624825e+41
5730,4.168238175788996e+49
5731,1.4047483195050735e+50
5732,2.204244439454647e+38
5733,2.0239913367977232e+36
5734,4.297510702707558e+39
5735,6.997062304123317e+49
5736,3.272743810865892e+49
5737,4.2210036220565944e+49
5738,4.93269470437833e+45
5739,1.5357383655638013e+48
5740,1.4274182024620902e+50
5741,7.373953648472168e+42
5742,4.80558502256297e+49
5743,8.519942966050327e+49
5744,1.6166093059338331e+50
5745,3.605065366764676e+44
5746,1.2186701240977586e+50
5747,3.4878174293435463e+49
5748,8.72400083418021e+49
5749,8.180625623138684e+49
5750,4.5616141108713477e+49
5751,3.707093372751819e+48
5752,4.290272251928514e+48
5753,4.706056152184912e+39
5754,8.030982953115012e+49
5755,1.618820960566489e+50
5756,1.2126708929231372e+39
5757,1.3381668514551976e+46
5758,1.2881712822582754e+36
5759,1.6085763670422664e+50
5760,2.1015265898001835e+45
5761,1.3640862964725843e+50
5762,5.0049391822102353e+48
5763,2.559779006013072e+44
5764,1.298892916208586e+50
5765,2.709693547878408e+36
5766,8.788869186259202e+49
5767,8.858487043238076e+45
5768,1.4425381206160868e+37
5769,3.853825151397547e+49
5770,1.971855962964146e+48
5771,3.180147103230104e+49
5772,1.0146837690050963e+50
5773,2.285920693512542e+37
5774,1.361196599714063e+47
5775,1.1069101088421247e+49
5776,5.033155235213741e+49
5777,4.901826050187712e+42
5778,6.363792697330251e+43
5779,2.2663863472169894e+49
5780,9.875766554721465e+39
5781,4.148216209261132e+47
5782,2.567396396391619e+36
5783,3.3637164303834096e+47
5784,1.649848887155109e+48
5785,7.795967239835779e+42
5786,3.3484277305449075e+42
5787,4.6136730720387864e+48
5788,3.2524759347214785e+46
5789,2.367689909914493e+40
5790,1.8130605247341636e+39
5791,1.4666166644400955e+50
5792,3.302116669234134e+41
5793,3.496441988873041e+49
5794,1.2824755492821807e+48
5795,3.656410969904991e+42
5796,7.444270984536695e+39
5797,1.9653830254974174e+46
5798,4.8405446692866e+49
5799,2.825882847829054e+45
5800,1.6395949293090803e+36
5801,1.3867765998306505e+50
5802,1.6826005040577834e+45
5803,6.38994357507221e+47
5804,7.145711037794553e+48
5805,4.675421207011839e+41
5806,5.661400146160085e+42
5807,2.3688008377217767e+44
5808,2.477612059898226e+48
5809,3.928024343322073e+49
5810,2.7181258449670158e+48
5811,8.054341633088057e+48
5812,3.653354207337737e+38
5813,3.507339470419453e+42
5814,1.4011532347269786e+50
5815,8.295084331461913e+49
5816,1.4423770672702794e+49
5817,1.560918405287693e+37
5818,2.4693133560789896e+42
5819,4.98616353149835e+43
5820,1.939661334769923e+45
5821,1.3416889649582392e+50
5822,9.701570799928681e+49
5823,2.6542674101430465e+48
5824,1.008261706408451e+50
5825,2.5103349041565292e+41
5826,5.862823478116195e+49
5827,8.254756589999327e+41
5828,1.0726858449895332e+50
5829,1.950602290258323e+44
5830,4.5733207755587507e+49
5831,4.449374368743455e+37
5832,4.769826204110217e+40
5833,4.809737489200293e+37
5834,2.506101172854635e+41
5835,7.403872705161075e+46
5836,3.028476059996116e+40
5837,3.931504810484295e+47
5838,2.0892571706874685e+48
5839,2.1696891797369423e+37
5840,3.3385322712334446e+44
5841,8.014666365516059e+49
5842,3.9810373068921476e+48
5843,1.7667615709927302e+48
5844,6.303060492987107e+40
5845,8.533495881571249e+47
5846,1.0384136804516542e+47
5847,6.31556610758575e+49
5848,1.3124166382820691e+50
5849,4.250088244345682e+49
5850,2.3035902218686176e+36
5851,9.479768786857878e+49
5852,2.141487662811399e+38
5853,1.353696610013579e+47
5854,9.245529646802807e+48
5855,6.263327780218153e+49
5856,1.1960376565815083e+42
5857,2.6517072397680867e+42
5858,1.415239054540003e+49
5859,2.5568578026447277e+42
5860,2.2509124133541337e+49
5861,2.163475860857412e+38
5862,7.366212821370185e+46
5863,1.594598438515356e+41
5864,1.155441975665666e+49
5865,2.0060657251285506e+49
5866,1.1763882099620753e+50
5867,1.2867130561128756e+50
5868,1.1991859078974658e+36
5869,3.607331954238529e+46
5870,5.30231892578784e+41
5871,1.1137253923487465e+46
5872,4.646658785432177e+40
5873,6.631955643612519e+42
5874,1.5443227091620307e+50
5875,1.5229012514489794e+50
5876,1.7111331424347878e+42
5877,7.122059193487315e+49
5878,5.082964932222027e+36
5879,6.028045137071922e+49
5880,1.076912827865397e+50
5881,1.204215896593605e+47
5882,4.2256369866139435e+45
5883,5.241222125818645e+45
5884,1.9410146709131573e+49
5885,3.143955523789312e+39
5886,1.8498965098904507e+49
5887,2.6319988401708576e+40
5888,1.7286848098779932e+37
5889,1.5882120909183759e+50
5890,1.8774794476114714e+48
5891,1.2640436485518072e+50
5892,1.5377357821438894e+50
5893,1.3129726251907468e+49
5894,1.0879207693144931e+46
5895,7.391858328415246e+37
5896,9.404944273410428e+40
5897,4.675715758365752e+49
5898,2.2475502261907466e+44
5899,5.8695387092354915e+38
5900,4.823187638798636e+49
5901,3.463963924975437e+49
5902,5.001443315934962e+45
5903,1.9706982172270276e+44
5904,2.287614044182734e+44
5905,2.322800193213471e+37
5906,2.566248017271511e+40
5907,7.403524781875686e+44
5908,1.4479530174948715e+48
5909,1.4094363491033258e+46
5910,1.3588923549982423e+50
5911,1.8633985425119785e+49
5912,1.5078074822533394e+50
5913,1.2949407368122073e+48
5914,2.8460291710356623e+49
5915,5.492689986006594e+46
5916,2.411508235010988e+47
5917,5.626182243076575e+49
5918,4.087146099403596e+42
5919,1.4400764238272095e+49
5920,2.085155540251095e+47
5921,2.0773240453189413e+37
5922,1.5969028876528456e+50
5923,1.587508765980614e+50
5924,4.4856021913643494e+36
5925,1.1831527939827821e+46
5926,6.105325081451728e+45
5927,4.175170558058226e+49
5928,3.0525182682583793e+49
5929,3.2376684635599854e+49
5930,4.966255070542657e+49
5931,2.1127474955239197e+49
5932,1.4742832525478354e+36
5933,2.160815628229696e+48
5934,1.075524846215008e+50
5935,1.4130021604985266e+44
5936,8.046229706506433e+47
5937,3.097382304149795e+40
5938,1.282307292750532e+39
5939,6.076398158545757e+49
5940,6.615116643439288e+43
5941,4.911821115327459e+36
5942,4.811876917580591e+49
5943,3.44892943560581e+37
5944,1.8486598142439715e+44
5945,1.0809769029478506e+42
5946,4.350280337724482e+43
5947,9.841866782287996e+49
5948,8.186880614404848e+49
5949,2.7420646755952847e+41
5950,3.690319828138889e+46
5951,1.6063467328612556e+50
5952,8.078220712231474e+44
5953,2.574265563122691e+49
5954,4.013753992727662e+48
5955,4.1286512827600754e+49
5956,3.823566406900188e+47
5957,1.5702610076797898e+48
5958,3.140213268625981e+43
5959,5.875022125183305e+46
5960,6.148786998890051e+48
5961,5.3420158754765864e+47
5962,3.47703422030902e+49
5963,2.0916823617248657e+47
5964,5.322714280276449e+48
5965,1.3785093948543114e+45
5966,7.818830678910039e+48
5967,2.27850551367097e+42
5968,1.7238998739044536e+41
5969,1.4663888506243624e+46
5970,1.2197220310570138e+41
5971,3.0916943748686915e+49
5972,1.3259579544726574e+50
5973,4.34684960564051e+38
5974,2.863654576931632e+43
5975,3.3789134520513066e+49
5976,7.541836732579088e+45
5977,2.1544018482504955e+49
5978,6.474808562192881e+42
5979,2.971012114797971e+48
5980,1.3860343583612931e+41
5981,4.867354140842426e+41
5982,5.424745158407303e+41
5983,5.466946297106423e+48
5984,1.6319922520541665e+42
5985,1.8452166669722756e+49
5986,2.2214187873470393e+45
5987,4.232588563487228e+46
5988,1.0586325387592119e+45
5989,7.498087387087868e+49
5990,2.5942602454093698e+44
5991,4.679579933472304e+46
5992,1.0781199081526885e+40
5993,1.0196053769084796e+42
5994,9.811982588709165e+43
5995,1.0223759971311639e+50
5996,3.437654024098036e+48
5997,2.4146880613737565e+42
5998,1.7175446528636637e+45
5999,1.1251637104025602e+50
6000,7.808076243801657e+47
6001,1.4067118542141244e+50
6002,1.152752059073647e+46
6003,5.656198019759811e+47
6004,1.5458754617743126e+50
6005,1.5856464320671737e+50
6006,6.174365486797818e+42
6007,2.3868936749160238e+36
6008,7.62527115437204e+48
6009,1.1916796698998598e+37
6010,6.362241840926323e+45
6011,5.214300697555609e+41
6012,4.646880758938648e+46
6013,2.1560843821650326e+43
6014,3.976786388454841e+49
6015,1.1755916195449773e+41
6016,1.5541744249018048e+50
6017,1.6335540936383465e+47
6018,2.0950274348154296e+44
6019,1.6109882168845795e+50
6020,1.23151217181789e+50
6021,1.4916559901704971e+50
6022,1.6689853554965336e+38
6023,5.294156933286147e+36
6024,1.1872871047592819e+50
6025,1.336810051638948e+48
6026,1.5566874363803161e+49
6027,1.5716645371676237e+42
6028,2.9441840173219106e+49
6029,1.2721776806243034e+46
6030,1.3337070349336867e+41
6031,7.063690176388123e+49
6032,5.807967615777871e+40
6033,1.0865486571436278e+50
6034,1.7433817689258216e+36
6035,4.2874170334516085e+49
6036,2.7532879040379367e+45
6037,2.3071707246216438e+49
6038,8.964021060627311e+46
6039,1.1910736752966292e+37
6040,1.4102253980769741e+47
6041,2.1510569965811463e+45
6042,1.2113650525518397e+50
6043,1.5743194762781479e+50
6044,1.3106832282532672e+42
6045,2.073439452731404e+46
6046,1.4615404122525533e+46
6047,1.1401940562161248e+48
6048,8.526587786877598e+47
6049,3.4915374756626026e+49
6050,1.1884621533032092e+44
6051,2.101133033467883e+42
6052,1.6369930194473874e+39
6053,2.8792381350073525e+49
6054,4.878902552156687e+49
6055,4.505453243268271e+49
6056,1.354284256456604e+36
6057,1.9633300253213677e+49
6058,7.80635930827729e+41
6059,1.3493227785804438e+46
6060,1.3282573666500943e+45
6061,4.085143842987649e+49
6062,1.57707891625289e+50
6063,1.616162040926295e+50
6064,2.5588810705898768e+48
6065,2.012505441389529e+40
6066,2.718511559873228e+49
6067,7.5005605611118e+39
6068,7.028303492535971e+48
6069,9.890962299490865e+45
6070,1.886580267892794e+48
6071,1.645319718188816e+49
6072,4.7605618221108065e+48
6073,1.7249577486775072e+49
6074,8.250978338633643e+49
6075,6.130594633643482e+49
6076,5.2752525113580964e+42
6077,9.005434267917781e+47
6078,1.3613907691756434e+50
6079,6.92352030286322e+49
6080,6.800601094718464e+45
6081,4.893704630291431e+48
6082,2.1266312869460096e+46
6083,2.6110946055811256e+47
6084,8.430117150616192e+47
6085,7.497160982011569e+48
6086,1.234211257766024e+50
6087,4.5610583763924487e+49
6088,4.6121891737840634e+48
6089,9.485864203841174e+43
6090,2.2832138085433828e+48
6091,1.2315661913937398e+39
6092,7.51110389774963e+49
6093,2.5327557217752466e+44
6094,2.2775508350224117e+49
6095,1.1865685569734035e+38
6096,3.71192837515196e+38
6097,1.2439498424765306e+45
6098,7.332219570994956e+48
6099,5.996689313320874e+42
6100,8.221886419074429e+49
6101,9.779896013446716e+49
6102,6.97499878828146e+38
6103,1.525613208082323e+50
6104,1.0127752745677879e+49
6105,2.321324501796628e+40
6106,3.877807045844252e+49
6107,7.028893399765501e+41
6108,4.681959236010712e+38
6109,1.2452988658796875e+48
6110,5.38134818300127e+37
6111,7.616718850836244e+38
6112,1.0058784055995671e+46
6113,1.1256801486224628e+41
6114,6.355892781639078e+49
6115,9.640233646964224e+42
6116,9.517009389418535e+49
6117,3.033381640106066e+36
6118,4.224188984302336e+46
6119,1.1831508795431832e+50
6120,7.164939166800639e+42
6121,1.890882912456252e+49
6122,1.2218475118559835e+50
6123,2.7829542980053886e+42
6124,9.135503649181502e+49
6125,9.218246406810632e+42
6126,1.1270760322234922e+37
6127,1.3122484217338883e+49
6128,1.5914274605134725e+50
6129,9.878924117886329e+37
6130,3.407507612134191e+49
6131,4.110868252592337e+36
6132,2.0860575791662448e+46
6133,3.3591570480879964e+44
6134,1.9673841483472047e+45
6135,7.115021387863633e+43
6136,1.3232236947817832e+49
6137,1.3086429224450912e+37
6138,2.6447223608925235e+36
6139,1.3299821691403371e+50
6140,9.648499581274754e+48
6141,2.4479431371728463e+36
6142,1.5789512841597442e+50
6143,4.881564303370624e+43
6144,7.545592615194293e+45
6145,8.892527535928343e+38
6146,8.927206536077681e+49
6147,1.3713129009298933e+48
6148,1.7822028265974363e+38
6149,5.4134622901186974e+48
6150,7.720519718822857e+48
6151,2.52147291242991e+49
6152,5.147800089851302e+48
6153,5.874985158758181e+41
6154,2.2940010198216634e+38
6155,1.6159472844413016e+50
6156,1.0997380729360017e+50
6157,4.104109772432586e+38
6158,2.3902849845642615e+49
6159,1.6351624167946234e+43
6160,1.4260142723949868e+50
6161,1.6241085977272227e+41
6162,2.4250149519131515e+40
6163,4.18836938028367e+46
6164,1.6043568780833972e+43
6165,4.674057731111525e+47
6166,7.561750755611887e+49
6167,4.600417643957877e+48
6168,1.6088340074090524e+49
6169,1.4197923292248337e+50
6170,1.054254760203138e+39
6171,7.260211677415769e+48
6172,1.6218955443501193e+50
6173,1.449458208539389e+50
6174,1.5902633769839368e+50
6175,1.121860855296326e+50
6176,8.772091521528492e+49
6177,1.4271035696025566e+50
6178,1.4520092875131614e+50
6179,5.0676285950548313e+48
6180,5.741515981103738e+49
6181,1.488054667080317e+41
6182,7.661728104684923e+47
6183,1.0922008502008792e+42
6184,8.49716625656176e+49
6185,4.604994230974886e+47
6186,1.9711210616081776e+37
6187,8.705189934340273e+47
6188,2.366013907825102e+41
6189,4.597403984316839e+49
6190,6.873882047113133e+45
6191,1.9311817042446327e+42
6192,6.829813456108252e+49
6193,1.6075627597088828e+50
6194,6.50698422773767e+36
6195,3.745025205459848e+48
6196,2.4531556737757327e+49
6197,1.641520043663361e+48
6198,2.396041076378187e+43
6199,1.2560238591662078e+39
6200,8.398061235316661e+40
6201,4.2672715526852697e+48
6202,2.3584074122666234e+40
6203,3.194081138235722e+49
6204,3.430373723625636e+36
6205,1.5944442090222316e+50
6206,1.5923967454859544e+50
6207,2.4587022113895235e+48
6208,3.086640014505007e+49
6209,4.5248654496664166e+44
6210,3.0957306957977235e+39
6211,1.6442968309190797e+39
6212,5.253120249927432e+43
6213,4.426883433393133e+44
6214,2.2451327697591067e+47
6215,5.404172304260915e+49
6216,1.754673871600795e+41
6217,1.4206291114710303e+50
6218,2.9921694619031605e+39
6219,5.8253073530282e+49
6220,1.1036978242169023e+47
6221,1.1087394808547937e+50
6222,3.121822555824973e+48
6223,3.430074985359245e+49
6224,2.783007668346345e+43
6225,4.088596451683364e+48
6226,6.228261110549118e+49
6227,1.579484806412157e+47
6228,1.2173564731693297e+50
6229,1.4703719552790662e+47
6230,2.7615422655179066e+47
6231,2.01839410663646e+36
6232,2.284176940396705e+43
6233,1.3256323016562663e+50
6234,5.651905093137685e+46
6235,2.850699849291718e+47
6236,2.7710585833411606e+44
6237,7.716802111808085e+48
6238,3.195703320024906e+48
6239,1.5690028411384668e+39
6240,3.713441660154954e+45
6241,3.66266226446348e+44
6242,1.117573413825145e+46
6243,1.6222524856019754e+50
6244,4.6323192624921e+49
6245,3.847567324556962e+48
6246,1.585370738177577e+50
6247,1.170114466103011e+46
6248,7.469289369374426e+48
6249,5.0117692339895686e+45
6250,2.5870027260158754e+48
6251,1.5457049929625612e+42
6252,1.4435621118345494e+49
6253,1.5680250420115541e+50
6254,2.9201362045421974e+48
6255,1.5434407086063347e+50
6256,7.997490039848177e+47
6257,3.572805029060979e+49
6258,2.033122640456068e+47
6259,1.6235608741208384e+50
6260,1.8471478047213922e+42
6261,1.9272444800121397e+47
6262,1.4424084824679193e+36
6263,4.420199537658971e+38
6264,1.7239520207035406e+47
6265,1.2085826366255652e+50
6266,9.435756713769975e+48
6267,1.4224736988131412e+50
6268,6.260893772561883e+45
6269,2.82081969258843e+39
6270,6.977089465845209e+40
6271,1.382518450090814e+40
6272,1.777400893273499e+42
6273,2.44779622586927e+43
6274,1.3500168899864203e+50
6275,4.442614127053283e+48
6276,4.778956429229262e+49
6277,3.725039173584416e+45
6278,4.3886736717394624e+49
6279,3.8893066430916766e+36
6280,1.8203620759075042e+46
6281,4.0555665798144915e+39
6282,2.364134034943279e+40
6283,1.3779964826867473e+47
6284,3.921442751430599e+49
6285,2.313510665849944e+48
6286,5.751871350684721e+49
6287,6.9305626713058125e+47
6288,9.901381972993686e+48
6289,6.571151113442674e+42
6290,1.0396539688373017e+49
6291,2.5427552901547885e+45
6292,3.6782462180966666e+43
6293,7.44223951414562e+43
6294,5.598159576517397e+49
6295,1.583828702139818e+46
6296,5.982182376498498e+46
6297,7.841432008112265e+42
6298,1.4852956096962919e+38
6299,1.6225545103388678e+50
6300,3.0997773738889394e+45
6301,1.5960988082895381e+50
6302,1.2498810675318251e+36
6303,9.43140036344198e+37
6304,2.2787506300869913e+44
6305,3.0523916926472063e+37
6306,1.0030438141519039e+50
6307,8.395516038965888e+46
6308,3.620628979863961e+41
6309,6.053715518361784e+37
6310,3.7717000268930174e+48
6311,2.2669552225584487e+49
6312,1.5210198542144822e+42
6313,2.1322796338922574e+49
6314,1.5888446787289276e+50
6315,4.3161879290961973e+49
6316,1.2247256013183788e+39
6317,5.676071556842492e+41
6318,4.960945830481839e+48
6319,9.15467007019679e+41
6320,1.5700361298005731e+50
6321,3.6665715518780244e+42
6322,9.864861576432903e+49
6323,5.642678846373368e+43
6324,5.82699904657603e+49
6325,3.108396575815484e+39
6326,5.994171660767271e+48
6327,1.317274964730416e+50
6328,4.662734052307848e+40
6329,4.908928055502516e+46
6330,6.542710202105376e+49
6331,1.0331774626708486e+50
6332,1.1425606288829882e+45
6333,6.369214299965727e+48
6334,1.5141301290861378e+50
6335,2.6708038730887896e+44
6336,5.068321645425951e+49
6337,1.7415833982027425e+36
6338,2.0411901587915156e+42
6339,1.508401522315104e+45
6340,5.129224930472537e+38
6341,1.5989412573803228e+50
6342,3.2103992948601767e+38
6343,8.482401710774697e+49
6344,4.2191849992675537e+43
6345,6.407754871899897e+49
6346,1.8080977030366827e+44
6347,3.1866863304737856e+41
6348,1.2800219773578494e+43
6349,8.458849163653599e+43
6350,6.810451466116372e+43
6351,4.548105607297033e+49
6352,4.216473049721205e+49
6353,8.309234379863898e+44
6354,3.418818867368961e+45
6355,6.189250442195699e+40
6356,2.3865166995033923e+44
6357,3.2092208143187804e+41
6358,4.958929563764351e+49
6359,1.9219518884866614e+48
6360,3.0925283995464e+49
6361,4.68583490947477e+41
6362,6.49900104130843e+49
6363,1.5925672524379915e+50
6364,2.3516945883380582e+39
6365,1.3094412714413938e+48
6366,1.323941990160558e+46
6367,4.248867075560331e+49
6368,4.702520586579261e+37
6369,2.650033112259121e+36
6370,4.0599261398732777e+43
6371,4.4158175087966315e+45
6372,1.1575313335826962e+48
6373,4.4679717876034426e+46
6374,1.2650163971813396e+46
6375,4.791587718664625e+46
6376,6.204466034697505e+48
6377,2.3455562713343307e+39
6378,6.181571134718567e+43
6379,8.018174708413121e+42
6380,7.33067586262326e+43
6381,1.0699183807761499e+49
6382,1.7529469220521275e+45
6383,9.258997592094513e+49
6384,2.345204026175551e+49
6385,1.8924168221878785e+46
6386,2.335175619203017e+41
6387,7.288815037962781e+40
6388,3.387176512112266e+47
6389,1.2766623165768263e+50
6390,1.8392938119107722e+44
6391,5.58405892304089e+42
6392,5.265896083170224e+46
6393,1.9979426167411875e+48
6394,3.94113812065429e+49
6395,4.0831105254400245e+48
6396,6.828222035974611e+47
6397,1.1806654530047149e+38
6398,1.0244396878103156e+50
6399,8.00990758763115e+44
6400,9.335786632100793e+48
6401,2.089593244344847e+48
6402,1.4653182618324345e+50
6403,1.0516331139378977e+46
6404,3.695816126678594e+45
6405,2.827963890947225e+39
6406,1.4839124715497682e+44
6407,1.1426703775517532e+45
6408,7.31244816425597e+48
6409,1.1574176228694231e+50
6410,7.699824860621722e+49
6411,2.5068488619163646e+41
6412,6.162460047438141e+36
6413,8.556804992232864e+37
6414,1.3888432942023742e+42
6415,7.467546197905258e+47
6416,1.2651635776173592e+47
6417,9.47015829600118e+37
6418,3.997470873379174e+40
6419,1.1931485645530848e+40
6420,4.635552028007032e+48
6421,1.3747758981291695e+50
6422,4.359780632202832e+41
6423,1.2095136412632652e+49
6424,1.4496724484512234e+50
6425,1.0386757994389138e+48
6426,1.0918400082924529e+39
6427,4.002653347826412e+37
6428,2.3929069845696474e+36
6429,1.4831303784633128e+49
6430,1.4061617433030639e+50
6431,1.6615377851960668e+47
6432,2.126707852817656e+49
6433,3.5360957903676106e+49
6434,4.150581761523906e+39
6435,1.9444037393790172e+49
6436,2.696521942077515e+42
6437,2.6104249463399107e+44
6438,1.1542705518158994e+46
6439,4.395073693063222e+45
6440,1.1071853523287038e+46
6441,3.4785949445872563e+40
6442,1.1448375695140601e+49
6443,1.3734961148260196e+50
6444,1.5811784022526102e+50
6445,2.4523612086620353e+48
6446,1.4752441067409122e+38
6447,1.1253747475857115e+49
6448,4.801652437024387e+46
6449,1.3321322421275136e+49
6450,1.5047285798398854e+50
6451,4.64999463001431e+48
6452,7.668467931347428e+41
6453,7.197771301817652e+37
6454,1.623079956785536e+50
6455,2.6146823899318334e+47
6456,5.339812588977684e+41
6457,2.1677545594761495e+48
6458,4.1417301858748133e+40
6459,9.832438599598966e+49
6460,1.3453417785184463e+44
6461,3.735998660143346e+48
6462,8.369345316345519e+46
6463,6.850716522765972e+49
6464,1.7886051108302764e+41
6465,1.6225726960830254e+50
6466,9.87940571617584e+48
6467,1.3732871693036716e+50
6468,2.1506647620746882e+36
6469,1.284696862675086e+50
6470,4.665571587721989e+48
6471,2.7668416518184795e+49
6472,8.736963623757774e+47
6473,6.362892612287924e+49
6474,9.532941031545667e+44
6475,2.8487290757488758e+45
6476,9.043851030065454e+48
6477,5.54885523636146e+48
6478,3.899164372725342e+46
6479,1.580919073838909e+50
6480,1.1211058857974789e+48
6481,1.345927149897199e+50
6482,9.987945200292353e+48
6483,9.014989187876486e+49
6484,9.727271184212938e+48
6485,3.238843058962694e+48
6486,1.8551377443645377e+43
6487,8.671218990589185e+42
6488,9.845092765184629e+42
6489,1.2260614632488818e+49
6490,7.499927720807714e+43
6491,2.7538136049713907e+49
6492,7.92132457709985e+49
6493,2.7805600871505536e+43
6494,7.481081568667017e+49
6495,8.989605776533085e+49
6496,1.240698485479364e+40
6497,5.613042087533437e+45
6498,1.2846592195960287e+45
6499,1.389268102063969e+49
6500,4.4335098522616694e+43
6501,1.3904944124971434e+50
6502,8.199459884533775e+36
6503,1.467035009214191e+40
6504,1.3178569326041553e+49
6505,1.7558819239788937e+49
6506,6.166006620861674e+37
6507,6.17618089642252e+40
6508,9.71455428006031e+49
6509,6.301230275208003e+42
6510,8.401807694632733e+42
6511,1.7689435143608373e+49
6512,1.914191295972348e+49
6513,9.207051734208135e+49
6514,3.860068730818454e+45
6515,3.3083774368691004e+48
6516,1.612168364556517e+49
6517,7.900679520557128e+49
6518,1.1402493071684759e+41
6519,1.0309677353759577e+43
6520,1.5002213517898016e+50
6521,5.6185059337865786e+48
6522,3.323887504135937e+47
6523,1.6221658591132337e+50
6524,1.5012866860752628e+49
6525,6.514879539621983e+49
6526,3.146951442485093e+46
6527,2.878322592403781e+46
6528,2.7107307738922423e+49
6529,5.326613612011141e+39
6530,2.5036736407338775e+49
6531,7.035600825061084e+49
6532,2.3362671450057855e+48
6533,5.93541500419931e+48
6534,1.471873351082444e+50
6535,6.006240366841523e+42
6536,5.792517085942552e+49
6537,8.966823460316539e+36
6538,7.519278969015586e+47
6539,1.5131332333058487e+45
6540,2.6026518992018963e+49
6541,8.444828108248891e+41
6542,9.272774544607427e+37
6543,2.0590700770239436e+43
6544,1.5736211585958858e+50
6545,1.911676256986563e+48
6546,3.9040635088101837e+49
6547,8.471344860430846e+46
6548,6.348685689844256e+49
6549,1.2690796336629424e+41
6550,2.3397682590504656e+47
6551,3.966989526828445e+42
6552,1.2732753608761015e+36
6553,1.6091691580556424e+49
6554,1.646598683850979e+44
6555,9.212923787136345e+48
6556,2.8556944963063877e+43
6557,7.482106373427445e+49
6558,2.5419446521354586e+42
6559,2.9211824684728637e+37
6560,3.4247821976724115e+36
6561,1.2448998388420613e+48
6562,1.1545500403999341e+50
6563,9.73380570996082e+40
6564,5.459483525310855e+42
6565,1.3078365918684047e+50
6566,2.4478547731163642e+41
6567,7.526235542333333e+45
6568,2.9430783503537115e+45
6569,8.880961991463649e+48
6570,1.9961410754570173e+49
6571,4.137306768962746e+46
6572,3.2098215074944644e+44
6573,5.863257748152371e+47
6574,9.377889203574562e+37
6575,1.304821365768838e+50
6576,1.2192496977642292e+50
6577,1.5516053637735599e+49
6578,9.604943676862046e+46
6579,1.3064890660923391e+50
6580,1.2247975325659528e+50
6581,1.1727699742923174e+50
6582,5.196540335304696e+49
6583,6.659129368059038e+49
6584,5.0289809570276694e+48
6585,2.4362389011304593e+49
6586,2.401714659991759e+48
6587,3.644877830392436e+49
6588,1.768456153193187e+39
6589,7.878459353585593e+48
6590,4.1764411767778653e+40
6591,7.799149418501513e+49
6592,5.304486465760428e+44
6593,9.036919570709755e+44
6594,1.8100608410938575e+46
6595,4.172690230418478e+45
6596,1.0681420891148009e+46
6597,1.938925397290065e+37
6598,5.914592930789718e+39
6599,7.615760253957419e+49
6600,4.916049995210517e+49
6601,1.106155224698786e+38
6602,1.7576453319253752e+48
6603,9.372231594804243e+48
6604,7.973882907220272e+39
6605,1.3728362872504045e+50
6606,6.313786222119969e+49
6607,3.1095412989173717e+47
6608,1.860471816482236e+44
6609,1.1228163052330284e+42
6610,2.2301320911628431e+49
6611,1.978805078204374e+48
6612,3.3870560013622547e+46
6613,6.234642722507326e+41
6614,3.330544616334581e+41
6615,2.7708399947507097e+47
6616,1.7927256941475436e+45
6617,4.3549849999874874e+49
6618,4.303115246249417e+49
6619,6.916229972381547e+40
6620,1.609042413585326e+49
6621,2.4948163318834562e+45
6622,1.2651225888865663e+41
6623,2.8337039865011096e+36
6624,1.5194890666341113e+50
6625,8.501237189948239e+47
6626,3.003659925044892e+49
6627,9.443296696656544e+45
6628,6.047653975314005e+48
6629,3.6231527687906063e+49
6630,1.4099117517551926e+50
6631,8.970482364280806e+48
6632,1.3305912883282578e+50
6633,1.9581330694810966e+45
6634,2.2176412198902895e+39
6635,5.451007737661409e+41
6636,1.501258489479576e+50
6637,1.9309814627407458e+39
6638,1.303981248903171e+50
6639,5.012724571707974e+41
6640,4.3595443883279264e+39
6641,9.112247145320337e+38
6642,1.6301962933302958e+45
6643,6.045539786889848e+46
6644,1.5703797261793396e+48
6645,2.0901552048173374e+47
6646,1.7072566674434536e+48
6647,6.260496430453737e+49
6648,1.1010923300274853e+49
6649,1.6236295069703186e+50
6650,1.411602875182263e+36
6651,3.1656307415308152e+47
6652,2.3755283752408064e+36
6653,1.7062992727196955e+44
6654,4.110517728253837e+47
6655,2.393440461466617e+49
6656,7.270013687105968e+37
6657,2.5177483528401513e+38
6658,5.246858155624334e+44
6659,2.9936585170674996e+40
6660,5.48933244592611e+39
6661,5.231538612107234e+49
6662,6.969526266993724e+46
6663,5.1508185555671837e+45
6664,1.2133424659288923e+48
6665,1.7941879780472728e+43
6666,1.883148133988169e+41
6667,1.1720777706938887e+50
6668,2.3520726816662203e+41
6669,1.6259890644167715e+40
6670,2.603078519537435e+49
6671,1.914353658078127e+36
6672,8.566618591356915e+44
6673,4.844511073163402e+49
6674,1.4902175737638488e+50
6675,1.50897030457547e+50
6676,4.514824222658852e+46
6677,4.025306455534974e+49
6678,2.8693052879201383e+48
6679,6.35951732426292e+42
6680,3.3196663588875447e+44
6681,9.462360315555013e+43
6682,7.598837845964849e+41
6683,1.9413489371141732e+46
6684,3.336307097754391e+38
6685,6.803774144894425e+37
6686,3.7194286035824037e+39
6687,3.619059978375524e+46
6688,8.919177097191707e+46
6689,1.7930080067858516e+45
6690,5.406995656799773e+47
6691,3.0711859054612844e+49
6692,1.058788073032743e+48
6693,1.395649993303413e+40
6694,6.438483044154134e+45
6695,7.918349386342274e+39
6696,6.921799773061147e+48
6697,8.922616424002389e+46
6698,7.575829400327869e+49
6699,5.271092236603959e+42
6700,1.7761863357286324e+47
6701,1.0496212105935812e+49
6702,3.812656111998845e+43
6703,8.181649482799466e+49
6704,1.196171242190187e+50
6705,9.098025717937698e+48
6706,2.2062539309980812e+48
6707,1.8747315057091126e+46
6708,1.3680340113141104e+45
6709,3.1037077344218023e+36
6710,3.702074154217262e+36
6711,2.4681359456368008e+42
6712,2.976380102731494e+46
6713,2.870643631984438e+36
6714,5.260778786700997e+49
6715,5.272710443412466e+49
6716,1.2326870383588454e+50
6717,1.1102410808345088e+44
6718,1.1323769376025984e+46
6719,2.464157410435271e+44
6720,7.166087946727883e+49
6721,1.3826229640328414e+49
6722,4.3146674776115847e+43
6723,8.359592794086085e+49
6724,7.882903344039025e+48
6725,4.845477375172607e+43
6726,9.597082172552659e+37
6727,3.310262101287025e+38
6728,3.22616184846232e+47
6729,4.717827311712747e+46
6730,8.31304271926673e+37
6731,5.971742814269811e+49
6732,2.0105898304730735e+49
6733,5.1393305316133736e+42
6734,6.882350880242689e+43
6735,1.2409730235734013e+44
6736,1.7224868533435009e+49
6737,1.283566327450913e+49
6738,1.3609915786988393e+48
6739,1.605171014411983e+50
6740,1.6729310440669899e+40
6741,1.382487605228282e+50
6742,4.779626987746623e+49
6743,1.4803360453218028e+50
6744,8.482947934557774e+48
6745,1.5631734401810287e+50
6746,1.5146221292463573e+50
6747,2.0204699793095271e+37
6748,7.189147646336008e+49
6749,1.0364964760194381e+50
6750,1.063039237248027e+50
6751,1.6651977455179445e+38
6752,9.25262604415765e+44
6753,1.6059183988885494e+50
6754,2.909046349528375e+40
6755,1.3969614493155739e+50
6756,8.443340299827989e+38
6757,1.4920677028981994e+50
6758,9.914163215207736e+48
6759,1.6040000890851552e+50
6760,9.317617974584308e+48
6761,1.1263174297001598e+50
6762,3.885119950393316e+48
6763,2.277289211920665e+46
6764,1.8979738982101456e+49
6765,1.4042915139791012e+41
6766,6.032029037971566e+42
6767,4.392084709398574e+45
6768,1.253677662411071e+50
6769,1.3096717772728729e+44
6770,8.35003689503095e+44
6771,6.234441587393283e+49
6772,1.502255343538778e+48
6773,2.3719646140824475e+44
6774,2.7251986427926772e+41
6775,6.2697750544224915e+41
6776,7.380559452691518e+49
6777,1.7232522110018625e+36
6778,3.4010374239465874e+49
6779,3.5764802090064267e+49
6780,1.6225406254455335e+50
6781,3.11020674448208e+45
6782,1.6236562917473755e+50
6783,1.0746383125629958e+49
6784,8.082740718265305e+37
6785,2.0013167883772666e+49
6786,1.5571161681091623e+50
6787,2.4131920582993456e+44
6788,1.6217218108233901e+50
6789,1.305882691533298e+46
6790,3.200146601348539e+47
6791,3.556112415291944e+48
6792,9.592934839927758e+38
6793,7.170296136140611e+49
6794,3.1117592637824163e+49
6795,4.364503323707735e+48
6796,5.581168181440264e+37
6797,1.0711971467098552e+50
6798,1.546252647125144e+50
6799,8.613116549472134e+38
6800,1.0658577059920176e+50
6801,1.5742252479942979e+40
6802,3.1544089113589107e+49
6803,1.788162828410833e+36
6804,1.6405933164472621e+44
6805,8.121811544837452e+49
6806,1.54111029870541e+45
6807,1.0833736333416738e+49
6808,6.275230984615774e+42
6809,2.555778066970216e+47
6810,2.3489714280123678e+45
6811,2.2373672233607366e+40
6812,2.4299978796348157e+46
6813,1.8727749235376405e+47
6814,1.3137111311185196e+50
6815,6.037494134285828e+42
6816,3.6660389853188773e+49
6817,5.163173184261467e+46
6818,4.8005798950563686e+38
6819,3.1165638036355117e+37
6820,9.27561054636647e+46
6821,4.087342490085324e+49
6822,9.265195957516218e+43
6823,9.33869543549529e+42
6824,8.090017761717206e+46
6825,6.223769156371199e+43
6826,8.164771575804699e+38
6827,5.324150136987841e+49
6828,2.36590720287958e+48
6829,1.4234130382574297e+37
6830,1.5588416535593124e+38
6831,1.3536160519811437e+46
6832,7.861216837103596e+45
6833,1.1218467480251005e+50
6834,3.3431900373731473e+47
6835,1.388517679502316e+50
6836,5.450589940005928e+45
6837,2.0643687392849227e+45
6838,2.1837625508063846e+44
6839,2.9560486865464044e+47
6840,8.701468318632392e+45
6841,2.2390959972163077e+44
6842,4.730764660330822e+49
6843,3.4160235188280407e+47
6844,1.3242151203708857e+50
6845,3.620140969499734e+43
6846,1.0942678269083156e+44
6847,1.6054569979024017e+50
6848,1.9566187415866236e+41
6849,2.395671167391741e+38
6850,2.463442098078326e+38
6851,9.890519504067145e+49
6852,2.162956985878724e+45
6853,4.8041002422289486e+42
6854,7.605013282115141e+49
6855,4.719801514085659e+48
6856,1.3695493171353416e+38
6857,1.0162280082137091e+49
6858,5.174998584277138e+49
6859,1.7260725770379535e+48
6860,1.5146190350285502e+41
6861,1.861054877761835e+38
6862,4.398952790731869e+41
6863,1.4366701988520634e+50
6864,2.337960481015752e+42
6865,3.343108644437765e+48
6866,1.3363315068445984e+48
6867,8.456984216688703e+37
6868,2.1280099346495988e+36
6869,8.885574642688769e+49
6870,1.2375637518996093e+49
6871,2.443722314276726e+49
6872,1.117880578405059e+50
6873,1.8962300789792866e+48
6874,1.5397073401140415e+50
6875,1.2533360048400756e+50
6876,2.929436435151161e+45
6877,4.224279593374765e+39
6878,1.968360207533185e+49
6879,5.826978980684542e+49
6880,2.899849141323973e+47
6881,1.4052214666200414e+50
6882,1.4656751346065694e+41
6883,8.604910684549247e+49
6884,1.2954322709701215e+44
6885,1.2651188919987743e+50
6886,6.3583895553829054e+38
6887,1.2687391785402586e+49
6888,1.3482223172443462e+50
6889,6.093669229131772e+45
6890,2.1733194989134346e+44
6891,3.6316369819700274e+49
6892,3.412975418499025e+45
6893,2.5895633525660053e+39
6894,1.58840534677463e+50
6895,1.19530836123217e+36
6896,2.0877574777445047e+43
6897,3.8108609025555366e+49
6898,3.880662949084528e+41
6899,9.96904074201484e+44
6900,5.046736955233224e+49
6901,1.2007364631079185e+47
6902,3.1998547363861375e+49
6903,5.22598252616801e+49
6904,2.905276652591047e+47
6905,2.1149638754821726e+49
6906,9.50497685863682e+49
6907,5.094582248552256e+49
6908,1.0125163189352981e+49
6909,2.7310137278732513e+40
6910,1.1717231170825994e+46
6911,3.286109235101645e+40
6912,8.189547160589531e+39
6913,2.096449701848576e+37
6914,4.691274601548332e+49
6915,1.0483071654495256e+50
6916,9.433146452564814e+49
6917,2.5810983640389528e+42
6918,3.6059081867647203e+47
6919,1.9821028710909384e+47
6920,8.220743982374187e+49
6921,1.0149490348068304e+40
6922,7.814990153137668e+48
6923,1.100981376048754e+48
6924,1.6174359295103417e+50
6925,1.3964355300257732e+50
6926,2.4253474851859734e+49
6927,3.397035412762394e+48
6928,1.2188778922491389e+48
6929,1.0627510564238364e+43
6930,3.1004081693447005e+45
6931,1.8042006006012892e+40
6932,3.82761441287209e+41
6933,3.040079063735645e+45
6934,7.130023290273665e+49
6935,1.0538943738979175e+49
6936,4.322215743040975e+48
6937,2.4805306571532586e+49
6938,3.006413213100204e+39
6939,1.5851946743335002e+49
6940,5.312057253095525e+42
6941,1.4225323105163332e+39
6942,3.023681445801657e+48
6943,1.2518019035407989e+42
6944,1.676422773520293e+40
6945,4.380022814520234e+39
6946,2.674589931302262e+46
6947,4.421631752475313e+49
6948,6.964745340501052e+45
6949,5.199538070626762e+46
6950,1.3960367320585543e+50
6951,9.679637153825656e+43
6952,1.863964506749393e+49
6953,1.3842089311538646e+44
6954,6.870410728819871e+40
6955,3.049304736958524e+48
6956,1.5854007760208478e+50
6957,3.762758545952667e+42
6958,4.9093017959762796e+36
6959,1.5822892319185966e+50
6960,1.5782449632429071e+50
6961,1.5004501954095662e+42
6962,1.5386509053766089e+50
6963,2.3785799443217975e+49
6964,8.361772046870528e+48
6965,1.0866644226467601e+49
6966,5.173162052031911e+36
6967,2.7844416404770143e+48
6968,2.435467636022384e+47
6969,6.242268588041114e+43
6970,1.1378243666921693e+43
6971,7.22400007880404e+45
6972,2.094306518732297e+49
6973,6.050391296639531e+48
6974,2.8983826696387824e+47
6975,5.343317924772204e+49
6976,1.5781676733251972e+50
6977,5.025633883913454e+49
6978,1.990977078842903e+36
6979,1.9671167279957056e+48
6980,1.4852441750098778e+50
6981,6.129677944364471e+49
6982,4.0018243496316675e+48
6983,1.3695993039603188e+48
6984,2.0384951797347556e+36
6985,1.3986373627314885e+48
6986,1.5231666802232327e+50
6987,5.5275505124429206e+44
6988,5.865168412321319e+49
6989,2.32918858176681e+47
6990,1.5230537263819088e+50
6991,1.151933694224122e+39
6992,2.9092306297823077e+37
6993,7.96608498004544e+48
6994,1.5230026947372725e+50
6995,5.32186707304974e+43
6996,9.98340899845667e+37
6997,1.7621057135052037e+39
6998,1.3889668181530502e+50
6999,1.6112177647692809e+40
7000,5.815888109889843e+38
7001,2.4285805009676445e+49
7002,1.1529588965883246e+49
7003,3.880882798861236e+49
7004,1.2281674859812052e+47
7005,1.0791302080517216e+50
7006,5.205349949180647e+49
7007,1.5792997112541827e+40
7008,9.91779801816319e+49
7009,6.682191219043115e+36
7010,1.1188020210763324e+49
7011,3.0589214054089856e+46
7012,2.2282978157591495e+41
7013,1.6234423109274675e+50
7014,1.6258349867356514e+39
7015,1.5900571168500904e+50
7016,4.4821918599591557e+49
7017,1.0669641715163364e+37
7018,1.0057494970645232e+50
7019,1.0766645930545287e+46
7020,3.048316962379338e+39
7021,9.672794614344648e+48
7022,1.3805198777912427e+47
7023,3.7532404456852117e+49
7024,1.016515603965891e+38
7025,1.9197947887759826e+44
7026,1.991763301580207e+49
7027,8.95041436735096e+38
7028,8.300886363815984e+37
7029,1.6681619530354117e+43
7030,5.286430218349003e+46
7031,1.6235097890374847e+50
7032,1.73693466056921e+49
7033,3.5230977328287707e+37
7034,1.622288157612299e+50
7035,5.384947107888902e+40
7036,1.366067463639635e+43
7037,1.6762442558364316e+45
7038,4.4341307636454436e+36
7039,3.3106951303786665e+42
7040,3.243631813707496e+41
7041,8.071632454540317e+41
7042,1.4515591514935022e+50
7043,1.2075133114366483e+49
7044,3.232739394030277e+48
7045,6.071630012176692e+36
7046,3.671922091217498e+47
7047,8.110331084647506e+45
7048,4.975409922909991e+48
7049,6.3889693797103006e+41
7050,1.5374047463246205e+50
7051,2.5718821636075688e+48
7052,1.5852939194028722e+47
7053,1.120056868367082e+50
7054,2.356717060646691e+49
7055,2.8450974564109877e+43
7056,6.744565978342875e+49
7057,1.3118901554311532e+49
7058,3.1928934695709153e+38
7059,1.5621641724110786e+44
7060,5.356153394472655e+39
7061,4.0834771575774857e+49
7062,1.4419140189175344e+50
7063,8.10706183363802e+48
7064,1.1405853074552254e+42
7065,3.196258561741515e+49
7066,8.194134104885431e+46
7067,6.736350449516253e+36
7068,9.481179225405064e+44
7069,1.0430789081568591e+46
7070,2.5070853237769607e+47
7071,1.4977153302008186e+50
7072,1.45823511264297e+49
7073,1.5485020054302536e+50
7074,1.885047733759678e+38
7075,4.131641277235306e+47
7076,4.739418507716126e+49
7077,2.0001667070606645e+48
7078,6.83942628581786e+38
7079,1.6215358017791719e+50
7080,1.0239412222692353e+42
7081,8.702567550180189e+48
7082,9.13438282077474e+44
7083,1.6225133683136004e+50
7084,2.784170487276332e+36
7085,4.597369715052007e+36
7086,1.6401080034515348e+39
7087,7.817801818256227e+47
7088,3.095031116073335e+38
7089,4.7231307376280346e+48
7090,4.037400749215453e+38
7091,1.3470012851660735e+45
7092,7.878490326432453e+49
7093,1.7493245183354155e+38
7094,1.696418732763943e+47
7095,1.755833117273797e+44
7096,2.2944048747824046e+48
7097,2.7089717015141212e+38
7098,1.622228876712324e+50
7099,7.595491450493533e+48
7100,5.462519339294742e+49
7101,3.9859979442674175e+48
7102,1.1361000303350256e+48
7103,7.027655810957617e+49
7104,3.5175400954991395e+49
7105,8.97504895267125e+43
7106,9.308820814081381e+49
7107,1.3928759172341136e+48
7108,1.1902226799536763e+48
7109,7.157069487492858e+49
7110,7.843552821303594e+49
7111,1.0036363890208802e+50
7112,4.343190545108179e+43
7113,2.9081791913840508e+41
7114,5.448838407423506e+44
7115,1.8409193025062638e+38
7116,1.1021570474404764e+45
7117,3.897066220684756e+48
7118,1.0281168668476637e+44
7119,9.283149972995825e+47
7120,1.0084854759932081e+50
7121,1.379049441991524e+42
7122,1.0967975240034922e+49
7123,4.002159966185095e+47
7124,4.857322710845265e+44
7125,8.306207989956179e+42
7126,1.6235544188698365e+50
7127,5.4185717931433264e+44
7128,2.3420566220957094e+49
7129,1.4248380337929868e+50
7130,3.0781300948256416e+48
7131,9.472066593579537e+49
7132,1.5645570234090852e+47
7133,1.3744406009546254e+50
7134,5.52891767173117e+36
7135,3.293432510299049e+48
7136,1.2976020100659276e+40
7137,5.960246977447657e+49
7138,1.543089492456522e+36
7139,1.5680474724590308e+49
7140,2.997626232172211e+37
7141,2.2673225715733866e+41
7142,6.5192900696734314e+44
7143,7.295921525325116e+45
7144,5.6986658452311634e+48
7145,3.361933013500126e+48
7146,3.4547408883028657e+49
7147,3.083606365326424e+49
7148,1.4943967964689239e+50
7149,1.70736790252496e+43
7150,1.62262898624633e+50
7151,1.6034898812642327e+50
7152,1.4989191310056923e+50
7153,2.573120377546416e+49
7154,7.797976079207818e+49
7155,1.1024004967209852e+48
7156,5.296279053825457e+49
7157,1.5710844648619413e+50
7158,1.4822639491097306e+48
7159,7.73609010193346e+43
7160,1.1637987548831273e+45
7161,3.5075105807810184e+45
7162,8.589704804598914e+48
7163,7.932877719558169e+49
7164,1.231917233708627e+40
7165,4.3229017765476845e+40
7166,9.6900455695517e+46
7167,5.350861559443426e+43
7168,1.3736925752092664e+50
7169,3.859016736279102e+37
7170,8.659069385700255e+39
7171,1.3533586701338647e+49
7172,1.2800060443577604e+50
7173,2.9167228679536933e+48
7174,1.1971982127913552e+50
7175,3.6428557236686012e+47
7176,5.595127622590136e+49
7177,3.584790902089907e+49
7178,2.4643518456827234e+39
7179,5.666101332820542e+49
7180,1.2093217275781625e+49
7181,1.0051613722270811e+46
7182,2.0689043921810444e+44
7183,1.132308658191779e+38
7184,1.3657232796200376e+50
7185,1.613675770957343e+50
7186,7.895234337832522e+49
7187,2.2070896918594885e+48
7188,4.348044991525218e+47
7189,1.7042086411506123e+42
7190,1.2716409983742945e+50
7191,3.115617771430056e+43
7192,4.4235980199009236e+43
7193,3.938110426034442e+46
7194,2.1764198216844462e+36
7195,1.553802140400894e+50
7196,1.4615580165858573e+50
7197,1.927370732399212e+45
7198,6.387123293588126e+37
7199,5.957386665666775e+49
7200,1.322710133116949e+50
7201,9.959151583421717e+49
7202,7.876864105514249e+49
7203,1.0397946459344373e+46
7204,7.343404459661714e+48
7205,2.3852397211462464e+48
7206,1.2202101262046641e+50
7207,3.6048962906703085e+49
7208,4.340745091155195e+49
7209,8.898239703834564e+49
7210,4.520837277716542e+49
7211,6.717176844185068e+41
7212,1.5633670280178433e+48
7213,2.197553075792149e+45
7214,2.1353106615998576e+48
7215,2.3909224488808667e+38
7216,5.4207139863302046e+48
7217,1.9500850339366233e+40
7218,5.659886595639604e+39
7219,6.9262265017109185e+41
7220,4.0101255284155245e+43
7221,3.2080137352089424e+46
7222,2.8708877330860647e+47
7223,8.945664892271345e+48
7224,8.733639563489614e+48
7225,9.843492259453058e+48
7226,1.6230603065896833e+50
7227,2.8438577223603892e+45
7228,4.660129809727217e+38
7229,2.7420257051604245e+47
7230,4.4248468638915723e+43
7231,1.5497459261714559e+44
7232,1.0706531233919819e+50
7233,4.481864668395195e+49
7234,9.65320521025659e+45
7235,1.6100148914787522e+50
7236,3.104880738720796e+49
7237,1.478407377776712e+47
7238,3.7065315861007135e+41
7239,4.8304407966285945e+37
7240,9.807512952692281e+36
7241,1.6245236609209318e+36
7242,1.1865407748018622e+42
7243,2.141263986682135e+48
7244,2.4272225159123645e+47
7245,6.809007321069442e+48
7246,4.917250446827327e+44
7247,1.6206119351891685e+50
7248,1.7138708557040167e+48
7249,6.655314849762234e+43
7250,1.4226133693920287e+50
7251,3.6120931426433406e+48
7252,2.4592005542620875e+43
7253,1.5219796763212075e+50
7254,1.890370009721984e+49
7255,1.338199627652885e+36
7256,1.992091543680524e+49
7257,6.775980567743367e+49
7258,5.5697890836060656e+41
7259,3.0250701875282725e+45
7260,3.4899697072622933e+47
7261,3.3554212523960387e+49
7262,1.4092288134483178e+49
7263,1.274465959395206e+45
7264,1.3597400503946902e+49
7265,2.284741406010616e+41
7266,9.333955363023889e+49
7267,3.322985218584868e+42
7268,1.7867222065180483e+49
7269,1.5993679201468314e+50
7270,5.612575181551605e+39
7271,1.4308345750537588e+50
7272,1.3456567663736426e+50
7273,3.3323186048735685e+47
7274,2.665311872656238e+40
7275,5.80969547001661e+49
7276,1.4993317370897313e+50
7277,1.12662995633535e+50
7278,8.515154736342696e+49
7279,1.01218398181009e+48
7280,4.651160833120022e+40
7281,5.151517465261061e+47
7282,3.3361035262162193e+44
7283,6.516387090431015e+46
7284,1.1472809548863963e+50
7285,1.111893230822403e+50
7286,1.6119534775398756e+50
7287,2.6030797572100476e+39
7288,2.197075653940659e+49
7289,1.6308889401782445e+49
7290,5.223914384150787e+49
7291,1.1537621691096508e+45
7292,7.16780566695597e+42
7293,1.5992359349345264e+49
7294,9.501764127652488e+49
7295,7.449432532643302e+38
7296,2.176783055848043e+38
7297,1.0079759542406062e+45
7298,4.931975708802533e+41
7299,1.283148086004632e+44
7300,7.217538951434508e+36
7301,8.146528255955488e+41
7302,1.4972938476127843e+50
7303,1.2405041716597542e+43
7304,9.442886615875224e+49
7305,4.781294009069372e+48
7306,5.956130917922614e+36
7307,3.57167181323273e+43
7308,1.1183869495227091e+48
7309,4.3426930026021354e+42
7310,1.5023376912292017e+50
7311,6.813738813148551e+36
7312,2.9907080401845513e+49
7313,3.2245764642987417e+45
7314,1.1972207227792579e+50
7315,6.741052270708837e+37
7316,3.303140946146649e+48
7317,2.2380590657606284e+49
7318,2.4652220171850167e+45
7319,8.753339721664801e+48
7320,2.531599815917121e+49
7321,4.1574238536900603e+39
7322,8.80784383605237e+45
7323,5.864490740852792e+49
7324,8.941649526176954e+49
7325,1.0997226526268044e+50
7326,4.007368311181657e+46
7327,2.5816769709149088e+44
7328,5.352592048747647e+49
7329,1.7985821675578632e+45
7330,3.69149930937183e+48
7331,4.060676341363155e+48
7332,2.3830263972324337e+49
7333,1.4719658556438702e+47
7334,2.1881028555212487e+39
7335,1.1391969251272945e+43
7336,3.033468032314354e+49
7337,1.2855678738379888e+47
7338,2.2530805659290182e+49
7339,5.980168668434596e+49
7340,1.027426761312939e+50
7341,1.5775653643934897e+49
7342,1.3705462258983025e+38
7343,3.892323591810285e+41
7344,5.522413211590309e+37
7345,2.413799158445808e+43
7346,3.148142250520042e+49
7347,3.8656970785551915e+47
7348,1.5079345653464662e+50
7349,1.2306637882691988e+49
7350,4.44897933903515e+46
7351,1.7796975188911896e+46
7352,4.608904541708908e+45
7353,1.3904733292297706e+48
7354,3.3348014941596065e+49
7355,1.6175014138336294e+50
7356,1.0318827238860993e+47
7357,2.5361788983543065e+37
7358,3.01563874824146e+49
7359,1.445357410679623e+48
7360,5.933872300820769e+44
7361,4.5044545022495635e+49
7362,1.0791631051330966e+44
7363,8.305552933977266e+48
7364,1.52923071395914e+50
7365,1.4222075426404091e+38
7366,1.5682741690135178e+50
7367,1.32592481261774e+46
7368,1.6057475875273753e+50
7369,2.64796327676488e+48
7370,9.068039052854264e+48
7371,1.5444173791163844e+50
7372,1.3548296356909742e+49
7373,1.5826037885158908e+50
7374,3.744682270045025e+39
7375,5.205134839427821e+48
7376,2.408767519612321e+49
7377,9.439559146745507e+48
7378,2.9535564327631006e+49
7379,2.0122031071747997e+47
7380,2.3259470511211842e+49
7381,4.791193458337844e+38
7382,1.5631377634987063e+50
7383,7.338615713820207e+44
7384,1.983266483304091e+39
7385,6.606838691250492e+49
7386,3.2518639377266938e+41
7387,6.244183015888203e+48
7388,6.118639179249158e+47
7389,6.111038479269134e+48
7390,6.500049832628668e+49
7391,3.1384579296513667e+49
7392,4.0101059427195536e+45
7393,5.247699219020496e+49
7394,1.1417069364858153e+47
7395,3.6990565165186475e+40
7396,6.325873499422766e+39
7397,3.2542252591110733e+40
7398,1.3280497653285144e+40
7399,1.2081483659081167e+49
7400,4.29499538768762e+49
7401,2.3272248920979915e+47
7402,1.1834474950801394e+50
7403,2.760765483412407e+38
7404,8.698729710977952e+47
7405,1.9190319514182934e+48
7406,6.122811317220562e+49
7407,1.8616208355550284e+42
7408,1.721366950269787e+39
7409,1.557910787088495e+49
7410,5.94383755349416e+39
7411,1.5701280354158685e+50
7412,1.3599984676202005e+50
7413,9.29541160814647e+37
7414,2.085409505235319e+41
7415,1.5130866096662148e+50
7416,7.074063939169674e+45
7417,1.3743920733698684e+50
7418,3.432431804684866e+48
7419,9.06515190066819e+42
7420,7.862319995973066e+46
7421,1.3323636984954667e+41
7422,1.2184144655842473e+39
7423,1.1354754308584708e+43
7424,1.3055589493301378e+50
7425,1.9139719476218655e+41
7426,6.492161022714718e+40
7427,2.624968416886253e+43
7428,6.331399488395242e+47
7429,4.0014870733577324e+37
7430,1.1370365401226432e+42
7431,5.627113317821026e+48
7432,7.380566255999231e+44
7433,3.6970551584366e+48
7434,1.449104836420294e+47
7435,3.1768174220649703e+37
7436,1.5800537695545335e+49
7437,1.0466439654947762e+50
7438,2.1234294582654809e+37
7439,1.3475222052317938e+49
7440,1.2498906428697235e+49
7441,2.242675806128049e+47
7442,7.843853324270003e+40
7443,1.6957080191427653e+43
7444,7.940037383563936e+49
7445,1.1575127771307042e+49
7446,1.5799400848540903e+50
7447,2.0667296689783038e+48
7448,1.007824978018919e+50
7449,2.5556051938922793e+38
7450,5.695113904402911e+45
7451,4.164243933835082e+41
7452,5.301015286008504e+38
7453,5.578009273337586e+39
7454,7.716128956696723e+45
7455,2.4513071613711226e+37
7456,1.4422547546551367e+50
7457,4.943349239525776e+46
7458,1.7524224256756375e+49
7459,1.3038109164253638e+50
7460,1.5378627795336182e+50
7461,1.503118330566785e+50
7462,4.007491510023518e+45
7463,1.6355268703794252e+48
7464,9.251054859308992e+44
7465,3.5635403423639357e+49
7466,5.159954526409022e+46
7467,4.764011617928725e+45
7468,1.1810810944543833e+36
7469,4.807418127570976e+41
7470,8.307279971401156e+40
7471,3.740288448813212e+49
7472,3.9147003469027676e+37
7473,2.06229194411749e+47
7474,5.822619007338222e+49
7475,9.683290517901028e+46
7476,3.796781007499052e+44
7477,1.4583052199037009e+50
7478,3.20027378320923e+49
7479,3.2298367126733793e+49
7480,3.445247073705616e+38
7481,7.725735490919993e+49
7482,1.5118740185081247e+45
7483,3.41589938579733e+49
7484,1.634794109329526e+48
7485,3.6208333028924856e+48
7486,1.3354519401226295e+49
7487,1.3860589088369853e+50
7488,1.40649466772937e+50
7489,1.608006870640138e+50
7490,8.025775448497782e+45
7491,2.1824598649591972e+45
7492,2.5073892938676594e+48
7493,8.287031511150866e+39
7494,2.676320147249127e+42
7495,5.771701197027368e+45
7496,5.581895760815942e+42
7497,8.068911039719821e+49
7498,1.4738843967146512e+50
7499,5.201144282445055e+44
7500,2.8704548524910826e+37
7501,5.606219434465003e+47
7502,5.2280896426953926e+48
7503,1.8873422386813484e+49
7504,1.1228641670983498e+49
7505,1.4570522907542822e+37
7506,8.128785085969505e+37
7507,1.8505732067818584e+44
7508,1.0343243905996722e+47
7509,1.205716945838473e+50
7510,7.338472172534988e+45
7511,8.985101950797767e+49
7512,1.0253894987381508e+50
7513,7.686872801629261e+45
7514,7.756206536887444e+37
7515,3.1081411096736425e+40
7516,8.654670355048173e+48
7517,7.160334765660278e+48
7518,1.20719706294071e+44
7519,3.8426611152876917e+43
7520,2.899421321223839e+48
7521,1.7522188099910267e+38
7522,1.591027626754631e+44
7523,3.139215687939327e+48
7524,2.7162723925879785e+44
7525,1.4150947125428598e+49
7526,1.8843865036620392e+49
7527,4.12093261464279e+49
7528,9.765058698647846e+49
7529,3.5902571107340817e+39
7530,6.521718887201149e+37
7531,4.398516926344983e+37
7532,3.514972181884242e+49
7533,2.2849509065094373e+44
7534,2.252347646242245e+47
7535,9.572918226310286e+41
7536,1.6753127311798938e+49
7537,2.49811795070476e+49
7538,1.5664623710974993e+50
7539,5.364058298556661e+49
7540,4.904839254413016e+38
7541,1.775956190849651e+48
7542,8.286695502761655e+49
7543,3.5539300041653202e+44
7544,4.1568438414483015e+48
7545,1.085372866447896e+49
7546,1.1528439830383562e+50
7547,6.047696427745476e+49
7548,1.6967489315579e+49
7549,2.5581562709880375e+44
7550,1.4937821482631468e+50
7551,3.2133877939983953e+49
7552,9.60220693338391e+49
7553,1.6076635968547208e+50
7554,1.1736627024919595e+41
7555,1.5312069320051205e+46
7556,8.483347039248144e+37
7557,8.88458563816027e+37
7558,4.863763123686345e+49
7559,5.032059355272935e+39
7560,4.029674762299677e+44
7561,8.219160443503617e+42
7562,5.104899384832474e+37
7563,1.1165030103820912e+43
7564,4.179477052344444e+41
7565,2.3215523598572445e+49
7566,8.434521773947076e+45
7567,4.234125185242293e+42
7568,1.3992790496693758e+47
7569,2.5000940012517e+48
7570,1.5531945665244194e+39
7571,3.0243237082756542e+47
7572,1.9455769590663832e+45
7573,2.44270611886886e+39
7574,1.5195461591477945e+38
7575,1.3340340848509037e+46
7576,2.8398751249224165e+49
7577,4.334130212122618e+38
7578,2.484138607999053e+43
7579,1.3431898949542997e+50
7580,4.849366669613417e+40
7581,8.783631319190404e+44
7582,1.3644942235346351e+41
7583,1.1050036068579457e+50
7584,5.241004377636211e+47
7585,5.072249803544977e+37
7586,6.493985711163709e+49
7587,1.209389757739676e+50
7588,2.9746138777758585e+40
7589,1.3957561956432224e+50
7590,8.224766114230586e+49
7591,2.4018549902232824e+39
7592,3.4710136797171445e+48
7593,1.2803873638481808e+43
7594,1.405677496162002e+38
7595,2.777760998771491e+43
7596,1.6119933901987054e+50
7597,5.459850084017149e+48
7598,1.5854217396404029e+41
7599,2.359420276016636e+49
7600,2.6892379418891623e+49
7601,6.108471887234352e+42
7602,7.703979008192832e+47
7603,1.6126922408714288e+50
7604,5.386691022998875e+49
7605,2.1710512017468648e+42
7606,5.775053981337352e+49
7607,1.079307311951279e+37
7608,3.930094639480247e+47
7609,4.245724623219794e+47
7610,1.2908396761490002e+38
7611,1.577533121992287e+38
7612,3.320417630300108e+36
7613,1.502306590529605e+50
7614,8.372500826841257e+48
7615,9.982351238804337e+49
7616,7.946500372066436e+48
7617,5.6943801484238174e+48
7618,4.382795710660371e+45
7619,9.143478544410855e+48
7620,1.5278342974588665e+50
7621,6.017456612171449e+49
7622,1.3056566313839179e+47
7623,2.061294820450405e+48
7624,2.294736964439873e+40
7625,1.0632338751739168e+50
7626,2.5985320847027803e+48
7627,6.906400670244398e+44
7628,1.6004088765455067e+50
7629,1.7434609336317707e+49
7630,2.3582309406321742e+36
7631,1.5801801975557564e+48
7632,1.9919677436196507e+46
7633,2.1043131526323582e+38
7634,3.917918277100486e+41
7635,1.9404930043412175e+41
7636,5.0438539072389816e+47
7637,4.539341816142354e+40
7638,1.5974428833910935e+48
7639,1.495964105762147e+46
7640,3.154453463252789e+37
7641,6.300369269738556e+47
7642,3.707035027826361e+48
7643,1.2840073131650866e+43
7644,1.6738902180797606e+46
7645,1.623634829450049e+50
7646,6.027608263765827e+46
7647,3.625121183987803e+43
7648,3.7756948663036257e+39
7649,7.318314621944646e+45
7650,2.6552722165456742e+45
7651,1.2677714275189316e+48
7652,7.533017350668319e+43
7653,3.233871045224899e+44
7654,9.965804760003542e+49
7655,1.306118646641911e+49
7656,2.357874586741269e+43
7657,7.024890380719659e+37
7658,2.143389734618294e+46
7659,4.612404676719797e+48
7660,5.252106607077009e+41
7661,5.643980977050856e+49
7662,1.5781680606083456e+36
7663,1.0164471740744304e+41
7664,1.1661740094548824e+49
7665,3.687876224048887e+41
7666,3.602549862428245e+36
7667,7.741220439465314e+49
7668,3.94302567880331e+44
7669,3.4517282013210695e+49
7670,6.540874061893791e+47
7671,2.4339380771002e+49
7672,3.0735615419182376e+40
7673,7.838859111005325e+36
7674,1.3350954330320504e+40
7675,7.733374627698156e+49
7676,1.37659885437495e+50
7677,3.939502385824193e+47
7678,1.3051472322829536e+50
7679,8.49755949053297e+41
7680,1.6211391702319066e+50
7681,1.0132373984889009e+50
7682,8.367829019284766e+49
7683,5.837408555560746e+42
7684,1.4214374932990477e+48
7685,3.163233527901637e+37
7686,7.41131337389143e+49
7687,3.0259977895238496e+40
7688,6.774608230932564e+49
7689,1.0945260910341245e+50
7690,1.6698067950139562e+46
7691,3.0314068351923097e+46
7692,6.770023548537912e+49
7693,1.1042839308808629e+50
7694,1.432671443170378e+49
7695,7.267468251062096e+48
7696,4.4801556461558776e+49
7697,1.4804018825834097e+50
7698,9.408377667493433e+48
7699,6.267089668849406e+49
7700,6.951715805420902e+49
7701,1.0739869679081923e+37
7702,1.0299831979816407e+44
7703,4.735297371273708e+36
7704,4.1236649106672526e+41
7705,2.1355714270477318e+38
7706,2.461692258124196e+49
7707,3.9181245206036335e+49
7708,1.343848214381814e+50
7709,1.2248710748735302e+46
7710,6.106034696363169e+46
7711,1.0929352523893853e+48
7712,6.359216457586552e+49
7713,1.278629268398211e+49
7714,2.691789258490846e+49
7715,3.5761375443184105e+48
7716,4.91700851680896e+49
7717,4.393106470212152e+48
7718,1.7061549005793098e+48
7719,2.556273590177145e+39
7720,4.917288651850692e+48
7721,1.2491563297074415e+47
7722,9.000510668648989e+49
7723,7.920538670821756e+48
7724,7.100499665155509e+45
7725,7.801548274213465e+49
7726,9.670314549052957e+49
7727,8.175562943620709e+47
7728,1.5934515193330164e+50
7729,2.3253520953862175e+44
7730,1.3082922971522168e+39
7731,1.220971259027734e+50
7732,9.262812094111338e+49
7733,6.1771778277406025e+44
7734,1.0216457963305179e+50
7735,3.0636641471825586e+47
7736,4.644215826423377e+48
7737,1.7853013575924179e+49
7738,6.111908042499968e+43
7739,3.950786790100101e+49
7740,5.1823337397284816e+36
7741,1.1062271324488274e+50
7742,1.6060742670067838e+37
7743,9.349913490786468e+42
7744,6.3172254892501936e+44
7745,2.4115450546920333e+48
7746,8.148759838821616e+49
7747,1.1266821454178443e+50
7748,2.9894922697103852e+47
7749,2.5770896789684605e+38
7750,1.5462996258063294e+50
7751,1.0383544286760424e+44
7752,2.222246851249329e+48
7753,8.387811879540225e+41
7754,5.683230870956395e+46
7755,9.382406774057125e+49
7756,3.3810447422949833e+44
7757,1.0364287145851635e+45
7758,4.4421798034488967e+43
7759,1.9235522498243087e+37
7760,1.446832498659292e+46
7761,4.2072909174629835e+47
7762,2.4714349608508366e+46
7763,3.0531968847084503e+48
7764,1.3895308299883954e+47
7765,1.4470834907620516e+50
7766,9.287426619289958e+44
7767,1.3192485128945475e+48
7768,1.380260304674965e+45
7769,1.136241566578165e+50
7770,1.546059122250645e+50
7771,8.748279584950437e+36
7772,6.433710002416895e+46
7773,1.2671532530200663e+50
7774,5.6423317962410155e+38
7775,1.1580898828886683e+37
7776,1.465134468154281e+50
7777,3.9168570068245815e+48
7778,3.2333648059340663e+49
7779,8.189993401747973e+49
7780,7.449527249690847e+45
7781,1.6234558491768067e+50
7782,1.6781564332855766e+45
7783,1.4433960154211585e+50
7784,9.253914381237285e+49
7785,2.419746935576052e+44
7786,1.27106149777513e+50
7787,3.569265436093984e+48
7788,3.983069135628888e+36
7789,1.231154555065092e+46
7790,1.0747481347951347e+50
7791,5.611072464703721e+49
7792,1.0316191220792444e+47
7793,1.2642338750882615e+50
7794,1.1825668483126508e+36
7795,1.9158075916000415e+45
7796,1.4840422178926758e+50
7797,2.5965403281367552e+42
7798,1.569853281887888e+50
7799,1.1263456159716934e+50
7800,2.228429434243204e+42
7801,1.6018683549117302e+50
7802,5.47662782581471e+43
7803,3.4133014242652677e+49
7804,1.9653379184985265e+49
7805,6.364070368684171e+46
7806,1.009205704496513e+45
7807,2.7663680103951205e+43
7808,1.1917571190979506e+39
7809,4.4279702001586214e+39
7810,4.212892219910044e+48
7811,6.732699879220339e+40
7812,6.975208992096605e+49
7813,1.274824829924896e+46
7814,3.5449671864948946e+40
7815,1.5070441886319676e+50
7816,4.189716191998392e+41
7817,1.2587014406560848e+49
7818,9.751610503517139e+41
7819,1.6018251067778324e+50
7820,3.262975388944382e+37
7821,7.506020135086131e+48
7822,1.2537121039683408e+49
7823,3.560185171486001e+44
7824,3.6805067679360355e+49
7825,1.0892449147165052e+47
7826,2.7840779746273044e+48
7827,2.9837703288948697e+45
7828,1.5260074730184204e+50
7829,6.903665700539273e+40
7830,1.4405748107015846e+50
7831,9.603586742426403e+40
7832,9.9473817658606e+49
7833,3.2755832100622103e+48
7834,1.3950177413975822e+40
7835,8.015438291340572e+42
7836,1.0600030682414482e+41
7837,2.123922726832627e+41
7838,5.99192877111817e+37
7839,1.4807393419061847e+49
7840,6.764164407345317e+42
7841,1.9958603972711666e+37
7842,1.0373749798996946e+50
7843,1.973032778787625e+47
7844,7.5311773650968e+36
7845,1.1736487564663654e+48
7846,9.570344203039975e+46
7847,6.03157681923627e+47
7848,1.341697776928653e+38
7849,8.158970219149108e+39
7850,1.3918278361697776e+42
7851,1.2851582588781885e+50
7852,5.76137534099532e+49
7853,1.9352588189176552e+48
7854,4.709764508826664e+49
7855,1.9943280166720988e+47
7856,9.249106026678378e+49
7857,2.4281060939483217e+37
7858,6.634098474369042e+49
7859,7.286782135207591e+44
7860,9.658928200271863e+45
7861,3.1537677683402343e+45
7862,7.072884302286957e+47
7863,6.426848841020747e+49
7864,1.5870280462790247e+50
7865,2.0922046523049855e+48
7866,1.6568747407028765e+41
7867,5.184261148649281e+44
7868,1.686668982795352e+49
7869,1.5337529237137447e+50
7870,6.093756750803888e+38
7871,7.441380662347076e+41
7872,9.311432374919149e+41
7873,5.991822955297387e+36
7874,2.3779579553231015e+49
7875,4.544731992677006e+48
7876,2.3707248407312216e+41
7877,3.9094298730315583e+37
7878,3.656481177397379e+40
7879,3.912082869412456e+43
7880,1.0460986633938996e+50
7881,5.984535393989003e+36
7882,1.551639143348845e+40
7883,4.7220226194496537e+48
7884,2.1754266185480283e+42
7885,4.026872701116326e+45
7886,1.8902733351763566e+39
7887,4.986395393611316e+49
7888,6.292736878863917e+49
7889,6.688026280186199e+44
7890,6.606221648997656e+43
7891,1.602235175886515e+50
7892,2.466297922720469e+49
7893,6.190561086753363e+48
7894,6.534711238140414e+49
7895,2.7037998583713665e+40
7896,1.773600194253045e+39
7897,2.442295369722603e+48
7898,3.2361788808915e+45
7899,9.483865905653789e+45
7900,9.835843733276456e+49
7901,1.5547349696552595e+50
7902,6.651946801105819e+46
7903,1.5424624740788096e+50
7904,3.0151361223471723e+43
7905,2.071469388168447e+46
7906,4.678162243260868e+41
7907,2.0946801252589984e+39
7908,1.5981513912207212e+50
7909,1.5511351501322334e+49
7910,1.3654220198771894e+46
7911,1.4646204477402831e+50
7912,1.6974325009870353e+48
7913,4.3249382625893237e+39
7914,2.132999722831596e+48
7915,7.177909670721172e+49
7916,4.070546055259106e+49
7917,2.748359528112271e+38
7918,9.850187805214422e+40
7919,1.2239743096908857e+36
7920,1.0128283004304921e+42
7921,4.398158155393849e+44
7922,4.2013855135608116e+36
7923,1.4297709243941347e+39
7924,9.629774224210255e+46
7925,1.4024167073066408e+50
7926,1.2030437972606066e+50
7927,1.715526859475636e+49
7928,2.059487903577514e+49
7929,1.597340027806576e+50
7930,9.659113023394764e+49
7931,2.1822032228316155e+49
7932,1.3348807837997137e+39
7933,1.4235308237785348e+50
7934,3.619904286662374e+42
7935,1.4892525590894608e+50
7936,1.4954673426843077e+38
7937,1.2903238335864687e+38
7938,1.0084774874355948e+50
7939,1.0354886943080029e+49
7940,4.5239436800344934e+49
7941,1.4609704645459752e+48
7942,2.0704137114385167e+47
7943,1.0563462843719109e+39
7944,7.494480768648368e+48
7945,2.0457105367353154e+38
7946,6.883638995170257e+43
7947,9.254931727163963e+45
7948,1.1741176401973566e+48
7949,6.694197129984347e+48
7950,7.941732369853834e+46
7951,1.598039938998422e+47
7952,4.309351367299396e+48
7953,1.2037626058087664e+48
7954,1.5788440857561605e+50
7955,1.4418507725483256e+47
7956,1.5373290316657119e+50
7957,2.6166690755217577e+43
7958,1.4241919411385223e+42
7959,4.077390537969723e+49
7960,2.930576486986972e+43
7961,9.76776146190599e+48
7962,7.519757047354662e+44
7963,2.896491205845634e+49
7964,5.917053819695118e+39
7965,1.4172139446969889e+46
7966,3.4620658196921643e+41
7967,3.08078826171648e+42
7968,1.911201111705737e+48
7969,1.1112181959128647e+50
7970,3.4082668078799803e+46
7971,3.596109035074114e+49
7972,1.2595342474034993e+50
7973,7.92066722881889e+49
7974,1.4061075012782382e+50
7975,8.726096837667395e+37
7976,1.6218732454541095e+50
7977,8.825117588700348e+42
7978,1.4981999875799315e+49
7979,1.12028578960115e+41
7980,3.454118457189803e+45
7981,1.715530465989033e+49
7982,6.707159091429837e+48
7983,6.675225854447884e+49
7984,6.263363509665322e+49
7985,5.214579523397826e+49
7986,1.6696839368240886e+49
7987,9.125555959714675e+45
7988,2.1962633153304065e+45
7989,2.169278684899235e+48
7990,2.8710066249664225e+46
7991,2.031615893936277e+39
7992,4.6233680709744025e+49
7993,2.20728362831055e+38
7994,2.6742221725808975e+49
7995,7.728492771642983e+49
7996,4.6355780230832405e+49
7997,8.739394522210324e+40
7998,1.3687934005570315e+50
7999,1.1265309390787637e+45
8000,2.776799380339049e+40
8001,3.751462178232738e+46
8002,5.3236875326012966e+47
8003,2.0788438898880237e+43
8004,4.50075465061607e+49
8005,4.2258097996364197e+49
8006,6.278526181414997e+38
8007,6.303358951619914e+45
8008,2.0165961020153442e+38
8009,1.6228711723660242e+50
8010,7.524324529309884e+48
8011,8.146799954706568e+47
8012,2.3425879661399096e+49
8013,7.252214931270879e+37
8014,1.4610119644919872e+50
8015,3.8271765541132584e+36
8016,2.1648221440109854e+44
8017,1.5765214143761717e+50
8018,8.719607195620125e+41
8019,4.939256008305473e+43
8020,5.926006279392807e+47
8021,1.8397831906690675e+40
8022,5.154927536433276e+49
8023,1.2795750211962916e+50
8024,1.6867597685351283e+49
8025,2.1061937487784462e+40
8026,1.6235709824198654e+50
8027,9.245795877090378e+49
8028,2.0223490528790534e+48
8029,7.175158617221418e+48
8030,1.0485528175078385e+42
8031,8.736738430520587e+49
8032,6.576241566785203e+38
8033,1.0992727911321842e+40
8034,1.6019974138879218e+50
8035,1.7178946767215286e+49
8036,1.3900663190410873e+49
8037,7.293253898064411e+49
8038,6.416153709335023e+48
8039,9.799171721176745e+48
8040,5.947572447933584e+41
8041,2.7480428195459564e+39
8042,2.8460435348723107e+43
8043,5.259325346915181e+46
8044,1.021818603764026e+47
8045,6.253565415667388e+41
8046,4.5882757022053875e+48
8047,2.0260385031784048e+41
8048,1.4904780742201717e+50
8049,3.129357214391812e+40
8050,1.6134299834803495e+50
8051,1.60355498759461e+50
8052,1.5911719727770335e+50
8053,9.495139608048542e+49
8054,1.6280987702845092e+47
8055,2.6415113574105766e+48
8056,1.1136991807459147e+50
8057,4.453310169278532e+49
8058,7.855787176865024e+49
8059,9.398213263225871e+46
8060,3.010690985869499e+49
8061,4.3453437568102804e+46
8062,3.6732765454148173e+49
8063,1.5590419814954421e+50
8064,5.241381500189739e+36
8065,2.5963969982730967e+38
8066,8.608394310600628e+48
8067,1.578408224498937e+50
8068,6.408564222792217e+47
8069,5.434931279520627e+49
8070,3.703204626778453e+42
8071,3.5095927492802224e+48
8072,5.495021190595151e+45
8073,9.544850368610324e+49
8074,3.85721520322235e+47
8075,2.0483988397444703e+41
8076,6.0835815636691535e+44
8077,2.5545140602508777e+48
8078,8.852803032606919e+44
8079,1.7583373054114842e+36
8080,1.1531570742477424e+40
8081,4.037580678244734e+37
8082,5.776381445713363e+40
8083,3.886949581435272e+48
8084,1.4294444911659448e+47
8085,7.989002323643362e+42
8086,6.025754550941513e+44
8087,2.507902361903567e+49
8088,1.2849534532288964e+50
8089,1.3798217467215734e+50
8090,4.988070304754421e+45
8091,1.4695489395856185e+50
8092,1.5529340904851632e+49
8093,1.5537239444058848e+50
8094,3.4570594749543957e+43
8095,2.1695237633721602e+42
8096,6.496437054745186e+37
8097,8.821023628166682e+46
8098,1.2354194179237372e+50
8099,1.2597781666669264e+47
8100,9.80409593435731e+46
8101,1.4083787394386454e+50
8102,4.4895741253174876e+49
8103,4.367571439182092e+44
8104,5.840745606648825e+49
8105,5.267297330255071e+42
8106,1.595306976970738e+48
8107,4.0666649750159575e+49
8108,2.357547602331561e+44
8109,3.623749679920715e+38
8110,1.4561398480386321e+50
8111,7.768509013714416e+40
8112,1.6007700571526854e+48
8113,2.425555427792198e+49
8114,1.1810576513898872e+50
8115,6.706129759214738e+49
8116,5.41731624372991e+42
8117,8.723824091190036e+36
8118,2.2984969649460067e+49
8119,1.5413696287179298e+47
8120,4.555122325658193e+48
8121,9.350181848322717e+49
8122,7.648161367492854e+42
8123,1.304690961430073e+50
8124,4.694171743962723e+49
8125,1.0038444981702302e+38
8126,1.6201771852221157e+50
8127,1.4397484912988303e+49
8128,9.93863149831801e+46
8129,1.6202256638957306e+50
8130,2.25771198055672e+43
8131,1.5911190173306112e+37
8132,1.622509947887686e+50
8133,7.233344518280537e+37
8134,2.559493994793737e+49
8135,4.800733018227313e+49
8136,5.788215568696231e+42
8137,5.733507687592309e+42
8138,4.990147810182001e+45
8139,2.8476890850045204e+47
8140,3.1976698792374035e+42
8141,1.780558162267263e+48
8142,1.3476540965022809e+50
8143,3.673438533202273e+48
8144,4.949636124854479e+48
8145,1.5551576242140889e+49
8146,1.9795402686505148e+41
8147,4.892130755217027e+38
8148,6.466775425678045e+41
8149,2.45878347797134e+47
8150,3.118568247950895e+41
8151,2.0679231815877357e+44
8152,5.541157966531832e+39
8153,4.224206646514543e+39
8154,2.117741233177222e+48
8155,4.5479761719263263e+39
8156,1.5636182252306948e+44
8157,8.854342193734526e+44
8158,7.220944414491452e+42
8159,1.3824008684894506e+36
8160,1.331233798627046e+47
8161,5.126799134667727e+49
8162,4.968484881620611e+38
8163,4.6037090318306125e+41
8164,4.985216082072052e+49
8165,5.1464981456411286e+48
8166,3.3383867029296065e+38
8167,6.108194942759863e+46
8168,8.685056302272675e+45
8169,3.404084411169783e+44
8170,2.5501843290402796e+49
8171,4.875910004492675e+40
8172,2.3242362011858163e+40
8173,3.08810188458863e+43
8174,6.239487756807705e+48
8175,2.5277132402300637e+42
8176,1.425025373754315e+41
8177,3.952652786992923e+48
8178,1.403517274776333e+44
8179,1.1608184941115302e+43
8180,6.600452176279998e+38
8181,6.166084263976823e+44
8182,5.096912716737991e+49
8183,1.6232757920150553e+50
8184,3.459130310265905e+48
8185,3.540860341399484e+47
8186,6.85424494526291e+43
8187,3.133793846125083e+46
8188,2.484904518784595e+38
8189,7.268158424905459e+49
8190,9.990990927903523e+45
8191,3.9443856491223815e+40
8192,5.731444975620229e+49
8193,6.993475761572324e+48
8194,9.668828633960955e+49
8195,1.4955178012250038e+50
8196,5.297487000652002e+49
8197,1.3186799739318934e+49
8198,8.466039845312128e+39
8199,2.1112426073546186e+38
8200,8.466451665087785e+49
8201,8.673943487438794e+49
8202,1.2501444482211488e+50
8203,6.274268132915337e+47
8204,1.586151622938152e+42
8205,3.202748847697691e+42
8206,3.4663846938083368e+44
8207,4.986854560558541e+37
8208,7.628042824298466e+49
8209,4.80973729146652e+40
8210,2.5230828832749484e+48
8211,2.195040226493022e+37
8212,4.1375228314696813e+49
8213,2.956949876785765e+42
8214,3.226793364868412e+44
8215,1.2708012805978475e+49
8216,1.0099465973854995e+40
8217,8.388636265174882e+49
8218,1.4895741786754512e+40
8219,1.4050550515922909e+50
8220,9.305050088521274e+39
8221,5.242839139212108e+48
8222,1.9289707128280528e+49
8223,1.598354281896194e+50
8224,5.593962246632958e+37
8225,1.6002302012288343e+50
8226,3.0082415337963055e+45
8227,3.950914332046387e+36
8228,4.297103791782048e+36
8229,4.628615862430597e+49
8230,1.3903291618198036e+48
8231,7.986541557216797e+47
8232,1.086585327433576e+47
8233,2.3538040358622225e+43
8234,1.5388686134531156e+50
8235,2.197016950537472e+41
8236,2.3907320894796915e+48
8237,4.009126993448872e+49
8238,1.472463332272449e+50
8239,1.6223227926262408e+50
8240,6.237560014054998e+42
8241,1.293875229823366e+50
8242,1.1092187472060525e+43
8243,1.1466312915947136e+43
8244,9.522240367795532e+45
8245,1.2802435352597354e+47
8246,6.154987194790431e+41
8247,8.328176207553512e+41
8248,2.382675625364116e+44
8249,1.8741287786638768e+41
8250,1.5048628360383854e+50
8251,2.023620936244861e+43
8252,6.283764816912528e+39
8253,1.8055379255737945e+46
8254,1.0155041394088073e+50
8255,3.575054043862381e+44
8256,6.828537359380195e+39
8257,6.62913916291613e+41
8258,1.4034276779451416e+38
8259,6.971101115861614e+47
8260,8.842188819571207e+49
8261,4.722572169401259e+41
8262,1.6482008225025365e+49
8263,2.8604500958776445e+37
8264,9.959638173703084e+45
8265,1.4423095093431245e+50
8266,7.76225050105214e+38
8267,1.4925405280069327e+50
8268,1.9695205282676743e+48
8269,2.685420997808584e+47
8270,1.9588106080446519e+49
8271,1.5507400703039297e+50
8272,2.670612076549508e+45
8273,3.2537762379597593e+46
8274,1.610479844373797e+50
8275,2.9226588463862173e+40
8276,6.77606286024167e+41
8277,6.89544749308836e+47
8278,4.889134961307855e+41
8279,1.5628864005596839e+50
8280,3.283959591390603e+38
8281,1.8845121610124495e+49
8282,2.0551798500652082e+43
8283,1.2589116470874772e+44
8284,1.504836825897716e+36
8285,7.039670695389667e+47
8286,3.0489642631139686e+48
8287,8.890231184306102e+49
8288,1.096350084910621e+40
8289,1.2142374116162611e+47
8290,4.56974422069268e+47
8291,5.528040669330967e+49
8292,8.084884149977425e+36
8293,3.5164409040195655e+41
8294,3.093048918673782e+38
8295,6.241354728157126e+48
8296,1.3878327803351999e+50
8297,1.284337776024844e+50
8298,1.9223227895387648e+47
8299,7.280604237670946e+36
8300,3.6967733734815525e+47
8301,1.582541380519214e+44
8302,4.061976336442999e+38
8303,1.6973278355304266e+48
8304,4.379345756614606e+45
8305,2.8693601985237137e+49
8306,2.0450113054171949e+40
8307,9.162632873641659e+39
8308,1.9355496877244108e+41
8309,4.643786423567697e+46
8310,6.64568892849977e+39
8311,3.3267121110811217e+44
8312,6.999783483218926e+49
8313,1.025851036575976e+50
8314,7.044646397839875e+38
8315,2.4578508447801294e+40
8316,9.50748742448415e+49
8317,3.0117706043812434e+45
8318,1.247346289981469e+50
8319,1.065117195380346e+45
8320,2.583756742803417e+46
8321,2.0843451913595075e+47
8322,5.878746798367261e+48
8323,4.984281092883453e+47
8324,1.6481150445681814e+43
8325,2.456051707882148e+42
8326,4.205205894491968e+45
8327,1.1506742385091875e+48
8328,1.5547478103381158e+41
8329,7.187537189024166e+49
8330,2.203570208759631e+48
8331,1.324877886051483e+50
8332,1.9178557774961715e+38
8333,7.667005367136436e+48
8334,1.6021154008911313e+47
8335,3.0504791774190165e+48
8336,1.2225378315971052e+50
8337,3.403416542587445e+48
8338,8.468306720617359e+48
8339,3.3095720331974696e+48
8340,8.495081297550024e+48
8341,1.2221564588994031e+36
8342,5.645586905889392e+48
8343,1.4642032157870438e+50
8344,2.732590464570733e+44
8345,3.047701319831067e+49
8346,2.163957623993023e+44
8347,7.987410039864392e+48
8348,4.5595942864321817e+49
8349,2.798835623255748e+41
8350,3.092899569001801e+49
8351,1.0931301610314812e+45
8352,4.266197713021866e+45
8353,1.6227760622300158e+50
8354,5.477564591366495e+49
8355,1.0041465660227688e+45
8356,1.4690293524245534e+50
8357,3.742595659468328e+41
8358,7.565279330730398e+44
8359,2.452341476371935e+46
8360,3.498470154918657e+49
8361,5.866692164310259e+49
8362,2.18229772783301e+49
8363,3.2064405886028507e+47
8364,2.83464569047818e+42
8365,6.844752476920665e+39
8366,1.191942144515558e+49
8367,1.0411266404054456e+50
8368,8.736982147933494e+48
8369,1.0620933666837592e+50
8370,2.4516987427722373e+49
8371,1.5584249659602036e+50
8372,6.388022690367039e+49
8373,3.710103329554862e+43
8374,1.270952853768232e+44
8375,3.1855898391816714e+47
8376,3.2624600298975685e+49
8377,1.53416497233951e+44
8378,8.217189724491143e+38
8379,2.024908896687753e+46
8380,8.451343063790336e+45
8381,1.1251608399476415e+38
8382,5.550760298496845e+47
8383,4.521536238978619e+48
8384,9.592234596012295e+48
8385,6.228683010611915e+49
8386,3.267944118422815e+39
8387,1.0189751850382134e+48
8388,1.379168712273833e+50
8389,1.0320037548898719e+44
8390,7.026469719693709e+42
8391,1.3241941168767034e+42
8392,3.481515000225323e+42
8393,1.2944162834485274e+50
8394,4.086393761227632e+48
8395,2.0553388973216053e+49
8396,5.149554801052305e+47
8397,6.665680055497483e+46
8398,1.1528782025250607e+40
8399,1.3496665257217238e+41
8400,5.105918882981408e+42
8401,5.365368020018664e+47
8402,1.0382310628670004e+50
8403,5.173058993418322e+44
8404,8.849005656037835e+38
8405,1.5528921141251277e+48
8406,4.875147958130273e+47
8407,3.6692950754030217e+49
8408,1.5178801182291009e+50
8409,1.4698892780812603e+50
8410,3.382801264890816e+48
8411,2.409775474827564e+38
8412,1.2868200196014155e+49
8413,3.907095252185174e+48
8414,8.033850117087104e+48
8415,4.346484548046417e+49
8416,6.508737650777998e+48
8417,1.3801921099972813e+50
8418,2.6908590568650517e+49
8419,6.977410512967749e+38
8420,9.764597039897404e+48
8421,1.2352168899063008e+42
8422,1.9099384919166225e+48
8423,3.583515900281386e+40
8424,1.3935188512305603e+37
8425,1.6640595356811517e+49
8426,5.947001195527284e+48
8427,2.1939810359319809e+49
8428,3.585730038242437e+42
8429,2.245005098972682e+37
8430,5.126606823010597e+48
8431,1.1284138343697615e+50
8432,2.1312673194030112e+43
8433,3.439499952908271e+36
8434,2.5169469592839473e+48
8435,1.2362893496143938e+49
8436,7.385889744404924e+48
8437,1.1798445769774525e+41
8438,6.53771054466207e+46
8439,1.540540727951922e+48
8440,3.6980493160466116e+47
8441,3.116188432823555e+41
8442,1.8683272209276693e+49
8443,1.7530087991490856e+45
8444,2.7505451908472255e+43
8445,2.0210256192741866e+48
8446,7.025960490920447e+42
8447,5.014894789701997e+46
8448,1.2488533734586848e+42
8449,2.101194068901876e+47
8450,1.0455000798636278e+39
8451,1.3792972410563684e+43
8452,5.789374770771954e+49
8453,1.1814003977088779e+44
8454,7.518225581867348e+45
8455,9.656197415410998e+42
8456,1.1607510017058303e+50
8457,6.3081046420737515e+38
8458,2.6829219438180166e+44
8459,8.189908653461278e+42
8460,1.4964893633520112e+47
8461,3.979935771920925e+43
8462,2.927315491665762e+49
8463,1.35358318442363e+46
8464,5.1902248843940894e+47
8465,1.6161902623687774e+50
8466,7.980202481468875e+49
8467,5.953766201871587e+42
8468,4.038705691692309e+45
8469,1.0713863729656296e+44
8470,1.5435569055876734e+50
8471,3.966848477049602e+49
8472,5.176655736210819e+49
8473,5.71857186467077e+49
8474,1.8702884078945942e+43
8475,9.630685469916447e+48
8476,3.3383900084891926e+36
8477,8.280237345671055e+49
8478,5.07099648642952e+44
8479,1.4599942529334192e+50
8480,2.7894558262073334e+41
8481,8.434958979828692e+49
8482,5.444395287646759e+49
8483,6.375118703780453e+47
8484,5.462728323813884e+49
8485,1.5329586460371372e+50
8486,2.6942953678824266e+49
8487,2.2467008655705059e+49
8488,3.0835773702548657e+39
8489,5.15271175223615e+49
8490,8.105751628876368e+49
8491,1.1774493855056409e+50
8492,5.050871374946952e+45
8493,8.933957042984383e+48
8494,5.2481682130688667e+36
8495,1.577673731607022e+50
8496,1.616710224299268e+50
8497,1.5248586211433637e+50
8498,9.54609401089766e+36
8499,1.7805704568414852e+38
8500,1.5822848161381023e+49
8501,1.1442336827642115e+40
8502,6.650023793619059e+45
8503,1.948012790090393e+36
8504,1.1361220897157341e+50
8505,1.3129880815283599e+50
8506,1.4940661600721686e+37
8507,1.4692621429614188e+48
8508,2.476680244838456e+37
8509,3.4090434289596954e+49
8510,5.698704211536887e+47
8511,1.6181907310231904e+50
8512,6.037012699004555e+46
8513,2.3910655428360602e+41
8514,6.342232299088827e+48
8515,2.4802102926324076e+47
8516,4.301441287807597e+48
8517,1.6084699358990862e+47
8518,4.061084028358535e+46
8519,1.2084251181599477e+40
8520,1.390696018931982e+49
8521,7.569886067268132e+46
8522,1.3799450215969059e+45
8523,1.7713247008576351e+46
8524,1.736942776617732e+48
8525,6.244598074863147e+48
8526,7.514878336906899e+38
8527,1.0731092239759758e+48
8528,1.6136796438588232e+50
8529,1.3994503026662234e+50
8530,9.132781204565341e+49
8531,1.466434844303406e+44
8532,6.679123456878847e+49
8533,3.845185370652725e+48
8534,1.0921017635390713e+38
8535,2.6469009872036897e+47
8536,1.8697747903276907e+48
8537,2.8467060581561223e+49
8538,7.448937705484892e+40
8539,3.903694877909923e+45
8540,1.4196170704752967e+50
8541,1.2313685057001655e+39
8542,1.759749674352495e+39
8543,7.104897266905443e+49
8544,3.639960089300163e+43
8545,5.262067338699175e+48
8546,5.098444954801517e+43
8547,4.531012221642118e+49
8548,1.3961624448045646e+50
8549,1.176331168363918e+50
8550,2.4580979447965992e+48
8551,7.517318985949971e+49
8552,1.5898481225641536e+50
8553,1.2841759329883476e+48
8554,2.554062137860789e+49
8555,6.398671221642903e+49
8556,6.901425594046709e+49
8557,7.693684359995493e+47
8558,1.8924643041450086e+38
8559,1.3242529118327335e+43
8560,3.6392029875721607e+47
8561,3.1784249478752146e+48
8562,4.780001699314136e+45
8563,1.5352141672245662e+47
8564,3.674208041031237e+40
8565,2.6191666949791953e+49
8566,3.371881124834679e+48
8567,2.1615400469053436e+49
8568,1.9876102881035635e+46
8569,1.442228523457234e+50
8570,9.387505355716173e+49
8571,1.6829658902605485e+49
8572,2.778837316438381e+36
8573,1.4571737447395728e+50
8574,7.330846622272393e+46
8575,4.45098393594443e+49
8576,3.419330402320889e+44
8577,2.026802492695633e+41
8578,1.5985699893815205e+50
8579,1.1627486061502504e+44
8580,3.868732020607968e+41
8581,3.8090785162907614e+42
8582,4.981239503418967e+41
8583,1.5816178319679527e+50
8584,4.822106590237805e+49
8585,3.248556380299094e+46
8586,7.152072700937551e+46
8587,5.596246910407351e+44
8588,3.5528038389892306e+49
8589,2.6227673454803846e+43
8590,3.8972347085207716e+48
8591,9.189973917951632e+43
8592,1.4325415449917364e+45
8593,6.778787394312841e+37
8594,9.468464403343127e+40
8595,3.640272207527298e+39
8596,1.6407339249360703e+49
8597,1.833970383729803e+36
8598,1.9818019134468817e+46
8599,2.276547203924525e+47
8600,7.750066366617043e+49
8601,1.5912370317206915e+50
8602,1.140013391379892e+49
8603,1.2735854294399089e+50
8604,2.2011413855439023e+49
8605,1.3568503284969897e+48
8606,4.666493888305797e+42
8607,1.826309337755385e+48
8608,1.2389013835819137e+46
8609,1.6199447788543408e+50
8610,3.941142401396968e+48
8611,9.123908106238957e+49
8612,8.480357724857743e+39
8613,1.671279874983385e+39
8614,7.423269291802614e+48
8615,2.0287258249808493e+48
8616,3.707071975988734e+37
8617,1.1693241980675463e+38
8618,8.07228412031038e+45
8619,2.2521298719339108e+47
8620,1.5160825054310703e+50
8621,5.156644603096395e+41
8622,1.0995697906093893e+49
8623,4.0897032984492764e+48
8624,1.3595687000185648e+42
8625,1.1717743781617872e+47
8626,2.5455229753325055e+42
8627,8.540621852915574e+42
8628,7.004019625642969e+37
8629,1.8101020380132808e+40
8630,2.0157024189194687e+47
8631,2.968924837854819e+39
8632,1.5768544270507857e+50
8633,1.430515092612313e+46
8634,1.6235870859895916e+50
8635,1.2577524728408088e+42
8636,1.6622848286786616e+43
8637,9.759505025642233e+39
8638,6.198355356890799e+47
8639,1.9595132780531463e+46
8640,1.1882911911714756e+48
8641,3.615123895804293e+45
8642,6.923839196112892e+40
8643,2.6073196569265316e+41
8644,1.8683015840878704e+40
8645,1.4192479879361743e+49
8646,2.4739352394170536e+49
8647,5.896953668041084e+47
8648,1.939485209845951e+49
8649,6.135832257537239e+49
8650,5.267536796885841e+49
8651,2.606079629232994e+49
8652,1.4250523486985444e+47
8653,1.4000829052880615e+37
8654,7.707038015199661e+38
8655,1.287961348690878e+50
8656,2.361359445080321e+38
8657,1.2851153965309426e+48
8658,1.1170194251737522e+50
8659,1.6105487072941624e+50
8660,1.1360589700599768e+50
8661,8.792892919308875e+45
8662,1.1441803507906018e+49
8663,3.666847653297078e+39
8664,2.6943811640932626e+43
8665,2.6599972151368164e+45
8666,9.734371728444425e+49
8667,3.00417491021345e+45
8668,4.0810300548938503e+48
8669,2.584129220602493e+38
8670,4.894974631244749e+49
8671,2.9655757013793055e+48
8672,3.115755588438879e+45
8673,8.670819241696148e+36
8674,2.404730600949298e+49
8675,1.3522601914820775e+37
8676,3.3857181470267437e+44
8677,5.0609242981933906e+39
8678,3.716189631639557e+44
8679,1.5348658577160798e+42
8680,8.535937845402474e+49
8681,1.9367221183769994e+49
8682,2.8181874311549166e+48
8683,3.6496247555885573e+37
8684,2.762692209248892e+49
8685,1.6235289008983412e+50
8686,1.0732139223821667e+44
8687,3.5080709423592364e+42
8688,2.2901174540575082e+49
8689,2.7419770481073817e+43
8690,6.973057400099872e+45
8691,1.4258386847791468e+36
8692,3.059184116326255e+48
8693,4.5099154277304644e+46
8694,4.519403094380774e+40
8695,2.6956938422772232e+39
8696,2.441360639475948e+39
8697,3.9018807245066085e+48
8698,5.567676561162932e+48
8699,1.5660289320320388e+50
8700,3.4981206957126534e+39
8701,1.4434460348968367e+50
8702,1.1345200183101893e+44
8703,6.093861672553169e+37
8704,5.083197574044373e+46
8705,1.572062046364426e+49
8706,8.331326177994633e+49
8707,8.470211168030305e+48
8708,3.7942249730018955e+49
8709,1.6235690414979027e+50
8710,5.823307791797695e+49
8711,4.9416342333986325e+45
8712,1.6022460405627566e+37
8713,1.4346733426490009e+50
8714,1.5131233072486753e+42
8715,3.77064153955244e+47
8716,2.9593102227846347e+49
8717,6.664935489671805e+49
8718,1.2952353519709882e+50
8719,2.475490598184727e+40
8720,9.714404983783461e+43
8721,2.304457510527394e+45
8722,1.1074582384429504e+37
8723,1.7400910460444132e+47
8724,4.108671721861004e+45
8725,8.658064978981484e+49
8726,8.037820282268905e+49
8727,1.2338836289115198e+50
8728,3.3757569672867675e+49
8729,1.5459604930723436e+50
8730,1.611735128724091e+50
8731,1.475135279420786e+50
8732,2.386227358575744e+43
8733,6.379616953335082e+45
8734,4.748054673879564e+40
8735,5.584462801338654e+49
8736,1.7353566633379882e+36
8737,1.1463317830779769e+49
8738,4.4986303724918746e+42
8739,1.5526465414335841e+46
8740,7.354504770657671e+48
8741,3.234592598465139e+48
8742,8.13918310348611e+43
8743,2.840728536681778e+41
8744,9.113310613938501e+45
8745,1.6152813873697401e+50
8746,1.7769802966804435e+49
8747,2.2744540684523864e+42
8748,3.8628290249910804e+49
8749,4.5513096410440206e+39
8750,1.4814193163661933e+50
8751,1.714608943150768e+42
8752,3.645242757794419e+40
8753,2.5764258527833474e+49
8754,1.614185971689514e+50
8755,3.952939448800063e+49
8756,1.5172877693748407e+50
8757,1.88393047089279e+49
8758,6.165186377050202e+36
8759,4.4444956221642095e+46
8760,8.365448130288176e+49
8761,3.512979738831543e+36
8762,6.28301288212683e+39
8763,1.0756220288839204e+43
8764,1.935563759836601e+39
8765,1.2043731798541162e+40
8766,8.567909322128929e+46
8767,3.417366316079548e+48
8768,7.548660460233538e+49
8769,3.0238487895101123e+46
8770,1.6173027546256382e+50
8771,8.01261720548513e+48
8772,1.2317937843510437e+37
8773,3.4899883244345516e+42
8774,5.771130368119813e+49
8775,1.096353574295138e+41
8776,1.91839154881833e+42
8777,9.993741679705486e+43
8778,6.975423505820042e+39
8779,1.1154411820992319e+49
8780,1.394668595349948e+48
8781,2.490959542150781e+48
8782,1.1607825490348611e+50
8783,1.5545883921852314e+50
8784,8.977268139710472e+44
8785,6.937938964153505e+36
8786,1.739683960248437e+46
8787,1.1348193862134876e+47
8788,1.6174439236470864e+50
8789,4.5113880307227233e+39
8790,3.9435255821883236e+49
8791,1.9233981254410188e+49
8792,4.2433585220841745e+48
8793,6.0675854584160445e+44
8794,5.518334744861415e+49
8795,7.02951335700612e+45
8796,1.5045057318995397e+48
8797,1.1925535874601235e+38
8798,4.4069104492475766e+48
8799,1.0185633374453112e+50
8800,8.608276366920267e+46
8801,1.2986435254923151e+50
8802,3.498330779147637e+49
8803,6.706205755674102e+45
8804,9.283048815135604e+49
8805,1.4661742386348375e+50
8806,1.5253681591470955e+42
8807,4.062658733355326e+38
8808,8.853423246435889e+48
8809,3.738523642573344e+39
8810,5.4869667715144444e+47
8811,1.083064556781895e+50
8812,7.349221389203716e+37
8813,1.2248078529555177e+50
8814,6.802406268797422e+45
8815,2.571692650573099e+43
8816,6.194151995912221e+47
8817,4.999975446410703e+49
8818,7.423239953581348e+37
8819,5.426966090353057e+46
8820,1.9574569957245937e+37
8821,5.599181667418781e+49
8822,1.2530760270310695e+38
8823,1.108361692561422e+49
8824,3.8056086840480953e+45
8825,6.376230347170754e+49
8826,4.163072708804269e+44
8827,1.7097699122130279e+44
8828,1.0220622731039602e+44
8829,1.7332219302096813e+49
8830,5.134577306779182e+49
8831,7.354718599649367e+40
8832,9.097670503858132e+49
8833,1.4813757659210286e+37
8834,1.6100796332925336e+50
8835,5.156887565822028e+49
8836,1.785096748238186e+49
8837,5.626087561916757e+36
8838,2.2205729827358193e+48
8839,1.4475649411974116e+40
8840,9.680170885144571e+49
8841,1.8468866802605047e+49
8842,1.0635081571318892e+46
8843,9.193499912078735e+46
8844,5.006007549044153e+47
8845,1.5646612243140698e+50
8846,1.2082304867454155e+49
8847,5.65263819972394e+48
8848,7.767527316334623e+48
8849,4.430613806832202e+46
8850,3.693020538817061e+48
8851,1.3737856649447233e+50
8852,1.5112324736484898e+50
8853,2.6664129622897277e+40
8854,6.0435580953103264e+38
8855,6.830275430786531e+49
8856,1.276772159207202e+50
8857,1.1812450532462526e+50
8858,5.408038079255514e+38
8859,2.043878258433676e+41
8860,2.088909859838681e+41
8861,1.6128303174502592e+50
8862,1.229650019680351e+50
8863,4.0669217614150835e+39
8864,1.2657517194722707e+50
8865,4.221354666835002e+49
8866,7.98752997049957e+41
8867,1.5273325352323137e+39
8868,8.814739878991165e+48
8869,1.0850071242435805e+50
8870,8.046901197863409e+42
8871,1.8446338671438783e+39
8872,6.023615869721097e+41
8873,1.213564342877478e+44
8874,6.825559574077225e+46
8875,2.900497611315777e+44
8876,5.362256575162997e+48
8877,6.962536495245411e+47
8878,1.6303889716376619e+40
8879,8.735639692812904e+49
8880,8.925017482721037e+41
8881,1.5004210131490027e+50
8882,5.461048054879272e+40
8883,1.0033328379146451e+48
8884,2.470621919199955e+40
8885,7.267462269275287e+49
8886,8.516385944311508e+48
8887,1.0023257881512157e+50
8888,8.225349072533278e+38
8889,1.6235323520671577e+50
8890,1.2856707511667721e+50
8891,4.737447822509651e+39
8892,2.890303429965995e+49
8893,1.0640419383266948e+40
8894,5.706004045811682e+48
8895,4.460932237131265e+44
8896,1.055239410729765e+46
8897,3.364623004741472e+47
8898,1.0717765379806156e+50
8899,2.0748459303464812e+42
8900,3.375493045004278e+36
8901,2.781614721808843e+44
8902,1.1477045866365309e+49
8903,2.5905686336714016e+49
8904,1.607361443460543e+50
8905,4.724692914529903e+38
8906,4.758122452973381e+48
8907,1.334975448347019e+50
8908,1.076495608673164e+45
8909,1.4254065270769385e+50
8910,1.543911652519625e+48
8911,1.2510604811874226e+41
8912,7.382523162668071e+49
8913,7.74167336125047e+47
8914,7.48086530589591e+46
8915,2.048342014166908e+37
8916,1.37600018857944e+50
8917,2.865631278300632e+38
8918,1.5374302695426105e+50
8919,1.948549007898898e+43
8920,4.067356816411245e+44
8921,1.7217027923322277e+49
8922,2.2998517596022414e+48
8923,6.745577078917021e+49
8924,1.2332001334370496e+50
8925,2.643243227460569e+44
8926,2.986065315667362e+42
8927,4.87493637890173e+49
8928,1.601327489100406e+50
8929,1.2428915954904167e+47
8930,1.365187818318865e+37
8931,7.703776531323065e+48
8932,1.8297764009270117e+37
8933,3.0127128571718252e+47
8934,1.4190788935640372e+50
8935,8.700609135822514e+46
8936,1.314876557760947e+50
8937,3.3277663679675376e+38
8938,6.598782384143192e+48
8939,1.323619556288763e+48
8940,4.9742639501888265e+48
8941,5.656868230003974e+46
8942,1.8980088192335229e+46
8943,1.2720511209117867e+50
8944,5.935237253197534e+38
8945,6.726170199926886e+47
8946,2.4620114175276664e+43
8947,6.604033213930266e+49
8948,6.453176254316871e+48
8949,8.580589879503407e+44
8950,2.4618589433872667e+47
8951,3.0985066648169975e+47
8952,1.603284641853674e+50
8953,6.644126749438828e+49
8954,4.4768574809964455e+48
8955,9.016301208858252e+41
8956,5.076686788564421e+49
8957,1.8552484247709493e+48
8958,1.6211200452788294e+45
8959,7.190533113842046e+48
8960,5.258916938402852e+46
8961,2.4767736221202446e+38
8962,6.382416193448499e+49
8963,3.849314661360281e+49
8964,5.634192581084285e+49
8965,3.702921859640721e+49
8966,7.365671617760803e+43
8967,1.874897265759885e+46
8968,1.4553230323273105e+49
8969,5.20052629987076e+44
8970,1.1195488915404752e+49
8971,2.8566715602217756e+48
8972,4.921687762033934e+47
8973,8.667779317969246e+49
8974,1.838555854992148e+39
8975,9.486941709359162e+38
8976,9.626299526911083e+49
8977,4.249303231657547e+44
8978,2.8295934277996947e+49
8979,3.351819477160322e+47
8980,1.1125597788148701e+43
8981,2.878304771870726e+40
8982,3.958031469849371e+40
8983,1.6154089403065069e+50
8984,1.421043425149969e+50
8985,5.609814006247021e+49
8986,1.5583759518679618e+49
8987,1.0583209798768089e+49
8988,3.410855553343259e+46
8989,1.8763219120141183e+39
8990,5.181145358266795e+41
8991,2.137216278883466e+49
8992,1.6279443929462893e+42
8993,1.8992356256207138e+46
8994,4.530832709307128e+39
8995,1.407979045420245e+50
8996,6.78332277323874e+47
8997,7.097703189165084e+49
8998,2.7308044721236193e+44
8999,4.4477389569138357e+49
9000,5.08325173227545e+39
9001,3.381438781569212e+42
9002,1.5866443459153054e+50
9003,1.5647582561214215e+48
9004,2.014061508276999e+49
9005,1.099180727855606e+50
9006,2.271673916445704e+48
9007,1.5226974389395324e+50
9008,8.259527721033772e+43
9009,1.77307384567677e+49
9010,5.392600386412657e+47
9011,2.093464206348176e+41
9012,3.990584189255662e+46
9013,1.5456860980971395e+44
9014,7.900140988090688e+46
9015,8.313891490910596e+45
9016,1.5449809885092782e+50
9017,3.855975979878039e+38
9018,1.1037066957109653e+49
9019,3.057422204137338e+41
9020,3.057307164000414e+48
9021,4.758025549350857e+43
9022,4.373980214478813e+48
9023,4.848523823252209e+48
9024,9.075294362053625e+48
9025,6.494619712358204e+41
9026,6.679096972881916e+38
9027,8.677617729812904e+39
9028,8.991343458278984e+48
9029,4.898784151654035e+49
9030,2.7970747092815135e+46
9031,5.880286111052387e+48
9032,2.1297736059868345e+49
9033,2.618467509370387e+46
9034,1.1857630305344353e+41
9035,2.209236804355299e+37
9036,8.825848047284858e+48
9037,3.797428139847407e+44
9038,1.538431752574138e+50
9039,2.2996920120281894e+48
9040,1.55346861879713e+48
9041,1.2859641498690142e+50
9042,1.2176428759509137e+39
9043,2.2444874107665876e+41
9044,4.854351035374536e+49
9045,3.816253672318799e+45
9046,9.449079377428014e+43
9047,2.548405440474502e+41
9048,6.30005347323464e+47
9049,1.5159845797115827e+49
9050,1.5930495505847825e+50
9051,2.7586547729042425e+43
9052,4.838023615737198e+49
9053,1.6159516224536186e+50
9054,2.236716177863221e+39
9055,7.839047894244585e+46
9056,1.0992469315195437e+48
9057,3.594547967118267e+38
9058,2.7058325713716042e+48
9059,7.778179622499865e+49
9060,1.525873228150166e+48
9061,3.587581320401406e+49
9062,8.360216077585418e+47
9063,1.2269537421022598e+42
9064,1.2219990122482538e+46
9065,1.2966890945559409e+50
9066,5.96167567527881e+45
9067,1.6725942742572255e+38
9068,4.744237914021173e+36
9069,1.4606650398043052e+50
9070,4.113651178053348e+42
9071,6.651093961736692e+46
9072,4.7880603545639183e+36
9073,5.813286280742024e+37
9074,1.8917150865388944e+42
9075,1.6842262496806555e+38
9076,4.136692750246633e+48
9077,3.9701415325711316e+37
9078,9.168315889289456e+44
9079,1.5834930072052803e+42
9080,3.815337249929793e+44
9081,9.604000002255161e+49
9082,1.3200073992484048e+50
9083,1.5763288994255888e+48
9084,6.878958509675079e+49
9085,1.5153987040533606e+38
9086,1.2268448083863636e+47
9087,4.8445157337377224e+42
9088,1.094022311983596e+38
9089,3.434868514698327e+45
9090,1.0113067807353685e+50
9091,3.515663632163494e+46
9092,3.645462535264247e+44
9093,1.7239712327422117e+45
9094,1.5250613915940448e+50
9095,9.992486992388971e+47
9096,2.0352494446430597e+46
9097,1.8140212056270024e+36
9098,5.078406786503292e+42
9099,2.0731816232178017e+41
9100,1.5540132031647992e+49
9101,1.3005915547862533e+49
9102,2.176448351248964e+44
9103,4.1610305190258525e+43
9104,2.4972009161371505e+45
9105,9.658200771606047e+46
9106,3.3460391011715635e+49
9107,2.5567339854222026e+41
9108,2.3547408802499043e+49
9109,5.5414362848102315e+48
9110,9.962368302901918e+38
9111,2.836779000082797e+43
9112,1.1097801838311259e+39
9113,2.9522326062958454e+40
9114,2.0355615651595674e+49
9115,7.490817951523885e+49
9116,2.83003526744415e+37
9117,2.8695215002105516e+43
9118,2.4246507602073626e+48
9119,6.498589924078053e+49
9120,1.9257839221817586e+43
9121,1.0497940977680516e+50
9122,1.2819335304983385e+49
9123,2.642871092115313e+47
9124,5.7751292708365e+46
9125,1.0917472348363832e+44
9126,5.106985989498305e+40
9127,1.4506208513366614e+49
9128,1.0681005549153515e+45
9129,7.990370580868245e+37
9130,9.328500852567242e+49
9131,5.036829846970012e+39
9132,1.7824081279208382e+49
9133,2.0128326499932448e+42
9134,8.481015284019955e+49
9135,6.222696168023962e+38
9136,3.019116386243179e+49
9137,2.836961880442302e+46
9138,8.968963347729874e+49
9139,1.5594407194494818e+50
9140,2.600779083639536e+43
9141,2.5622202246332488e+48
9142,3.0013095786103538e+44
9143,1.3310598102276465e+50
9144,2.1214450533806526e+48
9145,9.957023060533319e+47
9146,4.146802841532886e+47
9147,4.831250815772313e+47
9148,7.240577473940758e+49
9149,3.445747424264181e+39
9150,4.566733309157736e+49
9151,1.380479238467407e+46
9152,3.0146827751809956e+36
9153,3.06917136866829e+38
9154,1.3174034985940467e+44
9155,4.192902005631993e+42
9156,3.583632921534168e+40
9157,6.0555274331726066e+44
9158,5.583445538380518e+49
9159,1.6066508639966928e+49
9160,1.3785187890988619e+50
9161,6.409725885126678e+46
9162,3.726835225497891e+45
9163,3.3404540788358164e+49
9164,9.464531690074352e+49
9165,1.5501116398776455e+50
9166,1.1596681059338703e+50
9167,4.4165038318843374e+49
9168,1.922725367378297e+38
9169,2.439452016121932e+43
9170,7.560903332338358e+49
9171,8.278914333202549e+45
9172,5.5231533096542006e+44
9173,1.983758227779345e+48
9174,2.1393679837042327e+44
9175,1.4612006441323035e+50
9176,1.39444900863671e+43
9177,1.5682728950424955e+50
9178,1.6590506850766474e+40
9179,1.219495871756384e+43
9180,5.840707427009958e+44
9181,1.6214951990889484e+50
9182,1.5749576300265206e+50
9183,6.866469067093745e+49
9184,3.211012963016552e+49
9185,1.2443944610135118e+47
9186,3.0556294750616644e+48
9187,1.6728477385744408e+42
9188,1.5782362852010779e+50
9189,1.6843890418453116e+49
9190,4.6079314342113315e+42
9191,5.678363814486646e+37
9192,2.2688275829251857e+44
9193,5.829818171537281e+49
9194,1.6175365948895625e+50
9195,1.5638157156265587e+50
9196,4.635078078104805e+39
9197,8.046226493321715e+47
9198,1.3328638061815595e+50
9199,1.4723315338907817e+50
9200,1.0360807648052746e+49
9201,2.9849277986639953e+38
9202,2.6036147669359667e+43
9203,1.5954324733722494e+50
9204,7.124688357214891e+48
9205,1.5400808852489629e+50
9206,7.589604961358235e+46
9207,4.086069932124388e+42
9208,2.5314847168968334e+46
9209,1.7515472013017045e+40
9210,8.209962343828801e+38
9211,2.5867466581553513e+49
9212,1.3844898763602521e+47
9213,2.7718315538986887e+49
9214,1.54575784445577e+50
9215,1.3669354096083075e+50
9216,4.629114149973315e+43
9217,6.546322483622121e+41
9218,6.3878462836168e+49
9219,4.588922995655432e+36
9220,2.0583975673749615e+47
9221,1.8484275831829744e+47
9222,6.964411323919845e+36
9223,1.3828135648244702e+50
9224,2.2960915436166203e+48
9225,1.1303757841303692e+46
9226,9.738726949214325e+49
9227,5.403178210346767e+49
9228,1.3583268899909493e+50
9229,5.467629451136187e+36
9230,7.475551279624923e+40
9231,9.681021508309773e+48
9232,4.6541122363733765e+37
9233,1.5837509985474718e+50
9234,6.794903720724817e+49
9235,1.7256152380870135e+39
9236,9.302153822967663e+49
9237,5.255568387139554e+46
9238,4.791894800401788e+46
9239,9.000403390088277e+40
9240,2.9714329524066047e+36
9241,1.1323632111996906e+50
9242,5.090367333288615e+41
9243,3.144445356578857e+47
9244,4.391830210985646e+40
9245,1.2869992470286353e+49
9246,3.4460604241522367e+39
9247,5.102809762089283e+46
9248,1.5356349974221333e+47
9249,5.8881949198346814e+41
9250,3.0239274130663124e+49
9251,5.843532971853943e+49
9252,2.8909523174503196e+45
9253,4.9893003309768225e+44
9254,2.3441183994104633e+48
9255,5.787397171206288e+49
9256,5.499280411747824e+39
9257,9.234882012786447e+49
9258,3.8186274265378325e+39
9259,2.227221307299281e+46
9260,4.281868435487775e+44
9261,3.474155071134616e+49
9262,2.5616303488740714e+49
9263,2.1880327732162945e+44
9264,1.5866805136526895e+50
9265,2.2049720077221712e+49
9266,9.61858152060272e+49
9267,1.754654430078453e+40
9268,4.795668253752516e+49
9269,1.842215317641011e+49
9270,9.408954374720895e+36
9271,2.502642842773739e+49
9272,1.3260886469749816e+50
9273,1.6125197407618817e+50
9274,2.6304743124236226e+36
9275,8.227318282905139e+48
9276,1.545682379206468e+44
9277,8.054662878449542e+48
9278,4.875570227719513e+43
9279,3.3307261618695356e+48
9280,3.029357951365719e+43
9281,2.996030111612858e+47
9282,1.7595769064162627e+38
9283,8.82489616235658e+48
9284,7.808269669162345e+44
9285,1.7864485825601835e+36
9286,1.395667681368922e+49
9287,2.3929390331946862e+45
9288,4.932656006265877e+48
9289,7.892035225080616e+49
9290,3.8181904113478103e+43
9291,4.388448005971877e+47
9292,2.906267718688594e+45
9293,1.5881749854714776e+50
9294,2.9824094350616314e+45
9295,3.753882155694663e+43
9296,1.0717579747524764e+40
9297,9.266485781970822e+49
9298,4.30634601281862e+48
9299,5.201689697105873e+43
9300,1.42272182730481e+50
9301,1.3946412927256244e+49
9302,5.928794055987393e+49
9303,1.5475625994353118e+48
9304,8.606001506758885e+48
9305,1.0365888445071346e+38
9306,8.503649804684054e+49
9307,9.242754697872137e+49
9308,1.7569985292323292e+44
9309,3.2307231080360907e+49
9310,6.963212038369435e+40
9311,6.523283417989873e+49
9312,3.411702324434623e+49
9313,1.4225593082760722e+49
9314,1.2890403771838808e+47
9315,1.8995535084203199e+40
9316,9.651213477586817e+49
9317,7.436375337645008e+49
9318,8.560127549426897e+48
9319,4.723937028898704e+49
9320,1.119757701699161e+39
9321,2.86814947243505e+45
9322,3.072131193550243e+48
9323,1.4369249985008241e+50
9324,1.1152940238231433e+50
9325,2.1189727839534223e+46
9326,4.7375036432211e+37
9327,7.784923798764544e+49
9328,7.257576486927622e+48
9329,2.150658293542081e+48
9330,6.584252274414516e+39
9331,1.1626898297016396e+49
9332,1.5032498318322052e+38
9333,1.5647458475955522e+50
9334,1.5827434198123452e+49
9335,1.2115867129503667e+50
9336,7.718482072226065e+49
9337,2.1096079799978855e+39
9338,4.0192826379245156e+49
9339,9.276728445524316e+37
9340,1.5846381833371788e+50
9341,1.117245447083664e+38
9342,5.892373289686676e+46
9343,6.993794382084175e+43
9344,2.61943843696043e+49
9345,5.901805015467589e+49
9346,1.5720070702692738e+50
9347,3.4633273911767844e+43
9348,1.3275458470797816e+50
9349,7.485591975982141e+49
9350,1.4492897373574733e+46
9351,8.895704729224152e+49
9352,1.9798641556843134e+45
9353,1.51940085292928e+49
9354,9.95031224690124e+41
9355,1.5519657331405733e+50
9356,7.230798273003789e+49
9357,6.452042910843188e+49
9358,5.851328928623333e+45
9359,2.249640693692859e+36
9360,4.888876665334558e+47
9361,8.120181681822922e+49
9362,6.893911643560254e+48
9363,8.875717216091455e+44
9364,5.0629347981776e+48
9365,8.744435263226914e+44
9366,1.6082309902442836e+50
9367,3.0503599337142394e+48
9368,5.7662538718027195e+48
9369,1.1353289179476827e+48
9370,3.116973879922933e+48
9371,7.729986357092106e+41
9372,1.1918953598210852e+44
9373,9.159223140878659e+46
9374,5.122661833564485e+43
9375,5.783231698608787e+47
9376,1.1515823181491193e+39
9377,1.650358222373755e+42
9378,3.3008949019525123e+38
9379,5.847658629705132e+48
9380,2.75041922960204e+42
9381,1.3933002579720907e+49
9382,3.5342107249916555e+36
9383,2.4784517741750017e+49
9384,2.7656834740468203e+40
9385,1.524054113265525e+49
9386,6.335616076440703e+45
9387,1.1076758488439236e+50
9388,3.3052339775287043e+43
9389,2.6006852930299073e+44
9390,9.170310735708638e+48
9391,7.016509265588565e+43
9392,8.823563559263756e+43
9393,2.205966593332036e+38
9394,1.2203884941919318e+44
9395,2.8424219045760007e+49
9396,9.647830814827648e+49
9397,2.670261351435246e+38
9398,1.0180977064628176e+39
9399,2.7761644648750722e+48
9400,1.593736756149857e+50
9401,6.665104786153994e+36
9402,2.3248137104121577e+43
9403,2.116441396230636e+48
9404,3.5481186992843314e+49
9405,8.131536655460978e+45
9406,1.0217505702126919e+45
9407,1.5678281318861332e+48
9408,1.1138722844241672e+49
9409,3.876954937739041e+48
9410,2.126579897015713e+41
9411,2.0921025067068812e+49
9412,6.003297027027038e+48
9413,7.818118583420825e+49
9414,2.685984759097305e+49
9415,3.967274505677733e+47
9416,1.707579080532919e+49
9417,7.530237667650236e+42
9418,1.2167517494515413e+50
9419,3.7981208296748196e+48
9420,6.461443212155166e+36
9421,1.4853949021766816e+50
9422,4.646548605084263e+38
9423,1.152516861015536e+50
9424,1.4164897331040124e+50
9425,2.3940827387217297e+39
9426,9.694932380010481e+42
9427,4.8145168563497326e+39
9428,9.399968902941441e+47
9429,1.1642825584657628e+50
9430,1.5277420321966143e+48
9431,1.6904038176527135e+45
9432,1.043661868847043e+50
9433,3.2460907459274015e+47
9434,8.826145811785039e+45
9435,1.1120496956921354e+48
9436,1.4801667970082631e+50
9437,2.930938791001162e+46
9438,9.040322954217137e+45
9439,2.5314574421966794e+49
9440,1.3067149784228598e+37
9441,1.3587175693089278e+49
9442,2.9995360402666967e+48
9443,1.0277533015510792e+49
9444,2.3859914217241374e+46
9445,8.346002237337015e+49
9446,1.2191562805041822e+43
9447,1.526085693375186e+50
9448,8.007442918923086e+46
9449,1.9470810967946587e+46
9450,9.471713167432704e+45
9451,3.8121641506871484e+49
9452,1.6179083599385297e+50
9453,9.57005523131808e+49
9454,4.170433856703634e+48
9455,8.688146344591465e+38
9456,7.040330426960619e+48
9457,3.3337192819268554e+44
9458,3.590720268181063e+44
9459,3.4343721350416347e+49
9460,3.767029943923093e+48
9461,1.0372812019485213e+50
9462,1.3038777066054872e+49
9463,8.178647969399071e+36
9464,6.964299161505778e+46
9465,2.019797206068384e+38
9466,5.930691151592141e+43
9467,2.9631204289448565e+48
9468,1.2356532552752834e+50
9469,1.1949979835697865e+36
9470,2.2415690626756814e+38
9471,1.2462697332880667e+49
9472,5.372675407958315e+49
9473,1.5992049544234343e+50
9474,1.0302915933608936e+50
9475,1.3040340290258961e+50
9476,1.9013270151556314e+48
9477,1.1446756277111688e+45
9478,1.3932926260581847e+39
9479,7.500551820961478e+49
9480,1.2996765905916672e+42
9481,2.7119265002289183e+48
9482,7.044246523011067e+43
9483,6.862709553127914e+47
9484,1.0432124774946208e+50
9485,3.790216227037729e+47
9486,1.4211165793786668e+45
9487,7.056079421558071e+48
9488,1.802325648993225e+49
9489,1.8165584074316604e+47
9490,5.851750262736693e+39
9491,1.8887261280359888e+45
9492,8.16396887388122e+49
9493,2.5376581709192253e+46
9494,1.2824854382901515e+50
9495,1.5991998281727415e+50
9496,3.657853298660289e+49
9497,1.3478295217085745e+38
9498,1.1065696086154077e+44
9499,3.5350476242818907e+49
9500,2.5389347727573305e+40
9501,3.651086745422026e+40
9502,1.0589488739392593e+40
9503,3.75662125314112e+39
9504,3.0906692826995736e+49
9505,2.5742040121240508e+48
9506,1.107070958704664e+47
9507,2.980978227518468e+48
9508,1.290835434551893e+47
9509,1.2620838924854186e+48
9510,5.090777907884352e+39
9511,3.950917911189477e+40
9512,1.549230981698984e+46
9513,1.35529142788655e+49
9514,2.3636646823066406e+39
9515,6.043564987102019e+46
9516,1.8898063132802453e+48
9517,4.6152412626761075e+39
9518,2.29259337656798e+48
9519,1.4194662605997094e+39
9520,1.3652917380896599e+50
9521,1.2049567274866129e+50
9522,1.1267538013143063e+42
9523,1.6234918209612063e+50
9524,1.2495364587351256e+40
9525,1.3056200203732791e+48
9526,1.381043437000611e+36
9527,1.2413633109117054e+39
9528,1.608746766063989e+50
9529,1.0704613601475343e+37
9530,1.6758677132380087e+42
9531,1.5578083406757366e+50
9532,1.3129101820163507e+46
9533,1.373891242397362e+50
9534,1.535035688725503e+50
9535,1.349331097642444e+50
9536,4.2630224126713425e+48
9537,2.6925669841031e+44
9538,6.382719202583539e+49
9539,1.3014931561830471e+45
9540,1.5133050234085046e+50
9541,3.31557006711038e+37
9542,8.208888855205497e+48
9543,1.4219277238192746e+48
9544,2.3938133968125563e+36
9545,6.088241338184458e+49
9546,3.543203881940432e+48
9547,1.1613406443412065e+50
9548,1.2715265397839862e+41
9549,3.084990736038105e+37
9550,7.53200000142329e+40
9551,5.978454933160989e+48
9552,2.0487927431137532e+48
9553,2.292555768109515e+40
9554,1.2595081681264407e+50
9555,3.596839996783173e+48
9556,1.3479165070216999e+50
9557,2.2089623754125562e+47
9558,1.746180845778096e+43
9559,1.2151561441680113e+50
9560,2.2493522931813979e+49
9561,6.503242835329882e+43
9562,6.96503521254793e+38
9563,1.7634459164142405e+45
9564,1.143596801834102e+46
9565,4.263833464628859e+45
9566,2.5498759782427982e+42
9567,5.597078635921136e+48
9568,1.3546528085036072e+38
9569,9.538150643146367e+44
9570,8.519543585049818e+38
9571,2.461233813498544e+49
9572,4.195112415553179e+49
9573,1.4969629068120055e+37
9574,5.995030577031467e+36
9575,1.4810983759137313e+42
9576,2.9985315653984724e+48
9577,1.345823902801797e+50
9578,8.433278802686974e+49
9579,5.6490052804889065e+45
9580,4.143970832065138e+38
9581,4.052544252741805e+45
9582,9.9991081421953e+49
9583,1.6058894747240674e+38
9584,1.4013687966340077e+50
9585,2.383107746149245e+49
9586,3.7822132972511473e+49
9587,6.485715480079768e+45
9588,5.177671628136369e+46
9589,1.8398649654960346e+47
9590,1.3271835880564909e+50
9591,1.5880976435912708e+38
9592,1.2383685327697463e+50
9593,2.0082897958072016e+45
9594,2.675685865788452e+37
9595,2.078876888564781e+42
9596,9.034153516418007e+49
9597,3.752256417217635e+45
9598,2.1704461498985648e+48
9599,6.353526252260625e+49
9600,2.0674184952228268e+46
9601,8.904803295118541e+49
9602,5.968032340572966e+36
9603,2.481896573560967e+49
9604,4.4997563138609376e+49
9605,7.917918473079017e+49
9606,1.615750247656991e+50
9607,8.678286719881262e+39
9608,7.216000861495173e+42
9609,3.3167280041659742e+47
9610,2.466369228475217e+49
9611,5.997033626529528e+49
9612,2.439920977440593e+41
9613,5.1704996313986615e+45
9614,5.325251561818407e+46
9615,1.559816955053995e+50
9616,1.6581788966820222e+41
9617,8.8163724640138e+36
9618,1.1943895286353863e+40
9619,1.616922450883196e+50
9620,1.0237700851759428e+49
9621,1.3060828989359482e+40
9622,1.2927682417261155e+40
9623,1.3884108964109876e+44
9624,2.2310101819409698e+49
9625,6.179877480083446e+37
9626,8.241753483200651e+40
9627,1.5986093326718411e+50
9628,7.445888682875024e+37
9629,2.61008085685778e+44
9630,6.995061821606555e+48
9631,3.1738761984077716e+46
9632,1.0771954399996178e+50
9633,9.532140394092036e+49
9634,3.0398220184568877e+43
9635,1.6647178430612677e+49
9636,8.123027780500665e+37
9637,2.3241041283308437e+49
9638,1.4215211409910977e+50
9639,1.4103428977056918e+50
9640,1.6225310406208997e+50
9641,7.172505963590915e+49
9642,2.1371756045124684e+40
9643,1.242458467441559e+47
9644,1.0640149214358452e+50
9645,1.1455330853675898e+48
9646,1.1555401656643412e+48
9647,6.41588268532139e+49
9648,1.3710731429937114e+48
9649,2.0843113290701434e+49
9650,8.116011001859338e+37
9651,1.1957525025648917e+48
9652,5.93498808610783e+49
9653,2.4798268367622582e+42
9654,2.8887314631036287e+49
9655,7.595387243178233e+47
9656,4.425549451169521e+49
9657,1.179332282458525e+40
9658,1.42828456407258e+50
9659,3.753740257521862e+45
9660,1.073422797860248e+50
9661,9.011452640766483e+48
9662,1.4614885590779321e+43
9663,6.732701314171555e+48
9664,1.4858548855182115e+40
9665,6.796747459492934e+48
9666,4.730633564877892e+39
9667,9.040686810162752e+48
9668,1.2046488072226428e+48
9669,2.391295916955998e+43
9670,2.9154029384096774e+49
9671,9.963837008545123e+49
9672,5.259366934166499e+49
9673,5.271124574853425e+45
9674,3.6626335139828894e+48
9675,2.581622680614073e+49
9676,2.598400451534609e+49
9677,3.765119106448465e+49
9678,2.69378871680446e+45
9679,1.362508006652331e+46
9680,2.234466522600855e+43
9681,6.515924077163937e+46
9682,2.425859550478231e+49
9683,1.6228210697494965e+50
9684,3.000484604052774e+49
9685,3.101685344139599e+49
9686,4.2226938904425645e+40
9687,1.4579996006271766e+50
9688,4.277990710419724e+44
9689,5.426843954993669e+36
9690,5.644797201067806e+49
9691,3.174465844150633e+48
9692,5.092859607221956e+43
9693,1.5430442500062438e+50
9694,1.4613448603612018e+50
9695,6.160442928651305e+49
9696,3.605556157612975e+44
9697,1.1299524791188277e+50
9698,1.381376470780698e+50
9699,2.5073165451569307e+39
9700,1.346231847814936e+50
9701,7.693926593329048e+45
9702,3.246058074828753e+47
9703,2.98486866122127e+49
9704,1.5305448253977902e+50
9705,3.31151413032836e+47
9706,7.835571495653083e+48
9707,7.747246128516754e+37
9708,6.704901940897495e+39
9709,1.6977872415418013e+49
9710,1.076765698771143e+46
9711,4.854707221233031e+47
9712,1.0759981760429698e+39
9713,3.957388869932181e+48
9714,1.0094824513828447e+42
9715,7.319204249847582e+49
9716,1.7715820411777898e+39
9717,2.4483188236587065e+46
9718,7.446330986105825e+48
9719,1.6226577197163597e+50
9720,4.3398695778476073e+49
9721,7.350117602424111e+49
9722,5.070340050195323e+49
9723,1.4195882051896034e+50
9724,1.507168261874552e+50
9725,1.8003475196648517e+42
9726,6.881915788886137e+37
9727,3.2698482374064683e+38
9728,3.684220936693657e+48
9729,1.1564136228593388e+43
9730,3.639178311597362e+41
9731,3.8444135654588474e+43
9732,1.4289694227373856e+41
9733,6.086971211107146e+41
9734,8.820115380704922e+42
9735,1.250838670272305e+50
9736,3.8252182162579624e+38
9737,2.1341800373067552e+49
9738,5.308959243115819e+44
9739,7.594890197860988e+42
9740,2.611342878519268e+45
9741,2.3404311450193864e+40
9742,1.1491232574994316e+41
9743,9.002163868166855e+48
9744,2.5237044665220455e+48
9745,2.258985281446998e+48
9746,9.541814349075399e+49
9747,1.190851426740713e+50
9748,4.880770382717713e+49
9749,1.5786861524709508e+50
9750,2.0324354636879343e+45
9751,1.3063585722696194e+48
9752,5.488283689131215e+47
9753,1.7555620736895874e+48
9754,1.483997208360133e+43
9755,1.620149490655275e+50
9756,1.1044059753263936e+47
9757,6.712961995336984e+47
9758,1.621324062979824e+50
9759,3.83128718444221e+49
9760,1.821152388685289e+44
9761,7.564951491068468e+49
9762,1.0158227917539498e+48
9763,1.514141851162627e+50
9764,1.6313539166453026e+49
9765,1.5111824347276333e+50
9766,1.5474060470101136e+49
9767,1.2235000635175897e+49
9768,2.479960504334266e+49
9769,1.7104152188217278e+49
9770,1.5267676072314174e+50
9771,1.2104295317968053e+36
9772,1.1009150103989163e+50
9773,3.2258800391334537e+36
9774,9.86918295468953e+49
9775,7.837980834772746e+46
9776,3.881942688124634e+44
9777,1.0587784693174451e+49
9778,5.547807969314814e+47
9779,6.92866909084942e+49
9780,1.0306704458512048e+50
9781,1.5154376095602658e+41
9782,3.249867915102055e+41
9783,9.098259169294031e+47
9784,1.0752050794821603e+50
9785,2.401096438830379e+49
9786,3.939204160207777e+43
9787,7.876355601927346e+39
9788,4.123553655815196e+48
9789,9.583049935129239e+45
9790,5.026390737040649e+38
9791,1.5386184498676302e+48
9792,3.058033698493727e+45
9793,1.5366433584108952e+50
9794,2.3528060448789006e+38
9795,1.329419331189151e+45
9796,1.5024682731516714e+47
9797,4.168191765213302e+49
9798,3.1177743669214767e+41
9799,1.3313028043932384e+42
9800,2.292784935094623e+39
9801,3.228608173424897e+37
9802,1.0419324787080905e+50
9803,2.2347272503640252e+48
9804,6.623746880691531e+49
9805,5.31365230322977e+49
9806,7.700965700792359e+41
9807,7.042470592332942e+36
9808,5.971200875913467e+49
9809,1.6233418265580338e+50
9810,1.2030112191598875e+49
9811,7.713343738209877e+49
9812,1.730732170849508e+49
9813,1.0775153491417893e+50
9814,8.843318825898343e+46
9815,2.0783440380563422e+40
9816,5.412045732735058e+49
9817,1.35792064180933e+49
9818,1.1187369516687106e+50
9819,5.588083379475361e+46
9820,1.9222743990516002e+49
9821,2.3233082116330684e+48
9822,2.6791983618640684e+40
9823,6.597719469149476e+44
9824,1.3602426967999156e+50
9825,6.00254668457324e+38
9826,9.75813092109432e+49
9827,1.960640132176039e+46
9828,1.2726565869536385e+37
9829,6.2764191254042824e+47
9830,6.924898119339627e+49
9831,2.943225952560772e+42
9832,7.78629751689462e+43
9833,1.0805509909807539e+47
9834,4.729171448476895e+38
9835,2.4601807094249093e+49
9836,1.0831177176537595e+41
9837,1.3192977045240448e+50
9838,5.179372549288577e+48
9839,7.756951246751536e+38
9840,1.4183972406558168e+45
9841,1.7229709320118504e+37
9842,1.3494537830474413e+48
9843,1.7218030563851984e+41
9844,9.330691486291659e+48
9845,4.5033892603088753e+48
9846,2.654950616985128e+45
9847,1.788918731992713e+48
9848,1.409686081731705e+50
9849,3.8336956321041585e+49
9850,3.712696069912677e+48
9851,1.191413000655557e+47
9852,1.6151661957815324e+50
9853,7.011612985205294e+49
9854,1.3533636186520535e+50
9855,1.2521185105923819e+39
9856,9.756451752937887e+40
9857,6.724780372989508e+39
9858,2.046694935732932e+40
9859,5.010136602751667e+46
9860,4.5658073525301826e+39
9861,5.798337708023343e+39
9862,1.605902119970516e+50
9863,1.956070654442097e+47
9864,7.712330850199144e+48
9865,3.259431412741234e+49
9866,6.051016643716438e+36
9867,3.116371436508924e+46
9868,3.988383813645444e+45
9869,1.3212751619650733e+48
9870,3.1596125785877167e+49
9871,1.325271109603155e+50
9872,2.1893000406722066e+47
9873,7.933140084009128e+49
9874,6.733616692433222e+48
9875,5.690927174323737e+49
9876,1.425734944975513e+37
9877,2.072646797995506e+45
9878,4.049854247880846e+41
9879,7.691512887756006e+42
9880,3.3375981354391115e+49
9881,5.342572578871822e+46
9882,9.519687343765714e+48
9883,3.7399529379742735e+46
9884,2.528244783410569e+44
9885,5.363455674350675e+48
9886,1.6216691304113643e+50
9887,9.288722287490433e+41
9888,1.6232258189884624e+50
9889,7.192883654417705e+48
9890,3.2879129820111097e+37
9891,1.200566584002174e+50
9892,2.6442474594574943e+47
9893,1.2518718272779848e+39
9894,2.3696457632318944e+43
9895,2.8816323473233044e+45
9896,1.754270918987316e+38
9897,9.278567405818091e+41
9898,3.1503209745069335e+41
9899,3.166290148097336e+48
9900,1.4491760799211076e+50
9901,1.1766749737849838e+50
9902,6.669478577648764e+44
9903,4.426897561494101e+40
9904,1.7548814264507284e+41
9905,4.2786122898713744e+48
9906,1.6221772987291399e+50
9907,8.786942129573441e+45
9908,3.0944814240281418e+37
9909,5.24167770941074e+48
9910,6.1059944335862924e+44
9911,1.2812971543080226e+50
9912,9.587571471983546e+49
9913,3.827912641909212e+49
9914,2.3065224905653993e+47
9915,4.630346837822985e+47
9916,1.1374294227861566e+50
9917,1.7230806738148137e+48
9918,2.2480793067705487e+49
9919,6.597843609390872e+40
9920,4.893100593153684e+46
9921,1.5732445636213327e+50
9922,2.8957301460235484e+49
9923,2.388239475068869e+43
9924,2.2988560662245448e+39
9925,1.4594192118676615e+41
9926,1.1136184940806516e+41
9927,1.4442089752825303e+50
9928,6.359837218147562e+49
9929,5.98597424661354e+49
9930,7.790510485461561e+49
9931,8.868196790453399e+49
9932,6.155958542580014e+49
9933,9.429370422143129e+36
9934,1.2914710930064473e+41
9935,6.7443160045947004e+38
9936,7.84154708679908e+44
9937,1.941850919891435e+44
9938,1.697045137503441e+43
9939,3.477296856958478e+47
9940,7.474623328968873e+49
9941,1.6092947446204725e+50
9942,5.60686122291768e+49
9943,1.0851006281321657e+45
9944,2.700950953910749e+42
9945,6.324323871990465e+49
9946,1.3539541571926012e+50
9947,1.5641843871469375e+50
9948,8.3108906128128e+44
9949,5.876307294281e+46
9950,1.1142413822254497e+50
9951,2.7810485460466475e+43
9952,3.4682826431260394e+47
9953,2.050114904965014e+39
9954,4.678736833394616e+43
9955,6.336839087233356e+43
9956,4.153024472085688e+47
9957,1.2909961762015252e+46
9958,5.321533956228032e+36
9959,1.532592013676052e+47
9960,3.120992846464356e+49
9961,2.2354879439779937e+43
9962,3.6096227769773446e+42
9963,2.413110009966119e+47
9964,8.727709425271417e+49
9965,1.4207199683620202e+49
9966,1.9565650916582203e+44
9967,4.695119090023266e+47
9968,6.027141570595511e+48
9969,3.1877147127657885e+40
9970,5.039086088938002e+38
9971,1.2256837382862304e+49
9972,1.1935756534191212e+38
9973,4.2810000087506966e+45
9974,1.0819572861380068e+50
9975,6.774479515298922e+46
9976,3.4371725542969464e+45
9977,2.3544731377387892e+42
9978,1.6157754558151774e+50
9979,8.877190977331636e+48
9980,7.429937421942559e+47
9981,1.5915153042615092e+50
9982,1.4081129897710041e+40
9983,6.318707484235567e+37
9984,1.5539117640661494e+43
9985,1.473577807941947e+41
9986,1.2008946560026257e+44
9987,6.259056999502225e+44
9988,8.040620328443623e+37
9989,3.162785458614509e+49
9990,4.2991590601644226e+48
9991,1.0208684820378341e+49
9992,9.401678548480099e+48
9993,7.245628692972959e+47
9994,1.5834486758722728e+43
9995,3.8241611166623353e+48
9996,1.655524391230189e+44
9997,4.586801984247336e+46
9998,1.071995735874495e+44
9999,5.8281516783629654e+48
10000,1.30833323417681e+50
