,0
0,1.5088393345300753e+38
1,1.4815102322076483e+54
2,1.6782252679695698e+56
3,1.8327472689797517e+59
4,3.6847177643966515e+47
5,3.109088143398052e+43
6,5.548002991308615e+59
7,9.18826175298592e+56
8,2.4401730178280753e+54
9,1.5699207654571517e+58
10,5.2027164907982696e+48
11,6.618813762045422e+56
12,1.6774527584082245e+58
13,4.346295646868188e+59
14,4.235696339752819e+45
15,2.6965275306810643e+41
16,8.587266522503691e+57
17,6.17707060530557e+39
18,9.512033155340604e+52
19,2.1726513803722194e+59
20,4.254096752181883e+54
21,2.1449198254953532e+54
22,4.288161440534314e+37
23,3.0207886250757836e+52
24,3.5929991784199685e+59
25,5.2563848198351665e+37
26,9.098446316117778e+55
27,3.826559113778419e+56
28,2.362885692896202e+59
29,2.1140305729495357e+38
30,2.35270538022753e+51
31,2.2619814600228546e+59
32,4.662166617885238e+57
33,1.117024107928587e+42
34,8.273920256109945e+52
35,3.188317244784194e+42
36,1.3225825000186808e+55
37,1.006404306446334e+43
38,4.70598810198308e+59
39,1.6679933112646263e+46
40,4.255126313828449e+56
41,2.079557725236686e+40
42,2.7925938398576763e+49
43,2.3910841075312657e+51
44,1.026390893413891e+59
45,2.5834966464644926e+54
46,1.8684305213835361e+55
47,1.600350728680889e+57
48,1.0944213675865168e+58
49,2.044123429629355e+43
50,1.334767500509524e+56
51,6.17396985233798e+51
52,3.854968172004755e+46
53,1.2225721633013329e+60
54,5.385873339255816e+40
55,1.3675404690342704e+47
56,9.467630332427418e+59
57,5.431932491062336e+53
58,1.0665339771495724e+56
59,7.033644008979913e+44
60,5.590445271864548e+55
61,4.4613087166300935e+55
62,3.370396079051244e+41
63,2.2548459684534654e+45
64,8.555494237055214e+58
65,1.5873683996568578e+58
66,2.9134623238586054e+55
67,6.861878891523784e+58
68,1.9015708780849518e+54
69,8.003048092847292e+57
70,1.0912461811443987e+60
71,8.647292322496455e+37
72,2.0310857238093834e+42
73,4.0682782575398954e+45
74,6.2079842283271746e+44
75,2.5391103327481172e+57
76,1.0103941842951412e+60
77,5.989452250124044e+59
78,1.4175115561956448e+45
79,3.52779174249925e+59
80,5.671073397483119e+52
81,3.186652134641318e+58
82,5.304010810943117e+36
83,9.691070904942435e+59
84,1.3521979757746338e+60
85,1.9708170215677533e+54
86,9.63062533256521e+58
87,2.2625880841083322e+45
88,1.5819205287949294e+59
89,4.397688454506405e+54
90,2.609191623354981e+50
91,3.187399222663459e+57
92,6.440217258794758e+38
93,4.827676814411659e+43
94,2.4708788724924125e+58
95,1.1874582466635103e+54
96,9.128945969463298e+42
97,2.2441908101092943e+59
98,9.217639987861262e+39
99,1.9828072724505117e+43
100,2.2938848829682365e+59
101,4.491527986485048e+59
102,1.4454007521152189e+50
103,9.142045058004263e+33
104,2.863987454919507e+59
105,6.685058181167351e+51
106,2.6694384621804697e+37
107,1.9717593216967153e+44
108,5.329576291006433e+49
109,2.124716516915534e+49
110,1.3473811984430027e+54
111,1.2181242741244002e+43
112,8.65453687061895e+52
113,3.245286506422711e+57
114,6.114882457228469e+45
115,4.966239915080616e+59
116,1.808327147310382e+55
117,8.376478605401397e+59
118,1.2805091250968887e+37
119,5.408060069561638e+52
120,2.6568613775725967e+54
121,3.577225450154585e+54
122,6.561423860728666e+59
123,2.5836363875209633e+42
124,5.749899957678282e+43
125,2.9483743837518455e+37
126,6.671757325457738e+58
127,5.3620187043685444e+38
128,4.887340045970357e+59
129,1.322085634413769e+59
130,8.285119706169836e+42
131,7.43110424415493e+52
132,1.0749821316067856e+47
133,3.952395143391672e+36
134,4.677681222991601e+40
135,2.9644080140183e+41
136,1.6111558298641413e+59
137,5.04474546564264e+53
138,1.2466949164507957e+53
139,3.689906830439839e+53
140,3.49084085302463e+48
141,4.5865780812297775e+57
142,5.170096999718407e+59
143,5.2842074653003074e+48
144,6.625982534896302e+36
145,4.5318277512948134e+49
146,1.668172231196083e+53
147,1.7113021848616366e+58
148,5.5077862503289695e+59
149,5.925336691031133e+58
150,9.670664247585904e+59
151,1.4427567616317567e+38
152,2.2489937705464103e+52
153,3.5769808221989794e+37
154,3.4085487434427774e+51
155,1.6657352697839457e+53
156,1.0503943086268004e+56
157,5.061096241188315e+43
158,9.765737611090865e+51
159,4.88767824836834e+41
160,3.564897837816276e+39
161,1.110722297767084e+44
162,2.34281691738201e+58
163,8.296900638774196e+59
164,1.4776634819971782e+59
165,4.6794909433782625e+59
166,5.231916790150543e+56
167,3.5377614257712385e+59
168,9.457216262444381e+59
169,4.734194781820034e+45
170,1.402922771285751e+42
171,5.334323724298429e+44
172,1.4428303873121146e+52
173,2.457705384512589e+46
174,3.643572999741251e+46
175,4.275717028898776e+56
176,1.4928932369589965e+52
177,7.876347291500865e+58
178,2.6887102719613868e+57
179,7.590230971950554e+57
180,1.2978391444022961e+41
181,1.0100272994625122e+39
182,3.6490554176127705e+56
183,2.3414970579111486e+43
184,9.043944922012373e+36
185,1.1593507706060752e+45
186,1.0009611882817628e+39
187,7.453109272566313e+56
188,1.3417811874243377e+43
189,6.709617494668556e+42
190,3.5833765744830977e+58
191,3.828854805220903e+45
192,2.6604281949841063e+35
193,2.9785583437779762e+51
194,2.1700159231163838e+40
195,9.864132875967333e+55
196,1.8172737785721303e+45
197,1.755846282389729e+57
198,1.2179233851350875e+36
199,1.6771845999627772e+42
200,4.2217802034747535e+40
201,1.006857522906889e+39
202,5.846124550218647e+47
203,5.2091572102594105e+50
204,5.660951556362462e+59
205,4.678864897268471e+41
206,6.1172654511866245e+54
207,7.964729042478104e+58
208,5.273275998545182e+45
209,4.526492281695796e+59
210,1.0536234706620175e+59
211,4.451673942056076e+51
212,6.831766263283088e+52
213,2.9732431752941905e+50
214,4.983711955475018e+53
215,1.445618664466233e+55
216,9.096285732365063e+53
217,2.0101717383770698e+54
218,3.619881801858957e+51
219,1.2378765046195642e+53
220,5.500528389920363e+59
221,1.174618701149789e+60
222,1.2917681607990096e+60
223,1.8394808544196388e+58
224,1.5783263190801488e+43
225,2.8243759566722215e+59
226,3.3815963101030906e+59
227,2.067969435775029e+44
228,8.434497702292112e+56
229,2.1865834865666975e+50
230,7.365777839069609e+44
231,5.548072971564502e+39
232,6.915016594411436e+45
233,1.9832820477923036e+49
234,1.2314845002510813e+59
235,6.8681594089414484e+59
236,7.60153197115213e+52
237,3.792218585300897e+51
238,3.696244361960463e+41
239,8.16429138736657e+55
240,2.818668845126366e+55
241,6.369836106971362e+28
242,7.1365273402099675e+59
243,5.413677324531642e+54
244,1.764127056747224e+36
245,1.010592426559999e+58
246,5.123751780465748e+52
247,2.029624870224272e+56
248,1.7498930804388148e+36
249,8.968937927468055e+42
250,1.1682529425065666e+38
251,3.777727711891438e+35
252,5.3758883245159e+51
253,1.5818083771232177e+43
254,1.4261381702313905e+55
255,1.0644103089462026e+59
256,1.8998786139314862e+49
257,2.993741690112142e+59
258,1.0320522327107958e+59
259,1.0718917042697308e+60
260,8.59534757418823e+59
261,6.851159842829225e+58
262,1.6169370582103455e+55
263,1.5231486581770874e+38
264,1.6322307381372466e+58
265,1.0716111415588935e+59
266,2.6548306294805905e+37
267,4.242405889351356e+45
268,8.82969095903046e+42
269,7.797337562557388e+51
270,2.2308627356712255e+45
271,1.733332254854363e+54
272,1.0729586845471023e+59
273,1.3593232203729652e+50
274,1.1412630145835911e+44
275,3.2080466210245336e+38
276,1.0055456933255989e+51
277,4.996649930698448e+54
278,2.7346282817121856e+52
279,2.4392359257893656e+57
280,3.2257018576513465e+51
281,6.14037238564306e+36
282,9.59512873594128e+36
283,3.2107293930960077e+37
284,1.878481407200804e+54
285,4.2317042366599625e+57
286,6000.149931777366
287,1.3201492602650976e+41
288,1.4539706602231058e+58
289,5.719081441698132e+49
290,1.1624086901918345e+42
291,1.972734746019713e+53
292,6.193938774444815e+44
293,3.8305190972880717e+58
294,2.8604053636489776e+35
295,6.005092991445945e+58
296,5.086026611240371e+57
297,1.4864062710812747e+51
298,1.03770057500397e+47
299,8.671686351902733e+46
300,3.6126652987926367e+56
301,2.418004542446835e+46
302,2.7134014160896437e+36
303,2.8119309257758075e+54
304,1.1556151910852967e+38
305,8.026455707823359e+38
306,2.1001642274938234e+39
307,2.3202194103066e+45
308,4.808954086571167e+44
309,1.0947080514470075e+60
310,3.315368033236694e+58
311,2.264287132431599e+59
312,6.250346180486613e+50
313,3.947247031330762e+50
314,2.864381870251567e+59
315,4.008173986347849e+46
316,5.271397831753276e+55
317,2.6611103293341013e+59
318,1.4811374901529104e+59
319,7.155750885865559e+54
320,3.2830738189687615e+47
321,4.748245301923554e+42
322,5.490306301949908e+58
323,3.39450869520188e+55
324,7.58328250343672e+59
325,4.5434748129271637e+46
326,1.5769841920881695e+54
327,1.134444402132858e+59
328,2.25401519659437e+47
329,2.369260429626554e+56
330,4.70461717756093e+49
331,1.5441085625919166e+53
332,2.258345824929413e+34
333,5.289475222683721e+59
334,5.881540906466949e+45
335,1.0196247578950406e+59
336,3.490229327823111e+55
337,6.1298434450756725e+53
338,2.4926261889661393e+39
339,4.168317100496211e+38
340,1.0160591450486517e+41
341,8.123381907507207e+37
342,1.2178755077155496e+42
343,4.114342247376174e+49
344,5.742106373226784e+39
345,5.183031803694186e+47
346,3.1702320634425925e+52
347,2.784635041364435e+44
348,4.300610330819119e+44
349,3.8437361931048884e+44
350,5.550867265086935e+55
351,4.545099354302891e+59
352,3.5380003579253085e+49
353,1.6638689024593883e+57
354,4.7513302343999595e+52
355,6.188589362897094e+55
356,9.665814061341272e+57
357,5.910935152194234e+37
358,3.789128982303885e+59
359,2.1640026147065946e+36
360,4.4810536209298236e+52
361,7.702840183040903e+51
362,1.9384671796753317e+41
363,4.3545620477160745e+57
364,3.665975283480207e+41
365,4.616021175663401e+38
366,6.784322778617784e+38
367,2.8397453970203864e+56
368,2.1844044041190785e+54
369,3.152205620059111e+56
370,3.650014797848385e+59
371,8.625833411203747e+55
372,4.448156451844808e+51
373,1.2301296168700922e+43
374,4.809186577034354e+57
375,1.3025949910968186e+56
376,4.167577136863137e+54
377,7.66001685644647e+58
378,3.835562301235815e+58
379,2.0009307274770778e+53
380,1.055567685069581e+53
381,4.675811253904771e+58
382,8.648689458377845e+59
383,2.4266183435999884e+59
384,2.3111403296090173e+55
385,3.679303328638436e+59
386,6.089055642665229e+51
387,1.9616764336402768e+41
388,7.571487160933555e+45
389,3.510451393940918e+58
390,1.1768194065675027e+48
391,3.110002829698198e+58
392,9.849311391874848e+39
393,3.353440773663868e+55
394,6.869784632456338e+58
395,1.4893770523851925e+54
396,2.8130399761328777e+33
397,4.955150465691497e+55
398,1.0816640978252034e+47
399,4.462678427469533e+53
400,4.323107325824093e+44
401,1.2556953909841883e+58
402,2.3329015123332453e+39
403,1.497021208039391e+50
404,9.711954297598125e+39
405,7.714708295699642e+51
406,1.610570379314497e+59
407,6.063921472444264e+35
408,6.07322056028901e+58
409,7.773517685485883e+59
410,4.779236404008458e+58
411,1.2815881810295952e+58
412,1.0287368954281565e+44
413,1.2278564247181293e+58
414,4.803758184978906e+39
415,4.255215020208782e+50
416,8.583089414910911e+47
417,8.937113403891704e+51
418,1.0897463680689475e+48
419,1.592959116774978e+54
420,1.1211208339433522e+42
421,3.508206224362992e+56
422,6.658414150430414e+40
423,1.5729831249218566e+57
424,2.5815260257669888e+48
425,3.8586485531052076e+35
426,1.673208848526774e+39
427,1.0986716073304961e+57
428,7.232004162877821e+59
429,2.4609321215319803e+58
430,2.559344406497776e+57
431,2.2295406480594435e+42
432,5.717453836295834e+51
433,6.846202014757827e+38
434,3.8167116891460787e+37
435,5.908713799698801e+36
436,3.265785102306569e+54
437,3.1609108028481553e+50
438,2.3000045701803073e+41
439,5.665626716119978e+53
440,7.664134354156769e+59
441,3.1316285224066435e+52
442,1.7863112946111065e+55
443,1.683078261290494e+59
444,2.4206299278809142e+45
445,5.5195763037378945e+44
446,1.1746156451496816e+57
447,5.783257301770179e+58
448,5.901233613494239e+56
449,1.8459146929498448e+51
450,5.452894600958636e+35
451,4.420421970315873e+55
452,1.1581937526518524e+39
453,2.210000196696132e+46
454,4.138624412676017e+54
455,3.12199198684271e+56
456,6.864930466709364e+56
457,8.9086971484567e+59
458,5.209376000076322e+56
459,6.042685167837861e+55
460,1.89494345308064e+59
461,2.3377665035552482e+49
462,1.1463815717546575e+50
463,2.812875705132936e+39
464,5.400207075760207e+35
465,9.432834671390935e+52
466,2.890860951214633e+46
467,1.6849369798831219e+47
468,3.023613145651348e+58
469,5.862044310436384e+59
470,1.1160932339271866e+49
471,4.979799711583517e+56
472,3.2676824687099037e+55
473,7.161433949188148e+59
474,1.0199463830894874e+60
475,5.110888782678188e+58
476,9.101693668781233e+59
477,4.7901345960343e+40
478,1.587679409386303e+49
479,5.8327730831462305e+57
480,1.4568300820547996e+58
481,5.65303901722776e+47
482,7.276218551988733e+40
483,3.198039198624657e+57
484,3.3309527521507827e+52
485,2.1138807157335337e+39
486,3.9024921132284107e+58
487,8.144046076205266e+48
488,1.6790142127675692e+43
489,3.937506508583043e+59
490,2.2789357794960207e+59
491,6.737332007129069e+38
492,2.410043360956388e+37
493,3.409875460755894e+40
494,2.418404278379313e+43
495,2.3903132168045025e+53
496,2.0987986099656038e+59
497,2.4231796611710496e+38
498,2.1215125574082366e+55
499,2.802254800711794e+39
500,1.9263756936315252e+48
501,1.4438245343437502e+39
502,7.972170737680659e+40
503,5.941082209416349e+40
504,4.739746208440836e+59
505,2.5455568864110964e+54
506,9.211639144154412e+58
507,1.3737964979758195e+49
508,1.6934159162086572e+52
509,7.50402735904641e+56
510,3.2304837137615897e+59
511,2.0835139071375544e+41
512,4.9915715006403643e+36
513,1.4569411559594434e+54
514,9.71499952586263e+37
515,4.7165943505005936e+41
516,1.4609981276017427e+55
517,1.3306271724706473e+46
518,3.568734383953717e+51
519,2.528758269529156e+59
520,2.6757423336507423e+40
521,8.75110797410923e+42
522,8.510234649898786e+58
523,3.9761028778143196e+39
524,2.8716999273070996e+59
525,6.04989848157109e+57
526,6.522362983641988e+59
527,7.69308497725444e+59
528,1.0174250330594138e+59
529,1.5592433054636023e+59
530,1.5888333370843251e+43
531,8.975070782266751e+54
532,1.2139909246174556e+59
533,2.7755918412344596e+38
534,5.6277492446708905e+50
535,2.781711556280432e+52
536,6.90324674742208e+57
537,6.4699603173237155e+59
538,1.6000204694792157e+54
539,9.897723274053159e+42
540,1.97149691827615e+47
541,7.831152977333594e+59
542,2.8330493229345187e+54
543,2.9029401218336217e+40
544,2.670319078573199e+58
545,2.537544236858281e+45
546,2.1740982592634422e+49
547,1.588618549548893e+42
548,1.0955950529541696e+60
549,3.454267245187263e+49
550,3.798047084961103e+37
551,8.653929287331456e+59
552,4.472632557879131e+45
553,1.878574254252737e+54
554,8.168429939593996e+52
555,1.0485338016937942e+43
556,3.319664955182528e+57
557,2.373922624974961e+43
558,5.10861853762434e+38
559,8.690718777697574e+53
560,8.304064323569085e+56
561,2.232683181604546e+43
562,6.0273660356547445e+47
563,1.4120702149792463e+50
564,6.440938515318167e+59
565,9.821342223101703e+36
566,1.799625927098524e+52
567,5.9634351816940195e+51
568,2.710780899645927e+44
569,8.377917340883364e+47
570,7.142980722319881e+35
571,2.3833420251029723e+57
572,5.648999490016819e+53
573,2.256041891906945e+37
574,3.2046553147940013e+53
575,9.827824574815554e+55
576,2.7574062741223426e+36
577,3.8694654703842695e+58
578,5.142369189289525e+37
579,2.348370188042336e+52
580,2.258686007093342e+54
581,6.789231872013912e+56
582,7.940170243569406e+59
583,8.62155585177095e+38
584,2.442559757465399e+47
585,1.6130923865773584e+55
586,5.96922868980556e+53
587,3.4617874692652773e+47
588,8.357585454675511e+45
589,6.253124823045122e+39
590,1.6138745392056984e+43
591,3.1686519273793644e+46
592,1.7368463874028439e+53
593,3.00402722249021e+39
594,3.5306618329673227e+59
595,1.2516420427651537e+47
596,8.76397878203791e+50
597,7.398152844196004e+54
598,3.4821895229899943e+54
599,3.1140303601321555e+46
600,6.009305130026266e+47
601,9.049132434225135e+58
602,4.709754730349223e+46
603,6.404055542588987e+38
604,4.0297353438601054e+46
605,5.285169975625766e+35
606,9.384163044062163e+38
607,2.92893015596098e+59
608,5.112265016782765e+58
609,7.254468251823681e+59
610,9.938291992625486e+58
611,9.955697725379226e+47
612,2.267802574054936e+40
613,1.3840119627218492e+44
614,1.7772635384652929e+49
615,1.8900531454565868e+40
616,8.894073784237551e+54
617,3.0586125071525876e+57
618,1.8064423390379525e+59
619,2.3395830548738454e+59
620,3.2347343421123915e+37
621,1.6570755771971486e+48
622,8.421286711801464e+46
623,1.2180890689572367e+46
624,2.119148386550083e+59
625,5.486725772389043e+50
626,1.70375825711415e+43
627,2.5137126406848273e+48
628,2.6853144649181296e+56
629,8.911798045123252e+40
630,5.6950015420610005e+45
631,7.394272146241443e+48
632,4.173784936209793e+50
633,3.6341322801029744e+55
634,8.800228750877168e+57
635,1.848123567889932e+39
636,4.0563046598496896e+45
637,6.365429302719266e+41
638,3.3054967291564397e+52
639,1.284979718498123e+40
640,4.538436672785019e+58
641,8.835442232618005e+53
642,2.2395753382397647e+48
643,2.212819765871337e+43
644,6.363167389314994e+46
645,2.2000412977321235e+58
646,3.0944665043253754e+57
647,2.55232699424917e+47
648,2.6415725591241895e+59
649,2.817139926896856e+40
650,7.231373869194584e+44
651,1.3762709438574177e+36
652,6.623523285169302e+51
653,7.050122431273927e+50
654,3.443861561904517e+44
655,2.6017951869220342e+57
656,2.248042788883911e+47
657,9.447350611625821e+52
658,4.37822283830116e+52
659,1.9042018203258416e+59
660,8.566770230328667e+54
661,8.314819923720532e+38
662,1.00286885172423e+59
663,6.579305939320187e+58
664,2.6853679006464844e+49
665,1.806061760201354e+58
666,5.819483678440179e+59
667,1.1620238126035235e+57
668,1.3166829213024507e+57
669,7.314868014535509e+58
670,8.648192748368254e+57
671,4.611597095361889e+50
672,2.434406532992478e+40
673,4.8104171510354056e+42
674,5.781752269484436e+42
675,2.9638237599611506e+43
676,3.580572637965611e+44
677,2.2218875205160355e+56
678,3.2936778912027163e+47
679,3.0749822749419983e+56
680,4.975313744003133e+46
681,6.913687316249617e+57
682,8.151840651217913e+58
683,5.396190295858129e+58
684,1.292956011098373e+60
685,2.0772269773574353e+43
686,1.642155567327386e+41
687,8.479625694042643e+57
688,5.944992484190281e+56
689,4.390255661221928e+47
690,4.904991236761358e+38
691,2.1027047556842843e+51
692,5.487501380001346e+40
693,5.376384523461164e+59
694,1.1787354679023336e+46
695,1.1031342445162823e+58
696,5.897749182502588e+51
697,6.056793553435431e+56
698,1.6088690820110437e+59
699,1.0460514020105708e+39
700,2.995616822114974e+36
701,9.551456054479915e+56
702,2.2902795767354637e+50
703,5.234899582942623e+43
704,1.6933882683413245e+55
705,1.8425225196241287e+43
706,6.116319442568993e+53
707,1.1040733556950884e+53
708,4.277538600771377e+42
709,1.6623547669915464e+51
710,2.202778858891627e+31
711,5.987145186371165e+50
712,5.170762726857739e+59
713,6.635782082111084e+36
714,6.41427441294567e+46
715,1.7278119731156647e+47
716,1.3758339476185995e+42
717,5.95470988914539e+42
718,1.6192509658716395e+44
719,2.1222230354524913e+36
720,9.862419997887872e+55
721,2.0233574765518673e+56
722,1.6340153497238663e+39
723,2.0664834241444068e+44
724,2.884497383082726e+38
725,3.4181898873694637e+56
726,1.529492601197788e+51
727,2.508894463851981e+48
728,2.4803856103127602e+50
729,2.7042702492362034e+38
730,1.9412593450299876e+59
731,2.8069327585106675e+56
732,7.809265269956163e+59
733,5.194665171601935e+52
734,4.7631718774196954e+57
735,3.759879051495882e+51
736,6.5447129331355445e+53
737,1.2553233617591186e+57
738,2.9706656263052385e+46
739,1.366109929264565e+53
740,7.182093555416734e+59
741,1.46868230616261e+40
742,3.584282383581186e+48
743,3.2592687838296846e+59
744,2.9736225750591157e+55
745,1.2268301079873012e+51
746,2.5345359730152185e+46
747,2.3867392722485822e+33
748,2.395686400500361e+55
749,3.513186891175163e+42
750,2.5579820225856173e+59
751,3.1705255538509853e+58
752,3.411421193324001e+48
753,1.3479312883394667e+44
754,6.618547117100998e+43
755,5.260748966783476e+53
756,8.062470158766818e+43
757,4.045999291958096e+47
758,2.0836541240286366e+57
759,4.0262489316291067e+46
760,1.699629858702292e+40
761,4.232098739743958e+59
762,2.861446448101261e+48
763,1.834649301454739e+59
764,5.633890649883452e+57
765,1.1437659919505556e+38
766,6.212433754502553e+35
767,7.910824748649507e+36
768,2.564243778351281e+36
769,5.157267134542752e+43
770,2.4191565248272737e+48
771,1.671281977230172e+43
772,4.520732434465692e+52
773,6.203445969123035e+58
774,1.5623818033105498e+59
775,7.385730199009186e+57
776,7.548926781726824e+39
777,1.6587477271966688e+53
778,2.293373854353928e+43
779,3.5948105032257515e+49
780,1.451960529720801e+38
781,1.4229421830656982e+42
782,6.2652763697925074e+35
783,5.6468803112124066e+54
784,2.328753092259098e+43
785,5.847609244023657e+46
786,8.949602725733915e+36
787,1.543990925925738e+58
788,1.2407845331442732e+40
789,1.0251001491026916e+57
790,2.3304391715688893e+53
791,1.3368227411031979e+37
792,4.155062563203011e+44
793,1.2012449112453423e+58
794,2.9064254981908424e+57
795,4.555315898829455e+31
796,1.2528949688334455e+60
797,1.0755113412264051e+57
798,1.9669588565673194e+59
799,1.401205664152338e+42
800,2.211581395384142e+49
801,1.5900137050438237e+36
802,1.3896641816022062e+40
803,1.0138224483834399e+38
804,4.0056811286461985e+44
805,1.8486141967971074e+42
806,6.730587835676905e+37
807,7.748365295813085e+59
808,3.271211064046401e+57
809,1.9147866910577536e+54
810,1.401637309494602e+58
811,2.1144243832265516e+58
812,5.476768130895273e+46
813,6.950764188376524e+59
814,7.767317339744059e+48
815,1.0673055429188353e+51
816,6.249719579561475e+42
817,7.975735464218361e+35
818,4.185281938882792e+59
819,5.533220856600748e+55
820,3.233157553352717e+59
821,1.306884852033563e+47
822,1.1558934913927838e+42
823,2.798270527400953e+48
824,1.743117607804567e+51
825,3.467967964086532e+59
826,2.018189147597397e+41
827,1.0231949493824777e+60
828,6.147299831220128e+40
829,1.5912434871922344e+48
830,2.6793304617288865e+47
831,3.8013866401523244e+59
832,2.3009838957524678e+51
833,4.040987725351658e+59
834,1.9332009230401743e+41
835,7.052208100541713e+42
836,1.286852509496163e+58
837,4.142330246959923e+44
838,6.5267557815426924e+53
839,3.518356829365402e+40
840,8.940748785211044e+55
841,8.242055664185175e+55
842,6.698229918006425e+52
843,5.499970473714618e+55
844,1.3683369874429943e+52
845,3.3222093586195554e+54
846,7.593348137806671e+54
847,2.8484058652493423e+43
848,2.127355968394178e+59
849,8.957611884871359e+38
850,2.8418753801220186e+52
851,1.7723119443353063e+56
852,1.8047972620515584e+38
853,5.884054510715211e+56
854,2.368006494042519e+59
855,1.960611802390319e+54
856,1.0079265880833939e+43
857,1.9461570882206524e+58
858,2.297959005480662e+41
859,7.499886208606812e+52
860,9.20172562276232e+44
861,4.092985951714317e+39
862,3.014488234112984e+52
863,2.8754869340961325e+55
864,8.854701364970741e+37
865,9.176095813930049e+50
866,8.104624298040647e+53
867,4.769010110202154e+38
868,2.2014274878823204e+56
869,4.235539194949333e+58
870,1.941455233069807e+54
871,9.776039206360893e+59
872,2.672898318929913e+57
873,5.639524891511932e+46
874,1.1087890910563028e+56
875,3.421428782186241e+51
876,2.170954022751776e+40
877,6.623488435709109e+49
878,1.0343531575969173e+58
879,2.4804306152100554e+59
880,2.5127733381842223e+40
881,1.2862669736742733e+58
882,3.596650190524176e+49
883,8.53245075325325e+58
884,1.3624191778914855e+54
885,7.935470215526359e+43
886,9.290868894474065e+58
887,1.0304889079742386e+39
888,2.75994415533674e+57
889,4.9529291007036944e+57
890,1.3598379840574323e+59
891,3.170223553608529e+43
892,4.1417474748911555e+59
893,1.4130978314391992e+46
894,3.3227088082416083e+59
895,1.1444500863437313e+52
896,1.129500406218654e+54
897,1.007368169287296e+50
898,4.771780448700123e+41
899,1.8825471066799814e+54
900,6.299457519334096e+37
901,1.5370285457973917e+58
902,1.3351264125485806e+45
903,2.38011175282091e+59
904,2.1259124775138878e+43
905,4.016730332832161e+40
906,6.915186066578268e+59
907,7.269056002501174e+42
908,2.577758287906836e+37
909,4.2155272033725224e+36
910,2.5322864492033354e+40
911,3.9087052801964316e+46
912,8.869194307140278e+58
913,2.0574755021603306e+59
914,1.0423110164399494e+59
915,3.6108290856638166e+49
916,2.243440843291713e+37
917,3.508522488329896e+41
918,4.8879851081325433e+58
919,2.9025907886170977e+49
920,4.726657571815971e+58
921,2.0253464358673202e+52
922,4.268551452808104e+46
923,1.180260189048269e+47
924,2.8996238471980288e+48
925,6.772032657712508e+37
926,6.025804180511073e+53
927,6.521905386626379e+57
928,3.658469039699119e+59
929,1.0172168286454818e+60
930,4.732798061736935e+39
931,1.45682649866744e+41
932,2.091018625668593e+57
933,5.048567028359749e+50
934,2.0709778085953666e+53
935,1.1675712589447052e+51
936,2.155925502267822e+41
937,7.271290506804694e+46
938,1.0173512093110748e+56
939,2.306066191069106e+47
940,5.143526660820961e+53
941,9.434555550647772e+52
942,2.3156005579864755e+49
943,5.161315305229827e+47
944,2.5500529594750172e+54
945,5.112085911315484e+58
946,2.289640170954546e+59
947,6.955950448281673e+52
948,1.4591739000121183e+42
949,4.3954199829033777e+46
950,5.740552462568576e+44
951,1.166152595227876e+56
952,2.8941291790000576e+55
953,8.705121111241401e+45
954,7.855312255513948e+59
955,1.6062055139796675e+55
956,9.423289173085096e+58
957,7.538929720613713e+52
958,4.2044685211952616e+41
959,5.925623598389093e+59
960,5.0369197231078885e+50
961,5.612038186450059e+57
962,1.1671112528050425e+59
963,1.887031546658943e+48
964,5.242437718603517e+41
965,1.6465500372562125e+40
966,2.072840254459415e+38
967,7.057784413237665e+39
968,5.52890522524221e+52
969,1.4663323720208719e+56
970,2.9004082101944185e+54
971,8.21886197751679e+40
972,3.0248163494007484e+52
973,1.3707088951823325e+47
974,1.4005660189404466e+40
975,8.708375427566674e+45
976,1.0186949246658818e+59
977,1.176417522223531e+56
978,4.381046159499845e+53
979,1.3342957776144356e+55
980,7.986637323737417e+47
981,1.551391981331347e+57
982,1.3834983242737092e+57
983,1.7355861197485274e+52
984,2.284812450917252e+44
985,1.0245093444310872e+49
986,5.846998782574356e+48
987,3.203751047766809e+37
988,4.734068247993951e+51
989,1.0824545072305326e+55
990,3.4949373210400456e+49
991,1.8331252521601434e+44
992,9.14976054052045e+43
993,5.451501790760425e+41
994,1.0000394802489315e+60
995,7.106057872408318e+59
996,3.934638205516849e+40
997,8.352656526222126e+54
998,1.3742962043586375e+59
999,6.152098116797909e+59
1000,5.133775304646379e+58
1001,9.577748948845907e+52
1002,6.597659093876087e+46
1003,5.7912296615899873e+48
1004,8.754233463347705e+51
1005,1.283472682803144e+37
1006,9.228942558238545e+58
1007,1.2660827631036317e+57
1008,8.642961796231262e+58
1009,4.6533181990477925e+44
1010,7.449872545221199e+41
1011,2.476868392326902e+51
1012,4.417472765747577e+48
1013,1.2563813682617137e+40
1014,1.5806480272297721e+43
1015,5.010803764928978e+59
1016,5.895150764903217e+55
1017,1.78193621998364e+54
1018,3.5408982416543196e+55
1019,1.1680669734342106e+59
1020,1.822161234325609e+58
1021,9.051545339476854e+56
1022,7.696272823864404e+59
1023,2.271740939602095e+53
1024,2.1639171441447678e+59
1025,3.888405107165397e+57
1026,1.331752453912915e+59
1027,1.1699616604394208e+59
1028,2.9163518446702063e+54
1029,1.9527184450074586e+44
1030,2.816642708485172e+52
1031,2.009318781882638e+41
1032,2.2880611784232306e+59
1033,1.2349766769540068e+60
1034,8.257763294815073e+38
1035,4.629673504634737e+59
1036,9.804630951155584e+59
1037,1.2007149428851041e+51
1038,4.875699366310839e+56
1039,1.6442969898943857e+58
1040,3.022490322507918e+56
1041,3.163857848323265e+58
1042,6.085760739783828e+47
1043,1.535314473622571e+59
1044,7.571027230066949e+56
1045,5.005544616182834e+50
1046,6.267666682448921e+53
1047,1.2270392344635646e+60
1048,7.648777774914065e+56
1049,8.009831287093924e+47
1050,1.67718394099905e+50
1051,8.528885568770595e+57
1052,5.699572301602196e+59
1053,7.847743422055087e+47
1054,7.25108004293671e+59
1055,1.0778541074004054e+56
1056,1.0120400791896743e+59
1057,3.9748363716542944e+59
1058,1.2624581026180307e+45
1059,1.1526111602133155e+55
1060,1.4577770424202888e+41
1061,2.656644955864138e+58
1062,3.630079980518895e+49
1063,4.4672348214950157e+49
1064,1.9086310172065777e+36
1065,5.5803473464869065e+59
1066,1.118738973729373e+39
1067,1.3948119979050739e+57
1068,3.92562046210187e+56
1069,4.961182984805844e+59
1070,6.397702873136127e+39
1071,9.396284195915549e+40
1072,4.998873832265279e+59
1073,1.8784463821446225e+58
1074,8.834443458681481e+49
1075,8.423939701627623e+58
1076,3.5433295359220324e+48
1077,4.678225227277898e+37
1078,3.639080734874269e+45
1079,1.501944604286737e+57
1080,5.388195556784962e+59
1081,8.934885317314296e+54
1082,5.76283639061622e+58
1083,9.608747610595114e+36
1084,6.136614997892041e+57
1085,8.237586087440059e+55
1086,1.220618803168753e+52
1087,3.475253035149102e+46
1088,2.327707998579225e+41
1089,1.323343288514722e+53
1090,1.6131318464331632e+54
1091,5.96875995551584e+59
1092,2.521435838646784e+54
1093,2.303159722946064e+56
1094,3.833496384069826e+50
1095,4.5202385717108775e+53
1096,4.918875901721387e+58
1097,7.927724012974585e+59
1098,2.1840235327996457e+47
1099,6.371038489820183e+48
1100,5.01739700246334e+53
1101,5.060457137709856e+58
1102,1.5672332419060585e+59
1103,1.3215378815831308e+55
1104,3.629823909045541e+17
1105,3.125013815571137e+53
1106,1.6429284995162724e+57
1107,8.597769642651325e+43
1108,3.749207838084821e+45
1109,7.633094205359406e+59
1110,3.946771445542435e+53
1111,1.7736476406970983e+59
1112,1.635493417095971e+57
1113,6.847462980822956e+59
1114,1.3599489414414692e+58
1115,6.729983257311316e+36
1116,1.112298682703732e+37
1117,6.020185023662008e+51
1118,1.153005790320676e+57
1119,1.3336483711356734e+39
1120,1.8358164626178764e+45
1121,2.063412431865331e+50
1122,2.0212349953628838e+58
1123,2.1438540325682356e+42
1124,1.948342792059696e+59
1125,2.837020443263083e+55
1126,2.882123391950334e+51
1127,1.4360333654706518e+37
1128,3.3361493988301555e+56
1129,1.220000039509075e+56
1130,2.37116482524128e+50
1131,2.0425248790034344e+49
1132,3.4854177536673635e+43
1133,8.4169954560688e+56
1134,1.558768952040648e+40
1135,9.993335723886345e+53
1136,3.463930703101765e+45
1137,1.685676164666726e+36
1138,1.496502803321697e+48
1139,1.603972364980413e+54
1140,3.3524111914245828e+47
1141,2.706431837377319e+37
1142,2.029223809506897e+57
1143,1.269293068049905e+60
1144,1.458723423458884e+40
1145,4.078423611830158e+44
1146,2.391584766816713e+45
1147,2.584964298665471e+59
1148,3.365059665490072e+48
1149,5.550118241982607e+54
1150,7.849976112004421e+59
1151,3.529361424982113e+47
1152,2.518837615344373e+39
1153,6.219354419217778e+59
1154,1.006230949673468e+59
1155,6.0133620019457254e+35
1156,4.436903264378314e+55
1157,1.1097170707899563e+40
1158,9.59800381801369e+47
1159,4.227775965795347e+57
1160,9.614190568507637e+38
1161,9.688457723587035e+59
1162,1.4630941682649687e+58
1163,3.832502256932138e+52
1164,6.251104167241426e+54
1165,1.2003683912467568e+46
1166,5.091706457568618e+39
1167,5.488519668941166e+53
1168,1.8141318923719098e+43
1169,6.569669955892143e+41
1170,1.9351204976827951e+58
1171,2.888452557160931e+58
1172,9.630426523497007e+45
1173,1.234324615218662e+38
1174,9.777709403345655e+59
1175,3.1502272370224235e+44
1176,3.4181437063794e+55
1177,1.3755262580739102e+38
1178,3.683592495657948e+54
1179,1.58998455296854e+43
1180,5.332904166712211e+59
1181,1.6625583487047357e+48
1182,7.343763164494654e+58
1183,5.5652278482162726e+57
1184,6.32269289238184e+57
1185,5.720495470225419e+37
1186,1.0902168741718253e+55
1187,8.419420839570842e+53
1188,1.7466141619848807e+59
1189,8.811997026768104e+51
1190,4.430888079654743e+38
1191,9.835988502490286e+51
1192,6.417408937583814e+39
1193,4.831450765732045e+36
1194,4.3478331786141083e+36
1195,2.6797514384352042e+57
1196,1.0479341010005063e+59
1197,6.1730413239141025e+59
1198,5.6789405502596055e+54
1199,5.5534154952727275e+57
1200,1.26471635954912e+59
1201,7.852081057871972e+49
1202,1.7093783247964493e+49
1203,3.1585908082469932e+59
1204,9.934260428786031e+58
1205,2.0877040202000405e+39
1206,1.534965703913603e+41
1207,7.033275248477577e+46
1208,1.4554212401141974e+59
1209,9.947820561349704e+46
1210,1.3053936505876338e+42
1211,4.392976922154103e+41
1212,2.641324833543298e+54
1213,7.769019506694095e+43
1214,1.688416831584885e+42
1215,5.53828696383296e+59
1216,7.681567267970136e+36
1217,5.908533733216176e+59
1218,6.312303150810478e+59
1219,1.1284993679543166e+54
1220,1.2665687071398463e+54
1221,5.000843109608982e+58
1222,1.3507541484552085e+37
1223,1.3227692526473057e+58
1224,1.1008159444270764e+59
1225,1.340869523219116e+45
1226,8.06708917415825e+59
1227,2.1462439350131665e+47
1228,1.144720326486925e+54
1229,5.8418255589984356e+48
1230,1.1968860323573487e+60
1231,2.2585502061087207e+56
1232,1.5028014630335904e+46
1233,7.04563171219127e+57
1234,4.844253046175405e+59
1235,3.401880497406582e+44
1236,3.7204116449197978e+40
1237,3.920505425316415e+59
1238,1.3625773477495455e+37
1239,5.905537699545809e+49
1240,9.646153973388316e+51
1241,1.939766818044308e+54
1242,1.2117682631929587e+47
1243,1.4511493143117437e+42
1244,7.295702828157902e+59
1245,5.129544803576588e+48
1246,1.2413864014513547e+46
1247,2.216387022869715e+53
1248,7.044628423955637e+52
1249,4.6105319432999275e+45
1250,6.505146988693901e+37
1251,7.286790688232884e+52
1252,1.7783726716622905e+58
1253,1.0075251822018718e+40
1254,4.760602433407869e+47
1255,1.2534882875834451e+50
1256,2.8100515964981214e+58
1257,1.0774308566737912e+59
1258,3.987994556624701e+39
1259,1.4211366293812528e+47
1260,6.162730078423286e+49
1261,3.3950284026170625e+40
1262,1.1628379621672543e+37
1263,4.358716061742841e+59
1264,3.6656272452458457e+59
1265,3.840607909590004e+53
1266,3.46767117170041e+43
1267,2.100222703007001e+50
1268,8.445981208569134e+57
1269,1.1505127490465897e+58
1270,1.8643195782021451e+40
1271,6.327455601887875e+38
1272,2.3674131348401205e+38
1273,3.664125981272746e+59
1274,1.584152997334467e+58
1275,2.0327413336625406e+59
1276,1.4886359985371627e+49
1277,5.4445820711580844e+35
1278,6.684534914927159e+44
1279,5.706103033958607e+59
1280,1.1885392234031154e+44
1281,2.241680601082292e+58
1282,6.939541481378547e+38
1283,2.6904395170966835e+37
1284,1.9285226329467632e+26
1285,9.650783422877865e+44
1286,1.3583437999602766e+56
1287,6.465161338137745e+56
1288,3.7130321543886595e+50
1289,2.4125291472317346e+37
1290,7.078305703798362e+54
1291,1.0474350603755837e+44
1292,4.3215296153185667e+58
1293,5.15185540600506e+57
1294,1.0957028516265136e+46
1295,5.176620549004135e+52
1296,1.4408501003534069e+38
1297,3.606580881832288e+59
1298,2.6787435049905156e+36
1299,1.0828550006319637e+60
1300,2.4520393291686957e+42
1301,6.870388475648717e+39
1302,1.0385423688156396e+38
1303,5.298096056298249e+36
1304,2.966528822360652e+48
1305,9.528076704531691e+44
1306,1.4402095016060007e+36
1307,2.5506761802860918e+59
1308,1.0881823586332466e+58
1309,7.154739227703413e+57
1310,1.369348515443029e+47
1311,3.376503706119363e+56
1312,7.909230426804965e+58
1313,5.911206059665877e+58
1314,1.5120668905424278e+46
1315,9.91638555274062e+47
1316,1.7476516848582787e+56
1317,3.5887897416336634e+38
1318,3.5149346558994394e+54
1319,5.630791080351455e+59
1320,1.6147405265645474e+56
1321,1.9265724716540182e+59
1322,2.666721582482581e+42
1323,1.68916559972458e+58
1324,8.774618960706445e+58
1325,1.038262689747073e+57
1326,4.3945281219481054e+43
1327,5.767594603130835e+59
1328,1.1079023379612869e+53
1329,2.5795758401563703e+57
1330,2.5767514421502282e+48
1331,1.30552219207243e+43
1332,7.417621977466252e+51
1333,7.390814417022099e+52
1334,2.8100699392311165e+55
1335,1.708895334760886e+54
1336,8.917340741100743e+40
1337,4.956897012802059e+36
1338,2.0435669693804686e+58
1339,1.806265198254159e+45
1340,2.1111671282258518e+58
1341,1.7071846558010313e+47
1342,5.459739551198039e+58
1343,6.448414686170763e+41
1344,4.984919571084327e+39
1345,1.9556006139724694e+54
1346,1.700844180777398e+57
1347,2.0432971008773182e+51
1348,2.7180849609208947e+56
1349,6.172057893458947e+59
1350,4.064600591325006e+35
1351,2.7312188004880093e+50
1352,3.043340331743301e+48
1353,1.3833122541910745e+59
1354,2.8815086679364005e+41
1355,7.091848657368179e+58
1356,7.358858934348043e+42
1357,2.7939778663045744e+52
1358,3.536024284659067e+38
1359,1.9454955583651387e+53
1360,4.1853546665442147e+58
1361,1.6235720522757148e+54
1362,2.893841416774167e+44
1363,1.084716701301503e+58
1364,9.798640681806146e+50
1365,6.9297504040282735e+56
1366,3.913791975728904e+57
1367,9.284251508963389e+51
1368,2.9357697400528737e+47
1369,5.793617394088933e+58
1370,1.1561184951406337e+59
1371,1.015600548173448e+59
1372,3.3749913307862523e+58
1373,1.0333495818835167e+55
1374,2.4428223711244686e+59
1375,3.5470742365997063e+59
1376,3.944315230127131e+55
1377,7.953588387029188e+53
1378,3.224705919041298e+49
1379,3.7433505275951443e+58
1380,7.079873219471712e+56
1381,1.5620642854317822e+53
1382,2.3047305303846277e+56
1383,1.0870011221065786e+60
1384,1.0643347915240257e+37
1385,2.5428281789969012e+59
1386,9.248870562381647e+38
1387,1.715669328012515e+48
1388,1.983739043195115e+42
1389,1.8772280918268858e+51
1390,4.808670927778996e+43
1391,4.700556852936586e+54
1392,1.9772043895911625e+36
1393,1.0725421186464335e+42
1394,2.8943429033685115e+51
1395,1.9846302749277203e+49
1396,8.849489811968968e+42
1397,1.8065554860421303e+56
1398,3.8431247349325946e+53
1399,3.9344638626185726e+51
1400,1.5578481953284176e+51
1401,1.3590984120413923e+51
1402,1.9798103402510925e+37
1403,1.6994782215613676e+36
1404,1.6716605888651174e+40
1405,1.6573269528506768e+42
1406,4.358439252950064e+52
1407,5.963773543965174e+59
1408,7.121371077007605e+51
1409,2.608166819764753e+56
1410,5.066314064923435e+59
1411,1.565710960022639e+52
1412,2.2787006430247943e+59
1413,5.125028925270951e+48
1414,4.99416001886229e+40
1415,4.500169795244594e+58
1416,2.8063557717383723e+58
1417,3.1969826719685254e+39
1418,1.6092600715697967e+41
1419,1.3643998318170972e+60
1420,2.6967640613105155e+57
1421,3.1384230061498713e+44
1422,6.726311558979857e+49
1423,3.613963607507854e+53
1424,1.2142564148923197e+43
1425,7.236981359958387e+39
1426,1.4295342325027367e+59
1427,9.097488159171583e+58
1428,1.3499126319169607e+55
1429,2.919229654271145e+46
1430,1.082563628861069e+59
1431,1.4452266568425874e+38
1432,2.3935555129975115e+50
1433,4.193508555858352e+54
1434,2.824935826876022e+58
1435,1.168307061919361e+60
1436,2.101265609429594e+56
1437,4.8241764644086846e+48
1438,5.075977967125998e+59
1439,5.03553896214026e+58
1440,3.31457063547573e+51
1441,2.433004083931286e+37
1442,9.522898202205433e+43
1443,1.7829289754533606e+58
1444,2.0691765663534927e+58
1445,5.441125751798932e+43
1446,2.386161289267885e+53
1447,1.1864705966683425e+36
1448,7.274595653325447e+43
1449,2.5547975580428213e+48
1450,5.150458956873654e+41
1451,8.041725764564849e+37
1452,2.461692430902668e+50
1453,3.5070315940781414e+44
1454,9.719429424638825e+41
1455,2.426052090250985e+45
1456,5.960836091213858e+39
1457,9.865803757315851e+59
1458,3.957086564052575e+52
1459,1.1513430237027592e+45
1460,1.179205068232144e+59
1461,2.2207336765113987e+54
1462,1.5807190555142482e+44
1463,8.389790084025598e+39
1464,1.8896501174550235e+40
1465,3.3184300406620586e+57
1466,1.6597670383755358e+46
1467,1.6349126507160628e+53
1468,1.019314443249422e+52
1469,1.7060694835357705e+55
1470,3.7085151703147518e+50
1471,3.996177363399955e+57
1472,2.795486967072594e+55
1473,5.02996690239237e+44
1474,4.260809884890168e+36
1475,3.4950475559848906e+53
1476,3.3147653287272795e+45
1477,9.19264100945744e+56
1478,2.0363138604114384e+50
1479,2.8664810669259083e+49
1480,3.896506687280025e+53
1481,4.267367787284696e+35
1482,9.574213664673482e+57
1483,1.4837321485933935e+46
1484,1.7297953939360888e+58
1485,3.337347727379522e+39
1486,5.510190695597524e+52
1487,1.208802117118682e+60
1488,3.45303915104598e+54
1489,1.7957289593813455e+59
1490,1.5915101426376253e+45
1491,4.978081572043238e+47
1492,2.310904394993025e+43
1493,8.216287121923334e+55
1494,3.0559022650498104e+55
1495,2.2477410490847916e+39
1496,2.0618314181055227e+59
1497,2.7530594533073274e+48
1498,5.391124073204886e+52
1499,1.7173241724835121e+46
1500,2.2652317112884004e+54
1501,2.9921040294107846e+58
1502,8.556066501320226e+56
1503,1.1361770960933892e+43
1504,5.191662320907427e+53
1505,7.315470972874405e+59
1506,1.1537673800672764e+58
1507,1.187582666880266e+46
1508,1.1171777597882483e+46
1509,2.7560600536927573e+59
1510,3.4069519295410974e+39
1511,1.6996489034657813e+58
1512,7.965207650269424e+58
1513,3.2079805565679373e+59
1514,4.797217545123829e+58
1515,1.2207922796146799e+44
1516,1.2746418066227913e+46
1517,4.2820548136207403e+49
1518,1.2456651554582895e+37
1519,1.0965973476969637e+46
1520,4.099250693720451e+42
1521,1.1004775258624812e+60
1522,3.2398839819369486e+59
1523,1.1796161670438614e+46
1524,6.995175305726157e+45
1525,1.2550627723902972e+37
1526,4.453852536550596e+52
1527,8.489638244571648e+53
1528,3.057158683092189e+48
1529,3.796420486636885e+36
1530,1.3092974367997052e+53
1531,1.3833254497858243e+60
1532,2.962830727639808e+58
1533,1.769681700959413e+50
1534,4.012421011686559e+50
1535,3.1823712799427473e+44
1536,4.961409590827548e+56
1537,1.5376908635620983e+51
1538,1.2274439646606085e+57
1539,1.3138079432910833e+50
1540,1.543034999594406e+42
1541,1.2543380635755542e+58
1542,1.2005469145263959e+53
1543,1.2239871249967603e+50
1544,2.9964410280286746e+58
1545,2.5001819431155622e+39
1546,2.499751000327349e+52
1547,7.238557521044948e+59
1548,8.49541692137072e+41
1549,1.510729708899242e+44
1550,3.6866727769124587e+37
1551,4.975300847302641e+38
1552,1.3461403887043688e+42
1553,6.811154660952012e+59
1554,2.7599446332873893e+54
1555,4.2495078249504253e+48
1556,5.385023876824682e+54
1557,4.6991464770399105e+58
1558,4.718423653555796e+58
1559,1.0434656440341802e+43
1560,1.6214048316361764e+59
1561,1.9114568513528605e+44
1562,5.0974806575565554e+54
1563,4.8847031784133756e+36
1564,1.0581456371765686e+46
1565,6.81670808587168e+56
1566,1.165608840569125e+60
1567,5.422217846538768e+45
1568,3.420343900877646e+54
1569,1.030476238642205e+58
1570,3.804538262014897e+50
1571,1.0408328354834395e+59
1572,3.2362579124074755e+43
1573,7.4292204915868e+58
1574,5.4973458287921245e+57
1575,1.0160634838940991e+52
1576,3.685059302461473e+49
1577,1.5968144693332675e+43
1578,7.010271993768287e+55
1579,1.835621371028218e+58
1580,2.64748667552453e+59
1581,5.140794467374135e+52
1582,3.337545407991152e+44
1583,4.391556664145233e+59
1584,1.5149665314798574e+59
1585,8.665414920032938e+46
1586,7.449412772640546e+55
1587,3.370911662046433e+46
1588,3.275143618944214e+47
1589,9.620428962686737e+54
1590,7.569249604568956e+49
1591,1.3155234202872185e+58
1592,2.917621740920435e+52
1593,5.630364379760123e+57
1594,5.6128839812779626e+35
1595,3.5033770201491226e+40
1596,8.512636429780321e+47
1597,1.45967856741738e+42
1598,1.0932890697569883e+43
1599,1.7258219017639985e+47
1600,7.802517172018322e+57
1601,1.743051511202724e+41
1602,2.9228728247318426e+48
1603,9.980123700644017e+53
1604,1.2433444934819988e+60
1605,6.561259111577453e+44
1606,4.489500955039373e+35
1607,1.5808537709162345e+57
1608,2.280015080841994e+54
1609,2.2666771001792288e+58
1610,1.8381058785051387e+44
1611,9.610607708366157e+53
1612,1.3399944957936675e+59
1613,6.751247288341857e+53
1614,2.9154514861789247e+58
1615,5.095827397362072e+58
1616,4.2386799268275757e+55
1617,1.0329732871386977e+49
1618,1.622818217237674e+58
1619,2.1038117862476464e+42
1620,8.567220764761535e+42
1621,8.066043051712225e+52
1622,1.283371642110345e+57
1623,7.772832179784482e+47
1624,9.57582183219303e+46
1625,1.7591578030802572e+59
1626,1.637538985112729e+55
1627,6.794788563643191e+58
1628,8.334050446150547e+46
1629,3.452717311186937e+50
1630,6.33966023902317e+43
1631,1.2305118531480512e+44
1632,9.470013997720016e+52
1633,4.7593162307160905e+39
1634,1.1558766636459518e+45
1635,1.7908412998416364e+49
1636,2.7229726756327347e+44
1637,4.021218727304375e+57
1638,1.3794064598791492e+47
1639,1.7691405066206578e+53
1640,9.749523205570039e+39
1641,2.471079497728435e+59
1642,2.8006959259288944e+50
1643,7.011340575661184e+50
1644,1.3374003985244015e+40
1645,2.7340717813796762e+57
1646,2.0627880317980418e+44
1647,2.644369487420926e+56
1648,2.747835360196151e+52
1649,9.025782479987039e+39
1650,2.7373650395508277e+55
1651,1.2423723594847855e+60
1652,3.736471545453632e+46
1653,5.150314597563986e+41
1654,2.4504304898980022e+58
1655,8.524065121738419e+58
1656,3.4005685944574487e+55
1657,9.401376435587373e+58
1658,1.9130108889326654e+51
1659,5.684350448995128e+54
1660,5.50796258048556e+59
1661,1.1567450161808649e+57
1662,8.29084829102377e+47
1663,1.0700965193944509e+43
1664,8.152404789226025e+33
1665,1.706342739699471e+45
1666,2.9955275520898597e+54
1667,6.499624681357791e+53
1668,2.7323099421494256e+45
1669,8.076889807244211e+37
1670,4.479311919639063e+56
1671,3.474867113173742e+57
1672,3.4098814987229066e+55
1673,1.3052901995586178e+57
1674,1.135930706508401e+51
1675,5.679848210195452e+45
1676,1.6924466636696858e+50
1677,1.937079311101675e+49
1678,7.696603037307233e+42
1679,1.1006785829353704e+59
1680,6.343089666576415e+51
1681,7.720652653453685e+58
1682,2.0269540925895668e+56
1683,6.843521822680476e+58
1684,1.3057223612466238e+60
1685,9.256642562400767e+59
1686,4.0785267922399566e+58
1687,1.7302024825439813e+40
1688,1.2032659504299947e+56
1689,1.4071387335948661e+38
1690,1.766373752837877e+59
1691,2.057583625498276e+42
1692,1.0369777867937892e+46
1693,3.331551852588307e+43
1694,6.691677039815791e+53
1695,7.281073772257064e+55
1696,1.381082135677671e+60
1697,3.391490626916934e+55
1698,5.612021237448e+47
1699,1.7811707011472239e+59
1700,1.2136709754945383e+40
1701,1.1013511942840765e+52
1702,4.26915089554357e+41
1703,2.233094281064239e+37
1704,7.309972518851926e+51
1705,1.2042113819529881e+53
1706,7.205152264487614e+39
1707,2.094758171184161e+57
1708,2.586280496232707e+48
1709,8.380262381352778e+46
1710,1.9999074654723977e+53
1711,4.182388322745074e+36
1712,3.966131548048868e+58
1713,8.052982898430531e+59
1714,9.339281629256143e+36
1715,3.210045140619722e+36
1716,1.0858580768559913e+39
1717,1.7268098438603012e+40
1718,4.94145869151216e+59
1719,2.0018177074158976e+56
1720,2.5544822130067976e+50
1721,2.121820793667826e+59
1722,1.0597871571413554e+54
1723,7.213432897753166e+55
1724,7.500858970417296e+56
1725,2.2002767074019055e+45
1726,1.0517735827664786e+51
1727,7.034140097926626e+42
1728,2.400560575976493e+58
1729,5.768523330924387e+59
1730,3.6822029474580927e+43
1731,2.6089729689054302e+38
1732,7.5196432432523e+52
1733,7.530358083059687e+58
1734,9.663690436783556e+54
1735,8.180449480016334e+51
1736,1.3087895792194625e+52
1737,3.166088066374333e+55
1738,1.786714846707544e+57
1739,1.8460290253464212e+55
1740,1.3921111786798755e+60
1741,1.953913795448494e+42
1742,1.7971608973153098e+58
1743,4.497853028690866e+39
1744,2.4433304891630637e+45
1745,7.925747473214972e+46
1746,3.0687559000064853e+47
1747,2.1105121373369545e+49
1748,1.7780984518112205e+44
1749,6.035125317964954e+46
1750,1.7220135529655322e+41
1751,1.9215745695363118e+46
1752,1.535481720137484e+58
1753,3.014935779989129e+59
1754,9.973943299075725e+41
1755,1.315990083249025e+55
1756,1.0344073762322884e+43
1757,4.507389702050119e+50
1758,1.2777406166510342e+48
1759,9.415556125536937e+59
1760,2.433353185325369e+38
1761,3.5900367705518643e+37
1762,5.385561056150443e+36
1763,2.352001760025837e+47
1764,1.6578049362934002e+38
1765,3.545594468290359e+54
1766,4.695378865908099e+57
1767,6.749337394381917e+49
1768,3.761168724394416e+52
1769,9.730774619068275e+59
1770,8.604184599841425e+59
1771,4.916373619759599e+43
1772,3.882444895692136e+37
1773,1.4649416982163009e+60
1774,5.805107211053171e+59
1775,1.0319451618736302e+59
1776,1.385658405395626e+39
1777,3.776836953087335e+53
1778,1.836804351336051e+42
1779,3.97363186621159e+55
1780,1.1429619821033923e+48
1781,2.518500670268986e+58
1782,7.430935962168129e+37
1783,3.0113260870821137e+59
1784,4.4751503473828076e+58
1785,9.485147880831482e+58
1786,7.842145404199256e+58
1787,1.9836912828433927e+59
1788,3.2394403310810104e+58
1789,4.271554669245449e+39
1790,5.945042158618113e+44
1791,9.88774239189607e+54
1792,1.0978673489659445e+37
1793,3.2960366399601785e+58
1794,6.359757419868803e+58
1795,3.6081053408644424e+59
1796,3.271688287886583e+36
1797,1.5925464361073973e+58
1798,2.0883332354825027e+38
1799,3.1424787761037294e+58
1800,7.273246332003044e+48
1801,1.9013972350399935e+48
1802,4.157786470738841e+53
1803,2.3243250737618034e+43
1804,2.323932273132298e+38
1805,4.920004953269817e+58
1806,6.080187509558503e+40
1807,2.599514414906635e+58
1808,2.5341451601731262e+59
1809,2.878644049362385e+37
1810,1.0615205403338947e+60
1811,2.9987185880804664e+59
1812,3.869262297043712e+45
1813,9.33821955449054e+46
1814,1.6813870942814933e+48
1815,4.122231528124793e+49
1816,4.841646979973418e+56
1817,7.563621729291184e+45
1818,3.385194052180605e+59
1819,3.4551076008626335e+38
1820,3.056571050055038e+50
1821,1.4021100641950708e+57
1822,1.0290748990817335e+41
1823,8.854079041996832e+55
1824,7.703893831348073e+46
1825,6.673418202047949e+54
1826,5.29476294459785e+50
1827,7.070387541579426e+45
1828,9.071362845582523e+59
1829,3.9924134006559856e+53
1830,2.5657647589504106e+56
1831,2.363269259894632e+59
1832,5.4789027965657e+52
1833,5.498504657073508e+57
1834,2.2030534010930757e+44
1835,1.067996269169331e+56
1836,1.5257959374690012e+59
1837,3.8556806611675317e+59
1838,4.7902983450093126e+58
1839,8.025954986512125e+43
1840,9.226221899143832e+45
1841,9.558604836383226e+40
1842,4.03035290093669e+54
1843,2.9806119085380707e+52
1844,3.628468606028165e+45
1845,1.4451209049988713e+57
1846,1.5483226871227454e+46
1847,3.804256584574489e+52
1848,7.195002211016988e+51
1849,7.299192780679996e+46
1850,6.71297704129695e+48
1851,4.752477119357681e+58
1852,3.880612805304618e+45
1853,1.572725695860636e+55
1854,9.99200228033783e+43
1855,5.235904102618693e+54
1856,6.261796079757693e+58
1857,1.8360060577844873e+54
1858,1.0079879883632692e+43
1859,2.9628748976559805e+58
1860,6.72214043768649e+51
1861,1.0677100708166154e+57
1862,1.1644032912646414e+59
1863,2.834170937316792e+55
1864,6.7914218829598e+58
1865,4.1531434129668406e+55
1866,4.445743669451161e+47
1867,1.1193039266202404e+36
1868,2.1673310824633146e+59
1869,1.035456170584865e+60
1870,3.0590038938173623e+59
1871,2.0973856225684973e+59
1872,2.4962415585701214e+44
1873,9.469621331823773e+36
1874,3.978260164146527e+50
1875,3.845072207030749e+57
1876,1.226339133919009e+60
1877,1.1425482978440153e+54
1878,2.215627716038641e+41
1879,1.0476157522822584e+49
1880,4.3795075847378685e+52
1881,5.0405574176516895e+47
1882,2.5082850078724946e+36
1883,1.017383884683285e+50
1884,1.6539198654365484e+40
1885,5.0817796347177876e+51
1886,3.885297853916534e+55
1887,1.663244608505839e+53
1888,5.9573721723352e+36
1889,6.178678949066669e+52
1890,1.1502439297722113e+58
1891,1.8950871307604366e+40
1892,7.849366504657301e+58
1893,3.2210580453902247e+49
1894,3.77539180236688e+54
1895,1.8714355945929764e+56
1896,1.7935685534001422e+49
1897,8.067929297870626e+51
1898,3.249967357520146e+55
1899,2.479056544805768e+50
1900,2.614564400133322e+58
1901,2.6013862249440914e+44
1902,1.0486263805986984e+43
1903,4.5147371610855716e+44
1904,1.133826968127743e+60
1905,2.7231642861603265e+43
1906,8.796390977511354e+38
1907,8.876083162006507e+58
1908,3.431253987693509e+38
1909,4.738618651486272e+59
1910,1.4407638441479653e+52
1911,1.048230444912435e+55
1912,1.2455653612452237e+42
1913,3.195001374132867e+52
1914,2.0134710634323572e+46
1915,5.371911180729572e+46
1916,1.0673961618696963e+53
1917,3.815556885565819e+58
1918,8.96289523731779e+36
1919,1.5408085209298092e+49
1920,7.812536722912265e+49
1921,3.996063428181678e+52
1922,1.5188531502814555e+42
1923,4.25851786472452e+36
1924,3.8849416914874893e+55
1925,7.579657443613911e+59
1926,2.8402708486422135e+56
1927,5.296204865440346e+56
1928,2.270762072299093e+59
1929,2.6274148789616854e+55
1930,4.3474367058188503e+54
1931,5.905190146598848e+49
1932,3.4541892788320755e+55
1933,1.8104918820927171e+53
1934,4.673183170895457e+45
1935,4.355056748014328e+58
1936,1.1504203369788551e+49
1937,2.5907309265880572e+59
1938,2.755407045385162e+45
1939,3.9756253128195544e+47
1940,4.627753275481802e+47
1941,4.972442518931905e+47
1942,1.0076407775094941e+60
1943,4.4374170190125115e+59
1944,5.601643869405294e+38
1945,3.453285367390416e+46
1946,8.146066801093187e+39
1947,5.409147065806326e+55
1948,8.224582093490792e+37
1949,6.1081116776484115e+57
1950,1.731755694714199e+52
1951,2.0664650547473647e+58
1952,8.971223084858806e+56
1953,6.69219065122761e+56
1954,1.5323722325124995e+53
1955,2.824528392890556e+46
1956,5.956696631852004e+47
1957,5.4400383211057144e+59
1958,1.9463173892098318e+45
1959,5.54058289267433e+58
1960,2.5313748045195152e+50
1961,2.5350828363798253e+53
1962,1.1346897420285775e+60
1963,8.897603722912659e+58
1964,1.038789938252326e+46
1965,4.9298851626388275e+59
1966,2.847175438731243e+59
1967,2.2577332173548402e+42
1968,3.353537120667159e+59
1969,1.592538052935641e+53
1970,1.0349457939453079e+60
1971,8.675497166721934e+55
1972,3.399031418102537e+52
1973,1.876009112930966e+57
1974,1.5101662240308306e+49
1975,7.772027258129221e+56
1976,4.05605932168007e+59
1977,6.325928247591194e+58
1978,6.530011207064274e+53
1979,4.0547053544220086e+57
1980,2.6775816935261924e+56
1981,7.964620786912472e+44
1982,2.5799721278418208e+44
1983,2.505073553181558e+45
1984,1.0507044717693441e+60
1985,8.200476512200627e+35
1986,2.578935394316487e+59
1987,4.587100289272445e+55
1988,4.371162274198515e+38
1989,2.0360308703379237e+39
1990,3.024621247362706e+58
1991,6.908195976736852e+45
1992,2.643915433843875e+53
1993,2.014028105938443e+59
1994,1.163189872823474e+48
1995,8.287690244728609e+52
1996,1.544951010275596e+59
1997,7.162240301146581e+39
1998,1.1214889463900644e+59
1999,2.352126018504213e+41
2000,1.4046985063834057e+57
2001,2.816693984871482e+55
2002,1.6874535734890353e+39
2003,5.114858949431728e+50
2004,5.282235190833446e+54
2005,2.4554383596127185e+55
2006,1.3430663410510903e+56
2007,5.02051385538364e+54
2008,6.163236771891493e+47
2009,1.6581467770131849e+43
2010,5.828227436675198e+55
2011,3.89229370515291e+58
2012,6.412920790048141e+36
2013,2.2471596036093095e+59
2014,4.670259674422812e+59
2015,1.0939630848945933e+59
2016,1.098797149416703e+57
2017,4.9706388846401884e+48
2018,5.86653259824264e+58
2019,1.3439178137421293e+42
2020,1.0293385593491537e+58
2021,6.206709146172399e+54
2022,1.0578600332965127e+38
2023,1.0815313067640066e+48
2024,3.355429865552529e+51
2025,6.680905178730019e+54
2026,5.623641844287947e+41
2027,2.2455591789055158e+57
2028,7.558627283667834e+56
2029,3.2538486514711034e+55
2030,5.125457339485509e+36
2031,4.36212263295879e+55
2032,1.682257095924746e+49
2033,2.6656868946970754e+39
2034,9.305275995498086e+41
2035,9.445195688349132e+58
2036,1.2918535209470111e+54
2037,1.6880644399731076e+48
2038,2.8970586279949186e+45
2039,8.135116796399727e+54
2040,9.715876149384547e+51
2041,3.891194790489237e+57
2042,7.40949148229701e+36
2043,1.43190512461287e+54
2044,5.866010128634367e+59
2045,1.4763582963612175e+56
2046,8.458680436606247e+36
2047,1.0859832197993272e+53
2048,5.467534562344712e+55
2049,6.1180051764317e+43
2050,1.4696798462406521e+49
2051,6.273730468674099e+53
2052,2.1082493998531905e+59
2053,1.6995029160360778e+43
2054,9.741456449155999e+51
2055,4.0920559934975965e+47
2056,4.4563646751499006e+58
2057,6.95695534475562e+48
2058,2.188123974720653e+52
2059,2.6935547104906895e+57
2060,6.917489421035356e+57
2061,6.115284409556345e+47
2062,1.9060535950394718e+42
2063,8.132558816285301e+59
2064,9.344533778358858e+57
2065,1.4161346662063953e+43
2066,9.6164294413933e+48
2067,1.2666521033918694e+50
2068,1.7486920970032484e+35
2069,6.939117827905751e+57
2070,1.5125582081439833e+57
2071,5.394861297520268e+40
2072,1.4476091712836271e+60
2073,1.8412872670420156e+37
2074,2.6537039645887177e+51
2075,2.1882221271759078e+41
2076,9.828602375677529e+58
2077,1.766476074669208e+40
2078,7.31250120299991e+45
2079,1.155988770669905e+60
2080,1.9410723251737056e+49
2081,2.8635843988771034e+55
2082,3.7499268766564764e+57
2083,4.646266724185909e+56
2084,6.942467085790473e+58
2085,4.181997747919022e+58
2086,2.610719250282335e+59
2087,1.8699626557046972e+40
2088,2.6564127166896787e+41
2089,4.2937475080813185e+58
2090,2.6007293500109644e+45
2091,1.2349171016901987e+59
2092,1.1423568372896586e+58
2093,1.9136616944107626e+59
2094,1.6679407188175522e+38
2095,1.3308563984843842e+49
2096,1.340214202181993e+51
2097,1.1674010497153615e+60
2098,4.978941947775101e+58
2099,1.161286184920049e+60
2100,2.537581166230141e+52
2101,1.6740977308131402e+42
2102,4.972846202783772e+59
2103,2.951498406088423e+56
2104,1.666903108723325e+37
2105,1.8187915619219927e+59
2106,1.3483560892910424e+56
2107,4.41620879979267e+58
2108,1.512460549909765e+40
2109,7.667141508182858e+50
2110,1.405114201707981e+46
2111,1.5544066928235217e+40
2112,4.037464855327081e+47
2113,7.704115984620624e+47
2114,5.043480277561427e+47
2115,1.6379757379763937e+59
2116,2.935038839757832e+58
2117,2.544269126886374e+36
2118,4.941968464344161e+59
2119,7.624429471652064e+43
2120,3.311956363827499e+56
2121,8.722203309818065e+57
2122,2.2144373496934183e+59
2123,1.1146749940711919e+60
2124,9.455314344007789e+33
2125,1.2500183441457254e+60
2126,4.939204362063964e+48
2127,3.4781713648797377e+55
2128,2.6891158966629973e+57
2129,2.0052266998928616e+48
2130,8.843698646657932e+57
2131,8.647524144315425e+52
2132,3.206170036382121e+57
2133,9.352587882734652e+37
2134,4.781800539638361e+58
2135,2.7699668868607725e+37
2136,2.5315453915486754e+57
2137,5.83825254210966e+44
2138,1.2075721237643297e+59
2139,2.7287344093107702e+51
2140,1.9708863400718671e+59
2141,5.153824498868369e+49
2142,3.545994528206709e+57
2143,1.206933487127588e+49
2144,1.3100114833526541e+48
2145,4.981459803462789e+37
2146,1.320748340608686e+37
2147,2.464816831969139e+56
2148,5.4621281537478834e+54
2149,3.1239439414686747e+40
2150,3.3391550372703345e+45
2151,1.9082307844285647e+49
2152,5.3602876583771325e+48
2153,7.731091641092514e+55
2154,2.114044870926554e+38
2155,1.132483805428616e+54
2156,7.722813503684599e+44
2157,1.3818964816120715e+44
2158,6.722604411153358e+42
2159,9.44018003691398e+42
2160,4.2633982980360745e+59
2161,1.332824631099827e+58
2162,3.441348677525952e+51
2163,3.5694514950787875e+47
2164,1.4939703310688379e+53
2165,1.5874095878322419e+58
2166,6.256767266136788e+54
2167,8.793983057513929e+58
2168,4.55650081209391e+51
2169,5.6581080288301325e+59
2170,1.727171895164392e+42
2171,5.223342019575855e+56
2172,1.2614013819148186e+55
2173,1.4815379225759076e+48
2174,4.319497758311257e+35
2175,2.634128269928755e+53
2176,7.484903566274667e+59
2177,3.9954096409255144e+57
2178,6.581091541649525e+54
2179,2.8437608727531255e+51
2180,9.26818470932009e+54
2181,7.78967365271775e+57
2182,5.596224362221977e+43
2183,1.2336104912691377e+39
2184,1.4217265076471303e+55
2185,6.974489537563605e+57
2186,1.1478521240013355e+59
2187,1.6742840155501415e+57
2188,7.555865506403923e+47
2189,2.2507671009806394e+55
2190,1.2481715611346073e+50
2191,7.135424402470669e+56
2192,6.1909254723869415e+57
2193,3.977094251022895e+59
2194,1.048334980080634e+59
2195,2.0241438335935997e+59
2196,1.3936755241993849e+42
2197,1.06526741653115e+47
2198,2.3934820306909812e+45
2199,3.735161879455883e+47
2200,2.5703670768332527e+47
2201,4.079060074549167e+52
2202,2.8946943022265367e+43
2203,4.422584643019015e+52
2204,9.637258144441424e+44
2205,1.9260447473857383e+55
2206,7.983532151749939e+58
2207,2.4453172411575506e+37
2208,2.1274733928620403e+57
2209,6.518922969181177e+56
2210,8.206292060425456e+40
2211,2.7593054306525606e+50
2212,3.723329330133658e+50
2213,1.1778243355849454e+58
2214,8.564193682804432e+51
2215,2.4486719465971383e+50
2216,3.939018762769375e+56
2217,2.731748482611834e+49
2218,3.7206182352754227e+50
2219,9.324554157638866e+44
2220,4.93684350013771e+41
2221,7.228242466470736e+59
2222,5.143755046787793e+58
2223,2.048350469794363e+38
2224,6.844244648423665e+54
2225,3.817577938833399e+55
2226,1.4695061062892902e+59
2227,9.02075117867484e+58
2228,2.6117438923564025e+42
2229,1.2730584868466816e+39
2230,4.1792146282443296e+41
2231,3.026526987716414e+51
2232,6.27222162264433e+59
2233,7.940997409959514e+55
2234,2.4002353833598445e+59
2235,8.388415065477063e+42
2236,8.335555284267019e+44
2237,1.3405694373698465e+59
2238,1.5074256985694718e+55
2239,1.163838654264e+52
2240,4.497075595061176e+48
2241,1.2844634179818713e+55
2242,2.116625150369464e+59
2243,5.925235797426146e+55
2244,1.4282506298726288e+42
2245,3.8412069487733024e+43
2246,2.700160218375702e+50
2247,2.0739986195159992e+54
2248,6.25540127289559e+50
2249,2.0373300819742006e+47
2250,7.671055070597215e+53
2251,6.995416717355595e+52
2252,7.070120078381472e+52
2253,1.8860102863522566e+54
2254,1.1159020598189526e+59
2255,1.3200229189831971e+41
2256,1.2535356642511342e+53
2257,1.1307222480273604e+54
2258,2.4099334441503896e+58
2259,6.91874351930619e+56
2260,7.503739215502326e+46
2261,1.183435267950472e+41
2262,1.131446901654588e+60
2263,1.2700770743979706e+42
2264,1.1437121667001513e+55
2265,9.52664378062649e+58
2266,6.4991893172041e+58
2267,4.0783305318150637e+36
2268,6.253976671882702e+59
2269,5.664125311048183e+55
2270,2.6739155818842603e+41
2271,5.395510189241318e+49
2272,1.716741211524801e+56
2273,3.729508162378814e+55
2274,6.694195995546068e+55
2275,2.0699837846525655e+41
2276,4.728995624067726e+37
2277,9.100387346461068e+50
2278,5.6609642042998244e+47
2279,4.193014283479404e+57
2280,9.325872467095021e+55
2281,3.55704794671987e+57
2282,9.633492887344177e+43
2283,2.2190475683258018e+51
2284,3.722612721061608e+57
2285,1.6773432153489908e+50
2286,4.0500999699179325e+52
2287,1.1773067196138425e+57
2288,5.246998882776113e+37
2289,1.129646052158277e+59
2290,8.367263708425969e+54
2291,3.4959089489650666e+51
2292,1.5036447576656702e+43
2293,1.8343509522286898e+58
2294,4.0200188336130643e+43
2295,1.1149860674858387e+39
2296,4.655672960650995e+59
2297,5.1061708527597074e+36
2298,1.515016108234332e+46
2299,8.112724661210711e+50
2300,2.8768302268443973e+41
2301,1.6211310212158908e+41
2302,1.158346349142061e+38
2303,5.618590185576647e+37
2304,2.14955376637589e+56
2305,2.3737622812723246e+52
2306,3.973814424865777e+56
2307,3.0471865249424247e+43
2308,1.0764816221048055e+38
2309,2.7270452412448274e+47
2310,2.3307836770307235e+50
2311,1.4576306917736005e+59
2312,4.81273563630104e+53
2313,1.1697117951271656e+48
2314,2.6093644020490526e+58
2315,9.097657130035773e+56
2316,7.024749531108421e+36
2317,7.1263438318531695e+40
2318,1.6012761782097207e+56
2319,3.092578212957117e+52
2320,8.75035088743692e+47
2321,1.889383722322898e+50
2322,3.2370723041270028e+56
2323,8.186290849031023e+59
2324,5.90294039436621e+58
2325,6.358248611500656e+48
2326,2.399293351642525e+53
2327,2.536411667328438e+36
2328,4.97395442226921e+44
2329,3.8841148559014536e+57
2330,3.568703904018376e+59
2331,4.516150675944774e+54
2332,7.012246854926738e+56
2333,5.0186055186038316e+45
2334,1.3500550112007707e+58
2335,1.707506377912251e+58
2336,2.0252764675071365e+55
2337,9.688896613907489e+55
2338,8.05227899986613e+58
2339,3.0057630493410795e+42
2340,9.028068428567304e+35
2341,5.926121338668364e+56
2342,1.0645613059255502e+40
2343,1.4955994048081832e+58
2344,4.4445416433050675e+59
2345,8.813558590982785e+40
2346,7.228748400824859e+50
2347,1.0740118458857006e+59
2348,4.453619047076743e+59
2349,4.303240738400786e+54
2350,7.734946915846551e+44
2351,1.7957204700280115e+47
2352,1.5891489705602584e+47
2353,1.804088242504282e+58
2354,1.979853793778248e+59
2355,4.912706989651145e+59
2356,1.7223570230231475e+56
2357,4.139772630574729e+59
2358,1.8480358789838151e+50
2359,8.496680260092668e+39
2360,2.592314425404662e+58
2361,8.191020191075852e+58
2362,3.485329953557242e+48
2363,2.3791254093603815e+46
2364,2.0945877887503854e+51
2365,4.346047488197806e+42
2366,5.867444946404565e+47
2367,4.987424877640483e+47
2368,7.486906254131844e+38
2369,4.851337129265841e+59
2370,5.584899775891263e+51
2371,5.247804417177778e+40
2372,6.173005566983357e+59
2373,3.4666966252776006e+46
2374,2.3734853625432048e+52
2375,2.2845620075407544e+56
2376,3.806227659110555e+47
2377,2.5283202588124545e+47
2378,5.067070780179837e+36
2379,1.0022560061006637e+57
2380,1.5523222161463065e+45
2381,2.0410069127173335e+49
2382,4.3367106468035353e+55
2383,2.2942554581642414e+38
2384,1.6281018990799742e+44
2385,5.241203949484455e+59
2386,3.6512118105491114e+58
2387,9.425556992841995e+52
2388,1.2617804761859077e+58
2389,1.4165532402632913e+59
2390,1.7599249858621317e+52
2391,8.786274629032405e+58
2392,2.4277685752840374e+44
2393,8.835342251554788e+39
2394,3.293630818513723e+42
2395,3.6689545684017135e+59
2396,4.716663165500924e+49
2397,1.068174215918172e+52
2398,3.6799806944493557e+43
2399,6.55132588376428e+36
2400,2.6445020930540355e+58
2401,3.4914017747590618e+44
2402,2.3267737704098518e+48
2403,1.4853193821296358e+44
2404,1.3108573742101514e+59
2405,5.080898628948744e+53
2406,3.89501436780233e+56
2407,1.8816164962226076e+37
2408,3.4866959641194574e+59
2409,6.936324359982898e+56
2410,1.8830834846205597e+59
2411,3.624337286615021e+57
2412,1.4097897044846503e+59
2413,1.670886029288074e+59
2414,1.4862644724845126e+35
2415,4.279392205850436e+59
2416,1.4359517857138088e+48
2417,1.532952715428198e+45
2418,2.951696561021245e+58
2419,3.2329980039783727e+59
2420,8.514471661357409e+57
2421,3.872064904017504e+57
2422,1.0090859697104599e+53
2423,4.696116442234893e+57
2424,8.585000702286355e+59
2425,1.0733955504251163e+59
2426,2.0793333198762566e+57
2427,6.033642571598328e+36
2428,2.3715075499471137e+47
2429,4.2621445847731675e+39
2430,5.492070293054887e+53
2431,1.4698382968103322e+36
2432,8.401408677301012e+42
2433,1.2004074338948823e+41
2434,4.0427291233461755e+39
2435,7.136980304840463e+38
2436,8.680997036666266e+57
2437,9.403559313105358e+59
2438,2.0297334494519195e+46
2439,2.6489160855706107e+37
2440,1.6017964235939378e+49
2441,9.29905818562187e+59
2442,3.658388854583216e+37
2443,3.4627308117379676e+59
2444,3.340391592374507e+59
2445,2.688654652064449e+37
2446,7.32386055921754e+54
2447,4.928651951368031e+53
2448,1.2027445627936238e+58
2449,1.6970175580186844e+58
2450,4.685079057598422e+44
2451,5.406044130358156e+55
2452,1.0837871550767139e+37
2453,1.8518848877409554e+42
2454,9.049625428337203e+35
2455,5.661588165751332e+55
2456,2.635162108620972e+48
2457,2.5581442664326085e+43
2458,1.391447242670306e+58
2459,3.5381221849065966e+47
2460,5.634347676651117e+53
2461,3.3623269409702594e+58
2462,1.417416285198449e+60
2463,3.796134590388954e+49
2464,2.0114560403492785e+42
2465,7.471168039337149e+58
2466,5.8371703417847366e+53
2467,3.3847034597549266e+44
2468,3.5744619255053237e+59
2469,2.3678348994767166e+49
2470,1.2361589421283484e+37
2471,1.0860288309799664e+51
2472,2.6421599509408976e+44
2473,2.9529146872646427e+43
2474,1.4586863760666432e+59
2475,1.2127605928873594e+52
2476,9.104000095250997e+56
2477,3.941504068462934e+58
2478,9.8584812601626e+37
2479,7.373413075596725e+59
2480,1.199809334323122e+37
2481,4.6454081324030744e+48
2482,1.5610768707519132e+58
2483,4.54472143364935e+52
2484,1.2656142569923952e+48
2485,4.529735001658883e+50
2486,2.1007438994952628e+39
2487,6.342074838630867e+57
2488,1.8898191785296648e+57
2489,1.2998561887763106e+55
2490,7.112960395038389e+39
2491,2.5745858553419084e+48
2492,1.5528475907203005e+47
2493,2.7088897239648324e+56
2494,7.00362851196981e+59
2495,1.1140596014839962e+52
2496,5.871747790657048e+51
2497,4.2368051771655164e+49
2498,4.8335715901604856e+55
2499,1.8009163181918315e+51
2500,2.369297728136179e+59
2501,5.037200650529326e+47
2502,1.1319013211352518e+37
2503,9.473917437529184e+51
2504,1.830841273572073e+45
2505,4.001484317115715e+58
2506,1.0514906196368957e+40
2507,4.621914380304933e+59
2508,4.891478129101469e+52
2509,9.919731168656568e+47
2510,8.143149929295103e+39
2511,4.601656515191294e+57
2512,1.3619085449382945e+44
2513,9.31251121998575e+52
2514,2.0280404278299035e+56
2515,2.1257427454788094e+45
2516,7.901068262803614e+55
2517,3.227811241839193e+59
2518,9.08787995889892e+58
2519,4.239923775747219e+45
2520,3.0828799104358005e+51
2521,1.6581599439501152e+51
2522,6.222233040879989e+51
2523,7.133178379741474e+48
2524,7.502704283935691e+57
2525,7.300442994532134e+57
2526,1.377596594797778e+45
2527,2.772162004307707e+54
2528,2.172998396649346e+54
2529,1.543769499265037e+58
2530,2.4030234314466457e+53
2531,1.2542878645036297e+60
2532,1.2738322175078546e+38
2533,3.942682031817924e+36
2534,6.176323206729947e+37
2535,1.710067875903504e+58
2536,1.8858832488811333e+36
2537,5.985291625726546e+42
2538,5.411761823824369e+59
2539,4.13588760643154e+59
2540,6.259284930361603e+58
2541,4.110565357047931e+59
2542,6.263627922322189e+52
2543,3.512646792797931e+47
2544,5.671535523576985e+53
2545,2.203417893852999e+42
2546,6.71585000142882e+52
2547,3.797469321979474e+48
2548,5.751340999423954e+59
2549,2.74992535391512e+54
2550,6049.091191094377
2551,9.502562854920763e+52
2552,4.210127296469971e+57
2553,1.0833862091220811e+40
2554,1.1089595676226852e+38
2555,1.012318402655346e+59
2556,3.4457638975579365e+43
2557,3.0824999613306225e+58
2558,1.7895135180095784e+59
2559,1.123186256430065e+54
2560,6.415879564920009e+58
2561,1.0261404159424115e+60
2562,2.627537890549768e+54
2563,3.60176671659764e+46
2564,9.813089923336801e+53
2565,1.070418436464911e+57
2566,3.2852959317149965e+53
2567,2.5376468130517905e+41
2568,1.2937814423608973e+58
2569,1.2088264514178027e+44
2570,1.1030065333813767e+54
2571,1.4973311060919406e+56
2572,3.931354119536002e+54
2573,2.3563544153115572e+48
2574,2.3087835499601587e+42
2575,2.079263987153988e+59
2576,8.166285591518056e+42
2577,2.4133651066788084e+59
2578,2.805819469778024e+51
2579,5.977534157329251e+54
2580,6.735455086325748e+37
2581,8.517341518869843e+58
2582,1.1479757107006457e+54
2583,2.5094763079931495e+45
2584,2.569122062181077e+35
2585,6.216559460724005e+58
2586,7.318326516751995e+54
2587,5.454720972770596e+45
2588,1.5829569812637696e+56
2589,2.3214878115510377e+49
2590,3.124063622846418e+42
2591,2.103037626777966e+54
2592,1.4301099498914023e+59
2593,7.416153328723943e+45
2594,7.368298701644364e+47
2595,1.9977087092181514e+42
2596,4.852351474306863e+57
2597,8.588858657317567e+39
2598,3.4878891679528914e+59
2599,1.6196707046128722e+59
2600,3.616876293895233e+44
2601,1.2279016314552387e+36
2602,2.054125026235014e+57
2603,6.495722129167269e+54
2604,8.149655775162255e+59
2605,2.2397985588572083e+57
2606,9.816144014184911e+47
2607,1.3488448466446338e+58
2608,4.746151157673297e+59
2609,4.338210261265821e+56
2610,7.707264143033224e+56
2611,3.3038476610101825e+59
2612,2.9056206384921737e+35
2613,4.782094338179617e+41
2614,3.0789234237813244e+41
2615,5.441518046771868e+53
2616,2.156091632513018e+47
2617,5.431503535146242e+49
2618,9.306468988986257e+43
2619,4.90328088164842e+54
2620,3.3311806203415864e+42
2621,1.055365489989399e+60
2622,2.515926839305941e+56
2623,1.8879031368028112e+59
2624,2.9740762873424273e+54
2625,1.9603528001357185e+44
2626,9.634068229577936e+57
2627,5.1958472740230334e+57
2628,1.4785738346511577e+55
2629,1.3948247558031315e+54
2630,3.076612095176829e+49
2631,2.8136114590069477e+58
2632,8.459762375255753e+58
2633,8.657472913522092e+55
2634,1.7797443206349409e+59
2635,8.45493467947934e+59
2636,3.2005758806278884e+41
2637,1.8616411654290332e+36
2638,1.0610045852344833e+52
2639,3.196591476681617e+59
2640,1.1710728343781782e+37
2641,8.858865720513131e+59
2642,2.3732904173439035e+48
2643,1.9640675903952806e+48
2644,1.2475495165781915e+43
2645,3.75084713452662e+51
2646,2.537837823215639e+46
2647,2.951845117092789e+55
2648,1.6511903022206945e+36
2649,1.1358448260199473e+54
2650,1.0883570652108552e+56
2651,2.5315391958601143e+38
2652,1.7834199713859085e+58
2653,8.08962808863247e+50
2654,1.1684844809498022e+45
2655,1.1652941265000467e+43
2656,7.992774022314002e+59
2657,1.8549302013025145e+50
2658,1.3548312615636712e+53
2659,1.2510345725535553e+52
2660,2.8319157643386365e+59
2661,1.706460759174732e+43
2662,3.5568863128042637e+46
2663,3.715065761963318e+56
2664,2.562830567795961e+36
2665,3.85940535269477e+47
2666,1.1011277609784498e+41
2667,2.107977157359307e+50
2668,2.0034133266227483e+51
2669,1.984495823203762e+37
2670,3.1069219880119778e+56
2671,1.646530138789646e+42
2672,2.616455797834969e+48
2673,5.876780928277696e+42
2674,1.2403967456518745e+56
2675,7.014255750469498e+59
2676,2.224747618854269e+53
2677,3.101123854680539e+48
2678,1.2304749924052691e+58
2679,5.830703353657639e+43
2680,8.792579365140001e+54
2681,4.54472987211038e+43
2682,1.0868267801447484e+59
2683,1.1659292237575511e+45
2684,1.9963985816192917e+44
2685,5.810383830631661e+39
2686,1.637319354654967e+44
2687,1.3463612943312935e+55
2688,3.8381103044575645e+59
2689,1.421208866227009e+48
2690,6.744813367906877e+46
2691,1.8498216681177573e+48
2692,3.63144278678059e+36
2693,2.588454576452101e+59
2694,6.081708471570409e+50
2695,6.794142910833373e+52
2696,2.9823590886398983e+57
2697,3.4005211837090643e+47
2698,9.199737430655235e+55
2699,3.660924789712356e+55
2700,5.401543613139621e+41
2701,3.9518899913801e+38
2702,9.667104466292728e+57
2703,1.1369255592220746e+54
2704,2.2949301227966187e+59
2705,3.890416871504493e+55
2706,2.3075942721256975e+38
2707,2.3828500388233647e+56
2708,1.4754852019594382e+51
2709,3.385516790105876e+57
2710,1.0002820895934347e+51
2711,6.312102433435066e+53
2712,5.197411038258231e+45
2713,3.56958374680802e+39
2714,3.9749296566047244e+52
2715,1.816436920280078e+55
2716,5.500109030545254e+43
2717,2.8072760429700457e+54
2718,5.81356414025056e+53
2719,1.2271755241683814e+48
2720,1.350475583452985e+49
2721,1.4782843321509396e+37
2722,5.1309282757847016e+54
2723,4.5523443929205445e+54
2724,5.965218737061547e+54
2725,4.074519858160422e+58
2726,1.2873114206555958e+45
2727,1.1040747953389745e+38
2728,3.57873068412641e+58
2729,2.1094226628478247e+43
2730,1.687617011051237e+45
2731,6.988276472022984e+45
2732,2.8068248685650944e+47
2733,5.075392554195764e+57
2734,7.564429114815607e+59
2735,5.464002899390923e+39
2736,1.8356928467636588e+46
2737,4.6020886476883347e+58
2738,9.132754673340535e+56
2739,8.806330483180834e+59
2740,2.349879104906045e+59
2741,2.3025751293348895e+56
2742,4.222526831437031e+59
2743,6.683435937665023e+52
2744,2.197998965133276e+59
2745,2.425600558877944e+53
2746,8.368609779554805e+51
2747,5.677056760999778e+58
2748,9.596181813938394e+58
2749,1.6766015315785123e+46
2750,1.2535869348503456e+53
2751,3.848187340301327e+53
2752,6.605114175866603e+37
2753,3.480587389317415e+43
2754,5.113635636314632e+55
2755,2.6004000675037966e+55
2756,1.113057679721444e+60
2757,1.363833265917904e+54
2758,2.010970365092609e+44
2759,1.0874862908075562e+56
2760,4.2690625802881295e+42
2761,1.3777543305491586e+58
2762,9.964038103183734e+56
2763,3.5151180117653635e+50
2764,2.5938533253952344e+47
2765,1.529301105305545e+50
2766,8.744793879727044e+58
2767,1.8413456438543152e+59
2768,1.6998099875960785e+47
2769,1.6649400183196525e+59
2770,4.149732840856378e+50
2771,1.9726071227182253e+57
2772,1.264658286020983e+59
2773,1.1412415819365447e+59
2774,4.3071949093139837e+49
2775,6.737235271760115e+36
2776,7.117302481724622e+54
2777,2.1605925605613917e+56
2778,3.653430073692172e+58
2779,1.0063442506645223e+56
2780,2.9833596573656254e+58
2781,8.66738399462949e+38
2782,1.99245227963706e+45
2783,4.63596800915269e+56
2784,3.2793638184751883e+52
2785,2.602625582400119e+53
2786,3.862623779061804e+35
2787,3.598104233860532e+58
2788,1.4700866348991981e+59
2789,3.98655279337355e+50
2790,1.483460665104536e+50
2791,8.98682920819734e+56
2792,1.0710172051132744e+60
2793,1.8603560656747546e+59
2794,2.2064559018707492e+46
2795,8.563489135307101e+54
2796,1.793630571208495e+41
2797,6.431707571446528e+50
2798,6.982646924488711e+57
2799,1.6087072515453864e+59
2800,7.165083179946503e+51
2801,1.0412956765728312e+55
2802,6.858867044862249e+48
2803,5.54422100725597e+53
2804,3.5866377941318453e+47
2805,6.612613151002262e+36
2806,1.459072637919751e+59
2807,9.898095022358669e+57
2808,3.515399723739943e+57
2809,2.0522196651321037e+51
2810,9.424572876200207e+42
2811,1.7272359234398483e+58
2812,2.133260378675627e+59
2813,3.2080520417616183e+56
2814,1.601863103516588e+57
2815,1.1596778929038224e+43
2816,1.4844716167930081e+59
2817,6.004755743081561e+50
2818,9.696893250004075e+59
2819,6.721592767785253e+40
2820,5.319055955551151e+55
2821,3.388324015789445e+48
2822,1.313611659232812e+59
2823,5.335933050367159e+46
2824,1.833316391601503e+46
2825,1.8528659095712813e+59
2826,4.688400428847373e+59
2827,5.742811138750548e+43
2828,8.168102015693e+47
2829,3.5878118578852294e+37
2830,2.8536802613775454e+48
2831,1.9010872982773538e+43
2832,1.3595962419915868e+54
2833,4.093944531789148e+58
2834,2.585753143873658e+49
2835,3.821204923310226e+57
2836,1.7532121290484743e+46
2837,5.926153722070531e+40
2838,1.0483008372544779e+38
2839,5.9220289378446225e+47
2840,1.3831641209008513e+57
2841,9.226544804114983e+34
2842,1.3928701152713844e+45
2843,1.0100086416364662e+58
2844,9.898964076541052e+41
2845,3.7266908381429776e+45
2846,2.1175462512425203e+57
2847,8.666921774906671e+56
2848,1.0068748370991843e+60
2849,3.794647030051774e+58
2850,1.9220597157960431e+56
2851,8.105520879351457e+39
2852,4.465272053028835e+57
2853,3.3966328413071313e+59
2854,2.6572147047151524e+42
2855,1.323434099874326e+55
2856,3.6028541719438987e+56
2857,4.486787519255187e+54
2858,1.5166756815727048e+59
2859,5.096437023197129e+59
2860,1.2618329092823456e+46
2861,3.5586275628654595e+43
2862,2.1977914423287887e+54
2863,7.407677826529405e+57
2864,5.865084410344827e+56
2865,7.933505116192109e+57
2866,2.14780581185728e+42
2867,1.0344972145725455e+57
2868,1.7108475192448603e+58
2869,1.9156884710354774e+37
2870,1.9117728692050415e+56
2871,6.414487471129221e+58
2872,6.213670695030642e+38
2873,1.0888766321496943e+57
2874,7.123921317204756e+39
2875,1.817515415816114e+38
2876,2.1919020710681342e+58
2877,3.469637847726203e+51
2878,4.514298327213155e+45
2879,1.8633199586385094e+52
2880,8.93882449005233e+36
2881,1.0334626116378201e+47
2882,1.3468091145770612e+60
2883,5.475913462148833e+48
2884,3.486235390335111e+39
2885,3.849763617513537e+50
2886,3.062545872688964e+38
2887,3.095101570180023e+38
2888,7.056919929628906e+43
2889,1.109938906294248e+45
2890,7.43617055907079e+56
2891,7.304365671474077e+47
2892,1.4349650218142362e+54
2893,1.0065792638035048e+59
2894,2.58673955154198e+52
2895,7.231511566550413e+59
2896,3.1384858025699364e+47
2897,5.162452938929822e+54
2898,3.2371250415868165e+59
2899,6.482487893830961e+54
2900,8.077460733196437e+53
2901,7.848950540827104e+48
2902,4.622857322935768e+39
2903,8.034721377424213e+51
2904,1.0255103205352827e+60
2905,4.118521809390288e+48
2906,1.463521104117906e+46
2907,3.227706964460207e+53
2908,1.3402724796994224e+58
2909,3.0658713363384236e+45
2910,1.7432753182215136e+56
2911,3.400953588309324e+46
2912,3.414273152980317e+52
2913,2.1331550861212454e+57
2914,1.7615060455911788e+58
2915,1.2587633107794946e+55
2916,2.0940853828240477e+40
2917,1.1303750777356776e+60
2918,2.8570123112781362e+41
2919,4.128977229518564e+53
2920,6.991601667096257e+49
2921,6.5447502756814565e+56
2922,1.796932110070556e+38
2923,9.501407547176407e+51
2924,4.518194654323559e+59
2925,6.292705110537026e+50
2926,1.462913083250576e+55
2927,3.0702385597914614e+36
2928,5.264486217696396e+53
2929,1.0414496860203261e+45
2930,1.9532159231908767e+59
2931,5.0922035729268177e+45
2932,3.7032057419415765e+19
2933,5.834144710988559e+54
2934,7.189305010568987e+52
2935,2.4903852302723962e+50
2936,6.222869379851881e+51
2937,2.304046412979346e+39
2938,2.1174564983422395e+58
2939,1.1608990267116644e+50
2940,1.0368365359915885e+51
2941,9.879715024501591e+39
2942,9.137024623789993e+50
2943,3.249425145277347e+44
2944,1.012587307954358e+60
2945,1.0594849018594233e+47
2946,2.434137632232695e+50
2947,3.237876018575756e+56
2948,2.6669616337814822e+59
2949,1.2763353097114288e+38
2950,2.1412041777695914e+47
2951,1.6585742964793094e+54
2952,3.668233052983994e+57
2953,2.850155685028508e+59
2954,3.5872153836327907e+47
2955,6.0580499119929e+53
2956,2.5180915127653245e+42
2957,2.7099738352763786e+50
2958,2.4560561266148814e+58
2959,1.0136079918610996e+56
2960,8.21969948747678e+59
2961,1.1657729022858918e+36
2962,1.2911280764561714e+60
2963,4460836.6021415
2964,3.568447841183786e+56
2965,2.208490380365965e+44
2966,5.028080852658446e+40
2967,3.831498125749142e+58
2968,2.014380243798612e+55
2969,6.368174481022343e+56
2970,6.431297880463996e+48
2971,6.332998059726781e+54
2972,1.266035279137616e+44
2973,2.5083309354222068e+57
2974,5.2957914078499725e+59
2975,1.608073512828687e+58
2976,2.6958501900513108e+42
2977,1.0004067734332448e+50
2978,2.720433611196757e+57
2979,2.525882447087538e+54
2980,3.995267426948592e+54
2981,9.413732734812075e+54
2982,2.5442518432371346e+59
2983,1.8806059367263389e+58
2984,6.069490113038843e+37
2985,1.2334883167093639e+40
2986,1.21784062011763e+59
2987,4.630147629312724e+53
2988,3.107365387516828e+51
2989,3.3932065996568063e+40
2990,6.7085334662803e+45
2991,6.2715449077629e+55
2992,1.2664613661864628e+41
2993,1.5207797341250656e+44
2994,1.7066706372975e+49
2995,5.47721712476507e+56
2996,4.553359411344096e+56
2997,3.0178551983875676e+39
2998,3.9236536179475773e+55
2999,1.541451815007859e+50
3000,7.929669427658777e+57
3001,6.656428268688351e+57
3002,3.3594890971945936e+48
3003,2.5547741192182235e+59
3004,3.212508619804259e+53
3005,1.153068762562744e+59
3006,7.780333530845676e+54
3007,4.052750465315696e+58
3008,5.906955677751041e+56
3009,6.08191379048871e+59
3010,5.841796949623788e+59
3011,7.376969505786573e+35
3012,3.6001268531054654e+42
3013,5.975720974479795e+43
3014,9.776505903373695e+59
3015,4.248162112680389e+59
3016,4.19376521391451e+59
3017,1.50618395162574e+50
3018,2.171274357821617e+54
3019,2.0830981264240496e+59
3020,6.221662298592461e+59
3021,5.608505984061512e+52
3022,8.197552224992886e+42
3023,9.262037521583275e+57
3024,4.616567964250713e+50
3025,2.7126647926956567e+48
3026,7.436147422070551e+45
3027,1.2882567638103185e+36
3028,6.255096439306194e+38
3029,2.8190469169535635e+41
3030,9.61588784804328e+51
3031,8.699069911236459e+41
3032,1.347567836776126e+37
3033,3.4339917630304206e+49
3034,5.315575678961895e+40
3035,2.4626364000544614e+56
3036,2.6067284093648184e+59
3037,1.270718196428736e+49
3038,1.0283000112917223e+51
3039,3.607245326981508e+57
3040,3.3938597733718126e+38
3041,1.5509191144729241e+59
3042,8.292631879783948e+58
3043,1.3269899903889308e+58
3044,5.213627289371289e+59
3045,1.4677363928340579e+58
3046,4.485324243005578e+50
3047,1.3436599496700992e+60
3048,5.208831762906196e+52
3049,5.838580434259957e+59
3050,1.94060009074064e+58
3051,3.4433867062268356e+58
3052,3.1897915258886144e+57
3053,1.6364850468349303e+46
3054,2.2875154396524553e+59
3055,3.828037305362782e+57
3056,4.0267069016444214e+45
3057,2.7200757243681488e+59
3058,1.6002116318372974e+43
3059,3.562916278715598e+53
3060,4.089283909661422e+59
3061,8.203265288494026e+57
3062,1.0321629048733266e+60
3063,2.9703086240154074e+43
3064,4.443463450001662e+53
3065,4.502222571728206e+42
3066,2.3254556881890915e+39
3067,3.045343020228779e+46
3068,6.047347214358294e+54
3069,3.1671497753634974e+52
3070,5.377477301884657e+47
3071,3.0255445483694396e+57
3072,3.0532721676325417e+43
3073,5.28724709884444e+56
3074,6.1057763442782516e+54
3075,5.971234011859888e+57
3076,2.28458393670404e+42
3077,6.48553097022644e+40
3078,1.259653300700806e+58
3079,6.468526795223203e+55
3080,1.6293658336765276e+49
3081,1.4237411949811211e+54
3082,2.975991364521759e+52
3083,7.532542188564488e+53
3084,1.0314948257337857e+60
3085,2.6597872506038785e+57
3086,1.2962362030240585e+58
3087,1.3385891786440074e+53
3088,1.5635160724955876e+40
3089,8.406790202313335e+48
3090,2.6357486953473494e+55
3091,5.177800368209243e+46
3092,3.200572866713239e+37
3093,2.6413725473101065e+59
3094,1.3696328998006594e+40
3095,1.8401250054384277e+59
3096,3.225728360916144e+58
3097,4.018914710317082e+49
3098,1.1033911502153802e+43
3099,2.23723371242718e+58
3100,4.437741630232735e+49
3101,3.156470201208251e+55
3102,4.466875670981613e+37
3103,4.532173974469242e+42
3104,7.476051915471833e+59
3105,1.2504507860856647e+55
3106,3.810053505956893e+48
3107,6.660787671957054e+38
3108,1.277758631906917e+59
3109,6.468274924181005e+59
3110,1.8803079168838966e+56
3111,9.727157411256025e+58
3112,1.8739030985654473e+50
3113,1.0537040980004226e+59
3114,5.032412060364292e+51
3115,1.0044482770817204e+59
3116,9.353719294642629e+55
3117,1.4602375917541568e+47
3118,3.9029708644025163e+49
3119,1.29911692045218e+37
3120,1.1873241779164102e+40
3121,8.812804362824761e+54
3122,4.225998341037944e+42
3123,2.078778388477798e+47
3124,4.482115318838036e+56
3125,1.0841978175875181e+60
3126,9.852231090383383e+58
3127,5.76046251398081e+58
3128,1.7600513283646233e+36
3129,1.0173610176158616e+39
3130,6.282409858127546e+58
3131,3.728478085885862e+57
3132,3.171202000568033e+40
3133,1.0257187587429258e+37
3134,7.602931255565125e+30
3135,2.0637306301478006e+59
3136,6.93837497930086e+58
3137,7.123784855285595e+39
3138,4.775392603350729e+53
3139,4.151427035931941e+56
3140,5.9510305110770805e+40
3141,6.806067337800908e+49
3142,3.409978282477331e+47
3143,4.466716818432467e+47
3144,7.855231426620592e+48
3145,1.2710864622303414e+56
3146,3.894868199413799e+50
3147,2.672413696273983e+56
3148,7.940262555288304e+48
3149,1.1470102359876683e+46
3150,4.494047056330298e+59
3151,2.03572549951254e+47
3152,1.6019949630012477e+56
3153,8.55895779298565e+56
3154,1.1791286959203732e+53
3155,5.298511811220609e+49
3156,4.422850248302271e+44
3157,2.038830808883255e+53
3158,5.331999716810372e+55
3159,6.877058104491711e+59
3160,4.249375818498122e+40
3161,5.853625901751991e+55
3162,1.8014921457228396e+44
3163,1.3951902508021345e+59
3164,5.74696646202114e+46
3165,3.063775946606819e+57
3166,1.2573606047496288e+59
3167,2.9027029361647606e+52
3168,6.675999193672135e+46
3169,3.4674825369539254e+48
3170,2.6809720656250284e+59
3171,8.191738274753604e+37
3172,1.0900267852701705e+47
3173,7.065729476866722e+59
3174,6.901653635408935e+44
3175,7.783400621572005e+55
3176,6.129488035801718e+55
3177,3.9423232402024084e+58
3178,2.2887647947236543e+52
3179,7.989666416025312e+43
3180,4.293617070257901e+39
3181,2.394758501003358e+59
3182,1.1894921539224424e+59
3183,3.397500791581615e+49
3184,9.075723389003439e+57
3185,3.165757447677607e+56
3186,6.168171069835376e+53
3187,2.0266060105615666e+38
3188,2.1906303401033463e+56
3189,3.704985929637986e+44
3190,2.078321590869104e+44
3191,3.9299457743450483e+58
3192,5.5801174922155226e+38
3193,2.9142738498451347e+49
3194,1.708166883674157e+45
3195,2.372042556565869e+47
3196,5.086410636367858e+36
3197,6.104461487402322e+59
3198,2.42718121343383e+45
3199,2.157352273980583e+56
3200,6.230451317574713e+49
3201,1.3877607263098795e+58
3202,1.7269636569284637e+52
3203,1.1500347685622981e+49
3204,3.551542246082501e+58
3205,4.8754174221457604e+57
3206,1.4587552900345723e+50
3207,6.989423432595104e+55
3208,1.743486860087659e+50
3209,2.9455583223310835e+59
3210,5.121106487567837e+46
3211,8.150953073401809e+58
3212,7.674042074099504e+59
3213,3.222154510941446e+46
3214,2.5111098717288216e+55
3215,5.172787112465039e+50
3216,1.6720842669847e+53
3217,5.8613348525426055e+59
3218,6.218636966468983e+56
3219,9.483523837484325e+49
3220,1.3485957974573295e+58
3221,7.671176400105356e+57
3222,5.749290785305581e+58
3223,3.39330840896696e+54
3224,4.747368979405091e+59
3225,4.8958459809957196e+51
3226,1.6261486410849366e+58
3227,9.624291741613404e+59
3228,1.2871428230793706e+52
3229,3.100441732835375e+55
3230,2.266285320247902e+38
3231,7.312792956446888e+58
3232,3.51493606705372e+57
3233,4.6611615282053125e+39
3234,1.8291818387503212e+59
3235,2.0041668821761263e+48
3236,2.35581410784061e+49
3237,2.551046609041426e+47
3238,2.7730621483804755e+52
3239,1.1626010172498346e+55
3240,6.052788265181466e+59
3241,2.5155375270414146e+39
3242,1.2911366572332088e+56
3243,1.3393693071620312e+38
3244,3.9145251540671e+57
3245,3.331717934564681e+52
3246,6.202615657175685e+51
3247,2.4336366771916467e+57
3248,2.3881898963036873e+53
3249,3.53723632834259e+54
3250,2.4915709761910117e+58
3251,6.91316430224916e+48
3252,4.598147574125233e+39
3253,4.078805589494283e+44
3254,1.1321412516961127e+47
3255,1.0217821070819603e+60
3256,7.5636909008295535e+53
3257,1.3072292639947567e+36
3258,4.428127332475595e+41
3259,1.1316334751977655e+60
3260,3.149947124891959e+44
3261,1.3632855380648396e+45
3262,4.546177420019732e+59
3263,7.435185564074868e+59
3264,1.8338264262800717e+41
3265,2.215966229691498e+59
3266,7.451822289697313e+52
3267,5.1508343653205e+59
3268,3.0141902115550514e+58
3269,7.06989101071729e+58
3270,9.433263914849192e+59
3271,2.7843193713116837e+59
3272,4.984139867987563e+59
3273,1.6980839216871955e+54
3274,5.218780391802315e+50
3275,1.2470676259616836e+40
3276,3.1140195238529478e+59
3277,3.5072526894990026e+59
3278,4.204250815710876e+41
3279,3.222998378033647e+44
3280,1.428274713987946e+43
3281,7.270160022315283e+54
3282,9.649536488237731e+57
3283,1.3810641465934953e+55
3284,8.714031202136267e+59
3285,8.021004211782528e+46
3286,2.0750391241741078e+58
3287,2.5492843086409427e+42
3288,1.2090903206916996e+58
3289,1.5432786107152303e+57
3290,1.5029572558144132e+58
3291,1.3227654496105213e+53
3292,2.9838574160444894e+43
3293,2.1661535009245564e+44
3294,2.092203628177895e+52
3295,5.148021731576233e+37
3296,6.088640327491091e+59
3297,3.855448360381944e+58
3298,1.1626975524673823e+59
3299,7.499193532402812e+36
3300,6.439656514895053e+58
3301,1.1101340835370667e+59
3302,1.425259613086494e+60
3303,6.86629423599848e+47
3304,5.814619547999771e+49
3305,5.928805420042341e+58
3306,2.2568686557514132e+57
3307,7.530036507278803e+48
3308,3.9043638231251602e+59
3309,3.538085540423664e+38
3310,1.1461911705524634e+56
3311,6.30188426395981e+56
3312,1.0160844376494946e+53
3313,5.236869944003383e+37
3314,7.416297122114521e+54
3315,1.7640802227271498e+55
3316,1.8465319858387028e+40
3317,5.880549521543796e+58
3318,3.961591172047284e+59
3319,5.531435808374417e+59
3320,2.2027861810532156e+38
3321,1.1546914454198052e+56
3322,1.1949742570111702e+38
3323,2.983877333011537e+52
3324,2.177046377651954e+49
3325,4.828436302506487e+40
3326,2.622115357118016e+58
3327,6.959919967375337e+49
3328,2.7022501228971165e+45
3329,5.497210403564119e+59
3330,2.1503812767886258e+48
3331,1.2589971413003511e+54
3332,8.49904034924851e+59
3333,7.271297293301108e+55
3334,1.3686172455818262e+53
3335,4.63568623285864e+59
3336,4.850867212807898e+37
3337,1.5175108318517317e+47
3338,3.5622765746095173e+59
3339,2.9562758083218903e+46
3340,3.988486190691986e+58
3341,1.9172325100294893e+52
3342,1.9500823827214706e+56
3343,2.720101745967381e+36
3344,1.965498570462745e+53
3345,1.2698178582757087e+43
3346,1.683861452758712e+48
3347,1.5724034310993935e+40
3348,1.0879651766233518e+53
3349,4.569022308326246e+35
3350,6.95745087328645e+41
3351,8.497355706357756e+37
3352,7.283504219230049e+44
3353,9.01954888550668e+50
3354,3.708147409087405e+44
3355,1.272852733295005e+49
3356,1.1325883779238195e+52
3357,6.753200474198618e+52
3358,2.864336870896136e+57
3359,7.828876775220544e+44
3360,3.0444261219947995e+40
3361,3.3897622110639584e+37
3362,1.3104839464880079e+48
3363,3.713291088060919e+50
3364,8.467150332249976e+56
3365,1.2314027748097204e+59
3366,5.9673746840728205e+50
3367,1.7820858421226997e+46
3368,4.895306804641743e+59
3369,1.1948213371483045e+48
3370,5.0120609954884216e+58
3371,3.6036599235730433e+56
3372,3.6058295583381425e+48
3373,2.5165826145690705e+55
3374,8.7420625756489e+37
3375,6.925448660544457e+44
3376,3.053592679637091e+39
3377,1.6941199121282922e+54
3378,6.994999013086485e+54
3379,6.416732551932733e+56
3380,8.028218255467886e+45
3381,1.1728064021494904e+60
3382,1.732141493427123e+58
3383,6.490539459768821e+58
3384,3.035361997980248e+48
3385,1.864240481446839e+58
3386,1.6524758161309177e+56
3387,6.688149521622963e+51
3388,1.4622610041923867e+40
3389,3.524647856372971e+53
3390,1.5989728260629506e+39
3391,3.0748532061138566e+59
3392,5.144233267389878e+58
3393,6.407399374234147e+40
3394,9.648796964740034e+53
3395,2.5625005348180277e+48
3396,2.4032745780906205e+43
3397,9.785183669368206e+51
3398,1.571296317136381e+51
3399,2.401044351245374e+50
3400,8.551664090096864e+48
3401,3.634480495716644e+59
3402,1.8205005217695686e+39
3403,1.9163488543948767e+53
3404,2.043355757925981e+53
3405,4.577412428871286e+57
3406,9.085082082371931e+38
3407,7.621432670667395e+58
3408,1.9757264143879546e+42
3409,2.704938417476208e+56
3410,5.279836454375635e+55
3411,1.1796541601309623e+40
3412,1.5218409823427335e+59
3413,2.2243104530058053e+47
3414,4.1116940808549514e+40
3415,1.784660490457362e+58
3416,8.123293516470484e+51
3417,3.197577318586122e+45
3418,5.7360802414542675e+51
3419,5.000379060051658e+55
3420,2.132472576446329e+43
3421,4.4745906691800784e+42
3422,7.191382552783815e+55
3423,5.3257292123303405e+47
3424,8.926825594223941e+41
3425,3.2875213687118566e+53
3426,6.0674633812832716e+57
3427,4.925931150311473e+59
3428,3.8143339517829092e+40
3429,6.602416690082617e+57
3430,6.0739364827886005e+41
3431,7.018280131563518e+59
3432,1.9231184619908017e+56
3433,1.7651725393678257e+58
3434,3.1540456612273757e+59
3435,1.0407543735047379e+59
3436,3.833625237750523e+44
3437,1.42787430541187e+55
3438,6.52063378714009e+58
3439,5.53234075395393e+52
3440,8.162219642821991e+58
3441,3.2776272693813876e+58
3442,1.526019036176904e+59
3443,1.0108720528850215e+54
3444,2.695685742333623e+59
3445,1.0486876821849974e+41
3446,1.7665399485693033e+45
3447,1.2238678755865959e+58
3448,7.736651279622996e+50
3449,6.3693784386699995e+44
3450,1.2285759056114526e+58
3451,1.2273005565019314e+54
3452,3.3015417125965263e+53
3453,2.6688377086540128e+41
3454,6.544981849327777e+49
3455,2.680720641398578e+39
3456,1.3212396014678976e+55
3457,2.912271342188597e+48
3458,9.361454150836806e+45
3459,4.879242794244062e+59
3460,8.960387563328528e+49
3461,2.477438035011257e+55
3462,2.937077293224391e+41
3463,2.187097964648118e+59
3464,4.1190317514309007e+46
3465,1.5700875993676824e+50
3466,1.4227990402643172e+53
3467,8.526276610847735e+52
3468,2.1059289863935864e+59
3469,1.9315938841074522e+50
3470,2.947203269252313e+42
3471,2.090023611111055e+38
3472,6.553464346762913e+45
3473,3.32963893236944e+35
3474,1.7505886692919418e+37
3475,4.46693912105243e+50
3476,1.9743089070959648e+43
3477,1.293251124449824e+58
3478,7.857911639070484e+36
3479,2.945539592748863e+59
3480,2.2252042713390113e+58
3481,9.902411506123643e+55
3482,6.622950396320461e+56
3483,1.1932609702399022e+53
3484,1.7240013316871497e+53
3485,6.556599687440843e+53
3486,8.730033229154168e+57
3487,3.1758422275393033e+58
3488,4.847658122052222e+56
3489,9.136995654139784e+53
3490,1.6547033411675796e+38
3491,3.1391350254060613e+59
3492,1.3690342351225074e+37
3493,1.0707207774012202e+49
3494,3.024022310069649e+48
3495,2.987524364822744e+39
3496,5.6873655506112e+56
3497,5.0276834946519284e+51
3498,2.3504105195562713e+51
3499,1.4186478711566995e+58
3500,1.8278766055897656e+53
3501,6.153881914995759e+59
3502,2.0729248177792824e+56
3503,1.8104506898101076e+53
3504,3.298243459165632e+53
3505,5.090400267042873e+59
3506,2.8545106582404786e+53
3507,3.422237962759182e+52
3508,1.0210959350084254e+47
3509,5.43982543927484e+59
3510,1.4844363786613523e+45
3511,6.080310066249303e+59
3512,4.483707291664039e+59
3513,1.5543361666964276e+42
3514,1.0954257485420467e+52
3515,3.618663494597467e+38
3516,7.776732839827346e+57
3517,7.076138058936345e+56
3518,3.29289664373613e+56
3519,2.0241269596968304e+59
3520,2.3565614292711783e+44
3521,4.1741583680182895e+59
3522,7.13484446643695e+40
3523,5.569525634019645e+55
3524,3.6923060835891856e+42
3525,6.422595807024815e+41
3526,1.8578304762193807e+37
3527,4.511816895691858e+59
3528,1.0289803232075645e+58
3529,7.828683698181395e+41
3530,2.0021877731154696e+38
3531,1.345664309758696e+45
3532,1.3025129099980468e+43
3533,6.434029531601656e+59
3534,6.686939698248905e+52
3535,6.788829372781759e+47
3536,8.54594712684358e+58
3537,2.7556179380870834e+51
3538,4.4504031890195545e+58
3539,1.6984232613055062e+48
3540,7.81368450926141e+50
3541,3.9341010767496615e+54
3542,1.3007628869080758e+51
3543,5.270348784427924e+49
3544,1.493971573099556e+42
3545,1.0780570994787533e+60
3546,8.218521137420172e+39
3547,1.2576441314798351e+54
3548,6.85525151746329e+51
3549,2.473677042659116e+58
3550,8.237949905096568e+52
3551,7.252922139457483e+56
3552,2.795328867447253e+38
3553,3.163413464903193e+39
3554,1.3542170212708092e+43
3555,6.37001553517815e+57
3556,2.6162831338088924e+46
3557,1.570172421684699e+40
3558,5.496383877138566e+54
3559,4.785794218303349e+59
3560,1.5625082351291446e+49
3561,1.855865709991119e+57
3562,4.969837332607471e+35
3563,9.828824134996379e+45
3564,6.136761840164458e+56
3565,4.6008321350007557e+55
3566,1.325348314319371e+49
3567,1.4085499582027802e+55
3568,6.41337593507275e+59
3569,1.62008590999886e+43
3570,4.837678814338341e+50
3571,2.5191301096091035e+49
3572,1.3135602494253033e+59
3573,5.698031315046142e+56
3574,1.2228246077684265e+42
3575,1.952996669772402e+50
3576,1.8547058050599864e+59
3577,4.8592939328680205e+58
3578,6.971821669479771e+44
3579,1.241392630329129e+43
3580,9.192210768107643e+58
3581,4.096095370028031e+40
3582,3.144789989375855e+44
3583,7.38850107605727e+35
3584,7.506370485369225e+35
3585,7.056240395936068e+39
3586,3.2481251874612686e+45
3587,1.0644812316387124e+60
3588,3.9672995810190695e+46
3589,3.072965201385577e+50
3590,3.797881322994263e+43
3591,1.472865643770154e+59
3592,2.5187241099254185e+37
3593,7.721633612850224e+59
3594,3.5238190230429375e+51
3595,3.0278267518536074e+54
3596,2.69885028792867e+37
3597,1.9379704461144757e+48
3598,3.888544146322994e+57
3599,4.351613592554267e+59
3600,2.3069922748752999e+49
3601,5.665433695274413e+59
3602,5.868258965966847e+35
3603,1.3814611573234356e+51
3604,7.270458384095003e+39
3605,1.3358939911295948e+58
3606,4.678394144219056e+50
3607,6.137206433536055e+56
3608,3.0653032839612954e+43
3609,1.9029445724565264e+52
3610,8.046477823736163e+47
3611,5.669888571124632e+39
3612,1.9549351541301217e+58
3613,1.4298809753276806e+37
3614,3.8759402018411706e+42
3615,1.547991121180308e+58
3616,3.021169809656758e+57
3617,7.57569700335604e+49
3618,5.636653064683119e+55
3619,2.3898771492679884e+47
3620,6.368948435733842e+49
3621,8.470493850936441e+49
3622,1.777547012446711e+54
3623,1.9790195128921564e+59
3624,2.329772237669222e+56
3625,7.348211250257721e+58
3626,3.7350392534630696e+59
3627,1.9485170436408671e+59
3628,3.322355938990118e+52
3629,3.59241441454551e+54
3630,5.892539660775152e+59
3631,7.80050441516337e+40
3632,3.966486556644981e+59
3633,3.613357493548808e+53
3634,7.657689313244187e+49
3635,5.084527227528358e+59
3636,1.1764050352011517e+46
3637,6.802658465782524e+39
3638,3.71287639180013e+44
3639,7.891585906078528e+52
3640,1.4466230662576765e+58
3641,9.031505462602634e+57
3642,8.59908582745003e+57
3643,1.4433833564154258e+59
3644,3.043420928563087e+49
3645,7.932074591665045e+58
3646,1.61440954757964e+53
3647,5.489510391575395e+57
3648,2.9626335486163704e+44
3649,1.4239234415682672e+50
3650,3.0887926396034666e+47
3651,3.669944050014556e+55
3652,3.076533526974383e+51
3653,2.4679346823361237e+57
3654,2.7158330672264046e+38
3655,1.4613723098646818e+59
3656,7.146767166830306e+55
3657,2.2914714372092293e+54
3658,6.025265332054693e+56
3659,8.179453650730482e+36
3660,7.77661237841567e+53
3661,1.7967789394268193e+54
3662,1.4882172829751577e+54
3663,1.2042360997120779e+45
3664,1.2074020455784087e+53
3665,7.363671235728205e+55
3666,1.8642198531132466e+54
3667,1.684546128578463e+38
3668,1.0636380400288998e+48
3669,4.938908069058337e+59
3670,7.97692902988275e+43
3671,3.8622110574760875e+37
3672,1.5186075509167749e+57
3673,2.833470696932306e+58
3674,4.453916842088481e+56
3675,1.4896546798261993e+38
3676,6.325301929018152e+43
3677,7.5742695037216405e+56
3678,7.970162019661438e+43
3679,9.44005737357905e+53
3680,4.919325865745487e+53
3681,5.81286327944684e+46
3682,8.91999707635665e+41
3683,2.332608681914963e+43
3684,1.6585141457733942e+59
3685,3.707918062598064e+55
3686,1.5471458267018295e+56
3687,7.17460279873511e+55
3688,6.626869183992477e+52
3689,3.0034039077187584e+58
3690,9.83189121664652e+59
3691,3.9079017322517007e+43
3692,4.0035675479705256e+54
3693,2.6687214654278912e+57
3694,9.218361213621728e+47
3695,6.826996967910192e+59
3696,1.484340762876706e+58
3697,1.1182087963171952e+50
3698,1.873106485212007e+52
3699,3.7993988712180363e+37
3700,8.636696104829064e+43
3701,4.928912282358232e+50
3702,3.3512739149585975e+55
3703,9.37151906847746e+56
3704,1.8668415582592847e+53
3705,3.746212413078159e+58
3706,4.313493858811841e+53
3707,3.7233783028263785e+51
3708,3.2399202166558554e+59
3709,7.750698355310009e+36
3710,2.2237178481352038e+50
3711,3.498187428450679e+59
3712,6.709122206850541e+58
3713,6.23393829314136e+54
3714,2.5758890761809318e+39
3715,1.194812708848759e+53
3716,4.990298571724582e+57
3717,3.2125941756282887e+46
3718,1.427588802665841e+60
3719,1.3740964512820846e+60
3720,6.088505525414097e+58
3721,1.7780063612283658e+59
3722,3.406900631101888e+45
3723,1.3822425686339727e+55
3724,1.7818422591912974e+58
3725,2.0798514594198476e+53
3726,1.0197200587193905e+36
3727,2.794264488482518e+53
3728,1.6064677946758882e+58
3729,4.1721924056854087e+58
3730,1.3721700910754785e+41
3731,1.164281683075705e+43
3732,4.683829868800097e+57
3733,2.3268759575582454e+59
3734,1.203624268347636e+39
3735,1.8294802075502974e+36
3736,2.3276193243403308e+55
3737,5.779366109518664e+39
3738,4.508704831084619e+49
3739,4.756128216525001e+59
3740,1.1331410290566514e+40
3741,1.4450958250875996e+58
3742,2.9137576739913624e+53
3743,2.1786332636811854e+41
3744,3.427561430722853e+56
3745,2.3436267685291056e+57
3746,4.750862543342219e+42
3747,1.374594104456498e+58
3748,1.5330724111391218e+46
3749,1.9291704358619848e+39
3750,3.218775126828049e+52
3751,1.5747380333308716e+38
3752,5.214199062173351e+59
3753,5.2681118440012686e+45
3754,5.910705372642373e+43
3755,1.5041416921603007e+57
3756,2.2093999287083697e+59
3757,1.7654857828471794e+44
3758,1.3844507315746645e+56
3759,1.3943411637495425e+51
3760,2.896785331508566e+45
3761,1.1155750041806462e+55
3762,2.905559762402807e+44
3763,9.91337351609483e+39
3764,1.1908215828282711e+58
3765,7.039160751653063e+49
3766,5.495365394039814e+57
3767,4.14341516306919e+58
3768,3.5704589630056614e+55
3769,1.5451740879595828e+57
3770,1.1341247604964181e+45
3771,2.364131507342391e+57
3772,9.930088158850721e+51
3773,4.53211685697457e+59
3774,6.694736066353868e+59
3775,3.05589767400399e+36
3776,5.7730897342978396e+54
3777,2.236069789236666e+47
3778,1.8384913111685445e+52
3779,1.1782801595759452e+37
3780,5.893614676343288e+58
3781,3.588814907966252e+36
3782,2.0436680363809653e+47
3783,8.267051811276126e+39
3784,1.3715775221879635e+57
3785,1.7639835111177224e+43
3786,3.019453697564559e+37
3787,1.9187561767841406e+58
3788,1.0071114139273636e+58
3789,3.5858533495973396e+56
3790,5.502885405058761e+50
3791,1.5884055020526164e+53
3792,7.970559884110946e+57
3793,3.4167708807819754e+50
3794,7.748823399180152e+38
3795,1.3132535094160446e+59
3796,9.940247096300077e+51
3797,2.924395496084695e+51
3798,4.8391482747846685e+48
3799,4.915090336569457e+53
3800,8.221557234517427e+37
3801,1.852343550231124e+42
3802,2.749679197343455e+39
3803,2.5814782756808814e+46
3804,1.6531454299548976e+59
3805,1.693704192029227e+57
3806,1.427506236789039e+56
3807,2.001702964718912e+38
3808,1.1110826657745043e+50
3809,3.100865891315432e+54
3810,1.431150784471013e+49
3811,3.984566964906854e+48
3812,3.3559482443414323e+59
3813,2.485086610179142e+36
3814,9.703591219359017e+50
3815,5.83504917221991e+50
3816,1.7737428409439097e+47
3817,3.3110311456938095e+40
3818,3.044782242122613e+52
3819,1.3034169960300844e+60
3820,7.264627435386285e+48
3821,5.036090313303971e+43
3822,1.3042398761749878e+48
3823,1.6927790401650514e+53
3824,1.172959694001784e+38
3825,3.6832075800567955e+57
3826,9.677615743193451e+56
3827,7.896939772459244e+58
3828,2.022436363371744e+59
3829,2.234028458906549e+55
3830,2.167296080657121e+54
3831,1.7646832773558367e+41
3832,5.723445794208092e+57
3833,5.0763805551918756e+45
3834,2.1247715457487953e+58
3835,8.603171435226637e+43
3836,2.393760898234109e+59
3837,4.64177173888597e+42
3838,2.0595398070017413e+52
3839,1.413135495514264e+60
3840,5.283204637723458e+59
3841,7.910911750935996e+36
3842,5.181506933221388e+58
3843,8.542452339588675e+58
3844,2.2365669392974333e+47
3845,6.2104678565266675e+59
3846,1.7275482050420296e+58
3847,2.9004800263912626e+56
3848,2.6371832066581158e+39
3849,1.266833995732718e+59
3850,6.246022179747608e+52
3851,7.741744744868632e+45
3852,9.419654913651334e+58
3853,7.797138049317294e+36
3854,3.4394687593039164e+59
3855,4.914790054528922e+54
3856,1.4306331862945567e+51
3857,3.5103898021781273e+53
3858,3.4373870317772038e+47
3859,1.590617340632557e+36
3860,7.497533777320584e+58
3861,1.050086661678069e+56
3862,3.5556058134195923e+37
3863,1.3451763738244234e+59
3864,2.573241674159234e+58
3865,2.232300275673245e+58
3866,4.3854584341719295e+36
3867,9.274776244076632e+50
3868,5.40182115593734e+58
3869,1.6349035859586217e+46
3870,3.49068781034089e+58
3871,1.9525397854804109e+59
3872,1.9188448295102993e+59
3873,1.9024562572209363e+56
3874,1.3522442150141508e+50
3875,3.293478716318188e+51
3876,1.2430943180006142e+35
3877,7.12090865960371e+57
3878,8.531986030852367e+51
3879,5.789974365337264e+59
3880,1.013155423084626e+57
3881,1.2389492370042058e+57
3882,2.1534365782684222e+40
3883,5.734954888897207e+54
3884,3.923372973754064e+57
3885,8.515738660962577e+38
3886,5.562242955907936e+38
3887,4.99339576782883e+58
3888,1.5240383109222344e+47
3889,2.1197635654238522e+52
3890,1.7192485281624626e+54
3891,1.7231382414109662e+59
3892,1.4271229157504868e+58
3893,4.057612150959198e+58
3894,2.2585113454190897e+51
3895,3.671829938134732e+39
3896,2.1956942396329002e+59
3897,7.680122123089232e+59
3898,6.585414055576579e+35
3899,5.665056345655988e+59
3900,1.0411486785404081e+60
3901,6.905641802838759e+41
3902,3.6903333314852067e+59
3903,1.8045018613689117e+41
3904,1.2122928686061036e+54
3905,2.507073501232049e+55
3906,2.9905662042537006e+58
3907,2.6012888270694054e+49
3908,6.1255789862377535e+59
3909,1.8723858155632197e+55
3910,1.684018369888089e+59
3911,2.1627398459710785e+58
3912,7.608358422838579e+57
3913,6.727977717921698e+42
3914,5.40001319008625e+59
3915,1.3751711006682031e+54
3916,4.023275670308669e+37
3917,6.330274748082509e+50
3918,1.447067505280627e+59
3919,7.868010797961747e+42
3920,1.1780098606346608e+39
3921,6.097081941119303e+59
3922,1.8008497140136953e+59
3923,5.665138684479025e+59
3924,5.573385127575861e+56
3925,1.4765880302440527e+53
3926,1.0739339007225775e+59
3927,9.38095238043981e+59
3928,1.3121181215558567e+41
3929,1.6956719650471277e+56
3930,4.103674343739037e+39
3931,1.323951532488026e+44
3932,5.258024632110879e+41
3933,4.1625555434880335e+56
3934,6.328019496918511e+58
3935,3.018582124586403e+35
3936,1.0544044493760823e+41
3937,2.313257619879322e+38
3938,1.3328206364695108e+58
3939,7.139230041620893e+57
3940,2.405998784635924e+45
3941,2.995770747423136e+57
3942,9.89293536854744e+31
3943,2.3371287375252042e+47
3944,1.0800899314446744e+50
3945,2.5815639956410967e+40
3946,1.0620343991073593e+56
3947,1.18830936693093e+50
3948,1.9313209302303854e+46
3949,5.733978959632537e+59
3950,1.1708616823559993e+46
3951,5.012512664049568e+36
3952,4.265129488747317e+45
3953,2.0991622931923664e+59
3954,4.430936330542523e+51
3955,8.283199519636563e+42
3956,8.976731729325034e+59
3957,4.4683555548654e+58
3958,6.5184981642233235e+59
3959,5.14455309689365e+47
3960,1.3618270385743617e+60
3961,1.6346189233027045e+57
3962,1.2326718790475586e+54
3963,2.0483134352546153e+56
3964,5.561305590687364e+56
3965,7.349861440681207e+56
3966,6.727612159094611e+36
3967,5.956462876299005e+56
3968,2.5542692443619632e+59
3969,3.8979697510887675e+59
3970,1.4244735608347384e+56
3971,9.723873910778594e+50
3972,5.40416825435484e+44
3973,2.1109081961324323e+41
3974,9.378570911386126e+53
3975,3.6793502823815304e+45
3976,1.6262227578311487e+59
3977,3.1084474831743993e+53
3978,1.2650267079145103e+53
3979,1.2849260487618946e+55
3980,3.656014271368785e+59
3981,1.8776975053945e+49
3982,8.223770292139226e+59
3983,2.5389601175068105e+59
3984,2.086600986609584e+44
3985,1.697806679417308e+58
3986,4.191230487833631e+54
3987,6.758166685476623e+58
3988,3.334235638889062e+45
3989,7.772078641077652e+42
3990,1.4699933352852877e+38
3991,1.1263998586751539e+49
3992,5.784790780942895e+57
3993,6.890516265721635e+58
3994,8.981078806611004e+38
3995,2.7242899204969907e+42
3996,2.7202822061413634e+58
3997,6.20516300906268e+50
3998,4.364245446238949e+57
3999,1.899196132313394e+58
4000,6.4045624255801845e+47
4001,2.978600930990912e+53
4002,2.12638914108754e+53
4003,4.1745245387821875e+46
4004,2.6275028789669004e+35
4005,1.1323654090465573e+41
4006,3.3074315642851e+42
4007,5.515289741994217e+56
4008,6.860743615240042e+57
4009,2.720571320139886e+42
4010,5.361806827278185e+57
4011,3.547958361369968e+57
4012,7.0314701873864e+36
4013,1.369192230481123e+44
4014,1.624544660267968e+47
4015,2.6096499963418044e+59
4016,8.86937115522297e+54
4017,1.5227684635945337e+56
4018,2.8299972704315644e+57
4019,4.5814162725837116e+47
4020,1.1455872227552302e+45
4021,6.761164229226125e+40
4022,1.168362726806291e+59
4023,5.882170738372489e+41
4024,9.151635701267797e+35
4025,1.2942105244103337e+44
4026,8.524563734425738e+50
4027,8.26617739566967e+52
4028,1.250980137528646e+59
4029,7.212889534827777e+52
4030,2.4903244504480237e+45
4031,2.0446205240607352e+58
4032,2.067024522474956e+54
4033,2.807920964214467e+42
4034,2.5326744285045556e+59
4035,1.8496782050052528e+39
4036,3.6045654146525267e+59
4037,8.735699590860427e+45
4038,1.5906211723405522e+43
4039,8.670239686999383e+35
4040,6.264965886371728e+51
4041,7.212044472334809e+58
4042,8.888724569310125e+35
4043,2.761036666043165e+59
4044,3.0269597582238476e+43
4045,1.0448591360294788e+59
4046,8.007099016927019e+49
4047,3.963198060232571e+57
4048,6.268735526721056e+44
4049,2.0883793924131087e+54
4050,1.7496641741027072e+57
4051,1.6914731192978613e+58
4052,1.2569994005550153e+60
4053,7.448900278634695e+56
4054,1.030951493050967e+43
4055,6.422806919926274e+59
4056,4.0789252327247545e+41
4057,1.7647748544378419e+55
4058,8.623325479884867e+44
4059,5.614537757621878e+58
4060,6.866396282143838e+57
4061,3.820962459120813e+55
4062,2.860327949484183e+54
4063,9.555954185340531e+39
4064,1.4561987748817801e+60
4065,1.601856274286503e+50
4066,6.259118019084438e+40
4067,4.0666715816270474e+46
4068,2.5843031198722736e+42
4069,2.1367461171261876e+45
4070,1.3213119344852752e+38
4071,8.354059636853844e+49
4072,3.4636065625414194e+49
4073,2.848841030072951e+40
4074,3.8459605558802286e+57
4075,1.0652350278649814e+59
4076,1.1497893714745888e+58
4077,2.801052361789437e+54
4078,7.578138986880089e+51
4079,7.634793971584199e+49
4080,2.8629512314245396e+51
4081,1.2819966958928826e+59
4082,3.7442447320526397e+53
4083,9.76625608684083e+57
4084,1.0159207697364611e+55
4085,2.4338994028497897e+54
4086,8.860262931668053e+56
4087,4.230830220626635e+51
4088,1.1396827304002298e+60
4089,1.1666133881252576e+59
4090,6.795307612255564e+56
4091,1.2240346412105233e+56
4092,2.1621035980360555e+37
4093,7.724902931832591e+57
4094,1.4204869774510705e+49
4095,9.468497499269854e+36
4096,2.4188077481648268e+48
4097,1.60047541974911e+47
4098,7.842887082516377e+36
4099,8.040618169401758e+56
4100,9.741006330105978e+27
4101,5.242725000930104e+45
4102,3.76454113640242e+44
4103,1.0817092935267864e+53
4104,5.933755828296498e+59
4105,1.969231206637466e+44
4106,6.232671396410907e+57
4107,4.219201367855224e+39
4108,6.644134501046279e+47
4109,6.879162131421543e+59
4110,5.620036786340881e+38
4111,9.470890423211623e+58
4112,2.835894507438117e+30
4113,5.236688252692669e+59
4114,1.812156854593804e+53
4115,3.1169855811019254e+57
4116,1.2936712884253655e+42
4117,2.9299407394761246e+37
4118,1.693269554515421e+46
4119,4.383778044336627e+42
4120,6.4485860082133866e+41
4121,3.4260078984748804e+58
4122,2.258132047838421e+59
4123,2.2914468035281757e+57
4124,7.03157387672604e+59
4125,1.5528814170597993e+58
4126,1.0014128406659547e+54
4127,2.9579969636315077e+42
4128,7.862155640626871e+59
4129,1.718208049320386e+49
4130,6.03888276991249e+45
4131,3.7142496131664075e+42
4132,3.505659183504648e+58
4133,1.5192693409960635e+36
4134,1.2953361583759302e+60
4135,2.6991345391959133e+38
4136,1.1789876475496927e+59
4137,1.3794088338029677e+54
4138,6.026004748496315e+59
4139,7.518838070411855e+54
4140,1.4189879897200272e+47
4141,6.873108913015524e+52
4142,2.8006520929967856e+58
4143,9.537359483813811e+44
4144,9.38698373760509e+51
4145,1.1123384345085643e+57
4146,1.4348716604872563e+59
4147,3.312538702993817e+43
4148,1.7149848793739838e+42
4149,1.4153762010455342e+42
4150,3.237987047114369e+52
4151,5.188920714316666e+59
4152,5.562870525528139e+58
4153,7.958224207706678e+52
4154,6.500322316191344e+59
4155,3.4044845969612594e+55
4156,6.511090449713481e+59
4157,4.155986154030522e+56
4158,1.6262396760836906e+52
4159,2.0341444985719376e+59
4160,7.135587292142348e+54
4161,5.5354325360058745e+56
4162,6.217014696980198e+59
4163,2.3861127455408934e+58
4164,2.023417413637856e+44
4165,5.237828851127139e+56
4166,2.6182920156535033e+50
4167,1.3670028468377454e+60
4168,3.0740632784229516e+51
4169,1.7088219561834588e+45
4170,8.556583508715923e+47
4171,9.335893644069143e+57
4172,1.6961089526041019e+59
4173,7.227931204099853e+58
4174,5.3169882736904295e+57
4175,6.6202494576701545e+56
4176,2.145189852818713e+50
4177,7.224026617429776e+59
4178,5.729545898836052e+45
4179,6.493346039930495e+49
4180,4.166318029734808e+45
4181,4.555498049026685e+59
4182,2.0220688282841e+53
4183,6.178744749967988e+57
4184,1.4448762441017213e+58
4185,2.0753737777328143e+47
4186,1.3719843395414261e+55
4187,2.6476493572734426e+58
4188,2.3563147441652548e+52
4189,2.5840718532205892e+44
4190,7.181721541596757e+49
4191,1.997529388105992e+47
4192,2.897368330018641e+37
4193,6.555547485513556e+47
4194,9.34296093248337e+54
4195,1.2499418451315964e+58
4196,4.03405093848286e+55
4197,4.2730040441383446e+46
4198,2.5371719599403286e+59
4199,3.003153963415735e+44
4200,4.299578757916292e+44
4201,3.672412522822928e+47
4202,3.769157156911749e+58
4203,1.7540169721253475e+47
4204,5.584071744165876e+51
4205,8.371096533185356e+44
4206,1.8818407212959866e+50
4207,2.0632957597417883e+57
4208,1.2822763117038645e+57
4209,9.819499009655788e+50
4210,1.6098938640341006e+47
4211,3.2742343824285776e+57
4212,1.0075359308570896e+38
4213,6.248659967967467e+47
4214,2.772720913677149e+54
4215,1.07832584395374e+50
4216,2.5989172153875504e+55
4217,1.9150820434591707e+59
4218,4.6269959330929123e+36
4219,2.433681902435158e+56
4220,7.375880957257062e+59
4221,2.168344764468175e+38
4222,2.3776417046492473e+50
4223,6.500698074902039e+44
4224,3.8549077430080887e+59
4225,2.4343031522129854e+36
4226,2.836165977182575e+47
4227,1.581800069081632e+54
4228,1.5346143600475403e+50
4229,1.85262754365481e+39
4230,1.2051474133010198e+41
4231,7.354187036634933e+44
4232,1.0427859680878377e+59
4233,2.2379714980757772e+51
4234,3.374577920769425e+35
4235,5.0607366844668844e+51
4236,4.246726863534084e+59
4237,5.317935073883739e+59
4238,2.393821926768992e+52
4239,1.127845601021661e+57
4240,1.5904693796695086e+59
4241,3.6993143512010596e+52
4242,1.4379755746761394e+45
4243,1.0854702165383106e+37
4244,8.5908450465492e+59
4245,1.2555246475335867e+55
4246,2.0432391168320627e+48
4247,1.3139249286260696e+59
4248,4.665309523068351e+59
4249,2.1518010619391174e+42
4250,6.630697354888859e+59
4251,5.003209170308923e+56
4252,1.9907992588978573e+37
4253,2.2363112919141512e+36
4254,4.557143374714241e+53
4255,5.178750892833494e+59
4256,1.6408668456535485e+35
4257,6.559285449505226e+59
4258,3.144326607268782e+36
4259,1.2418664329587867e+54
4260,4.365795980279383e+43
4261,3.201544260099817e+44
4262,3.16783811557325e+42
4263,5.285909925264494e+51
4264,9.110417848935342e+58
4265,1.3007344288778573e+58
4266,2.0069288721465974e+47
4267,4.4503900959659856e+45
4268,9.858996204992905e+50
4269,4.2403645470533074e+57
4270,4.92001554002803e+40
4271,1.685402711324912e+57
4272,7.734631398024856e+50
4273,1.2877247401894476e+49
4274,5.0366053415249465e+56
4275,1.0479095220451197e+60
4276,2.6440643420536357e+49
4277,2.1681248403195106e+59
4278,1.6527566409543264e+54
4279,9.304950726525028e+58
4280,9.307139981746107e+38
4281,6.9000653787626546e+53
4282,1.1136375929768284e+38
4283,1.1183629341961014e+38
4284,5.643346960480673e+56
4285,8.193809159275569e+59
4286,9.64931411548187e+59
4287,1.300468521747952e+52
4288,2.300121159594213e+54
4289,8.578583517089931e+47
4290,3.5598970076579873e+51
4291,1.4128274174972687e+54
4292,7.132049746566334e+55
4293,9.369005123727578e+42
4294,1.1243280814066457e+50
4295,1.3539967019366392e+55
4296,1.4576638725396733e+57
4297,3.276978875219106e+55
4298,1.8006618381740212e+48
4299,8.955814812472115e+47
4300,2.450530300545866e+49
4301,2.0533160758592973e+48
4302,6.855580876251038e+40
4303,2.9026516197585452e+57
4304,3.0313060243107817e+59
4305,1.3900456298470396e+40
4306,1.3017818217531532e+36
4307,9.457871232784886e+56
4308,1.5511154079799823e+40
4309,1.1538165484952812e+37
4310,2.877666428263225e+56
4311,2.2053531504782588e+51
4312,8.555413556167955e+42
4313,1.9807703590687085e+49
4314,2.122995104338863e+52
4315,4.533472271768005e+57
4316,1.1814437459145343e+56
4317,6.2132191593195225e+47
4318,3.2489184309050144e+50
4319,4.3793354732345906e+39
4320,9.44278118678311e+40
4321,5.221766885582953e+45
4322,3.39201044538858e+49
4323,5.335787178908933e+42
4324,1.6918022519561753e+37
4325,2.770281577096791e+52
4326,5.7526248883518474e+51
4327,2.028648789032855e+48
4328,8.707789780957921e+56
4329,1.7271352731808028e+49
4330,3.3824283412682316e+38
4331,7.185556695567814e+50
4332,2.074119101101519e+59
4333,8.517327632284013e+58
4334,5.797797614644268e+58
4335,5.1778484574209195e+59
4336,7.094758289059475e+39
4337,1.978266925418727e+45
4338,1.3740747771392821e+45
4339,4.2047178664758107e+49
4340,4.865346933153644e+58
4341,2.5798483973179306e+36
4342,1.3059304909514287e+60
4343,5.347101293809177e+49
4344,2.022620164397979e+58
4345,2.5398290842292013e+53
4346,1.49595713190369e+46
4347,5.036804013253264e+44
4348,2.3460663216855613e+42
4349,3.743932266889907e+51
4350,2.5258587318555225e+52
4351,1.5869683163553386e+56
4352,7.083377826967111e+59
4353,1.1922734373067022e+54
4354,2.87079100170355e+45
4355,2.325114349005541e+37
4356,1.5079068959173706e+46
4357,3.6133067075855047e+51
4358,5.826344899853717e+59
4359,1.9976572034932811e+59
4360,9.891132802109332e+50
4361,2.7980744128417277e+46
4362,6.585071118754454e+58
4363,2.369763215760958e+57
4364,7.407608624754093e+42
4365,1.7749562442229207e+57
4366,2.022029653536803e+50
4367,2.430070462157253e+44
4368,1.5055796219926585e+38
4369,8.279028518757775e+41
4370,2.2158724006150313e+52
4371,2.0328292924107995e+37
4372,3.591682332648348e+54
4373,1.3159438898794093e+40
4374,6.810679937068738e+37
4375,2.1339527299198036e+58
4376,3.8671658297192997e+56
4377,6.239544868000692e+49
4378,8.558677910112348e+59
4379,6.619004861752658e+43
4380,4.966626895882685e+54
4381,4.280559984764097e+50
4382,3.7580254209377326e+52
4383,1.216065688148234e+60
4384,1.1929754599853216e+56
4385,1.0556895313637022e+50
4386,1.4476307852026334e+58
4387,9.5606720099914e+54
4388,6.617831213409839e+58
4389,7.40133824752826e+47
4390,3.435832259135156e+48
4391,8.133934857056458e+52
4392,6.022423827404227e+36
4393,1.429032988444722e+59
4394,6.159318331703706e+58
4395,5.962266574338744e+53
4396,1.0554247911043301e+58
4397,2.704486247609939e+40
4398,1.289134968280407e+56
4399,4.5990242418319535e+54
4400,1.8807380923277522e+58
4401,1.3071008446902823e+53
4402,3.014698195050242e+47
4403,7.537563446346496e+59
4404,1.591714995132033e+58
4405,1.7099663190583186e+44
4406,4.722768808299173e+52
4407,1.6508934791658038e+58
4408,7.162866326776714e+59
4409,6.620680355903435e+45
4410,6.0049446453511225e+59
4411,3.3168028563423866e+50
4412,1.9434578892844574e+42
4413,1.0902611692396289e+45
4414,3.9251475097381906e+54
4415,1.1771834160603875e+60
4416,3.715726300728688e+59
4417,1.0375184998601057e+44
4418,7.733525934960805e+51
4419,2.1710459177549063e+47
4420,1.8005772929244407e+58
4421,1.431605706114826e+52
4422,1.160222617686012e+53
4423,1.413026741368134e+36
4424,5.2967227185454454e+39
4425,9.168057218766699e+39
4426,1.8445929311676184e+54
4427,2.0721630017202918e+53
4428,2.8125593221599787e+57
4429,8.206789363993254e+53
4430,2.189411409091201e+56
4431,1.4317985917315284e+42
4432,3.101812473824156e+55
4433,1.5240164463994086e+36
4434,8.565819204322555e+52
4435,1.2467098199911102e+45
4436,7.732661439274294e+58
4437,4.829433524851278e+46
4438,4.9556509932292604e+47
4439,5.6794459498128455e+56
4440,2.9994232990781174e+53
4441,6.474578269003173e+51
4442,1.0133041006966745e+54
4443,9.618696630966173e+52
4444,3.3450413543868696e+44
4445,1.4353098324943482e+57
4446,6.140242810315815e+46
4447,8.855973223226597e+58
4448,2.2857354320084526e+40
4449,2.2573323312488212e+53
4450,1.5494429217495451e+58
4451,6.762675405735278e+36
4452,3.8300771385327248e+59
4453,1.0988938995138715e+60
4454,2.6729482349999967e+42
4455,4.3859186295593586e+46
4456,1.0449651873189219e+60
4457,1.780035171825687e+45
4458,1.3458850875069532e+54
4459,7.605018918834775e+48
4460,9.383175494037959e+44
4461,7.908432162924508e+55
4462,2.0906888367240197e+53
4463,5.371448978193537e+44
4464,2.704803356241352e+55
4465,1.0933887019528917e+60
4466,9.420111843991285e+57
4467,5.9266624934903465e+57
4468,7.73156014737218e+59
4469,4.1142831569704214e+37
4470,5.789535161236293e+37
4471,1.2694899785282699e+36
4472,3.9455028399534703e+59
4473,1.3822346873273386e+40
4474,6.219067070684902e+45
4475,3.1356181031983884e+59
4476,7.917544541291057e+52
4477,3.98752993183322e+51
4478,1.9155547551450016e+46
4479,1.178641062642297e+53
4480,1.4662405437132459e+60
4481,7.513017906728563e+58
4482,3.3174296330431814e+58
4483,1.3287279163744975e+52
4484,4.098046899592809e+48
4485,1.373364394139958e+55
4486,3.2177887573034234e+48
4487,1.2435579962071376e+44
4488,7.609695562869712e+56
4489,9.351913500764544e+57
4490,2.0827233061262663e+51
4491,4.547834629977624e+59
4492,6.6802653344683766e+44
4493,1.907950866109261e+53
4494,3.7346655200770216e+40
4495,1.2678240083358654e+50
4496,2.698558252069171e+41
4497,6.1250284913018745e+56
4498,8.409323225511763e+43
4499,1.9071647011487726e+59
4500,3.0665055420567463e+58
4501,4.423045807173352e+52
4502,1.6380957086626687e+50
4503,7.860446778959015e+42
4504,5.865784537182693e+56
4505,1.9542146786860218e+48
4506,3.0680416425288186e+43
4507,3.8601631586630125e+40
4508,3.6327408529400593e+59
4509,7.687724084669398e+59
4510,2.3595322822803736e+35
4511,1.0343048244378359e+46
4512,3.8451637499497834e+51
4513,3.325070741522697e+49
4514,3.3648793180792576e+54
4515,1.4908412024528953e+36
4516,1.2576883130959324e+55
4517,1.991966907139752e+42
4518,6.329015076946737e+44
4519,1.9082481767597254e+54
4520,2.0435420556910793e+51
4521,5.236575770479395e+42
4522,6.096057638451599e+56
4523,6.168888087744978e+51
4524,3.1349807647959375e+41
4525,3.1813693716206934e+57
4526,2.2022651660102383e+56
4527,1.5447437285243202e+43
4528,6.507883153851538e+37
4529,6.737723387538846e+53
4530,3.298777767236233e+36
4531,5.861211688895762e+58
4532,9.106105380525457e+53
4533,3.002462454645505e+58
4534,4.941532520801276e+53
4535,5.7741293163734534e+38
4536,2.2532205715958875e+59
4537,5.303849265442955e+53
4538,3.250207562385511e+45
4539,2.9370656456635144e+43
4540,8.419059286459429e+54
4541,9.568207403572984e+54
4542,6.3524053670307445e+53
4543,1.860946975870769e+57
4544,1.9794053871262254e+59
4545,2.249312470814264e+54
4546,2.307999644083288e+53
4547,7.002305239233562e+59
4548,7.494252144654653e+54
4549,1.8511045526556084e+49
4550,1.8851552345951635e+56
4551,8.303581283378371e+59
4552,2.7908674027891457e+59
4553,2.8905278722171315e+52
4554,1.1638001718376096e+57
4555,1.323418108862527e+58
4556,8.033122221082094e+59
4557,1.8502416704705239e+50
4558,1.5049525187197413e+52
4559,4.257490570496479e+57
4560,1.447856239755125e+57
4561,1.3014142155913822e+60
4562,3.492804903444031e+40
4563,3.9505337555970035e+44
4564,3.6950198553471757e+50
4565,3.901991972946589e+54
4566,8.270060758315204e+52
4567,1.7192577895106172e+44
4568,1.0152290346991972e+60
4569,2.2646259023489614e+49
4570,7.2656236549837725e+59
4571,1.8327807595704907e+38
4572,1.1659764449294222e+60
4573,6.180879544550149e+53
4574,9.466971399064747e+59
4575,9.61772696373995e+51
4576,2.2751918139128746e+43
4577,3.1776027794154433e+35
4578,4.216022265320897e+59
4579,2.1092835312751955e+51
4580,1.4962397982713126e+58
4581,7.6176224407213615e+59
4582,1.1347442946866523e+51
4583,5.674325020843681e+58
4584,1.493612470916298e+37
4585,1.0309187062441498e+36
4586,2.2038629540877125e+56
4587,1.308478266294439e+48
4588,4.383739475716737e+49
4589,7.563553193257628e+55
4590,7.746523231707845e+57
4591,3.8643975387874695e+59
4592,5.935964748647754e+39
4593,3.557825842585835e+46
4594,2.3565749109403958e+39
4595,9.140488912259726e+38
4596,1.0295382534075463e+49
4597,4.043107733705251e+53
4598,2.7860954449981296e+59
4599,1.2740551347723552e+56
4600,1.4905565683331665e+51
4601,8.92714912893018e+59
4602,1.2272364999994895e+55
4603,5.370810913651857e+59
4604,2.656979521213592e+58
4605,5.450814958966817e+49
4606,6.0617746658266186e+57
4607,3.464926096159581e+58
4608,1.414620028614268e+55
4609,1.1465337659958006e+39
4610,1.1942185928026796e+40
4611,7.246520446709803e+53
4612,2.402546850640319e+58
4613,4.399493885043895e+37
4614,3.114975605427175e+37
4615,1.6111917146376084e+50
4616,8.52050985899254e+45
4617,7.570218906234196e+58
4618,4.0508173629022956e+57
4619,1.147723453244902e+50
4620,8.344645071312484e+47
4621,1.1273055439290703e+45
4622,2.4254086363104117e+36
4623,1.1943816888950647e+50
4624,1.4038511022244055e+48
4625,1.2385639500816266e+48
4626,1.857276757036353e+36
4627,4.716918127267081e+47
4628,5.32828182953906e+56
4629,9.193484140632875e+43
4630,1.9639649383843215e+36
4631,6.026613991905261e+55
4632,3.389060348337133e+56
4633,1.5690663602740494e+40
4634,4.930962808349191e+37
4635,2.0975727597965704e+59
4636,5.6999286343154753e+51
4637,1.0201409026960867e+47
4638,1.1031999997115673e+54
4639,4.826009839711945e+58
4640,9.909998331657353e+59
4641,1.2841726209897006e+49
4642,1.6714395889760147e+53
4643,1.3412649301516977e+60
4644,7.043505065056423e+46
4645,6.561317808855932e+58
4646,1.4852695277690825e+38
4647,3.1726151401548795e+59
4648,1.0425138968099527e+50
4649,6.705900683639685e+50
4650,2.5920317938794633e+53
4651,5.763254075291921e+41
4652,3.2440282723940314e+39
4653,3.917711596390161e+52
4654,1.23103649071226e+51
4655,1.7348249639108835e+57
4656,2.463364130172414e+56
4657,6.744642244079307e+39
4658,3.854395752065592e+59
4659,2.225475638908478e+59
4660,9.711008121477155e+58
4661,5.93446068803056e+49
4662,3.4484045383993245e+58
4663,4.9738384319524e+48
4664,1.0227969433190341e+60
4665,1.5302042298702628e+54
4666,6.646203197511966e+53
4667,1.1195555110082399e+56
4668,6.550313911804618e+47
4669,6.277964851594465e+48
4670,1.1706035847420792e+49
4671,2.443171739548144e+59
4672,1.7816030437643464e+58
4673,4.1670666265299714e+42
4674,2.150921568559014e+48
4675,4.82108274879781e+39
4676,5.306095072726694e+43
4677,2.9206915179764897e+54
4678,4.281281176013902e+38
4679,2.3717899921952656e+50
4680,4.1979229444156e+56
4681,4.072982813950738e+59
4682,4.165250139116662e+57
4683,2.647716589565637e+38
4684,8.302497812077417e+59
4685,4.816733523811962e+39
4686,6.074829695389392e+55
4687,8.12217271721726e+53
4688,5.670062041706139e+53
4689,3.5244762600542114e+53
4690,1.9597015851085926e+41
4691,1.0407322128539725e+48
4692,6.432139694840497e+57
4693,2.78215888224125e+56
4694,1.465118716072996e+56
4695,1.003222155825303e+47
4696,1.2970298472354497e+44
4697,5.267518703785088e+46
4698,4.4616638763520846e+58
4699,9.784624939907136e+50
4700,2.151126028290357e+56
4701,2.521376122393073e+58
4702,2.2604881933545356e+45
4703,1.389854278019522e+40
4704,1.1972462810347648e+55
4705,2.618435808824447e+45
4706,2.212829121697817e+53
4707,6.73256414201783e+38
4708,2.620940701467562e+37
4709,6.44471628382614e+57
4710,1.3891433639465199e+57
4711,8.943419473690003e+58
4712,1.9771520016433687e+43
4713,4.160301217319429e+54
4714,1.533010334425559e+58
4715,3.1509505598247033e+53
4716,6.600299015901702e+59
4717,6.675738934026619e+47
4718,5.573742489020975e+46
4719,9.326249564071812e+52
4720,1.2408192435380196e+59
4721,5.088365538218451e+49
4722,7.135455966114792e+47
4723,2.918217681303248e+59
4724,1.804970013276483e+58
4725,2.7939497149708056e+54
4726,4.22313616487545e+55
4727,1.257015305038294e+58
4728,1.3063937680881647e+23
4729,2.6375524556541856e+54
4730,4.02155148480688e+54
4731,7.511082162078832e+39
4732,4.697394491038087e+58
4733,9.307392704830215e+48
4734,5.10735586428465e+58
4735,5.929211340751008e+36
4736,7.39425106395557e+39
4737,1.570940439696925e+51
4738,3.723151222415706e+45
4739,2.878547283255283e+57
4740,1.9943506185817235e+36
4741,2.477350526374747e+44
4742,4.234680097209158e+44
4743,1.135801042106413e+47
4744,8.335214933289942e+48
4745,6.916601299058194e+53
4746,2.215135863363607e+58
4747,4.1171121813864925e+57
4748,9.81054437329208e+53
4749,6.643863807092782e+57
4750,4.2219784005372824e+52
4751,6.719998678572881e+50
4752,2.7565768143802645e+58
4753,2.2475083608728428e+41
4754,4.88304854325299e+58
4755,1.1938598359091764e+40
4756,1.6663544498981184e+51
4757,6.463956105259172e+45
4758,4.516248370690391e+56
4759,2.1405430582221103e+51
4760,4.608482992351397e+56
4761,1.253089306425627e+58
4762,1.504251169852408e+58
4763,1.6924684249988863e+59
4764,9.92127318562763e+42
4765,1.8550934436043888e+54
4766,5.934886482780544e+40
4767,6.789508499923695e+58
4768,1.213271992114733e+59
4769,3.1392908152729935e+57
4770,1.0061541078645407e+59
4771,1.660335137904805e+57
4772,1.2207613278445718e+55
4773,2.852716535201681e+37
4774,1.01387672166204e+54
4775,1.0044437465030348e+35
4776,3.8821425590627436e+52
4777,2.2013737471985978e+39
4778,4.21997268264568e+51
4779,9.483665672531054e+59
4780,3.0505550117876277e+59
4781,6.760943881967989e+56
4782,1.4532550906824218e+37
4783,2.5149266583620398e+54
4784,1.4140640125504813e+49
4785,1.1516776481707509e+58
4786,5.555057803104342e+52
4787,1.2180575878292241e+60
4788,1.049038920864829e+60
4789,1.0176875454179587e+54
4790,8.442643382449568e+36
4791,2.0656432378075832e+44
4792,6.490871721198238e+59
4793,1.3587225516506509e+46
4794,3.0479207569498066e+43
4795,3.3489887900049585e+56
4796,2.7766836860401297e+43
4797,1.474675559945801e+51
4798,6.9587793638583805e+44
4799,7.672276750703715e+41
4800,1.4907393793392078e+58
4801,1.3914061378164906e+58
4802,5.3131703154619843e+39
4803,3.965782735649516e+41
4804,6.280542022836744e+48
4805,4.944666987674486e+51
4806,7.228041784488772e+45
4807,2.317879229675578e+52
4808,3.7867634545976778e+59
4809,4.358517958129598e+50
4810,1.3008591500901726e+35
4811,5.050644868323852e+56
4812,2.6712380241378007e+43
4813,2.032150037766392e+54
4814,3.777273199295184e+42
4815,5.1485738758880993e+48
4816,1.5385849955019668e+58
4817,5.218736763762175e+46
4818,3.055653472295346e+50
4819,8.561592581869462e+55
4820,4.095964628089131e+51
4821,1.1544284210107437e+41
4822,3.0837667669569164e+45
4823,1.5341541300272746e+39
4824,5.384532181954084e+46
4825,1.6820531687867263e+59
4826,1.1858576446465734e+60
4827,4.666457327299552e+45
4828,1.0263476108478845e+60
4829,2.064864448639718e+57
4830,2.6821236771420064e+47
4831,6.269954962658654e+39
4832,2.980431281854865e+52
4833,3.173730272353234e+40
4834,2.272357252007852e+59
4835,2.3934402895182623e+54
4836,1.930872971327007e+50
4837,2.467550002110395e+59
4838,4.604081003512876e+38
4839,1.1261422926607599e+51
4840,9.717491561691187e+43
4841,8.28414143216276e+40
4842,1.3938812343753315e+59
4843,6.504482315486567e+49
4844,1.2473795067554025e+58
4845,1.5359383222062645e+54
4846,4.950534565237315e+58
4847,1.3699913540817397e+60
4848,2.5172406020436094e+39
4849,1.497032760327735e+58
4850,2.1872301650560506e+53
4851,2.0717720632742234e+51
4852,2.9170926180675336e+59
4853,1.8464294737257563e+55
4854,1.0229481289651592e+51
4855,3.8823209021156176e+37
4856,3.4062605288186216e+59
4857,1.0238634064202368e+45
4858,6.603739211271569e+42
4859,3.305600737503043e+58
4860,8.92994356956526e+59
4861,1.8611450940636247e+50
4862,8.361119511836167e+57
4863,6.0379793803741095e+50
4864,2.456848937914245e+59
4865,1.8660266602417376e+58
4866,3.6238789279195434e+46
4867,1.0975225455972045e+48
4868,2.05248875073625e+59
4869,1.9084663730915268e+49
4870,7.157585596066657e+54
4871,8.930683974772257e+59
4872,2.304218566320155e+50
4873,1.1116537390985565e+37
4874,5.381355838510577e+59
4875,6.11724442048789e+48
4876,2.524895610494174e+53
4877,5.621284713017224e+56
4878,1.3610041388401208e+42
4879,5.222784963071184e+55
4880,2.449628130559603e+44
4881,7.614190222704751e+39
4882,2.476382955764436e+49
4883,1.8686228743807334e+57
4884,5.404439290424436e+58
4885,1.3762481563511902e+54
4886,8.398266333414781e+52
4887,7.8978836403157865e+59
4888,1.1591265251922804e+39
4889,2.2491831553676621e+46
4890,9.976463371624209e+39
4891,1.9685798503258364e+47
4892,7.937200656354238e+37
4893,3.3067827240665884e+59
4894,1.9515208434150043e+55
4895,3.4274334530198008e+59
4896,1.2278586884528098e+51
4897,1.0056717882190467e+47
4898,1.3862495443890192e+59
4899,9.935656838136985e+59
4900,7.520151624763442e+57
4901,4.874864985077797e+59
4902,8.161324995070832e+53
4903,4.5972442096832546e+54
4904,8.924478219626372e+56
4905,6.218671855750944e+59
4906,5.8450560253491e+59
4907,1.7025121271544089e+56
4908,1.9415561354291726e+58
4909,5.7822229286622484e+44
4910,1.8567357061992195e+55
4911,2.748777966842818e+59
4912,1.7575247119860258e+37
4913,1.2756544823669416e+46
4914,6.530989109979388e+47
4915,6.713503779547736e+42
4916,4.640735984123279e+59
4917,4.091579897018134e+46
4918,3.844002369117403e+36
4919,4.906262203725522e+56
4920,2.6735491143528225e+57
4921,2.6709901923938025e+40
4922,1.2302422794293846e+59
4923,8.994918962470772e+59
4924,1.9627893283113128e+39
4925,2.1199648798754873e+50
4926,4.70099656213467e+35
4927,6.956562671981102e+43
4928,1.612265205588426e+55
4929,2.9026592783051934e+37
4930,1.6351525232864953e+40
4931,1.068105046491386e+60
4932,8.309493402386405e+46
4933,3.7384919161928915e+48
4934,1.6349923275461124e+57
4935,1.6781533296417019e+50
4936,5.149619203718769e+40
4937,1.5973569967100457e+36
4938,1.8333645908142547e+51
4939,1.4013301808734605e+36
4940,3.907884105804386e+59
4941,1.1844012073950079e+60
4942,3.6980405920607884e+56
4943,2.3982720899629948e+36
4944,6.596195984710256e+43
4945,8.054573273808224e+54
4946,5.0044096082179e+38
4947,3.531505485605265e+46
4948,5.553873664756842e+46
4949,1.374886512264868e+36
4950,3.6220824936529575e+52
4951,1.8420262722726388e+36
4952,1.2044921465639044e+45
4953,1.6517592802375186e+46
4954,1.1299431497295232e+58
4955,1.1521040953706853e+53
4956,1.4445160699033065e+59
4957,1.0828648740610765e+54
4958,5.4570980132435485e+54
4959,7.416766816279401e+48
4960,1.9638567552030706e+50
4961,6.053551118022816e+41
4962,1.2741491774168684e+51
4963,2.089210824900411e+59
4964,4.9060729233068683e+39
4965,2.1262835510595902e+38
4966,1.5410714691325775e+50
4967,1.1765664221395257e+56
4968,5.525966066570238e+54
4969,2.6057674729844247e+42
4970,3.577314900660235e+40
4971,1.3505232299758313e+40
4972,1.3266098402098163e+59
4973,5.442106788960767e+35
4974,1.311753435479227e+59
4975,7.327848436868297e+58
4976,1.1626519101729446e+60
4977,1.0282790842275359e+46
4978,1.8333020323325187e+43
4979,2.593167715618235e+59
4980,2.6641975127366594e+52
4981,1.8660236162877529e+52
4982,8.169626909579422e+45
4983,1.8379214471279197e+59
4984,1.7691900146497079e+59
4985,3.092340146384921e+50
4986,6.027030656181632e+44
4987,1.831302653218092e+38
4988,5.002521983558012e+56
4989,1.2217888951652678e+60
4990,5.448346698862267e+59
4991,1.6886424537300507e+56
4992,4.73838496400117e+49
4993,1.7002139663790318e+47
4994,2.2788767174653754e+46
4995,1.4897684481548187e+53
4996,3.233494499091752e+57
4997,6.051798105713929e+39
4998,2.156407302074909e+41
4999,1.1005335577021498e+59
5000,1.1642621495123978e+41
