,0
0,0.23095662378225135
1,0.26110014930952863
2,0.5648888270642745
3,0.882306631445241
4,0.21742614716273645
5,0.3452160080082979
6,0.8087547972229135
7,0.26119538251701124
8,0.5652317899301773
9,0.8079037147360713
10,0.5993213972702551
11,0.3464777774261122
12,0.04605002057358454
13,0.46359118474713146
14,0.7155943788039026
15,0.9522158888801782
16,0.2827490113684633
17,0.27737477721385073
18,0.4278276032174262
19,0.2368388641510113
20,0.5154746364355215
21,0.9443390122807208
22,0.19925299434933386
23,0.6414727676244125
24,0.4228644450525335
25,0.952717429005877
26,0.1954120989895165
27,0.6421752287432761
28,0.5409100902238918
29,0.5510160886422024
30,0.158400649405127
31,0.2574446382418272
32,0.31153807772539566
33,0.6169349633336769
34,0.9073880836300405
35,0.0532795699468237
36,0.8429329103847922
37,0.7555618794515992
38,0.14637562732779208
39,0.8357130712415981
40,0.9357701286061338
41,0.4225213146810628
42,0.5572626953981871
43,0.09955275731339519
44,0.0659504400469616
45,0.4639635647804379
46,0.7934386672886525
47,0.3899801653589021
48,0.4807441488523122
49,0.05113492400531239
50,0.31567555351230436
51,0.8261680214508259
52,0.26582173447097523
53,0.10087426660705323
54,0.9598086774639351
55,0.1957062997184732
56,0.4193021908971457
57,0.5363031054444792
58,0.23030670767417494
59,0.40854298627831986
60,0.9725400935610168
61,0.3553624752236991
62,0.15461422266862423
63,0.3340592514692501
64,0.8721945683832893
65,0.6932742412936783
66,0.39403186826472036
67,0.5322962145431911
68,0.2098197025244578
69,0.1543400054680708
70,0.05707081730107333
71,0.5627025384464749
72,0.6591572243786993
73,0.4762630061681863
74,0.0428476819387269
75,0.6445243924334715
76,0.48751165077693326
77,0.3686033922785855
78,0.5235695980262783
79,0.9906078154100284
80,0.9824012181274532
81,0.7034991189211375
82,0.15362089058976147
83,0.24950246603815374
84,0.5169707547144223
85,0.1451994847183421
86,0.40718292604480677
87,0.6187745857545235
88,0.037980489508330106
89,0.5402388403830846
90,0.07281953693234122
91,0.03553434994492155
92,0.2735414559920485
93,0.9666767941209625
94,0.5594323453589221
95,0.03698289376745978
96,0.07065176738500722
97,0.35359480031157986
98,0.5234194652837296
99,0.4711055771050894
100,0.5908241537717791
101,0.08878968234311813
102,0.40080431236548986
103,0.8514434149924114
104,0.1555963615373639
105,0.7932915223304738
106,0.042840730319982256
107,0.5738654128143232
108,0.7708437660667735
109,0.06009050385789927
110,0.8875566675786675
111,0.12220325587077763
112,0.550784766311457
113,0.6425193771694975
114,0.03173009300997032
115,0.19085588405389675
116,0.6998026254736198
117,0.17048208227766593
118,0.8292157500149272
119,0.5901103692127789
120,0.9952186292501959
121,0.9844380176102109
122,0.07092244275422332
123,0.1822785789341953
124,0.13922986446881225
125,0.7437241927263873
126,0.5811324963350049
127,0.9268880310653204
128,0.7814686631123355
129,0.47947510287265704
130,0.20357614143249914
131,0.7177587958775834
132,0.36291498582250825
133,0.9542489164643794
134,0.23189473161409235
135,0.2530144752915866
136,0.4449114669718398
137,0.9636466361870728
138,0.5581933846186204
139,0.3454316306608445
140,0.07372524187562135
141,0.8743088320098036
142,0.0934694854682836
143,0.2639182852403401
144,0.5366388654532822
145,0.441198905359256
146,0.7014319152397268
147,0.8823398189138062
148,0.3537876914697712
149,0.9268061565431648
150,0.6263046337789282
151,0.3150367615922489
152,0.46884366510239806
153,0.7226851427511507
154,0.022415828648827518
155,0.4747989222644132
156,0.7898038016523499
157,0.7283294369411016
158,0.329366000382331
159,0.5242532139978477
160,0.04855243987418467
161,0.02164887437250773
162,0.38588293464649503
163,0.4230560332854407
164,0.528245929085718
165,0.7203983832916631
166,0.4629421714298859
167,0.3097117482789341
168,0.4834061671127782
169,0.33636128929828435
170,0.4784711184593733
171,0.13809869087460824
172,0.0856146345901706
173,0.24329755073868287
174,0.7164250128675566
175,0.6408285369573955
176,0.7503934488254159
177,0.6618094505241172
178,0.5028498596219567
179,0.8263487365382945
180,0.7465847847883949
181,0.6498114579422
182,0.3794914280140286
183,0.5911862890585922
184,0.9397534530603427
185,0.5581649370777141
186,0.819462501965718
187,0.1619079316409393
188,0.5399153015237103
189,0.8804719695134557
190,0.1960533003048981
191,0.623037585228126
192,0.9246159910039804
193,0.7282203868779826
194,0.06511515098284337
195,0.40569090209177283
196,0.09350917833788686
197,0.8913499124787477
198,0.2026673922084652
199,0.10271514706389351
200,0.8756118682094989
201,0.20696337366293371
202,0.060117857379539674
203,0.29065743032131797
204,0.06821958419485108
205,0.12530608096499252
206,0.3048383881623421
207,0.9844716568205236
208,0.29232044129769363
209,0.6284908070632458
210,0.8923928523529635
211,0.7365137808248757
212,0.7809742615638418
213,0.8364663999839075
214,0.37567581011782436
215,0.9421596318493951
216,0.22971390081236231
217,0.31558734632635876
218,0.5419254501785205
219,0.08775190170028813
220,0.35892683467996744
221,0.7308805266668625
222,0.681671973748375
223,0.7178884352938023
224,0.7534427263521184
225,0.36438079021963143
226,0.18422557528447836
227,0.6634023188764457
228,0.24383163889397652
229,0.2139299448397317
230,0.1308288423481322
231,0.8386436628253925
232,0.4513527423572987
233,0.4278645151062803
234,0.7910788071948381
235,0.015269311944075992
236,0.02707876897039252
237,0.22396910646993007
238,0.7313050859707754
239,0.0012926010457330328
240,0.4291843991452784
241,0.9141143462440481
242,0.17417299081386228
243,0.8217121798003836
244,0.46826123776894435
245,0.6548536582326413
246,0.5341360171839689
247,0.5448143642332498
248,0.20029836802493683
249,0.7375448840414051
250,0.6875641632554848
251,0.15582568889977644
252,0.09612634153698019
253,0.6664671608462134
254,0.9459690399447863
255,0.27538449852769953
256,0.8129856418798754
257,0.1779040100210335
258,0.8346381621678275
259,0.3921740321150404
260,0.13646762565035409
261,0.43522246845381973
262,0.6455071517525317
263,0.9093195966528901
264,0.7646396188647606
265,0.2013805556796161
266,0.5505784664593556
267,0.7370203900533342
268,0.9226441089418923
269,0.3573109184172709
270,0.3547385732067003
271,0.3569291062656209
272,0.9532308412154075
273,0.30253551214886476
274,0.8977405772024402
275,0.6217799860168407
276,0.9450680332861042
277,0.5388065737331685
278,0.003276844056721573
279,0.7526592122284235
280,0.5807159466408861
281,0.34815895398079666
282,0.3294016541505319
283,0.9995996204944194
284,0.28107951200668013
285,0.8871567555505023
286,0.1702448577588449
287,0.53849767321733
288,0.602534202517305
289,0.4444098038505735
290,0.23729346058571132
291,0.10214244954137719
292,0.6681368614752375
293,0.7439909649395156
294,0.4859803966120294
295,0.3987851207018783
296,0.1629459980752822
297,0.7837607030564437
298,0.6930768239298875
299,0.5218451920411171
300,0.7749061203555356
301,0.5465625121633105
302,0.9774796337087757
303,0.2111995678075651
304,0.8939566968265855
305,0.887300630889425
306,0.9672338006673583
307,0.9084885646406705
308,0.49407158646034954
309,0.9631859463345108
310,0.1993565568345872
311,0.8907499068462824
312,0.11992538611987091
313,0.8731195693368684
314,0.5263515714370334
315,0.9493408817162048
316,0.6750524053646743
317,0.20852781934796993
318,0.8412541925160621
319,0.9606494346045402
320,0.8977737484067757
321,0.9870021610759945
322,0.8964492992697294
323,0.5738394541701309
324,0.45182752619173405
325,0.7399784920613484
326,0.3835949465716667
327,0.03128531091561082
328,0.9253202267925185
329,0.9627870299796794
330,0.21726074021995534
331,0.23399679761121794
332,0.5322089753583383
333,0.6782360893705418
334,0.6211805406099613
335,0.8940960805069108
336,0.5722536838077936
337,0.8730418251682391
338,0.04000365383826965
339,0.13616558913364907
340,0.696451205485723
341,0.8030986798502951
342,0.6869343056682713
343,0.3131216828606217
344,0.43852319677692997
345,0.6754443723037432
346,0.7783174764793316
347,0.7045378809149551
348,0.24278700424818023
349,0.3600265932560315
350,0.19516617237290557
351,0.6936361618576499
352,0.703868292248995
353,0.9896492031135277
354,0.23074763205077342
355,0.2655940098872841
356,0.18816109357381927
357,0.8410349241468411
358,0.8536794004315272
359,0.4420122221131333
360,0.06717938656075162
361,0.5030227190230224
362,0.9209020926206124
363,0.7741524764587618
364,0.23692528558380443
365,0.8303443101728918
366,0.3482635548645687
367,0.2737812897738242
368,0.30156974613096865
369,0.7293970525176985
370,0.8006760867331404
371,0.05862953317674113
372,0.1064441052940639
373,0.3082372983265683
374,0.7408750781577591
375,0.23903812234376376
376,0.8027880454190445
377,0.10458045354528389
378,0.07164037503702114
379,0.08116224236788716
380,0.5214284800084374
381,0.14813187011535933
382,0.5270497645165054
383,0.05549875021861295
384,0.3459205055290008
385,0.7628734624048258
386,0.8402614285326485
387,0.3764538037787848
388,0.929653393186629
389,0.40265768051983364
390,0.07151288230179131
391,0.9616253956263732
392,0.4911950921502981
393,0.13433532274395066
394,0.7283770498203281
395,0.20428946720120067
396,0.7305139026317669
397,0.15395826545639635
398,0.16673787254413552
399,0.08725046851534835
400,0.9013155534419262
401,0.3814350206160524
402,0.7945089058290994
403,0.7973883949148934
404,0.9251716440017014
405,0.814842191120865
406,0.40709575491642935
407,0.17024590073173285
408,0.7467918585920584
409,0.6205168688782544
410,0.36287567864430814
411,0.13042483776427138
412,0.08166106141723561
413,0.04164147452218658
414,0.6593914321941935
415,0.7740553035818459
416,0.9930318157734243
417,0.39768991577518176
418,0.15842464107376442
419,0.6757555929026433
420,0.25951468639060826
421,0.2520254878059096
422,0.9012195084091613
423,0.8422810219714009
424,0.7431285700487871
425,0.4462798188062841
426,0.1334525184576172
427,0.4765209803694409
428,0.33349034318427073
429,0.19062228723651908
430,0.42877805647335177
431,0.7827635104534336
432,0.7887598801633728
433,0.7198036812429576
434,0.17412199470290834
435,0.07247770816734822
436,0.8782077189531227
437,0.995521673224345
438,0.6487516457459548
439,0.6971371646315585
440,0.8762000996609082
441,0.8135372566406652
442,0.735751343724437
443,0.2603328201411066
444,0.6878373182894814
445,0.9131390636204837
446,0.7251047830570011
447,0.9998496736369158
448,0.4049353957155274
449,0.4126766955521224
450,0.17172468629153192
451,0.5296065003969945
452,0.8547305070649538
453,0.8151873607718075
454,0.4471324156540114
455,0.26437865195686916
456,0.5570871643258714
457,0.7316714676385895
458,0.8856040441569722
459,0.2578075528480659
460,0.05549215473896041
461,0.6182203390505351
462,0.46358424854340097
463,0.08251458017359936
464,0.5887871788446729
465,0.4034658983514814
466,0.45218116886767956
467,0.11933642342201112
468,0.3741865069529118
469,0.2681307903572535
470,0.339474206386557
471,0.428733422056658
472,0.5468869409766459
473,0.7977929425047977
474,0.059331080480941156
475,0.2979337105901877
476,0.40608837550968535
477,0.057322210051426126
478,0.5543956930136289
479,0.0724131109608791
480,0.7625898028783025
481,0.0051969686340487264
482,0.9087801223009058
483,0.4544311786539411
484,0.8397764017821243
485,0.8800440141460386
486,0.0004589942170960537
487,0.9764548958910217
488,0.19768148635142857
489,0.043178181455478026
490,0.7695163547175263
491,0.2528084603093186
492,0.7026621878413596
493,0.422934138900671
494,0.22875981649526755
495,0.22286879417316174
496,0.7807132174663336
497,0.11502048728700853
498,0.8480513154607529
499,0.5878704363963116
500,0.5508953984015847
501,0.1809533144778135
502,0.5561840166544105
503,0.12925201410114184
504,0.2463513317055145
505,0.6560013180146653
506,0.1445742321252398
507,0.0653556586818016
508,0.5567612899334221
509,0.5268221616060225
510,0.10477850477660833
511,0.14954442820302993
512,0.7576367785001372
513,0.20998051059274425
514,0.10587811559267979
515,0.7588420576067314
516,0.7009222472859883
517,0.7110910525203477
518,0.8721851378826271
519,0.5578281574645233
520,0.10528877375772328
521,0.3740216339886955
522,0.03364507560046781
523,0.788999276523021
524,0.5329336665215749
525,0.5079496768702955
526,0.005078756971992782
527,0.5850027183297979
528,0.5584136068941842
529,0.9478829362663975
530,0.7034623588192949
531,0.3725454547114816
532,0.8831696506958044
533,0.8239767015850323
534,0.44365148039730773
535,0.14999457830940233
536,0.8083519648231298
537,0.8091905795300884
538,0.05517485621935825
539,0.905335560462899
540,0.14472566856187952
541,0.774748217341025
542,0.8967905784584103
543,0.6757281852590857
544,0.11320477715165234
545,0.5421398369320111
546,0.1169150061832207
547,0.6070060165090231
548,0.47921805226995495
549,0.29112170953458916
550,0.13063574102737407
551,0.26484075543629015
552,0.6317304187022589
553,0.7582637090134334
554,0.6346815367893657
555,0.08653477937537812
556,0.027046764175716942
557,0.519810326606058
558,0.6370353073695255
559,0.007247966875136735
560,0.4855616112164741
561,0.15445753309229948
562,0.4565673894243836
563,0.09448403352095469
564,0.0690653557833022
565,0.3849475846256887
566,0.8309471760749899
567,0.4680878583588255
568,0.07634343517898246
569,0.23436430566866584
570,0.9759244980143472
571,0.41194346659105496
572,0.35164561895904944
573,0.9986231152110989
574,0.8529838729225189
575,0.29359301012355044
576,0.8584200997010979
577,0.9688696822783515
578,0.2116088360924968
579,0.6850506161333673
580,0.09988347967540512
581,0.18754978899147134
582,0.5405806170435459
583,0.569808648407516
584,0.13230191253872436
585,0.7857834994790007
586,0.19475083972188578
587,0.9806976159317656
588,0.8244407632730869
589,0.7966953225786454
590,0.6007251817813652
591,0.9444553073690972
592,0.6316133451449192
593,0.012149163456870116
594,0.9676344712836402
595,0.40876300145704725
596,0.03995377244571907
597,0.2540479424228882
598,0.13216872486251008
599,0.6644527676187078
600,0.22981850252877156
601,0.4295401059746278
602,0.24494428209852048
603,0.561089613859067
604,0.8891616319091251
605,0.7481606557540976
606,0.24555558134002875
607,0.6738062165482968
608,0.41474584321915764
609,0.7684185006232779
610,0.07665579151642143
611,0.8474356487641583
612,0.04148252475128389
613,0.43912454125861955
614,0.8315976390925717
615,0.13972869773894414
616,0.9499612776501496
617,0.25766189583698684
618,0.6563224773515912
619,0.9740799222877228
620,0.5287985322421385
621,0.7716476716477707
622,0.5845714293790133
623,0.07574312200630773
624,0.5102004809005005
625,0.523777914638826
626,0.5752443675971054
627,0.9495323012343679
628,0.6337195980693929
629,0.679160786346428
630,0.6243952003860153
631,0.0668274441308715
632,0.6686313106469106
633,0.3796808342333945
634,0.22095031730194337
635,0.747684623600805
636,0.10831372555629626
637,0.07392109616277043
638,0.5027349719399828
639,0.6550777627815223
640,0.9839979298701926
641,0.8533215111651657
642,0.8506336306743744
643,0.41965029756383987
644,0.4166068668700694
645,0.3588472515851808
646,0.9057549414263747
647,0.649696606575724
648,0.9544569499870286
649,0.2344587742330273
650,0.6688536318664839
651,0.6278924984746658
652,0.7798757778231237
653,0.5037893443735203
654,0.49775537324256947
655,0.7926638528508816
656,0.7265171253313402
657,0.5665568433976289
658,0.10022678267902041
659,0.8171328993677847
660,0.6282261706476062
661,0.3950951102610666
662,0.6233744651302535
663,0.21264824639204816
664,0.7472053535365412
665,0.7094198885956913
666,0.3328851709934868
667,0.5005733460891348
668,0.2357268549967716
669,0.7503715052131859
670,0.40146907647704866
671,0.6762922951006095
672,0.8204717246472989
673,0.6528583185238261
674,0.6924774479335619
675,0.8736249733814797
676,0.16074199503327669
677,0.2751749815208906
678,0.47245891917233895
679,0.5163055567021012
680,0.05720953689272479
681,0.5722551737088271
682,0.9548840410633511
683,0.04357827296327521
684,0.27611135152095534
685,0.11926274029929695
686,0.148538397355783
687,0.6141827123548852
688,0.035258550140849776
689,0.4946412402396628
690,0.9562967669060457
691,0.4497544036510328
692,0.8336620899673944
693,0.605314019100932
694,0.528703360697248
695,0.9945320454592669
696,0.38071774205593123
697,0.4965700137628388
698,0.06429333637583978
699,0.6462329947227308
700,0.05397453888585757
701,0.39592307651594494
702,0.5216424506020413
703,0.24000943926158558
704,0.0788105883104343
705,0.3116716793230231
706,0.9586500235011978
707,0.47225617598105807
708,0.5185742499033127
709,0.7822240388553321
710,0.30491034601634615
711,0.24602765505041924
712,0.6621260662859312
713,0.9461217095205041
714,0.975063796892158
715,0.9951702245727297
716,0.6305888588127746
717,0.6121698118989507
718,0.1440545173003558
719,0.1328185330607876
720,0.9394159053270102
721,0.24043746165794355
722,0.24954967706565756
723,0.37552484067042713
724,0.38350921906292046
725,0.6412872676008724
726,0.5164390306278897
727,0.7932803064483585
728,0.8966861621137223
729,0.4685456019612707
730,0.10901713672395319
731,0.19218544824646233
732,0.23920533056649151
733,0.10882938344372206
734,0.7512935417464998
735,0.06832306087029816
736,0.8793037479988282
737,0.4576880042430359
738,0.39073557611259424
739,0.6189005588669574
740,0.9675092602320949
741,0.9996020174878989
742,0.04991896510774929
743,0.2758644218565508
744,0.3953426573396849
745,0.4286621609381709
746,0.712915024856037
747,0.22904062050677376
748,0.16897534673786363
749,0.6235359775700098
750,0.3555267479115206
751,0.5067925292782056
752,0.24565906214357047
753,0.8065469745712435
754,0.9968364045850018
755,0.6810766735867648
756,0.3946500672919968
757,0.21565393625575957
758,0.6482319915297863
759,0.5778683166013511
760,0.5598828247480816
761,0.9340163638333046
762,0.6054192027020099
763,0.9480545179432162
764,0.5185235983757988
765,0.538008418579419
766,0.32429737705761985
767,0.6783279768029641
768,0.06953199276536581
769,0.9983512401986793
770,0.7831579491327494
771,0.9198885612842169
772,0.3025444256806352
773,0.5116177536844547
774,0.03608472807729601
775,0.06266776305353394
776,0.9213361517247769
777,0.5695507768362235
778,0.07931633087606038
779,0.07729863484570221
780,0.9864976286474618
781,0.12530887242323174
782,0.9405621387896063
783,0.14804535821308196
784,0.41705630019244977
785,0.34762794624454474
786,0.27808844955220613
787,0.05722351478586063
788,0.5783880669585558
789,0.46698198289843496
790,0.5567502862486432
791,0.8586168920985427
792,0.8819315463323936
793,0.44176747873644073
794,0.7302785935611014
795,0.0707860704774338
796,0.6188194632675886
797,0.25488259569229077
798,0.008786995830496691
799,0.5906760582620976
800,0.16671289951145307
801,0.694509101940969
802,0.7404580735228341
803,0.753100061793698
804,0.5554304019252075
805,0.9035050582762786
806,0.9664886600744864
807,0.3914848179805285
808,0.3083884135153089
809,0.43216485837898877
810,0.9859244887157446
811,0.5105237466576817
812,0.9830566751122076
813,0.2179253751025123
814,0.828533292592014
815,0.43162762270231614
816,0.6076697072425793
817,0.4301039335799981
818,0.3622138843521706
819,0.9573752671769408
820,0.9807338298173625
821,0.9134583743796149
822,0.8534912974552169
823,0.916200582296825
824,0.08344587682115534
825,0.5720701527227591
826,0.7248398336866014
827,0.2759307112086542
828,0.5450073271855091
829,0.23878612481447858
830,0.8704565741290425
831,0.509486627793568
832,0.4609433674101028
833,0.7477841037202637
834,0.5138515346082938
835,0.1524744550598235
836,0.5066576543680377
837,0.9020699553969499
838,0.19313650894673373
839,0.1333506198547919
840,0.274589442064784
841,0.10676897936012719
842,0.7971114455952787
843,0.7819789805371816
844,0.1515559004834388
845,0.24019396157136264
846,0.5703891523420966
847,0.3054676604948362
848,0.8548170025533052
849,0.8914287306706246
850,0.2039615245852352
851,0.5948432138261364
852,0.7198544443114331
853,0.337910256699812
854,0.6648610057381159
855,0.5030764727812856
856,0.350273901659523
857,0.6719781243782286
858,0.37947657236594945
859,0.5981330572628273
860,0.9331338909946445
861,0.1011223365375048
862,0.6299623606268493
863,0.5568152672137149
864,0.8478381180294196
865,0.9764062100356271
866,0.414330219660337
867,0.5215133923090797
868,0.5829121185717885
869,0.13402300984974702
870,0.03172490197052236
871,0.8746277464065687
872,0.9893296160570375
873,0.6808733866601959
874,0.5924632735846039
875,0.7220140996822412
876,0.957427296541583
877,0.974582748314715
878,0.8328636104456837
879,0.24165238137091616
880,0.6656819726372988
881,0.11521225134378155
882,0.2962108521273368
883,0.02270824772743696
884,0.37699719449559055
885,0.11543275639657191
886,0.08471452924422296
887,0.5040300336916078
888,0.87748558418997
889,0.7540509895629324
890,0.622345809257343
891,0.06931764344863978
892,0.8205310814248115
893,0.6093150031857907
894,0.5328925960175729
895,0.34277897534627955
896,0.9956658990658251
897,0.8916161111993063
898,0.5367960932813227
899,0.414451595029075
900,0.5738550691092305
901,0.4100324446548025
902,0.9467966717309915
903,0.5373992989402284
904,0.4984524971521772
905,0.03638822869363112
906,0.12774969872657604
907,0.5412460401678056
908,0.19979690779068726
909,0.12684098468119365
910,0.6022571397562372
911,0.3454729880972677
912,0.6414415317493702
913,0.48416413268712644
914,0.4065861788639894
915,0.6244905188112947
916,0.7665605003806141
917,0.20166719703273794
918,0.47449016521182397
919,0.6595384880801124
920,0.43668732631321006
921,0.7943281805562166
922,0.5976801556831381
923,0.6815925398529731
924,0.015676180936487483
925,0.7996911301356024
926,0.4824073174892236
927,0.5048526435060471
928,0.19609860257064737
929,0.5058727861496821
930,0.41224625364449363
931,0.5218450414946286
932,0.30053483381146917
933,0.11631201840026939
934,0.42220025090984414
935,0.3290793456680323
936,0.6650672006029351
937,0.9225886738497787
938,0.31904812433199115
939,0.402914842894295
940,0.6134233866494793
941,0.6040037705537138
942,0.41467190112206087
943,0.5989804770107843
944,0.3711879403880547
945,0.742708999489403
946,0.11281166371482532
947,0.7690497691797294
948,0.2601404519491177
949,0.46767513320604226
950,0.7740927358403591
951,0.4256912829424515
952,0.030617714037847188
953,0.7981953223841098
954,0.3250705176244404
955,0.4416096684996982
956,0.7998977671814416
957,0.1914039098952237
958,0.0793471961647042
959,0.40722131755040425
960,0.4732481534763623
961,0.15986865964917596
962,0.6119607792006293
963,0.31283708366137186
964,0.6444037069419266
965,0.4390121326654465
966,0.7521236019692696
967,0.7394416942218466
968,0.2088566319561428
969,0.9824035234985229
970,0.5033609336094137
971,0.9801260527576874
972,0.31537790879346117
973,0.31833250644215094
974,0.7473609438124634
975,0.5821721323161814
976,0.5989676918644699
977,0.30902897108093375
978,0.6873679279525514
979,0.6210360004055602
980,0.9997812843781163
981,0.04292537620507031
982,0.22056908602603298
983,0.12174466381610971
984,0.6363581340577508
985,0.8493015586738077
986,0.28963456336221816
987,0.3328048848406294
988,0.505236099030943
989,0.2451145375467566
990,0.13485924621755196
991,0.19510763530368813
992,0.08290976507738168
993,0.8136477704622661
994,0.6655969471377362
995,0.16958664072506513
996,0.6145571972892753
997,0.05595558500664166
998,0.2612035427297932
999,0.8631077284167457
1000,0.7538664072295113
1001,0.41709185187338504
1002,0.18441750424602055
1003,0.033207712048663574
1004,0.20566542207823812
1005,0.6300451523789897
1006,0.9032336644513886
1007,0.6130543070718361
1008,0.7963148411730848
1009,0.5485130759268236
1010,0.5036711278188127
1011,0.9144223263511144
1012,0.41518679468812714
1013,0.664650457946054
1014,0.09712790556775308
1015,0.311893301359511
1016,0.8581278571620952
1017,0.685942074983282
1018,0.07057768955462684
1019,0.5851643839265115
1020,0.7819693860912713
1021,0.7433496408393104
1022,0.35196270150802045
1023,0.987446255159365
1024,0.6859905573944024
1025,0.8044584137683375
1026,0.15524642490691232
1027,0.5667580880246079
1028,0.3600723110354972
1029,0.17973882868153168
1030,0.18628733392292995
1031,0.7887108790084238
1032,0.17892075370360605
1033,0.9282637507194006
1034,0.33007582436917615
1035,0.5188496422709795
1036,0.20815167144675284
1037,0.7529087284113111
1038,0.05330092725325963
1039,0.03883101350805085
1040,0.8084209419534064
1041,0.560144549666746
1042,0.18608274467774377
1043,0.18101097666641164
1044,0.18222819686533742
1045,0.9960654885178467
1046,0.8851077443927723
1047,0.3445535858670501
1048,0.990764651024831
1049,0.00034079969107103647
1050,0.6955145184092201
1051,0.8148943571455218
1052,0.5496698519058794
1053,0.5683698451128076
1054,0.5597844203184308
1055,0.06640529349039948
1056,0.3874138376997215
1057,0.6902234198794356
1058,0.012456497478363748
1059,0.7949608253874052
1060,0.9950186869024926
1061,0.6882695508985442
1062,0.1898219832901027
1063,0.2789462099399853
1064,0.5478867040557344
1065,0.8890870125356753
1066,0.4484117993412017
1067,0.13275639500297975
1068,0.5592126338894722
1069,0.621028328293763
1070,0.29548247267253225
1071,0.11316807021668429
1072,0.04533058331190942
1073,0.1386264095016969
1074,0.2332353472367823
1075,0.21407006139527995
1076,0.6828482885794164
1077,0.590863584094993
1078,0.7027167534060687
1079,0.12516732130858288
1080,0.25359689794801565
1081,0.7776170793470758
1082,0.1032572707368844
1083,0.4624843360187164
1084,0.136166466875696
1085,0.6199664367414983
1086,0.7037284305017608
1087,0.8307568640918443
1088,0.7149263209295625
1089,0.21858361193940745
1090,0.901548219662649
1091,0.9630246824775116
1092,0.6864267429401365
1093,0.15033892014947703
1094,0.8557989510875543
1095,0.6022796823851364
1096,0.7652068067423851
1097,0.4368505995851649
1098,0.4129437333942041
1099,0.4509694817519848
1100,0.28268961930027414
1101,0.9120252020734397
1102,0.8541556055883334
1103,0.9717516394898851
1104,0.002512572150835779
1105,0.6299052617861403
1106,0.3705799599026398
1107,0.1470677486438604
1108,0.5994515568279699
1109,0.6563588710968522
1110,0.5495607860829012
1111,0.12527326984557985
1112,0.014958551668983966
1113,0.5633383380124911
1114,0.4698463430495513
1115,0.21399635803302974
1116,0.5168638239878702
1117,0.21641851737703244
1118,0.9726721925131794
1119,0.8305167176798052
1120,0.5761385110088928
1121,0.4074526597388317
1122,0.36103414951432056
1123,0.49957731534441674
1124,0.15460212775182003
1125,0.5314851030826142
1126,0.06691063369667405
1127,0.8406528390998166
1128,0.5778760297258299
1129,0.1539319250086315
1130,0.7429389536864391
1131,0.06625397312635295
1132,0.9575724264865633
1133,0.9795645508420598
1134,0.3702053270560406
1135,0.8132710658581216
1136,0.7654438567943278
1137,0.011811967267212342
1138,0.9869717348428343
1139,0.39497346825629354
1140,0.9253743517698083
1141,0.2955099045489439
1142,0.052243837003478455
1143,0.9088464714860518
1144,0.7230661060209328
1145,0.7335578054175206
1146,0.42048535395804787
1147,0.37825023593039997
1148,0.6521807212594658
1149,0.02656372728977574
1150,0.3765627306468228
1151,0.8678303151369946
1152,0.4348328087886897
1153,0.8717584213587215
1154,0.3445036525238563
1155,0.2929967148805751
1156,0.12140697447397086
1157,0.5293155909103427
1158,0.5714934174027527
1159,0.710176172101195
1160,0.6258468096777263
1161,0.27918477308866685
1162,0.7192260103231702
1163,0.44639280966980677
1164,0.135339471764355
1165,0.024567024201675003
1166,0.0909128732787925
1167,0.26443346184871075
1168,0.3260614659390556
1169,0.4535531851484337
1170,0.6730693854450125
1171,0.4910054598269975
1172,0.5950471395309453
1173,0.6970062853215176
1174,0.752851746012893
1175,0.5399109370153317
1176,0.133177969559365
1177,0.9819330873504079
1178,0.12931120760613957
1179,0.9256121912108124
1180,0.26735120008934843
1181,0.5170048448832727
1182,0.1881232782413338
1183,0.6333396059014934
1184,0.20298220874767225
1185,0.9957641283401503
1186,0.8359556082113156
1187,0.009145375276373824
1188,0.17976251775908625
1189,0.8449805034177271
1190,0.08359373415865634
1191,0.16406608129397682
1192,0.6172522029507109
1193,0.3806024946399075
1194,0.5191929229046418
1195,0.7607538703316503
1196,0.16537002157691094
1197,0.5013515764946397
1198,0.7021607992809793
1199,0.25543478741812686
1200,0.6934259937454046
1201,0.903512144304735
1202,0.17616106890478156
1203,0.5411309489673481
1204,0.7819358409809626
1205,0.8247614213964948
1206,0.429222626067881
1207,0.2993667866010997
1208,0.7521105210628231
1209,0.3485459027787413
1210,0.539475993968844
1211,0.20385458879500684
1212,0.019190145803908654
1213,0.707924306793855
1214,0.38083133294481386
1215,0.31882044159234235
1216,0.12878321702430695
1217,0.011611936092168151
1218,0.3920950187386565
1219,0.5960023514911378
1220,0.13169793729044876
1221,0.6372521251561811
1222,0.3359631567918364
1223,0.6688414772226255
1224,0.9245935735352621
1225,0.33102545894298485
1226,0.7287591463650714
1227,0.8037541313640166
1228,0.1091271950472652
1229,0.851137008341912
1230,0.47427127681704495
1231,0.07218346513703855
1232,0.2315820530359779
1233,0.8401655023892908
1234,0.03348402217204449
1235,0.7501264694936504
1236,0.10705458156167658
1237,0.2967370941369095
1238,0.18398712523285432
1239,0.6624824443688008
1240,0.8957027399257539
1241,0.5437335468845674
1242,0.04424255213923878
1243,0.41542345268046366
1244,0.08722365283542843
1245,0.3807337154033036
1246,0.7102040116500234
1247,0.6305771143245905
1248,0.0027925079630934935
1249,0.675221915722287
1250,0.3689254774073665
1251,0.33494795358650553
1252,0.22552262022586866
1253,0.20209684089598046
1254,0.1905903217018431
1255,0.5640972459816851
1256,0.10548096610379842
1257,0.9836977488114695
1258,0.7093156207269513
1259,0.1736241782293061
1260,0.8332475890342514
1261,0.5101128014437918
1262,0.7518997963093456
1263,0.36168981585739024
1264,0.14251518623876414
1265,0.8735747299427408
1266,0.5454760227965033
1267,0.5134456414838375
1268,0.09744733214776213
1269,0.6535189139748253
1270,0.24445687004294336
1271,0.6788969983196772
1272,0.0028256222316858093
1273,0.39439439230998974
1274,0.6443651638217985
1275,0.13969747720216963
1276,0.887333749663631
1277,0.23720039736659237
1278,0.15941867593756087
1279,0.47376066702435504
1280,0.24549522899163012
1281,0.27994238671143
1282,0.5867279892026408
1283,0.5035220370358279
1284,0.12194837362243494
1285,0.9220029938605063
1286,0.971365817583962
1287,0.21943877344406226
1288,0.9974964389232345
1289,0.47185153292983606
1290,0.7363133187601928
1291,0.14498622603858358
1292,0.13006766635270672
1293,0.7207597914213502
1294,0.12217460583028916
1295,0.23825464577688305
1296,0.7085989652340456
1297,0.7576392470935978
1298,0.8808346595892079
1299,0.5469497466304234
1300,0.8739158023811812
1301,0.7768986618949191
1302,0.5385457294421441
1303,0.8921900841613529
1304,0.6345547686997707
1305,0.033106074302821975
1306,0.7634850620212126
1307,0.19713659959407814
1308,0.1514860405456262
1309,0.5364443438161326
1310,0.3286046425973318
1311,0.5939111751164756
1312,0.8095643850119038
1313,0.20394303454262352
1314,0.08842835589712228
1315,0.20118167597585013
1316,0.7451645187482021
1317,0.5728667034822035
1318,0.8876123965519919
1319,0.9120589554239548
1320,0.8530569752838107
1321,0.5044947363847712
1322,0.9183120204749711
1323,0.3344314061300879
1324,0.651672882178498
1325,0.6228490224452526
1326,0.031879263698023075
1327,0.774013418975496
1328,0.18970168269180443
1329,0.17288412110294682
1330,0.9883098401853269
1331,0.18602620152823568
1332,0.7250913347402834
1333,0.2626925055136834
1334,0.5702023688691935
1335,0.1162210036456397
1336,0.46753804287233636
1337,0.5419879402574508
1338,0.009960847274967044
1339,0.7267688667834271
1340,0.917834020719022
1341,0.22250354251257243
1342,0.24851722618543381
1343,0.48354852911115875
1344,0.7475320932457729
1345,0.24179146568820253
1346,0.23219180687642826
1347,0.2061620085783159
1348,0.530037084726519
1349,0.7204637821871229
1350,0.799829971676731
1351,0.2996920098683643
1352,0.26052056372777144
1353,0.43157026792524644
1354,0.3107257024843316
1355,0.19920150203476694
1356,0.44805148959130003
1357,0.5880686556446947
1358,0.3529400263292187
1359,0.9214673586138682
1360,0.37380286327406953
1361,0.7629527603962571
1362,0.7764661709267789
1363,0.05007289726322972
1364,0.03781512450121227
1365,0.005258347298364052
1366,0.5102347676430898
1367,0.38915102142828295
1368,0.8612594521186923
1369,0.6175526400468216
1370,0.3025434979282067
1371,0.9043576432296239
1372,0.3429325603601524
1373,0.27862155155343493
1374,0.4751717565813678
1375,0.44721603400755416
1376,0.2895250916459917
1377,0.1439217732253273
1378,0.5987479901704329
1379,0.7190144628970935
1380,0.6512424013348389
1381,0.7736626537331232
1382,0.36285368963173537
1383,0.941714535506448
1384,0.7257747118953529
1385,0.3001733421016074
1386,0.2720780439172912
1387,0.4570084709791675
1388,0.9642121406976929
1389,0.6587581931629436
1390,0.5987961810965541
1391,0.779704371373873
1392,0.9990940855742466
1393,0.1819710474631281
1394,0.1648862364240825
1395,0.8516894235388387
1396,0.04644494767022245
1397,0.7945219107763769
1398,0.5263083186874387
1399,0.05037294932073921
1400,0.3460833643174588
1401,0.763062325666328
1402,0.1237133063833612
1403,0.8911058686205989
1404,0.18555120873483888
1405,0.3677439710045909
1406,0.35023187974735115
1407,0.5886297232619531
1408,0.1885828375987182
1409,0.5022298412580258
1410,0.8203663640287912
1411,0.7293078482607019
1412,0.7501350803994965
1413,0.03115001590446942
1414,0.22404252391127633
1415,0.7665183744278339
1416,0.28537601548838176
1417,0.9087057662452225
1418,0.6125975343373505
1419,0.5962609258945867
1420,0.35115029538639975
1421,0.599367128369106
1422,0.39496021809784965
1423,0.6527237212415017
1424,0.8759079653466377
1425,0.9953810011292223
1426,0.6410191223078886
1427,0.15103112544154162
1428,0.18778917753985913
1429,0.039534952074981033
1430,0.0953739096342553
1431,0.8197628314716997
1432,0.0013481658012387543
1433,0.7094049684590384
1434,0.14876366561052212
1435,0.24526464121372926
1436,0.4839789759535392
1437,0.828581941281673
1438,0.33145681462011756
1439,0.31734739973899817
1440,0.2369739976361408
1441,0.29864100646111846
1442,0.3604352180900009
1443,0.4769804347453883
1444,0.2400290768232176
1445,0.029115099222378094
1446,0.6133297169750999
1447,0.04132936496834194
1448,0.4339331762636852
1449,0.36100147909745317
1450,0.5110103296125114
1451,0.865660178421997
1452,0.6552152150280277
1453,0.4006215586493225
1454,0.6528756380820881
1455,0.2156996113813372
1456,0.06510812835170032
1457,0.1720092528130639
1458,0.33064839528977763
1459,0.27933301844783054
1460,0.771623343518524
1461,0.07885452694229222
1462,0.4468522102170366
1463,0.21027829533281794
1464,0.44459433868969944
1465,0.9015822660770733
1466,0.6972065685085966
1467,0.10955618694368707
1468,0.24702568170323025
1469,0.398931708021788
1470,0.05133682060993594
1471,0.07691290512276738
1472,0.5191275009368901
1473,0.9264153676389248
1474,0.2619156666850806
1475,0.25118978662894365
1476,0.4623372971409062
1477,0.5882212596730875
1478,0.5666505169914046
1479,0.37863902746823386
1480,0.7730606104008203
1481,0.8824225148488353
1482,0.8937808686907185
1483,0.31982324680663865
1484,0.04546870361785971
1485,0.47122455343096237
1486,0.48864019018140514
1487,0.8130231571957126
1488,0.2638922128942337
1489,0.031216946079378305
1490,0.20796118467813807
1491,0.13181939817583377
1492,0.924211832464039
1493,0.6546829870927531
1494,0.7677596447138975
1495,0.20727307732158773
1496,0.44440472274923304
1497,0.7244020937977578
1498,0.7633623912177467
1499,0.05039119760949218
1500,0.810689590620153
1501,0.5279557750099246
1502,0.5016105741488238
1503,0.4873993258836413
1504,0.3740753643045085
1505,0.7880183429241279
1506,0.7764313297615211
1507,0.9192457617156765
1508,0.5496573202672532
1509,0.9938331616864313
1510,0.051703594479672654
1511,0.15962269127225248
1512,0.07234930688951036
1513,0.5342476858142643
1514,0.912690571103818
1515,0.9777098508906935
1516,0.8701155510969338
1517,0.9001391980608554
1518,0.14390944148588503
1519,0.7702704028295786
1520,0.042411107718456575
1521,0.27478780572159023
1522,0.3731979669408967
1523,0.5759330399938629
1524,0.25274296235382177
1525,0.7898146343410216
1526,0.03263906770941083
1527,0.17119182627389284
1528,0.24752643089576187
1529,0.8679885303695014
1530,0.5782760578618339
1531,0.07565097650800712
1532,0.3453183637164716
1533,0.6699690658543508
1534,0.8966673511637973
1535,0.4120777856528449
1536,0.036200913750146224
1537,0.3350405009662919
1538,0.14382966240637618
1539,0.8480841662796385
1540,0.439965645118395
1541,0.3959074959139324
1542,0.8135897356875803
1543,0.0057546351245751914
1544,0.6057770898037943
1545,0.2751202596636747
1546,0.2886678547033936
1547,0.38700326829311504
1548,0.49716031290881824
1549,0.42179558036010456
1550,0.7014934975458021
1551,0.019630342455560834
1552,0.7327056494597833
1553,0.10998759948365044
1554,0.4235056203002151
1555,0.8935137065362437
1556,0.660350407837124
1557,0.5391513274680007
1558,0.4656804867321215
1559,0.967098572058943
1560,0.06528378235606924
1561,0.6979124023708382
1562,0.18582463085428824
1563,0.9755445893504844
1564,0.5903948545667593
1565,0.8450702169361806
1566,0.03996018548368907
1567,0.7519403137784736
1568,0.6235376884790953
1569,0.6427852801761211
1570,0.24088484334248594
1571,0.8650824761286433
1572,0.19721148091400487
1573,0.6067798482928553
1574,0.5207859374765949
1575,0.6732419720134922
1576,0.8335180855103166
1577,0.5021742288554614
1578,0.8148643460056516
1579,0.9501416809418011
1580,0.7465921253049943
1581,0.35309880023119455
1582,0.8818973212805431
1583,0.9383184270049131
1584,0.19283259781263906
1585,0.06481619672549055
1586,0.2931175818784937
1587,0.059828337253069686
1588,0.18197777056144937
1589,0.5048416600399561
1590,0.4662729499524907
1591,0.12614237766937442
1592,0.1250974192818719
1593,0.6041402690830479
1594,0.8806987811401923
1595,0.5510027576520975
1596,0.21215925488938936
1597,0.42852742489986884
1598,0.6883799193991694
1599,0.7956954006538489
1600,0.7116227702356585
1601,0.7419817722850613
1602,0.9042754968706452
1603,0.9381865783698033
1604,0.2770595823908243
1605,0.7047683034423208
1606,0.8901769533179109
1607,0.8731447040748029
1608,0.5336978897355109
1609,0.21051166796487553
1610,0.3803689312700662
1611,0.5209614858772308
1612,0.9301706566660051
1613,0.8060074026570055
1614,0.3317062831999912
1615,0.4660301630503798
1616,0.5686917008773281
1617,0.06097125774176404
1618,0.6757411747221962
1619,0.08521639799482683
1620,0.7284339933610781
1621,0.36254831228971296
1622,0.639151803770381
1623,0.2701561645314209
1624,0.029740760961620816
1625,0.4779562849453508
1626,0.8562031433931516
1627,0.7690830331739342
1628,0.11123410150559732
1629,0.41956687519207925
1630,0.9679027575263834
1631,0.7953947282457844
1632,0.5833325817808271
1633,0.10831989036269063
1634,0.7655496596014897
1635,0.8489794715925006
1636,0.7726923553562675
1637,0.7100793840701709
1638,0.4789439480553118
1639,0.6492167567055289
1640,0.8092977105624295
1641,0.5762609992904073
1642,0.3662794026025672
1643,0.7903768981239434
1644,0.503118777950149
1645,0.5730282780427222
1646,0.45534018593182135
1647,0.8471772390620843
1648,0.6425610767449034
1649,0.5152919098859948
1650,0.5300320830376101
1651,0.9690119090583967
1652,0.7215107228627695
1653,0.03305196225413609
1654,0.4424556602033437
1655,0.6769121396544786
1656,0.812855870526291
1657,0.8866918543646236
1658,0.2809201871272813
1659,0.04607594297073481
1660,0.5486239248031077
1661,0.4948807955488317
1662,0.9162549333597786
1663,0.951817255019965
1664,0.6050379575631218
1665,0.6700216663920431
1666,0.018556636927423154
1667,0.7506695284149294
1668,0.4741157385368766
1669,0.6743405011679471
1670,0.9601414186045559
1671,0.7745530483745999
1672,0.35423930603751896
1673,0.39031585177863204
1674,0.4067863936667554
1675,0.24664339351954168
1676,0.8961669206289553
1677,0.3225778333285806
1678,0.19633864686945146
1679,0.004341738306614551
1680,0.007449199270815998
1681,0.1421936594672496
1682,0.9903072326874203
1683,0.1531487427926178
1684,0.14570811231534997
1685,0.9940405863243401
1686,0.54253257223878
1687,0.9462346580542489
1688,0.5312729369553585
1689,0.6209306494300091
1690,0.18714163982591392
1691,0.08435615192352042
1692,0.7597342124341564
1693,0.46098417717422946
1694,0.8840326087439728
1695,0.0367631800461935
1696,0.6941841797199868
1697,0.5778320014513202
1698,0.17293556482018613
1699,0.8285727129667232
1700,0.6314740152600887
1701,0.5782011038045151
1702,0.8937151311082596
1703,0.22803909784829146
1704,0.023987494975292067
1705,0.426218041356901
1706,0.6387603653432403
1707,0.7075169989888092
1708,0.4664629449508524
1709,0.8706434755828042
1710,0.9416258665924412
1711,0.6655118281426671
1712,0.5344028559119293
1713,0.6441752643706481
1714,0.4265649017564245
1715,0.5228639537073053
1716,0.6801184229232675
1717,0.48952370311717974
1718,0.4562401293152948
1719,0.00022783886200061776
1720,0.7773446916340775
1721,0.5937020876790997
1722,0.9133228116243844
1723,0.7195822375135883
1724,0.09140060927989024
1725,0.582742731319352
1726,0.08218323400407312
1727,0.8295205457262448
1728,0.32867174541858013
1729,0.3222624080402997
1730,0.8471089776397691
1731,0.6891318119563798
1732,0.07647223488745702
1733,0.36087383214563273
1734,0.1470292982970206
1735,0.4518636010690745
1736,0.0030466174429477633
1737,0.4610155870492234
1738,0.6589381348165476
1739,0.43509530247988293
1740,0.3391921281799931
1741,0.9832039049638803
1742,0.18235716595817897
1743,0.3797350007617428
1744,0.5224935633330159
1745,0.3408189841362834
1746,0.790355193354983
1747,0.5173566598554205
1748,0.4786163792053648
1749,0.1351122244951133
1750,0.5090334470896777
1751,0.5536020339378415
1752,0.5446803294520333
1753,0.7526044122172284
1754,0.16932098703229403
1755,0.5502936302596827
1756,0.8318611496049043
1757,0.401759904350673
1758,0.4409279101335455
1759,0.6112042962678949
1760,0.2439569397965039
1761,0.9925227592561592
1762,0.7726436521505761
1763,0.807330350691386
1764,0.0008809689863329417
1765,0.06533578447905697
1766,0.5640155531727153
1767,0.9694902777812011
1768,0.3740262219966023
1769,0.6638133504349395
1770,0.45073517626584514
1771,0.02876625017404877
1772,0.09745707270715975
1773,0.006703877859312368
1774,0.006443629415776253
1775,0.4607223317139193
1776,0.9616138912025832
1777,0.6126418917368519
1778,0.7242782586153891
1779,0.7883291937736866
1780,0.9014407468608773
1781,0.921419129840135
1782,0.7312245289531444
1783,0.756598453085736
1784,0.9427391915260642
1785,0.522544641653799
1786,0.3033314245551175
1787,0.29506528775808516
1788,0.3297432144949317
1789,0.2558100201895078
1790,0.9217563624763287
1791,0.8065589672894674
1792,0.6226061453235375
1793,0.30294505419836304
1794,0.8020571645741467
1795,0.7956850920663936
1796,0.7857045747139351
1797,0.7356255717614922
1798,0.7043593788968038
1799,0.90682711855309
1800,0.9825992106894247
1801,0.4087690687038932
1802,0.2543282864773818
1803,0.6615498483061658
1804,0.9969075160201761
1805,0.07923187554635958
1806,0.11606164531929442
1807,0.6288794268776097
1808,0.2941260043867343
1809,0.7375815855933875
1810,0.2836771192317643
1811,0.907854279915157
1812,0.751802509448732
1813,0.3965114341564797
1814,0.15866951893452186
1815,0.9241796891319711
1816,0.28720351687015344
1817,0.441115350359534
1818,0.442476145896594
1819,0.20148193178656637
1820,0.216284770366861
1821,0.19283666192293147
1822,0.7689433831476706
1823,0.3782176616594507
1824,0.5758110213583564
1825,0.4835307785802079
1826,0.23890018725254614
1827,0.1937778497092566
1828,0.9785901521981218
1829,0.8376919786199707
1830,0.03433453259923136
1831,0.7444110021851211
1832,0.06479807019928108
1833,0.3534939458923064
1834,0.24071058161120618
1835,0.3592461303500971
1836,0.920690796367448
1837,0.6329059976922613
1838,0.8954904929644961
1839,0.23894342723506024
1840,0.16740455754691053
1841,0.005105099469399854
1842,0.9255522509576122
1843,0.5212717181664616
1844,0.04319695281599245
1845,0.7392531556824095
1846,0.8870822442537122
1847,0.587117132771393
1848,0.676490648829554
1849,0.5050740980427205
1850,0.01386086801446862
1851,0.9093118103768019
1852,0.8827904496578302
1853,0.09650637128486361
1854,0.986422389071345
1855,0.5480454688049261
1856,0.4384656898915552
1857,0.9840723415429744
1858,0.9528598905533768
1859,0.651806915407194
1860,0.681007279892718
1861,0.508752697296028
1862,0.3250728781881407
1863,0.5554893970323006
1864,0.8813073747464281
1865,0.7368779874270146
1866,0.8626048993581693
1867,0.6201881258151544
1868,0.37983621008206636
1869,0.3488092152401696
1870,0.7769681510748327
1871,0.7995542495977154
1872,0.6931806890018578
1873,0.8781193163355826
1874,0.6542509177822889
1875,0.7568048694607425
1876,0.025930001846479533
1877,0.3082026158863205
1878,0.4661908733661164
1879,0.857112718982327
1880,0.3744550398037598
1881,0.24995380017184776
1882,0.7958612470188233
1883,0.004096632472902484
1884,0.006106204614268362
1885,0.4313359055821244
1886,0.8969381218842305
1887,0.8542875818395117
1888,0.9214471313385878
1889,0.929947968720266
1890,0.6756496514329916
1891,0.05092850426795126
1892,0.3872846928360678
1893,0.16579621891696072
1894,0.832394403866606
1895,0.046844422312005696
1896,0.34065588527093227
1897,0.714280455615414
1898,0.9457013946448157
1899,0.5601867239230085
1900,0.47862488336947207
1901,0.06378734042279888
1902,0.28879887480692945
1903,0.02274708503528855
1904,0.39034154115607933
1905,0.9251521875697881
1906,0.8408599749115804
1907,0.782980403828392
1908,0.798513891764056
1909,0.09687006375644747
1910,0.5355842971971304
1911,0.15534357332756654
1912,0.6171755232623697
1913,0.5150682835036936
1914,0.7700325400115479
1915,0.9015837134517536
1916,0.38501705959637045
1917,0.9879481582212526
1918,0.2928122793943265
1919,0.5099316573534183
1920,0.7245184836237256
1921,0.7112351565052135
1922,0.2793099622055403
1923,0.3615462845240689
1924,0.40637647680585576
1925,0.7929641424196838
1926,0.5495051673367244
1927,0.3409714631026446
1928,0.7959127673595547
1929,0.6513260398873046
1930,0.21523542735959977
1931,0.7550837558907896
1932,0.8465661174389525
1933,0.3432233415366889
1934,0.8112916378274228
1935,0.11192183293877933
1936,0.21974644248800157
1937,0.39682940936259414
1938,0.575849908930876
1939,0.6089919982303084
1940,0.5699055377803993
1941,0.4856116282360311
1942,0.9079233118002761
1943,0.006432190103746294
1944,0.7196234188589202
1945,0.46705921549141527
1946,0.2968293643291693
1947,0.61461471316184
1948,0.11584135565538545
1949,0.26672828980038366
1950,0.9811438244398888
1951,0.7355946824396159
1952,0.9440087716028907
1953,0.04888510165379001
1954,0.42128069168400295
1955,0.15539157192746744
1956,0.3863509606939993
1957,0.3352191726230901
1958,0.6758368080537822
1959,0.12082965834397053
1960,0.9930648826007662
1961,0.9486473495218783
1962,0.18127285514749802
1963,0.8256613654406679
1964,0.4926724738881201
1965,0.6064446428525386
1966,0.535949107871974
1967,0.28411398212696504
1968,0.5763348092758146
1969,0.246288065722976
1970,0.8018433683434821
1971,0.1772282752581852
1972,0.5119236409601279
1973,0.35515573135257417
1974,0.4902144240981179
1975,0.8092761291342825
1976,0.14401831440299084
1977,0.9369435290297837
1978,0.10266046396770645
1979,0.8015301255020374
1980,0.06084270307335515
1981,0.007989375321466485
1982,0.04324585742517806
1983,0.45065379111272175
1984,0.46601393794403234
1985,0.5894921097428842
1986,0.12007913966343486
1987,0.424181356298472
1988,0.5292918022610102
1989,0.34817346260092197
1990,0.1387964845794305
1991,0.02482356830786936
1992,0.028728492547777984
1993,0.7683696170037699
1994,0.9852454876349478
1995,0.6755900597835321
1996,0.19052903422463308
1997,0.9605947768757954
1998,0.6680808121737226
1999,0.07890822570030642
2000,0.6700426443070138
2001,0.5762415578445858
2002,0.40684488395895413
2003,0.9144445753439236
2004,0.6144097554851566
2005,0.23261506259097553
2006,0.025890692697627893
2007,0.6810523886787164
2008,0.8213584860558856
2009,0.14163096246050233
2010,0.8633423517862824
2011,0.15042479979532453
2012,0.7276374712857036
2013,0.7595953498847642
2014,0.9318910328084112
2015,0.8614502135852694
2016,0.8363441854940892
2017,0.9033823133033532
2018,0.5717472143188005
2019,0.6896469864507686
2020,0.9558559908417383
2021,0.6168559514902658
2022,0.21646629168798193
2023,0.11796899040848752
2024,0.35163151674983684
2025,0.4903346388806882
2026,0.355609088749715
2027,0.8935366240364723
2028,0.7516838329504296
2029,0.9477314271825935
2030,0.14000842818709358
2031,0.7020555389981059
2032,0.6107785289958383
2033,0.31691122066189836
2034,0.8201778591386912
2035,0.436297210203916
2036,0.007209423631933998
2037,0.8696154914651646
2038,0.38297173965236897
2039,0.6524304271241852
2040,0.8488679742359425
2041,0.5882848267920933
2042,0.2263765858371516
2043,0.6378525004955601
2044,0.18777577242254861
2045,0.8295790008260777
2046,0.5285306946740658
2047,0.6123627687626128
2048,0.4911512510290783
2049,0.9408755707202263
2050,0.859829025630063
2051,0.5166270527069136
2052,0.47044618176753583
2053,0.2600562118480013
2054,0.6142989820907161
2055,0.1160373964095529
2056,0.1764797474548193
2057,0.32059649731115947
2058,0.033796078197296686
2059,0.7362198366388482
2060,0.1875981167169425
2061,0.5344056745156829
2062,0.4016232399301565
2063,0.9022541787709976
2064,0.10304148358648368
2065,0.3247608558847712
2066,0.8190611910560429
2067,0.6902346128729473
2068,0.3301815422235348
2069,0.883151974702725
2070,0.9389499421418792
2071,0.13889127637212328
2072,0.07799146027857962
2073,0.9727322136225535
2074,0.1492625543981042
2075,0.28586125150185815
2076,0.9760287428439173
2077,0.7113879467326581
2078,0.41614976734662035
2079,0.4980049210524313
2080,0.9704686906734893
2081,0.3404750529995402
2082,0.3734048716923888
2083,0.2526914460103634
2084,0.16763003483900707
2085,0.011654740687629062
2086,0.5610307797571712
2087,0.10916691517414512
2088,0.9006368739782006
2089,0.7756487661858905
2090,0.5716456826841021
2091,0.6455451570195481
2092,0.8588129612152089
2093,0.7750023972338919
2094,0.24104441571583435
2095,0.6556108110932586
2096,0.1423998997529241
2097,0.49504437194786766
2098,0.05400734067479673
2099,0.24542036577583348
2100,0.37029143523765484
2101,0.07834552018197072
2102,0.644200365838623
2103,0.6949883207874663
2104,0.39550968789467134
2105,0.11864100868898098
2106,0.6850263627969011
2107,0.31281395883634233
2108,0.8953117583439654
2109,0.09616274276054504
2110,0.4037874427575392
2111,0.42586092190551805
2112,0.7637475200583047
2113,0.1544925026514602
2114,0.7348764582797125
2115,0.5543293282439238
2116,0.07988678388587134
2117,0.17793423043463963
2118,0.6674538561693051
2119,0.8788422712872189
2120,0.26217297087573843
2121,0.27866272524192204
2122,0.5283749039555845
2123,0.9320086740932458
2124,0.544973115604012
2125,0.751295687219903
2126,0.46817584235698306
2127,0.6339347831282209
2128,0.1532135935658463
2129,0.16552585140212606
2130,0.7331523025350639
2131,0.8680262536858154
2132,0.5129407448056138
2133,0.1921289068739076
2134,0.42680913201293735
2135,0.24947966195938853
2136,0.6975388738882404
2137,0.7881602774391427
2138,0.8149831045115501
2139,0.8673735140541241
2140,0.12206427426425237
2141,0.33875505986289767
2142,0.9624345168549122
2143,0.8190891593962075
2144,0.1642286284125194
2145,0.875772624321682
2146,0.3235576155925852
2147,0.5058930808254238
2148,0.07769256466237218
2149,0.824116933824962
2150,0.3333720447609557
2151,0.8426159402484821
2152,0.09067136577996826
2153,0.22014937412922908
2154,0.5978466437422015
2155,0.3017714690085047
2156,0.08999442371091682
2157,0.38294627344274457
2158,0.00710211830889329
2159,0.8919204529989088
2160,0.2776383967373157
2161,0.7083441105943789
2162,0.48484624330055304
2163,0.21325772473377802
2164,0.3966798220402077
2165,0.7178122708176233
2166,0.9860620960252199
2167,0.26030303628294527
2168,0.24617012654542292
2169,0.6949715964665614
2170,0.0502422035964023
2171,0.6389053933345963
2172,0.28431024483807554
2173,0.5189625075097728
2174,0.14102397113378473
2175,0.6905745426843968
2176,0.9783846883220613
2177,0.174755464912567
2178,0.3986361533832393
2179,0.8995808836942241
2180,0.6529217432599101
2181,0.4656903615363116
2182,0.5590204691631084
2183,0.11667392578864999
2184,0.28269623242789577
2185,0.5763980158488233
2186,0.06813647740593543
2187,0.0379255932306638
2188,0.3153335471731713
2189,0.005488849108544858
2190,0.8099330132191889
2191,0.1840585945558768
2192,0.42388131125326334
2193,0.2102273802786162
2194,0.48170553460413545
2195,0.5121406996012614
2196,0.41891509955330386
2197,0.5965836075840362
2198,0.9810727022784408
2199,0.11093783732173468
2200,0.8479665271065195
2201,0.9205600686897532
2202,0.4703142740158722
2203,0.2244676622631293
2204,0.2609071691216237
2205,0.7771125028534837
2206,0.22866399431374496
2207,0.672502840637826
2208,0.8117909207461684
2209,0.42874116204592305
2210,0.8758946381444999
2211,0.060676877545145835
2212,0.20623871179665199
2213,0.4546774383384433
2214,0.5715428355278961
2215,0.726303487637021
2216,0.9833692975842135
2217,0.7024910479477247
2218,0.2323950302827389
2219,0.24544400545212908
2220,0.6792554893019489
2221,0.6346622674951212
2222,0.05706083908817716
2223,0.9189870183321329
2224,0.8298815135927936
2225,0.31785133680129796
2226,0.07675274509373309
2227,0.6560770536881791
2228,0.41826362002881745
2229,0.598548520939475
2230,0.5231697936103953
2231,0.5210972195198486
2232,0.9354405824877484
2233,0.21177239038673357
2234,0.1339489292557613
2235,0.6460292475995654
2236,0.2103725955775798
2237,0.7870669662591722
2238,0.04221126386084895
2239,0.9045717169561678
2240,0.7473854035815486
2241,0.9139572298990787
2242,0.8740405195582478
2243,0.8143029118195808
2244,0.9178134700660403
2245,0.9529206236382046
2246,0.12212397227849581
2247,0.45907255804399594
2248,0.6292255935180652
2249,0.5749090530717804
2250,0.3832896908135145
2251,0.929643635555663
2252,0.2677998439738821
2253,0.9023032654385245
2254,0.8007270123533959
2255,0.23866859080656888
2256,0.39180142453435385
2257,0.6227967430676504
2258,0.44583516746051677
2259,0.7158080375311978
2260,0.5919510966840491
2261,0.5683283243014315
2262,0.1725368170416096
2263,0.17115947247768837
2264,0.08792652511925736
2265,0.6604829191844942
2266,0.9826133878927941
2267,0.6547197975004367
2268,0.3174250156630819
2269,0.903825900145073
2270,0.8654228460874563
2271,0.4204245345116179
2272,0.6421929780855185
2273,0.008954307670495099
2274,0.6012272543702306
2275,0.7051129073019939
2276,0.37732818512860866
2277,0.9343193640475326
2278,0.6408697604673067
2279,0.9295690151263813
2280,0.9957957660710609
2281,0.8836327323632588
2282,0.8681398951158159
2283,0.8800046741959705
2284,0.6197022563535037
2285,0.787107984917357
2286,0.5580711405067719
2287,0.7896080231677327
2288,0.6780519089801618
2289,0.622874489261878
2290,0.13411473482670233
2291,0.6327580136767686
2292,0.6556240849411985
2293,0.40842471745744735
2294,0.19366772178994895
2295,0.5158956867925262
2296,0.9256306567099981
2297,0.6184662600967196
2298,0.5808180674909815
2299,0.7510839858532811
2300,0.5517955892860545
2301,0.9003563940698031
2302,0.1345819437181538
2303,0.006448257858290063
2304,0.3806452416970907
2305,0.21385718669808929
2306,0.27201777484182665
2307,0.7190621113167535
2308,0.40460833985852307
2309,0.32872386416024624
2310,0.9774875895098776
2311,0.6246092370636048
2312,0.5079242387244703
2313,0.2649190956787555
2314,0.6785969609434774
2315,0.806630624203163
2316,0.14078411695271797
2317,0.02462763514705857
2318,0.5950756803318019
2319,0.5927987541222128
2320,0.04749143730009442
2321,0.5228959123497029
2322,0.6498502253831089
2323,0.8223925189811904
2324,0.7091253131535838
2325,0.9304557260689842
2326,0.8710617357333553
2327,0.2189015599995583
2328,0.716598243324071
2329,0.7201691693930737
2330,0.6520597856327925
2331,0.36259687027287146
2332,0.044039607680526394
2333,0.8809629286356532
2334,0.7813572943887067
2335,0.4392674833651308
2336,0.2758842629495939
2337,0.4381542807106088
2338,0.5510184102867158
2339,0.5274149109961384
2340,0.25014754633834446
2341,0.08780614569077239
2342,0.9935430919155486
2343,0.43836747146217014
2344,0.16531827105389796
2345,0.3710542352190118
2346,0.543359624738506
2347,0.2766780738144441
2348,0.9176216411693754
2349,0.6426317559596365
2350,0.8672952852396738
2351,0.09072640373842833
2352,0.4163230739391498
2353,0.853018046622085
2354,0.7446978742672786
2355,0.40633090576632624
2356,0.9747402815823956
2357,0.0669087458790526
2358,0.6807862661935679
2359,0.853974872106967
2360,0.33606070291213497
2361,0.8971106952005311
2362,0.5300940669905989
2363,0.8220996117549051
2364,0.7810452504835033
2365,0.6000838292888969
2366,0.9635844692234091
2367,0.016276242430540933
2368,0.4435547857413785
2369,0.6107961158489487
2370,0.1286942917220777
2371,0.05263570203721757
2372,0.11489899087190358
2373,0.5189834003669701
2374,0.30878117041516584
2375,0.32364361377305706
2376,0.36631094717580714
2377,0.3000593252200471
2378,0.28920279692144113
2379,0.6526605669077117
2380,0.40844751714907246
2381,0.5675805470076417
2382,0.43930908981845873
2383,0.5998715953018955
2384,0.8894617920931103
2385,0.14691674741787053
2386,0.9413090896471408
2387,0.5358349823269039
2388,0.22527570328040347
2389,0.4940286927507176
2390,0.6594661791212462
2391,0.13057227621527356
2392,0.11552857766213354
2393,0.4987832722976099
2394,0.2658873513938741
2395,0.06310961841362073
2396,0.6919306020101476
2397,0.14175179033438923
2398,0.5941298825781998
2399,0.3181879678873655
2400,0.9157569491089552
2401,0.18838519710667223
2402,0.6619130489061428
2403,0.6604155576222486
2404,0.27349898523390415
2405,0.07822993112016485
2406,0.7872615557760725
2407,0.9845360079825917
2408,0.9403878040967788
2409,0.33043232299369263
2410,0.2649496643656616
2411,0.12653291039953107
2412,0.9552896506319656
2413,0.1328605263920889
2414,0.08876589690386061
2415,0.8783712581921715
2416,0.618478973350167
2417,0.6655569298703132
2418,0.2085730173071615
2419,0.7747422691464685
2420,0.0808408354863952
2421,0.9948772697156507
2422,0.1989664683734106
2423,0.014701535510780683
2424,0.20849935478403503
2425,0.9373538702380767
2426,0.5252124638484401
2427,0.5599487917331829
2428,0.017363653872371376
2429,0.44791576780432363
2430,0.741507153309417
2431,0.5698833969267497
2432,0.03552785588398777
2433,0.76028967146941
2434,0.5688926098300847
2435,0.9005911434734664
2436,0.27810612346020114
2437,0.8370911365349039
2438,0.7368672733951223
2439,0.2171257648720768
2440,0.5846015688386431
2441,0.36979910500611435
2442,0.8835556176828346
2443,0.2333231892378228
2444,0.02184073935589692
2445,0.05718735195634428
2446,0.9122695211541284
2447,0.48701646506463325
2448,0.8901557931927587
2449,0.8458734034838902
2450,0.11598371136285845
2451,0.016075019911858557
2452,0.0031898225383706347
2453,0.8428138024316348
2454,0.7732505241605413
2455,0.6427975929160943
2456,0.27661235222232095
2457,0.0861690695046442
2458,0.27849798081780563
2459,0.22466646377518196
2460,0.260343946254708
2461,0.3449211113524615
2462,0.8693948666464766
2463,0.2009060196293454
2464,0.24715943042131638
2465,0.1493438704585578
2466,0.10714283532273483
2467,0.7612259495573072
2468,0.19108926790366454
2469,0.822987181079817
2470,0.7211701264793766
2471,0.6315843070198243
2472,0.7042671703433852
2473,0.32141268402038436
2474,0.1009258380877166
2475,0.6795732918518019
2476,0.3568195928537822
2477,0.16813487131017468
2478,0.6616955990513191
2479,0.10118236912584466
2480,0.05446690906238516
2481,0.7586464256437668
2482,0.27090648527442784
2483,0.299853854383317
2484,0.4952221620592173
2485,0.42786656829447467
2486,0.04532690275527973
2487,0.04288180213443227
2488,0.10157260009940972
2489,0.6761658280010527
2490,0.2441869110821131
2491,0.47294834587791446
2492,0.1242297719111819
2493,0.7604544271188118
2494,0.9508508307374027
2495,0.2460395558334788
2496,0.8414488108835009
2497,0.2291285462475504
2498,0.4167536938704941
2499,0.5479388871544337
2500,0.8197594897115782
2501,0.8063000878380944
2502,0.054948052571932915
2503,0.5993947172109007
2504,0.7300084990221105
2505,0.7096483694568888
2506,0.7691177923456628
2507,0.8793264160774865
2508,0.14146712128891525
2509,0.03325835513055797
2510,0.21579775747535446
2511,0.7379531692565959
2512,0.7176250250073434
2513,0.4754645651623083
2514,0.796780243481561
2515,0.45830842197614396
2516,0.1877381909881083
2517,0.717975030808551
2518,0.03265118802524358
2519,0.9604451619403055
2520,0.4551605513227024
2521,0.10974701601116466
2522,0.34136041497781267
2523,0.4472686076268624
2524,0.2957241324657851
2525,0.2858360374484258
2526,0.14355674216473457
2527,0.2898703089724486
2528,0.9458932432268946
2529,0.5862985925450184
2530,0.27131743888402937
2531,0.5910956051859597
2532,0.8518680833672287
2533,0.47945189323028514
2534,0.3734549401007369
2535,0.4741815280938997
2536,0.40088735773165407
2537,0.08560884357654619
2538,0.4453017709063536
2539,0.7006531029222697
2540,0.8169230915902219
2541,0.9641072736493849
2542,0.67826466802413
2543,0.06776983317875851
2544,0.7896138265353386
2545,0.9723829516228261
2546,0.08260876212008206
2547,0.7307583761480267
2548,0.45611487585712196
2549,0.45567200056345314
2550,0.8391670883401732
2551,0.02603504347065133
2552,0.2830800442849114
2553,0.2399263922817877
2554,0.807284828726068
2555,0.24023990650587101
2556,0.4163834223100811
2557,0.41420626927300286
2558,0.8710749225638369
2559,0.5355531336217672
2560,0.44280900979872084
2561,0.5814502178005733
2562,0.04061303527936977
2563,0.02455126256416429
2564,0.7098070233474003
2565,0.676685846852687
2566,0.6771926881960072
2567,0.38506569045165107
2568,0.06330228283144346
2569,0.1725941943195336
2570,0.8055425530519802
2571,0.5703735786765612
2572,0.8530793443838761
2573,0.3070216164751449
2574,0.14828086051146094
2575,0.6901197691499087
2576,0.4063365185052532
2577,0.1011207404948431
2578,0.49173366023656095
2579,0.5045156957572638
2580,0.9423812637352654
2581,0.8921193633367335
2582,0.07123507679101626
2583,0.8043084811182678
2584,0.5403680637731144
2585,0.49822080043315153
2586,0.41272320729228995
2587,0.370671016853353
2588,0.22792927841327626
2589,0.3661780019988
2590,0.765731710297055
2591,0.5794173817112035
2592,0.0729032237156928
2593,0.4270954177727945
2594,0.08560110221426787
2595,0.5626519816880766
2596,0.16948465005579882
2597,0.8706557916623799
2598,0.48000105075197097
2599,0.17479115979322546
2600,0.14565995927668407
2601,0.35817552748155224
2602,0.7786581325074534
2603,0.41897042619729075
2604,0.3257782483396683
2605,0.5028013514202044
2606,0.10802157617667763
2607,0.5230837797379778
2608,0.8424996577219593
2609,0.8965975258129348
2610,0.17894331822777054
2611,0.8876347457732029
2612,0.19771401155147017
2613,0.8479819242415809
2614,0.8648719704674895
2615,0.5672969510277939
2616,0.4129564667357666
2617,0.2112338677988097
2618,0.8261630423133179
2619,0.13874327575619194
2620,0.3608038753094336
2621,0.20762251335237702
2622,0.6699205477526575
2623,0.5519948968646727
2624,0.40061161170000736
2625,0.5304283712887315
2626,0.4931149420589451
2627,0.341791000836311
2628,0.251920155684237
2629,0.3592676637371778
2630,0.5796173644587173
2631,0.14619472758409202
2632,0.5246441256603166
2633,0.9245058268737453
2634,0.6554953911981188
2635,0.6049160277958838
2636,0.09552925982002092
2637,0.8805824524830886
2638,0.6972774498440297
2639,0.6446287544611607
2640,0.2060786174138326
2641,0.24583903458469625
2642,0.3283578880695285
2643,0.4482812623087309
2644,0.49469736023575384
2645,0.615315264675046
2646,0.9457952735777808
2647,0.2028237936095303
2648,0.7250443322735423
2649,0.6418125991192054
2650,0.8249442537358141
2651,0.03424582279472288
2652,0.8500213184557069
2653,0.4623358329284335
2654,0.007423780835179139
2655,0.740001127365949
2656,0.11773174336747771
2657,0.1023601221285052
2658,0.9960748799077686
2659,0.6054188660408755
2660,0.42996104046179995
2661,0.787931213128774
2662,0.20218927988523605
2663,0.5644001717034524
2664,0.2083808891643033
2665,0.9864296462268088
2666,0.07778171848293502
2667,0.7852803854051384
2668,0.9068718097964117
2669,0.0026369051156285295
2670,0.5482289282399558
2671,0.9169572456662347
2672,0.11590173942043613
2673,0.34078092806368865
2674,0.46160652060437535
2675,0.7350576636186309
2676,0.6695945663695365
2677,0.30656927027011616
2678,0.2691848643821665
2679,0.4692526745180393
2680,0.1257801573870594
2681,0.40908020439001
2682,0.9951987131528561
2683,0.09228903854405623
2684,0.814716057887933
2685,0.36048377538752385
2686,0.5406135856851392
2687,0.45917606011427026
2688,0.30119165241678714
2689,0.6964435437761035
2690,0.40181900239490975
2691,0.3358435904274858
2692,0.34371942218313845
2693,0.8265353422933269
2694,0.18049494963637291
2695,0.23595560165035012
2696,0.058755081297316436
2697,0.32800180282855296
2698,0.5385244938290109
2699,0.08887224496720614
2700,0.8047042788645283
2701,0.4215576756157856
2702,0.2817395704603869
2703,0.09312405849657335
2704,0.7742307202599638
2705,0.6019719899652297
2706,0.6209759345999987
2707,0.43448581207085335
2708,0.19072728157090602
2709,0.5277651200666765
2710,0.4312537204033615
2711,0.5685519149547688
2712,0.2619935638816764
2713,0.8101478321360847
2714,0.002745550632008986
2715,0.19603727077446864
2716,0.7596202501873677
2717,0.1002924765845945
2718,0.08707656184038048
2719,0.38423213762282304
2720,0.4494439375820014
2721,0.9508341621523105
2722,0.6625993519694475
2723,0.7946031611148696
2724,0.7670544042652121
2725,0.40078853870555464
2726,0.7389938836876565
2727,0.9445207710686007
2728,0.9412356852983352
2729,0.7411046767009688
2730,0.7284983380337525
2731,0.6775677473019156
2732,0.04547390418633446
2733,0.15952865945326755
2734,0.7320408882340805
2735,0.6987279625932962
2736,0.4319958309519847
2737,0.00329143845826696
2738,0.5217679526748232
2739,0.7991739691617139
2740,0.6950970971167374
2741,0.7823016314109176
2742,0.6441284775528578
2743,0.3837665409545996
2744,0.6489456701827008
2745,0.6733615228419909
2746,0.24100644561792373
2747,0.5920216417396102
2748,0.3775534402394817
2749,0.6919136056249442
2750,0.3684654559133501
2751,0.7234408612536054
2752,0.35485393466130155
2753,0.5127285270005844
2754,0.5934189594549385
2755,0.7648896921674632
2756,0.3728262825060926
2757,0.3218007994004445
2758,0.7848920410344031
2759,0.3059572845886023
2760,0.34458756557755144
2761,0.8310290666057794
2762,0.07614401662677761
2763,0.11007513539013136
2764,0.0848157703108704
2765,0.7160626031119409
2766,0.7442587881754001
2767,0.29243422196539914
2768,0.838455332079013
2769,0.06425270163147656
2770,0.35897693656479324
2771,0.24426248113808124
2772,0.5117888963068712
2773,0.4948368471623571
2774,0.13221138828987355
2775,0.3234257869915397
2776,0.6064473081797304
2777,0.09737125150262071
2778,0.6493726973486155
2779,0.8229549444411413
2780,0.13720560344442534
2781,0.752179738462634
2782,0.6511020355307864
2783,0.8111209009259727
2784,0.8341815581903664
2785,0.20859544518340045
2786,0.42542398657711944
2787,0.8289708194190022
2788,0.49853933404257134
2789,0.18078511970635092
2790,0.6269389920265716
2791,0.36929910847689207
2792,0.14428500568209757
2793,0.8209372653803328
2794,0.3895319736370235
2795,0.5096339410769186
2796,0.017596041857234956
2797,0.07352302179079662
2798,0.225933689070847
2799,0.5937684014461946
2800,0.2476367976867554
2801,0.25561637201393683
2802,0.8434080397099837
2803,0.5860879618560001
2804,0.09073120583497629
2805,0.49770583761471865
2806,0.3268284070215265
2807,0.4555483410618305
2808,0.11123677443031021
2809,0.031536953781217236
2810,0.40902593297807566
2811,0.8215513336506016
2812,0.29305836851268197
2813,0.8470761670485438
2814,0.4320134681244219
2815,0.4274361160587108
2816,0.49855247534430913
2817,0.27731060926770823
2818,0.715668446671088
2819,0.632299569352135
2820,0.25516186151780174
2821,0.5787273902151816
2822,0.8878496226611712
2823,0.33507173078907027
2824,0.47578480566794645
2825,0.0487623511846198
2826,0.08534865180291062
2827,0.6052541322125662
2828,0.5408939954830728
2829,0.5936750139711666
2830,0.6944653115959665
2831,0.7181752727078494
2832,0.5372171730688662
2833,0.7574916243332477
2834,0.5164578042442037
2835,0.5653720935384794
2836,0.9973801457886595
2837,0.7796152671684962
2838,0.10469571425989033
2839,0.8545805519530933
2840,0.876268777683332
2841,0.678972567117438
2842,0.9452810040587598
2843,0.6205301413093015
2844,0.736267939071935
2845,0.9866144663206237
2846,0.9137710915212912
2847,0.5727035510907315
2848,0.19296444913289257
2849,0.48068314032020876
2850,0.7734361899588102
2851,0.5689069052610456
2852,0.8156437920536866
2853,0.2963763232700719
2854,0.22374755898357024
2855,0.9272545932221793
2856,0.8873673679595248
2857,0.4125436590054914
2858,0.3899434125025403
2859,0.1499911232423884
2860,0.30877838148180203
2861,0.7155969312446646
2862,0.42421205852245436
2863,0.2558788489199695
2864,0.5008765786247508
2865,0.18531109734686402
2866,0.7001839075698257
2867,0.19703840277176787
2868,0.2657180252938198
2869,0.8517872820050689
2870,0.19722113448609568
2871,0.2950431017729994
2872,0.5264362947998147
2873,0.8598180002101945
2874,0.5810084240597067
2875,0.9789788790081613
2876,0.8439122319812712
2877,0.770117688326902
2878,0.1468087079090168
2879,0.6818465864142375
2880,0.2767235271311905
2881,0.6304181265582945
2882,0.17558280446133967
2883,0.62082608228001
2884,0.9067603207534679
2885,0.049011087424131294
2886,0.47083214759553993
2887,0.14680198050618154
2888,0.8977676858064909
2889,0.9284117805860773
2890,0.10718002874042565
2891,0.3342224780050417
2892,0.2854136607125254
2893,0.8054788623062976
2894,0.12607619685627058
2895,0.3660269087983965
2896,0.6138180360089671
2897,0.9255368024542086
2898,0.911382926972706
2899,0.3725609168226426
2900,0.857137022669865
2901,0.16094009035255263
2902,0.29768719041571234
2903,0.0646839539256463
2904,0.5549898777867976
2905,0.8369292185874784
2906,0.9557108215422696
2907,0.40245267211982316
2908,0.062346247536478216
2909,0.5124707095660449
2910,0.5424187065997914
2911,0.975566497223057
2912,0.5094381037639086
2913,0.8230023662959522
2914,0.3607722288297417
2915,0.08869614532344638
2916,0.9448770761513662
2917,0.3142386941173241
2918,0.9433504650131918
2919,0.6303976034219213
2920,0.39133773348062406
2921,0.07652214818126757
2922,0.06160606459642093
2923,0.2192932170178391
2924,0.011711735078213659
2925,0.20693568853386368
2926,0.8510483936286671
2927,0.8974804118379335
2928,0.33987814960816576
2929,0.8423927429865911
2930,0.9975712582669289
2931,0.22029621148581713
2932,0.7239304297242953
2933,0.22577182260221484
2934,0.6976289007500494
2935,0.2632508086648284
2936,0.008424454147468285
2937,0.49518601389147043
2938,0.148582045943352
2939,0.7015999487674498
2940,0.7319177759372754
2941,0.4574326535097869
2942,0.7046180552204345
2943,0.7775386606716835
2944,0.9089477392488334
2945,0.9810041072081805
2946,0.8314352758508303
2947,0.10604436366143166
2948,0.3447357285734577
2949,0.904907763958239
2950,0.07856463529599267
2951,0.708984219710212
2952,0.01959003167560669
2953,0.6846437262455947
2954,0.35204410342639114
2955,0.12059463010451865
2956,0.6656288254583597
2957,0.5983175892780374
2958,0.32809329330036063
2959,0.4945599549963915
2960,0.15428042890084115
2961,0.775405323830348
2962,0.5155663877832769
2963,0.06415341634681415
2964,0.8690295213721057
2965,0.15562946069606276
2966,0.7937312101863075
2967,0.13919180192728786
2968,0.6724421359116515
2969,0.2132172948514085
2970,0.7860512091195874
2971,0.07752208522868553
2972,0.7280939780511304
2973,0.8342605811076111
2974,0.4379556650548051
2975,0.13053643632943934
2976,0.816444243454236
2977,0.7664039793160219
2978,0.10003349142140228
2979,0.13643648296751332
2980,0.28551683821421936
2981,0.5782904057226886
2982,0.5152871067438632
2983,0.3439696506045772
2984,0.6325921031163956
2985,0.6492013195857456
2986,0.021388071977239353
2987,0.8993766919283769
2988,0.31448350881689047
2989,0.15355891124659804
2990,0.6589401370733111
2991,0.17289703531773515
2992,0.6712557785097505
2993,0.9054744783606566
2994,0.3341607137918391
2995,0.5413028251704142
2996,0.8454233092161345
2997,0.1530311328267221
2998,0.8559417173719231
2999,0.8758808754746054
3000,0.32748595281082127
3001,0.8657109048608472
3002,0.12711811240559356
3003,0.4345417072001534
3004,0.09045415042878857
3005,0.7639788778361145
3006,0.19724482967005674
3007,0.1442880375151927
3008,0.3016536041458171
3009,0.4544841293212616
3010,0.01902901023065895
3011,0.7433839382256828
3012,0.09953879789009745
3013,0.9863945422696954
3014,0.5263014204493196
3015,0.10020261895717097
3016,0.3806026641953729
3017,0.6047613205864881
3018,0.9775782539732829
3019,0.8620494285040177
3020,0.06730662118606101
3021,0.9557958052693434
3022,0.5544423930735404
3023,0.5789542941573319
3024,0.8947882073606136
3025,0.050198623108972495
3026,0.7237254120994504
3027,0.44552163362880903
3028,0.9015977448319238
3029,0.8172178740859112
3030,0.8617344698972735
3031,0.2555568524211669
3032,0.6628349296874289
3033,0.1692423040300588
3034,0.9461823222264443
3035,0.9222900651066432
3036,0.810547632647674
3037,0.9927734805523281
3038,0.6590059915972871
3039,0.6049259757353923
3040,0.6452810855521014
3041,0.41561466663210733
3042,0.059708431345766866
3043,0.3107563097789612
3044,0.7007479308720918
3045,0.05756407024892363
3046,0.30280705152838483
3047,0.42234142630758653
3048,0.5909865353326126
3049,0.45554401723273696
3050,0.6566358523401457
3051,0.21567973007827335
3052,0.018610130026052385
3053,0.8598937742893314
3054,0.01684834171836247
3055,0.074273264327676
3056,0.9521536669541774
3057,0.2143342314173955
3058,0.9068889572314871
3059,0.8207553610258821
3060,0.7925719705959439
3061,0.7731989869325034
3062,0.985340648223931
3063,0.6896239894415035
3064,0.5838053083372158
3065,0.2836875671518153
3066,0.8707100521705511
3067,0.2175982565530552
3068,0.08069644686716393
3069,0.0037725716317056346
3070,0.8493265732098074
3071,0.5748699837565082
3072,0.9184591833381562
3073,0.08566497105304116
3074,0.4776543814134029
3075,0.2634091734653168
3076,0.21347097830922657
3077,0.6572685772422487
3078,0.7498132338849377
3079,0.6014646867519277
3080,0.024188807427771852
3081,0.2673400298451539
3082,0.6007994463623658
3083,0.7044713713019305
3084,0.5103804100736832
3085,0.8611500066657093
3086,0.27034353918529075
3087,0.270418356712935
3088,0.32600415624829415
3089,0.4711422298124619
3090,0.3919107550118077
3091,0.8851932206068048
3092,0.5166287712903476
3093,0.11987161099982946
3094,0.8699483931331992
3095,0.8775386923249964
3096,0.5492857630701438
3097,0.6049170591607574
3098,0.82069650601217
3099,0.4738720474906096
3100,0.7521617449046999
3101,0.8931941815615193
3102,0.1359610197824479
3103,0.09027242884979325
3104,0.002390498859064394
3105,0.7130302065862044
3106,0.5335306758578214
3107,0.20391272647746772
3108,0.9468259429752401
3109,0.06999848934268993
3110,0.44091027466110866
3111,0.9300748585785138
3112,0.5644475977925416
3113,0.27675202412603384
3114,0.11005068764006276
3115,0.5867924412954236
3116,0.717456464047223
3117,0.7251432466488872
3118,0.8604013818486134
3119,0.8069488677379987
3120,0.3612459710593706
3121,0.1904965982976946
3122,0.13136569307820423
3123,0.6172214832650029
3124,0.15416094019402515
3125,0.8604513411705353
3126,0.27903876569819286
3127,0.6075177968479604
3128,0.5206264805775763
3129,0.8727884995408195
3130,0.8983904572330798
3131,0.6847096806858289
3132,0.353001666417439
3133,0.9668113096552867
3134,0.4999007751693597
3135,0.525492723483712
3136,0.6506526471548849
3137,0.2675262930793386
3138,0.2691453718588561
3139,0.3530381136712565
3140,0.5150692735043914
3141,0.40850255097168686
3142,0.527488318846592
3143,0.2514530517851221
3144,0.07695081827798966
3145,0.3348465712639881
3146,0.9479567850627068
3147,0.9833123123725661
3148,0.25242540297892424
3149,0.3290376681736289
3150,0.685978253081963
3151,0.79078355922591
3152,0.9058357628763947
3153,0.9865309542887941
3154,0.035092116948017504
3155,0.4207453282839073
3156,0.5439782805303655
3157,0.30003748046624146
3158,0.04981904067849974
3159,0.7977935693300489
3160,0.6771201878922092
3161,0.713103973297429
3162,0.9733016656206216
3163,0.9569991680531289
3164,0.9996196013058366
3165,0.941308796758116
3166,0.5192962765775677
3167,0.8127337201668912
3168,0.9211629878560923
3169,0.38296871708081137
3170,0.829788166490118
3171,0.02093036075981569
3172,0.3777738394547977
3173,0.7860518050907875
3174,0.36370713452178904
3175,0.4723035398530052
3176,0.5836079019444915
3177,0.00712957761727262
3178,0.4901506102603429
3179,0.16427601634998246
3180,0.268351730102684
3181,0.8666736177637907
3182,0.2066602158253581
3183,0.9752741115452146
3184,0.6545663602276788
3185,0.15753609836203875
3186,0.2567486133349328
3187,0.6644650822590679
3188,0.32326966116210765
3189,0.8482798783864101
3190,0.7144127044342697
3191,0.8584688695423376
3192,0.4420032798442525
3193,0.6096167405703077
3194,0.5634212750871856
3195,0.9366481055628157
3196,0.612609005466693
3197,0.5528303478162898
3198,0.2102218037917577
3199,0.38124397654529074
3200,0.938090986038904
3201,0.37419005861743593
3202,0.9109407982874955
3203,0.625582649986626
3204,0.22710582869730167
3205,0.6739786597126093
3206,0.4157224153763557
3207,0.5540924013924159
3208,0.8269291842246309
3209,0.11498430562526152
3210,0.18670493292101475
3211,0.14840043743727893
3212,0.969010873446267
3213,0.9660746934705298
3214,0.6738773464074471
3215,0.9349676016604167
3216,0.9322655955268466
3217,0.07973880603277994
3218,0.9182394689761788
3219,0.18639451130073614
3220,0.007531929679413629
3221,0.5493260914736054
3222,0.980887830602437
3223,0.34790880145987135
3224,0.6332701851848371
3225,0.600118521599833
3226,0.2876332163471801
3227,0.39220159123156195
3228,0.05978252983896615
3229,0.6227670433199944
3230,0.390714256515149
3231,0.007687686935575755
3232,0.6427485494083159
3233,0.42034883479244034
3234,0.22064805322567227
3235,0.957240365873686
3236,0.9683950184370933
3237,0.22652340510993285
3238,0.21157529836120703
3239,0.8051594723113069
3240,0.5769800291101779
3241,0.21590995114940337
3242,0.60363354292383
3243,0.1339587683513237
3244,0.17932830038566716
3245,0.9068804379187044
3246,0.5568111117666427
3247,0.08427206840990376
3248,0.9207571670220117
3249,0.8258307124670512
3250,0.3472755838907985
3251,0.8495443004294221
3252,0.9643693489324754
3253,0.005261948455409504
3254,0.7502038859581576
3255,0.5234095025511726
3256,0.3305451862570542
3257,0.3702175847979633
3258,0.49718923892913014
3259,0.0524637034360681
3260,0.4900632940004721
3261,0.4811050979825773
3262,0.6010986247806801
3263,0.37592520870965385
3264,0.9228516118126426
3265,0.32155410577255705
3266,0.7223940696140573
3267,0.7809254050881375
3268,0.29062000556960266
3269,0.24318778118780793
3270,0.8970323831420337
3271,0.36812808792034435
3272,0.9666283698918701
3273,0.19942282281920454
3274,0.945708145616779
3275,0.5989006324805549
3276,0.13112347198716456
3277,0.8343806925003098
3278,0.15485127885793692
3279,0.4270658087428787
3280,0.7860254812144165
3281,0.06645379349800162
3282,0.40693972715641014
3283,0.271365441496375
3284,0.35494864937669035
3285,0.04504521097255787
3286,0.6963231324646256
3287,0.7554226870162667
3288,0.04497981743076718
3289,0.5875877071301515
3290,0.5658423964378434
3291,0.24179571332790262
3292,0.7917984756893574
3293,0.919167396933679
3294,0.8773699143315871
3295,0.6025396542580709
3296,0.9474875314741346
3297,0.8943522687656412
3298,0.6971131567739549
3299,0.8280176360945605
3300,0.3454865359485405
3301,0.8033903037567497
3302,0.48096002003416405
3303,0.3722274026916649
3304,0.9772704888848097
3305,0.9115453981258389
3306,0.5112988475159396
3307,0.8820280585851115
3308,0.25142063722218555
3309,0.30180243569586496
3310,0.7030005528613049
3311,0.3585603481352069
3312,0.5558921448158696
3313,0.839407272861278
3314,0.9200473876803223
3315,0.4662903089608069
3316,0.12628987384101398
3317,0.1497875072995416
3318,0.8177589272986796
3319,0.01242222124848913
3320,0.7900918097164381
3321,0.8251453531505668
3322,0.7483770977664932
3323,0.2980822322818508
3324,0.3411465996059254
3325,0.4069468217728518
3326,0.4623673497991154
3327,0.3794545026584878
3328,0.8403966279232853
3329,0.9441819367892619
3330,0.5328081295178528
3331,0.9845380047212748
3332,0.6568620190130885
3333,0.369466854300714
3334,0.919844743324964
3335,0.6834972904296289
3336,0.7458030399328279
3337,0.35013020332495903
3338,0.7383523077096382
3339,0.057138439312642286
3340,0.8619686679848584
3341,0.5621913652626419
3342,0.6269410277313642
3343,0.4118285673283857
3344,0.6253474554226761
3345,0.13578959701214588
3346,0.9477834999568672
3347,0.21618680973093807
3348,0.6444759492454528
3349,0.20141755228016156
3350,0.7562877561210118
3351,0.054175441491071785
3352,0.2547780750718336
3353,0.013543717782953046
3354,0.6761637227177032
3355,0.9942557061023584
3356,0.30747060819235594
3357,0.3718570701128431
3358,0.5220598703530804
3359,0.883684654243008
3360,0.9681000697425045
3361,0.1904852507981798
3362,0.1631204350586245
3363,0.828586475003076
3364,0.733981987615792
3365,0.5161023080503792
3366,0.31388739894549633
3367,0.3981057656802398
3368,0.5945015587178432
3369,0.6822763416560355
3370,0.5305492465943404
3371,0.39545756562554
3372,0.8163736481838325
3373,0.8570299246096119
3374,0.7740168098919196
3375,0.5893839633612561
3376,0.43511820326985373
3377,0.8193356366689986
3378,0.32645323602819853
3379,0.009887507945613216
3380,0.8327840542690002
3381,0.007489260955013344
3382,0.4449866673110534
3383,0.05796140921002624
3384,0.9574555758690859
3385,0.9261768457221574
3386,0.8860670314773645
3387,0.6971634858186739
3388,0.7795028133294204
3389,0.2192719243933794
3390,0.09422894977974039
3391,0.054815432311223544
3392,0.7783239600604727
3393,0.6862031520470993
3394,0.29007832659043176
3395,0.3873568342869548
3396,0.36578145693238784
3397,0.00995901562145507
3398,0.7488340709006616
3399,0.6802433015665628
3400,0.1333602192005502
3401,0.5765407450014685
3402,0.24041159855807337
3403,0.8082103488662413
3404,0.4864471974376152
3405,0.032920583722609864
3406,0.4830322251886311
3407,0.6361472507200449
3408,0.5305811644057004
3409,0.8253737384667428
3410,0.4762396107191913
3411,0.9650255904087695
3412,0.9372743508205996
3413,0.10838346974659452
3414,0.6721584338855777
3415,0.6797980047484931
3416,0.19818766921991737
3417,0.18434084128859263
3418,0.31386440091192813
3419,0.22148083389371176
3420,0.44050713113148154
3421,0.9891884050735602
3422,0.08460012496831304
3423,0.8360161398773132
3424,0.990759541415711
3425,0.6184027427418288
3426,0.03416104020748423
3427,0.6110168771190443
3428,0.5763208953187996
3429,0.7389769449798013
3430,0.4687015400685034
3431,0.19763271598992138
3432,0.05505899741555953
3433,0.4275335329525405
3434,0.08598802003963979
3435,0.8737786345266418
3436,0.16451701589051726
3437,0.7932943376151186
3438,0.26512941556080716
3439,0.03896911862942665
3440,0.5895009904773435
3441,0.7273451484724044
3442,0.20896452701893042
3443,0.6260980965224869
3444,0.11917102897243392
3445,0.3447136922361933
3446,0.8316548520616104
3447,0.2817367507577305
3448,0.9105533014217739
3449,0.9225995966295425
3450,0.6821720861084722
3451,0.777912908555165
3452,0.20720103702651393
3453,0.3822907921835951
3454,0.0019800612758890113
3455,0.8350856282564307
3456,0.745910563424382
3457,0.6137875931156861
3458,0.9398767004576212
3459,0.48211635491301863
3460,0.6849730268701897
3461,0.13017488106550512
3462,0.6881875432138473
3463,0.9498076020391807
3464,0.9733318720395039
3465,0.4112409070650572
3466,0.7652952760681542
3467,0.7221951226897164
3468,0.3986543488605728
3469,0.3153399939149295
3470,0.802084688699652
3471,0.12904425498186722
3472,0.5320850936876145
3473,0.3039978719846459
3474,0.3900037935238879
3475,0.19990512064495747
3476,0.9223888942455669
3477,0.23208741216835482
3478,0.7527939405599055
3479,0.21066007428598654
3480,0.8471976563791817
3481,0.840858364934095
3482,0.6399852834910308
3483,0.8160231707261726
3484,0.5678711355720971
3485,0.07412121543222239
3486,0.580178111060391
3487,0.43064091997276277
3488,0.9371707491872137
3489,0.8834405493926634
3490,0.8005984635930117
3491,0.8730650432644615
3492,0.6435628866263085
3493,0.6854394293654019
3494,0.8916794604333904
3495,0.1098301772818896
3496,0.13945719361632825
3497,0.920932310853776
3498,0.8454100410021763
3499,0.29812646973843104
3500,0.023144181022288657
3501,0.3553475629215299
3502,0.2830482261636631
3503,0.611082417163757
3504,0.35967883024493075
3505,0.16438460412847478
3506,0.6037751102251117
3507,0.7776961589468177
3508,0.9808124722796843
3509,0.6122333423533285
3510,0.07096644385959372
3511,0.011293285014150944
3512,0.4730098575382654
3513,0.1334848807617709
3514,0.9517739047343123
3515,0.6320625620370662
3516,0.3598722257980167
3517,0.8849349339934932
3518,0.2135883734731333
3519,0.004203868939091859
3520,0.8290039941097258
3521,0.39724362207706476
3522,0.2184218550675575
3523,0.5600678248973736
3524,0.8452199291149131
3525,0.06625329719677531
3526,0.708513869386916
3527,0.8875104695433036
3528,0.6108415398611015
3529,0.3054516513896435
3530,0.07263099675902784
3531,0.8638122350798536
3532,0.14548438865890545
3533,0.8334082112336699
3534,0.6633709601812174
3535,0.6554782863752256
3536,0.8024532647773683
3537,0.9496744148921613
3538,0.7665601334481648
3539,0.4913129578810528
3540,0.4949418323670798
3541,0.5411828465677953
3542,0.15552338869091153
3543,0.5406441212698424
3544,0.6860035431114764
3545,0.20951771905098893
3546,0.7216768709826915
3547,0.8059499646357691
3548,0.35630521541573357
3549,0.8965735620033853
3550,0.26102362107193433
3551,0.8129626666594642
3552,0.10798223513373961
3553,0.7926505713141315
3554,0.49247304594323826
3555,0.9488087000454452
3556,0.22388658727796018
3557,0.875039412357472
3558,0.40786773211155825
3559,0.9714810743079024
3560,0.957204857348216
3561,0.9800577898019817
3562,0.510661244073981
3563,0.26662904169996204
3564,0.23245683094422942
3565,0.04341213237535424
3566,0.6282990533029373
3567,0.3089305518659706
3568,0.992587095918943
3569,0.31200956545116143
3570,0.0769728050592473
3571,0.6369531297985285
3572,0.2612356085332038
3573,0.05089371975727863
3574,0.7879559987809613
3575,0.8211182669969131
3576,0.29746195249737317
3577,0.8612781099330787
3578,0.23188647819325403
3579,0.8277565577432481
3580,0.7171217348598453
3581,0.1785183401597087
3582,0.6118366751226632
3583,0.13637845140586802
3584,0.6443582785278339
3585,0.4347469189377132
3586,0.9745309229793867
3587,0.7402683492714524
3588,0.1449403924132624
3589,0.7691849488111566
3590,0.9068936091949146
3591,0.41040848930925933
3592,0.8363867288260939
3593,0.6853378041506452
3594,0.26823404958923847
3595,0.6919139696759158
3596,0.43222629471991114
3597,0.8052476903183751
3598,0.2597149560409442
3599,0.41945648108748745
3600,0.13372348007431667
3601,0.0411608243229481
3602,0.5643151005159242
3603,0.049337614228870064
3604,0.8251278492651386
3605,0.4975367668521663
3606,0.7442751860365077
3607,0.1734083589774209
3608,0.6364555621689919
3609,0.4135221359869571
3610,0.7110962758171329
3611,0.8492233520915239
3612,0.471498903131523
3613,0.7942808557675226
3614,0.06623497225298369
3615,0.677628387554323
3616,0.4847045825416414
3617,0.3415177352433951
3618,0.975810357492555
3619,0.6525294218538013
3620,0.5877398944776623
3621,0.7831864296258143
3622,0.22864134545973303
3623,0.47653235769719515
3624,0.9332509530724754
3625,0.5196734921558217
3626,0.430570976827528
3627,0.13447880589125139
3628,0.15522450701542656
3629,0.6699568051186593
3630,0.8754062622559315
3631,0.04278024094851163
3632,0.006747003504892324
3633,0.7679651609683216
3634,0.8337363893255221
3635,0.4137975341201936
3636,0.48423001968531976
3637,0.8549266633477925
3638,0.6284280316605603
3639,0.7179534926395423
3640,0.010915133132189725
3641,0.6583542745111022
3642,0.3587563029635311
3643,0.0967244959768363
3644,0.723773128486849
3645,0.9777853603779827
3646,0.4483342417956605
3647,0.5157909011839994
3648,0.11097635677282802
3649,0.28725786408987686
3650,0.41526128625310543
3651,0.9893437856438912
3652,0.3074478487921821
3653,0.14620711384989138
3654,0.7847719339970513
3655,0.37867747374731864
3656,0.5479277380994757
3657,0.7025498719272666
3658,0.47924319552047157
3659,0.9081212048115508
3660,0.02536499354781996
3661,0.37888017716766076
3662,0.9704165170189303
3663,0.07702106730657066
3664,0.7475836868227342
3665,0.22173138565863681
3666,0.4287850231708432
3667,0.7590860848421048
3668,0.9356137587301061
3669,0.07876308148815059
3670,0.658490796137602
3671,0.17371436459312695
3672,0.9642526652129408
3673,0.5640883346261133
3674,0.9606619896842176
3675,0.4170034379411851
3676,0.4159244393326381
3677,0.4692973359349294
3678,0.20195007894504557
3679,0.920302006007087
3680,0.7913265682725424
3681,0.6803740047614777
3682,0.16065017377740498
3683,0.9785995230141564
3684,0.6338982409878191
3685,0.3275425726772886
3686,0.241721535607602
3687,0.7679255725687075
3688,0.8420053278261368
3689,0.4685242660040039
3690,0.881096719719786
3691,0.3805424644662113
3692,0.6834343861252862
3693,0.6940391674027698
3694,0.7732923903449066
3695,0.39933221027264687
3696,0.48153034388350935
3697,0.5414418818028374
3698,0.5523728936433351
3699,0.9162927222475133
3700,0.331959359328744
3701,0.650329232797129
3702,0.9267052752770021
3703,0.5790333884578815
3704,0.7568767989443703
3705,0.35944624781112333
3706,0.6314811984380968
3707,0.07409472849566079
3708,0.777198405836059
3709,0.9083575824739807
3710,0.9726188360517403
3711,0.9742094336871742
3712,0.9524224560074603
3713,0.4094073561247057
3714,0.9535633923996016
3715,0.8405005857042384
3716,0.18227910502827005
3717,0.6700373084764009
3718,0.42721470159001285
3719,0.8037840716998074
3720,0.8056062790026775
3721,0.3532460598965549
3722,0.20400321121535347
3723,0.846390064931041
3724,0.18291511173184916
3725,0.5410694993949026
3726,0.03579892504504312
3727,0.584142835143849
3728,0.8391663992544632
3729,0.19833897139374201
3730,0.04889879297848598
3731,0.37368897140368995
3732,0.36518405225234185
3733,0.13163859956648294
3734,0.9145105703519535
3735,0.15457975258309375
3736,0.5069234705779606
3737,0.7709887154391274
3738,0.34982757767815176
3739,0.07330242737129167
3740,0.9341888255743259
3741,0.16121368265654912
3742,0.32625098697617483
3743,0.6704307473602025
3744,0.6996423408640724
3745,0.8058763065003741
3746,0.21867556829895085
3747,0.24861309840900903
3748,0.6139731238341752
3749,0.8936746574647915
3750,0.39395338039900085
3751,0.42601558828334407
3752,0.9643417762596671
3753,0.024809537012076666
3754,0.13929081907111196
3755,0.4582527852635383
3756,0.2283486430845424
3757,0.878127374474774
3758,0.5207360475951364
3759,0.8892751502669715
3760,0.1572712238856564
3761,0.33839848470695977
3762,0.9280118212680926
3763,0.2587161437216128
3764,0.7427361640583545
3765,0.22284959647243774
3766,0.4062274432641829
3767,0.4783889751918281
3768,0.017291970450641014
3769,0.09691485775744413
3770,0.35317848388936923
3771,0.5859510910866753
3772,0.8422930211435337
3773,0.1250646296613327
3774,0.6381623942410468
3775,0.8157049800416953
3776,0.7893220745628127
3777,0.993433114299316
3778,0.6829443280199146
3779,0.9888876190359155
3780,0.08067225396339361
3781,0.33597484309747894
3782,0.4799366118655616
3783,0.523197167871468
3784,0.8357594308476909
3785,0.32466236920004254
3786,0.9467751493089749
3787,0.009778830853058085
3788,0.6273933023241068
3789,0.6285274246250692
3790,0.3407456380225393
3791,0.41686648731492926
3792,0.1888988912205668
3793,0.6055512110566941
3794,0.3809062395525391
3795,0.6863449575456627
3796,0.7900641980794029
3797,0.48363061772699123
3798,0.6455796531262347
3799,0.3516309030284074
3800,0.9722348814789268
3801,0.43936849846752846
3802,0.6607223012033855
3803,0.3014157816320644
3804,0.23737793003187424
3805,0.8063743448561089
3806,0.41380314682395525
3807,0.6789215107764266
3808,0.5230187450600653
3809,0.7862722029431974
3810,0.5987043129831864
3811,0.7722500437921986
3812,0.46865795965979873
3813,0.33854482541888076
3814,0.9132069727087869
3815,0.9773348554922968
3816,0.1398650450434734
3817,0.36200195828355675
3818,0.6762491155895554
3819,0.7681609266494739
3820,0.20416245825715595
3821,0.46814481823624554
3822,0.6860788065229914
3823,0.4343279725619643
3824,0.8698813496751672
3825,0.008428794783265525
3826,0.6529136235525383
3827,0.26388165510194406
3828,0.029512413468226195
3829,0.88506514166945
3830,0.42097344353972477
3831,0.18726404711764832
3832,0.04310511194070066
3833,0.23029190924073273
3834,0.08958774431083161
3835,0.7895355430333906
3836,0.7872486182876481
3837,0.12636582992256484
3838,0.2869339300035485
3839,0.8669194734164153
3840,0.9825416986732591
3841,0.38828106550563435
3842,0.6671866718064944
3843,0.6107941537824966
3844,0.24293483219092082
3845,0.9372782033971147
3846,0.27763622204108274
3847,0.8501210409206308
3848,0.40194221989744194
3849,0.3303669878451725
3850,0.9025169455873179
3851,0.3671182722738401
3852,0.2862574229166617
3853,0.06619871522265852
3854,0.20038823448223086
3855,0.8151153834263388
3856,0.9566578842481115
3857,0.4968890187111481
3858,0.26591751932176555
3859,0.949319359889329
3860,0.6560751157810966
3861,0.4068170857723574
3862,0.8432227594096074
3863,0.8397528443839651
3864,0.5797628306811957
3865,0.7055074809681263
3866,0.3369606280885883
3867,0.6382460332051181
3868,0.6896076128171887
3869,0.1422211015331485
3870,0.2730903439437131
3871,0.5664196505047667
3872,0.23865489771693849
3873,0.050578312220875166
3874,0.1995407464641381
3875,0.7239571086132611
3876,0.582238660759196
3877,0.15714588160171516
3878,0.22002435807744714
3879,0.5140877821420978
3880,0.11400010624496082
3881,0.820278058454205
3882,0.016634211442523306
3883,0.9781838189981089
3884,0.9511654655218432
3885,0.7786683336599436
3886,0.9016783790954775
3887,0.5024081045582378
3888,0.20218875591730723
3889,0.41164497736058103
3890,0.050478318025276914
3891,0.055555376798591016
3892,0.8752163625110446
3893,0.18522564851515477
3894,0.2201283478972078
3895,0.9775596468380153
3896,0.7824463948028587
3897,0.3479900383160852
3898,0.7875471429931509
3899,0.2507529236003353
3900,0.1789922151348159
3901,0.17397213419129065
3902,0.1741292525165592
3903,0.2170194215159117
3904,0.46598878382291953
3905,0.6372187657947912
3906,0.7313909698017959
3907,0.2446453760374908
3908,0.3656793642063766
3909,0.9164391322707252
3910,0.7582183231313935
3911,0.9376068987668559
3912,0.338350902818247
3913,0.8895221532913962
3914,0.6499791712884142
3915,0.5884401769640039
3916,0.555741619464928
3917,0.2182987830777947
3918,0.0019873761613585783
3919,0.1748859428732007
3920,0.9047044080593913
3921,0.41026944332766924
3922,0.9929049550407045
3923,0.12659735973408526
3924,0.14187093113304894
3925,0.48535594601562204
3926,0.5788923148480734
3927,0.6090445201403353
3928,0.9717505203877093
3929,0.9165694596343783
3930,0.8008341127788863
3931,0.520571266520091
3932,0.47503571848465687
3933,0.7950755409464888
3934,0.5910598621738805
3935,0.2370803345195358
3936,0.5511319529454363
3937,0.8284218149929866
3938,0.4360016199304235
3939,0.33031781890907386
3940,0.4494780321441463
3941,0.08198879888019406
3942,0.03867712148571456
3943,0.5996440041875298
3944,0.40956457885535724
3945,0.760357777780731
3946,0.5354988730669952
3947,0.21824018195658923
3948,0.31381007391461546
3949,0.4325338990823655
3950,0.7181604712363183
3951,0.9436602652956002
3952,0.9280771560354522
3953,0.9621639895254914
3954,0.3505618318586856
3955,0.062400858371308376
3956,0.9348351707014475
3957,0.8566769257576827
3958,0.7553578449561961
3959,0.5872526420820979
3960,0.6693811459774073
3961,0.9649186256960336
3962,0.0946430116827851
3963,0.2334292349425393
3964,0.1935084720483864
3965,0.07445108874117334
3966,0.5801728844616298
3967,0.11672778334093226
3968,0.24268973701689145
3969,0.8244740465313397
3970,0.32215946063933976
3971,0.568144940128018
3972,0.5457188137469244
3973,0.2976619858222874
3974,0.3952819420959769
3975,0.7277906234379454
3976,0.29002917590528043
3977,0.46486746851917016
3978,0.7636702865632977
3979,0.6783416016230838
3980,0.17651033324124377
3981,0.2986035320588518
3982,0.12331522138848094
3983,0.08152878844217681
3984,0.8249452692899751
3985,0.39155311304854534
3986,0.547727335247132
3987,0.18807333700060702
3988,0.46366045483576424
3989,0.9312194438820818
3990,0.5235415251062037
3991,0.29119211263316136
3992,0.08095040036216616
3993,0.6013585162704113
3994,0.9689032409879307
3995,0.0050091591647341005
3996,0.799508676428189
3997,0.3791441894929285
3998,0.11014447073250366
3999,0.9963941004018003
4000,0.8435516678883482
4001,0.2165512948492102
4002,0.8736696297159056
4003,0.4321528723337519
4004,0.08693434314429982
4005,0.6993055200697087
4006,0.12351619021345617
4007,0.3134513340383468
4008,0.17460649785285043
4009,0.4282433205258076
4010,0.22743292645597624
4011,0.010093894939072867
4012,0.39267764704567953
4013,0.07233565130693487
4014,0.5572605510781728
4015,0.3529963916538038
4016,0.7595070215640435
4017,0.7171230645475453
4018,0.04800503509547693
4019,0.3648021209003174
4020,0.4315401103925326
4021,0.44647929486837024
4022,0.27645017999463783
4023,0.02208099741555558
4024,0.6663574100378836
4025,0.3911848129207446
4026,0.13095664276012298
4027,0.10601755994817907
4028,0.07514221253946773
4029,0.7792094537151707
4030,0.2774063752520416
4031,0.7134354438537786
4032,0.08620162022078559
4033,0.7320742123769602
4034,0.561053151903578
4035,0.1922980912221789
4036,0.2997814237649087
4037,0.0983648450449286
4038,0.7710881274275243
4039,0.7360750517037008
4040,0.7041153000040017
4041,0.3423815550508521
4042,0.839756092781226
4043,0.5528356231010049
4044,0.8816687630856621
4045,0.33559631158045566
4046,0.375223340325466
4047,0.7990970832093699
4048,0.10050855548188464
4049,0.32127424064576193
4050,0.4649686895111269
4051,0.4438651337331173
4052,0.42174501124828057
4053,0.6844254617411689
4054,0.09250476083352743
4055,0.08649374400518717
4056,0.0904356318957531
4057,0.7512342587614823
4058,0.8468720706358019
4059,0.6668210092747044
4060,0.165879732207722
4061,0.07182039418718733
4062,0.07455271498544369
4063,0.4151383144962433
4064,0.9379428804576091
4065,0.9418306782346642
4066,0.17008100099326906
4067,0.7865701641809795
4068,0.08907746837247332
4069,0.5051074383759936
4070,0.33315449466389135
4071,0.8141297887392753
4072,0.9255840737468121
4073,0.17443903365470503
4074,0.2178594180906066
4075,0.6240928410829929
4076,0.12512253727644407
4077,0.22604202801312678
4078,0.8895837735458513
4079,0.507986131290883
4080,0.958624555359161
4081,0.465939138642397
4082,0.01801986350664808
4083,0.8285907174184619
4084,0.08225431378550141
4085,0.2322353387092686
4086,0.6508081594112197
4087,0.44768408892321965
4088,0.7783046576267735
4089,0.9055258938694188
4090,0.8325794582802787
4091,0.5836579681531228
4092,0.18741324025548445
4093,0.1563842824055589
4094,0.3015382359225707
4095,0.7432598305675105
4096,0.3193035163562793
4097,0.6317467071689715
4098,0.9901975883776103
4099,0.2005825883687128
4100,0.5820309268213626
4101,0.09515071342329184
4102,0.301844749411314
4103,0.7126366590983815
4104,0.6617122401242577
4105,0.011740327235131187
4106,0.775045724018538
4107,0.42422981979093066
4108,0.002999020659606444
4109,0.2563566145703968
4110,0.36230260283191407
4111,0.3348675456823462
4112,0.6105854741373665
4113,0.49084040328479295
4114,0.32680213384339996
4115,0.6836379224363764
4116,0.7811037348582154
4117,0.7717925994347543
4118,0.009282724294720324
4119,0.616420537174868
4120,0.4510371127509908
4121,0.6254887042558703
4122,0.7861949720615663
4123,0.5098505953211245
4124,0.4523289154280894
4125,0.6173757964957549
4126,0.6308678438624085
4127,0.26305705424155457
4128,0.19157825281491536
4129,0.08148672265515955
4130,0.33944382229545456
4131,0.6891534059715537
4132,0.28796870161015786
4133,0.843143137498433
4134,0.1602549406364865
4135,0.08436507323774867
4136,0.2765873270418113
4137,0.2652450629880684
4138,0.21348200813278873
4139,0.8050206968621492
4140,0.6329309550067307
4141,0.6770552562615313
4142,0.9976214493793689
4143,0.9068310116658735
4144,0.7185732714815461
4145,0.30802219088642835
4146,0.7685412463245714
4147,0.5376709290816358
4148,0.5119264936814769
4149,0.2653761662210815
4150,0.4818352859712265
4151,0.023160075154584625
4152,0.3908613859138954
4153,0.9743424494128031
4154,0.4806069930340935
4155,0.6352220698324227
4156,0.25920032549066907
4157,0.3477472168363023
4158,0.8053973327260919
4159,0.027331490001110903
4160,0.4738436061279212
4161,0.2831286528600925
4162,0.9344844454397438
4163,0.4147380692679824
4164,0.2733321166332383
4165,0.6655866855713978
4166,0.8001754483608521
4167,0.5261968334662148
4168,0.6045352374811024
4169,0.3751312937013943
4170,0.35475985861448833
4171,0.9996241056583606
4172,0.7856656986978596
4173,0.6227828407854866
4174,0.8778881176327177
4175,0.13712216125459298
4176,0.2242875355596322
4177,0.05616388085839552
4178,0.35056623622292193
4179,0.7208802194934012
4180,0.7596942407951087
4181,0.8515060547735814
4182,0.29196352103028556
4183,0.5983893915364911
4184,0.4207817738022299
4185,0.4374264772065626
4186,0.7886961599341833
4187,0.03273492331731909
4188,0.7583177643348805
4189,0.9080132571884448
4190,0.05662007139362102
4191,0.19670742755509774
4192,0.5602397560029523
4193,0.5851276452533865
4194,0.3929828606537836
4195,0.17915685268107062
4196,0.03377037187434562
4197,0.5711915649243565
4198,0.5964315783629774
4199,0.24798084342049598
4200,0.42436533095467766
4201,0.9421952030768531
4202,0.6344515889306904
4203,0.6840613403620522
4204,0.4399735630636339
4205,0.6755703278176641
4206,0.033127584706714175
4207,0.008511650307451935
4208,0.04845936406426621
4209,0.5620738948500796
4210,0.7701058849485467
4211,0.33398835606059885
4212,0.5128952963119287
4213,0.45641630357777985
4214,0.9232379881672657
4215,0.9049576476130967
4216,0.23084529450791813
4217,0.9508542791394647
4218,0.11697143361325812
4219,0.49128179628399127
4220,0.1500978483783617
4221,0.9748712096548818
4222,0.874182456653695
4223,0.10509790997101587
4224,0.8222064564028899
4225,0.672904292841266
4226,0.07190081557415107
4227,0.2954411673193146
4228,0.4607671323347384
4229,0.3377195076628122
4230,0.009596511556192233
4231,0.7829044752088979
4232,0.006056036623687255
4233,0.8585050828276305
4234,0.24087209689398403
4235,0.14890070174080627
4236,0.6513311153748388
4237,0.8401540961538936
4238,0.6481093326247193
4239,0.735544539269733
4240,0.0920332466683893
4241,0.6324983439954045
4242,0.6793523771422193
4243,0.5914504684811668
4244,0.13759977960552272
4245,0.2279956481709391
4246,0.7258660649587019
4247,0.16796440671869284
4248,0.980104891044461
4249,0.1902611691376742
4250,0.4331979555470221
4251,0.729992302730979
4252,0.255427470374891
4253,0.9057503863252613
4254,0.10298386043447838
4255,0.6021104488328097
4256,0.7775342036303051
4257,0.2397811499800533
4258,0.0029290636571527306
4259,0.13872192528288751
4260,0.29609061594244834
4261,0.9627658007167673
4262,0.18785265327010647
4263,0.9879033442047357
4264,0.2360267158727516
4265,0.5718243480167319
4266,0.3704544853871805
4267,0.47300098268518276
4268,0.13469992582720125
4269,0.3513731399608654
4270,0.9138574664983439
4271,0.32144389006287566
4272,0.2929738600102372
4273,0.2046277120991089
4274,0.457600905431351
4275,0.20374031380667468
4276,0.7367606902100977
4277,0.9846847884190731
4278,0.29840564529215063
4279,0.12153120742567491
4280,0.6525117494703925
4281,0.13211065794388555
4282,0.9979304258817423
4283,0.3768289506738126
4284,0.5085128189878938
4285,0.39876298234937735
4286,0.7868689347226753
4287,0.1541000069255244
4288,0.9120719011257856
4289,0.35692767336064546
4290,0.8620851609250827
4291,0.5512905307203639
4292,0.8007288887667728
4293,0.496445533225902
4294,0.578349238635043
4295,0.23485630641283362
4296,0.9247330491448276
4297,0.5803119825820027
4298,0.9027879088281221
4299,0.5691002481082802
4300,0.6203413675978121
4301,0.6706779905548439
4302,0.777493469142363
4303,0.3301358382329941
4304,0.35485670560342863
4305,0.1567201127370479
4306,0.4472447074517203
4307,0.4985604566252191
4308,0.32324660962306784
4309,0.9870414656244786
4310,0.9998109258738136
4311,0.8660202306815538
4312,0.23668351231560303
4313,0.9117374105846971
4314,0.565074252529372
4315,0.779756513530244
4316,0.06801114451770462
4317,0.65127162863069
4318,0.4040170526994433
4319,0.103838373127635
4320,0.27842642538919793
4321,0.666443481191093
4322,0.45357357947082033
4323,0.9430155063810611
4324,0.7051855214716399
4325,0.19569865934952857
4326,0.2795425143048399
4327,0.6491903996421243
4328,0.8940543170321604
4329,0.5751502227542923
4330,0.5901622734581706
4331,0.509297928836769
4332,0.4627054588563033
4333,0.1891716925275293
4334,0.6999680765026315
4335,0.05032885646336971
4336,0.4872791280830472
4337,0.05793352424844134
4338,0.5736023365689612
4339,0.7164458000935268
4340,0.5839155779820565
4341,0.4758700729988069
4342,0.7216991605327904
4343,0.24534059371248707
4344,0.8890193990119609
4345,0.8921733095573527
4346,0.5975581726668409
4347,0.935337361209004
4348,0.044396266065980905
4349,0.5013531148235073
4350,0.23472540215940652
4351,0.18851592462429834
4352,0.9057325278019636
4353,0.6411139365723959
4354,0.35491896212548824
4355,0.20944293552012316
4356,0.09295940344536935
4357,0.2058767632400338
4358,0.7606219854258226
4359,0.2110439483631802
4360,0.2168376599169245
4361,0.10729890335383918
4362,0.4511616416793982
4363,0.8994091393927827
4364,0.48027842114754116
4365,0.8890618496009485
4366,0.8069027992377759
4367,0.35665854489833093
4368,0.3199372584238971
4369,0.6575614727431843
4370,0.782196735775921
4371,0.06015661530229488
4372,0.825223631290918
4373,0.441167205428174
4374,0.6898986618507065
4375,0.6245646673706409
4376,0.3948374088994757
4377,0.953584844527697
4378,0.40896544297308524
4379,0.32620707879058664
4380,0.048559759405865766
4381,0.7875131630843423
4382,0.7005105262156488
4383,0.866624637774125
4384,0.6379797698588422
4385,0.6087776081083004
4386,0.23779230214023384
4387,0.1365830704735591
4388,0.8178981479991095
4389,0.10202895848842986
4390,0.6413118120932074
4391,0.8042787797873753
4392,0.23170412881928604
4393,0.9220342774141812
4394,0.5366258094707099
4395,0.8034078735788756
4396,0.812827589909425
4397,0.9653792146338505
4398,0.27577843518025436
4399,0.5931002788726238
4400,0.1511369723172532
4401,0.9400447418023021
4402,0.2793923070963942
4403,0.46197649973789756
4404,0.09861739337294728
4405,0.5782577004286605
4406,0.6169155691198035
4407,0.4536179573793636
4408,0.5718923583291566
4409,0.02293426366960427
4410,0.9076301219606911
4411,0.0005051543706768857
4412,0.6390504583333934
4413,0.33483692132479526
4414,0.21859776614370785
4415,0.15723133273725975
4416,0.3979864619059956
4417,0.9974752188833149
4418,0.5471198022506595
4419,0.20668936237735425
4420,0.6128759971574262
4421,0.6241076723959569
4422,0.18704788939827688
4423,0.05587814579065886
4424,0.30422121066031904
4425,0.9764141823708959
4426,0.09232146199892377
4427,0.5705145756056245
4428,0.3392883218074362
4429,0.12431949433398404
4430,0.5432748751782187
4431,0.6433515697652413
4432,0.7801451382209025
4433,0.23246620660731565
4434,0.3753318844475547
4435,0.5915112780602249
4436,0.39220634316435055
4437,0.9419163432767287
4438,0.3119863976764441
4439,0.9206481520153678
4440,0.24115389266329124
4441,0.5731718378503665
4442,0.7426280218257005
4443,0.46272403579892885
4444,0.8842034532320103
4445,0.8549294633430033
4446,0.06420062779389402
4447,0.6760346879687955
4448,0.8514925142930876
4449,0.6024507081409043
4450,0.9008702290807219
4451,0.3941555939400563
4452,0.7722820820451806
4453,0.14688537640556598
4454,0.0834410773708053
4455,0.3282242735237837
4456,0.48483720414256704
4457,0.2652315815270342
4458,0.33867789050344577
4459,0.31201815346411477
4460,0.5982084986734868
4461,0.13069211609830989
4462,0.924047013031499
4463,0.4299142576750904
4464,0.5839005540486881
4465,0.10975075628522468
4466,0.3810102776511437
4467,0.5360651044356798
4468,0.45517973253811894
4469,0.48529999269658064
4470,0.3282448915017647
4471,0.24846582040248377
4472,0.24396357699818072
4473,0.1667825424545898
4474,0.9145540302925903
4475,0.2996747668289228
4476,0.6414691845762704
4477,0.9236778478663221
4478,0.8867372573459064
4479,0.47402643371681963
4480,0.6191987870071016
4481,0.21113270704044484
4482,0.6542621160395189
4483,0.846741113706903
4484,0.2731807278523186
4485,0.1887512686642503
4486,0.17400128193660946
4487,0.8296158560575928
4488,0.9175640947983511
4489,0.6157399127293656
4490,0.7873940663863963
4491,0.3769814158003524
4492,0.4729030459633864
4493,0.6408837983630777
4494,0.6639037051822775
4495,0.17619811156119325
4496,0.08501153095308156
4497,0.4350069326281979
4498,0.34467923303772696
4499,0.22008704482915753
4500,0.27088036873704
4501,0.21430756789240835
4502,0.6420606855968625
4503,0.2576074662255523
4504,0.9535662984515809
4505,0.20512634520234752
4506,0.3460886621965378
4507,0.5428020371046454
4508,0.2649108876803159
4509,0.04053706647766975
4510,0.9141845603725732
4511,0.8905394340025483
4512,0.8814002488902812
4513,0.48094987699117964
4514,0.46406836982880195
4515,0.3023997138882635
4516,0.4073092328832163
4517,0.8333938635436997
4518,0.7485404442428222
4519,0.0167329248933219
4520,0.4337703050654502
4521,0.3526229298013627
4522,0.5147229102961784
4523,0.2742752733991387
4524,0.44056351691444406
4525,0.19599482267048052
4526,0.9209104164749585
4527,0.3840324699966735
4528,0.39275649457322104
4529,0.24055445985826907
4530,0.027560509177877335
4531,0.7718224668477277
4532,0.10919624762296265
4533,0.30913882661402736
4534,0.5492026143445617
4535,0.5574896690086317
4536,0.09461168604400372
4537,0.5985397904998792
4538,0.7572511247847136
4539,0.5013919963295754
4540,0.44150252466082274
4541,0.20854118160754054
4542,0.5410746596165136
4543,0.9168875453633152
4544,0.4505808286436731
4545,0.6582862256229336
4546,0.3970889146644635
4547,0.7443186983322128
4548,0.5242811157144995
4549,0.4308414069351626
4550,0.21103199491115587
4551,0.4973987724432213
4552,0.18359077102303412
4553,0.7604131473745679
4554,0.3580342701305922
4555,0.5705259365261109
4556,0.008454834192826444
4557,0.0403046921848661
4558,0.9528820808387171
4559,0.01772652697819721
4560,0.5951567339140384
4561,0.7797024074084465
4562,0.9667087699200448
4563,0.4494654424559311
4564,0.043447737204216685
4565,0.9381164511094428
4566,0.7161696573841275
4567,0.4807951789425322
4568,0.9216954677476409
4569,0.8433259261859077
4570,0.6757953890266463
4571,0.9470551851708134
4572,0.667768003223089
4573,0.8947876804246013
4574,0.7387940486609876
4575,0.08961557825560751
4576,0.7420756932353244
4577,0.8384270224781398
4578,0.8974556668645658
4579,0.6566294289100604
4580,0.9155270492985833
4581,0.9320024147651178
4582,0.9114982187596536
4583,0.7227338326678941
4584,0.3834987578201251
4585,0.9122771989094999
4586,0.46962372558247023
4587,0.7777833639201828
4588,0.17474187041775102
4589,0.49533849985442246
4590,0.46474948850483566
4591,0.9894915020348021
4592,0.9096934996854936
4593,0.752408848953228
4594,0.5902464652265685
4595,0.23012054659105174
4596,0.21339523564496365
4597,0.4594285243788333
4598,0.9275213940235253
4599,0.5232012556557228
4600,0.8406135325416013
4601,0.053465657636014186
4602,0.44104915157242075
4603,0.020477226448617047
4604,0.8157910904668476
4605,0.9741810282174873
4606,0.9852563476455192
4607,0.3896373688068414
4608,0.4137677141634274
4609,0.5231932090533405
4610,0.3301604443510645
4611,0.28179438919930644
4612,0.04525145730868385
4613,0.9906173479014234
4614,0.7762245141821407
4615,0.5707215029696037
4616,0.5999857728759485
4617,0.06388881145049585
4618,0.8795381956324756
4619,0.8277547342665974
4620,0.02274410264062532
4621,0.517737530825132
4622,0.6602995506846169
4623,0.21516885321549928
4624,0.2606451488456869
4625,0.8064240995539877
4626,0.2021189255536795
4627,0.6008305909973931
4628,0.9632443755520134
4629,0.8391953919925004
4630,0.8816074660204234
4631,0.37165789236269975
4632,0.11648139309129046
4633,0.5785061349405829
4634,0.8938267254467336
4635,0.36168455276694667
4636,0.8611401072022377
4637,0.33420096238458674
4638,0.6540923596648489
4639,0.11731226141873763
4640,0.033392004466271996
4641,0.5590713841725431
4642,0.3931914017085667
4643,0.6696580182319399
4644,0.6828144973989324
4645,0.9944469292523628
4646,0.923013805638492
4647,0.2189454259234701
4648,0.445264991490153
4649,0.15062262277697047
4650,0.7679562060774644
4651,0.9149210034521604
4652,0.11862412838087355
4653,0.8035593769371636
4654,0.3938806829712995
4655,0.5970325597292803
4656,0.8189831038725256
4657,0.9034858007584743
4658,0.8816921308635013
4659,0.1420178488290018
4660,0.5605498318974226
4661,0.2586138587232816
4662,0.59056391557933
4663,0.13918927747538
4664,0.9310661950588137
4665,0.008159527630035912
4666,0.28921559935868246
4667,0.7577858156922359
4668,0.6753858287961407
4669,0.2305046102143684
4670,0.39299515991820566
4671,0.9028515335833277
4672,0.06368354542281374
4673,0.004114335239554179
4674,0.8299207651484235
4675,0.635024516362874
4676,0.2153577432892485
4677,0.6765245509066949
4678,0.5339321304433894
4679,0.3118501606130628
4680,0.5949019646637206
4681,0.4637963247441099
4682,0.8785606964818029
4683,0.7334253796665574
4684,0.36982057820864866
4685,0.39098975064862385
4686,0.6020375129160859
4687,0.9081475576865591
4688,0.4007987391010913
4689,0.09073260823171214
4690,0.2509559021500294
4691,0.9727698847630083
4692,0.2449448549946701
4693,0.8034949942585414
4694,0.5420348731447832
4695,0.5665009537367272
4696,0.244004839356318
4697,0.19560056960297545
4698,0.41543752399271094
4699,0.907813482304485
4700,0.7759921709266075
4701,0.9876005524586104
4702,0.4938359227561592
4703,0.08850545549385236
4704,0.7482491637686853
4705,0.7473192482161578
4706,0.5663341936127823
4707,0.5153088796225468
4708,0.6343100209188341
4709,0.5710197830576674
4710,0.48460681229620317
4711,0.14347497750529214
4712,0.9801646664403287
4713,0.8743102704658804
4714,0.779930874420675
4715,0.5991426910119169
4716,0.10109426084480422
4717,0.9332353172402902
4718,0.323758337900543
4719,0.9370214249801925
4720,0.1517620764441815
4721,0.942535301428649
4722,0.5340076813735829
4723,0.7251475529427309
4724,0.8556479221515391
4725,0.2564874745171827
4726,0.7739971044643666
4727,0.28817286364702077
4728,0.8238394964234871
4729,0.3771781076463513
4730,0.8702330855645908
4731,0.40596810522955196
4732,0.8122766014340298
4733,0.5133803430688972
4734,0.2557233100578713
4735,0.8488130588057199
4736,0.3977330157684503
4737,0.5471465901867795
4738,0.040574990261970756
4739,0.47901529091376016
4740,0.159513002851019
4741,0.663727886933752
4742,0.8482476404180824
4743,0.6754609296392601
4744,0.004431877195775646
4745,0.7144444020160281
4746,0.8289088711124374
4747,0.8573024691688867
4748,0.5713502258785347
4749,0.38195576806351217
4750,0.11547126389105722
4751,0.34898395492494494
4752,0.8159892814594231
4753,0.6106512643371769
4754,0.023465402313765593
4755,0.5929057627464863
4756,0.9255103617887048
4757,0.9582131942942943
4758,0.3684923456236172
4759,0.214872731992931
4760,0.3385450231413173
4761,0.48913222016062397
4762,0.3442275954162062
4763,0.29462841327380374
4764,0.7989387918330284
4765,0.8694914769226437
4766,0.04272530125776153
4767,0.39045699344599494
4768,0.055554622089229455
4769,0.41773868346876064
4770,0.19909548518666864
4771,0.9792141078783495
4772,0.5205596061938284
4773,0.22667342863803608
4774,0.406060782320779
4775,0.22258206382924417
4776,0.8552321165928358
4777,0.3395674846791673
4778,0.3197087101881645
4779,0.6834427331006353
4780,0.28133531838426407
4781,0.6654492496821844
4782,0.28379686533631165
4783,0.019933403198551858
4784,0.4831960794363058
4785,0.9184605132096203
4786,0.9164346600692027
4787,0.06823716342386066
4788,0.5262240624167718
4789,0.9959354091955778
4790,0.8373340792768059
4791,0.9144477949820697
4792,0.6503401005900251
4793,0.5750365740104931
4794,0.5460593061216122
4795,0.4254132448959672
4796,0.6292079420356634
4797,0.8098698563082474
4798,0.4146350030756245
4799,0.7481752249238393
4800,0.718493187533921
4801,0.8174940497336645
4802,0.8676364007390597
4803,0.15467344806470462
4804,0.19509085207772148
4805,0.033392396455355855
4806,0.20996965977298188
4807,0.7886609650792417
4808,0.33375361826143346
4809,0.21702451990994953
4810,0.604444045996884
4811,0.1374235465673872
4812,0.5613459241187281
4813,0.21139428833823792
4814,0.15845038095180075
4815,0.34954614944071893
4816,0.30436197774779283
4817,0.8986488449679263
4818,0.49547250461906334
4819,0.11258412200220214
4820,0.16342104882418762
4821,0.593284554484592
4822,0.7495987357622985
4823,0.20245354625330214
4824,0.4044622475913968
4825,0.83407050730001
4826,0.6638742911159987
4827,0.3547884965987653
4828,0.8879750138802551
4829,0.875000917676288
4830,0.1618543206297266
4831,0.08452618196517103
4832,0.5423276329513903
4833,0.8940337526796478
4834,0.959547176489679
4835,0.7734364982669927
4836,0.24870499686148984
4837,0.33888104467228086
4838,0.7370447209547815
4839,0.09260422314096439
4840,0.612736729605696
4841,0.7842508706624421
4842,0.7457541110949947
4843,0.6419723716572767
4844,0.11597514625650551
4845,0.5137918196645829
4846,0.8112844822364009
4847,0.8250093715375005
4848,0.08610241102125415
4849,0.8347837102074875
4850,0.9981779420005448
4851,0.8269879145974829
4852,0.445060356545269
4853,0.6630107714239601
4854,0.7151512453839716
4855,0.8173291032939818
4856,0.26234050023880473
4857,0.9629911057461222
4858,0.27214650436791454
4859,0.3241228778942076
4860,0.2415446991431771
4861,0.05586985712898862
4862,0.6398834030666899
4863,0.5699264486250513
4864,0.255754948557002
4865,0.8072561555483524
4866,0.7710031496967855
4867,0.7150943264831052
4868,0.17031196341859312
4869,0.9561872821238809
4870,0.6837952704334129
4871,0.719613585445036
4872,0.14291213713038686
4873,0.4245566120242755
4874,0.7829924822425858
4875,0.6180019827004614
4876,0.6329212780695647
4877,0.5051300170611082
4878,0.0006267264832421349
4879,0.4679712478851864
4880,0.3811303468387205
4881,0.5454179013453807
4882,0.7530477794500966
4883,0.584719993704229
4884,0.43689048278648834
4885,0.9070432809566288
4886,0.22241684320673993
4887,0.1009331212737905
4888,0.1423924891256867
4889,0.5708012136526537
4890,0.3581711228776757
4891,0.17990710245196617
4892,0.025164304413348715
4893,0.12853405919202165
4894,0.8522655102789208
4895,0.20011345614599396
4896,0.8031564779018906
4897,0.6414517574643311
4898,0.41553479172658714
4899,0.5557252381575221
4900,0.5650391586649559
4901,0.8448338517963181
4902,0.9976629056292761
4903,0.9293168635969867
4904,0.8057393707995882
4905,0.34900767922417775
4906,0.6109605011290887
4907,0.501206000606298
4908,0.3832395289708055
4909,0.6658341432828824
4910,0.6949430476516925
4911,0.25158881970830094
4912,0.28354747763527055
4913,0.14833080302346113
4914,0.8894960880757597
4915,0.9432598420561997
4916,0.5958884755847521
4917,0.6189327471615836
4918,0.18050316570271085
4919,0.8052056683789641
4920,0.7435514688285421
4921,0.1756191707637622
4922,0.5482661028748037
4923,0.023981057958434193
4924,0.6706678341245899
4925,0.07834257395853761
4926,0.47940563293775085
4927,0.9982080725279066
4928,0.4766736965556613
4929,0.15042611997929534
4930,0.5691505089431699
4931,0.9494236605060432
4932,0.7913212562666556
4933,0.5111189005784064
4934,0.5104561522746194
4935,0.1579755753578812
4936,0.5705602355058766
4937,0.09700397598254462
4938,0.34599624206635105
4939,0.025746510715751514
4940,0.2559242988725634
4941,0.8254330785445073
4942,0.17590133232990313
4943,0.01258999387569959
4944,0.2718427743988844
4945,0.11286355388806624
4946,0.4422119684492354
4947,0.42566085344865134
4948,0.743947750059528
4949,0.13492308312944423
4950,0.6578511684086898
4951,0.432746541011491
4952,0.8416712272734564
4953,0.15189378975651036
4954,0.07771771767000824
4955,0.1361785795616599
4956,0.5597365572023726
4957,0.6888660580124262
4958,0.524304544901337
4959,0.7849012672465462
4960,0.8614259852068072
4961,0.2581483432021603
4962,0.6745499722227035
4963,0.08783937429587318
4964,0.0793527610217648
4965,0.28948167217522724
4966,0.8462241767510138
4967,0.1839155058366101
4968,0.6470878521337564
4969,0.6052526758592363
4970,0.1928449593576369
4971,0.17103534203388382
4972,0.24335975739956217
4973,0.7499716857084262
4974,0.5638911964013599
4975,0.1960088185534511
4976,0.8505717784544438
4977,0.21874632320494025
4978,0.19378755560583816
4979,0.41394464933338504
4980,0.5644457153875823
4981,0.6324603141987643
4982,0.3417584326537981
4983,0.787432586627057
4984,0.5608995478617099
4985,0.6829120309447301
4986,0.641287722167591
4987,0.5541939027964342
4988,0.4446364146610061
4989,0.9280272640573564
4990,0.21628288673736706
4991,0.9044809764679462
4992,0.4585690083315457
4993,0.5275225487251832
4994,0.12855041267748568
4995,0.485629008448376
4996,0.7098713854457747
4997,0.1822710646402067
4998,0.9602668533212578
4999,0.7749121160224755
5000,0.403615693377513
