,t,hat_beta_t,argmax_Wit,top_agent_wealth_ratio,top_10p_wealth_ratio,state_t,k_ast_t,Gamma_t,gamma_period_t,gamma_star_t,r_bar_t
0,0.0,0.504461615070974,0.7868615288624881,0.0001999600079984003,0.09998000399920016,0.0,-1.0,0.0,0.0,91.66666666666669,0.8
1,1.0,0.5092232716574553,0.9999222279534068,0.00020551407498938442,0.10248276005373747,0.0,1.0,0.0,0.0,91.66666666666669,0.8
2,2.0,0.5139797295014548,0.9999222279534068,0.00021116604204399404,0.10502038034719853,0.0,1.0,0.0,0.0,91.66666666666669,0.8
3,3.0,0.518729449896859,0.9999222279534068,0.000216915622033867,0.1075924081089587,0.0,1.0,0.0,0.0,91.66666666666669,0.8
4,4.0,0.5234709051135714,0.9999222279534068,0.00022276246629146092,0.11019836000073749,0.0,1.0,0.0,0.0,91.66666666666669,0.8
5,5.0,0.5282025807023235,0.9999222279534068,0.00022870616541737195,0.11283772689012778,0.0,1.0,0.0,0.0,91.66666666666669,0.8
6,6.0,0.5329229777542068,0.9999222279534068,0.00023474625022273598,0.1155099746801509,0.0,1.0,0.0,0.0,91.66666666666669,0.8
7,7.0,0.5376306151075636,0.9999222279534068,0.0002408821928025519,0.11821454519168031,0.0,1.0,0.0,0.0,91.66666666666669,0.8
8,8.0,0.5423240314952847,0.9999222279534068,0.0002471134077352096,0.12095085709535805,0.0,1.0,0.0,0.0,91.66666666666669,0.8
9,9.0,0.5470017876258131,0.9999222279534068,0.0002534392534030034,0.12371830688945294,0.0,1.0,0.0,0.0,91.66666666666669,0.8
10,10.0,0.5516624681915568,0.9999222279534068,0.0002598590334278774,0.1265162699199176,0.0,1.0,0.0,0.0,91.66666666666669,0.8
11,11.0,0.5563046837988727,0.9999222279534068,0.0002663719982162949,0.12934410143879413,0.0,1.0,0.0,0.0,91.66666666666669,0.8
12,12.0,0.5609270728141308,0.9999222279534068,0.0002729773466066355,0.13220113769697353,0.0,1.0,0.0,0.0,91.66666666666669,0.8
13,13.0,0.5655283031208904,0.9999222279534068,0.0002796742276122297,0.13508669706723386,0.0,1.0,0.0,0.0,91.66666666666669,0.8
14,14.0,0.5701070737836864,0.9999222279534068,0.0002864617422528,0.13800008119341448,0.0,1.0,0.0,0.0,91.66666666666669,0.8
15,15.0,0.5746621166144311,0.9999222279534068,0.0002933389454668356,0.14094057616153927,0.0,1.0,0.0,0.0,91.66666666666669,0.8
16,16.0,0.579192197637891,0.9999222279534068,0.00030030484809719755,0.14390745368868502,0.0,1.0,0.0,0.0,91.66666666666669,0.8
17,17.0,0.5836961184533168,0.9999222279534068,0.00030735841894209985,0.1468999723253983,0.0,1.0,0.0,0.0,91.66666666666669,0.8
18,18.0,0.588172717489727,0.9999222279534068,0.00031449858686349684,0.1499173786674987,0.0,1.0,0.0,0.0,91.66666666666669,0.8
19,19.0,0.5926208711529369,0.9999222279534068,0.0003217242429448171,0.15295890857314864,0.0,1.0,0.0,0.0,91.66666666666669,0.8
20,20.0,0.5970394948629195,0.9999222279534068,0.00032903424269000434,0.1560237883811649,0.0,1.0,0.0,0.0,91.66666666666669,0.8
21,21.0,0.6014275439806103,0.9999222279534068,0.0003364274082558007,0.15911123612661457,0.0,1.0,0.0,0.0,91.66666666666669,0.8
22,22.0,0.6057840146237549,0.9999222279534068,0.00034390253070933004,0.1622204627498897,0.0,1.0,0.0,0.0,91.66666666666669,0.8
23,23.0,0.6101079443719213,0.9999222279534068,0.000351458372303105,0.16535067329555078,0.0,1.0,0.0,0.0,91.66666666666669,0.8
24,24.0,0.6143984128612343,0.9999222279534068,0.0003590936687597713,0.16850106809741094,0.0,1.0,0.0,0.0,91.66666666666669,0.8
25,25.0,0.6186545422699188,0.9999222279534068,0.0003668071315590497,0.17167084394646798,0.0,1.0,0.0,0.0,91.66666666666669,0.8
26,26.0,0.6228754976960577,0.9999222279534068,0.00037459745021962407,0.17485919523849913,0.0,1.0,0.0,0.0,91.66666666666669,0.8
27,27.0,0.6270604874295159,0.9999222279534068,0.0003824632945689055,0.17806531509829074,0.0,1.0,0.0,0.0,91.66666666666669,0.8
28,28.0,0.6312087631202795,0.9999222279534068,0.00039040331699394774,0.18128839647769968,0.0,1.0,0.0,0.0,91.66666666666669,0.8
29,29.0,0.6353196198458423,0.9999222279534068,0.0003984161546670892,0.18452763322493493,0.0,1.0,0.0,0.0,91.66666666666669,0.8
30,30.0,0.6393923960806122,0.9999222279534068,0.000406500431740185,0.18778222112265824,0.0,1.0,0.0,0.0,91.66666666666669,0.8
31,31.0,0.6434264735706349,0.9999222279534068,0.00041465476150173285,0.19105135889273406,0.0,1.0,0.0,0.0,91.66666666666669,0.8
32,32.0,0.6474212771171372,0.9999222279534068,0.00042287774849147913,0.1943342491656607,0.0,1.0,0.0,0.0,91.66666666666669,0.8
33,33.0,0.6513762742727021,0.9999222279534068,0.0004311679905675333,0.19763009941294676,0.0,1.0,0.0,0.0,91.66666666666669,0.8
34,34.0,0.6552909749540965,0.9999222279534068,0.00043952408092138505,0.20093812284090765,0.0,1.0,0.0,0.0,91.66666666666669,0.8
35,35.0,0.6591649309758831,0.9999222279534068,0.0004479446100366403,0.2042575392445973,0.0,1.0,0.0,0.0,91.66666666666669,0.8
36,36.0,0.6629977355091854,0.9999222279534068,0.00045642816758765034,0.20758757582076434,0.0,1.0,0.0,0.0,91.66666666666669,0.8
37,37.0,0.6667890224700593,0.9999222279534068,0.0004649733442746905,0.2109274679389837,0.0,1.0,0.0,0.0,91.66666666666669,0.8
38,38.0,0.6705384658420004,0.9999222279534068,0.0004735787335926454,0.21427645987026933,0.0,1.0,0.0,0.0,91.66666666666669,0.8
39,39.0,0.6742457789372058,0.9999222279534068,0.00048224293353067564,0.21763380547272418,0.0,1.0,0.0,0.0,91.66666666666669,0.8
40,40.0,0.6779107136012483,0.9999222279534068,0.0004909645482006035,0.22099876883391925,0.0,1.0,0.0,0.0,91.66666666666669,0.8
41,41.0,0.6815330593658122,0.9999222279534068,0.0004997421893922537,0.2243706248699261,0.0,1.0,0.0,0.0,91.66666666666669,0.8
42,42.0,0.6851126425541311,0.9999222279534068,0.0005085744780543155,0.22774865988108592,0.0,1.0,0.0,0.0,91.66666666666669,0.8
43,43.0,0.6886493253437784,0.9999222279534068,0.0005174600456995601,0.2311321720647138,0.0,1.0,0.0,0.0,91.66666666666669,0.8
44,44.0,0.6921430047913193,0.9999222279534068,0.0005263975357338118,0.23452047198520448,0.0,1.0,0.0,0.0,91.66666666666669,0.8
45,45.0,0.6955936118233327,0.9999222279534068,0.0005353856047081628,0.23791288300201693,0.0,1.0,0.0,0.0,91.66666666666669,0.8
46,46.0,0.6990011101981931,0.9999222279534068,0.0005444229234943796,0.2413087416562432,0.0,1.0,0.0,0.0,91.66666666666669,0.8
47,47.0,0.7023654954428717,0.9999222279534068,0.0005535081783837307,0.24470739801656072,0.0,1.0,0.0,0.0,91.66666666666669,0.8
48,48.0,0.7056867937689248,0.9999222279534068,0.0005626400721096844,0.24810821598545693,0.0,1.0,0.0,0.0,91.66666666666669,0.8
49,49.0,0.7089650609716657,0.9999222279534068,0.0005718173247952705,0.25151057356676143,0.0,1.0,0.0,0.0,91.66666666666669,0.8
50,50.0,0.7122003813164182,0.9999222279534068,0.0005810386748260424,0.2549138630955568,0.0,1.0,0.0,0.0,91.66666666666669,0.8
51,51.0,0.715392866415501,0.9999222279534068,0.0005903028796499071,0.25831749143167343,0.0,1.0,0.0,0.0,91.66666666666669,0.8
52,52.0,0.7185426540995568,0.9999222279534068,0.0005996087165052019,0.2617208801179992,0.0,1.0,0.0,0.0,91.66666666666669,0.8
53,53.0,0.7216499072865172,0.9999222279534068,0.0006089549830786481,0.2651234655049253,0.0,1.0,0.0,0.0,91.66666666666669,0.8
54,54.0,0.7247148128514479,0.9999222279534068,0.0006183404980948955,0.2685246988422593,0.0,1.0,0.0,0.0,91.66666666666669,0.8
55,55.0,0.7277375805002507,0.9999222279534068,0.0006277641018396607,0.271924046340045,0.0,1.0,0.0,0.0,91.66666666666669,0.8
56,56.0,0.7307184416500466,0.9999222279534068,0.000637224656618401,0.27532098919966924,0.0,1.0,0.0,0.0,91.66666666666669,0.8
57,57.0,0.7336576483188911,0.9999222279534068,0.0006467210471527241,0.27871502361673023,0.0,1.0,0.0,0.0,91.66666666666669,0.8
58,58.0,0.7365554720272399,0.9999222279534068,0.0006562521809168243,0.282105660757148,0.0,1.0,0.0,0.0,91.66666666666669,0.8
59,59.0,0.7394122027134703,0.9999222279534068,0.0006658169884161535,0.2854924267079389,0.0,1.0,0.0,0.0,91.66666666666669,0.8
60,60.0,0.7422281476655035,0.9999222279534068,0.0006754144234108245,0.28887486240417376,0.0,1.0,0.0,0.0,91.66666666666669,0.8
61,61.0,0.7450036304704566,0.9999222279534068,0.0006850434630861345,0.29225252353356446,0.0,1.0,0.0,0.0,91.66666666666669,0.8
62,62.0,0.7477389899840254,0.9999222279534068,0.0006947031081726503,0.2956249804201194,0.0,1.0,0.0,0.0,91.66666666666669,0.8
63,63.0,0.7504345793211862,0.9999222279534068,0.0007043923830183925,0.29899181788832263,0.0,1.0,0.0,0.0,91.66666666666669,0.8
64,64.0,0.7530907648695604,0.9999222279534068,0.0007141103356155798,0.3023526351092333,0.0,1.0,0.0,0.0,91.66666666666669,0.8
65,65.0,0.7557079253267093,0.9999222279534068,0.0007238560375844283,0.3057070454298903,0.0,1.0,0.0,0.0,91.66666666666669,0.8
66,66.0,0.7582864507623996,0.9999222279534068,0.0007336285841164998,0.30905467618737587,0.0,1.0,0.0,0.0,91.66666666666669,0.8
67,67.0,0.7608267417067724,0.9999222279534068,0.0007434270938800284,0.31239516850885013,0.0,1.0,0.0,0.0,91.66666666666669,0.8
68,68.0,0.7633292082651912,0.9999222279534068,0.0007532507088896766,0.3157281770988411,0.0,1.0,0.0,0.0,91.66666666666669,0.8
69,69.0,0.7657942692604105,0.9999222279534068,0.0007630985943430809,0.3190533700150202,0.0,1.0,0.0,0.0,91.66666666666669,0.8
70,70.0,0.7682223514025837,0.9999222279534068,0.0007729699384265055,0.3223704284336506,0.0,1.0,0.0,0.0,91.66666666666669,0.8
71,71.0,0.7706138884874844,0.9999222279534068,0.000782863952091968,0.3256790464058878,0.0,1.0,0.0,0.0,91.66666666666669,0.8
72,72.0,0.7729693206232349,0.9999222279534068,0.0007927798688079392,0.328978930605994,0.0,1.0,0.0,0.0,91.66666666666669,0.8
73,73.0,0.7752890934857085,0.9999222279534068,0.0008027169442858791,0.3322698000725513,0.0,1.0,0.0,0.0,91.66666666666669,0.8
74,74.0,0.7775736576026607,0.9999222279534068,0.0008126744561846439,0.33555138594367123,0.0,1.0,0.0,0.0,91.66666666666669,0.8
75,75.0,0.7798234676665797,0.9999222279534068,0.0008226517037948081,0.33882343118715696,0.0,1.0,0.0,0.0,91.66666666666669,0.8
76,76.0,0.7820389818761329,0.9999222279534068,0.0008326480077048523,0.3420856903265387,0.0,1.0,0.0,0.0,91.66666666666669,0.8
77,77.0,0.7842206613060303,0.9999222279534068,0.0008426627094510714,0.3453379291638318,0.0,1.0,0.0,0.0,91.66666666666669,0.8
78,78.0,0.7863689693050258,0.9999222279534068,0.0008526951711530035,0.34857992449983094,0.0,1.0,0.0,0.0,91.66666666666669,0.8
79,79.0,0.7884843709217436,0.9999222279534068,0.0008627447751361183,0.3518114638527269,0.0,1.0,0.0,0.0,91.66666666666669,0.8
80,80.0,0.7905673323579224,0.9999222279534068,0.0008728109235433641,0.35503234517573107,0.0,1.0,0.0,0.0,91.66666666666669,0.8
81,81.0,0.7926183204486429,0.9999222279534068,0.0008828930379371449,0.3582423765744026,0.0,1.0,0.0,0.0,91.66666666666669,0.8
82,82.0,0.7946378021690416,0.9999222279534068,0.0008929905588932371,0.3614413760243004,0.0,1.0,0.0,0.0,91.66666666666669,0.8
83,83.0,0.7966262441669772,0.9999222279534068,0.0009031029455879729,0.3646291710895347,0.0,1.0,0.0,0.0,91.66666666666669,0.8
84,84.0,0.7985841123210667,0.9999222279534068,0.0009132296753801086,0.3678055986427726,0.0,1.0,0.0,0.0,91.66666666666669,0.8
85,85.0,0.8005118713234985,0.9999222279534068,0.0009233702433885232,0.37097050458717334,1.0,1.0,0.0,0.0,91.66666666666669,0.8
86,86.0,0.7852703582501053,0.9999222279534068,0.0008418360632517442,0.34565055036493075,0.0,0.7868217054263567,1.0,87.0,91.66666666666669,0.8
87,87.0,0.7873886243244658,0.9999222279534068,0.0008518093309514294,0.3488747096679475,0.0,0.789272030651341,1.0,88.0,91.66666666666669,0.8
88,88.0,0.7894746492263363,0.9999222279534068,0.0008617999983837144,0.3520886058521831,0.0,0.7916666666666667,1.0,89.0,91.66666666666669,0.8
89,89.0,0.7915288912806075,0.9999222279534068,0.0008718074830506259,0.35529204141083454,0.0,0.7940074906367042,1.0,90.0,91.66666666666669,0.8
90,90.0,0.7935518091296975,0.9999222279534068,0.0008818312210563431,0.35848482862402936,0.0,0.7962962962962963,1.0,91.0,91.66666666666669,0.8
91,91.0,0.795543861269616,0.9999222279534068,0.0008918706667190131,0.36166678928772555,0.0,0.7985347985347986,1.0,92.0,91.66666666666669,0.8
92,92.0,0.7975055056108463,0.9999222279534068,0.0009019252921765345,0.36483775444363725,0.0,0.8007246376811594,1.0,93.0,91.66666666666669,0.8
93,93.0,0.7994371990634221,0.9999222279534068,0.0009119945869875488,0.36799756411068346,0.0,0.8028673835125448,1.0,94.0,91.66666666666669,0.8
94,94.0,0.80133939714563,0.9999222279534068,0.0009220780577287144,0.3711460670183953,1.0,0.8049645390070922,1.0,95.0,91.66666666666669,0.8
95,95.0,0.7862920800585297,0.9999222279534068,0.0008409661383524765,0.34594569703028666,0.0,0.6140350877192983,2.0,48.0,91.66666666666669,0.8
96,96.0,0.7883810664887306,0.9999222279534068,0.0008508811181830231,0.3491523622483919,0.0,0.6180555555555556,2.0,48.5,91.66666666666669,0.8
97,97.0,0.7904384623343969,0.9999222279534068,0.0008608137534755542,0.3523489554077107,0.0,0.6219931271477663,2.0,49.0,91.66666666666669,0.8
98,98.0,0.7924647179519329,0.9999222279534068,0.0008707634763372021,0.3555352832644,0.0,0.6258503401360545,2.0,49.5,91.66666666666669,0.8
99,99.0,0.7944602837274747,0.9999222279534068,0.0008807297366966092,0.35871116201256403,0.0,0.6296296296296295,2.0,50.0,91.66666666666669,0.8
100,100.0,0.7964256096407488,0.9999222279534068,0.0008907120019331769,0.3618764170240546,0.0,0.6333333333333333,2.0,50.5,91.66666666666669,0.8
101,101.0,0.7983611448525946,0.9999222279534068,0.0009007097565009055,0.36503088258939737,0.0,0.636963696369637,2.0,51.0,91.66666666666669,0.8
102,102.0,0.8002673373155809,0.9999222279534068,0.0009107225015478838,0.36817440166027954,1.0,0.6405228758169935,2.0,51.5,91.66666666666669,0.8
103,103.0,0.7851948154171209,0.9999222279534068,0.0008302152278815195,0.3430246511493642,0.0,0.46601941747572817,3.0,34.666666666666664,91.66666666666669,0.8
104,104.0,0.7872866609679025,0.9999222279534068,0.0008400543255315966,0.3462238410970467,0.0,0.47115384615384615,3.0,35.0,91.66666666666669,0.8
105,105.0,0.7893471099177061,0.9999222279534068,0.0008499119036864391,0.3494133467089991,0.0,0.4761904761904763,3.0,35.333333333333336,91.66666666666669,0.8
106,106.0,0.7913766043855224,0.9999222279534068,0.0008597873909246071,0.35259296938963497,0.0,0.4811320754716981,3.0,35.666666666666664,91.66666666666669,0.8
107,107.0,0.7933755866914624,0.9999222279534068,0.0008696802332482805,0.355762519898391,0.0,0.485981308411215,3.0,36.0,91.66666666666669,0.8
108,108.0,0.7953444989237678,0.9999222279534068,0.0008795898937355684,0.35892181809937695,0.0,0.4907407407407408,3.0,36.333333333333336,91.66666666666669,0.8
109,109.0,0.7972837825289238,0.9999222279534068,0.0008895158521867513,0.36207069271173364,0.0,0.4954128440366973,3.0,36.666666666666664,91.66666666666669,0.8
110,110.0,0.7991938779243513,0.9999222279534068,0.0008994576047655911,0.3652089810611761,0.0,0.5,3.0,37.0,91.66666666666669,0.8
111,111.0,0.8010752241331061,0.9999222279534068,0.0009094146636367654,0.368336528833145,1.0,0.5045045045045045,3.0,37.333333333333336,91.66666666666669,0.8
112,112.0,0.7861915096316006,0.9999222279534068,0.0008293196500909131,0.3433032672941865,0.0,0.34523809523809534,4.0,28.25,91.66666666666669,0.8
113,113.0,0.7882549105136485,0.9999222279534068,0.0008391019752936143,0.34648544170517975,0.0,0.3510324483775812,4.0,28.5,91.66666666666669,0.8
114,114.0,0.7902875443854862,0.9999222279534068,0.0008489030182142934,0.34965811477404657,0.0,0.35672514619883045,4.0,28.75,91.66666666666669,0.8
115,115.0,0.7922898455469157,0.9999222279534068,0.0008587222213858807,0.3528210919935419,0.0,0.3623188405797102,4.0,29.0,91.66666666666669,0.8
116,116.0,0.7942622482358126,0.9999222279534068,0.000868559044037008,0.3559741878830766,0.0,0.367816091954023,4.0,29.25,91.66666666666669,0.8
117,117.0,0.7962051862210053,0.9999222279534068,0.0008784129617602049,0.35911722574846144,0.0,0.37321937321937315,4.0,29.5,91.66666666666669,0.8
118,118.0,0.7981190924171948,0.9999222279534068,0.0008882834661746554,0.36225003744248685,0.0,0.37853107344632775,4.0,29.75,91.66666666666669,0.8
119,119.0,0.8000043985213999,0.9999222279534068,0.0008981700645844125,0.3653724631267067,1.0,0.3837535014005603,4.0,30.0,91.66666666666669,0.8
120,120.0,0.785095689566986,0.9999222279534068,0.000818677108589419,0.34039086382523465,0.0,0.23611111111111116,5.0,24.2,91.66666666666669,0.8
121,121.0,0.7871619407554323,0.9999222279534068,0.0008283839970327883,0.34356546495846013,0.0,0.24242424242424243,5.0,24.4,91.66666666666669,0.8
122,122.0,0.7891976140870298,0.9999222279534068,0.0008381103987924001,0.3467309454465339,0.0,0.24863387978142082,5.0,24.6,91.66666666666669,0.8
123,123.0,0.7912031358887959,0.9999222279534068,0.0008478557533830648,0.3498871056841972,0.0,0.2547425474254743,5.0,24.8,91.66666666666669,0.8
124,124.0,0.7931789325912028,0.9999222279534068,0.0008576195166301066,0.35303375501001333,0.0,0.2607526881720431,5.0,25.0,91.66666666666669,0.8
125,125.0,0.7951254303239469,0.9999222279534068,0.0008674011603591294,0.35617071147547663,0.0,0.2666666666666667,5.0,25.2,91.66666666666669,0.8
126,126.0,0.7970430545332543,0.9999222279534068,0.0008772001720797412,0.3592978016145651,0.0,0.27248677248677255,5.0,25.4,91.66666666666669,0.8
127,127.0,0.7989322296202367,0.9999222279534068,0.0008870160546642072,0.3624148602141455,0.0,0.2782152230971129,5.0,25.6,91.66666666666669,0.8
128,128.0,0.8007933785997292,0.9999222279534068,0.0008968483260221082,0.36552173008567396,1.0,0.28385416666666674,5.0,25.8,91.66666666666669,0.8
129,129.0,0.7860682774009702,0.9999222279534068,0.0008177579847610202,0.3406536391290313,0.0,0.1472868217054264,6.0,21.666666666666668,91.66666666666669,0.8
130,130.0,0.7881068897803692,0.9999222279534068,0.0008274095604252692,0.343811685616047,0.0,0.15384615384615385,6.0,21.833333333333332,91.66666666666669,0.8
131,131.0,0.7901155334967896,0.9999222279534068,0.0008370808687590029,0.34696078661912044,0.0,0.16030534351145043,6.0,22.0,91.66666666666669,0.8
132,132.0,0.7920946272180487,0.9999222279534068,0.0008467713626245864,0.35010074646054423,0.0,0.16666666666666674,6.0,22.166666666666668,91.66666666666669,0.8
133,133.0,0.7940445894750403,0.9999222279534068,0.0008564805105160835,0.3532313780973427,0.0,0.17293233082706772,6.0,22.333333333333332,91.66666666666669,0.8
134,134.0,0.7959658382815709,0.9999222279534068,0.0008662077962635678,0.3563525028997646,0.0,0.17910447761194037,6.0,22.5,91.66666666666669,0.8
135,135.0,0.7978587907747606,0.9999222279534068,0.0008759527187318425,0.3594639504302858,0.0,0.18518518518518523,6.0,22.666666666666668,91.66666666666669,0.8
136,136.0,0.7997238628754914,0.9999222279534068,0.0008857147915145556,0.3625655582235339,0.0,0.19117647058823528,6.0,22.833333333333332,91.66666666666669,0.8
137,137.0,0.8015614689683679,0.9999222279534068,0.0008954935426246322,0.36565717156750355,1.0,0.1970802919708029,6.0,23.0,91.66666666666669,0.8
138,138.0,0.7870154478855165,0.9999222279534068,0.0008168005180555988,0.34090055759806015,0.0,0.07004830917874394,7.0,19.857142857142858,91.66666666666669,0.8
139,139.0,0.7890271143103127,0.9999222279534068,0.00082639759426846,0.3440423586353702,0.0,0.07673860911270991,7.0,20.0,91.66666666666669,0.8
140,140.0,0.791009407533522,0.9999222279534068,0.000836014620431312,0.3471753874855243,0.0,0.08333333333333337,7.0,20.142857142857142,91.66666666666669,0.8
141,141.0,0.7929627385293292,0.9999222279534068,0.0008456510621364643,0.3502994521716684,0.0,0.08983451536643028,7.0,20.285714285714285,91.66666666666669,0.8
142,142.0,0.7948875179169472,0.9999222279534068,0.0008553063999593088,0.35341436905627616,0.0,0.09624413145539923,7.0,20.428571428571427,91.66666666666669,0.8
143,143.0,0.7967841556032017,0.9999222279534068,0.000864980129176697,0.35651996262870395,0.0,0.10256410256410264,7.0,20.571428571428573,91.66666666666669,0.8
144,144.0,0.7986530604447288,0.9999222279534068,0.0008746717594802154,0.3596160652933339,0.0,0.10879629629629639,7.0,20.714285714285715,91.66666666666669,0.8
145,145.0,0.8004946399292486,0.9999222279534068,0.0008843808146852377,0.3627025171586627,1.0,0.11494252873563227,7.0,20.857142857142858,91.66666666666669,0.8
146,146.0,0.785923364927002,0.9999222279534068,0.0008062832738049408,0.33799778174211925,0.0,-0.004566210045662045,8.0,18.375,91.66666666666669,0.8
147,147.0,0.7879379544034548,0.9999222279534068,0.0008158059438981369,0.34113204368500943,0.0,0.0022675736961452753,8.0,18.5,91.66666666666669,0.8
148,148.0,0.7899233491190275,0.9999222279534068,0.0008253493157526301,0.3442579015322666,0.0,0.009009009009009028,8.0,18.625,91.66666666666669,0.8
149,149.0,0.7918799525350413,0.9999222279534068,0.0008349128524829026,0.3473751585343852,0.0,0.01565995525727082,8.0,18.75,91.66666666666669,0.8
150,150.0,0.7938081679156793,0.9999222279534068,0.0008444960318291016,0.3504836262027818,0.0,0.022222222222222254,8.0,18.875,91.66666666666669,0.8
151,151.0,0.7957083979729176,0.9999222279534068,0.0008540983458946704,0.35358312410586157,0.0,0.028697571743929395,8.0,19.0,91.66666666666669,0.8
152,152.0,0.7975810445305938,0.9999222279534068,0.0008637193008784058,0.35667347966534446,0.0,0.03508771929824572,8.0,19.125,91.66666666666669,0.8
153,153.0,0.7994265082071572,0.9999222279534068,0.0008733584168017725,0.35975452795320123,0.0,0.04139433551198257,8.0,19.25,91.66666666666669,0.8
154,154.0,0.8012451881165962,0.9999222279534068,0.000883015227232361,0.36282611148958077,1.0,0.04761904761904767,8.0,19.375,91.66666666666669,0.8
155,155.0,0.78684812995987,0.9999222279534068,0.0008053059188693512,0.33823006176288045,0.0,-0.06451612903225801,9.0,17.333333333333332,91.66666666666669,0.8
156,156.0,0.7888365276953231,0.9999222279534068,0.0008147754615789284,0.3413485101714917,0.0,-0.05769230769230771,9.0,17.444444444444443,91.66666666666669,0.8
157,157.0,0.7907963067089473,0.9999222279534068,0.0008242659061658278,0.3444587202259482,0.0,-0.05095541401273884,9.0,17.555555555555557,91.66666666666669,0.8
158,158.0,0.7927278629511839,0.9999222279534068,0.0008337767279487685,0.34756049874399875,0.0,-0.04430379746835422,9.0,17.666666666666668,91.66666666666669,0.8
159,159.0,0.7946315919763102,0.9999222279534068,0.0008433074162671105,0.35065366052605,0.0,-0.037735849056603765,9.0,17.77777777777778,91.66666666666669,0.8
160,160.0,0.7965078886085416,0.9999222279534068,0.000852857474231308,0.35373802815964256,0.0,-0.03125,9.0,17.88888888888889,91.66666666666669,0.8
161,161.0,0.7983571466263749,0.9999222279534068,0.0008624264184681785,0.3568134318242192,0.0,-0.024844720496894457,9.0,18.0,91.66666666666669,0.8
162,162.0,0.8001797584647257,0.9999222279534068,0.000872013778861809,0.3598797090965658,1.0,-0.01851851851851838,9.0,18.11111111111111,91.66666666666669,0.8
163,163.0,0.78575771724763,0.9999222279534068,0.0007948975076469898,0.3353366308354873,0.0,-0.12474437627811863,10.0,16.4,91.66666666666669,0.8
164,164.0,0.7877490190975694,0.9999222279534068,0.0008042930581915088,0.3384474330253423,0.0,-0.11788617886178843,10.0,16.5,91.66666666666669,0.8
165,165.0,0.7897118764116411,0.9999222279534068,0.0008137102351403278,0.3415503584185591,0.0,-0.11111111111111116,10.0,16.6,91.66666666666669,0.8
166,166.0,0.7916466778695171,0.9999222279534068,0.0008231485117987126,0.3446452092971588,0.0,-0.10441767068273089,10.0,16.7,91.66666666666669,0.8
167,167.0,0.793553811906628,0.9999222279534068,0.0008326073751458518,0.34773179584720026,0.0,-0.09780439121756479,10.0,16.8,91.66666666666669,0.8
168,168.0,0.7954336663824235,0.9999222279534068,0.0008420863256033142,0.35080993597134524,0.0,-0.09126984126984117,10.0,16.9,91.66666666666669,0.8
169,169.0,0.7972866282664615,0.9999222279534068,0.0008515848767978815,0.35387945510142355,0.0,-0.0848126232741615,10.0,17.0,91.66666666666669,0.8
170,170.0,0.7991130833418757,0.9999222279534068,0.0008611025553196183,0.3569401860113731,0.0,-0.07843137254901955,10.0,17.1,91.66666666666669,0.8
171,171.0,0.8009134159257759,0.9999222279534068,0.0008706389004758642,0.35999196863085026,1.0,-0.07212475633528248,10.0,17.2,91.66666666666669,0.8
172,172.0,0.7866608992503537,0.9999222279534068,0.0007939020931716784,0.33555488769649394,0.0,-0.17248062015503862,11.0,15.727272727272727,91.66666666666669,0.8
173,173.0,0.7886267371227659,0.9999222279534068,0.0008032458387091599,0.33865029234439936,0.0,-0.16570327552986508,11.0,15.818181818181818,91.66666666666669,0.8
174,174.0,0.7905646876648394,0.9999222279534068,0.0008126113942609832,0.3417379786194678,0.0,-0.15900383141762453,11.0,15.909090909090908,91.66666666666669,0.8
175,175.0,0.7924751322336734,0.9999222279534068,0.0008219982448444401,0.3448177522476407,0.0,-0.15238095238095228,11.0,16.0,91.66666666666669,0.8
176,176.0,0.7943584517604753,0.9999222279534068,0.0008314058885864349,0.3478894265967132,0.0,-0.14583333333333326,11.0,16.09090909090909,91.66666666666669,0.8
177,177.0,0.7962150264385348,0.9999222279534068,0.0008408338365035225,0.3509528224966523,0.0,-0.13935969868173248,11.0,16.181818181818183,91.66666666666669,0.8
178,178.0,0.7980452354281673,0.9999222279534068,0.0008502816122767581,0.35400776805999795,0.0,-0.13295880149812733,11.0,16.272727272727273,91.66666666666669,0.8
179,179.0,0.799849456578211,0.9999222279534068,0.0008597487520220859,0.35705409850265246,0.0,-0.12662942271880806,11.0,16.363636363636363,91.66666666666669,0.8
180,180.0,0.801628066163624,0.9999222279534068,0.0008692348040569864,0.3600916559653771,1.0,-0.12037037037037024,11.0,16.454545454545453,91.66666666666669,0.8
181,181.0,0.7875409644161951,0.9999222279534068,0.0007928727035320484,0.3357587392249962,0.0,-0.2154696132596683,12.0,15.166666666666666,91.66666666666669,0.8
182,182.0,0.7894819674548075,0.9999222279534068,0.0008021653736225426,0.338839025536611,0.0,-0.20879120879120872,12.0,15.25,91.66666666666669,0.8
183,183.0,0.7913956275794287,0.9999222279534068,0.0008114800351354686,0.3419117500538237,0.0,-0.20218579234972678,12.0,15.333333333333334,91.66666666666669,0.8
184,184.0,0.7932823188311954,0.9999222279534068,0.0008208161842918548,0.3449767217601838,0.0,-0.19565217391304346,12.0,15.416666666666666,91.66666666666669,0.8
185,185.0,0.7951424146614411,0.9999222279534068,0.0008301733298827833,0.3480337570302758,0.0,-0.18918918918918926,12.0,15.5,91.66666666666669,0.8
186,186.0,0.7969762876382531,0.9999222279534068,0.0008395509930606794,0.35108267945754174,0.0,-0.18279569892473102,12.0,15.583333333333334,91.66666666666669,0.8
187,187.0,0.7987843091692062,0.9999222279534068,0.0008489487071257554,0.35412331968222044,0.0,-0.17647058823529416,12.0,15.666666666666666,91.66666666666669,0.8
188,188.0,0.8005668492398426,0.9999222279534068,0.0008583660173082988,0.3571555152197165,1.0,-0.1702127659574466,12.0,15.75,91.66666666666669,0.8
189,189.0,0.7864546339352078,0.9999222279534068,0.0007825908036411271,0.3328759142017081,0.0,-0.2610229276895941,13.0,14.615384615384615,91.66666666666669,0.8
190,190.0,0.7883985924559221,0.9999222279534068,0.0007918104355847137,0.3359485668723509,0.0,-0.2543859649122806,13.0,14.692307692307692,91.66666666666669,0.8
191,191.0,0.790315372693629,0.9999222279534068,0.0008010527432540681,0.339014007669085,0.0,-0.2478184991273995,13.0,14.76923076923077,91.66666666666669,0.8
192,192.0,0.7922053418391609,0.9999222279534068,0.0008103172213475374,0.3420720413423653,0.0,-0.2413194444444442,13.0,14.846153846153847,91.66666666666669,0.8
193,193.0,0.7940688666378208,0.9999222279534068,0.0008196033768102502,0.34512247995850753,0.0,-0.23488773747841107,13.0,14.923076923076923,91.66666666666669,0.8
194,194.0,0.7959063130976732,0.9999222279534068,0.000828910728641516,0.34816514273490456,0.0,-0.2285223367697593,13.0,15.0,91.66666666666669,0.8
195,195.0,0.7977180462136411,0.9999222279534068,0.0008382388076969883,0.35119985587508334,0.0,-0.2222222222222221,13.0,15.076923076923077,91.66666666666669,0.8
196,196.0,0.7995044297070094,0.9999222279534068,0.0008475871564862978,0.3542264524039201,0.0,-0.2159863945578231,13.0,15.153846153846153,91.66666666666669,0.8
197,197.0,0.8012658257798988,0.9999222279534068,0.0008569553289667855,0.35724477200328436,1.0,-0.20981387478849411,13.0,15.23076923076923,91.66666666666669,0.8
198,198.0,0.7873146379588726,0.9999222279534068,0.0007815465532787575,0.3330668173792487,0.0,-0.29629629629629606,14.0,14.214285714285714,91.66666666666669,0.8
199,199.0,0.7892344424292812,0.9999222279534068,0.0007907163539075425,0.3361247415034944,0.0,-0.2897822445561138,14.0,14.285714285714286,91.66666666666669,0.8
200,200.0,0.7911275951607584,0.9999222279534068,0.0007999089959019772,0.33917560330906954,0.0,-0.28333333333333344,14.0,14.357142857142858,91.66666666666669,0.8
201,201.0,0.7929944562300862,0.9999222279534068,0.0008091239847353471,0.34221921070168376,0.0,-0.27694859038142616,14.0,14.428571428571429,91.66666666666669,0.8
202,202.0,0.7948353851190948,0.9999222279534068,0.0008183608376243058,0.3452553786663882,0.0,-0.27062706270627057,14.0,14.5,91.66666666666669,0.8
203,203.0,0.7966507404402592,0.9999222279534068,0.0008276190833464298,0.34828392910971095,0.0,-0.26436781609195403,14.0,14.571428571428571,91.66666666666669,0.8
204,204.0,0.7984408796773346,0.9999222279534068,0.0008368982620529062,0.35130469070170617,0.0,-0.25816993464052285,14.0,14.642857142857142,91.66666666666669,0.8
205,205.0,0.8002061589406521,0.9999222279534068,0.000846197925076909,0.35431749871815216,1.0,-0.2520325203252032,14.0,14.714285714285714,91.66666666666669,0.8
206,206.0,0.7862301793038547,0.9999222279534068,0.0007713736872876377,0.3301939896705968,0.0,-0.33495145631067946,15.0,13.8,91.66666666666669,0.8
207,207.0,0.7881529117181725,0.9999222279534068,0.0007804708392911006,0.33324416590482403,0.0,-0.3285024154589371,15.0,13.866666666666667,91.66666666666669,0.8
208,208.0,0.7900491532798936,0.9999222279534068,0.0007895914916340256,0.3362876236414125,0.0,-0.32211538461538436,15.0,13.933333333333334,91.66666666666669,0.8
209,209.0,0.7919192574363466,0.9999222279534068,0.0007987351486863257,0.3393241667735633,0.0,-0.3157894736842104,15.0,14.0,91.66666666666669,0.8
210,210.0,0.7937635771784853,0.9999222279534068,0.0008079013262472261,0.34235360619825506,0.0,-0.3095238095238093,15.0,14.066666666666666,91.66666666666669,0.8
211,211.0,0.7955824647680921,0.9999222279534068,0.0008170895513778473,0.3453757596654178,0.0,-0.3033175355450235,15.0,14.133333333333333,91.66666666666669,0.8
212,212.0,0.797376271479684,0.9999222279534068,0.0008262993622286008,0.3483904516267616,0.0,-0.2971698113207546,15.0,14.2,91.66666666666669,0.8
213,213.0,0.799145347356752,0.9999222279534068,0.0008355303078619586,0.35139751308452283,0.0,-0.29107981220657275,15.0,14.266666666666667,91.66666666666669,0.8
214,214.0,0.800890040981925,0.9999222279534068,0.0008447819480712564,0.3543967814404244,1.0,-0.2850467289719625,15.0,14.333333333333334,91.66666666666669,0.8
215,215.0,0.7870708555463537,0.9999222279534068,0.0007703161591096992,0.33037249309070316,0.0,-0.3643410852713178,16.0,13.5,91.66666666666669,0.8
216,216.0,0.788970090763654,0.9999222279534068,0.0007793646797687695,0.33340831626703105,0.0,-0.3580246913580245,16.0,13.5625,91.66666666666669,0.8
217,217.0,0.7908433443662816,0.9999222279534068,0.0007884368512803031,0.33643756371168804,0.0,-0.3517665130568355,16.0,13.625,91.66666666666669,0.8
218,218.0,0.7926909628912042,0.9999222279534068,0.0007975321883858734,0.33946004237831323,0.0,-0.345565749235474,16.0,13.6875,91.66666666666669,0.8
219,219.0,0.7945132922828072,0.9999222279534068,0.000806650216786699,0.34247556600121554,0.0,-0.33942161339421606,16.0,13.75,91.66666666666669,0.8
220,220.0,0.7963106776361976,0.9999222279534068,0.0008157904729853868,0.34548395495093837,0.0,-0.33333333333333326,16.0,13.8125,91.66666666666669,0.8
221,221.0,0.7980834629545013,0.9999222279534068,0.0008249525041227907,0.34848503608951936,0.0,-0.32730015082956254,16.0,13.875,91.66666666666669,0.8
222,222.0,0.7998319909197803,0.9999222279534068,0.0008341358678105639,0.3514786426257258,0.0,-0.3213213213213213,16.0,13.9375,91.66666666666669,0.8
223,223.0,0.8015566026772101,0.9999222279534068,0.0008433401319599245,0.3544646139704773,1.0,-0.3153961136023915,16.0,14.0,91.66666666666669,0.8
224,224.0,0.7878904822379698,0.9999222279534068,0.0007692285190995245,0.33053789299249065,0.0,-0.39136904761904745,17.0,13.235294117647058,91.66666666666669,0.8
225,225.0,0.7897667912169815,0.9999222279534068,0.000778229062739332,0.3335596150088665,0.0,-0.3851851851851851,17.0,13.294117647058824,91.66666666666669,0.8
226,226.0,0.7916176159880519,0.9999222279534068,0.0007872534055635163,0.33657490228654363,0.0,-0.3790560471976401,17.0,13.352941176470589,91.66666666666669,0.8
227,227.0,0.7934432962129816,0.9999222279534068,0.0007963010722646772,0.33958356468567247,0.0,-0.37298091042584414,17.0,13.411764705882353,91.66666666666669,0.8
228,228.0,0.7952441708388127,0.9999222279534068,0.0008053715980456879,0.342585418633402,0.0,-0.36695906432748515,17.0,13.470588235294118,91.66666666666669,0.8
229,229.0,0.7970205778562828,0.9999222279534068,0.0008144645284703344,0.34558028698563026,0.0,-0.3609898107714702,17.0,13.529411764705882,91.66666666666669,0.8
230,230.0,0.7987728540716469,0.9999222279534068,0.0008235794193092946,0.3485679988884621,0.0,-0.35507246376811596,17.0,13.588235294117647,91.66666666666669,0.8
231,231.0,0.8005013348914141,0.9999222279534068,0.0008327158363820707,0.3515483896396684,1.0,-0.3492063492063493,17.0,13.647058823529411,91.66666666666669,0.8
232,232.0,0.7868104023632828,0.9999222279534068,0.0007591829560157899,0.327676563436881,0.0,-0.4224137931034482,18.0,12.944444444444445,91.66666666666669,0.8
233,233.0,0.7886896722487722,0.9999222279534068,0.0007681117409124965,0.33069053204581567,0.0,-0.41630901287553645,18.0,13.0,91.66666666666669,0.8
234,234.0,0.7905436102912863,0.9999222279534068,0.0007770649469673466,0.33369839896684056,0.0,-0.41025641025641035,18.0,13.055555555555555,91.66666666666669,0.8
235,235.0,0.7923725499063397,0.9999222279534068,0.0007860420982101938,0.3366999703278102,0.0,-0.404255319148936,18.0,13.11111111111111,91.66666666666669,0.8
236,236.0,0.7941768239257194,0.9999222279534068,0.0007950427288871968,0.3396950587507784,0.0,-0.39830508474576276,18.0,13.166666666666666,91.66666666666669,0.8
237,237.0,0.795956764357268,0.9999222279534068,0.0008040663833248529,0.3426834832201579,0.0,-0.3924050632911391,18.0,13.222222222222221,91.66666666666669,0.8
238,238.0,0.7977127021576602,0.9999222279534068,0.0008131126157891773,0.3456650689504135,0.0,-0.38655462184873923,18.0,13.277777777777779,91.66666666666669,0.8
239,239.0,0.7994449670178609,0.9999222279534068,0.00082218099034051,0.34863964725350766,0.0,-0.38075313807531375,18.0,13.333333333333334,91.66666666666669,0.8
240,240.0,0.8011538871609071,0.9999222279534068,0.0008312710806844417,0.3516070554063299,1.0,-0.3749999999999998,18.0,13.38888888888889,91.66666666666669,0.8
241,241.0,0.7876120617610509,0.9999222279534068,0.0007580848313039946,0.3278305240250156,0.0,-0.44536652835407997,19.0,12.736842105263158,91.66666666666669,0.8
242,242.0,0.7894690196906249,0.9999222279534068,0.0007669667694707351,0.3308307433599173,0.0,-0.43939393939393945,19.0,12.789473684210526,91.66666666666669,0.8
243,243.0,0.7913011268059206,0.9999222279534068,0.0007758732627448883,0.33382499550914074,0.0,-0.4334705075445817,19.0,12.842105263157896,91.66666666666669,0.8
244,244.0,0.7931087098577735,0.9999222279534068,0.0007848038447536322,0.33681308942834387,0.0,-0.4275956284153004,19.0,12.894736842105264,91.66666666666669,0.8
245,245.0,0.7948920949020573,0.9999222279534068,0.0007937580589210747,0.3397948403656567,0.0,-0.421768707482993,19.0,12.947368421052632,91.66666666666669,0.8
246,246.0,0.7966516070735713,0.9999222279534068,0.0008027354583403055,0.3427700697355536,0.0,-0.4159891598915988,19.0,13.0,91.66666666666669,0.8
247,247.0,0.7983875703723091,0.9999222279534068,0.0008117356056407834,0.3457386049922598,0.0,-0.41025641025641035,19.0,13.052631578947368,91.66666666666669,0.8
248,248.0,0.8001003074617893,0.9999222279534068,0.0008207580728515913,0.34870027950293936,1.0,-0.40456989247311825,19.0,13.105263157894736,91.66666666666669,0.8
249,249.0,0.7865340340681426,0.9999222279534068,0.0007481482671071702,0.3249797979058129,0.0,-0.4725568942436411,20.0,12.5,91.66666666666669,0.8
250,250.0,0.788393918119236,0.9999222279534068,0.0007569588176613976,0.3279721442374004,0.0,-0.46666666666666656,20.0,12.55,91.66666666666669,0.8
251,251.0,0.7902291004262731,0.9999222279534068,0.0007657945217359709,0.3309588507168025,0.0,-0.4608233731739706,20.0,12.6,91.66666666666669,0.8
252,252.0,0.792039901694852,0.9999222279534068,0.0007746549126714121,0.33393972277231415,0.0,-0.4550264550264549,20.0,12.65,91.66666666666669,0.8
253,253.0,0.79382664206126,0.9999222279534068,0.0007835395333192512,0.33691457205141906,0.0,-0.4492753623188406,20.0,12.7,91.66666666666669,0.8
254,254.0,0.7955896408675582,0.9999222279534068,0.0007924479359266263,0.33988321630079626,0.0,-0.44356955380577423,20.0,12.75,91.66666666666669,0.8
255,255.0,0.797329216448786,0.9999222279534068,0.0008013796820159616,0.3428454792456466,0.0,-0.4379084967320259,20.0,12.8,91.66666666666669,0.8
256,256.0,0.7990456859319324,0.9999222279534068,0.0008103343422603149,0.34580119046862845,0.0,-0.4322916666666665,20.0,12.85,91.66666666666669,0.8
257,257.0,0.8007393650463782,0.9999222279534068,0.0008193114963547389,0.34875018528855783,1.0,-0.4267185473411155,20.0,12.9,91.66666666666669,0.8
258,258.0,0.7873183795297718,0.9999222279534068,0.0007470410238754995,0.32512280813717337,0.0,-0.49224806201550386,21.0,12.333333333333334,91.66666666666669,0.8
259,259.0,0.7891565443296122,0.9999222279534068,0.0007558058188245395,0.3281017442779208,0.0,-0.4864864864864864,21.0,12.380952380952381,91.66666666666669,0.8
260,260.0,0.790970472572206,0.9999222279534068,0.0007645958874722129,0.3310751688032662,0.0,-0.48076923076923084,21.0,12.428571428571429,91.66666666666669,0.8
261,261.0,0.79276047850804,0.9999222279534068,0.000773410772422029,0.33404288989603437,0.0,-0.4750957854406128,21.0,12.476190476190476,91.66666666666669,0.8
262,262.0,0.7945268757169978,0.9999222279534068,0.0007822500253972158,0.337004721767754,0.0,-0.46946564885496156,21.0,12.523809523809524,91.66666666666669,0.8
263,263.0,0.796269976896586,0.9999222279534068,0.000791113207132432,0.33996048454388705,0.0,-0.4638783269961977,21.0,12.571428571428571,91.66666666666669,0.8
264,264.0,0.7979900936616807,0.9999222279534068,0.0007999998872608587,0.34291000414844575,0.0,-0.45833333333333326,21.0,12.619047619047619,91.66666666666669,0.8
265,265.0,0.7996875363554674,0.9999222279534068,0.000808909644197146,0.3458531121882204,0.0,-0.4528301886792452,21.0,12.666666666666666,91.66666666666669,0.8
266,266.0,0.8013626138712662,0.9999222279534068,0.0008178420650166226,0.3487896458368039,1.0,-0.4473684210526314,21.0,12.714285714285714,91.66666666666669,0.8
267,267.0,0.7880835321020124,0.9999222279534068,0.000745907085459752,0.32525388229519714,0.0,-0.5106117353308361,22.0,12.181818181818182,91.66666666666669,0.8
268,268.0,0.7899004956767994,0.9999222279534068,0.0007546267118213935,0.3282196353907518,0.0,-0.5049751243781093,22.0,12.227272727272727,91.66666666666669,0.8
269,269.0,0.7916936769946392,0.9999222279534068,0.0007633717299971894,0.33118000344108334,0.0,-0.4993804213135067,22.0,12.272727272727273,91.66666666666669,0.8
270,270.0,0.7934633839051812,0.9999222279534068,0.0007721416915034323,0.3341347972555957,0.0,-0.49382716049382713,22.0,12.318181818181818,91.66666666666669,0.8
271,271.0,0.7952099234972252,0.9999222279534068,0.0007809361566014839,0.33708383348975823,0.0,-0.4883148831488313,22.0,12.363636363636363,91.66666666666669,0.8
272,272.0,0.796933601899329,0.9999222279534068,0.0007897546941963796,0.3400269345353878,0.0,-0.482843137254902,22.0,12.409090909090908,91.66666666666669,0.8
273,273.0,0.7986347240913696,0.9999222279534068,0.0007985968817310346,0.3429639284103459,0.0,-0.4774114774114775,22.0,12.454545454545455,91.66666666666669,0.8
274,274.0,0.8003135937267463,0.9999222279534068,0.000807462305076507,0.34589464864786146,1.0,-0.4720194647201945,22.0,12.5,91.66666666666669,0.8
275,275.0,0.7870101373296273,0.9999222279534068,0.0007360982409388168,0.322415468583773,0.0,-0.5333333333333332,23.0,12.0,91.66666666666669,0.8
276,276.0,0.7888300442236696,0.9999222279534068,0.0007447473162522352,0.32537332818912856,0.0,-0.5277777777777777,23.0,12.043478260869565,91.66666666666669,0.8
277,277.0,0.7906263103288887,0.9999222279534068,0.0007534223477062209,0.32832612008601886,0.0,-0.5222623345367026,23.0,12.08695652173913,91.66666666666669,0.8
278,278.0,0.7923992377980152,0.9999222279534068,0.0007621228869218409,0.33127365181501944,0.0,-0.5167865707434052,23.0,12.130434782608695,91.66666666666669,0.8
279,279.0,0.7941491281413328,0.9999222279534068,0.0007708484939967083,0.3342157366917454,0.0,-0.5113500597371565,23.0,12.173913043478262,91.66666666666669,0.8
280,280.0,0.7958762820282477,0.9999222279534068,0.0007795987374148069,0.3371521937027523,0.0,-0.5059523809523809,23.0,12.217391304347826,91.66666666666669,0.8
281,281.0,0.7975809990995822,0.9999222279534068,0.0007883731939516818,0.3400828474006667,0.0,-0.5005931198102016,23.0,12.26086956521739,91.66666666666669,0.8
282,282.0,0.7992635777902483,0.9999222279534068,0.0007971714485755124,0.3430075277987777,0.0,-0.49527186761229314,23.0,12.304347826086957,91.66666666666669,0.8
283,283.0,0.8009243151620639,0.9999222279534068,0.0008059930943443876,0.3459260702652558,1.0,-0.4899882214369844,23.0,12.347826086956522,91.66666666666669,0.8
284,284.0,0.787759191432308,0.9999222279534068,0.0007349576192060216,0.3225364505746838,0.0,-0.5492957746478873,24.0,11.875,91.66666666666669,0.8
285,285.0,0.7895584513507367,0.9999222279534068,0.0007435625551386641,0.3254814450242554,0.0,-0.5438596491228069,24.0,11.916666666666666,91.66666666666669,0.8
286,286.0,0.791334509820711,0.9999222279534068,0.0007521935522829214,0.32842149236339124,0.0,-0.5384615384615383,24.0,11.958333333333334,91.66666666666669,0.8
287,287.0,0.7930876628055263,0.9999222279534068,0.0007608501708771269,0.33135640269829214,0.0,-0.5331010452961673,24.0,12.0,91.66666666666669,0.8
288,288.0,0.7948182055439663,0.9999222279534068,0.0007695319792864947,0.33428599173757945,0.0,-0.5277777777777777,24.0,12.041666666666666,91.66666666666669,0.8
289,289.0,0.7965264323633838,0.9999222279534068,0.000778238553919099,0.3372100806928469,0.0,-0.5224913494809686,24.0,12.083333333333334,91.66666666666669,0.8
290,290.0,0.7982126365029895,0.9999222279534068,0.0007869694791374323,0.34012849617846125,0.0,-0.5172413793103448,24.0,12.125,91.66666666666669,0.8
291,291.0,0.7998771099470048,0.9999222279534068,0.0007957243471660544,0.3430410701108631,0.0,-0.5120274914089347,24.0,12.166666666666666,91.66666666666669,0.8
292,292.0,0.8015201432674396,0.9999222279534068,0.0008045027579955789,0.3459476396074793,1.0,-0.506849315068493,24.0,12.208333333333334,91.66666666666669,0.8
293,293.0,0.7884901729088064,0.9999222279534068,0.0007337922698522172,0.32264618118053173,0.0,-0.5642775881683733,25.0,11.76,91.66666666666669,0.8
294,294.0,0.7902692724344776,0.9999222279534068,0.0007423536162055379,0.32557852362110684,0.0,-0.5589569160997732,25.0,11.8,91.66666666666669,0.8
295,295.0,0.7920255995292848,0.9999222279534068,0.0007509411268160462,0.32850603793321126,0.0,-0.5536723163841806,25.0,11.84,91.66666666666669,0.8
296,296.0,0.7937594440312173,0.9999222279534068,0.0007595543702275743,0.33142853667519423,0.0,-0.5484234234234233,25.0,11.88,91.66666666666669,0.8
297,297.0,0.7954710949810939,0.9999222279534068,0.000768192922775943,0.334345837842219,0.0,-0.5432098765432098,25.0,11.92,91.66666666666669,0.8
298,298.0,0.7971608404465172,0.9999222279534068,0.0007768563685108154,0.33725776477127106,0.0,-0.5380313199105144,25.0,11.96,91.66666666666669,0.8
299,299.0,0.7988289673554934,0.9999222279534068,0.000785544299113426,0.3401641460454826,0.0,-0.5328874024526198,25.0,12.0,91.66666666666669,0.8
300,300.0,0.8004757613394651,0.9999222279534068,0.0007942563138104707,0.3430648153979205,1.0,-0.5277777777777777,25.0,12.04,91.66666666666669,0.8
301,301.0,0.7874215478369871,0.9999222279534068,0.0007241113974185508,0.31982052914957143,0.0,-0.5836101882613509,26.0,11.615384615384615,91.66666666666669,0.8
302,302.0,0.7892035981132559,0.9999222279534068,0.0007326029953371006,0.322744948049202,0.0,-0.5783664459161146,26.0,11.653846153846153,91.66666666666669,0.8
303,303.0,0.79096301039181,0.9999222279534068,0.0007411212894356669,0.3256648466323213,0.0,-0.573157315731573,26.0,11.692307692307692,91.66666666666669,0.8
304,304.0,0.7927000691409909,0.9999222279534068,0.0007496658487289911,0.3285800344348966,0.0,-0.5679824561403508,26.0,11.73076923076923,91.66666666666669,0.8
305,305.0,0.7944150581433039,0.9999222279534068,0.0007582362497710838,0.3314903263606104,0.0,-0.5628415300546445,26.0,11.76923076923077,91.66666666666669,0.8
306,306.0,0.7961082603201504,0.9999222279534068,0.000766832076587122,0.3343955425910338,0.0,-0.5577342047930283,26.0,11.807692307692308,91.66666666666669,0.8
307,307.0,0.7977799575660037,0.9999222279534068,0.0007754529206010083,0.3372955084949441,0.0,-0.552660152008686,26.0,11.846153846153847,91.66666666666669,0.8
308,308.0,0.7994304305917866,0.9999222279534068,0.000784098380558917,0.3401900545369527,0.0,-0.5476190476190474,26.0,11.884615384615385,91.66666666666669,0.8
309,309.0,0.8010599587771594,0.9999222279534068,0.0007927680624492964,0.34307901618566494,1.0,-0.5426105717367853,26.0,11.923076923076923,91.66666666666669,0.8
310,310.0,0.7881375593204726,0.9999222279534068,0.0007229415943994043,0.31992096578825674,0.0,-0.596774193548387,27.0,11.518518518518519,91.66666666666669,0.8
311,311.0,0.7898999674889245,0.9999222279534068,0.0007313905744473171,0.3228330307813076,0.0,-0.5916398713826367,27.0,11.555555555555555,91.66666666666669,0.8
312,312.0,0.7916401525675656,0.9999222279534068,0.0007398663413912244,0.32574068875686363,0.0,-0.5865384615384615,27.0,11.592592592592593,91.66666666666669,0.8
313,313.0,0.7933583931100924,0.9999222279534068,0.0007483684722888488,0.3286437516523334,0.0,-0.5814696485623001,27.0,11.62962962962963,91.66666666666669,0.8
314,314.0,0.7950549669183941,0.9999222279534068,0.0007568965514245627,0.3315420366161868,0.0,-0.576433121019108,27.0,11.666666666666666,91.66666666666669,0.8
315,315.0,0.7967301508773691,0.9999222279534068,0.0007654501702465413,0.3344353659222404,0.0,-0.5714285714285714,27.0,11.703703703703704,91.66666666666669,0.8
316,316.0,0.7983842207987459,0.9999222279534068,0.0007740289272997674,0.3373235668831026,0.0,-0.5664556962025316,27.0,11.74074074074074,91.66666666666669,0.8
317,317.0,0.8000174512736226,0.9999222279534068,0.0007826324281552359,0.3402064717629801,1.0,-0.561514195583596,27.0,11.777777777777779,91.66666666666669,0.8
318,318.0,0.787071228485864,0.9999222279534068,0.0007133693062401024,0.31710677459864334,0.0,-0.6142557651991611,28.0,11.392857142857142,91.66666666666669,0.8
319,319.0,0.7888365429100059,0.9999222279534068,0.0007217488856973172,0.320010790054877,0.0,-0.6091954022988504,28.0,11.428571428571429,91.66666666666669,0.8
320,320.0,0.790579766025583,0.9999222279534068,0.0007301557629646162,0.3229107011402772,0.0,-0.6041666666666665,28.0,11.464285714285714,91.66666666666669,0.8
321,321.0,0.7923011711882492,0.9999222279534068,0.0007385895158838593,0.32580631695134543,0.0,-0.5991692627206644,28.0,11.5,91.66666666666669,0.8
322,322.0,0.7940010311083273,0.9999222279534068,0.0007470497292775018,0.3286974517260364,0.0,-0.5942028985507244,28.0,11.535714285714286,91.66666666666669,0.8
323,323.0,0.7956796176863631,0.9999222279534068,0.0007555359948950995,0.33158392476297055,0.0,-0.589267285861713,28.0,11.571428571428571,91.66666666666669,0.8
324,324.0,0.7973372018574787,0.9999222279534068,0.0007640479113554695,0.33446556033964403,0.0,-0.5843621399176953,28.0,11.607142857142858,91.66666666666669,0.8
325,325.0,0.7989740534442485,0.9999222279534068,0.0007725850840849648,0.33734218762987855,0.0,-0.5794871794871794,28.0,11.642857142857142,91.66666666666669,0.8
326,326.0,0.8005904410178736,0.9999222279534068,0.0007811471252520523,0.34021364062060316,1.0,-0.574642126789366,28.0,11.678571428571429,91.66666666666669,0.8
327,327.0,0.787772808714965,0.9999222279534068,0.0007121961152184573,0.31719832175725404,0.0,-0.6258919469928643,29.0,11.310344827586206,91.66666666666669,0.8
328,328.0,0.7895189812271411,0.9999222279534068,0.0007205340163952992,0.3200902707827406,0.0,-0.6209349593495932,29.0,11.344827586206897,91.66666666666669,0.8
329,329.0,0.7912434637085091,0.9999222279534068,0.0007288992943214718,0.32297822325965503,0.0,-0.6160081053698074,29.0,11.379310344827585,91.66666666666669,0.8
330,330.0,0.7929465238070037,0.9999222279534068,0.0007372915346314807,0.3258619906382164,0.0,-0.6111111111111109,29.0,11.413793103448276,91.66666666666669,0.8
331,331.0,0.7946284284652816,0.9999222279534068,0.0007457103296486738,0.32874138936188535,0.0,-0.606243705941591,29.0,11.448275862068966,91.66666666666669,0.8
332,332.0,0.7962894437656834,0.9999222279534068,0.0007541552783363793,0.33161624079032553,0.0,-0.6014056224899598,29.0,11.482758620689655,91.66666666666669,0.8
333,333.0,0.7979298347835386,0.9999222279534068,0.0007626259862449577,0.3344863711214459,0.0,-0.5965965965965965,29.0,11.517241379310345,91.66666666666669,0.8
334,334.0,0.7995498654485871,0.9999222279534068,0.0007711220654550411,0.3373516113126475,0.0,-0.591816367265469,29.0,11.551724137931034,91.66666666666669,0.8
335,335.0,0.801149798414262,0.9999222279534068,0.0007796431345173067,0.3402117970014553,1.0,-0.5870646766169154,29.0,11.586206896551724,91.66666666666669,0.8
336,336.0,0.7884578698589557,0.9999222279534068,0.0007110009928766492,0.31727959452100396,0.0,-0.6369047619047619,30.0,11.233333333333333,91.66666666666669,0.8
337,337.0,0.7901853420028198,0.9999222279534068,0.0007192977096237636,0.32015966928699524,0.0,-0.6320474777448071,30.0,11.266666666666667,91.66666666666669,0.8
338,338.0,0.7918915159588571,0.9999222279534068,0.0007276218802437399,0.32303585384735145,0.0,-0.6272189349112425,30.0,11.3,91.66666666666669,0.8
339,339.0,0.7935766537395044,0.9999222279534068,0.000735973097901369,0.3259079619106286,0.0,-0.622418879056047,30.0,11.333333333333334,91.66666666666669,0.8
340,340.0,0.795241016599367,0.9999222279534068,0.0007443509621706095,0.3287758120362297,0.0,-0.6176470588235294,30.0,11.366666666666667,91.66666666666669,0.8
341,341.0,0.7968848648890335,0.9999222279534068,0.0007527550789902097,0.33163922756100844,0.0,-0.6129032258064515,30.0,11.4,91.66666666666669,0.8
342,342.0,0.798508457916813,0.9999222279534068,0.0007611850606153892,0.3344980365249531,0.0,-0.6081871345029237,30.0,11.433333333333334,91.66666666666669,0.8
343,343.0,0.8001120538181906,0.9999222279534068,0.0007696405255658963,0.33735207159611463,1.0,-0.6034985422740522,30.0,11.466666666666667,91.66666666666669,0.8
344,344.0,0.7873965035595715,0.9999222279534068,0.0007015565719062437,0.31447886677305925,0.0,-0.6521317829457363,31.0,11.129032258064516,91.66666666666669,0.8
345,345.0,0.7891268773816725,0.9999222279534068,0.0007097846521209852,0.31735085139179925,0.0,-0.6473429951690821,31.0,11.161290322580646,91.66666666666669,0.8
346,346.0,0.7908360785131433,0.9999222279534068,0.0007180406671892821,0.3202192395650029,0.0,-0.6425818882466279,31.0,11.193548387096774,91.66666666666669,0.8
347,347.0,0.7925243640650824,0.9999222279534068,0.0007263242113800558,0.32308384238668864,0.0,-0.6378482228626319,31.0,11.225806451612904,91.66666666666669,0.8
348,348.0,0.7941919904905994,0.9999222279534068,0.0007346348851393609,0.3259444757337944,0.0,-0.6331417624521072,31.0,11.258064516129032,91.66666666666669,0.8
349,349.0,0.7958392134392359,0.9999222279534068,0.0007429722950542996,0.3288009601972845,0.0,-0.6284622731614136,31.0,11.290322580645162,91.66666666666669,0.8
350,350.0,0.7974662876191083,0.9999222279534068,0.0007513360538129545,0.33165312101225275,0.0,-0.6238095238095236,31.0,11.32258064516129,91.66666666666669,0.8
351,351.0,0.7990734666666097,0.9999222279534068,0.0007597257801604836,0.33450078798710126,0.0,-0.6191832858499524,31.0,11.35483870967742,91.66666666666669,0.8
352,352.0,0.8006610030234013,0.9999222279534068,0.0007681410988518183,0.33734379543201964,1.0,-0.6145833333333333,31.0,11.387096774193548,91.66666666666669,0.8
353,353.0,0.7880681411114707,0.9999222279534068,0.000700360000508515,0.31455196352354,0.0,-0.6619452313503305,32.0,11.0625,91.66666666666669,0.8
354,354.0,0.7897802824014298,0.9999222279534068,0.0007085477849123646,0.31741234366090093,0.0,-0.6572504708097928,32.0,11.09375,91.66666666666669,0.8
355,355.0,0.79147163000635,0.9999222279534068,0.0007167635701904937,0.3202692284936007,0.0,-0.652582159624413,32.0,11.125,91.66666666666669,0.8
356,356.0,0.7931424356052652,0.9999222279534068,0.0007250069579177032,0.32312243133403806,0.0,-0.6479400749063668,32.0,11.15625,91.66666666666669,0.8
357,357.0,0.7947929501715391,0.9999222279534068,0.0007332775555849063,0.32597177014270345,0.0,-0.6433239962651727,32.0,11.1875,91.66666666666669,0.8
358,358.0,0.7964234238355147,0.9999222279534068,0.0007415749765669977,0.32881706746261946,0.0,-0.638733705772812,32.0,11.21875,91.66666666666669,0.8
359,359.0,0.7980341057545203,0.9999222279534068,0.0007498988400868711,0.3316581503527857,0.0,-0.6341689879294334,32.0,11.25,91.66666666666669,0.8
360,360.0,0.7996252439900426,0.9999222279534068,0.000758248771175791,0.3344948503207415,0.0,-0.6296296296296295,32.0,11.28125,91.66666666666669,0.8
361,361.0,0.8011970853918279,0.9999222279534068,0.0007666244006304506,0.33732700325441645,1.0,-0.6251154201292703,32.0,11.3125,91.66666666666669,0.8
362,362.0,0.7887241985151473,0.9999222279534068,0.0006991431112833991,0.314615359605521,0.0,-0.6712707182320441,33.0,11.0,91.66666666666669,0.8
363,363.0,0.7904185221135821,0.9999222279534068,0.0007072910628688568,0.31746431560243926,0.0,-0.6666666666666665,33.0,11.030303030303031,91.66666666666669,0.8
364,364.0,0.7920924221208443,0.9999222279534068,0.0007154670796208116,0.32030987602304795,0.0,-0.662087912087912,33.0,11.06060606060606,91.66666666666669,0.8
365,365.0,0.7937461448601543,0.9999222279534068,0.0007236707701847407,0.32315185631291793,0.0,-0.6575342465753424,33.0,11.090909090909092,91.66666666666669,0.8
366,366.0,0.7953799359076479,0.9999222279534068,0.0007319017488719139,0.3259900764360858,0.0,-0.6530054644808743,33.0,11.121212121212121,91.66666666666669,0.8
367,367.0,0.7969940399627832,0.9999222279534068,0.0007401596356310702,0.3288243608127075,0.0,-0.64850136239782,33.0,11.151515151515152,91.66666666666669,0.8
368,368.0,0.7985887007257623,0.9999222279534068,0.0007484440560163097,0.3316545382557007,0.0,-0.6440217391304346,33.0,11.181818181818182,91.66666666666669,0.8
369,369.0,0.8001641607817128,0.9999222279534068,0.0007567546411515909,0.3344804419065723,1.0,-0.6395663956639566,33.0,11.212121212121213,91.66666666666669,0.8
370,370.0,0.7876678976832178,0.9999222279534068,0.000689826512661221,0.31182847841404265,0.0,-0.6846846846846846,34.0,10.911764705882353,91.66666666666669,0.8
371,371.0,0.7893651109007119,0.9999222279534068,0.0006979065664386525,0.31466929669465776,0.0,-0.6801437556154537,34.0,10.941176470588236,91.66666666666669,0.8
372,372.0,0.7910420202042501,0.9999222279534068,0.0007060151378555224,0.3175070046637322,0.0,-0.6756272401433692,34.0,10.970588235294118,91.66666666666669,0.8
373,373.0,0.792698867294071,0.9999222279534068,0.0007141518369578481,0.3203414153675563,0.0,-0.6711349419124217,34.0,11.0,91.66666666666669,0.8
374,374.0,0.7943358932168111,0.9999222279534068,0.0007223162792382871,0.3231723463044353,0.0,-0.6666666666666665,34.0,11.029411764705882,91.66666666666669,0.8
375,375.0,0.7959533382363947,0.9999222279534068,0.0007305080856152328,0.3259996193664999,0.0,-0.6622222222222223,34.0,11.058823529411764,91.66666666666669,0.8
376,376.0,0.797551441711761,0.9999222279534068,0.0007387268824080427,0.3288230607804076,0.0,-0.6578014184397163,34.0,11.088235294117647,91.66666666666669,0.8
377,377.0,0.7991304419812306,0.9999222279534068,0.0007469723013087531,0.33164250104710763,0.0,-0.6534040671971704,34.0,11.117647058823529,91.66666666666669,0.8
378,378.0,0.8006905762533213,0.9999222279534068,0.0007552439793504161,0.33445777488076034,1.0,-0.6490299823633154,34.0,11.147058823529411,91.66666666666669,0.8
379,379.0,0.7883114668231244,0.9999222279534068,0.0006886099464729148,0.31188436230627437,0.0,-0.6930518909410728,35.0,10.857142857142858,91.66666666666669,0.8
380,380.0,0.7899912999897026,0.9999222279534068,0.0006966510087772456,0.31471400973890773,0.0,-0.68859649122807,35.0,10.885714285714286,91.66666666666669,0.8
381,381.0,0.791651187255048,0.9999222279534068,0.0007047206425612457,0.3175406416522565,0.0,-0.6841644794400699,35.0,10.914285714285715,91.66666666666669,0.8
382,382.0,0.7932913651621262,0.9999222279534068,0.0007128184647393071,0.3203640731922409,0.0,-0.6797556719022686,35.0,10.942857142857143,91.66666666666669,0.8
383,383.0,0.7949120695627665,0.9999222279534068,0.0007209440974388625,0.3231841238339728,0.0,-0.6753698868581375,35.0,10.971428571428572,91.66666666666669,0.8
384,384.0,0.7965135354958027,0.9999222279534068,0.0007290971679827499,0.32600061732647445,0.0,-0.6710069444444442,35.0,11.0,91.66666666666669,0.8
385,385.0,0.7980959970716694,0.9999222279534068,0.0007372773088679376,0.32881338163635687,0.0,-0.6666666666666665,35.0,11.028571428571428,91.66666666666669,0.8
386,386.0,0.7996596873633205,0.9999222279534068,0.0007454841577407912,0.33162224889053465,0.0,-0.6623488773747841,35.0,11.057142857142857,91.66666666666669,0.8
387,387.0,0.8012048383032682,0.9999222279534068,0.00075371735736914,0.33442705531814126,1.0,-0.6580534022394486,35.0,11.085714285714285,91.66666666666669,0.8
388,388.0,0.7889403315566939,0.9999222279534068,0.0006873745571521297,0.3119310812957417,0.0,-0.7010309278350515,36.0,10.805555555555555,91.66666666666669,0.8
389,389.0,0.7906031744956751,0.9999222279534068,0.0006953770622618385,0.3147497271420072,0.0,-0.6966580976863752,36.0,10.833333333333334,91.66666666666669,0.8
390,390.0,0.7922464211386897,0.9999222279534068,0.000703408191062471,0.31756545091916794,0.0,-0.6923076923076923,36.0,10.86111111111111,91.66666666666669,0.8
391,391.0,0.7938703029500298,0.9999222279534068,0.000711467567125351,0.32037806979643363,0.0,-0.6879795396419437,36.0,10.88888888888889,91.66666666666669,0.8
392,392.0,0.7954750506706662,0.9999222279534068,0.0007195548190106996,0.3231874051540131,0.0,-0.6836734693877551,36.0,10.916666666666666,91.66666666666669,0.8
393,393.0,0.7970608942031677,0.9999222279534068,0.0007276695802531819,0.3259932825306686,0.0,-0.6793893129770991,36.0,10.944444444444445,91.66666666666669,0.8
394,394.0,0.7986280625028054,0.9999222279534068,0.0007358114893439106,0.3287955315702058,0.0,-0.6751269035532994,36.0,10.972222222222221,91.66666666666669,0.8
395,395.0,0.8001767834746217,0.9999222279534068,0.0007439801897091338,0.3315939859670517,1.0,-0.6708860759493669,36.0,11.0,91.66666666666669,0.8
396,396.0,0.787889184908034,0.9999222279534068,0.000678185636424441,0.3091584068915852,0.0,-0.712962962962963,37.0,10.72972972972973,91.66666666666669,0.8
397,397.0,0.7895548987174871,0.9999222279534068,0.0006861209599985527,0.3119688613858388,0.0,-0.7086481947942904,37.0,10.756756756756756,91.66666666666669,0.8
398,398.0,0.7912011305158094,0.9999222279534068,0.0006940853325665186,0.31477667094357853,0.0,-0.7043551088777218,37.0,10.783783783783784,91.66666666666669,0.8
399,399.0,0.7928281074053725,0.9999222279534068,0.0007020783793737431,0.3175816505392617,0.0,-0.7000835421888052,37.0,10.81081081081081,91.66666666666669,0.8
400,400.0,0.7944360558526178,0.9999222279534068,0.0007100997304473011,0.3203836192932272,0.0,-0.6958333333333333,37.0,10.837837837837839,91.66666666666669,0.8
401,401.0,0.7960252015733565,0.9999222279534068,0.000718149020588121,0.3231824004230884,0.0,-0.6916043225270156,37.0,10.864864864864865,91.66666666666669,0.8
402,402.0,0.7975957694241255,0.9999222279534068,0.0007262258893594958,0.3259778211939551,0.0,-0.687396351575456,37.0,10.891891891891891,91.66666666666669,0.8
403,403.0,0.7991479832993649,0.9999222279534068,0.0007343299810722588,0.32876971286766554,0.0,-0.6832092638544252,37.0,10.91891891891892,91.66666666666669,0.8
404,404.0,0.8006820660343037,0.9999222279534068,0.0007424609447667498,0.3315579106511042,1.0,-0.6790429042904289,37.0,10.945945945945946,91.66666666666669,0.8
405,405.0,0.7885064295491787,0.9999222279534068,0.00067695218844965,0.30919823145290504,0.0,-0.7201646090534979,38.0,10.68421052631579,91.66666666666669,0.8
406,406.0,0.7901555626152775,0.9999222279534068,0.0006848497523435619,0.3119979223074854,0.0,-0.7159277504105088,38.0,10.710526315789474,91.66666666666669,0.8
407,407.0,0.7917855519134293,0.9999222279534068,0.0006927764076157091,0.314795056995788,0.0,-0.7117117117117115,38.0,10.736842105263158,91.66666666666669,0.8
408,408.0,0.7933966196599265,0.9999222279534068,0.0007007317859849725,0.31758945248727993,0.0,-0.707516339869281,38.0,10.763157894736842,91.66666666666669,0.8
409,409.0,0.7949889874059959,0.9999222279534068,0.0007087155237427707,0.3203809297852549,0.0,-0.7033414832925833,38.0,10.789473684210526,91.66666666666669,0.8
410,410.0,0.7965628759294512,0.9999222279534068,0.00071672726174793,0.3231693138807613,0.0,-0.6991869918699185,38.0,10.81578947368421,91.66666666666669,0.8
411,411.0,0.7981185051320747,0.9999222279534068,0.0007247666454181184,0.3259544337054478,0.0,-0.695052716950527,38.0,10.842105263157896,91.66666666666669,0.8
412,412.0,0.7996560939425452,0.9999222279534068,0.000732833324718,0.32873612208339203,0.0,-0.6909385113268607,38.0,10.868421052631579,91.66666666666669,0.8
413,413.0,0.8011758602247625,0.9999222279534068,0.0007409269541443109,0.3315142156820473,1.0,-0.6868442292171104,38.0,10.894736842105264,91.66666666666669,0.8
414,414.0,0.7891097866897595,0.9999222279534068,0.0006757013022863047,0.3092293915828641,0.0,-0.7270531400966183,39.0,10.64102564102564,91.66666666666669,0.8
415,415.0,0.7907427054147367,0.9999222279534068,0.0006835615140776517,0.3120184776924969,0.0,-0.7228915662650601,39.0,10.666666666666666,91.66666666666669,0.8
416,416.0,0.7923568106914206,0.9999222279534068,0.0006914508581101341,0.3148050951364316,0.0,-0.71875,39.0,10.692307692307692,91.66666666666669,0.8
417,417.0,0.7939523199296598,0.9999222279534068,0.0006993689723854746,0.3175890628105361,0.0,-0.7146282973621103,39.0,10.717948717948717,91.66666666666669,0.8
418,418.0,0.7955294498496108,0.9999222279534068,0.0007073154992771586,0.32037020353657825,0.0,-0.7105263157894737,39.0,10.743589743589743,91.66666666666669,0.8
419,419.0,0.7970884163793752,0.9999222279534068,0.0007152900855279436,0.3231483440186364,0.0,-0.7064439140811456,39.0,10.76923076923077,91.66666666666669,0.8
420,420.0,0.7986294345580498,0.9999222279534068,0.0007232923822440186,0.32592331479842424,0.0,-0.7023809523809523,39.0,10.794871794871796,91.66666666666669,0.8
421,421.0,0.8001527184440658,0.9999222279534068,0.0007313220448860176,0.3286949502096311,1.0,-0.6983372921615201,39.0,10.820512820512821,91.66666666666669,0.8
422,422.0,0.788063871901249,0.9999222279534068,0.0006666398231603749,0.30647126281939063,0.0,-0.7377567140600314,40.0,10.575,91.66666666666669,0.8
423,423.0,0.7896996367842676,0.9999222279534068,0.0006744335498478988,0.309252098695601,0.0,-0.7336485421591803,40.0,10.6,91.66666666666669,0.8
424,424.0,0.7913166975051055,0.9999222279534068,0.0006822568081653246,0.31203073524351227,0.0,-0.729559748427673,40.0,10.625,91.66666666666669,0.8
425,425.0,0.7929152673564656,0.9999222279534068,0.0006901092380399492,0.314806989358452,0.0,-0.7254901960784312,40.0,10.65,91.66666666666669,0.8
426,426.0,0.794495559022935,0.9999222279534068,0.000697990483574732,0.3175806817977597,0.0,-0.7214397496087634,40.0,10.675,91.66666666666669,0.8
427,427.0,0.7960577844789407,0.9999222279534068,0.0007059001930516532,0.32035163714072307,0.0,-0.7174082747853239,40.0,10.7,91.66666666666669,0.8
428,428.0,0.7976021548919915,0.9999222279534068,0.0007138380189317314,0.3231196837473646,0.0,-0.7133956386292832,40.0,10.725,91.66666666666669,0.8
429,429.0,0.7991288805310928,0.9999222279534068,0.0007218036178517679,0.3258846537161433,0.0,-0.7094017094017093,40.0,10.75,91.66666666666669,0.8
430,430.0,0.8006381706801592,0.9999222279534068,0.0007297966506181177,0.32864638284071773,1.0,-0.7054263565891472,40.0,10.775,91.66666666666669,0.8
431,431.0,0.7886564148100675,0.9999222279534068,0.0006653923549489174,0.3064961035590084,0.0,-0.7440061871616395,41.0,10.536585365853659,91.66666666666669,0.8
432,432.0,0.7902763485968705,0.9999222279534068,0.0006731494864163419,0.309266558360742,0.0,-0.7399691358024691,41.0,10.560975609756097,91.66666666666669,0.8
433,433.0,0.7918778978608609,0.9999222279534068,0.0006809361811474067,0.31203489690040376,0.0,-0.7359507313317935,41.0,10.585365853658537,91.66666666666669,0.8
434,434.0,0.7934612712741517,0.9999222279534068,0.0006887520851849148,0.3148009379757577,0.0,-0.7319508448540704,41.0,10.609756097560975,91.66666666666669,0.8
435,435.0,0.7950266768785068,0.9999222279534068,0.0006965968485600142,0.3175645041441707,0.0,-0.7279693486590038,41.0,10.634146341463415,91.66666666666669,0.8
436,436.0,0.7965743219888555,0.9999222279534068,0.0007044701252978038,0.3203254216847994,0.0,-0.724006116207951,41.0,10.658536585365853,91.66666666666669,0.8
437,437.0,0.7981044131018307,0.9999222279534068,0.0007123715734197347,0.3230835205596552,0.0,-0.7200610221205186,41.0,10.682926829268293,91.66666666666669,0.8
438,438.0,0.7996171558092252,0.9999222279534068,0.0007203008549428269,0.32583863437359234,0.0,-0.7161339421613393,41.0,10.707317073170731,91.66666666666669,0.8
439,439.0,0.801112754716159,0.9999222279534068,0.0007282576358760384,0.32859060033338505,1.0,-0.7122247532270312,41.0,10.731707317073171,91.66666666666669,0.8
440,440.0,0.789235832379276,0.9999222279534068,0.0006641287321243877,0.30651274753795477,0.0,-0.75,42.0,10.5,91.66666666666669,0.8
441,441.0,0.7908402795584881,0.9999222279534068,0.0006718496511336664,0.3092729704667614,0.0,-0.7460317460317458,42.0,10.523809523809524,91.66666666666669,0.8
442,442.0,0.7924266543933433,0.9999222279534068,0.0006796001636308303,0.31203115900312756,0.0,-0.7420814479638007,42.0,10.547619047619047,91.66666666666669,0.8
443,443.0,0.7939951610149497,0.9999222279534068,0.0006873799216017824,0.31478713378537587,0.0,-0.7381489841986455,42.0,10.571428571428571,91.66666666666669,0.8
444,444.0,0.795546002905646,0.9999222279534068,0.0006951885808408947,0.31754071911273873,0.0,-0.7342342342342343,42.0,10.595238095238095,91.66666666666669,0.8
445,445.0,0.7970793828077477,0.9999222279534068,0.0007030258009587751,0.32029174290971174,0.0,-0.7303370786516854,42.0,10.619047619047619,91.66666666666669,0.8
446,446.0,0.7985955026370771,0.9999222279534068,0.0007108912453868729,0.32304003668928,0.0,-0.7264573991031389,42.0,10.642857142857142,91.66666666666669,0.8
447,447.0,0.8000945634011445,0.9999222279534068,0.000718784581379118,0.3257854355151334,1.0,-0.7225950782997763,42.0,10.666666666666666,91.66666666666669,0.8
448,448.0,0.788195217160458,0.9999222279534068,0.0006551943736230918,0.3037694832722204,0.0,-0.7596726190476191,43.0,10.44186046511628,91.66666666666669,0.8
449,449.0,0.7898024804851435,0.9999222279534068,0.0006628494864812062,0.3065213925953217,0.0,-0.7557535263548627,43.0,10.465116279069768,91.66666666666669,0.8
450,450.0,0.7913917761149782,0.9999222279534068,0.0006705345674815211,0.3092715293808632,0.0,-0.7518518518518518,43.0,10.488372093023257,91.66666666666669,0.8
451,451.0,0.792963304293397,0.9999222279534068,0.0006782492707658943,0.3120197124509595,0.0,-0.7479674796747966,43.0,10.511627906976743,91.66666666666669,0.8
452,452.0,0.7945172646911157,0.9999222279534068,0.0006859932540988981,0.31476576422587216,0.0,-0.7441002949852504,43.0,10.534883720930232,91.66666666666669,0.8
453,453.0,0.7960538563151485,0.9999222279534068,0.0006937661788808241,0.31750951069163463,0.0,-0.7402501839587932,43.0,10.55813953488372,91.66666666666669,0.8
454,454.0,0.7975732774224935,0.9999222279534068,0.0007015677101574473,0.32025078136646207,0.0,-0.7364170337738618,43.0,10.581395348837209,91.66666666666669,0.8
455,455.0,0.7990757254383535,0.9999222279534068,0.0007093975166268337,0.32298940926609754,0.0,-0.7326007326007324,43.0,10.604651162790697,91.66666666666669,0.8
456,456.0,0.8005613968787723,0.9999222279534068,0.0007172552706431691,0.3257252308681125,1.0,-0.7288011695906431,43.0,10.627906976744185,91.66666666666669,0.8
457,457.0,0.7887645685758282,0.9999222279534068,0.0006539355148061007,0.30378034328118336,0.0,-0.7651349380014587,44.0,10.409090909090908,91.66666666666669,0.8
458,458.0,0.7903567040970263,0.9999222279534068,0.0006615551344239687,0.30652223112711957,0.0,-0.7612809315866083,44.0,10.431818181818182,91.66666666666669,0.8
459,459.0,0.7919311740664268,0.9999222279534068,0.0006692047437485113,0.3092624241053618,0.0,-0.7574437182280318,44.0,10.454545454545455,91.66666666666669,0.8
460,460.0,0.7934881743650485,0.9999222279534068,0.0006768840027111386,0.31200074285812507,0.0,-0.7536231884057971,44.0,10.477272727272727,91.66666666666669,0.8
461,461.0,0.7950279002845838,0.9999222279534068,0.0006845925746982025,0.3147370115320614,0.0,-0.7498192335502529,44.0,10.5,91.66666666666669,0.8
462,462.0,0.7965505464412973,0.9999222279534068,0.0006923301265658107,0.31747105774784357,0.0,-0.7460317460317458,44.0,10.522727272727273,91.66666666666669,0.8
463,463.0,0.7980563066943593,0.9999222279534068,0.0007000963286515444,0.3202027125685748,0.0,-0.7422606191504679,44.0,10.545454545454545,91.66666666666669,0.8
464,464.0,0.7995453740684867,0.9999222279534068,0.000707890854783248,0.3229318104671195,0.0,-0.7385057471264367,44.0,10.568181818181818,91.66666666666669,0.8
465,465.0,0.8010179406807635,0.9999222279534068,0.0007157133822850458,0.3256581892924576,1.0,-0.7347670250896055,44.0,10.590909090909092,91.66666666666669,0.8
466,466.0,0.7893215059001778,0.9999222279534068,0.0006526616913398979,0.3037834437273263,0.0,-0.7703862660944203,45.0,10.377777777777778,91.66666666666669,0.8
467,467.0,0.7908988376133512,0.9999222279534068,0.0006602461774249624,0.306515450239817,0.0,-0.7665952890792291,45.0,10.4,91.66666666666669,0.8
468,468.0,0.7924587988976296,0.9999222279534068,0.0006678606734854138,0.3092458384305212,0.0,-0.7628205128205128,45.0,10.422222222222222,91.66666666666669,0.8
469,469.0,0.7940015813503037,0.9999222279534068,0.0006755048450858617,0.31197443070577763,0.0,-0.7590618336886994,45.0,10.444444444444445,91.66666666666669,0.8
470,470.0,0.7955273759659419,0.9999222279534068,0.0006831783610846721,0.3147010528859713,0.0,-0.7553191489361701,45.0,10.466666666666667,91.66666666666669,0.8
471,471.0,0.7970363730548953,0.9999222279534068,0.0006908808936505113,0.3174255341770053,0.0,-0.7515923566878981,45.0,10.488888888888889,91.66666666666669,0.8
472,472.0,0.7985287621659938,0.9999222279534068,0.0006986121182758954,0.3201477071406167,0.0,-0.7478813559322033,45.0,10.511111111111111,91.66666666666669,0.8
473,473.0,0.800004732013359,0.9999222279534068,0.0007063717137879067,0.32286740766363836,1.0,-0.7441860465116277,45.0,10.533333333333333,91.66666666666669,0.8
474,474.0,0.7882862489671827,0.9999222279534068,0.0006438540543873376,0.301055344085719,0.0,-0.7791842475386777,46.0,10.326086956521738,91.66666666666669,0.8
475,475.0,0.7898663621195905,0.9999222279534068,0.0006513733979264533,0.3037789698227093,0.0,-0.775438596491228,46.0,10.347826086956522,91.66666666666669,0.8
476,476.0,0.791429205188881,0.9999222279534068,0.0006589231024699026,0.30650123190042344,0.0,-0.7717086834733893,46.0,10.369565217391305,91.66666666666669,0.8
477,477.0,0.7929749660997838,0.9999222279534068,0.0006665028359484154,0.30922195108385175,0.0,-0.7679944095038433,46.0,10.391304347826088,91.66666666666669,0.8
478,478.0,0.7945038322451291,0.9999222279534068,0.0006741122694104684,0.3119409514903476,0.0,-0.7642956764295676,46.0,10.41304347826087,91.66666666666669,0.8
479,479.0,0.796015990404583,0.9999222279534068,0.0006817510770434301,0.314658060564105,0.0,-0.7606123869171884,46.0,10.434782608695652,91.66666666666669,0.8
480,480.0,0.7975116266674674,0.9999222279534068,0.0006894189361917327,0.31737310904943516,0.0,-0.7569444444444444,46.0,10.456521739130435,91.66666666666669,0.8
481,481.0,0.7989909263595936,0.9999222279534068,0.0006971155273721431,0.32008593096291205,0.0,-0.7532917532917534,46.0,10.478260869565217,91.66666666666669,0.8
482,482.0,0.8004540739739737,0.9999222279534068,0.0007048405342863135,0.32279636356447733,1.0,-0.7496542185338864,46.0,10.5,91.66666666666669,0.8
483,483.0,0.7888338146561679,0.9999222279534068,0.0006425862207215236,0.3010531592513587,0.0,-0.7839889579020012,47.0,10.297872340425531,91.66666666666669,0.8
484,484.0,0.7903994600482083,0.9999222279534068,0.0006500711150297517,0.30376710171212246,0.0,-0.78030303030303,47.0,10.319148936170214,91.66666666666669,0.8
485,485.0,0.7919481210533298,0.9999222279534068,0.0006575863824919841,0.30647975308312037,0.0,-0.7766323024054982,47.0,10.340425531914894,91.66666666666669,0.8
486,486.0,0.7934799814834975,0.9999222279534068,0.00066513169653042,0.3091909358758366,0.0,-0.7729766803840878,47.0,10.361702127659575,91.66666666666669,0.8
487,487.0,0.7949952246067332,0.9999222279534068,0.0006727067335347393,0.3119004758682486,0.0,-0.7693360711841204,47.0,10.382978723404255,91.66666666666669,0.8
488,488.0,0.7964940330701328,0.9999222279534068,0.0006803111728846666,0.31460820208100004,0.0,-0.7657103825136611,47.0,10.404255319148936,91.66666666666669,0.8
489,489.0,0.7979765888267739,0.9999222279534068,0.0006879446969696942,0.31731394675241886,0.0,-0.762099522835719,47.0,10.425531914893616,91.66666666666669,0.8
490,490.0,0.7994430730664248,0.9999222279534068,0.000695606991206004,0.3200175453124197,0.0,-0.7585034013605441,47.0,10.446808510638299,91.66666666666669,0.8
491,491.0,0.8008936661499358,0.9999222279534068,0.0007032977440507371,0.32271883635537973,1.0,-0.7549219280380175,47.0,10.46808510638298,91.66666666666669,0.8
492,492.0,0.78936963017404,0.9999222279534068,0.0006413045259284396,0.30104362374888494,0.0,-0.7886178861788617,48.0,10.270833333333334,91.66666666666669,0.8
493,493.0,0.7909211126437784,0.9999222279534068,0.0006487553093007521,0.3037480146170605,0.0,-0.7849898580121701,48.0,10.291666666666666,91.66666666666669,0.8
494,494.0,0.7924558898213895,0.9999222279534068,0.0006562364767943501,0.30645118591242787,0.0,-0.7813765182186234,48.0,10.3125,91.66666666666669,0.8
495,495.0,0.7939741414831952,0.9999222279534068,0.0006637477071806802,0.3091529618421532,0.0,-0.7777777777777777,48.0,10.333333333333334,91.66666666666669,0.8
496,496.0,0.7954760468522332,0.9999222279534068,0.0006712886820542374,0.31185316979698896,0.0,-0.7741935483870965,48.0,10.354166666666666,91.66666666666669,0.8
497,497.0,0.7969617845253103,0.9999222279534068,0.0006788590858565117,0.3145516403291064,0.0,-0.7706237424547282,48.0,10.375,91.66666666666669,0.8
498,498.0,0.7984315324037673,0.9999222279534068,0.000686458605897136,0.31724820712875657,0.0,-0.7670682730923695,48.0,10.395833333333334,91.66666666666669,0.8
499,499.0,0.7998854676278272,0.9999222279534068,0.0006940869323723828,0.31994270699986904,0.0,-0.7635270541082162,48.0,10.416666666666666,91.66666666666669,0.8
500,500.0,0.8013237665144468,0.9999222279534068,0.0007017437583810521,0.3226349798346186,1.0,-0.76,48.0,10.4375,91.66666666666669,0.8
501,501.0,0.7898940071963031,0.9999222279534068,0.0006400094304181547,0.3010269110480488,0.0,-0.7930805056553558,49.0,10.244897959183673,91.66666666666669,0.8
502,502.0,0.7914316233147172,0.9999222279534068,0.000647426433991126,0.30372187897633696,0.0,-0.789508632138114,49.0,10.26530612244898,91.66666666666669,0.8
503,503.0,0.7929528067942822,0.9999222279534068,0.0006548738314610921,0.3064156978029021,0.0,-0.7859509609012589,49.0,10.285714285714286,91.66666666666669,0.8
504,504.0,0.7944577334530318,0.9999222279534068,0.0006623513068127424,0.30910819338231305,0.0,-0.7824074074074072,49.0,10.306122448979592,91.66666666666669,0.8
505,505.0,0.795946578548845,0.9999222279534068,0.0006698585467149772,0.31179919467267625,0.0,-0.7788778877887788,49.0,10.326530612244898,91.66666666666669,0.8
506,506.0,0.7974195167103186,0.9999222279534068,0.0006773952405461435,0.3144885337150374,0.0,-0.7753623188405796,49.0,10.346938775510203,91.66666666666669,0.8
507,507.0,0.7988767218711347,0.9999222279534068,0.0006849610804165722,0.31717604561164753,0.0,-0.771860618014464,49.0,10.36734693877551,91.66666666666669,0.8
508,508.0,0.8003183672078541,0.9999222279534068,0.0006925557611885113,0.31986156850316316,1.0,-0.7683727034120733,49.0,10.387755102040817,91.66666666666669,0.8
509,509.0,0.7888668709083504,0.9999222279534068,0.000631348549432614,0.29831661514104724,0.0,-0.8009168303863783,50.0,10.2,91.66666666666669,0.8
510,510.0,0.7904072479149232,0.9999222279534068,0.0006387013814297564,0.30100318990252395,0.0,-0.7973856209150325,50.0,10.22,91.66666666666669,0.8
511,511.0,0.7919312862188018,0.9999222279534068,0.0006460849293557999,0.3036888605833126,0.0,-0.7938682322243964,50.0,10.24,91.66666666666669,0.8
512,512.0,0.7934391582529183,0.9999222279534068,0.000653498879756959,0.30637345159538565,0.0,-0.7903645833333333,50.0,10.26,91.66666666666669,0.8
513,513.0,0.7949310359544327,0.9999222279534068,0.0006609429217010321,0.3090567903948325,0.0,-0.7868745938921375,50.0,10.28,91.66666666666669,0.8
514,514.0,0.7964070906957426,0.9999222279534068,0.0006684167468065582,0.3117387074639613,0.0,-0.7833981841763942,50.0,10.3,91.66666666666669,0.8
515,515.0,0.7978674932189376,0.9999222279534068,0.0006759200492692547,0.31441903629220497,0.0,-0.7799352750809061,50.0,10.32,91.66666666666669,0.8
516,516.0,0.7993124135735822,0.9999222279534068,0.0006834525258858497,0.31709761335591957,0.0,-0.7764857881136951,50.0,10.34,91.66666666666669,0.8
517,517.0,0.8007420210577405,0.9999222279534068,0.0006910138760753962,0.3197742780971245,1.0,-0.7730496453900706,50.0,10.36,91.66666666666669,0.8
518,518.0,0.7893828294490749,0.9999222279534068,0.0006300611220249908,0.29829529093862683,0.0,-0.8050193050193049,51.0,10.176470588235293,91.66666666666669,0.8
519,519.0,0.7909096453341746,0.9999222279534068,0.0006373808134255836,0.3009726244846966,0.0,-0.8015414258188824,51.0,10.196078431372548,91.66666666666669,0.8
520,520.0,0.7924203865535867,0.9999222279534068,0.0006447312230445025,0.3036491207197619,0.0,-0.7980769230769229,51.0,10.215686274509803,91.66666666666669,0.8
521,521.0,0.7939152217427913,0.9999222279534068,0.0006521120425159107,0.30632460568983266,0.0,-0.7946257197696736,51.0,10.235294117647058,91.66666666666669,0.8
522,522.0,0.7953943190353914,0.9999222279534068,0.0006595229658661618,0.3089989084089018,0.0,-0.7911877394636015,51.0,10.254901960784315,91.66666666666669,0.8
523,523.0,0.7968578459976764,0.9999222279534068,0.0006669636895439962,0.3116718608424682,0.0,-0.7877629063097513,51.0,10.27450980392157,91.66666666666669,0.8
524,524.0,0.7983059695664514,0.9999222279534068,0.0006744339124481313,0.3143432978898986,0.0,-0.7843511450381677,51.0,10.294117647058824,91.66666666666669,0.8
525,525.0,0.7997388559900336,0.9999222279534068,0.0006819333359522881,0.31701305736567625,0.0,-0.7809523809523808,51.0,10.313725490196079,91.66666666666669,0.8
526,526.0,0.801156670772317,0.9999222279534068,0.0006894616639278154,0.31968097997963274,1.0,-0.7775665399239542,51.0,10.333333333333334,91.66666666666669,0.8
527,527.0,0.789887949596678,0.9999222279534068,0.0006287612858976391,0.29826716123103353,0.0,-0.8089816571790007,52.0,10.153846153846153,91.66666666666669,0.8
528,528.0,0.7914014835583099,0.9999222279534068,0.0006360481484746879,0.30093537451715235,0.0,-0.8055555555555554,52.0,10.173076923076923,91.66666666666669,0.8
529,529.0,0.7928992008386491,0.9999222279534068,0.0006433657304824237,0.30360281628638397,0.0,-0.8021424070573406,52.0,10.192307692307692,91.66666666666669,0.8
530,530.0,0.7943812663507248,0.9999222279534068,0.0006507137285187093,0.3062693141747316,0.0,-0.7987421383647799,52.0,10.211538461538462,91.66666666666669,0.8
531,531.0,0.7958478445016534,0.9999222279534068,0.0006580918414491806,0.30893469871261175,0.0,-0.7953546767106088,52.0,10.23076923076923,91.66666666666669,0.8
532,532.0,0.7972990991305575,0.9999222279534068,0.000665499770438417,0.31159880330973666,0.0,-0.7919799498746865,52.0,10.25,91.66666666666669,0.8
533,533.0,0.7987351934495778,0.9999222279534068,0.0006729372189785825,0.3142614642388547,0.0,-0.7886178861788617,52.0,10.26923076923077,91.66666666666669,0.8
534,534.0,0.8001562899878791,0.9999222279534068,0.0006804038929156241,0.31692252061841797,1.0,-0.7852684144818975,52.0,10.288461538461538,91.66666666666669,0.8
535,535.0,0.7888662643218152,0.9999222279534068,0.0006202261387554507,0.29557263992457583,0.0,-0.8161993769470404,53.0,10.11320754716981,91.66666666666669,0.8
536,536.0,0.7903825143523504,0.9999222279534068,0.000627449457573852,0.29823238418183456,0.0,-0.8128109452736316,53.0,10.132075471698114,91.66666666666669,0.8
537,537.0,0.7918830380711808,0.9999222279534068,0.0006347037966257369,0.3008915954009111,0.0,-0.8094351334574799,53.0,10.150943396226415,91.66666666666669,0.8
538,538.0,0.7933679971898066,0.9999222279534068,0.0006419888552401816,0.3035500999299899,0.0,-0.8060718711276331,53.0,10.169811320754716,91.66666666666669,0.8
539,539.0,0.7948375529736141,0.9999222279534068,0.0006493043348597234,0.30620772695315795,0.0,-0.8027210884353739,53.0,10.18867924528302,91.66666666666669,0.8
540,540.0,0.7962918661799357,0.9999222279534068,0.0006566499390749977,0.3088643084777839,0.0,-0.7993827160493827,53.0,10.20754716981132,91.66666666666669,0.8
541,541.0,0.7977310969991203,0.9999222279534068,0.0006640253736568426,0.31151967932072194,0.0,-0.796056685150955,53.0,10.226415094339623,91.66666666666669,0.8
542,542.0,0.7991554049985466,0.9999222279534068,0.0006714303465859216,0.31417367709336824,0.0,-0.7927429274292741,53.0,10.245283018867925,91.66666666666669,0.8
543,543.0,0.8005649490694745,0.9999222279534068,0.000678864568079995,0.3168261421856746,1.0,-0.7894413750767342,53.0,10.264150943396226,91.66666666666669,0.8
544,544.0,0.7893635438834761,0.9999222279534068,0.0006189349416850258,0.29554031829648136,0.0,-0.8198529411764703,54.0,10.092592592592593,91.66666666666669,0.8
545,545.0,0.7908667981545645,0.9999222279534068,0.0006261260417585455,0.29819111369220513,0.0,-0.8165137614678899,54.0,10.11111111111111,91.66666666666669,0.8
546,546.0,0.7923545760079096,0.9999222279534068,0.0006333481562694471,0.30084143834039007,0.0,-0.813186813186813,54.0,10.12962962962963,91.66666666666669,0.8
547,547.0,0.7938270355854098,0.9999222279534068,0.0006406009893932643,0.3034911201673962,0.0,-0.8098720292504569,54.0,10.148148148148149,91.66666666666669,0.8
548,548.0,0.7952843345793016,0.9999222279534068,0.0006478842473031191,0.30613998986548435,0.0,-0.8065693430656935,54.0,10.166666666666666,91.66666666666669,0.8
549,549.0,0.7967266301733404,0.9999222279534068,0.0006551976382051206,0.30878788088141895,0.0,-0.80327868852459,54.0,10.185185185185185,91.66666666666669,0.8
550,550.0,0.798154078986843,0.9999222279534068,0.0006625408723713154,0.3114346294039188,0.0,-0.7999999999999998,54.0,10.203703703703704,91.66666666666669,0.8
551,551.0,0.7995668370215258,0.9999222279534068,0.0006699136621702485,0.31408007434999347,0.0,-0.7967332123411976,54.0,10.222222222222221,91.66666666666669,0.8
552,552.0,0.8009650596110403,0.9999222279534068,0.0006773157220952328,0.31672405735023595,1.0,-0.7934782608695652,54.0,10.24074074074074,91.66666666666669,0.8
553,553.0,0.7898505456686586,0.9999222279534068,0.0006176322565706068,0.2955015392175104,0.0,-0.8233875828812536,55.0,10.072727272727272,91.66666666666669,0.8
554,554.0,0.7913410671482182,0.9999222279534068,0.0006247914316933329,0.2981434995237306,0.0,-0.8200962695547531,55.0,10.090909090909092,91.66666666666669,0.8
555,555.0,0.7928163564187496,0.9999222279534068,0.0006319816144907834,0.30078505046517107,0.0,-0.8168168168168166,55.0,10.10909090909091,91.66666666666669,0.8
556,556.0,0.7942765681248721,0.9999222279534068,0.0006392025138711418,0.3034260215060638,0.0,-0.8135491606714627,55.0,10.127272727272727,91.66666666666669,0.8
557,557.0,0.7957218564597264,0.9999222279534068,0.0006464538406287025,0.3060662448088228,0.0,-0.810293237582286,55.0,10.145454545454545,91.66666666666669,0.8
558,558.0,0.7971523751090989,0.9999222279534068,0.0006537353074800034,0.30870555522384596,0.0,-0.8070489844683393,55.0,10.163636363636364,91.66666666666669,0.8
559,559.0,0.7985682771982723,0.9999222279534068,0.0006610466290975572,0.3113437902781451,0.0,-0.8038163387000596,55.0,10.181818181818182,91.66666666666669,0.8
560,560.0,0.7999697152415158,0.9999222279534068,0.0006683875221412756,0.31398079016290686,0.0,-0.8005952380952379,55.0,10.2,91.66666666666669,0.8
561,561.0,0.8013568410941495,0.9999222279534068,0.0006757577052876899,0.3166163977200213,1.0,-0.7973856209150325,55.0,10.218181818181819,91.66666666666669,0.8
562,562.0,0.7903275348226629,0.9999222279534068,0.0006163184715359962,0.2954564510062159,0.0,-0.826809015421115,56.0,10.053571428571429,91.66666666666669,0.8
563,563.0,0.7918055794460636,0.9999222279534068,0.0006234460095015381,0.2980896874180315,0.0,-0.8235642391947897,56.0,10.071428571428571,91.66666666666669,0.8
564,564.0,0.7932686305252716,0.9999222279534068,0.0006306045474110736,0.30072257494857363,0.0,-0.8203309692671394,56.0,10.089285714285714,91.66666666666669,0.8
565,565.0,0.7947168392795695,0.9999222279534068,0.0006377937987962397,0.30335494456151496,0.0,-0.8171091445427727,56.0,10.107142857142858,91.66666666666669,0.8
566,566.0,0.7961503564765077,0.9999222279534068,0.0006450134789675519,0.30598662985321007,0.0,-0.8138987043580681,56.0,10.125,91.66666666666669,0.8
567,567.0,0.7975693323788275,0.9999222279534068,0.0006522633050511779,0.30861746704360965,0.0,-0.810699588477366,56.0,10.142857142857142,91.66666666666669,0.8
568,568.0,0.7989739166939398,0.9999222279534068,0.0006595429960234174,0.3112472949660518,0.0,-0.8075117370892015,56.0,10.160714285714286,91.66666666666669,0.8
569,569.0,0.800364258525927,0.9999222279534068,0.0006668522727429418,0.3138759550559835,1.0,-0.8043350908025775,56.0,10.178571428571429,91.66666666666669,0.8
570,570.0,0.7893140430928857,0.9999222279534068,0.0006079290558524801,0.29278045768019323,0.0,-0.8333333333333333,57.0,10.017543859649123,91.66666666666669,0.8
571,571.0,0.7907947685114923,0.9999222279534068,0.0006149939637722584,0.2954051980157837,0.0,-0.8301225919439577,57.0,10.035087719298245,91.66666666666669,0.8
572,572.0,0.7922605853825601,0.9999222279534068,0.0006220901465234014,0.29802981921329713,0.0,-0.8269230769230769,57.0,10.052631578947368,91.66666666666669,0.8
573,573.0,0.7937116419690209,0.9999222279534068,0.0006292173205202097,0.30065415112307264,0.0,-0.8237347294938915,57.0,10.070175438596491,91.66666666666669,0.8
574,574.0,0.7951480861362589,0.9999222279534068,0.0006363752038129806,0.3032780261715865,0.0,-0.8205574912891986,57.0,10.087719298245615,91.66666666666669,0.8
575,575.0,0.7965700652991207,0.9999222279534068,0.0006435635161276864,0.30590127935459316,0.0,-0.8173913043478258,57.0,10.105263157894736,91.66666666666669,0.8
576,576.0,0.7979777263714395,0.9999222279534068,0.0006507819789033798,0.3085237482291346,0.0,-0.8142361111111109,57.0,10.12280701754386,91.66666666666669,0.8
577,577.0,0.7993712157180203,0.9999222279534068,0.0006580303153273376,0.3111452729044179,0.0,-0.8110918544194106,57.0,10.140350877192983,91.66666666666669,0.8
578,578.0,0.8007506791089867,0.9999222279534068,0.0006653082503680511,0.3137656960316541,1.0,-0.8079584775086504,57.0,10.157894736842104,91.66666666666669,0.8
579,579.0,0.7897839873119984,0.9999222279534068,0.0006066252567405422,0.2927317466244792,0.0,-0.8364997121473805,58.0,10.0,91.66666666666669,0.8
580,580.0,0.7912524961733601,0.9999222279534068,0.0006136590998661312,0.2953479207485422,0.0,-0.8333333333333333,58.0,10.017241379310345,91.66666666666669,0.8
581,581.0,0.7927063277602772,0.9999222279534068,0.0006207242036416331,0.29796403295773516,0.0,-0.8301778542742395,58.0,10.03448275862069,91.66666666666669,0.8
582,582.0,0.7941456270527685,0.9999222279534068,0.0006278202889991725,0.30057991459262806,0.0,-0.827033218785796,58.0,10.051724137931034,91.66666666666669,0.8
583,583.0,0.7955705386331858,0.9999222279534068,0.0006349470784070677,0.3031953995075381,0.0,-0.8238993710691822,58.0,10.068965517241379,91.66666666666669,0.8
584,584.0,0.7969812066358191,0.9999222279534068,0.000642104295909999,0.30581032406469244,0.0,-0.8207762557077622,58.0,10.086206896551724,91.66666666666669,0.8
585,585.0,0.7983777746988983,0.9999222279534068,0.0006492916671669693,0.30842452712726126,0.0,-0.8176638176638173,58.0,10.10344827586207,91.66666666666669,0.8
586,586.0,0.799760385918909,0.9999222279534068,0.0006565089194870698,0.31103785005128837,0.0,-0.8145620022753128,58.0,10.120689655172415,91.66666666666669,0.8
587,587.0,0.8011291828071729,0.9999222279534068,0.0006637557818631867,0.31365013667660585,1.0,-0.8114707552526972,58.0,10.137931034482758,91.66666666666669,0.8
588,588.0,0.7902444262301295,0.9999222279534068,0.0006053111862479992,0.2926770433888621,0.0,-0.8395691609977323,59.0,9.983050847457626,91.66666666666669,0.8
589,589.0,0.7917009597628568,0.9999222279534068,0.0006123142361189875,0.2952847559674449,0.0,-0.8364459535936615,59.0,10.0,91.66666666666669,0.8
590,590.0,0.7931430420889979,0.9999222279534068,0.0006193485315975018,0.29789246301998956,0.0,-0.8333333333333333,59.0,10.016949152542374,91.66666666666669,0.8
591,591.0,0.7945708149745432,0.9999222279534068,0.0006264137980330491,0.30049999734194577,0.0,-0.8302312464749013,59.0,10.033898305084746,91.66666666666669,0.8
592,592.0,0.7959844197890035,0.9999222279534068,0.0006335097622152939,0.30310719418211357,0.0,-0.8271396396396393,59.0,10.05084745762712,91.66666666666669,0.8
593,593.0,0.7973839974574739,0.9999222279534068,0.0006406361524146549,0.3057138912377658,0.0,-0.8240584598088814,59.0,10.067796610169491,91.66666666666669,0.8
594,594.0,0.798769688414958,0.9999222279534068,0.000647792698420776,0.30831992864866614,0.0,-0.8209876543209877,59.0,10.084745762711865,91.66666666666669,0.8
595,595.0,0.8001416325628924,0.9999222279534068,0.0006549791315788886,0.31092514899001844,1.0,-0.8179271708683471,59.0,10.101694915254237,91.66666666666669,0.8
596,596.0,0.7892364387225748,0.9999222279534068,0.0005970461747257141,0.29001734831469583,0.0,-0.8456375838926171,60.0,9.95,91.66666666666669,0.8
597,597.0,0.7906956009450263,0.9999222279534068,0.0006039871961212161,0.2926164834502963,0.0,-0.8425460636515913,60.0,9.966666666666667,91.66666666666669,0.8
598,598.0,0.7921403939879057,0.9999222279534068,0.0006109597188565808,0.2952158368046023,0.0,-0.8394648829431437,60.0,9.983333333333333,91.66666666666669,0.8
599,599.0,0.7935709568176806,0.9999222279534068,0.0006179634712976428,0.29781524019655814,0.0,-0.8363939899833055,60.0,10.0,91.66666666666669,0.8
600,600.0,0.7949874280545752,0.9999222279534068,0.0006249981831147607,0.3004145278427368,0.0,-0.8333333333333333,60.0,10.016666666666667,91.66666666666669,0.8
601,601.0,0.7963899459247116,0.9999222279534068,0.0006320635853260107,0.3030135363545598,0.0,-0.8302828618968383,60.0,10.033333333333333,91.66666666666669,0.8
602,602.0,0.7977786482144856,0.9999222279534068,0.0006391594103381786,0.3056121047343456,0.0,-0.8272425249169435,60.0,10.05,91.66666666666669,0.8
603,603.0,0.7991536722270817,0.9999222279534068,0.0006462853919856944,0.30821007437027315,0.0,-0.8242122719734659,60.0,10.066666666666666,91.66666666666669,0.8
604,604.0,0.8005151547410803,0.9999222279534068,0.0006534412655675269,0.31080728903029026,1.0,-0.8211920529801322,60.0,10.083333333333334,91.66666666666669,0.8
605,605.0,0.7896903141153597,0.9999222279534068,0.0005957428521247736,0.28995937606041206,0.0,-0.8484848484848482,61.0,9.934426229508198,91.66666666666669,0.8
606,606.0,0.7911377453540044,0.9999222279534068,0.0006026536282951283,0.2925501987033799,0.0,-0.8454345434543453,61.0,9.950819672131148,91.66666666666669,0.8
607,607.0,0.7925710265396498,0.9999222279534068,0.0006095958847297545,0.29514129286688306,0.0,-0.8423942888522788,61.0,9.967213114754099,91.66666666666669,0.8
608,608.0,0.7939902935594111,0.9999222279534068,0.0006165693541118087,0.2977324918162794,0.0,-0.8393640350877194,61.0,9.98360655737705,91.66666666666669,0.8
609,609.0,0.795395681955315,0.9999222279534068,0.0006235737703396943,0.30032363115701227,0.0,-0.836343732895457,61.0,10.0,91.66666666666669,0.8
610,610.0,0.7967873268787345,0.9999222279534068,0.0006306088685705198,0.3029145488326875,0.0,-0.8333333333333333,61.0,10.01639344262295,91.66666666666669,0.8
611,611.0,0.7981653630469413,0.9999222279534068,0.0006376743852614818,0.30550508512201824,0.0,-0.8303327877795963,61.0,10.032786885245901,91.66666666666669,0.8
612,612.0,0.7995299247016862,0.9999222279534068,0.0006447700582091991,0.3080950826346857,0.0,-0.8273420479302833,61.0,10.049180327868852,91.66666666666669,0.8
613,613.0,0.8008811455697723,0.9999222279534068,0.000651895626587102,0.31068438630617157,1.0,-0.8243610657966285,61.0,10.065573770491802,91.66666666666669,0.8
614,614.0,0.7901351586350782,0.9999222279534068,0.0005944300277987621,0.28989570883930155,0.0,-0.8512486427795873,62.0,9.919354838709678,91.66666666666669,0.8
615,615.0,0.7915710863817733,0.9999222279534068,0.0006013108151878854,0.29247831756413745,0.0,-0.8482384823848237,62.0,9.935483870967742,91.66666666666669,0.8
616,616.0,0.7929930783154244,0.9999222279534068,0.0006082230610062674,0.2950612503386287,0.0,-0.8452380952380951,62.0,9.951612903225806,91.66666666666669,0.8
617,617.0,0.794401267309515,0.9999222279534068,0.0006151665021617444,0.29764434184191724,0.0,-0.8422474338195569,62.0,9.96774193548387,91.66666666666669,0.8
618,618.0,0.7957957858946841,0.9999222279534068,0.0006221408766914621,0.3002274290374794,0.0,-0.8392664509169363,62.0,9.983870967741936,91.66666666666669,0.8
619,619.0,0.7971767662153232,0.9999222279534068,0.0006291459238055918,0.30281035117202454,0.0,-0.8362950996230478,62.0,10.0,91.66666666666669,0.8
620,620.0,0.7985443399881832,0.9999222279534068,0.0006361813839290105,0.30539294977327813,0.0,-0.8333333333333333,62.0,10.016129032258064,91.66666666666669,0.8
621,621.0,0.7998986384629031,0.9999222279534068,0.000643246998741034,0.3079750686467156,0.0,-0.8303811057434245,62.0,10.03225806451613,91.66666666666669,0.8
622,622.0,0.8012397923844325,0.9999222279534068,0.0006503425112132327,0.3105565538712715,1.0,-0.827438370846731,62.0,10.048387096774194,91.66666666666669,0.8
623,623.0,0.7905711984315114,0.9966584453225138,0.0005931589693805719,0.28982647387556837,0.0,-0.8539325842696628,63.0,9.904761904761905,91.66666666666669,0.8
624,624.0,0.7919958442014268,0.9999222279534068,0.0005999590799868957,0.2924009650710085,0.0,-0.8509615384615383,63.0,9.920634920634921,91.66666666666669,0.8
625,625.0,0.7934067636349643,0.9999222279534068,0.0006068415658539914,0.2949758320815444,0.0,-0.8479999999999999,63.0,9.936507936507937,91.66666666666669,0.8
626,626.0,0.7948040866569837,0.9999222279534068,0.0006137552286013845,0.2975509109689021,0.0,-0.8450479233226837,63.0,9.952380952380953,91.66666666666669,0.8
627,627.0,0.7961879428527238,0.9999222279534068,0.0006206998103190197,0.30012604002509774,0.0,-0.8421052631578945,63.0,9.968253968253968,91.66666666666669,0.8
628,628.0,0.7975584614264425,0.9999222279534068,0.0006276750541873502,0.3027010597721255,0.0,-0.839171974522293,63.0,9.984126984126984,91.66666666666669,0.8
629,629.0,0.7989157711619547,0.9999222279534068,0.0006346807045192915,0.30527581296055184,0.0,-0.8362480127186009,63.0,10.0,91.66666666666669,0.8
630,630.0,0.8002600003850069,0.9999222279534068,0.0006417165068003071,0.3078501445670766,1.0,-0.8333333333333333,63.0,10.015873015873016,91.66666666666669,0.8
631,631.0,0.7895714246044547,0.9904535383648013,0.0005854188710812491,0.2871859187262293,0.0,-0.8594823032223982,64.0,9.875,91.66666666666669,0.8
632,632.0,0.7909986529451412,0.9938099138654799,0.0005919630368049123,0.28975179506055043,0.0,-0.8565400843881854,64.0,9.890625,91.66666666666669,0.8
633,633.0,0.7924122324487536,0.9969405510530306,0.0005986398504576469,0.2923182629830426,0.0,-0.8536071616640335,64.0,9.90625,91.66666666666669,0.8
634,634.0,0.7938122904500066,0.9999222279534068,0.0006054517086156225,0.2948851577318069,0.0,-0.8506834910620398,64.0,9.921875,91.66666666666669,0.8
635,635.0,0.7951989539893727,0.9999222279534068,0.0006123358378885925,0.2974523167212873,0.0,-0.8477690288713908,64.0,9.9375,91.66666666666669,0.8
636,636.0,0.7965723497718039,0.9999222279534068,0.0006192508708052787,0.3000195795438219,0.0,-0.8448637316561844,64.0,9.953125,91.66666666666669,0.8
637,637.0,0.7979326041273016,0.9999222279534068,0.000626196554436688,0.3025867879700809,0.0,-0.8419675562532705,64.0,9.96875,91.66666666666669,0.8
638,638.0,0.799279842973285,0.9999222279534068,0.0006331726369070545,0.3051537859484346,0.0,-0.8390804597701147,64.0,9.984375,91.66666666666669,0.8
639,639.0,0.8006141917786923,0.9999222279534068,0.000640178867434224,0.30772041960330204,1.0,-0.8362023995826813,64.0,10.0,91.66666666666669,0.8
640,640.0,0.7900015661053341,0.9877908209871271,0.0005844100126133234,0.2871138967022837,0.0,-0.8619791666666665,65.0,9.861538461538462,91.66666666666669,0.8
641,641.0,0.7914177351195573,0.9910100450380935,0.0005908386296620066,0.2896717930492504,0.0,-0.8590743629745188,65.0,9.876923076923077,91.66666666666669,0.8
642,642.0,0.792820458430006,0.9943136929559484,0.0005973963838686821,0.29223032987538616,0.0,-0.8561786085150569,65.0,9.892307692307693,91.66666666666669,0.8
643,643.0,0.7942098605474309,0.9972703701068041,0.0006040862053193941,0.29478934379443716,0.0,-0.8532918610679106,65.0,9.907692307692308,91.66666666666669,0.8
644,644.0,0.7955860656913208,0.9999222279534068,0.0006109086260486575,0.2973486735449742,0.0,-0.8504140786749481,65.0,9.923076923076923,91.66666666666669,0.8
645,645.0,0.796949197750537,0.9999222279534068,0.0006177943494275329,0.2999081599926405,0.0,-0.8475452196382427,65.0,9.938461538461539,91.66666666666669,0.8
646,646.0,0.7982993802457057,0.9999222279534068,0.0006247107110964964,0.3024676461313067,0.0,-0.8446852425180598,65.0,9.953846153846154,91.66666666666669,0.8
647,647.0,0.7996367362932917,0.9999222279534068,0.000631657462917167,0.3050269770831927,0.0,-0.8418341061308603,65.0,9.96923076923077,91.66666666666669,0.8
648,648.0,0.8009613885713551,0.9999222279534068,0.0006386343577686649,0.3075860000979494,1.0,-0.838991769547325,65.0,9.984615384615385,91.66666666666669,0.8
649,649.0,0.7904233328499224,0.9850553643062464,0.0005834652527331601,0.2870365781409069,0.0,-0.8644067796610169,66.0,9.848484848484848,91.66666666666669,0.8
650,650.0,0.7918286516074093,0.9883299848637742,0.0005897821167847644,0.289586585354209,0.0,-0.8615384615384614,66.0,9.863636363636363,91.66666666666669,0.8
651,651.0,0.7932207233232972,0.9913852596674276,0.0005962248881019275,0.29213728123209065,0.0,-0.8586789554531489,66.0,9.878787878787879,91.66666666666669,0.8
652,652.0,0.7945996697461019,0.9943738299086156,0.0006027959370586181,0.29468850373500366,0.0,-0.8558282208588956,66.0,9.893939393939394,91.66666666666669,0.8
653,653.0,0.7959656123368631,0.9978549496726077,0.0006094987359332292,0.29724009289825293,0.0,-0.8529862174578866,66.0,9.909090909090908,91.66666666666669,0.8
654,654.0,0.7973186722315913,0.9999222279534068,0.0006163305294098041,0.2997918908349115,0.0,-0.8501529051987768,66.0,9.924242424242424,91.66666666666669,0.8
655,655.0,0.798658970205367,0.9999222279534068,0.0006232178027808894,0.3023437417376668,0.0,-0.8473282442748089,66.0,9.93939393939394,91.66666666666669,0.8
656,656.0,0.7999866266380471,0.9999222279534068,0.0006301354565706382,0.3048954918796334,0.0,-0.8445121951219512,66.0,9.954545454545455,91.66666666666669,0.8
657,657.0,0.801301761481556,0.9999222279534068,0.0006370832472508709,0.30744698961417305,1.0,-0.841704718417047,66.0,9.969696969696969,91.66666666666669,0.8
658,658.0,0.7908369308292537,0.9824134947495102,0.0005825814020969238,0.2869540794906664,0.0,-0.8667679837892603,67.0,9.835820895522389,91.66666666666669,0.8
659,659.0,0.7922316029700542,0.9855172644445436,0.0005887902310176737,0.2894962864367664,0.0,-0.8639352554375315,67.0,9.850746268656716,91.66666666666669,0.8
660,660.0,0.7936132223737715,0.988418443180103,0.000595121225376124,0.292039229536301,0.0,-0.8611111111111109,67.0,9.865671641791044,91.66666666666669,0.8
661,661.0,0.7949819080875783,0.9916284536821716,0.0006015780607410579,0.2945827480686926,0.0,-0.8582955118507312,67.0,9.880597014925373,91.66666666666669,0.8
662,662.0,0.7963377788756931,0.995038588754316,0.000608162813190175,0.29712668333972886,0.0,-0.8554884189325276,67.0,9.895522388059701,91.66666666666669,0.8
663,663.0,0.7976809531835205,0.9980559244089185,0.0006148780517076178,0.2996708786851164,0.0,-0.8526897938662643,67.0,9.91044776119403,91.66666666666669,0.8
664,664.0,0.799011549103368,0.9999222279534068,0.0006217181004166219,0.302215179472982,0.0,-0.8498995983935742,67.0,9.925373134328359,91.66666666666669,0.8
665,665.0,0.8003296843416882,0.9999222279534068,0.0006286068843228353,0.3047594331053579,1.0,-0.8471177944862154,67.0,9.940298507462687,91.66666666666669,0.8
666,666.0,0.7898453567617704,0.9768271936649592,0.0005757682069414456,0.2843329649388274,0.0,-0.8718718718718719,68.0,9.808823529411764,91.66666666666669,0.8
667,667.0,0.7912425599800365,0.9795325911780499,0.0005817549330425084,0.2868665141886361,0.0,-0.8690654672663667,68.0,9.823529411764707,91.66666666666669,0.8
668,668.0,0.7926267838710491,0.9830712648399245,0.0005878596781079195,0.28940100779574834,0.0,-0.8662674650698601,68.0,9.838235294117647,91.66666666666669,0.8
669,669.0,0.793998145082688,0.9860630115653388,0.0005940834314645957,0.29193628435788105,0.0,-0.8634778276033879,68.0,9.852941176470589,91.66666666666669,0.8
670,670.0,0.7953567600208213,0.9892391854185987,0.0006004291263305969,0.2944721844468285,0.0,-0.8606965174129351,68.0,9.867647058823529,91.66666666666669,0.8
671,671.0,0.7967027448135214,0.9920619783985725,0.0006068992788637907,0.29700855061369147,0.0,-0.8579234972677594,68.0,9.882352941176471,91.66666666666669,0.8
672,672.0,0.7980362152768125,0.9954223842178878,0.0006134970481499835,0.299545227393032,0.0,-0.85515873015873,68.0,9.897058823529411,91.66666666666669,0.8
673,673.0,0.7993572868819118,0.9983086007715932,0.0006202246736667695,0.3020820613060094,0.0,-0.8524021792966814,68.0,9.911764705882353,91.66666666666669,0.8
674,674.0,0.8006660747239176,0.9999222279534068,0.0006270720052942293,0.3046189008625115,1.0,-0.8496538081107814,68.0,9.926470588235293,91.66666666666669,0.8
675,675.0,0.7902536546675638,0.9741263818063224,0.0005750957488743992,0.2842481166095996,0.0,-0.874074074074074,69.0,9.797101449275363,91.66666666666669,0.8
676,676.0,0.7916404143764756,0.9772940613634059,0.0005809846869920882,0.2867739927476125,0.0,-0.8713017751479288,69.0,9.81159420289855,91.66666666666669,0.8
677,677.0,0.7930143832636318,0.9805847231711182,0.0005869875503846177,0.2893008580536462,0.0,-0.8685376661742981,69.0,9.826086956521738,91.66666666666669,0.8
678,678.0,0.7943756753906059,0.9835998400738966,0.0005931070177673139,0.29182855243851613,0.0,-0.8657817109144543,69.0,9.840579710144928,91.66666666666669,0.8
679,679.0,0.7957244045810872,0.9866543246859996,0.0005993453697160099,0.29435691774087047,0.0,-0.8630338733431515,69.0,9.855072463768115,91.66666666666669,0.8
680,680.0,0.7970606843867065,0.9896965725684674,0.0006057051783403191,0.29688579773296636,0.0,-0.8602941176470587,69.0,9.869565217391305,91.66666666666669,0.8
681,681.0,0.7983846280542862,0.9926608958881272,0.0006121890439811585,0.29941503812542275,0.0,-0.857562408223201,69.0,9.884057971014492,91.66666666666669,0.8
682,682.0,0.7996963484945304,0.9955957265430485,0.0006187994968527488,0.3019444865709343,0.0,-0.854838709677419,69.0,9.898550724637682,91.66666666666669,0.8
683,683.0,0.8009959582520755,0.9983086007715932,0.0006255385094842041,0.3044739926670337,1.0,-0.8521229868228404,69.0,9.91304347826087,91.66666666666669,0.8
684,684.0,0.790654173853273,0.9718644684076712,0.0005744730238925989,0.28415833597786194,0.0,-0.8762183235867445,70.0,9.785714285714286,91.66666666666669,0.8
685,685.0,0.792030682416144,0.9746779440183972,0.0005802660816112995,0.28667662284086204,0.0,-0.8734793187347931,70.0,9.8,91.66666666666669,0.8
686,686.0,0.7933945845723581,0.9780256835294403,0.0005861712199464713,0.2891959430403405,0.0,-0.8707482993197277,70.0,9.814285714285715,91.66666666666669,0.8
687,687.0,0.7947459918547832,0.9809232272411942,0.0005921895462783147,0.29171613777437316,0.0,-0.8680252304706451,70.0,9.82857142857143,91.66666666666669,0.8
688,688.0,0.7960850155631344,0.9842477415633373,0.0005983237256824613,0.2942370501239607,0.0,-0.8653100775193798,70.0,9.842857142857143,91.66666666666669,0.8
689,689.0,0.7974117667312943,0.9867476489816761,0.0006045762367583722,0.2967585250593434,0.0,-0.8626028059990323,70.0,9.857142857142858,91.66666666666669,0.8
690,690.0,0.7987263560960041,0.9900861079339833,0.00061095042987075,0.2992804094453005,0.0,-0.8599033816425121,70.0,9.871428571428572,91.66666666666669,0.8
691,691.0,0.80002889406691,0.9930563777447128,0.0006174475838614889,0.30180255204544243,1.0,-0.85721177038109,70.0,9.885714285714286,91.66666666666669,0.8
692,692.0,0.7896681220723735,0.9669389329839684,0.0005683021396152729,0.28155418638988144,0.0,-0.8810211946050095,71.0,9.76056338028169,91.66666666666669,0.8
693,693.0,0.791047102153262,0.9696298700102126,0.0005738973463302652,0.2840637297659698,0.0,-0.8783068783068781,71.0,9.774647887323944,91.66666666666669,0.8
694,694.0,0.7924135470000865,0.972647211712399,0.0005795982810713096,0.28657450938444834,0.0,-0.8756003842459172,71.0,9.788732394366198,91.66666666666669,0.8
695,695.0,0.7937675658690311,0.9756519994303009,0.0005854078455022945,0.28908636587439984,0.0,-0.8729016786570742,71.0,9.80281690140845,91.66666666666669,0.8
696,696.0,0.7951092678209807,0.9785324834986435,0.0005913282788650239,0.2915991416963341,0.0,-0.8702107279693485,71.0,9.816901408450704,91.66666666666669,0.8
697,697.0,0.7964387616889097,0.9816072777560924,0.0005973618846846775,0.29411268115008093,0.0,-0.8675274988043997,71.0,9.830985915492958,91.66666666666669,0.8
698,698.0,0.7977561560466343,0.9845243842882352,0.0006035109905049473,0.29662683038159976,0.0,-0.864851957975167,71.0,9.845070422535212,91.66666666666669,0.8
699,699.0,0.7990615591788564,0.9876254500064024,0.0006097779440380112,0.29914143738880944,0.0,-0.8621840724845016,71.0,9.859154929577464,91.66666666666669,0.8
700,700.0,0.8003550790524832,0.9904535383648013,0.0006161653971481926,0.3016563520264309,1.0,-0.8595238095238094,71.0,9.873239436619718,91.66666666666669,0.8
701,701.0,0.7900637018984892,0.9644510906627038,0.000567859361678237,0.2814623272029269,0.0,-0.8830242510699,72.0,9.75,91.66666666666669,0.8
702,702.0,0.7914326219376354,0.9672868472942977,0.0005733666732027137,0.2839644019743604,0.0,-0.8803418803418801,72.0,9.76388888888889,91.66666666666669,0.8
703,703.0,0.7927891857072673,0.9702687779068648,0.0005789778605780277,0.2864677546172284,0.0,-0.8776671408250354,72.0,9.777777777777779,91.66666666666669,0.8
704,704.0,0.7941335000430867,0.9732529155727371,0.0005846951022814546,0.2889722270420409,0.0,-0.875,72.0,9.791666666666666,91.66666666666669,0.8
705,705.0,0.7954656715897891,0.976540096487773,0.0005905200029398522,0.2914776629479042,0.0,-0.8723404255319147,72.0,9.805555555555555,91.66666666666669,0.8
706,706.0,0.796785806769871,0.9792684780509723,0.0005964564050970544,0.2939839078308618,0.0,-0.8696883852691215,72.0,9.819444444444445,91.66666666666669,0.8
707,707.0,0.7980940117537261,0.9820281130416264,0.0006025050260892233,0.2964908089912062,0.0,-0.8670438472418671,72.0,9.833333333333334,91.66666666666669,0.8
708,708.0,0.7993903924309599,0.9850553643062464,0.0006086687052818319,0.29899821553980144,0.0,-0.8644067796610169,72.0,9.847222222222221,91.66666666666669,0.8
709,709.0,0.800675054382935,0.9879920104169521,0.0006149497579533697,0.3015059784034402,1.0,-0.861777150916784,72.0,9.86111111111111,91.66666666666669,0.8
710,710.0,0.7904518684619908,0.9620978434207139,0.0005674563864664189,0.2813657686511033,0.0,-0.8849765258215962,73.0,9.73972602739726,91.66666666666669,0.8
711,711.0,0.7918109102852185,0.9650800197603956,0.0005728789393842546,0.28386045396020987,0.0,-0.8823253633380215,73.0,9.753424657534246,91.66666666666669,0.8
712,712.0,0.7931577709635425,0.9679288051490365,0.0005784029211493442,0.2863564581785065,0.0,-0.8796816479400749,73.0,9.767123287671232,91.66666666666669,0.8
713,713.0,0.7944925549665646,0.9711474792742053,0.000584030502376728,0.28885362447378476,0.0,-0.8770453482935949,73.0,9.780821917808218,91.66666666666669,0.8
714,714.0,0.7958153665776502,0.9739036560076346,0.0005897639521582802,0.2913517977608138,0.0,-0.8744164332399624,73.0,9.794520547945206,91.66666666666669,0.8
715,715.0,0.7971263098640843,0.9768271936649592,0.0005956050826332346,0.2938508247101222,0.0,-0.8717948717948716,73.0,9.808219178082192,91.66666666666669,0.8
716,716.0,0.7984254886484271,0.9795325911780499,0.0006015559990681568,0.2963505537557694,0.0,-0.8691806331471135,73.0,9.821917808219178,91.66666666666669,0.8
717,717.0,0.7997130064810424,0.982693650093424,0.0006076196254083328,0.2988508351021494,0.0,-0.8665736866573686,73.0,9.835616438356164,91.66666666666669,0.8
718,718.0,0.8009889666137902,0.9855172644445436,0.0006137976286208424,0.3013515207298328,1.0,-0.8639740018570101,73.0,9.849315068493151,91.66666666666669,0.8
719,719.0,0.7908327983343431,0.9599977539875475,0.0005670919658494116,0.2812646112081286,0.0,-0.8868799258229021,74.0,9.72972972972973,91.66666666666669,0.8
720,720.0,0.7921821391511077,0.9629129321637443,0.0005724322104270159,0.28375198451384126,0.0,-0.8842592592592591,74.0,9.743243243243244,91.66666666666669,0.8
721,721.0,0.7935194702052792,0.9658702681235563,0.000577871672854681,0.286240717183469,0.0,-0.8816458622283863,74.0,9.756756756756756,91.66666666666669,0.8
722,722.0,0.7948448936538337,0.9691718830129,0.0005834114167155998,0.288730653618858,0.0,-0.8790397045244691,74.0,9.77027027027027,91.66666666666669,0.8
723,723.0,0.7961585114727162,0.9715585087837362,0.0005890561161133456,0.29122163992839023,0.0,-0.8764407561088057,74.0,9.783783783783784,91.66666666666669,0.8
724,724.0,0.7974604254282485,0.9746779440183972,0.0005948052308741151,0.293713523936174,0.0,-0.8738489871086554,74.0,9.797297297297296,91.66666666666669,0.8
725,725.0,0.7987507370496961,0.9772940613634059,0.0006006618379128009,0.2962061551902566,0.0,-0.8712643678160921,74.0,9.81081081081081,91.66666666666669,0.8
726,726.0,0.800029547602932,0.9803010516857543,0.0006066281175629701,0.2986993849698828,1.0,-0.8686868686868685,74.0,9.824324324324325,91.66666666666669,0.8
727,727.0,0.7898549083854377,0.9550967229829258,0.0005615992338671115,0.27868037098098053,0.0,-0.8913342503438788,75.0,9.706666666666667,91.66666666666669,0.8
728,728.0,0.7912066629927887,0.9579996469541993,0.0005667644185414157,0.28115895281342584,0.0,-0.8887362637362635,75.0,9.72,91.66666666666669,0.8
729,729.0,0.7925464755289462,0.9609307418073678,0.0005720246690790291,0.2836390899329113,0.0,-0.8861454046639232,75.0,9.733333333333333,91.66666666666669,0.8
730,730.0,0.7938744460377812,0.963790300072118,0.0005773819184080941,0.2861206262963863,0.0,-0.8835616438356162,75.0,9.746666666666666,91.66666666666669,0.8
731,731.0,0.7951906744162079,0.9669389329839684,0.0005828374448956713,0.2886034075174107,0.0,-0.880984952120383,75.0,9.76,91.66666666666669,0.8
732,732.0,0.796495260385684,0.9696298700102126,0.0005883949023822194,0.2910872808767468,0.0,-0.8784153005464481,75.0,9.773333333333333,91.66666666666669,0.8
733,733.0,0.7977883034648052,0.9723365991488371,0.0005940549238052669,0.29357209533196527,0.0,-0.8758526603001364,75.0,9.786666666666667,91.66666666666669,0.8
734,734.0,0.7990699029430097,0.9753063775138423,0.0005998195997262364,0.2960577015260685,0.0,-0.8732970027247955,75.0,9.8,91.66666666666669,0.8
735,735.0,0.8003401578553214,0.9780256835294403,0.000605691568601847,0.2985439517951764,1.0,-0.8707482993197277,75.0,9.813333333333333,91.66666666666669,0.8
736,736.0,0.790231400677574,0.9530926695787666,0.0005613825785357146,0.27857750716789714,0.0,-0.8931159420289854,76.0,9.697368421052632,91.66666666666669,0.8
737,737.0,0.7915736289812635,0.9558978870883315,0.0005664720860084749,0.28104888894509455,0.0,-0.8905472636815919,76.0,9.710526315789474,91.66666666666669,0.8
738,738.0,0.7929040816080473,0.9587239660161145,0.0005716545847611194,0.28352186409444846,0.0,-0.8879855465221318,76.0,9.723684210526315,91.66666666666669,0.8
739,739.0,0.7942228563886616,0.9615983793600648,0.0005769319444035182,0.28599627780169734,0.0,-0.8854307622913846,76.0,9.736842105263158,91.66666666666669,0.8
740,740.0,0.7955300510115945,0.9644510906627038,0.0005823059643991444,0.28847197687059006,0.0,-0.882882882882883,76.0,9.75,91.66666666666669,0.8
741,741.0,0.7968257629957646,0.9672868472942977,0.0005877785631722186,0.2909488097338404,0.0,-0.8803418803418801,76.0,9.763157894736842,91.66666666666669,0.8
742,742.0,0.7981100896642542,0.9700943635268682,0.0005933516901139613,0.2934266264631083,0.0,-0.8778077268643305,76.0,9.776315789473685,91.66666666666669,0.8
743,743.0,0.7993831281190724,0.972971229735092,0.0005990273646205788,0.29590527877802203,0.0,-0.8752803947958723,76.0,9.789473684210526,91.66666666666669,0.8
744,744.0,0.800644975216937,0.9756519994303009,0.0006048075474100245,0.29838462005426947,1.0,-0.8727598566308243,76.0,9.802631578947368,91.66666666666669,0.8
745,745.0,0.7906009884104801,0.951338943286192,0.0005611974578971441,0.27847250502305043,0.0,-0.8948545861297539,77.0,9.688311688311689,91.66666666666669,0.8
746,746.0,0.7919338580662304,0.9541206145041518,0.000566213454996065,0.2809345126907844,0.0,-0.8923145665773011,77.0,9.7012987012987,91.66666666666669,0.8
747,747.0,0.7932551149255195,0.9567170843761869,0.0005713203655190222,0.28340039852478854,0.0,-0.8897813476126728,77.0,9.714285714285714,91.66666666666669,0.8
748,748.0,0.7945648546562992,0.9597198345687947,0.0005765200070731981,0.28586776167297123,0.0,-0.887254901960784,77.0,9.727272727272727,91.66666666666669,0.8
749,749.0,0.7958631727893163,0.9626220349593798,0.0005818140175414099,0.2883364501085391,0.0,-0.8847352024922117,77.0,9.74025974025974,91.66666666666669,0.8
750,750.0,0.7971501646919142,0.9652275115119414,0.0005872047790947162,0.29080631339647295,0.0,-0.8822222222222222,77.0,9.753246753246753,91.66666666666669,0.8
751,751.0,0.7984259255428341,0.9679288051490365,0.0005926935783111816,0.29327720270386154,0.0,-0.8797159343098089,77.0,9.766233766233766,91.66666666666669,0.8
752,752.0,0.7996905503079997,0.9711474792742053,0.0005982819625064194,0.295748970809295,0.0,-0.8772163120567376,77.0,9.779220779220779,91.66666666666669,0.8
753,753.0,0.8009441337172507,0.9734146401434752,0.0006039738045718488,0.298221472111357,1.0,-0.8747233289065959,77.0,9.792207792207792,91.66666666666669,0.8
754,754.0,0.7909638329209775,0.9492858988609361,0.0005610429294877321,0.2783743811833331,0.0,-0.8965517241379308,78.0,9.679487179487179,91.66666666666669,0.8
755,755.0,0.792287507387561,0.95202817971518,0.0005659872113902501,0.2808163529766567,0.0,-0.8940397350993374,78.0,9.692307692307692,91.66666666666669,0.8
756,756.0,0.7935997285135423,0.9550967229829258,0.0005710202492848859,0.28327478246744753,0.0,-0.8915343915343914,78.0,9.705128205128204,91.66666666666669,0.8
757,757.0,0.7949005898535282,0.9577076549979144,0.0005761445485921907,0.28573516563983675,0.0,-0.8890356671070012,78.0,9.717948717948717,91.66666666666669,0.8
758,758.0,0.7961901848302576,0.960434604156266,0.0005813610790976244,0.288196913456352,0.0,-0.8865435356200526,78.0,9.73076923076923,91.66666666666669,0.8
759,759.0,0.7974686067094694,0.9630980535554061,0.0005866718227410649,0.2906598765952624,0.0,-0.8840579710144927,78.0,9.743589743589743,91.66666666666669,0.8
760,760.0,0.7987359485757101,0.9659510773595278,0.0005920787680398308,0.2931239073010943,0.0,-0.881578947368421,78.0,9.756410256410257,91.66666666666669,0.8
761,761.0,0.7999923033090818,0.9691718830129,0.000597582300809789,0.2955888593943818,0.0,-0.8791064388961891,78.0,9.76923076923077,91.66666666666669,0.8
762,762.0,0.8012377635628859,0.9715585087837362,0.0006031883620460485,0.2980545882805298,1.0,-0.8766404199475064,78.0,9.782051282051283,91.66666666666669,0.8
763,763.0,0.7913200909450298,0.9479145276563733,0.000560916075179002,0.27828821294271394,0.0,-0.8982088248143292,79.0,9.670886075949367,91.66666666666669,0.8
764,764.0,0.7926347296046172,0.9497017594103879,0.0005657903917211177,0.2807012607270008,0.0,-0.8957242582897031,79.0,9.683544303797468,91.66666666666669,0.8
765,765.0,0.7939380710419092,0.9528569164807054,0.0005707534480286277,0.2831451029489976,0.0,-0.8932461873638342,79.0,9.69620253164557,91.66666666666669,0.8
766,766.0,0.7952302067466891,0.9556687705810476,0.000575803965356855,0.285598575252932,0.0,-0.8907745865970409,79.0,9.708860759493671,91.66666666666669,0.8
767,767.0,0.7965112280824639,0.9584894928332034,0.0005809449256291015,0.2880534509980624,0.0,-0.888309430682312,79.0,9.721518987341772,91.66666666666669,0.8
768,768.0,0.7977812262623396,0.9613295929402322,0.0005861780086444466,0.2905095819576525,0.0,-0.8858506944444442,79.0,9.734177215189874,91.66666666666669,0.8
769,769.0,0.7990402923257823,0.9639364506641201,0.0005915053184639057,0.29296682143632063,0.0,-0.8833983528391851,79.0,9.746835443037975,91.66666666666669,0.8
770,770.0,0.8002885171162767,0.9669389329839684,0.0005969278245453135,0.29542502428012746,1.0,-0.8809523809523809,79.0,9.759493670886076,91.66666666666669,0.8
771,771.0,0.7903529225619351,0.9429261742888136,0.0005560965453533454,0.2758745355359428,0.0,-0.9022913964548205,80.0,9.65,91.66666666666669,0.8
772,772.0,0.7916699147626306,0.9455785391788283,0.0005608194319681065,0.278215731261604,0.0,-0.8998272884283245,80.0,9.6625,91.66666666666669,0.8
773,773.0,0.792975673037659,0.9482499716244338,0.0005656259835022511,0.28059510487653216,0.0,-0.8973695558430357,80.0,9.675,91.66666666666669,0.8
774,774.0,0.7942702869559908,0.9510130709851922,0.000570517947410043,0.28301411574981256,0.0,-0.8949181739879413,80.0,9.6875,91.66666666666669,0.8
775,775.0,0.7955538459901834,0.953764665325308,0.0005754968094905218,0.2854580739468849,0.0,-0.8924731182795698,80.0,9.7,91.66666666666669,0.8
776,776.0,0.7968264394923257,0.9565113630124676,0.0005805642314956845,0.2879061447386962,0.0,-0.8900343642611681,80.0,9.7125,91.66666666666669,0.8
777,777.0,0.7980881566708622,0.9592968942404316,0.0005857218862607838,0.29035551006902527,0.0,-0.8876018876018874,80.0,9.725,91.66666666666669,0.8
778,778.0,0.7993390865682688,0.9618514263090561,0.0005909715079720144,0.29280602428584224,0.0,-0.8851756640959725,80.0,9.7375,91.66666666666669,0.8
779,779.0,0.8005793180395568,0.964671025875969,0.0005963149653358895,0.295257543244892,1.0,-0.8827556696619598,80.0,9.75,91.66666666666669,0.8
780,780.0,0.7907053406169299,0.9409832272761385,0.000556089643022473,0.2758463842460535,0.0,-0.9038461538461537,81.0,9.641975308641975,91.66666666666669,0.8
781,781.0,0.79201345233807,0.9440473650650493,0.0005607481450194731,0.27815552568091156,0.0,-0.9014084507042253,81.0,9.654320987654321,91.66666666666669,0.8
782,782.0,0.793310481804719,0.946650989038605,0.0005654886997208295,0.2805024542839461,0.0,-0.8989769820971867,81.0,9.666666666666666,91.66666666666669,0.8
783,783.0,0.7945965166102485,0.9492858988609361,0.0005703126830159168,0.28289041442061286,0.0,-0.8965517241379308,81.0,9.679012345679013,91.66666666666669,0.8
784,784.0,0.7958716442566637,0.95202817971518,0.0005752217405159564,0.2853143180009059,0.0,-0.8941326530612244,81.0,9.691358024691358,91.66666666666669,0.8
785,785.0,0.7971359521314862,0.9546072652417482,0.0005802175190553849,0.2877550746644612,0.0,-0.89171974522293,81.0,9.703703703703704,91.66666666666669,0.8
786,786.0,0.7983895274854821,0.9572980388679448,0.000585301669058612,0.29019773953193856,0.0,-0.8893129770992365,81.0,9.716049382716049,91.66666666666669,0.8
787,787.0,0.7996324574111913,0.9599977539875475,0.0005904758568053588,0.2926415930790336,0.0,-0.8869123252858955,81.0,9.728395061728396,91.66666666666669,0.8
788,788.0,0.8008648288222527,0.9626220349593798,0.0005957417691972058,0.2950864921558775,1.0,-0.8845177664974619,81.0,9.74074074074074,91.66666666666669,0.8
789,789.0,0.7910514652390791,0.9395664223577594,0.0005561070747905477,0.2758265866153122,0.0,-0.9053654414871144,82.0,9.634146341463415,91.66666666666669,0.8
790,790.0,0.7923508474557199,0.9422760761872654,0.0005607026254496229,0.2781060625897526,0.0,-0.9029535864978901,82.0,9.646341463414634,91.66666666666669,0.8
791,791.0,0.7936392959540609,0.9448420222427343,0.000565378602457113,0.2804241105459425,0.0,-0.9005478297513694,82.0,9.658536585365853,91.66666666666669,0.8
792,792.0,0.7949168963974202,0.9479145276563733,0.0005701354062305007,0.28277867966210907,0.0,-0.8981481481481481,82.0,9.670731707317072,91.66666666666669,0.8
793,793.0,0.7961837343629875,0.9497017594103879,0.0005749761073247283,0.2851744317885227,0.0,-0.8957545187053382,82.0,9.682926829268293,91.66666666666669,0.8
794,794.0,0.7974398953196076,0.9528285454304714,0.0005799034599637976,0.28760031880110914,0.0,-0.8933669185558353,82.0,9.695121951219512,91.66666666666669,0.8
795,795.0,0.7986854646063554,0.9553596244228207,0.0005849159047845461,0.290036347023576,0.0,-0.890985324947589,82.0,9.707317073170731,91.66666666666669,0.8
796,796.0,0.7999205274118777,0.9581906986802697,0.0005900166486974295,0.29247360315486143,0.0,-0.8886097152428809,82.0,9.71951219512195,91.66666666666669,0.8
797,797.0,0.8011451687544944,0.9609307418073678,0.0005952069891954499,0.29491194502471274,1.0,-0.8862400669176076,82.0,9.731707317073171,91.66666666666669,0.8
798,798.0,0.7913914398728319,0.937851215934139,0.000556147350189801,0.2758196889633811,0.0,-0.9068504594820381,83.0,9.626506024096386,91.66666666666669,0.8
799,799.0,0.7926822398514544,0.9404149058064358,0.0005606815975428641,0.2780700155452345,0.0,-0.9044639132248644,83.0,9.63855421686747,91.66666666666669,0.8
800,800.0,0.7939622515923793,0.9429347842553798,0.0005652943917784857,0.28035561553064087,0.0,-0.9020833333333331,83.0,9.650602409638553,91.66666666666669,0.8
801,801.0,0.7952315588735199,0.9458338115004137,0.0005699877949619252,0.28268052115756004,0.0,-0.8997086974615063,83.0,9.662650602409638,91.66666666666669,0.8
802,802.0,0.7964902453920631,0.9482499716244338,0.0005747625015254271,0.28504359083042974,0.0,-0.8973399833748958,83.0,9.674698795180722,91.66666666666669,0.8
803,803.0,0.7977383947431018,0.9510130709851922,0.0005796206886848294,0.28744512508128084,0.0,-0.8949771689497714,83.0,9.686746987951807,91.66666666666669,0.8
804,804.0,0.7989760903990236,0.953764665325308,0.0005845633992676367,0.28987140735142514,0.0,-0.892620232172471,83.0,9.698795180722891,91.66666666666669,0.8
805,805.0,0.8002034156896168,0.9563573729372931,0.000589592512923994,0.2923021280166577,1.0,-0.8902691511387162,83.0,9.710843373493976,91.66666666666669,0.8
806,806.0,0.7904323148057285,0.9336329012060006,0.0005518109492987377,0.27364703596710527,0.0,-0.910669975186104,84.0,9.607142857142858,91.66666666666669,0.8
807,807.0,0.7917254039355184,0.9365390201424494,0.000556209063282406,0.27582371260560107,0.0,-0.9083023543990085,84.0,9.619047619047619,91.66666666666669,0.8
808,808.0,0.7930077653398355,0.9388287385249756,0.0005606841231761455,0.278042697136897,0.0,-0.9059405940594056,84.0,9.630952380952381,91.66666666666669,0.8
809,809.0,0.7942794810088376,0.9416635747987968,0.000565235537187343,0.2803006288112335,0.0,-0.9035846724351049,84.0,9.642857142857142,91.66666666666669,0.8
810,810.0,0.7955406328787747,0.9440918747410737,0.0005698659872962038,0.28259530746130995,0.0,-0.9012345679012344,84.0,9.654761904761905,91.66666666666669,0.8
811,811.0,0.7967913028107154,0.946650989038605,0.0005745762318502347,0.2849262729112458,0.0,-0.8988902589395806,84.0,9.666666666666666,91.66666666666669,0.8
812,812.0,0.7980315725699783,0.9492858988609361,0.0005793679990631382,0.2872974452326744,0.0,-0.8965517241379308,84.0,9.678571428571429,91.66666666666669,0.8
813,813.0,0.7992615238062826,0.9518335354698714,0.0005842427558094991,0.2897037088188252,0.0,-0.8942189421894218,84.0,9.69047619047619,91.66666666666669,0.8
814,814.0,0.800481238034591,0.9544387979476314,0.000589202092056037,0.29212723938520696,1.0,-0.8918918918918917,84.0,9.702380952380953,91.66666666666669,0.8
815,815.0,0.7907688436275825,0.9321707832236235,0.0005519512351325803,0.2736922593573262,0.0,-0.9120654396728014,85.0,9.6,91.66666666666669,0.8
816,816.0,0.7920534929435452,0.9347936002378474,0.0005562930024688846,0.2758408189832907,0.0,-0.9097222222222221,85.0,9.611764705882353,91.66666666666669,0.8
817,817.0,0.7933275559372118,0.9374577944174237,0.0005607089675611097,0.2780281722101149,0.0,-0.9073847409220726,85.0,9.623529411764705,91.66666666666669,0.8
818,818.0,0.7945911127950854,0.9396440713505179,0.0005652007981851596,0.28025535771398963,0.0,-0.9050529747351264,85.0,9.635294117647058,91.66666666666669,0.8
819,819.0,0.7958442436546111,0.9423186951606163,0.0005697697553788687,0.2825201105931044,0.0,-0.9027269027269027,85.0,9.647058823529411,91.66666666666669,0.8
820,820.0,0.7970870285836917,0.9449438532717748,0.000574417048076919,0.2848233633227118,0.0,-0.9004065040650404,85.0,9.658823529411764,91.66666666666669,0.8
821,821.0,0.7983195475609002,0.9479145276563733,0.0005791434985901924,0.2871617481383621,0.0,-0.8980917580186762,85.0,9.670588235294117,91.66666666666669,0.8
822,822.0,0.7995418804563419,0.9497017594103879,0.0005839514534547784,0.2895406527670212,0.0,-0.8957826439578263,85.0,9.68235294117647,91.66666666666669,0.8
823,823.0,0.8007541070131895,0.9527940773927975,0.0005888439570483208,0.29194900725019407,1.0,-0.8934791413527743,85.0,9.694117647058823,91.66666666666669,0.8
824,824.0,0.7910994894978193,0.9305391149021095,0.0005521107338630186,0.2737461888326109,0.0,-0.9134304207119739,86.0,9.593023255813954,91.66666666666669,0.8
825,825.0,0.7923758386345113,0.933065645329626,0.0005563969752146441,0.2758686020985947,0.0,-0.911111111111111,86.0,9.604651162790697,91.66666666666669,0.8
826,826.0,0.793641739980805,0.9355810988399746,0.0005607560638113966,0.27802416173993083,0.0,-0.9087974172719935,86.0,9.616279069767442,91.66666666666669,0.8
827,827.0,0.7948972719613768,0.9381943842798083,0.0005651894288721061,0.2802218944267069,0.0,-0.9064893188230552,86.0,9.627906976744185,91.66666666666669,0.8
828,828.0,0.7961425129568241,0.9407460080018514,0.0005696982937120655,0.28245914613533807,0.0,-0.9041867954911433,86.0,9.63953488372093,91.66666666666669,0.8
829,829.0,0.7973775412839321,0.9433423422971136,0.0005742840896595699,0.28473048213094854,0.0,-0.9018898271009248,86.0,9.651162790697674,91.66666666666669,0.8
830,830.0,0.7986024351766026,0.9458338115004137,0.00057894815013648,0.28703964262230575,0.0,-0.8995983935742973,86.0,9.662790697674419,91.66666666666669,0.8
831,831.0,0.7998172727674202,0.9482499716244338,0.0005836917650369643,0.2893867005924121,0.0,-0.8973124749298031,86.0,9.674418604651162,91.66666666666669,0.8
832,832.0,0.8010221320698343,0.9510130709851922,0.0005885170094140655,0.29177119132303353,1.0,-0.8950320512820511,86.0,9.686046511627907,91.66666666666669,0.8
833,833.0,0.7914243838694257,0.929133057282621,0.0005522883395286071,0.2738122467189181,0.0,-0.9147659063625448,87.0,9.586206896551724,91.66666666666669,0.8
834,834.0,0.792692569085407,0.9314991573483121,0.0005565203430836522,0.2759045133902828,0.0,-0.9124700239808152,87.0,9.597701149425287,91.66666666666669,0.8
835,835.0,0.7939504422439584,0.9340631095547774,0.000560823847279308,0.2780340056866091,0.0,-0.9101796407185629,87.0,9.60919540229885,91.66666666666669,0.8
836,836.0,0.7951980800489029,0.9367551505647115,0.0005652001087092179,0.2802002289688259,0.0,-0.9078947368421051,87.0,9.620689655172415,91.66666666666669,0.8
837,837.0,0.7964355591650536,0.9395664223577594,0.0005696497258368173,0.28240606534384644,0.0,-0.9056152927120666,87.0,9.632183908045977,91.66666666666669,0.8
838,838.0,0.797662956199205,0.9417926374964837,0.0005741762824833395,0.28465043977741494,0.0,-0.9033412887828163,87.0,9.64367816091954,91.66666666666669,0.8
839,839.0,0.7988803476817466,0.9440918747410737,0.0005787786914339983,0.2869308203778813,0.0,-0.901072705601907,87.0,9.655172413793103,91.66666666666669,0.8
840,840.0,0.8000878100488765,0.9468002570316753,0.0005834596123189604,0.28924633691592583,1.0,-0.8988095238095237,87.0,9.666666666666666,91.66666666666669,0.8
841,841.0,0.7904732461888697,0.9249342166112858,0.0005483735348067857,0.27186197429655,0.0,-0.9183511692429644,88.0,9.568181818181818,91.66666666666669,0.8
842,842.0,0.7917436545533918,0.92776361560224,0.0005524834239582292,0.2738915427970583,0.0,-0.916072842438638,88.0,9.579545454545455,91.66666666666669,0.8
843,843.0,0.7930038088269716,0.9303669119949802,0.0005566621912897487,0.2759495505898413,0.0,-0.9137999209173584,88.0,9.590909090909092,91.66666666666669,0.8
844,844.0,0.7942537840476335,0.932709658255049,0.0005609117028249417,0.2780534711335428,0.0,-0.9115323854660344,88.0,9.602272727272727,91.66666666666669,0.8
845,845.0,0.7954936552384557,0.9351007270617547,0.0005652322841129136,0.280189902293622,0.0,-0.9092702169625244,88.0,9.613636363636363,91.66666666666669,0.8
846,846.0,0.7967234973886526,0.9374577944174237,0.0005696252918681602,0.2823662306210552,0.0,-0.9070133963750984,88.0,9.625,91.66666666666669,0.8
847,847.0,0.797943385435252,0.9401742870958256,0.0005740927451640274,0.28458173003035414,0.0,-0.9047619047619047,88.0,9.636363636363637,91.66666666666669,0.8
848,848.0,0.7991533942453565,0.9428113295057062,0.0005786351177977283,0.2868314780272111,0.0,-0.9025157232704402,88.0,9.647727272727273,91.66666666666669,0.8
849,849.0,0.8003535985989828,0.9449438532717748,0.0005832541830734818,0.28912033893941036,1.0,-0.9002748331370238,88.0,9.659090909090908,91.66666666666669,0.8
850,850.0,0.7907950506098037,0.9236037374194429,0.0005486362601590498,0.2719768170684908,0.0,-0.9196078431372547,89.0,9.561797752808989,91.66666666666669,0.8
851,851.0,0.792057425832197,0.9261005669233399,0.0005526957419757364,0.2739757612801818,0.0,-0.917352134743439,89.0,9.573033707865168,91.66666666666669,0.8
852,852.0,0.7933096789543509,0.9286693624417545,0.0005568229233375164,0.27600934732030874,0.0,-0.9151017214397494,89.0,9.584269662921349,91.66666666666669,0.8
853,853.0,0.7945518833682719,0.931143035398857,0.0005610189553628739,0.278081340980784,0.0,-0.9128565846033605,89.0,9.595505617977528,91.66666666666669,0.8
854,854.0,0.795784112455547,0.9336329012060006,0.0005652850680226694,0.28019222216218836,0.0,-0.9106167056986729,89.0,9.606741573033707,91.66666666666669,0.8
855,855.0,0.7970064395690988,0.935899347477882,0.0005696221646341695,0.28233715641678175,0.0,-0.908382066276803,89.0,9.617977528089888,91.66666666666669,0.8
856,856.0,0.7982189380155188,0.9385782134430243,0.0005740325129252982,0.28452297574642793,0.0,-0.9061526479750777,89.0,9.629213483146067,91.66666666666669,0.8
857,857.0,0.7994216810379386,0.9409832272761385,0.0005785163458728334,0.28674693351693636,0.0,-0.9039284325165302,89.0,9.640449438202246,91.66666666666669,0.8
858,858.0,0.8006147417994643,0.9433423422971136,0.0005830752084705208,0.28900462342344063,1.0,-0.9017094017094016,89.0,9.651685393258427,91.66666666666669,0.8
859,859.0,0.7911113471642117,0.922266207248058,0.0005489140680014675,0.27210189075484864,0.0,-0.9208381839348079,90.0,9.555555555555555,91.66666666666669,0.8
860,860.0,0.79236581856962,0.9247333705678108,0.000552924138040318,0.2740671378959463,0.0,-0.9186046511627908,90.0,9.566666666666666,91.66666666666669,0.8
861,861.0,0.7936102972341569,0.9271607807866156,0.0005570006241296542,0.27607924717230126,0.0,-0.9163763066202089,90.0,9.577777777777778,91.66666666666669,0.8
862,862.0,0.7948448549421456,0.9297514564928716,0.0005611447775945805,0.27811833579865397,0.0,-0.9141531322505798,90.0,9.588888888888889,91.66666666666669,0.8
863,863.0,0.7960695634720791,0.9321707832236235,0.0005653577016264776,0.2802033646344273,0.0,-0.9119351100811124,90.0,9.6,91.66666666666669,0.8
864,864.0,0.797284494579035,0.9347936002378474,0.0005696404653849336,0.2823214619911205,0.0,-0.9097222222222221,90.0,9.61111111111111,91.66666666666669,0.8
865,865.0,0.7984897199776061,0.9367551505647115,0.0005739940101616993,0.284476903038147,0.0,-0.9075144508670521,90.0,9.622222222222222,91.66666666666669,0.8
866,866.0,0.7996853113253745,0.9395664223577594,0.0005784213797601082,0.28667024199618246,0.0,-0.905311778290993,90.0,9.633333333333333,91.66666666666669,0.8
867,867.0,0.8008713402068923,0.941959572159398,0.0005829217721954852,0.28890097624664185,1.0,-0.9031141868512109,90.0,9.644444444444444,91.66666666666669,0.8
868,868.0,0.7914222564790111,0.9208452996356119,0.0005492063794262504,0.2722331686643399,0.0,-0.922043010752688,91.0,9.54945054945055,91.66666666666669,0.8
869,869.0,0.7926689503170129,0.9232444821197185,0.0005531680331184379,0.2741730297624702,0.0,-0.9198312236286919,91.0,9.56043956043956,91.66666666666669,0.8
870,870.0,0.7939057782080573,0.9257121684406449,0.0005571950513183066,0.2761535294244091,0.0,-0.9176245210727969,91.0,9.571428571428571,91.66666666666669,0.8
871,871.0,0.7951328103662916,0.9281512741138059,0.0005612884101352049,0.27817109602033857,0.0,-0.9154228855721391,91.0,9.582417582417582,91.66666666666669,0.8
872,872.0,0.7963501170046873,0.9308039842884297,0.0005654494383771199,0.2802232855017327,0.0,-0.9132262996941896,91.0,9.593406593406593,91.66666666666669,0.8
873,873.0,0.7975577683180466,0.9332768032895264,0.0005696790294139139,0.2823162643205085,0.0,-0.9110347460862924,91.0,9.604395604395604,91.66666666666669,0.8
874,874.0,0.7987558344665374,0.9355810988399746,0.0005739786229121256,0.28444115913249884,0.0,-0.9088482074752096,91.0,9.615384615384615,91.66666666666669,0.8
875,875.0,0.7999443855597183,0.9380564434856686,0.0005783493071663106,0.2866065838732867,0.0,-0.9066666666666665,91.0,9.626373626373626,91.66666666666669,0.8
876,876.0,0.8011234916410489,0.9404149058064358,0.0005827923641497472,0.288810116357676,1.0,-0.9044901065449009,91.0,9.637362637362637,91.66666666666669,0.8
877,877.0,0.7917278958848754,0.9196125662599878,0.0005495128102746226,0.2723671785153676,0.0,-0.9232231090839984,92.0,9.543478260869565,91.66666666666669,0.8
878,878.0,0.7929669354160991,0.922136459973853,0.0005534272410735637,0.27428864516878837,0.0,-0.9210326499620349,92.0,9.554347826086957,91.66666666666669,0.8
879,879.0,0.7941962332929718,0.9244687189290455,0.0005574058305327255,0.27623746415839456,0.0,-0.9188471748198708,92.0,9.565217391304348,91.66666666666669,0.8
880,880.0,0.7954158581961663,0.9270333687477484,0.0005614494957741869,0.27823190181460805,0.0,-0.9166666666666665,92.0,9.576086956521738,91.66666666666669,0.8
881,881.0,0.7966258788098505,0.9292974516048264,0.0005655596412821577,0.2802535944112236,0.0,-0.9144911085887248,92.0,9.58695652173913,91.66666666666669,0.8
882,882.0,0.7978263638052921,0.9314991573483121,0.0005697367770308592,0.2823193739723674,0.0,-0.9123204837490551,92.0,9.597826086956522,91.66666666666669,0.8
883,883.0,0.7990173818249409,0.9340631095547774,0.0005739832970295808,0.2844191563778113,0.0,-0.9101547753869383,92.0,9.608695652173912,91.66666666666669,0.8
884,884.0,0.8001990014669792,0.9365390201424494,0.0005782993575521313,0.2865541955635807,1.0,-0.9079939668174961,92.0,9.619565217391305,91.66666666666669,0.8
885,885.0,0.7907871869789717,0.9159601083870986,0.0005460263874687982,0.2706199846010606,0.0,-0.9265536723163839,93.0,9.526881720430108,91.66666666666669,0.8
886,886.0,0.7920283795182942,0.9183736682317337,0.0005498326866568196,0.2725038348872438,0.0,-0.9243792325056432,93.0,9.53763440860215,91.66666666666669,0.8
887,887.0,0.7932598850984527,0.9208452996356119,0.0005537008409425393,0.27441034861541236,0.0,-0.9222096956031567,93.0,9.548387096774194,91.66666666666669,0.8
888,888.0,0.7944817708780174,0.9232444821197185,0.0005576320143412972,0.2763351474080755,0.0,-0.9200450450450448,93.0,9.559139784946236,91.66666666666669,0.8
889,889.0,0.7956941040400679,0.9255509730629029,0.000561627263285863,0.27829660855673066,0.0,-0.917885264341957,93.0,9.56989247311828,91.66666666666669,0.8
890,890.0,0.7968969517758813,0.9277942477127721,0.0005656874300833837,0.280299230364122,0.0,-0.9157303370786516,93.0,9.580645161290322,91.66666666666669,0.8
891,891.0,0.7980903812690814,0.9303669119949802,0.0005698141959862264,0.282331447199836,0.0,-0.9135802469135801,93.0,9.591397849462366,91.66666666666669,0.8
892,892.0,0.7992744596802513,0.932709658255049,0.0005740081866844385,0.2844069316451058,0.0,-0.9114349775784751,93.0,9.602150537634408,91.66666666666669,0.8
893,893.0,0.8004492541319925,0.9351007270617547,0.0005782707448859268,0.28651336804813754,1.0,-0.9092945128779395,93.0,9.612903225806452,91.66666666666669,0.8
894,894.0,0.7910901632420582,0.9147864529215354,0.0005464034341176863,0.2707867544786409,0.0,-0.9276659209545115,94.0,9.52127659574468,91.66666666666669,0.8
895,895.0,0.7923238184203015,0.9171693414510258,0.000550165534397095,0.27264322294260607,0.0,-0.9255121042830539,94.0,9.53191489361702,91.66666666666669,0.8
896,896.0,0.7935479075817352,0.9193789834667304,0.0005539884571785552,0.2745341551375432,0.0,-0.9233630952380951,94.0,9.542553191489361,91.66666666666669,0.8
897,897.0,0.7947624964182781,0.9218869146360641,0.0005578732849896553,0.2764414249348136,0.0,-0.9212188777406167,94.0,9.553191489361701,91.66666666666669,0.8
898,898.0,0.7959676506505079,0.9242311543804639,0.0005618209939091706,0.2783741018092094,0.0,-0.9190794357832219,94.0,9.563829787234043,91.66666666666669,0.8
899,899.0,0.7971634360118965,0.926637786937381,0.00056583267686637,0.28035100858444323,0.0,-0.9169447534297368,94.0,9.574468085106384,91.66666666666669,0.8
900,900.0,0.7983499182334943,0.929133057282621,0.0005699092897935605,0.28235681574193017,0.0,-0.9148148148148147,94.0,9.585106382978724,91.66666666666669,0.8
901,901.0,0.7995271630290357,0.9312518157183007,0.0005740523639448712,0.28440290452364925,0.0,-0.9126896041435439,94.0,9.595744680851064,91.66666666666669,0.8
902,902.0,0.8006952360804767,0.9337072026210634,0.0005782627080326198,0.286485036402092,1.0,-0.9105691056910568,94.0,9.606382978723405,91.66666666666669,0.8
903,903.0,0.791388085673611,0.9135068527420461,0.0005467922163477868,0.2709596215063301,0.0,-0.9287559985234404,95.0,9.51578947368421,91.66666666666669,0.8
904,904.0,0.7926143206320092,0.9159601083870986,0.0005505109302864227,0.2727913954762525,0.0,-0.9266224188790559,95.0,9.526315789473685,91.66666666666669,0.8
905,905.0,0.7938311081627933,0.9181396063412108,0.0005542895726404896,0.2746608993774171,0.0,-0.9244935543278083,95.0,9.536842105263158,91.66666666666669,0.8
906,906.0,0.7950385125255153,0.9205789199332476,0.0005581289906355836,0.2765538862830001,0.0,-0.9223693892568063,95.0,9.547368421052632,91.66666666666669,0.8
907,907.0,0.7962365980125473,0.9230562010631177,0.0005620300992465619,0.27846393843857403,0.0,-0.9202499081220139,95.0,9.557894736842105,91.66666666666669,0.8
908,908.0,0.7974254289338494,0.9252378748694849,0.0005659942717682993,0.2804072133146028,0.0,-0.9181350954478706,95.0,9.56842105263158,91.66666666666669,0.8
909,909.0,0.798605069602145,0.92776361560224,0.0005700221863139104,0.2823946812221213,0.0,-0.9160249358269159,95.0,9.578947368421053,91.66666666666669,0.8
910,910.0,0.7997755843185124,0.9298367518941569,0.0005741152263760356,0.2844077073969287,0.0,-0.9139194139194138,95.0,9.589473684210526,91.66666666666669,0.8
911,911.0,0.8009370373583766,0.9322753419650768,0.0005782745179836196,0.2864655697344503,1.0,-0.911818514452982,95.0,9.6,91.66666666666669,0.8
912,912.0,0.7916810621331296,0.9123656774888088,0.0005471920997857313,0.2711387258212513,0.0,-0.9298245614035086,96.0,9.510416666666666,91.66666666666669,0.8
913,913.0,0.7928999912870333,0.9147864529215354,0.000550868383714257,0.27294838245608694,0.0,-0.9277108433734937,96.0,9.520833333333334,91.66666666666669,0.8
914,914.0,0.7941095893077258,0.9168649358961983,0.0005546036269792157,0.27479073826171224,0.0,-0.9256017505470457,96.0,9.53125,91.66666666666669,0.8
915,915.0,0.7953099190559073,0.9193019559399761,0.0005583986427890707,0.27666785855545495,0.0,-0.9234972677595628,96.0,9.541666666666666,91.66666666666669,0.8
916,916.0,0.796501043429265,0.9216948768554268,0.000562254333559077,0.2785613016447231,0.0,-0.9213973799126636,96.0,9.552083333333334,91.66666666666669,0.8
917,917.0,0.7976830253477402,0.9239394378117505,0.0005661718162451022,0.2804783521789539,0.0,-0.9193020719738276,96.0,9.5625,91.66666666666669,0.8
918,918.0,0.7988559277391848,0.9263425761388215,0.0005701521348677849,0.2824377532410812,0.0,-0.9172113289760349,96.0,9.572916666666666,91.66666666666669,0.8
919,919.0,0.8000198135253992,0.9286693624417545,0.0005741963307124655,0.2844281431181453,1.0,-0.9151251360174102,96.0,9.583333333333334,91.66666666666669,0.8
920,920.0,0.7907481839555747,0.908768189672793,0.0005440248618243245,0.26957203847532274,0.0,-0.9329710144927534,97.0,9.494845360824742,91.66666666666669,0.8
921,921.0,0.791969197586039,0.9112954648670706,0.0005476026539591341,0.2713233105872303,0.0,-0.9308722403184944,97.0,9.505154639175258,91.66666666666669,0.8
922,922.0,0.7931809327009168,0.9135068527420461,0.0005512376902256687,0.27311141027115826,0.0,-0.9287780187997108,97.0,9.515463917525773,91.66666666666669,0.8
923,923.0,0.7943834507390096,0.9157224314354322,0.0005549303482532141,0.2749296844163679,0.0,-0.9266883351390391,97.0,9.525773195876289,91.66666666666669,0.8
924,924.0,0.7955768131949176,0.9181396063412108,0.0005586817472293035,0.27678497207406577,0.0,-0.9246031746031744,97.0,9.536082474226804,91.66666666666669,0.8
925,925.0,0.7967610816043957,0.9205789199332476,0.0005624926926330108,0.2786648188841653,0.0,-0.9225225225225224,97.0,9.54639175257732,91.66666666666669,0.8
926,926.0,0.7979363175300864,0.9230562010631177,0.0005663639679352436,0.2805602787888918,0.0,-0.9204463642908567,97.0,9.556701030927835,91.66666666666669,0.8
927,927.0,0.7991025825476256,0.9249342166112858,0.0005702983294436947,0.2824864468428505,0.0,-0.9183746853649766,97.0,9.56701030927835,91.66666666666669,0.8
928,928.0,0.8002599382321215,0.9273358703852997,0.0005742947650000479,0.2844582225447576,1.0,-0.9163074712643675,97.0,9.577319587628866,91.66666666666669,0.8
929,929.0,0.7910387786231863,0.9076795502361794,0.0005444857559708717,0.2697857241497053,0.0,-0.9339791890922138,98.0,9.489795918367347,91.66666666666669,0.8
930,930.0,0.792252594192468,0.9098955129795637,0.0005480239537882849,0.2715171416983995,0.0,-0.9318996415770608,98.0,9.5,91.66666666666669,0.8
931,931.0,0.7934572444576493,0.9123656774888088,0.0005516180938472937,0.2732806724068229,0.0,-0.9298245614035086,98.0,9.510204081632653,91.66666666666669,0.8
932,932.0,0.7946527895197812,0.9147864529215354,0.0005552688540042745,0.275077257189362,0.0,-0.9277539341917023,98.0,9.520408163265307,91.66666666666669,0.8
933,933.0,0.7958392895393852,0.9168649358961983,0.000558977881127184,0.2769057778002202,0.0,-0.9256877456234369,98.0,9.53061224489796,91.66666666666669,0.8
934,934.0,0.7970168047222719,0.9191025004923677,0.0005627453340374891,0.27876944936840203,0.0,-0.9236259814418271,98.0,9.540816326530612,91.66666666666669,0.8
935,935.0,0.7981853953057343,0.9214394338594073,0.0005665725552986664,0.2806494426259262,0.0,-0.9215686274509802,98.0,9.551020408163266,91.66666666666669,0.8
936,936.0,0.79934512154508,0.9236037374194429,0.0005704603029471312,0.28255079000639083,0.0,-0.9195156695156694,98.0,9.561224489795919,91.66666666666669,0.8
937,937.0,0.800496043700525,0.9261005669233399,0.0005744099967408232,0.2844929780866822,1.0,-0.9174670935610103,98.0,9.571428571428571,91.66666666666669,0.8
938,938.0,0.791324625040167,0.9064789074243289,0.0005449558730024715,0.27000552654081256,0.0,-0.9349680170575692,99.0,9.484848484848484,91.66666666666669,0.8
939,939.0,0.7925313513931397,0.9088713021528237,0.0005484551656656141,0.27171639519363283,0.0,-0.9329073482428114,99.0,9.494949494949495,91.66666666666669,0.8
940,940.0,0.7937290234933443,0.9112954648670706,0.0005520092604985376,0.2734553908128787,0.0,-0.9308510638297871,99.0,9.505050505050505,91.66666666666669,0.8
941,941.0,0.7949177001353687,0.9135068527420461,0.0005556195299740006,0.2752308702965536,0.0,-0.928799149840595,99.0,9.515151515151516,91.66666666666669,0.8
942,942.0,0.7960974401769264,0.9157224314354322,0.0005592865493853354,0.2770359217685346,0.0,-0.9267515923566878,99.0,9.525252525252526,91.66666666666669,0.8
943,943.0,0.7972683025251319,0.9181396063412108,0.0005630110872126173,0.2788772929090351,0.0,-0.9247083775185576,99.0,9.535353535353535,91.66666666666669,0.8
944,944.0,0.7984303461231237,0.9201120662586214,0.0005667945980409932,0.2807440306069635,0.0,-0.9226694915254237,99.0,9.545454545454545,91.66666666666669,0.8
945,945.0,0.7995836299370058,0.922266207248058,0.000570637425832795,0.2826253673064972,0.0,-0.9206349206349205,99.0,9.555555555555555,91.66666666666669,0.8
946,946.0,0.8007282129431273,0.9247333705678108,0.0005745415689382863,0.28453556317339757,1.0,-0.9186046511627908,99.0,9.565656565656566,91.66666666666669,0.8
947,947.0,0.791605822499235,0.9054892319930273,0.000545435006115826,0.27022988436729156,0.0,-0.9359380499824004,100.0,9.48,91.66666666666669,0.8
948,948.0,0.7928055659924815,0.9076795502361794,0.000548896004371635,0.2719199825697712,0.0,-0.9338959212376934,100.0,9.49,91.66666666666669,0.8
949,949.0,0.7939963641772219,0.9101341830145513,0.0005524110954554589,0.27363941576147155,0.0,-0.9318580962416578,100.0,9.5,91.66666666666669,0.8
950,950.0,0.7951782745721503,0.9123656774888088,0.0005559812730071762,0.2753907018134127,0.0,-0.9298245614035086,100.0,9.51,91.66666666666669,0.8
951,951.0,0.7963513547627274,0.9143382666996858,0.0005596070760704126,0.2771744280624786,0.0,-0.9277953031896249,100.0,9.52,91.66666666666669,0.8
952,952.0,0.7975156623878858,0.9168039637348349,0.0005632901715387229,0.278989362942944,0.0,-0.9257703081232491,100.0,9.53,91.66666666666669,0.8
953,953.0,0.7986712551270599,0.9190470018837475,0.0005670307285849663,0.28083987143802447,0.0,-0.9237495627841901,100.0,9.54,91.66666666666669,0.8
954,954.0,0.799818190687522,0.9214012702052141,0.000570829861964076,0.2827065617228446,0.0,-0.9217330538085253,100.0,9.55,91.66666666666669,0.8
955,955.0,0.800956526792038,0.9236037374194429,0.0005746887893286314,0.2845926321736763,1.0,-0.919720767888307,100.0,9.56,91.66666666666669,0.8
956,956.0,0.791882467668481,0.9044539838838475,0.0005459227125413131,0.27046060240119246,0.0,-0.9368898186889818,101.0,9.475247524752476,91.66666666666669,0.8
957,957.0,0.7930753322390213,0.9066928154222074,0.0005493462675912654,0.27212953918413585,0.0,-0.9348659003831417,101.0,9.485148514851485,91.66666666666669,0.8
958,958.0,0.7942593583899241,0.9088944031753025,0.0005528230626665629,0.2738290041813856,0.0,-0.9328462073764787,101.0,9.495049504950495,91.66666666666669,0.8
959,959.0,0.7954346023938446,0.9112954648670706,0.0005563538478085175,0.27555595814124884,0.0,-0.9308307264511642,101.0,9.504950495049505,91.66666666666669,0.8
960,960.0,0.7966011205938337,0.9135068527420461,0.0005599397745845964,0.27731902954341336,0.0,-0.9288194444444444,101.0,9.514851485148515,91.66666666666669,0.8
961,961.0,0.7977589693904308,0.9157224314354322,0.0005635815565234269,0.27911111063393773,0.0,-0.9268123482483523,101.0,9.524752475247524,91.66666666666669,0.8
962,962.0,0.7989082052290932,0.9176985246550929,0.0005672799766120946,0.2809388679838631,0.0,-0.9248094248094247,101.0,9.534653465346535,91.66666666666669,0.8
963,963.0,0.8000488845878995,0.9201120662586214,0.0005710364013958573,0.2827925306274726,1.0,-0.9228106611284179,101.0,9.544554455445544,91.66666666666669,0.8
964,964.0,0.7909597789342625,0.9011405962466063,0.0005430835443438549,0.2690761606670331,0.0,-0.9398340248962653,102.0,9.46078431372549,91.66666666666669,0.8
965,965.0,0.7921546546711945,0.903465685720357,0.0005464187085878036,0.2706979042531331,0.0,-0.9378238341968912,102.0,9.470588235294118,91.66666666666669,0.8
966,966.0,0.7933407419031893,0.9055174693171661,0.0005498054759543072,0.27234395060275185,0.0,-0.9358178053830228,102.0,9.480392156862745,91.66666666666669,0.8
967,967.0,0.7945180955992892,0.9076795502361794,0.000553244548365568,0.2740228913559065,0.0,-0.9338159255429161,102.0,9.490196078431373,91.66666666666669,0.8
968,968.0,0.7956867708153003,0.9101341830145513,0.0005567371212698957,0.2757305983668747,0.0,-0.9318181818181817,102.0,9.5,91.66666666666669,0.8
969,969.0,0.7968468226809895,0.9123656774888088,0.0005602836349133491,0.2774698212247674,0.0,-0.9298245614035086,102.0,9.509803921568627,91.66666666666669,0.8
970,970.0,0.7979983063875875,0.9143382666996858,0.0005638850171808032,0.27924089588016987,0.0,-0.9278350515463916,102.0,9.519607843137255,91.66666666666669,0.8
971,971.0,0.7991412771755825,0.9168039637348349,0.0005675424739039535,0.2810426244910449,0.0,-0.9258496395468587,102.0,9.529411764705882,91.66666666666669,0.8
972,972.0,0.8002757903227816,0.9190114800735606,0.0005712565944576482,0.2828799745887892,1.0,-0.9238683127572014,102.0,9.53921568627451,91.66666666666669,0.8
973,973.0,0.7912343815878269,0.8999725804655889,0.000543622675876822,0.26933349453963396,0.0,-0.9407331277834874,103.0,9.45631067961165,91.66666666666669,0.8
974,974.0,0.7924224751631167,0.9022990953530347,0.0005469227969732452,0.27093607482160076,0.0,-0.938740588637919,103.0,9.466019417475728,91.66666666666669,0.8
975,975.0,0.7936018843525536,0.9045346854475286,0.0005502735285043986,0.27256432692763827,0.0,-0.9367521367521365,103.0,9.475728155339805,91.66666666666669,0.8
976,976.0,0.7947726629336601,0.9066928154222074,0.0005536757776631717,0.27422265924121925,0.0,-0.9347677595628414,103.0,9.485436893203884,91.66666666666669,0.8
977,977.0,0.7959348647738743,0.9090447904819483,0.0005571305027561607,0.27591085909651936,0.0,-0.9327874445581712,103.0,9.495145631067961,91.66666666666669,0.8
978,978.0,0.7970885438181307,0.9112954648670706,0.0005606383733829502,0.2776259942620744,0.0,-0.9308111792774367,103.0,9.504854368932039,91.66666666666669,0.8
979,979.0,0.7982337540767386,0.9135068527420461,0.0005642003689691122,0.2793768686183611,0.0,-0.9288389513108615,103.0,9.514563106796116,91.66666666666669,0.8
980,980.0,0.7993705496135215,0.9157224314354322,0.0005678173022996625,0.2811562171349255,0.0,-0.9268707482993195,103.0,9.524271844660195,91.66666666666669,0.8
981,981.0,0.8004989845342344,0.9176985246550929,0.0005714902903522595,0.28297061107232907,1.0,-0.9249065579340807,103.0,9.533980582524272,91.66666666666669,0.8
982,982.0,0.7915046079865329,0.899065680223107,0.0005441692552531742,0.2695950689633925,0.0,-0.9416157501697215,104.0,9.451923076923077,91.66666666666669,0.8
983,983.0,0.7926860184071846,0.9011405962466063,0.000547434320441332,0.27117998943171473,0.0,-0.9396405561207188,104.0,9.461538461538462,91.66666666666669,0.8
984,984.0,0.7938588466246495,0.903465685720357,0.0005507499210585372,0.2727917251977234,0.0,-0.9376693766937669,104.0,9.471153846153847,91.66666666666669,0.8
985,985.0,0.7950231452527857,0.9055174693171661,0.0005541157175236112,0.27442753663669434,0.0,-0.9357021996615904,104.0,9.48076923076923,91.66666666666669,0.8
986,986.0,0.7961789669984783,0.908036102423528,0.0005575336632629748,0.2760954456908345,0.0,-0.9337390128465177,104.0,9.490384615384615,91.66666666666669,0.8
987,987.0,0.7973263646496037,0.9101341830145513,0.0005610038186072968,0.27779161760566673,0.0,-0.9317798041202296,104.0,9.5,91.66666666666669,0.8
988,988.0,0.7984653910632483,0.9123656774888088,0.0005645270854967523,0.2795189916592441,0.0,-0.9298245614035086,104.0,9.509615384615385,91.66666666666669,0.8
989,989.0,0.799596099154197,0.9143382666996858,0.0005681044435535909,0.281277664476731,0.0,-0.9278732726659924,104.0,9.51923076923077,91.66666666666669,0.8
990,990.0,0.8007185418836671,0.9168039637348349,0.0005717366311934498,0.2830664446308996,1.0,-0.9259259259259258,104.0,9.528846153846153,91.66666666666669,0.8
991,991.0,0.7917705472843245,0.8980644475770806,0.0005447224981379805,0.269859823213056,0.0,-0.9424823410696264,105.0,9.447619047619048,91.66666666666669,0.8
992,992.0,0.7929453713458401,0.900546760712745,0.000547953793566881,0.27142769751094137,0.0,-0.940524193548387,105.0,9.457142857142857,91.66666666666669,0.8
993,993.0,0.7941117134974073,0.9025921974827434,0.0005512345551696329,0.27302050435802944,0.0,-0.9385699899295064,105.0,9.466666666666667,91.66666666666669,0.8
994,994.0,0.7952696252164181,0.9047618774143656,0.0005545651270695054,0.27463779888381534,0.0,-0.936619718309859,105.0,9.476190476190476,91.66666666666669,0.8
995,995.0,0.7964191580763668,0.9069428835468817,0.0005579464696069826,0.2762857445288965,0.0,-0.9346733668341707,105.0,9.485714285714286,91.66666666666669,0.8
996,996.0,0.7975603637351739,0.9090447904819483,0.0005613794281621537,0.27796294783638986,0.0,-0.9327309236947792,105.0,9.495238095238095,91.66666666666669,0.8
997,997.0,0.7986932939237383,0.9112954648670706,0.0005648647052943065,0.2796664537813504,0.0,-0.930792377131394,105.0,9.504761904761905,91.66666666666669,0.8
998,998.0,0.7998180004347496,0.9135068527420461,0.0005684031689676399,0.2814053232976399,0.0,-0.9288577154308615,105.0,9.514285714285714,91.66666666666669,0.8
999,999.0,0.8009345351117346,0.9153098304610785,0.0005719957053647303,0.28317214099955285,1.0,-0.9269269269269269,105.0,9.523809523809524,91.66666666666669,0.8
1000,1000.0,0.7920322863242906,0.8971157070061049,0.0005452824245647269,0.2701257633886388,0.0,-0.9433333333333331,106.0,9.443396226415095,91.66666666666669,0.8
1001,1001.0,0.793200618671005,0.8996260107095496,0.0005484802501018799,0.27167923571934455,0.0,-0.9413919413919412,106.0,9.452830188679245,91.66666666666669,0.8
1002,1002.0,0.7943605675573066,0.9015860042064395,0.000551727036343789,0.27325402241202396,0.0,-0.9394544244843646,106.0,9.462264150943396,91.66666666666669,0.8
1003,1003.0,0.7955121833506796,0.903680705781014,0.0005550227325004241,0.27485569344348726,0.0,-0.9375207710202724,106.0,9.471698113207546,91.66666666666669,0.8
1004,1004.0,0.7966555165177467,0.9055174693171661,0.0005583675791686757,0.2764815124985516,0.0,-0.9355909694555111,106.0,9.481132075471699,91.66666666666669,0.8
1005,1005.0,0.7977906176129164,0.908036102423528,0.0005617649369117695,0.2781386187314352,0.0,-0.9336650082918738,106.0,9.49056603773585,91.66666666666669,0.8
1006,1006.0,0.79891753726728,0.9101341830145513,0.0005652130187792717,0.27982343304157153,0.0,-0.931742876076872,106.0,9.5,91.66666666666669,0.8
1007,1007.0,0.8000363261777204,0.9123656774888088,0.0005687134438553653,0.2815391304307804,1.0,-0.9298245614035086,106.0,9.50943396226415,91.66666666666669,0.8
1008,1008.0,0.7911196405443508,0.8939084756273112,0.0005427301473643126,0.2688698246571616,0.0,-0.9460978835978835,107.0,9.429906542056075,91.66666666666669,0.8
1009,1009.0,0.7922899097081639,0.8965124872089882,0.0005458486487468818,0.2703933029597948,0.0,-0.9441691443673603,107.0,9.439252336448599,91.66666666666669,0.8
1010,1010.0,0.7934518428917727,0.8984235561197966,0.0005490141296101292,0.27193421224824044,0.0,-0.942244224422442,107.0,9.448598130841122,91.66666666666669,0.8
1011,1011.0,0.7946054892653049,0.900546760712745,0.0005522271110566624,0.2734927811849954,0.0,-0.9403231124299372,107.0,9.457943925233645,91.66666666666669,0.8
1012,1012.0,0.7957508981122613,0.9025921974827434,0.0005554884618628581,0.27507570625765954,0.0,-0.9384057971014492,107.0,9.467289719626168,91.66666666666669,0.8
1013,1013.0,0.7968881188182647,0.9048479719247259,0.0005587993227568222,0.27668213804594477,0.0,-0.9364922671931555,107.0,9.476635514018692,91.66666666666669,0.8
1014,1014.0,0.7980172008600378,0.9069428835468817,0.0005621600333570356,0.2783197745195015,0.0,-0.9345825115055884,107.0,9.485981308411215,91.66666666666669,0.8
1015,1015.0,0.7991381937945896,0.9090854947459294,0.0005655715590163621,0.27998618020831645,0.0,-0.9326765188834154,107.0,9.495327102803738,91.66666666666669,0.8
1016,1016.0,0.8002511472486372,0.9112954648670706,0.0005690346269557314,0.28167823872650116,1.0,-0.9307742782152229,107.0,9.504672897196262,91.66666666666669,0.8
1017,1017.0,0.7913796353027194,0.8932750246099863,0.0005433346545151769,0.26915476030885854,0.0,-0.9469026548672566,108.0,9.425925925925926,91.66666666666669,0.8
1018,1018.0,0.7925434998635646,0.8952195675281138,0.0005464211555634467,0.2706628699444171,0.0,-0.9449901768172886,108.0,9.435185185185185,91.66666666666669,0.8
1019,1019.0,0.793699124399915,0.8978641580578799,0.0005495537246987632,0.27219125361816593,0.0,-0.9430814524043178,108.0,9.444444444444445,91.66666666666669,0.8
1020,1020.0,0.7948465570206226,0.8996620064733908,0.0005527346020179119,0.27373442932259506,0.0,-0.9411764705882351,108.0,9.453703703703704,91.66666666666669,0.8
1021,1021.0,0.7959858459505141,0.901781118076726,0.0005559624667669963,0.27529921639936517,0.0,-0.9392752203721839,108.0,9.462962962962964,91.66666666666669,0.8
1022,1022.0,0.7971170395194753,0.9040548244360875,0.000559238606242834,0.2768907592856838,0.0,-0.9373776908023481,108.0,9.472222222222221,91.66666666666669,0.8
1023,1023.0,0.7982401861517171,0.9062735130817535,0.0005625638354166096,0.27850682552785744,0.0,-0.9354838709677418,108.0,9.481481481481481,91.66666666666669,0.8
1024,1024.0,0.7993553343552786,0.908036102423528,0.0005659400488897944,0.28015325543989045,0.0,-0.9335937499999998,108.0,9.49074074074074,91.66666666666669,0.8
1025,1025.0,0.8004625327117123,0.9101341830145513,0.0005693664705481965,0.2818269099654436,1.0,-0.9317073170731704,108.0,9.5,91.66666666666669,0.8
1026,1026.0,0.7916355868775821,0.8924888599587596,0.0005439440325481565,0.269441797917661,0.0,-0.9476933073424298,109.0,9.422018348623853,91.66666666666669,0.8
1027,1027.0,0.7927931371090697,0.8944539000737036,0.000546999894546695,0.27093480615334814,0.0,-0.9457968192145405,109.0,9.431192660550458,91.66666666666669,0.8
1028,1028.0,0.7939425415332578,0.8965124872089882,0.0005501013124122534,0.27244928569086596,0.0,-0.9439040207522695,109.0,9.440366972477063,91.66666666666669,0.8
1029,1029.0,0.795083847222464,0.8987430736849973,0.0005532492020818063,0.27397953795712926,0.0,-0.9420149011985743,109.0,9.44954128440367,91.66666666666669,0.8
1030,1030.0,0.7962171013675549,0.9006785118695687,0.0005564439198910991,0.2755291590597151,0.0,-0.9401294498381876,109.0,9.458715596330276,91.66666666666669,0.8
1031,1031.0,0.7973423512673146,0.9025921974827434,0.0005596859427164162,0.27710259147517513,0.0,-0.9382476559974136,109.0,9.46788990825688,91.66666666666669,0.8
1032,1032.0,0.7984596443180249,0.9050728792170125,0.0005629777910952464,0.27869849596303553,0.0,-0.9363695090439275,109.0,9.477064220183486,91.66666666666669,0.8
1033,1033.0,0.799569028003231,0.907139877732833,0.0005663182043223546,0.28032572926894916,0.0,-0.934494998386576,109.0,9.486238532110091,91.66666666666669,0.8
1034,1034.0,0.8006705498837179,0.9091946241945732,0.000569708638869013,0.28198137889489994,1.0,-0.9326241134751772,109.0,9.495412844036696,91.66666666666669,0.8
1035,1035.0,0.7918875755103288,0.8913718309562261,0.0005445585501825261,0.2697317064833623,0.0,-0.9484702093397743,110.0,9.418181818181818,91.66666666666669,0.8
1036,1036.0,0.7930388997171801,0.8936300960548615,0.0005475842079523366,0.2712098865486319,0.0,-0.9465894465894464,110.0,9.427272727272728,91.66666666666669,0.8
1037,1037.0,0.7941821706369941,0.8957902374641665,0.0005506545974814481,0.27270934073246145,0.0,-0.9447123111539697,110.0,9.436363636363636,91.66666666666669,0.8
1038,1038.0,0.7953174343297232,0.8978641580578799,0.0005537706872207284,0.2742279745931685,0.0,-0.942838792549775,110.0,9.445454545454545,91.66666666666669,0.8
1039,1039.0,0.7964447369763766,0.8998827261968658,0.0005569331474633559,0.275761331652945,0.0,-0.940968880333654,110.0,9.454545454545455,91.66666666666669,0.8
1040,1040.0,0.7975641248686867,0.902060978116686,0.0005601425716095358,0.2773164961164641,0.0,-0.9391025641025639,110.0,9.463636363636363,91.66666666666669,0.8
1041,1041.0,0.7986756443989724,0.9040548244360875,0.0005633999264697549,0.2788978323742648,0.0,-0.9372398334934355,110.0,9.472727272727273,91.66666666666669,0.8
1042,1042.0,0.799779342050177,0.9062735130817535,0.0005667055098187428,0.2805043471938201,0.0,-0.9353806781829814,110.0,9.481818181818182,91.66666666666669,0.8
1043,1043.0,0.8008752643860934,0.9082302025641658,0.0005700607740853345,0.2821402480249807,1.0,-0.9335250878875039,110.0,9.49090909090909,91.66666666666669,0.8
1044,1044.0,0.7921356794042267,0.8906812995896336,0.000545178496803002,0.27002186099256203,0.0,-0.9492337164750955,111.0,9.414414414414415,91.66666666666669,0.8
1045,1045.0,0.7932808639752441,0.8927310650736491,0.0005481740782898144,0.27148716016379365,0.0,-0.9473684210526316,111.0,9.423423423423424,91.66666666666669,0.8
1046,1046.0,0.7944180861230323,0.8947720431622572,0.0005512139674983666,0.27297169239262825,0.0,-0.9455066921606117,111.0,9.432432432432432,91.66666666666669,0.8
1047,1047.0,0.7955473909187557,0.8971157070061049,0.0005542985745224711,0.2744770588973471,0.0,-0.9436485195797515,111.0,9.441441441441441,91.66666666666669,0.8
1048,1048.0,0.7966688235570941,0.899003778280799,0.0005574294753642856,0.2759974590227457,0.0,-0.9417938931297707,111.0,9.45045045045045,91.66666666666669,0.8
1049,1049.0,0.7977824293461907,0.9011248749042531,0.0005606063665673538,0.27753752714010826,0.0,-0.9399428026692085,111.0,9.45945945945946,91.66666666666669,0.8
1050,1050.0,0.7988882536977854,0.903465685720357,0.0005638293600660107,0.27910169903134696,0.0,-0.9380952380952381,111.0,9.468468468468469,91.66666666666669,0.8
1051,1051.0,0.7999863421175066,0.9050728792170125,0.000567102279222802,0.2806875059610715,0.0,-0.9362511893434824,111.0,9.477477477477477,91.66666666666669,0.8
1052,1052.0,0.8010767401953505,0.907139877732833,0.0005704226583223105,0.28230431537173734,1.0,-0.9344106463878326,111.0,9.486486486486486,91.66666666666669,0.8
1053,1053.0,0.7923799747849444,0.8898363449160843,0.0005458031382440786,0.2703141406348356,0.0,-0.9499841722063942,112.0,9.410714285714286,91.66666666666669,0.8
1054,1054.0,0.7935191042444194,0.8918487416465751,0.0005487693441847382,0.27176761943388367,0.0,-0.9481340923466159,112.0,9.419642857142858,91.66666666666669,0.8
1055,1055.0,0.794650360527399,0.8939084756273112,0.0005517792711759809,0.27323714381176756,0.0,-0.9462875197472354,112.0,9.428571428571429,91.66666666666669,0.8
1056,1056.0,0.7957737877392755,0.8959983790880385,0.00055483356239529,0.274728210414632,0.0,-0.9444444444444444,112.0,9.4375,91.66666666666669,0.8
1057,1057.0,0.7968894301113544,0.8980644475770806,0.0005579328485026104,0.2762369654390161,0.0,-0.9426048565121412,112.0,9.446428571428571,91.66666666666669,0.8
1058,1058.0,0.7979973319910799,0.8999725804655889,0.000561077691185542,0.2777605627546637,0.0,-0.9407687460617515,112.0,9.455357142857142,91.66666666666669,0.8
1059,1059.0,0.7990975378324174,0.902060978116686,0.0005642691436015562,0.2793066912102289,0.0,-0.938936103242052,112.0,9.464285714285714,91.66666666666669,0.8
1060,1060.0,0.8001900921863969,0.9042559027713313,0.0005675076201039573,0.28087780131717427,1.0,-0.9371069182389937,112.0,9.473214285714286,91.66666666666669,0.8
1061,1061.0,0.7914795503689158,0.8871782556805353,0.000543537326022742,0.26919372692358834,0.0,-0.9525604775369148,113.0,9.398230088495575,91.66666666666669,0.8
1062,1062.0,0.7926205359591381,0.8889952555737379,0.0005464325110758792,0.2706085934966744,0.0,-0.9507219083490268,113.0,9.4070796460177,91.66666666666669,0.8
1063,1063.0,0.7937536930167202,0.8908766068102342,0.0005493695996428767,0.27204886400883305,0.0,-0.9488867983693947,113.0,9.415929203539823,91.66666666666669,0.8
1064,1064.0,0.7948790645657962,0.8932750246099863,0.0005523501502614065,0.2735052958613447,0.0,-0.9470551378446115,113.0,9.424778761061948,91.66666666666669,0.8
1065,1065.0,0.7959966937684381,0.8952195675281138,0.0005553744571511639,0.27498131187395747,0.0,-0.9452269170579028,113.0,9.43362831858407,91.66666666666669,0.8
1066,1066.0,0.797106623914981,0.8971157070061049,0.0005584429886766064,0.2764775388785487,0.0,-0.9434021263289556,113.0,9.442477876106194,91.66666666666669,0.8
1067,1067.0,0.7982088984144932,0.899065680223107,0.000561556432820011,0.2779880850289168,0.0,-0.9415807560137455,113.0,9.451327433628318,91.66666666666669,0.8
1068,1068.0,0.7993035607854085,0.9011405962466063,0.0005647157996683881,0.27951861445252696,0.0,-0.9397627965043693,113.0,9.460176991150442,91.66666666666669,0.8
1069,1069.0,0.8003906546463128,0.903465685720357,0.0005679211636017784,0.28107376052883426,1.0,-0.9379482382288744,113.0,9.469026548672566,91.66666666666669,0.8
1070,1070.0,0.7917224282893649,0.8862748204505414,0.0005441992882447075,0.2695063029304095,0.0,-0.9532710280373831,114.0,9.394736842105264,91.66666666666669,0.8
1071,1071.0,0.7928574353711386,0.8884364581401853,0.0005470661717785757,0.27090718951204157,0.0,-0.9514472455648924,114.0,9.403508771929825,91.66666666666669,0.8
1072,1072.0,0.7939847009702328,0.8902165572899478,0.0005499754748892118,0.2723314998406378,0.0,-0.9496268656716418,114.0,9.412280701754385,91.66666666666669,0.8
1073,1073.0,0.7951042671873547,0.892240702089542,0.0005529269344516362,0.27377590750001396,0.0,-0.9478098788443616,114.0,9.421052631578947,91.66666666666669,0.8
1074,1074.0,0.7962161762631775,0.8944539000737036,0.0005559212990797523,0.2752375735789218,0.0,-0.945996275605214,114.0,9.429824561403509,91.66666666666669,0.8
1075,1075.0,0.7973204705689098,0.8965124872089882,0.0005589594607005791,0.2767200715181127,0.0,-0.9441860465116276,114.0,9.43859649122807,91.66666666666669,0.8
1076,1076.0,0.7984171925970214,0.8984235561197966,0.0005620423773195277,0.2782190598281009,0.0,-0.9423791821561336,114.0,9.447368421052632,91.66666666666669,0.8
1077,1077.0,0.7995063849521111,0.900546760712745,0.0005651698157040706,0.27973320860463197,0.0,-0.9405756731662023,114.0,9.456140350877194,91.66666666666669,0.8
1078,1078.0,0.8005880903419182,0.9022990953530347,0.0005683436756319599,0.28127045456192057,1.0,-0.9387755102040816,114.0,9.464912280701755,91.66666666666669,0.8
1079,1079.0,0.7919616343337835,0.8852378094174176,0.0005448647942118241,0.26982011328614586,0.0,-0.9539697250540624,115.0,9.391304347826088,91.66666666666669,0.8
1080,1080.0,0.7930907436578208,0.8871782556805353,0.000547704386471842,0.27120795625348854,0.0,-0.9521604938271604,115.0,9.4,91.66666666666669,0.8
1081,1081.0,0.7942121970225435,0.8894621874326617,0.0005505859723955006,0.27261660149512207,0.0,-0.9503546099290778,115.0,9.408695652173913,91.66666666666669,0.8
1082,1082.0,0.7953260356266675,0.8913718309562261,0.0005535088854582013,0.2740489535269566,0.0,-0.948552064078866,115.0,9.417391304347825,91.66666666666669,0.8
1083,1083.0,0.796432300810844,0.8934549604860098,0.000556474377758621,0.27549662000496683,0.0,-0.9467528470298552,115.0,9.42608695652174,91.66666666666669,0.8
1084,1084.0,0.797531034048474,0.8952195675281138,0.0005594825392918388,0.2769647228773923,0.0,-0.9449569495694956,115.0,9.434782608695652,91.66666666666669,0.8
1085,1085.0,0.7986222769366694,0.8971157070061049,0.0005625344432226209,0.27845169754495963,0.0,-0.943164362519201,115.0,9.443478260869565,91.66666666666669,0.8
1086,1086.0,0.7997060711873494,0.8996260107095496,0.0005656317247062546,0.279952281813532,0.0,-0.9413750767341924,115.0,9.452173913043477,91.66666666666669,0.8
1087,1087.0,0.8007824586184668,0.9015860042064395,0.0005687736195566966,0.28147323670319346,1.0,-0.9395890831033424,115.0,9.460869565217392,91.66666666666669,0.8
1088,1088.0,0.7921972390942515,0.8846772966089342,0.0005455346157450502,0.2701338451951084,0.0,-0.9546568627450978,116.0,9.387931034482758,91.66666666666669,0.8
1089,1089.0,0.7933205297017046,0.8866160551240365,0.0005483475571403763,0.2715109907477472,0.0,-0.9528619528619526,116.0,9.39655172413793,91.66666666666669,0.8
1090,1090.0,0.7944362483824482,0.8886656826119126,0.0005512012069806963,0.2729045315146341,0.0,-0.9510703363914372,116.0,9.405172413793103,91.66666666666669,0.8
1091,1091.0,0.7955444354541202,0.8906812995896336,0.0005540961224389904,0.27432254553023827,0.0,-0.949282004277421,116.0,9.413793103448276,91.66666666666669,0.8
1092,1092.0,0.7966451313782104,0.8927310650736491,0.0005570328724378136,0.27575802656930665,0.0,-0.9474969474969472,116.0,9.422413793103448,91.66666666666669,0.8
1093,1093.0,0.7977383767511039,0.8944539000737036,0.0005600121235776192,0.2772118128402767,0.0,-0.9457151570600792,116.0,9.431034482758621,91.66666666666669,0.8
1094,1094.0,0.7988242122952691,0.8965124872089882,0.0005630347491776992,0.27868576234833636,0.0,-0.94393662400975,116.0,9.439655172413794,91.66666666666669,0.8
1095,1095.0,0.7999026788505715,0.8986288293643651,0.0005661010231081835,0.2801747401357226,0.0,-0.9421613394216133,116.0,9.448275862068966,91.66666666666669,0.8
1096,1096.0,0.8009738173657203,0.900546760712745,0.0005692117698000301,0.28168049057096267,1.0,-0.9403892944038927,116.0,9.456896551724139,91.66666666666669,0.8
1097,1097.0,0.7924293114147046,0.8837864889335258,0.0005462077878992562,0.27044842382289297,0.0,-0.9553327256153143,117.0,9.384615384615385,91.66666666666669,0.8
1098,1098.0,0.7935468606823439,0.8858786124989692,0.0005489944019896835,0.27181537017387364,0.0,-0.9535519125683058,117.0,9.393162393162394,91.66666666666669,0.8
1099,1099.0,0.7946569205999903,0.8877983614502437,0.000551821003697195,0.27319605360065397,0.0,-0.9517743403093721,117.0,9.401709401709402,91.66666666666669,0.8
1100,1100.0,0.7957595306246162,0.8898363449160843,0.0005546883953115995,0.274598403530772,0.0,-0.95,117.0,9.41025641025641,91.66666666666669,0.8
1101,1101.0,0.7968547303588918,0.8918487416465751,0.0005575970584896999,0.27602270417368624,0.0,-0.9482288828337873,117.0,9.418803418803419,91.66666666666669,0.8
1102,1102.0,0.7979425595424693,0.893654596460045,0.0005605475559286536,0.27746212382628366,0.0,-0.9464609800362975,117.0,9.427350427350428,91.66666666666669,0.8
1103,1103.0,0.7990230580433749,0.8957902374641665,0.0005635407949675877,0.27892196184941054,0.0,-0.9446962828649137,117.0,9.435897435897436,91.66666666666669,0.8
1104,1104.0,0.8000962658495406,0.8978641580578799,0.0005665769129280197,0.28039990446545127,1.0,-0.9429347826086956,117.0,9.444444444444445,91.66666666666669,0.8
1105,1105.0,0.7915385881026394,0.8811890977214174,0.0005441633152126333,0.26942723269210517,0.0,-0.9577677224736045,118.0,9.372881355932204,91.66666666666669,0.8
1106,1106.0,0.7926579184420187,0.8833550567243686,0.0005468845075460827,0.27076442615710467,0.0,-0.9559975889089811,118.0,9.38135593220339,91.66666666666669,0.8
1107,1107.0,0.7937698021260738,0.8851773526817543,0.0005496452370053802,0.27212107806534847,0.0,-0.9542306534176452,118.0,9.389830508474576,91.66666666666669,0.8
1108,1108.0,0.7948742776149033,0.8871782556805353,0.000552445265918621,0.27348949787485916,0.0,-0.9524669073405534,118.0,9.398305084745763,91.66666666666669,0.8
1109,1109.0,0.7959713835247236,0.8889952555737379,0.0005552855249452337,0.2748764821251382,0.0,-0.9507063420498947,118.0,9.40677966101695,91.66666666666669,0.8
1110,1110.0,0.7970611586192398,0.8908766068102342,0.0005581664003377987,0.2762880278971111,0.0,-0.9489489489489487,118.0,9.415254237288135,91.66666666666669,0.8
1111,1111.0,0.7981436418011455,0.8929501369713603,0.0005610888700162314,0.27771492570897793,0.0,-0.9471947194719472,118.0,9.423728813559322,91.66666666666669,0.8
1112,1112.0,0.7992188721037281,0.8949283256021683,0.0005640531553263716,0.2791604907353004,0.0,-0.9454436450839327,118.0,9.432203389830509,91.66666666666669,0.8
1113,1113.0,0.8002868886826,0.8971157070061049,0.0005670594592836842,0.2806259060623802,1.0,-0.9436957172806228,118.0,9.440677966101696,91.66666666666669,0.8
1114,1114.0,0.791769467330129,0.8804691460514076,0.000544868751970474,0.26975795133718794,0.0,-0.9584081388390184,119.0,9.369747899159664,91.66666666666669,0.8
1115,1115.0,0.7928831256754506,0.8823149560945107,0.0005475649990292865,0.2710826796872717,0.0,-0.9566517189835573,119.0,9.378151260504202,91.66666666666669,0.8
1116,1116.0,0.7939894179541512,0.884466865551538,0.0005502999424642852,0.272426821485996,0.0,-0.9548984468339305,119.0,9.38655462184874,91.66666666666669,0.8
1117,1117.0,0.7950883818034802,0.8862748204505414,0.000553073878722795,0.27378540416720915,0.0,-0.9531483139361383,119.0,9.394957983193278,91.66666666666669,0.8
1118,1118.0,0.7961800550183146,0.8884364581401853,0.000555887264904911,0.2751587948175624,0.0,-0.9514013118664282,119.0,9.403361344537815,91.66666666666669,0.8
1119,1119.0,0.7972644755427576,0.8902165572899478,0.0005587411988463983,0.2765549375998307,0.0,-0.9496574322311588,119.0,9.411764705882353,91.66666666666669,0.8
1120,1120.0,0.7983416814618354,0.892240702089542,0.0005616356702960971,0.2779707465640094,0.0,-0.9479166666666665,119.0,9.420168067226891,91.66666666666669,0.8
1121,1121.0,0.799411710993308,0.8939084756273112,0.0005645713681870971,0.27940232248256336,0.0,-0.9461790068391316,119.0,9.428571428571429,91.66666666666669,0.8
1122,1122.0,0.8004746024795937,0.8959983790880385,0.0005675495152798533,0.2808542141243984,1.0,-0.9444444444444444,119.0,9.436974789915967,91.66666666666669,0.8
1123,1123.0,0.7919969366459285,0.8797965308798138,0.0005455771609182127,0.270090469478311,0.0,-0.9590382902938555,120.0,9.366666666666667,91.66666666666669,0.8
1124,1124.0,0.7931049970144906,0.8816979347241741,0.0005482488236279466,0.2714026190767179,0.0,-0.9572953736654803,120.0,9.375,91.66666666666669,0.8
1125,1125.0,0.7942057705293643,0.8837864889335258,0.000550958360464911,0.2727336778197429,0.0,-0.9555555555555555,120.0,9.383333333333333,91.66666666666669,0.8
1126,1126.0,0.7952992940239464,0.8858175431333638,0.0005537062760889242,0.2740826711972156,0.0,-0.9538188277087032,120.0,9.391666666666667,91.66666666666669,0.8
1127,1127.0,0.7963856044907266,0.8877002222594886,0.0005564937034042031,0.27544343492593776,0.0,-0.9520851818988463,120.0,9.4,91.66666666666669,0.8
1128,1128.0,0.7974647390730871,0.8894621874326617,0.0005593208975502508,0.27682442811987784,0.0,-0.9503546099290778,120.0,9.408333333333333,91.66666666666669,0.8
1129,1129.0,0.7985367350571984,0.8913718309562261,0.0005621880698155348,0.27822834139214897,0.0,-0.9486271036315321,120.0,9.416666666666666,91.66666666666669,0.8
1130,1130.0,0.799601629864031,0.8932750246099863,0.0005650960533317387,0.2796470434046308,0.0,-0.9469026548672566,120.0,9.425,91.66666666666669,0.8
1131,1131.0,0.800659461041451,0.8952195675281138,0.0005680454416761435,0.2810846203470429,1.0,-0.945181255526083,120.0,9.433333333333334,91.66666666666669,0.8
1132,1132.0,0.7922210599244717,0.8790419174533867,0.0005462884145187248,0.27042516906998987,0.0,-0.9596584216725557,121.0,9.363636363636363,91.66666666666669,0.8
1133,1133.0,0.7933235948051972,0.8811890977214174,0.0005489355650875218,0.27172355841365564,0.0,-0.9579288025889965,121.0,9.37190082644628,91.66666666666669,0.8
1134,1134.0,0.7944189207011407,0.8828859614035872,0.0005516206034129029,0.27304240184338524,0.0,-0.9562022339800116,121.0,9.380165289256198,91.66666666666669,0.8
1135,1135.0,0.7955070736603875,0.8849973189451059,0.0005543433372212982,0.27438029489317844,0.0,-0.9544787077826724,121.0,9.388429752066116,91.66666666666669,0.8
1136,1136.0,0.7965880898915201,0.8866160551240365,0.0005571047339202165,0.27573028803708066,0.0,-0.952758215962441,121.0,9.396694214876034,91.66666666666669,0.8
1137,1137.0,0.7976620057556182,0.8886656826119126,0.000559905486965766,0.27709678759536005,0.0,-0.951040750513046,121.0,9.40495867768595,91.66666666666669,0.8
1138,1138.0,0.798728857758344,0.8906812995896336,0.0005627456710629493,0.2784869148628162,0.0,-0.9493263034563559,121.0,9.413223140495868,91.66666666666669,0.8
1139,1139.0,0.7997886825421393,0.8924888599587596,0.000565626253234785,0.2798939026418704,0.0,-0.947614866842259,121.0,9.421487603305785,91.66666666666669,0.8
1140,1140.0,0.800841516878507,0.8944539000737036,0.0005685475797495406,0.2813180840820628,1.0,-0.9459064327485378,121.0,9.429752066115702,91.66666666666669,0.8
1141,1141.0,0.7924418994918646,0.8784895599645735,0.0005470024454513779,0.2707611925064263,0.0,-0.9602687700847208,122.0,9.360655737704919,91.66666666666669,0.8
1142,1142.0,0.7935389798850416,0.8803064754887161,0.000549625889272018,0.272046849414658,0.0,-0.9585522475189723,122.0,9.368852459016393,91.66666666666669,0.8
1143,1143.0,0.7946289278492165,0.8822079419783424,0.0005522862926222097,0.2733530500369628,0.0,-0.9568387284922717,122.0,9.37704918032787,91.66666666666669,0.8
1144,1144.0,0.7957117786652554,0.8841648526886349,0.0005549842217263773,0.2746784075361327,0.0,-0.9551282051282048,122.0,9.385245901639344,91.66666666666669,0.8
1145,1145.0,0.7967875677758576,0.8860032559268654,0.0005577202137513404,0.27601899902456223,0.0,-0.9534206695778746,122.0,9.39344262295082,91.66666666666669,0.8
1146,1146.0,0.7978563307777599,0.8877983614502437,0.0005604946791316725,0.27737282019514414,0.0,-0.9517161140197787,122.0,9.401639344262295,91.66666666666669,0.8
1147,1147.0,0.7989181034140093,0.8898363449160843,0.0005633085794289757,0.2787478598327699,0.0,-0.9500145306596919,122.0,9.40983606557377,91.66666666666669,0.8
1148,1148.0,0.7999729215663309,0.8917676145844299,0.0005661620372846158,0.28014421249948884,0.0,-0.9483159117305457,122.0,9.418032786885245,91.66666666666669,0.8
1149,1149.0,0.8010208212475906,0.8936300960548615,0.0005690558281525858,0.2815547286250771,1.0,-0.9466202494923119,122.0,9.426229508196721,91.66666666666669,0.8
1150,1150.0,0.7926595161704705,0.8776295304762528,0.0005477191002170238,0.27109736347506824,0.0,-0.9608695652173913,123.0,9.357723577235772,91.66666666666669,0.8
1151,1151.0,0.7937512116263225,0.8796406496137397,0.0005503190404140484,0.2723716574329652,0.0,-0.9591659426585577,123.0,9.365853658536585,91.66666666666669,0.8
1152,1152.0,0.794835849925917,0.8815318452703687,0.0005529553856096193,0.2736655311165977,0.0,-0.9574652777777775,123.0,9.373983739837398,91.66666666666669,0.8
1153,1153.0,0.7959134656005279,0.8833550567243686,0.0005556287291265727,0.2749781496462408,0.0,-0.9557675628794449,123.0,9.382113821138212,91.66666666666669,0.8
1154,1154.0,0.7969840933445602,0.8852378094174176,0.0005583396716171483,0.2763091581388953,0.0,-0.9540727902946273,123.0,9.390243902439025,91.66666666666669,0.8
1155,1155.0,0.798047768007927,0.8871782556805353,0.0005610887553360698,0.27765086142617634,0.0,-0.9523809523809521,123.0,9.398373983739837,91.66666666666669,0.8
1156,1156.0,0.799104524588502,0.8889952555737379,0.0005638763954452293,0.27901103571981384,0.0,-0.9506920415224913,123.0,9.40650406504065,91.66666666666669,0.8
1157,1157.0,0.8001543982246657,0.8908766068102342,0.0005667032798690132,0.2803949860264976,1.0,-0.9490060501296456,123.0,9.414634146341463,91.66666666666669,0.8
1158,1158.0,0.791780573901639,0.8752171979502964,0.0005458974770558799,0.270179818769567,0.0,-0.9631548647092687,124.0,9.346774193548388,91.66666666666669,0.8
1159,1159.0,0.7928739693220673,0.8770924554242663,0.0005484385321682986,0.271433768959209,0.0,-0.9614610296232382,124.0,9.35483870967742,91.66666666666669,0.8
1160,1160.0,0.7939603479782128,0.8789114824450923,0.0005510151044017642,0.2726985535619296,0.0,-0.9597701149425286,124.0,9.362903225806452,91.66666666666669,0.8
1161,1161.0,0.7950397434970764,0.8807170893861391,0.0005536276421383997,0.2739789174804168,0.0,-0.9580821131208725,124.0,9.370967741935484,91.66666666666669,0.8
1162,1162.0,0.7961121896775502,0.8826406448701326,0.0005562769365383409,0.2752797800381711,0.0,-0.9563970166379803,124.0,9.379032258064516,91.66666666666669,0.8
1163,1163.0,0.7971777204828953,0.8846085256255902,0.000558963275262939,0.2765992474270102,0.0,-0.9547148179994267,124.0,9.387096774193548,91.66666666666669,0.8
1164,1164.0,0.7982363700332789,0.8865377318805329,0.0005616871139703338,0.2779315487541207,0.0,-0.9530355097365404,124.0,9.39516129032258,91.66666666666669,0.8
1165,1165.0,0.7992881725984192,0.8884364581401853,0.000564449078361036,0.2792785000348162,0.0,-0.9513590844062945,124.0,9.403225806451612,91.66666666666669,0.8
1166,1166.0,0.8003331625902812,0.8902165572899478,0.0005672498619726757,0.2806476074324253,1.0,-0.9496855345911948,124.0,9.411290322580646,91.66666666666669,0.8
1167,1167.0,0.7919972450178796,0.874598074039066,0.0005466417205832751,0.2705282261449369,0.0,-0.9637246500999712,125.0,9.344,91.66666666666669,0.8
1168,1168.0,0.7930853168896551,0.8763953318648997,0.0005491603353850091,0.27176998640417277,0.0,-0.9620433789954337,125.0,9.352,91.66666666666669,0.8
1169,1169.0,0.7941664455074492,0.8782468002464816,0.0005517140459848033,0.2730267261295875,0.0,-0.9603649843170801,125.0,9.36,91.66666666666669,0.8
1170,1170.0,0.7952406637816685,0.8801775142111868,0.000554303391966503,0.27429511123026606,0.0,-0.9586894586894585,125.0,9.368,91.66666666666669,0.8
1171,1171.0,0.7963080047956105,0.8820982441368976,0.0005569287602721531,0.27558340302153195,0.0,-0.9570167947623112,125.0,9.376,91.66666666666669,0.8
1172,1172.0,0.7973685017981089,0.8837864889335258,0.0005595906985595756,0.2768905501999277,0.0,-0.9553469852104663,125.0,9.384,91.66666666666669,0.8
1173,1173.0,0.7984221881962552,0.8858175431333638,0.0005622898581802317,0.2782135597848882,0.0,-0.953680022733731,125.0,9.392,91.66666666666669,0.8
1174,1174.0,0.799469097548194,0.8877002222594886,0.0005650265571892172,0.27954846841273584,0.0,-0.9520159000567858,125.0,9.4,91.66666666666669,0.8
1175,1175.0,0.8005092635559846,0.8894621874326617,0.0005678015572887806,0.2809028915975857,1.0,-0.9503546099290778,125.0,9.408,91.66666666666669,0.8
1176,1176.0,0.7922108004804562,0.8739303815796776,0.0005473880606552403,0.27087593021969075,0.0,-0.964285714285714,126.0,9.341269841269842,91.66666666666669,0.8
1177,1177.0,0.7932936154379145,0.8758056493042304,0.0005498845973540908,0.27210671573832784,0.0,-0.9626168224299063,126.0,9.34920634920635,91.66666666666669,0.8
1178,1178.0,0.7943695594377411,0.8776295304762528,0.0005524157769873956,0.2733550596432043,0.0,-0.9609507640067909,126.0,9.357142857142858,91.66666666666669,0.8
1179,1179.0,0.795438664690175,0.8795309910206804,0.0005549821038639831,0.2746126669991767,0.0,-0.9592875318066156,126.0,9.365079365079366,91.66666666666669,0.8
1180,1180.0,0.7965009635792818,0.8811890977214174,0.0005575838289970362,0.27588863094720606,0.0,-0.9576271186440677,126.0,9.373015873015873,91.66666666666669,0.8
1181,1181.0,0.797556488655789,0.8833550567243686,0.0005602219376720221,0.27718335806121974,0.0,-0.9559695173581708,126.0,9.380952380952381,91.66666666666669,0.8
1182,1182.0,0.7986052726299501,0.8849973189451059,0.0005628968370837177,0.2784965613418938,0.0,-0.9543147208121827,126.0,9.38888888888889,91.66666666666669,0.8
1183,1183.0,0.7996473483645132,0.8866160551240365,0.0005656081355164305,0.2798205536553718,0.0,-0.9526627218934911,126.0,9.396825396825397,91.66666666666669,0.8
1184,1184.0,0.8006827488677329,0.8886656826119126,0.0005683582300478484,0.2811610508045833,1.0,-0.9510135135135134,126.0,9.404761904761905,91.66666666666669,0.8
1185,1185.0,0.792421296849046,0.873341080242757,0.0005481364197709554,0.2712242701868638,0.0,-0.9648382559774964,127.0,9.338582677165354,91.66666666666669,0.8
1186,1186.0,0.7934989201924005,0.8752171979502964,0.0005506111685169351,0.27244596746599564,0.0,-0.9631815626756604,127.0,9.346456692913385,91.66666666666669,0.8
1187,1187.0,0.7945697436879325,0.8770562952301342,0.0005531201490267199,0.2736837211949565,0.0,-0.9615276607694465,127.0,9.354330708661417,91.66666666666669,0.8
1188,1188.0,0.7956337988617269,0.8789010763078651,0.0005556638178751212,0.274932246551526,0.0,-0.9598765432098764,127.0,9.362204724409448,91.66666666666669,0.8
1189,1189.0,0.7966911174145933,0.8806782055463397,0.0005582426879901977,0.27619514004796,0.0,-0.9582282029716847,127.0,9.37007874015748,91.66666666666669,0.8
1190,1190.0,0.7977417312150483,0.8826406448701326,0.0005608570816081277,0.2774785681085292,0.0,-0.956582633053221,127.0,9.377952755905511,91.66666666666669,0.8
1191,1191.0,0.7987856722923565,0.884466865551538,0.0005635077689205211,0.27877995083302165,0.0,-0.9549398264763502,127.0,9.385826771653543,91.66666666666669,0.8
1192,1192.0,0.7998229728296423,0.8862748204505414,0.0005661951569838487,0.2800949194420335,0.0,-0.9532997762863533,127.0,9.393700787401574,91.66666666666669,0.8
1193,1193.0,0.8008536651570474,0.8877983614502437,0.0005689194779092615,0.2814229841534187,1.0,-0.9516624755518301,127.0,9.401574803149606,91.66666666666669,0.8
1194,1194.0,0.7926287893481532,0.8726908611110179,0.0005488867123450997,0.27157350619471343,0.0,-0.9653824678950307,128.0,9.3359375,91.66666666666669,0.8
1195,1195.0,0.793701285077489,0.874598074039066,0.0005513400163058052,0.2727864590862924,0.0,-0.9637377963737794,128.0,9.34375,91.66666666666669,0.8
1196,1196.0,0.7947670509089481,0.8763953318648997,0.0005538271257525178,0.2740121840658631,0.0,-0.9620958751393531,128.0,9.3515625,91.66666666666669,0.8
1197,1197.0,0.7958261177000894,0.8782468002464816,0.0005563484729370441,0.2752529304546124,0.0,-0.9604566972988022,128.0,9.359375,91.66666666666669,0.8
1198,1198.0,0.7968785164840352,0.8801139979833119,0.0005589045181065269,0.2765043423957955,0.0,-0.9588202559821926,128.0,9.3671875,91.66666666666669,0.8
1199,1199.0,0.7979242784626089,0.8816979347241741,0.0005614957049155133,0.2777755623635421,0.0,-0.9571865443425074,128.0,9.375,91.66666666666669,0.8
1200,1200.0,0.7989634349995355,0.8837864889335258,0.00056412277300109,0.2790646209218105,0.0,-0.9555555555555555,128.0,9.3828125,91.66666666666669,0.8
1201,1201.0,0.7999960176136889,0.8852378094174176,0.0005667856630487486,0.28037078158238743,0.0,-0.9539272828198722,128.0,9.390625,91.66666666666669,0.8
1202,1202.0,0.8010220579724051,0.8871782556805353,0.0005694859733276769,0.28168704130290984,1.0,-0.9523017193566277,128.0,9.3984375,91.66666666666669,0.8
1203,1203.0,0.7928333319048549,0.872267214612048,0.0005496387614711824,0.2719231894492888,0.0,-0.9659185369908561,129.0,9.333333333333334,91.66666666666669,0.8
1204,1204.0,0.7939007627531226,0.8739303815796776,0.0005520710626499105,0.2731263046438114,0.0,-0.964285714285714,129.0,9.34108527131783,91.66666666666669,0.8
1205,1205.0,0.7949615325195754,0.8757372784506604,0.000554536591980151,0.27434138020025,0.0,-0.9626556016597507,129.0,9.348837209302326,91.66666666666669,0.8
1206,1206.0,0.7960156714084852,0.8776295304762528,0.0005570359378010098,0.27557387517797066,0.0,-0.9610281923714759,129.0,9.356589147286822,91.66666666666669,0.8
1207,1207.0,0.7970632098004744,0.879471178794956,0.0005595695640963724,0.2768152125605288,0.0,-0.9594034797017397,129.0,9.364341085271318,91.66666666666669,0.8
1208,1208.0,0.7981041782458059,0.8811890977214174,0.0005621380802855115,0.27807381260603214,0.0,-0.9577814569536423,129.0,9.372093023255815,91.66666666666669,0.8
1209,1209.0,0.7991386074577224,0.8828859614035872,0.0005647416979442895,0.27935124940986145,0.0,-0.9561621174524397,129.0,9.37984496124031,91.66666666666669,0.8
1210,1210.0,0.8001665283058458,0.8846772966089342,0.0005673811330693969,0.2806468792648226,1.0,-0.9545454545454544,129.0,9.387596899224807,91.66666666666669,0.8
1211,1211.0,0.7919659269637793,0.8700334283224382,0.0005480134068000428,0.2710927352762243,0.0,-0.9680704651802916,130.0,9.323076923076924,91.66666666666669,0.8
1212,1212.0,0.793034977185348,0.8716571223571098,0.0005503928079438308,0.2722729167306099,0.0,-0.9664466446644662,130.0,9.330769230769231,91.66666666666669,0.8
1213,1213.0,0.7940974046504097,0.873341080242757,0.0005528042192610207,0.2734668618361454,0.0,-0.9648255015114042,130.0,9.338461538461539,91.66666666666669,0.8
1214,1214.0,0.7951532387411235,0.8752171979502964,0.000555248456183754,0.27467320724144223,0.0,-0.9632070291048873,130.0,9.346153846153847,91.66666666666669,0.8
1215,1215.0,0.7962025090233393,0.8770562952301342,0.0005577260868001795,0.275895127442649,0.0,-0.96159122085048,130.0,9.353846153846154,91.66666666666669,0.8
1216,1216.0,0.7972452452399952,0.8789010763078651,0.0005602375410360867,0.2771278487737546,0.0,-0.9599780701754383,130.0,9.361538461538462,91.66666666666669,0.8
1217,1217.0,0.79828147730454,0.8805410507438636,0.0005627836751408668,0.27837396416287263,0.0,-0.9583675705286223,130.0,9.36923076923077,91.66666666666669,0.8
1218,1218.0,0.7993112352944293,0.8823149560945107,0.0005653644062363675,0.2796399894297649,0.0,-0.9567597153804048,130.0,9.376923076923077,91.66666666666669,0.8
1219,1219.0,0.8003345494446542,0.8841648526886349,0.0005679804030560051,0.280923739217997,1.0,-0.9551544982225866,130.0,9.384615384615385,91.66666666666669,0.8
1220,1220.0,0.7921697367460465,0.8692679668608507,0.0005487899628995486,0.2714533189318361,0.0,-0.9685792349726774,131.0,9.320610687022901,91.66666666666669,0.8
1221,1221.0,0.7932337766303444,0.8707301639553567,0.00055114819091938,0.27262279406166107,0.0,-0.9669669669669669,131.0,9.32824427480916,91.66666666666669,0.8
1222,1222.0,0.7942912610060893,0.8726908611110179,0.0005535393839388741,0.27380837502606215,0.0,-0.9653573376977631,131.0,9.335877862595419,91.66666666666669,0.8
1223,1223.0,0.7953422186309822,0.874598074039066,0.0005559627194711863,0.2750061902905589,0.0,-0.9637503406922865,131.0,9.34351145038168,91.66666666666669,0.8
1224,1224.0,0.796386678446954,0.8763352839932111,0.0005584190747693962,0.2762162407511822,0.0,-0.9621459694989105,131.0,9.351145038167939,91.66666666666669,0.8
1225,1225.0,0.7974246695736955,0.8782468002464816,0.0005609087085557377,0.27744144716843144,0.0,-0.9605442176870749,131.0,9.358778625954198,91.66666666666669,0.8
1226,1226.0,0.7984562213022344,0.8797965308798138,0.0005634325027587342,0.278676194498131,0.0,-0.9589450788471996,131.0,9.366412213740459,91.66666666666669,0.8
1227,1227.0,0.7994813630885627,0.8816979347241741,0.0005659906643731194,0.27993067219109047,0.0,-0.9573485465906004,131.0,9.374045801526718,91.66666666666669,0.8
1228,1228.0,0.8005001245472982,0.8835210005119791,0.0005685835637214753,0.2812023887366172,1.0,-0.9557546145494027,131.0,9.381679389312977,91.66666666666669,0.8
1229,1229.0,0.7923706907480251,0.8687126174185575,0.0005495672824933946,0.271814014788333,0.0,-0.9690805532953621,132.0,9.318181818181818,91.66666666666669,0.8
1230,1230.0,0.7934297804893664,0.870480735339105,0.000551906052527748,0.2729745495839985,0.0,-0.9674796747967478,132.0,9.325757575757576,91.66666666666669,0.8
1231,1231.0,0.7944823808959269,0.872267214612048,0.0005542765313700342,0.27415039366476074,0.0,-0.9658813972380178,132.0,9.333333333333334,91.66666666666669,0.8
1232,1232.0,0.7955285201151376,0.8739303815796776,0.0005566792656312066,0.27533857629725006,0.0,-0.964285714285714,132.0,9.340909090909092,91.66666666666669,0.8
1233,1233.0,0.7965682264791484,0.8757372784506604,0.0005591145395137889,0.2765383027218077,0.0,-0.9626926196269259,132.0,9.348484848484848,91.66666666666669,0.8
1234,1234.0,0.7976015284984949,0.8775110048958773,0.00056158286319284,0.27775530111883995,0.0,-0.9611021069692058,132.0,9.356060606060606,91.66666666666669,0.8
1235,1235.0,0.7986284548558128,0.879471178794956,0.0005640842917248104,0.2789807400463689,0.0,-0.9595141700404859,132.0,9.363636363636363,91.66666666666669,0.8
1236,1236.0,0.7996490343995964,0.8811890977214174,0.0005666202301060789,0.2802224573183567,0.0,-0.9579288025889965,132.0,9.371212121212121,91.66666666666669,0.8
1237,1237.0,0.8006632961379921,0.8828859614035872,0.0005691905937346289,0.28148307831934183,1.0,-0.956345998383185,132.0,9.378787878787879,91.66666666666669,0.8
1238,1238.0,0.7925688392293597,0.8681734946104434,0.0005503459467605571,0.27217615191103717,0.0,-0.9695745826602045,133.0,9.31578947368421,91.66666666666669,0.8
1239,1239.0,0.7936230378539565,0.8700334283224382,0.0005526648545509583,0.27332655771328235,0.0,-0.9679849340866289,133.0,9.323308270676693,91.66666666666669,0.8
1240,1240.0,0.7946708122670532,0.8716571223571098,0.0005550156759149627,0.27449261682256876,0.0,-0.9663978494623653,133.0,9.330827067669173,91.66666666666669,0.8
1241,1241.0,0.7957121900196575,0.873341080242757,0.0005573979959169396,0.27567174161510605,0.0,-0.9648133225893096,133.0,9.338345864661655,91.66666666666669,0.8
1242,1242.0,0.7967471988479231,0.8752171979502964,0.0005598124326635762,0.2768630961244616,0.0,-0.9632313472893181,133.0,9.345864661654135,91.66666666666669,0.8
1243,1243.0,0.7977758666669738,0.8770562952301342,0.0005622593980980997,0.27806953056976974,0.0,-0.9616519174041296,133.0,9.353383458646617,91.66666666666669,0.8
1244,1244.0,0.7987982215647343,0.8784895599645735,0.0005647397486991573,0.2792868651006495,0.0,-0.960075026795284,133.0,9.360902255639099,91.66666666666669,0.8
1245,1245.0,0.7998142917958234,0.8803778420530676,0.0005672537311238853,0.2805166904481929,0.0,-0.9585006693440428,133.0,9.368421052631579,91.66666666666669,0.8
1246,1246.0,0.8008241057754729,0.8820982441368976,0.0005698015209560763,0.2817658109429384,1.0,-0.9569288389513106,133.0,9.37593984962406,91.66666666666669,0.8
1247,1247.0,0.7927642312947786,0.8673797923506259,0.0005511258533884963,0.2725384006742288,0.0,-0.970061480887463,134.0,9.313432835820896,91.66666666666669,0.8
1248,1248.0,0.7938135966898532,0.8692679668608507,0.0005534258499509155,0.27367948987153534,0.0,-0.9684829059829057,134.0,9.32089552238806,91.66666666666669,0.8
1249,1249.0,0.7948566019693009,0.8707301639553567,0.0005557558519166815,0.2748347340813831,0.0,-0.9669068588203895,134.0,9.328358208955224,91.66666666666669,0.8
1250,1250.0,0.7958932741011945,0.8726908611110179,0.0005581187917353557,0.27600591474186914,0.0,-0.9653333333333334,134.0,9.335820895522389,91.66666666666669,0.8
1251,1251.0,0.7969236402391513,0.874598074039066,0.0005605128700595139,0.27718895136361593,0.0,-0.9637623234745534,134.0,9.343283582089553,91.66666666666669,0.8
1252,1252.0,0.797947727716276,0.8763352839932111,0.0005629391768038131,0.2783836731313861,0.0,-0.9621938232161873,134.0,9.350746268656716,91.66666666666669,0.8
1253,1253.0,0.7989655640391282,0.8782468002464816,0.0005653977339595403,0.2795936818592578,0.0,-0.9606278265496142,134.0,9.35820895522388,91.66666666666669,0.8
1254,1254.0,0.7999771768817322,0.8797509599311637,0.0005678903273852603,0.2808125199852412,0.0,-0.9590643274853798,134.0,9.365671641791044,91.66666666666669,0.8
1255,1255.0,0.8009825940796225,0.8815318452703687,0.0005704160264658376,0.28205039885770483,1.0,-0.9575033200531207,134.0,9.373134328358208,91.66666666666669,0.8
1256,1256.0,0.7929569149260859,0.8669921361115595,0.0005519072867547376,0.27290187379287856,0.0,-0.9705414012738853,135.0,9.311111111111112,91.66666666666669,0.8
1257,1257.0,0.7940015038681681,0.8687126174185575,0.0005541880284942857,0.2740322720827007,0.0,-0.9689737470167061,135.0,9.318518518518518,91.66666666666669,0.8
1258,1258.0,0.7950397957855531,0.870480735339105,0.0005564994028499167,0.2751789305113883,0.0,-0.9674085850556438,135.0,9.325925925925926,91.66666666666669,0.8
1259,1259.0,0.796071817076547,0.872267214612048,0.0005588417823735012,0.2763406920703832,0.0,-0.9658459094519458,135.0,9.333333333333334,91.66666666666669,0.8
1260,1260.0,0.7970975943253479,0.8739303815796776,0.0005612156582341455,0.2775142509909827,0.0,-0.964285714285714,135.0,9.34074074074074,91.66666666666669,0.8
1261,1261.0,0.7981171542961104,0.8757372784506604,0.0005636213609293661,0.2786990127896556,0.0,-0.9627279936558284,135.0,9.348148148148148,91.66666666666669,0.8
1262,1262.0,0.7991305239270379,0.8774124275893905,0.0005660594151089132,0.27990085422135585,0.0,-0.961172741679873,135.0,9.355555555555556,91.66666666666669,0.8
1263,1263.0,0.8001377303245178,0.8790419174533867,0.0005685300916913656,0.28111084278091164,1.0,-0.9596199524940616,135.0,9.362962962962962,91.66666666666669,0.8
1264,1264.0,0.7921008082646043,0.8647040693226341,0.0005504576776924092,0.27216013231898795,0.0,-0.9725738396624473,136.0,9.301470588235293,91.66666666666669,0.8
1265,1265.0,0.7931469370131867,0.8664714877250671,0.0005526897502776747,0.27326560780017034,0.0,-0.9710144927536231,136.0,9.308823529411764,91.66666666666669,0.8
1266,1266.0,0.7941868051955829,0.8681734946104434,0.000554951680055662,0.27438666165094155,0.0,-0.9694576092680358,136.0,9.316176470588236,91.66666666666669,0.8
1267,1267.0,0.795220438461153,0.8700334283224382,0.0005572437818699011,0.2755235978851733,0.0,-0.9679031833727965,136.0,9.323529411764707,91.66666666666669,0.8
1268,1268.0,0.796247862651281,0.8716571223571098,0.0005595667523935791,0.2766757394751947,0.0,-0.9663512092534172,136.0,9.330882352941176,91.66666666666669,0.8
1269,1269.0,0.7972691037935391,0.873341080242757,0.0005619206882770614,0.2778403901539014,0.0,-0.9648016811137377,136.0,9.338235294117647,91.66666666666669,0.8
1270,1270.0,0.7982841880958746,0.8752171979502964,0.0005643060075585963,0.27901710013394737,0.0,-0.9632545931758529,136.0,9.345588235294118,91.66666666666669,0.8
1271,1271.0,0.7992931419408287,0.8770562952301342,0.0005667229641555482,0.2802083823092167,0.0,-0.9617099396800419,136.0,9.352941176470589,91.66666666666669,0.8
1272,1272.0,0.8002959918797762,0.8784895599645735,0.0005691731759541961,0.2814106759440087,1.0,-0.9601677148846959,136.0,9.360294117647058,91.66666666666669,0.8
1273,1273.0,0.7922929424491132,0.8642606255919476,0.0005512595164471763,0.2725342711006259,0.0,-0.973029588897617,137.0,9.299270072992702,91.66666666666669,0.8
1274,1274.0,0.7933343433841265,0.8658708337660999,0.0005534733312644468,0.2736292761664927,0.0,-0.9714809000523283,137.0,9.306569343065693,91.66666666666669,0.8
1275,1275.0,0.7943695454436125,0.8677394026939098,0.0005557167090048141,0.2747413609506697,0.0,-0.9699346405228757,137.0,9.313868613138686,91.66666666666669,0.8
1276,1276.0,0.7953985737324024,0.8694057513707512,0.0005579900399040156,0.2758690683546052,0.0,-0.9683908045977012,137.0,9.321167883211679,91.66666666666669,0.8
1277,1277.0,0.7964214535474811,0.8713800179270784,0.0005602929278592098,0.2770105735523863,0.0,-0.9668493865831373,137.0,9.328467153284672,91.66666666666669,0.8
1278,1278.0,0.7974382103722729,0.8726908611110179,0.0005626278253941671,0.2781675813967347,0.0,-0.9653103808033385,137.0,9.335766423357665,91.66666666666669,0.8
1279,1279.0,0.7984488698709491,0.874598074039066,0.0005649933291582094,0.27933618396659443,0.0,-0.9637737816002083,137.0,9.343065693430656,91.66666666666669,0.8
1280,1280.0,0.7994534578827603,0.8762025686689819,0.0005673903502064225,0.2805159087922482,0.0,-0.962239583333333,137.0,9.35036496350365,91.66666666666669,0.8
1281,1281.0,0.800452000416392,0.8776295304762528,0.0005698184553418531,0.2817111174735186,1.0,-0.9607077803799113,137.0,9.357664233576642,91.66666666666669,0.8
1282,1282.0,0.7924824511533509,0.8637004243649486,0.0005520622502169712,0.27290850303761854,0.0,-0.9734789391575662,138.0,9.297101449275363,91.66666666666669,0.8
1283,1283.0,0.7935191788342097,0.8654244054511888,0.0005542581350296204,0.27399388053058044,0.0,-0.9719407638347621,138.0,9.304347826086957,91.66666666666669,0.8
1284,1284.0,0.7945497683769636,0.8671441062555012,0.0005564831986338464,0.27509706955925733,0.0,-0.970404984423676,138.0,9.31159420289855,91.66666666666669,0.8
1285,1285.0,0.7955742443541673,0.8687126174185575,0.0005587376616270298,0.2762144268841971,0.0,-0.968871595330739,138.0,9.318840579710145,91.66666666666669,0.8
1286,1286.0,0.7965926315306255,0.870480735339105,0.0005610223706686763,0.2773474547576824,0.0,-0.9673405909797821,138.0,9.326086956521738,91.66666666666669,0.8
1287,1287.0,0.7976049548577835,0.872267214612048,0.0005633373563866659,0.27849546905134764,0.0,-0.9658119658119657,138.0,9.333333333333334,91.66666666666669,0.8
1288,1288.0,0.7986112394681596,0.8739303815796776,0.0005656830542024458,0.2796547466012962,0.0,-0.964285714285714,138.0,9.340579710144928,91.66666666666669,0.8
1289,1289.0,0.7996115106697835,0.8757372784506604,0.0005680598423121976,0.28082492526702524,0.0,-0.9627618308766486,138.0,9.347826086956522,91.66666666666669,0.8
1290,1290.0,0.8006057939406624,0.8774124275893905,0.0005704683112996527,0.2820119693027298,1.0,-0.9612403100775193,138.0,9.355072463768115,91.66666666666669,0.8
1291,1291.0,0.7926693791940298,0.863198916141483,0.0005528658173487997,0.27328191379783606,0.0,-0.9739220242705913,139.0,9.29496402877698,91.66666666666669,0.8
1292,1292.0,0.7937014871542211,0.8649722491296336,0.0005550439555262384,0.2743598612649682,0.0,-0.9723942208462331,139.0,9.302158273381295,91.66666666666669,0.8
1293,1293.0,0.7947275167810112,0.8665722191197716,0.0005572509364730324,0.27545331820218777,0.0,-0.9708687806135601,139.0,9.309352517985612,91.66666666666669,0.8
1294,1294.0,0.7957474921266383,0.8683727631962534,0.0005594871598826287,0.27656145796663173,0.0,-0.969345698093766,139.0,9.316546762589928,91.66666666666669,0.8
1295,1295.0,0.7967614374356374,0.8700334283224382,0.0005617530123136682,0.2776852299610019,0.0,-0.9678249678249677,139.0,9.323741007194245,91.66666666666669,0.8
1296,1296.0,0.7977693771393508,0.8716571223571098,0.0005640488327088135,0.2788236855744684,0.0,-0.9663065843621399,139.0,9.33093525179856,91.66666666666669,0.8
1297,1297.0,0.7987713358504629,0.873341080242757,0.0005663750638818821,0.2799742021045054,0.0,-0.9647905422770493,139.0,9.338129496402878,91.66666666666669,0.8
1298,1298.0,0.7997673383575509,0.8752171979502964,0.000568731921126879,0.2811366001445264,0.0,-0.9632768361581918,139.0,9.345323741007194,91.66666666666669,0.8
1299,1299.0,0.8007574096196624,0.8770562952301342,0.0005711194985009027,0.2823130500737545,1.0,-0.961765460610726,139.0,9.352517985611511,91.66666666666669,0.8
1300,1300.0,0.7928537703856761,0.8628136958894752,0.0005536701642581567,0.27365588470695645,0.0,-0.9743589743589745,140.0,9.292857142857143,91.66666666666669,0.8
1301,1301.0,0.793881311157763,0.8645376762131803,0.0005558307471954886,0.2747268305367,0.0,-0.9728414040481679,140.0,9.3,91.66666666666669,0.8
1302,1302.0,0.7949028324884286,0.8658708337660999,0.0005580194477780532,0.2758097540571234,0.0,-0.9713261648745519,140.0,9.307142857142857,91.66666666666669,0.8
1303,1303.0,0.7959183579212556,0.8678238678936588,0.0005602380550404385,0.27690884046938496,0.0,-0.9698132514709643,140.0,9.314285714285715,91.66666666666669,0.8
1304,1304.0,0.7969279111921325,0.869423576204453,0.0005624853550482719,0.2780234542127567,0.0,-0.9683026584867076,140.0,9.321428571428571,91.66666666666669,0.8
1305,1305.0,0.7979315162238744,0.8713800179270784,0.0005647619178273473,0.2791516289811752,0.0,-0.9667943805874839,140.0,9.32857142857143,91.66666666666669,0.8
1306,1306.0,0.7989291971208622,0.8729691055810584,0.0005670692295947214,0.2802947469711383,0.0,-0.965288412455334,140.0,9.335714285714285,91.66666666666669,0.8
1307,1307.0,0.7999209781637037,0.874598074039066,0.0005694067922718878,0.2814492465047892,0.0,-0.9637847487885742,140.0,9.342857142857143,91.66666666666669,0.8
1308,1308.0,0.8009068838039068,0.8761653787109225,0.0005717751832236812,0.28261432977676954,1.0,-0.9622833843017329,140.0,9.35,91.66666666666669,0.8
1309,1309.0,0.7930356675678392,0.8623248834698927,0.0005544753285125855,0.27402946336713246,0.0,-0.9747899159663864,141.0,9.290780141843971,91.66666666666669,0.8
1310,1310.0,0.794058692707768,0.8640274458375854,0.0005566186557164287,0.2750934885617889,0.0,-0.9732824427480915,141.0,9.297872340425531,91.66666666666669,0.8
1311,1311.0,0.7950757564050007,0.8654244054511888,0.0005587899416186235,0.2761665896509788,0.0,-0.9717772692601068,141.0,9.304964539007091,91.66666666666669,0.8
1312,1312.0,0.7960868817058476,0.867361678337557,0.0005609903569747343,0.2772572386680961,0.0,-0.9702743902439024,141.0,9.312056737588652,91.66666666666669,0.8
1313,1313.0,0.7970920918488857,0.8687126174185575,0.0005632189149486082,0.2783619758310614,0.0,-0.9687738004569686,141.0,9.319148936170214,91.66666666666669,0.8
1314,1314.0,0.7980914102596942,0.8706312391450913,0.0005654778525201024,0.27948156744777064,0.0,-0.9672754946727546,141.0,9.326241134751774,91.66666666666669,0.8
1315,1315.0,0.799084860545597,0.872267214612048,0.0005677659317945913,0.28061607443148817,0.0,-0.9657794676806084,141.0,9.333333333333334,91.66666666666669,0.8
1316,1316.0,0.8000724664904265,0.8739303815796776,0.0005700841053568884,0.2817613995869544,1.0,-0.964285714285714,141.0,9.340425531914894,91.66666666666669,0.8
1317,1317.0,0.7921906258397748,0.8601501707030863,0.0005531824671293258,0.27337320251793035,0.0,-0.9767147557580358,142.0,9.28169014084507,91.66666666666669,0.8
1318,1318.0,0.7932151126314718,0.8616582952910593,0.0005552810876563358,0.27440370846139095,0.0,-0.9752149721800707,142.0,9.288732394366198,91.66666666666669,0.8
1319,1319.0,0.7942336727421733,0.8634945212634901,0.0005574075469937663,0.2754597549505423,0.0,-0.9737174627242862,142.0,9.295774647887324,91.66666666666669,0.8
1320,1320.0,0.7952463285346358,0.8651640045814386,0.0005595617292622835,0.2765248769900686,0.0,-0.9722222222222221,142.0,9.30281690140845,91.66666666666669,0.8
1321,1321.0,0.7962531025689852,0.8667753339937107,0.0005617441761743925,0.2776064860178436,0.0,-0.9707292455210697,142.0,9.309859154929578,91.66666666666669,0.8
1322,1322.0,0.7972540175975454,0.8683727631962534,0.0005639551759021647,0.2787017161362736,0.0,-0.9692385274836104,142.0,9.316901408450704,91.66666666666669,0.8
1323,1323.0,0.7982490965596732,0.8700334283224382,0.000566195207928472,0.27981267548057887,0.0,-0.9677500629881581,142.0,9.32394366197183,91.66666666666669,0.8
1324,1324.0,0.7992383625766072,0.8716571223571098,0.0005684645522586866,0.28093778329843244,0.0,-0.9662638469284992,142.0,9.330985915492958,91.66666666666669,0.8
1325,1325.0,0.8002218389463229,0.873341080242757,0.0005707637319102326,0.28207449249078836,1.0,-0.9647798742138363,142.0,9.338028169014084,91.66666666666669,0.8
1326,1326.0,0.7923721318529555,0.8598404082178704,0.000554005337814604,0.2737604932150252,0.0,-0.977124183006536,143.0,9.27972027972028,91.66666666666669,0.8
1327,1327.0,0.7933921465444884,0.8612161053763556,0.0005560877416629509,0.2747807016240809,0.0,-0.9756342627480532,143.0,9.286713286713287,91.66666666666669,0.8
1328,1328.0,0.7944062912988396,0.862881696580447,0.0005581972289809486,0.2758260886348631,0.0,-0.9741465863453815,143.0,9.293706293706293,91.66666666666669,0.8
1329,1329.0,0.7954145880036209,0.8647040693226341,0.0005603343123010222,0.2768846075219034,0.0,-0.9726611487333834,143.0,9.3006993006993,91.66666666666669,0.8
1330,1330.0,0.7964170587435973,0.8664714877250671,0.0005624989919556496,0.2779558812807436,0.0,-0.9711779448621554,143.0,9.307692307692308,91.66666666666669,0.8
1331,1331.0,0.7974137257956261,0.8679332080445751,0.0005646925781846323,0.27904230510640093,0.0,-0.9696969696969697,143.0,9.314685314685315,91.66666666666669,0.8
1332,1332.0,0.7984046116235861,0.869423576204453,0.00056691427034879,0.28014404381276276,0.0,-0.968218218218218,143.0,9.321678321678322,91.66666666666669,0.8
1333,1333.0,0.7993897388733244,0.8713800179270784,0.000569165177008852,0.2812591565554481,0.0,-0.9667416854213553,143.0,9.328671328671328,91.66666666666669,0.8
1334,1334.0,0.8003691303676144,0.8729691055810584,0.0005714456528466542,0.2823887055589736,1.0,-0.9652673663168414,143.0,9.335664335664335,91.66666666666669,0.8
1335,1335.0,0.7925512171716963,0.8592631274884234,0.0005548291901547758,0.2741479682297142,0.0,-0.9775280898876404,144.0,9.277777777777779,91.66666666666669,0.8
1336,1336.0,0.7935668093765545,0.8607999945262099,0.0005568950894874574,0.2751586910844535,0.0,-0.9760479041916168,144.0,9.284722222222221,91.66666666666669,0.8
1337,1337.0,0.7945765875396797,0.8625721783815111,0.0005589879368414094,0.27619282925906924,0.0,-0.9745699326851158,144.0,9.291666666666666,91.66666666666669,0.8
1338,1338.0,0.795580573084126,0.8642606255919476,0.0005611079684508416,0.2772440980815782,0.0,-0.9730941704035874,144.0,9.29861111111111,91.66666666666669,0.8
1339,1339.0,0.7965787876298623,0.8658708337660999,0.0005632557428750117,0.2783054226406379,0.0,-0.9716206123973112,144.0,9.305555555555555,91.66666666666669,0.8
1340,1340.0,0.7975712529887947,0.8673797923506259,0.0005654314780497488,0.27938350406806134,0.0,-0.9701492537313432,144.0,9.3125,91.66666666666669,0.8
1341,1341.0,0.7985579911598026,0.8692679668608507,0.0005676351243439226,0.28047607162936655,0.0,-0.9686800894854584,144.0,9.319444444444445,91.66666666666669,0.8
1342,1342.0,0.7995390243237812,0.8706928662501056,0.0005698682618943333,0.2815824550541438,0.0,-0.9672131147540983,144.0,9.32638888888889,91.66666666666669,0.8
1343,1343.0,0.8005143748386886,0.872267214612048,0.0005721300354609707,0.28270378184419004,1.0,-0.9657483246463141,144.0,9.333333333333334,91.66666666666669,0.8
1344,1344.0,0.79272792189533,0.8587592114106275,0.0005556532462736962,0.2745351774529679,0.0,-0.9779265873015872,145.0,9.275862068965518,91.66666666666669,0.8
1345,1345.0,0.7937391403231192,0.8604417787366023,0.0005577030441712771,0.27553769469510775,0.0,-0.9764560099132589,145.0,9.282758620689656,91.66666666666669,0.8
1346,1346.0,0.7947445997740641,0.8619438146718027,0.0005597793802579976,0.2765589435879616,0.0,-0.9749876176324914,145.0,9.289655172413793,91.66666666666669,0.8
1347,1347.0,0.7957443212170028,0.8637004243649486,0.0005618828640774142,0.2776038125798749,0.0,-0.9735214055926749,145.0,9.296551724137931,91.66666666666669,0.8
1348,1348.0,0.7967383258173988,0.8652921054377274,0.0005640135697822206,0.27865621906312044,0.0,-0.9720573689416416,145.0,9.303448275862069,91.66666666666669,0.8
1349,1349.0,0.7977266349324749,0.866901844277493,0.0005661719271746869,0.27972605175283,0.0,-0.9705955028416111,145.0,9.310344827586206,91.66666666666669,0.8
1350,1350.0,0.7987092701063335,0.8687126174185575,0.0005683580777052331,0.28080884970472475,0.0,-0.9691358024691357,145.0,9.317241379310344,91.66666666666669,0.8
1351,1351.0,0.7996862530650928,0.8700334283224382,0.0005705728810369655,0.28190720076585446,0.0,-0.9676782630150504,145.0,9.324137931034484,91.66666666666669,0.8
1352,1352.0,0.8006576057120302,0.8716571223571098,0.000572816398203022,0.2830192862862322,1.0,-0.9662228796844181,145.0,9.331034482758621,91.66666666666669,0.8
1353,1353.0,0.7929022852507416,0.8582864022251463,0.000556477680050063,0.27492229790650885,0.0,-0.9783197831978319,146.0,9.273972602739725,91.66666666666669,0.8
1354,1354.0,0.7939091777287022,0.8598404082178704,0.0005585114435589822,0.2759173816437224,0.0,-0.9768586903003447,146.0,9.280821917808218,91.66666666666669,0.8
1355,1355.0,0.7949103654815151,0.86163761203068,0.0005605717814375191,0.2769272218113764,0.0,-0.9753997539975399,146.0,9.287671232876713,91.66666666666669,0.8
1356,1356.0,0.795905869033873,0.863198916141483,0.000562658689925915,0.2779628506280276,0.0,-0.9739429695181907,146.0,9.294520547945206,91.66666666666669,0.8
1357,1357.0,0.7968957091067874,0.8647040693226341,0.000564772444361947,0.27900876408337916,0.0,-0.9724883321051336,146.0,9.301369863013699,91.66666666666669,0.8
1358,1358.0,0.7978799066128042,0.8664714877250671,0.0005669138301936605,0.28006880065745005,0.0,-0.9710358370152186,146.0,9.308219178082192,91.66666666666669,0.8
1359,1359.0,0.7988584826512176,0.8681734946104434,0.0005690826611852954,0.28114302650895895,0.0,-0.9695854795192542,146.0,9.315068493150685,91.66666666666669,0.8
1360,1360.0,0.7998314585033036,0.869423576204453,0.0005712792491087284,0.28223209211992595,0.0,-0.9681372549019605,146.0,9.321917808219178,91.66666666666669,0.8
1361,1361.0,0.8007988556275418,0.8713800179270784,0.0005735051536655429,0.2833344797825165,1.0,-0.9666911584619151,146.0,9.32876712328767,91.66666666666669,0.8
1362,1362.0,0.7930743456155532,0.8578581475717613,0.0005573025313158018,0.2753089105735488,0.0,-0.9787077826725403,147.0,9.272108843537415,91.66666666666669,0.8
1363,1363.0,0.7940769591095003,0.8594782169653102,0.0005593206952728961,0.27629733063912065,0.0,-0.9772560528246514,147.0,9.27891156462585,91.66666666666669,0.8
1364,1364.0,0.7950739213337082,0.8610576904585372,0.0005613648635872438,0.2772978312031217,0.0,-0.975806451612903,147.0,9.285714285714286,91.66666666666669,0.8
1365,1365.0,0.7960652523785674,0.8628136958894752,0.0005634354615693324,0.27832260121099117,0.0,-0.9743589743589745,147.0,9.29251700680272,91.66666666666669,0.8
1366,1366.0,0.7970509725304332,0.8643175843746832,0.0005655327960736718,0.2793617541655955,0.0,-0.972913616398243,147.0,9.299319727891156,91.66666666666669,0.8
1367,1367.0,0.7980311022669396,0.8658708337660999,0.0005676570911815354,0.2804116378811654,0.0,-0.9714703730797367,147.0,9.306122448979592,91.66666666666669,0.8
1368,1368.0,0.7990056622523037,0.8677394026939098,0.0005698086128172765,0.2814774936132617,0.0,-0.9700292397660817,147.0,9.312925170068027,91.66666666666669,0.8
1369,1369.0,0.7999746733326407,0.8692679668608507,0.0005719883225511047,0.28255790194654506,0.0,-0.9685902118334551,147.0,9.319727891156463,91.66666666666669,0.8
1370,1370.0,0.8009381565312771,0.8707301639553567,0.0005741960408732464,0.2836514293166799,1.0,-0.9671532846715327,147.0,9.326530612244898,91.66666666666669,0.8
1371,1371.0,0.793244140540618,0.8574654894653292,0.0005581277674887809,0.27569634144974947,0.0,-0.9790906880622414,148.0,9.27027027027027,91.66666666666669,0.8
1372,1372.0,0.7942425211752755,0.8591394652061759,0.0005601303715502826,0.27667777148732203,0.0,-0.977648202137998,148.0,9.277027027027026,91.66666666666669,0.8
1373,1373.0,0.7952353032158088,0.8607999945262099,0.000562158674034224,0.277669295449401,0.0,-0.9762078174314153,148.0,9.283783783783784,91.66666666666669,0.8
1374,1374.0,0.796222506327896,0.8623248834698927,0.0005642132696934111,0.27868204420280585,0.0,-0.9747695293546821,148.0,9.29054054054054,91.66666666666669,0.8
1375,1375.0,0.7972041503727992,0.8637686562883454,0.0005662940622915911,0.27971480115804664,0.0,-0.9733333333333334,148.0,9.297297297297296,91.66666666666669,0.8
1376,1376.0,0.7981802554027683,0.8654244054511888,0.0005684018391901604,0.2807555770661869,0.0,-0.9718992248062013,148.0,9.304054054054054,91.66666666666669,0.8
1377,1377.0,0.7991508416564271,0.8671441062555012,0.0005705365973495887,0.28181338899484326,0.0,-0.9704671992253691,148.0,9.31081081081081,91.66666666666669,0.8
1378,1378.0,0.8001159295541811,0.8687126174185575,0.0005726988438913365,0.2828840575157486,1.0,-0.9690372520561199,148.0,9.317567567567568,91.66666666666669,0.8
1379,1379.0,0.7924119479601719,0.8552790137441325,0.0005569908842221243,0.27512778857715803,0.0,-0.9809040367416002,149.0,9.261744966442953,91.66666666666669,0.8
1380,1380.0,0.7934117067718286,0.8569851271253807,0.0005589532730428619,0.276084410657313,0.0,-0.9794685990338163,149.0,9.268456375838927,91.66666666666669,0.8
1381,1381.0,0.7944058998506148,0.8587592114106275,0.0005609405129137414,0.27705758690968635,0.0,-0.9780352401641321,149.0,9.275167785234899,91.66666666666669,0.8
1382,1382.0,0.795394546247166,0.8601501707030863,0.0005629533002865043,0.2780415628176051,0.0,-0.9766039556198745,149.0,9.281879194630873,91.66666666666669,0.8
1383,1383.0,0.7963776652118084,0.8619438146718027,0.0005649918736066052,0.2790420624605945,0.0,-0.975174740901422,149.0,9.288590604026846,91.66666666666669,0.8
1384,1384.0,0.7973552761900352,0.8634945212634901,0.0005670566659264464,0.2800672709838672,0.0,-0.9737475915221578,149.0,9.295302013422818,91.66666666666669,0.8
1385,1385.0,0.7983273988180052,0.8649722491296336,0.0005691478987264157,0.2811008423270997,0.0,-0.9723225030084235,149.0,9.302013422818792,91.66666666666669,0.8
1386,1386.0,0.7992940529180091,0.8665722191197716,0.0005712659139424783,0.2821497121501961,0.0,-0.9708994708994707,149.0,9.308724832214764,91.66666666666669,0.8
1387,1387.0,0.8002552584939615,0.8681734946104434,0.0005734110688965178,0.2832119829188778,1.0,-0.9694784907474163,149.0,9.315436241610739,91.66666666666669,0.8
1388,1388.0,0.792581516083656,0.8550318719994219,0.0005578319785170478,0.2755229140092544,0.0,-0.9812680115273773,150.0,9.26,91.66666666666669,0.8
1389,1389.0,0.7935770802712653,0.8566853253507943,0.0005597791962047155,0.2764730831686281,0.0,-0.9798416126709861,150.0,9.266666666666667,91.66666666666669,0.8
1390,1390.0,0.7945671302955276,0.8582172981452096,0.0005617513390791112,0.27743753287843786,0.0,-0.97841726618705,150.0,9.273333333333333,91.66666666666669,0.8
1391,1391.0,0.7955516848013827,0.8598404082178704,0.0005637486831623757,0.2784144660000057,0.0,-0.9769949676491732,150.0,9.28,91.66666666666669,0.8
1392,1392.0,0.7965307626329304,0.8612161053763556,0.0005657712692242042,0.27940487554593324,0.0,-0.975574712643678,150.0,9.286666666666667,91.66666666666669,0.8
1393,1393.0,0.7975043828290032,0.862881696580447,0.0005678202439751727,0.2804201486171376,0.0,-0.9741564967695622,150.0,9.293333333333333,91.66666666666669,0.8
1394,1394.0,0.7984725646187302,0.8645376762131803,0.0005698952505844219,0.28144763558280256,0.0,-0.9727403156384504,150.0,9.3,91.66666666666669,0.8
1395,1395.0,0.799435327417103,0.8658708337660999,0.0005719960826000446,0.28248640446364803,0.0,-0.9713261648745519,150.0,9.306666666666667,91.66666666666669,0.8
1396,1396.0,0.800392690820536,0.8677394026939098,0.0005741249649455429,0.28354029568254047,1.0,-0.9699140401146129,150.0,9.313333333333333,91.66666666666669,0.8
1397,1397.0,0.7927488822144508,0.8547020807829697,0.0005586728625138405,0.2759169823722106,0.0,-0.9816272965879265,151.0,9.258278145695364,91.66666666666669,0.8
1398,1398.0,0.7937402962377168,0.8562325632569078,0.0005606053919568749,0.2768616703496964,0.0,-0.9802098235574628,151.0,9.264900662251655,91.66666666666669,0.8
1399,1399.0,0.7947262469254326,0.8578581475717613,0.0005625625269813532,0.27781704367281146,0.0,-0.9787943769359064,151.0,9.271523178807946,91.66666666666669,0.8
1400,1400.0,0.7957067525257764,0.8593690726628809,0.0005645446544296233,0.27878761452001327,0.0,-0.9773809523809522,151.0,9.278145695364238,91.66666666666669,0.8
1401,1401.0,0.7966818314855334,0.8610576904585372,0.000566551922627514,0.2797690172563188,0.0,-0.9759695455626933,151.0,9.28476821192053,91.66666666666669,0.8
1402,1402.0,0.7976515024457465,0.8625721783815111,0.0005685849600902693,0.2807734559487908,0.0,-0.9745601521635756,151.0,9.291390728476822,91.66666666666669,0.8
1403,1403.0,0.7986157842373651,0.8640274458375854,0.0005706438102205401,0.28179405904451105,0.0,-0.9731527678783556,151.0,9.298013245033113,91.66666666666669,0.8
1404,1404.0,0.7995746958768895,0.8658708337660999,0.0005727284431042123,0.28282357007115155,0.0,-0.9717473884140548,151.0,9.304635761589404,91.66666666666669,0.8
1405,1405.0,0.8005282565620115,0.8671697152017176,0.0005748405658935755,0.2838697807410829,1.0,-0.970344009489917,151.0,9.311258278145695,91.66666666666669,0.8
1406,1406.0,0.7929140815882334,0.8542768108973722,0.0005595138762852932,0.2763105985332004,0.0,-0.9819819819819819,152.0,9.256578947368421,91.66666666666669,0.8
1407,1407.0,0.7939013891265797,0.855847470605878,0.0005614318511753759,0.27725073561707403,0.0,-0.9805733238569059,152.0,9.263157894736842,91.66666666666669,0.8
1408,1408.0,0.7948832834305468,0.8574654894653292,0.0005633741681612468,0.2781977658994126,0.0,-0.9791666666666665,152.0,9.269736842105264,91.66666666666669,0.8
1409,1409.0,0.7958597823602717,0.8589018160407025,0.0005653412304354036,0.2791611754906678,0.0,-0.9777620061509344,152.0,9.276315789473685,91.66666666666669,0.8
1410,1410.0,0.7968309039739155,0.8605007573721226,0.0005673333083819338,0.28013423118547903,0.0,-0.9763593380614657,152.0,9.282894736842104,91.66666666666669,0.8
1411,1411.0,0.7977966665233935,0.8621864973542401,0.0005693505527771698,0.2811262075666163,0.0,-0.9749586581620597,152.0,9.289473684210526,91.66666666666669,0.8
1412,1412.0,0.7987570884501058,0.8637004243649486,0.0005713936124752667,0.28214072680368935,0.0,-0.9735599622285174,152.0,9.296052631578947,91.66666666666669,0.8
1413,1413.0,0.7997121883806598,0.8651979727537911,0.0005734625909964253,0.28316220810034487,0.0,-0.9721632460485963,152.0,9.302631578947368,91.66666666666669,0.8
1414,1414.0,0.8006619851225834,0.8667753339937107,0.0005755577872429885,0.28420009253161665,1.0,-0.9707685054219708,152.0,9.30921052631579,91.66666666666669,0.8
1415,1415.0,0.7930771486985314,0.8539527922511218,0.000560354906217869,0.2767044778901035,0.0,-0.9823321554770317,153.0,9.254901960784315,91.66666666666669,0.8
1416,1416.0,0.7940603926691628,0.8552790137441325,0.0005622583362158769,0.2776396510198681,0.0,-0.9809322033898304,153.0,9.261437908496733,91.66666666666669,0.8
1417,1417.0,0.7950382727946902,0.8569851271253807,0.0005641863144388126,0.2785789140728891,0.0,-0.9795342272406493,153.0,9.267973856209151,91.66666666666669,0.8
1418,1418.0,0.7960108065557154,0.858508249240811,0.0005661384750867552,0.27953421435023473,0.0,-0.9781382228490831,153.0,9.27450980392157,91.66666666666669,0.8
1419,1419.0,0.7969780116302503,0.8601501707030863,0.0005681153588104145,0.2805001569181951,0.0,-0.9767441860465116,153.0,9.281045751633988,91.66666666666669,0.8
1420,1420.0,0.7979399058895372,0.86163761203068,0.0005701173429820688,0.28148095496335407,0.0,-0.975352112676056,153.0,9.287581699346406,91.66666666666669,0.8
1421,1421.0,0.798896507393848,0.863198916141483,0.0005721446475119712,0.2824868773828162,0.0,-0.9739619985925403,153.0,9.294117647058824,91.66666666666669,0.8
1422,1422.0,0.7998478343882816,0.8647040693226341,0.0005741976200306974,0.28350248986343607,0.0,-0.9725738396624473,153.0,9.300653594771243,91.66666666666669,0.8
1423,1423.0,0.8007939052985598,0.8664714877250671,0.0005762761919021314,0.2845306828078619,1.0,-0.971187631763879,153.0,9.30718954248366,91.66666666666669,0.8
1424,1424.0,0.7932381173159431,0.853496179042677,0.0005611961216647992,0.27709801959889985,0.0,-0.9826779026217227,154.0,9.253246753246753,91.66666666666669,0.8
1425,1425.0,0.7942173398914287,0.8550318719994219,0.000563085533958572,0.2780275898009185,0.0,-0.9812865497076022,154.0,9.25974025974026,91.66666666666669,0.8
1426,1426.0,0.7951912473135424,0.8565950306668708,0.0005649988265248047,0.27896073420533507,0.0,-0.9798971482000933,154.0,9.266233766233766,91.66666666666669,0.8
1427,1427.0,0.7961598566916509,0.8582172981452096,0.0005669362168928699,0.27990724445170306,0.0,-0.9785096939967297,154.0,9.272727272727273,91.66666666666669,0.8
1428,1428.0,0.7971231853318966,0.8598404082178704,0.0005688979459556508,0.2808666928511581,0.0,-0.977124183006536,154.0,9.279220779220779,91.66666666666669,0.8
1429,1429.0,0.7980812507330929,0.8612161053763556,0.0005708849689055891,0.2818383691648184,0.0,-0.9757406111499882,154.0,9.285714285714286,91.66666666666669,0.8
1430,1430.0,0.799034070582596,0.8628136958894752,0.0005728967362673055,0.28283386592070653,0.0,-0.9743589743589745,154.0,9.292207792207792,91.66666666666669,0.8
1431,1431.0,0.7999816627521867,0.8642606255919476,0.0005749339961883285,0.2838429033204844,0.0,-0.9729792685767527,154.0,9.2987012987013,91.66666666666669,0.8
1432,1432.0,0.8009240452939275,0.8658708337660999,0.0005769968964624701,0.2848615050073064,1.0,-0.9716014897579142,154.0,9.305194805194805,91.66666666666669,0.8
1433,1433.0,0.7933970205067941,0.8530098329024508,0.0005620372308291768,0.2774908504350287,0.0,-0.9830193068155384,155.0,9.251612903225807,91.66666666666669,0.8
1434,1434.0,0.7943722631321503,0.8546095055468338,0.0005639126996751931,0.27841452661420973,0.0,-0.9816364481636448,155.0,9.258064516129032,91.66666666666669,0.8
1435,1435.0,0.7953422386123314,0.8562325632569078,0.0005658117093513933,0.27934244157399746,0.0,-0.9802555168408826,155.0,9.264516129032257,91.66666666666669,0.8
1436,1436.0,0.7963069636935647,0.8578581475717613,0.0005677344779309907,0.28028025208813223,0.0,-0.9788765088207982,155.0,9.270967741935484,91.66666666666669,0.8
1437,1437.0,0.7972664553181946,0.8592631274884234,0.0005696818328676773,0.281233522651974,0.0,-0.9774994200881464,155.0,9.27741935483871,91.66666666666669,0.8
1438,1438.0,0.7982207306206496,0.8607999945262099,0.0005716535150396125,0.2821965179122997,0.0,-0.9761242466388502,155.0,9.283870967741935,91.66666666666669,0.8
1439,1439.0,0.7991698069233958,0.8623248834698927,0.0005736500257657969,0.2831806042857246,0.0,-0.9747509844799627,155.0,9.290322580645162,91.66666666666669,0.8
1440,1440.0,0.8001137017328742,0.8637686562883454,0.0005756716263706912,0.2841836743756434,1.0,-0.9733796296296295,155.0,9.296774193548387,91.66666666666669,0.8
1441,1441.0,0.7925773512434374,0.8510290232521227,0.0005610398713983617,0.2769722764341793,0.0,-0.9847328244274809,156.0,9.243589743589743,91.66666666666669,0.8
1442,1442.0,0.7935538906512337,0.8527722668002287,0.0005628785786915688,0.2778834934794478,0.0,-0.9833564493758666,156.0,9.25,91.66666666666669,0.8
1443,1443.0,0.7945251940605658,0.8542768108973722,0.0005647401004165776,0.27880108556288247,0.0,-0.9819819819819819,156.0,9.256410256410257,91.66666666666669,0.8
1444,1444.0,0.7954912776630337,0.855847470605878,0.0005666249730511611,0.27972469194583743,0.0,-0.9806094182825482,156.0,9.262820512820513,91.66666666666669,0.8
1445,1445.0,0.7964521578496251,0.8574654894653292,0.0005685333602024294,0.2806545198637438,0.0,-0.9792387543252594,156.0,9.26923076923077,91.66666666666669,0.8
1446,1446.0,0.7974078512067676,0.8589018160407025,0.0005704660990713492,0.28160037328313275,0.0,-0.9778699861687414,156.0,9.275641025641026,91.66666666666669,0.8
1447,1447.0,0.7983583745123597,0.8603771997290192,0.0005724229561928733,0.2825557252015535,0.0,-0.9765031098825154,156.0,9.282051282051283,91.66666666666669,0.8
1448,1448.0,0.7993037447317909,0.8619438146718027,0.0005744043018665145,0.28352781392211457,0.0,-0.9751381215469612,156.0,9.288461538461538,91.66666666666669,0.8
1449,1449.0,0.8002439790139672,0.8634945212634901,0.0005764104991078513,0.28452379539441375,1.0,-0.973775017253278,156.0,9.294871794871796,91.66666666666669,0.8
1450,1450.0,0.7927361662581566,0.8507752253390939,0.0005618948951115511,0.2773715024927666,0.0,-0.9850574712643676,157.0,9.242038216560509,91.66666666666669,0.8
1451,1451.0,0.7937087594608057,0.8524279788833129,0.0005637198342631026,0.27827542975558894,0.0,-0.9836894096025728,157.0,9.248407643312103,91.66666666666669,0.8
1452,1452.0,0.7946761636934788,0.8539527922511218,0.0005655676271595382,0.2791879676331983,0.0,-0.982323232323232,157.0,9.254777070063694,91.66666666666669,0.8
1453,1453.0,0.7956383948010292,0.8552790137441325,0.0005674384644302705,0.28010677743738494,0.0,-0.9809589355356731,157.0,9.261146496815286,91.66666666666669,0.8
1454,1454.0,0.796595468826919,0.8569851271253807,0.0005693329703223914,0.2810292336168856,0.0,-0.9795965153599264,157.0,9.26751592356688,91.66666666666669,0.8
1455,1455.0,0.7975474020093429,0.858508249240811,0.0005712510707591205,0.28196711805704766,0.0,-0.9782359679266897,157.0,9.273885350318471,91.66666666666669,0.8
1456,1456.0,0.7984942107773262,0.8598404082178704,0.0005731931497022409,0.28291573394388997,0.0,-0.9768772893772895,157.0,9.280254777070065,91.66666666666669,0.8
1457,1457.0,0.799435911746828,0.86163761203068,0.0005751593485425595,0.2838778657322296,0.0,-0.9755204758636464,157.0,9.286624203821656,91.66666666666669,0.8
1458,1458.0,0.8003725217168135,0.862881696580447,0.000577150694722127,0.2848645333754873,1.0,-0.9741655235482396,157.0,9.292993630573248,91.66666666666669,0.8
1459,1459.0,0.7928929709864907,0.8506487639999791,0.0005627492981958779,0.2777703525189324,0.0,-0.9853781128626913,158.0,9.240506329113924,91.66666666666669,0.8
1460,1460.0,0.793861657995492,0.8520058105983807,0.0005645611652580159,0.27866727339703434,0.0,-0.9840182648401825,158.0,9.246835443037975,91.66666666666669,0.8
1461,1461.0,0.7948252024118776,0.8535150540773776,0.0005663954112235613,0.2795745868792447,0.0,-0.9826602783481633,158.0,9.253164556962025,91.66666666666669,0.8
1462,1462.0,0.7957836197413005,0.8550318719994219,0.000568252573736996,0.28048793612552314,0.0,-0.9813041495668033,158.0,9.259493670886076,91.66666666666669,0.8
1463,1463.0,0.79673692568722,0.8565129654110968,0.0005701329355822473,0.28140453358966494,0.0,-0.9799498746867166,158.0,9.265822784810126,91.66666666666669,0.8
1464,1464.0,0.7976851361470982,0.8578581475717613,0.0005720364708584348,0.2823335719124003,0.0,-0.9785974499089252,158.0,9.272151898734178,91.66666666666669,0.8
1465,1465.0,0.798628267208573,0.8594782169653102,0.0005739643652134025,0.2832760617973129,0.0,-0.9772468714448235,158.0,9.278481012658228,91.66666666666669,0.8
1466,1466.0,0.7995663351456119,0.8610576904585372,0.0005759160660635668,0.2842295081057373,0.0,-0.9758981355161436,158.0,9.284810126582279,91.66666666666669,0.8
1467,1467.0,0.8004993564146747,0.8625721783815111,0.0005778920868042851,0.2852057527289042,1.0,-0.9745512383549193,158.0,9.291139240506329,91.66666666666669,0.8
1468,1468.0,0.7930477965299327,0.850084576326739,0.0005636039971350013,0.2781689973784252,0.0,-0.9856948228882834,159.0,9.238993710691824,91.66666666666669,0.8
1469,1469.0,0.7940126166802586,0.8515208441236983,0.00056540231050789,0.2790591441240774,0.0,-0.9843430905377808,159.0,9.245283018867925,91.66666666666669,0.8
1470,1470.0,0.7949723399770514,0.8530098329024508,0.0005672231230265257,0.27996055509899415,0.0,-0.9829931972789117,159.0,9.251572327044025,91.66666666666669,0.8
1471,1471.0,0.7959269815941258,0.8546095055468338,0.00056906682473875,0.28086814100120405,0.0,-0.9816451393609789,159.0,9.257861635220126,91.66666666666669,0.8
1472,1472.0,0.7968765569022832,0.8560834911832274,0.0005709332992969284,0.28177976297952034,0.0,-0.980298913043478,159.0,9.264150943396226,91.66666666666669,0.8
1473,1473.0,0.7978210814655773,0.857565145813047,0.0005728230205332787,0.28270055070990097,0.0,-0.9789545145960625,159.0,9.270440251572326,91.66666666666669,0.8
1474,1474.0,0.7987605710375462,0.8591394652061759,0.000574736334375576,0.2836370562510744,0.0,-0.9776119402985073,159.0,9.276729559748428,91.66666666666669,0.8
1475,1475.0,0.799695041557448,0.8605007573721226,0.0005766732703839133,0.2845822695566314,0.0,-0.9762711864406777,159.0,9.283018867924529,91.66666666666669,0.8
1476,1476.0,0.8006245091464738,0.8621864973542401,0.0005786345365247837,0.28554646253682264,1.0,-0.9749322493224932,159.0,9.28930817610063,91.66666666666669,0.8
1477,1477.0,0.7932006733558025,0.8498203723685648,0.0005644583150402013,0.2785677274486743,0.0,-0.9860076732114647,160.0,9.2375,91.66666666666669,0.8
1478,1478.0,0.7941616653211183,0.8515208441236983,0.00056624314274636,0.27945059616443857,0.0,-0.9846639603067207,160.0,9.24375,91.66666666666669,0.8
1479,1479.0,0.7951176055462432,0.8527722668002287,0.0005680513297168889,0.28034633836610623,0.0,-0.983322064457967,160.0,9.25,91.66666666666669,0.8
1480,1480.0,0.7960685088803365,0.8542768108973722,0.0005698813841970898,0.28124803570299023,0.0,-0.9819819819819819,160.0,9.25625,91.66666666666669,0.8
1481,1481.0,0.7970143903687082,0.855679813559898,0.0005717341138001938,0.2821555841965984,0.0,-0.9806437092054916,160.0,9.2625,91.66666666666669,0.8
1482,1482.0,0.7979552652491458,0.8574654894653292,0.0005736094343777195,0.2830686654455012,0.0,-0.9793072424651372,160.0,9.26875,91.66666666666669,0.8
1483,1483.0,0.7988911489482163,0.8587592114106275,0.0005755090405083372,0.28399758136823616,0.0,-0.9779725781074398,160.0,9.275,91.66666666666669,0.8
1484,1484.0,0.7998220570775602,0.8601501707030863,0.0005774316718930154,0.28493586844097124,0.0,-0.9766397124887691,160.0,9.28125,91.66666666666669,0.8
1485,1485.0,0.8007480054301741,0.8616582952910593,0.0005793782122025028,0.28588900676434686,1.0,-0.9753086419753085,160.0,9.2875,91.66666666666669,0.8
1486,1486.0,0.7933516313132424,0.8495549089838709,0.000565312326301566,0.2789656883340478,0.0,-0.9863167339614176,161.0,9.236024844720497,91.66666666666669,0.8
1487,1487.0,0.7943088331207249,0.8510290232521227,0.0005670848791209297,0.27984272437921626,0.0,-0.9849809459762384,161.0,9.24223602484472,91.66666666666669,0.8
1488,1488.0,0.7952610276878394,0.8524279788833129,0.0005688794757463975,0.2807315277469623,0.0,-0.9836469534050178,161.0,9.248447204968944,91.66666666666669,0.8
1489,1489.0,0.796208229546109,0.8539527922511218,0.0005706961743395838,0.28162830652902987,0.0,-0.9823147526304008,161.0,9.254658385093167,91.66666666666669,0.8
1490,1490.0,0.7971504534223471,0.8552790137441325,0.0005725353439475918,0.28253122219646826,0.0,-0.9809843400447427,161.0,9.26086956521739,91.66666666666669,0.8
1491,1491.0,0.7980877142350455,0.8567762490397014,0.0005743973910685318,0.28343732803919053,0.0,-0.9796557120500782,161.0,9.267080745341614,91.66666666666669,0.8
1492,1492.0,0.7990200270907508,0.8582864022251463,0.0005762824994088531,0.28435836794325386,0.0,-0.9783288650580875,161.0,9.273291925465838,91.66666666666669,0.8
1493,1493.0,0.7999474072804161,0.8598404082178704,0.000578190901187991,0.28529013546163823,0.0,-0.9770037954900648,161.0,9.279503105590063,91.66666666666669,0.8
1494,1494.0,0.8008698702757437,0.8612161053763556,0.0005801228907743867,0.28623445452486673,1.0,-0.9756804997768851,161.0,9.285714285714286,91.66666666666669,0.8
1495,1495.0,0.7935006996487551,0.8490570938277785,0.0005661663747920951,0.27936266479214666,0.0,-0.9866220735785951,162.0,9.234567901234568,91.66666666666669,0.8
1496,1496.0,0.7944541486935018,0.8506487639999791,0.0005679261423491588,0.2802347493786217,0.0,-0.9852941176470587,162.0,9.24074074074074,91.66666666666669,0.8
1497,1497.0,0.7954026343961241,0.8520058105983807,0.0005697077035606429,0.2811165888380074,0.0,-0.9839679358717432,162.0,9.246913580246913,91.66666666666669,0.8
1498,1498.0,0.7963461709773481,0.853527926846338,0.0005715112869565664,0.282008383020388,0.0,-0.9826435246995995,162.0,9.253086419753087,91.66666666666669,0.8
1499,1499.0,0.7972847728523126,0.8550318719994219,0.0005733371120742753,0.28290597677624196,0.0,-0.9813208805870579,162.0,9.25925925925926,91.66666666666669,0.8
1500,1500.0,0.7982184546270289,0.8565035089207119,0.0005751854940305276,0.28380648214950194,0.0,-0.9799999999999998,162.0,9.265432098765432,91.66666666666669,0.8
1501,1501.0,0.7991472310948032,0.8578581475717613,0.0005770566417741037,0.28471875318249684,0.0,-0.9786808794137241,162.0,9.271604938271604,91.66666666666669,0.8
1502,1502.0,0.8000711172326616,0.8594017055116928,0.0005789510122844766,0.2856447380554935,1.0,-0.9773635153129161,162.0,9.277777777777779,91.66666666666669,0.8
1503,1503.0,0.7926932402087595,0.8471854996908857,0.0005652941023437467,0.2788970745812998,0.0,-0.9882457307607009,163.0,9.226993865030675,91.66666666666669,0.8
1504,1504.0,0.793647907021277,0.8487287980295283,0.0005670201338761342,0.2797589071479118,0.0,-0.9869237588652482,163.0,9.233128834355828,91.66666666666669,0.8
1505,1505.0,0.7945976400803493,0.850191251930949,0.0005687673223079519,0.28062646017524656,0.0,-0.9856035437430786,163.0,9.239263803680982,91.66666666666669,0.8
1506,1506.0,0.7955424531055961,0.8518792346868423,0.0005705357487925679,0.2815017248229472,0.0,-0.9842850818946436,163.0,9.245398773006135,91.66666666666669,0.8
1507,1507.0,0.7964823600136266,0.8530098329024508,0.0005723263315704928,0.28238786203180516,0.0,-0.9829683698296836,163.0,9.251533742331288,91.66666666666669,0.8
1508,1508.0,0.7974173749145738,0.8546095055468338,0.0005741391837710787,0.28327981939951224,0.0,-0.9816534040671969,163.0,9.257668711656441,91.66666666666669,0.8
1509,1509.0,0.798347512108602,0.8560834911832274,0.0005759740977144982,0.28417568874252275,0.0,-0.9803401811354098,163.0,9.263803680981596,91.66666666666669,0.8
1510,1510.0,0.7992727860824066,0.857565145813047,0.0005778315988235818,0.2850800433316237,0.0,-0.9790286975717437,163.0,9.269938650306749,91.66666666666669,0.8
1511,1511.0,0.8001932115056861,0.8589018160407025,0.0005797118457746138,0.28599997151621953,1.0,-0.9777189499227883,163.0,9.276073619631902,91.66666666666669,0.8
1512,1512.0,0.7928423375436405,0.846869613410867,0.0005661599197192281,0.27929905531701277,0.0,-0.9885361552028216,164.0,9.225609756097562,91.66666666666669,0.8
1513,1513.0,0.7937932815168298,0.8484764704650765,0.0005678736858618112,0.2801549801715328,0.0,-0.9872218550341485,164.0,9.231707317073171,91.66666666666669,0.8
1514,1514.0,0.79473933476291,0.8498203723685648,0.0005696083730884085,0.2810183013469093,0.0,-0.9859092910612064,164.0,9.237804878048781,91.66666666666669,0.8
1515,1515.0,0.7956805107048783,0.8515208441236983,0.0005713642045583033,0.281886467265025,0.0,-0.9845984598459843,164.0,9.24390243902439,91.66666666666669,0.8
1516,1516.0,0.7966168229617492,0.8527964534882481,0.000573142138980138,0.28276715173091327,0.0,-0.9832893579595425,164.0,9.25,91.66666666666669,0.8
1517,1517.0,0.7975482853451482,0.8542768108973722,0.0005749416239578891,0.28365341352028905,0.0,-0.9819819819819819,164.0,9.25609756097561,91.66666666666669,0.8
1518,1518.0,0.7984749118558842,0.855679813559898,0.0005767631955278867,0.2845454172055395,0.0,-0.9806763285024154,164.0,9.262195121951219,91.66666666666669,0.8
1519,1519.0,0.799396716680502,0.8569851271253807,0.0005786067967655661,0.2854422664152797,0.0,-0.9793723941189378,164.0,9.268292682926829,91.66666666666669,0.8
1520,1520.0,0.8003137141878187,0.858508249240811,0.0005804736273448948,0.2863546904210198,1.0,-0.9780701754385963,164.0,9.274390243902438,91.66666666666669,0.8
1521,1521.0,0.7929895933733928,0.846732171712092,0.0005670254369365155,0.2797021235623886,0.0,-0.9888231426692964,165.0,9.224242424242425,91.66666666666669,0.8
1522,1522.0,0.793936850662738,0.8480013458649186,0.0005687269145223448,0.2805507750642606,0.0,-0.9875164257555846,165.0,9.23030303030303,91.66666666666669,0.8
1523,1523.0,0.7948792596774317,0.8495549089838709,0.0005704494535516751,0.28140962495064753,0.0,-0.9862114248194351,165.0,9.236363636363636,91.66666666666669,0.8
1524,1524.0,0.7958168335502247,0.8510290232521227,0.0005721929808969897,0.28227194865215377,0.0,-0.9849081364829395,165.0,9.242424242424242,91.66666666666669,0.8
1525,1525.0,0.7967495856089035,0.8524279788833129,0.000573957874659166,0.28314595527383596,0.0,-0.9836065573770492,165.0,9.248484848484848,91.66666666666669,0.8
1526,1526.0,0.7976775293729353,0.8539527922511218,0.0005757443870227682,0.28402743047051443,0.0,-0.9823066841415464,165.0,9.254545454545454,91.66666666666669,0.8
1527,1527.0,0.7986006785501014,0.8552790137441325,0.0005775527705146695,0.2849148992053483,0.0,-0.9810085134250162,165.0,9.26060606060606,91.66666666666669,0.8
1528,1528.0,0.7995190470331074,0.8567762490397014,0.0005793833805570818,0.28580508962181056,0.0,-0.9797120418848166,165.0,9.266666666666667,91.66666666666669,0.8
1529,1529.0,0.8004326488961829,0.8582172981452096,0.0005812363516502316,0.28670970411896296,1.0,-0.97841726618705,165.0,9.272727272727273,91.66666666666669,0.8
1530,1530.0,0.7931350352695522,0.8462634541320707,0.0005678905416002408,0.28010497890463704,0.0,-0.9891067538126361,166.0,9.22289156626506,91.66666666666669,0.8
1531,1531.0,0.7940786414414394,0.8479676411086311,0.0005695798055730002,0.28094655296213605,0.0,-0.9878075332026997,166.0,9.228915662650602,91.66666666666669,0.8
1532,1532.0,0.7950174412282223,0.8492242292291383,0.0005712903845578313,0.2818002553673026,0.0,-0.9865100087032201,166.0,9.234939759036145,91.66666666666669,0.8
1533,1533.0,0.7959514474786356,0.8506487639999791,0.0005730215152330361,0.28265736127892865,0.0,-0.9852141769949987,166.0,9.240963855421686,91.66666666666669,0.8
1534,1534.0,0.7968806732354455,0.8522077403618711,0.0005747737145791973,0.28352458999303537,0.0,-0.9839200347674923,166.0,9.24698795180723,91.66666666666669,0.8
1535,1535.0,0.7978051317321594,0.8535655368505701,0.0005765475284803864,0.2844013158366601,0.0,-0.9826275787187837,166.0,9.25301204819277,91.66666666666669,0.8
1536,1536.0,0.7987248363897117,0.8550318719994219,0.0005783428895040087,0.2852835979229804,0.0,-0.9813368055555556,166.0,9.259036144578314,91.66666666666669,0.8
1537,1537.0,0.7996398008131343,0.8565035089207119,0.000580160145145828,0.2861684447051224,0.0,-0.98004771199306,166.0,9.265060240963855,91.66666666666669,0.8
1538,1538.0,0.8005500387882019,0.8578581475717613,0.0005819997293400776,0.2870644456321453,1.0,-0.9787602947550931,166.0,9.271084337349398,91.66666666666669,0.8
1539,1539.0,0.7932786902593134,0.8460561906857144,0.0005687553517530463,0.2805077242257768,0.0,-0.9893870478665798,167.0,9.221556886227544,91.66666666666669,0.8
1540,1540.0,0.7942186803039041,0.8474648520039998,0.000570433055285226,0.28134211069617654,0.0,-0.9880952380952379,167.0,9.22754491017964,91.66666666666669,0.8
1541,1541.0,0.7951539053007323,0.8490570938277785,0.0005721309528454151,0.2821899695741249,0.0,-0.9868051049102313,167.0,9.233532934131736,91.66666666666669,0.8
1542,1542.0,0.7960843778205976,0.850191251930949,0.000573849868708616,0.2830425503786183,0.0,-0.985516645049719,167.0,9.239520958083832,91.66666666666669,0.8
1543,1543.0,0.7970101106273108,0.8518792346868423,0.0005755897848235885,0.28390342226800513,0.0,-0.9842298552603155,167.0,9.245508982035927,91.66666666666669,0.8
1544,1544.0,0.7979311166744714,0.8530098329024508,0.0005773505852499121,0.2847746515518032,0.0,-0.9829447322970637,167.0,9.251497005988025,91.66666666666669,0.8
1545,1545.0,0.7988474091021984,0.8546095055468338,0.0005791334632256747,0.285651420817153,0.0,-0.9816612729234089,167.0,9.25748502994012,91.66666666666669,0.8
1546,1546.0,0.7997590012338607,0.8560333144770476,0.0005809376749250088,0.2865319706731107,0.0,-0.9803794739111684,167.0,9.263473053892216,91.66666666666669,0.8
1547,1547.0,0.8006659065727837,0.8574654894653292,0.0005827638616728878,0.287420387995488,1.0,-0.9790993320405086,167.0,9.269461077844312,91.66666666666669,0.8
1548,1548.0,0.793420584838894,0.8455285976793239,0.0005696193439162031,0.280910028180345,0.0,-0.9896640826873384,168.0,9.220238095238095,91.66666666666669,0.8
1549,1549.0,0.7943569931826557,0.8471854996908857,0.0005712856987085808,0.2817369334964584,0.0,-0.9883795997417688,168.0,9.226190476190476,91.66666666666669,0.8
1550,1550.0,0.7952886772742482,0.8484764704650765,0.0005729718356546287,0.2825792187475142,0.0,-0.9870967741935481,168.0,9.232142857142858,91.66666666666669,0.8
1551,1551.0,0.7962156494124629,0.850084576326739,0.0005746786180117074,0.2834277832738326,0.0,-0.9858156028368794,168.0,9.238095238095237,91.66666666666669,0.8
1552,1552.0,0.7971379220880835,0.8515208441236983,0.000576406094135808,0.28428185235194164,0.0,-0.9845360824742269,168.0,9.244047619047619,91.66666666666669,0.8
1553,1553.0,0.7980555079807002,0.8527964534882481,0.0005781546721687663,0.28514778699575455,0.0,-0.983258209916291,168.0,9.25,91.66666666666669,0.8
1554,1554.0,0.7989684199555098,0.8542768108973722,0.0005799244532194699,0.28601905142001216,0.0,-0.9819819819819819,168.0,9.255952380952381,91.66666666666669,0.8
1555,1555.0,0.7998766710600959,0.855679813559898,0.0005817157111074701,0.28689595105669025,0.0,-0.980707395498392,168.0,9.261904761904763,91.66666666666669,0.8
1556,1556.0,0.8007802745211832,0.8569851271253807,0.0005835285768126932,0.2877770329649958,1.0,-0.979434447300771,168.0,9.267857142857142,91.66666666666669,0.8
1557,1557.0,0.7935607449865187,0.845348908431923,0.0005704837234088626,0.28131199730203466,0.0,-0.989937914793406,169.0,9.218934911242604,91.66666666666669,0.8
1558,1558.0,0.7944936055044391,0.846869613410867,0.0005721381149833732,0.28213257268300684,0.0,-0.9886606760804451,169.0,9.224852071005918,91.66666666666669,0.8
1559,1559.0,0.7954217820342304,0.8484764704650765,0.0005738120181873542,0.2829685247011823,0.0,-0.9873850759033567,169.0,9.23076923076923,91.66666666666669,0.8
1560,1560.0,0.796345286608474,0.8495549089838709,0.0005755071501807614,0.28381294962815107,0.0,-0.9861111111111112,169.0,9.236686390532544,91.66666666666669,0.8
1561,1561.0,0.7972641314507005,0.8510290232521227,0.000577222571664163,0.2846608803314075,0.0,-0.9848387785607515,169.0,9.242603550295858,91.66666666666669,0.8
1562,1562.0,0.7981783289722654,0.8524279788833129,0.0005789586538376229,0.2855205806116142,0.0,-0.9835680751173708,169.0,9.248520710059172,91.66666666666669,0.8
1563,1563.0,0.7990878917691907,0.8539527922511218,0.0005807158468998749,0.2863871458185866,0.0,-0.9822989976540839,169.0,9.254437869822485,91.66666666666669,0.8
1564,1564.0,0.7999928326190051,0.8552790137441325,0.0005824942853225339,0.28725959436108794,0.0,-0.9810315430520034,169.0,9.2603550295858,91.66666666666669,0.8
1565,1565.0,0.800893164477559,0.8567762490397014,0.0005842942730919314,0.28813439296373883,1.0,-0.9797657082002129,169.0,9.266272189349113,91.66666666666669,0.8
1566,1566.0,0.7936991961750457,0.8451127394944548,0.0005713474245412219,0.28171332649130626,0.0,-0.9902085994040015,170.0,9.217647058823529,91.66666666666669,0.8
1567,1567.0,0.7946285422025147,0.8465051417732294,0.0005729902836832673,0.28252877227538564,0.0,-0.9889385237183577,170.0,9.223529411764705,91.66666666666669,0.8
1568,1568.0,0.7955532439843038,0.8479676411086311,0.0005746530346177665,0.2833574957708316,0.0,-0.9876700680272106,170.0,9.229411764705882,91.66666666666669,0.8
1569,1569.0,0.796473313292443,0.8492242292291383,0.0005763357478061166,0.2841974342590241,0.0,-0.9864032292330569,170.0,9.235294117647058,91.66666666666669,0.8
1570,1570.0,0.7973887620888525,0.8507752253390939,0.0005780391541787594,0.2850400796156238,0.0,-0.9851380042462845,170.0,9.241176470588234,91.66666666666669,0.8
1571,1571.0,0.7982996025222756,0.8522077403618711,0.0005797629715030206,0.2858930755382642,0.0,-0.9838743899851472,170.0,9.24705882352941,91.66666666666669,0.8
1572,1572.0,0.7992058469251819,0.8535655368505701,0.0005815076766360424,0.28675516617549723,0.0,-0.9826123833757419,170.0,9.25294117647059,91.66666666666669,0.8
1573,1573.0,0.8001075078106489,0.8550318719994219,0.0005832733970500086,0.28762256025785204,1.0,-0.9813519813519811,170.0,9.258823529411766,91.66666666666669,0.8
1574,1574.0,0.792905482699551,0.8434720571778601,0.0005705986309326907,0.2813110331985857,0.0,-0.9917407878017788,171.0,9.210526315789474,91.66666666666669,0.8
1575,1575.0,0.7938359633842067,0.8447249852221251,0.0005722106003047659,0.28211429409903244,0.0,-0.9904761904761903,171.0,9.216374269005849,91.66666666666669,0.8
1576,1576.0,0.7947618277286039,0.8462037743016206,0.0005738421907068173,0.28292474663455214,0.0,-0.9892131979695431,171.0,9.222222222222221,91.66666666666669,0.8
1577,1577.0,0.7956830870579042,0.8474648520039998,0.0005754931015637956,0.28374674050805226,0.0,-0.9879518072289155,171.0,9.228070175438596,91.66666666666669,0.8
1578,1578.0,0.7965997528891051,0.8490570938277785,0.00057716451568212,0.2845809506096049,0.0,-0.9866920152091252,171.0,9.23391812865497,91.66666666666669,0.8
1579,1579.0,0.7975118369280283,0.8506487639999791,0.0005788552627719861,0.2854191330521973,0.0,-0.9854338188727041,171.0,9.239766081871345,91.66666666666669,0.8
1580,1580.0,0.7984193510663052,0.8518792346868423,0.0005805674927915695,0.2862659660779601,0.0,-0.9841772151898731,171.0,9.24561403508772,91.66666666666669,0.8
1581,1581.0,0.7993223073783347,0.8530098329024508,0.0005822993653634528,0.2871226795127192,0.0,-0.9829222011385197,171.0,9.251461988304094,91.66666666666669,0.8
1582,1582.0,0.800220718118207,0.8546095055468338,0.0005840531049692838,0.2879846812556116,1.0,-0.9816687737041718,171.0,9.257309941520468,91.66666666666669,0.8
1583,1583.0,0.793044078797032,0.8429766905607456,0.0005714723815457464,0.2817163455022192,0.0,-0.9919983154348282,172.0,9.209302325581396,91.66666666666669,0.8
1584,1584.0,0.7939710711125352,0.8445008056125097,0.0005730735802946234,0.28251522648480865,0.0,-0.9907407407407407,172.0,9.215116279069768,91.66666666666669,0.8
1585,1585.0,0.7948934860645084,0.8460561906857144,0.0005746936270603642,0.28332069848806835,0.0,-0.9894847528916928,172.0,9.220930232558139,91.66666666666669,0.8
1586,1586.0,0.7958113347295958,0.8471854996908857,0.0005763334066099956,0.2841352950570255,0.0,-0.9882303488860866,172.0,9.226744186046512,91.66666666666669,0.8
1587,1587.0,0.7967246283751519,0.84870228066841,0.0005779931097787736,0.2849639374781967,0.0,-0.9869775257298885,172.0,9.232558139534884,91.66666666666669,0.8
1588,1588.0,0.7976333784562806,0.850084576326739,0.0005796725936811555,0.28579809626686714,0.0,-0.9857262804366078,172.0,9.238372093023257,91.66666666666669,0.8
1589,1589.0,0.7985375966128724,0.8515208441236983,0.0005813722834650031,0.2866385019462268,0.0,-0.9844766100272708,172.0,9.244186046511627,91.66666666666669,0.8
1590,1590.0,0.799437294666605,0.8527964534882481,0.0005830923573745732,0.28748998696605027,0.0,-0.9832285115303983,172.0,9.25,91.66666666666669,0.8
1591,1591.0,0.8003324846179303,0.8542768108973722,0.0005848332657164775,0.28834666121181557,1.0,-0.9819819819819819,172.0,9.255813953488373,91.66666666666669,0.8
1592,1592.0,0.7931810071592994,0.8428599953707243,0.0005723460784906439,0.28212091746335166,0.0,-0.9922529313232828,173.0,9.208092485549132,91.66666666666669,0.8
1593,1593.0,0.794104543388933,0.8442301179700723,0.0005739360872208898,0.2829157391523977,0.0,-0.9910023017367648,173.0,9.213872832369942,91.66666666666669,0.8
1594,1594.0,0.7950235407333877,0.8455285976793239,0.0005755451037665969,0.2837160363665997,0.0,-0.9897532413216226,173.0,9.219653179190752,91.66666666666669,0.8
1595,1595.0,0.7959380100260701,0.846869613410867,0.0005771734291477052,0.2845237260756201,0.0,-0.9885057471264367,173.0,9.22543352601156,91.66666666666669,0.8
1596,1596.0,0.7968479622899484,0.8484764704650765,0.0005788215884424994,0.2853469856316859,0.0,-0.9872598162071844,173.0,9.23121387283237,91.66666666666669,0.8
1597,1597.0,0.7977534087346697,0.8498203723685648,0.0005804894431162298,0.28617736011836925,0.0,-0.9860154456272177,173.0,9.236994219653178,91.66666666666669,0.8
1598,1598.0,0.79865436075362,0.8510290232521227,0.0005821770752998164,0.2870112465198376,0.0,-0.9847726324572381,173.0,9.242774566473988,91.66666666666669,0.8
1599,1599.0,0.79955082992099,0.8524279788833129,0.0005838851982249503,0.2878571167750209,0.0,-0.9835313737752762,173.0,9.248554913294798,91.66666666666669,0.8
1600,1600.0,0.8004428279888035,0.8539527922511218,0.0005856139005589202,0.28870914069015163,1.0,-0.9822916666666666,173.0,9.254335260115607,91.66666666666669,0.8
1601,1601.0,0.7933162918610859,0.8424769191101238,0.0005732189499288663,0.2825257907602101,0.0,-0.9925046845721424,174.0,9.206896551724139,91.66666666666669,0.8
1602,1602.0,0.7942364037839199,0.8437235805525277,0.000574797634724976,0.28331567905962984,0.0,-0.9912609238451935,174.0,9.21264367816092,91.66666666666669,0.8
1603,1603.0,0.7951520148107346,0.8453366013210357,0.0005763962925794992,0.2841111075515578,0.0,-0.9900187149095445,174.0,9.218390804597702,91.66666666666669,0.8
1604,1604.0,0.7960631355368352,0.846732171712092,0.0005780135386427592,0.28491334122677575,0.0,-0.9887780548628429,174.0,9.224137931034482,91.66666666666669,0.8
1605,1605.0,0.7969697767459595,0.8480013458649186,0.000579650094860693,0.28572972508724187,0.0,-0.9875389408099686,174.0,9.229885057471265,91.66666666666669,0.8
1606,1606.0,0.7978719494074161,0.8495549089838709,0.0005813063075297249,0.28655592434393734,0.0,-0.9863013698630136,174.0,9.235632183908047,91.66666666666669,0.8
1607,1607.0,0.7987696646732124,0.8507752253390939,0.0005829824291878089,0.2873846442875744,0.0,-0.9850653391412569,174.0,9.241379310344827,91.66666666666669,0.8
1608,1608.0,0.7996629338751567,0.8522077403618711,0.0005846785991525943,0.2882238096493199,0.0,-0.983830845771144,174.0,9.24712643678161,91.66666666666669,0.8
1609,1609.0,0.8005517685219445,0.8535655368505701,0.0005863950185600079,0.28907159893486545,1.0,-0.9825978868862648,174.0,9.25287356321839,91.66666666666669,0.8
1610,1610.0,0.7934499565190272,0.8422875819958636,0.0005740914734663557,0.28293053736357054,0.0,-0.9927536231884055,175.0,9.205714285714286,91.66666666666669,0.8
1611,1611.0,0.7943666754205737,0.8437235805525277,0.0005756598612771263,0.28371531893002905,0.0,-0.9915166563211255,175.0,9.211428571428572,91.66666666666669,0.8
1612,1612.0,0.7952789309350208,0.8450274123056783,0.0005772470989909721,0.28450559294273386,0.0,-0.9902812241521917,175.0,9.217142857142857,91.66666666666669,0.8
1613,1613.0,0.7961867334246159,0.8465051417732294,0.0005788531582176196,0.28530295698958025,0.0,-0.989047323827237,175.0,9.222857142857142,91.66666666666669,0.8
1614,1614.0,0.7970900934388733,0.8479676411086311,0.0005804782176933329,0.2861126105414327,0.0,-0.9878149524989674,175.0,9.228571428571428,91.66666666666669,0.8
1615,1615.0,0.7979890217117788,0.8491919165111961,0.0005821234008199193,0.2869337112607033,0.0,-0.9865841073271413,175.0,9.234285714285715,91.66666666666669,0.8
1616,1616.0,0.7988835291589595,0.8506487639999791,0.0005837876458906151,0.28775786033770884,0.0,-0.9853547854785476,175.0,9.24,91.66666666666669,0.8
1617,1617.0,0.7997736268748319,0.8518792346868423,0.0005854721651384917,0.28859097926303234,0.0,-0.984126984126984,175.0,9.245714285714286,91.66666666666669,0.8
1618,1618.0,0.8006593261297348,0.8530098329024508,0.0005871759271286956,0.289433588057861,1.0,-0.9829007004532342,175.0,9.251428571428571,91.66666666666669,0.8
1619,1619.0,0.7935820243025671,0.8421429498486359,0.0005749632039904297,0.2833348778506803,0.0,-0.9929997941115916,176.0,9.204545454545455,91.66666666666669,0.8
1620,1620.0,0.7944953809851482,0.8433287379538689,0.0005765211870242517,0.2841143348044914,0.0,-0.9917695473251027,176.0,9.210227272727273,91.66666666666669,0.8
1621,1621.0,0.7954043113180772,0.8447249852221251,0.0005780976099625785,0.28489997814570206,0.0,-0.9905408184248403,176.0,9.215909090909092,91.66666666666669,0.8
1622,1622.0,0.7963088254354446,0.8461110508271,0.000579692815841255,0.28569247478915516,0.0,-0.9893136046033701,176.0,9.221590909090908,91.66666666666669,0.8
1623,1623.0,0.7972089336574493,0.8474648520039998,0.0005813070354784711,0.28649535201610177,0.0,-0.9880879030601766,176.0,9.227272727272727,91.66666666666669,0.8
1624,1624.0,0.7981046464876473,0.8487287980295283,0.0005829403618751845,0.28731086759059254,0.0,-0.986863711001642,176.0,9.232954545454545,91.66666666666669,0.8
1625,1625.0,0.7989959746101676,0.850191251930949,0.0005845934210730648,0.28813101155761,0.0,-0.9856410256410255,176.0,9.238636363636363,91.66666666666669,0.8
1626,1626.0,0.7998829288869068,0.8515208441236983,0.0005862660201745893,0.2889579172900073,0.0,-0.984419844198442,176.0,9.244318181818182,91.66666666666669,0.8
1627,1627.0,0.8007655203547087,0.8530098329024508,0.0005879584456776791,0.2897954179011284,1.0,-0.9832001639008399,176.0,9.25,91.66666666666669,0.8
1628,1628.0,0.7937125179445497,0.8417871850859249,0.0005758347988531958,0.2837393048942785,0.0,-0.993243243243243,177.0,9.203389830508474,91.66666666666669,0.8
1629,1629.0,0.7946225427374174,0.8429766905607456,0.0005773819400389573,0.2845127630438808,0.0,-0.9920196439533455,177.0,9.209039548022599,91.66666666666669,0.8
1630,1630.0,0.7955281777551555,0.8445008056125097,0.0005789478153141152,0.2852942699250275,0.0,-0.9907975460122698,177.0,9.214689265536723,91.66666666666669,0.8
1631,1631.0,0.7964294329084926,0.8460561906857144,0.0005805315109025518,0.28608189738715095,0.0,-0.9895769466584916,177.0,9.220338983050848,91.66666666666669,0.8
1632,1632.0,0.7973263182930993,0.8471854996908857,0.0005821353645155102,0.2868774477721107,0.0,-0.9883578431372548,177.0,9.225988700564972,91.66666666666669,0.8
1633,1633.0,0.7982188441868799,0.8484764704650765,0.0005837575847943295,0.2876877661870724,0.0,-0.9871402327005512,177.0,9.231638418079097,91.66666666666669,0.8
1634,1634.0,0.799107021047236,0.8498203723685648,0.0005853991063904274,0.2885044050829323,0.0,-0.9859241126070992,177.0,9.23728813559322,91.66666666666669,0.8
1635,1635.0,0.7999908595083051,0.8510290232521227,0.0005870596956116278,0.2893247792313624,0.0,-0.9847094801223242,177.0,9.242937853107344,91.66666666666669,0.8
1636,1636.0,0.8008703703781853,0.8524279788833129,0.0005887406752745655,0.29015711621779133,1.0,-0.9834963325183372,177.0,9.248587570621469,91.66666666666669,0.8
1637,1637.0,0.7938414597515289,0.8413998943412234,0.0005767056675383835,0.2841430391116878,0.0,-0.9934840154754632,178.0,9.202247191011235,91.66666666666669,0.8
1638,1638.0,0.7947481825207188,0.8428599953707243,0.0005782426019857952,0.28491049944491964,0.0,-0.9922669922669922,178.0,9.207865168539326,91.66666666666669,0.8
1639,1639.0,0.7956505516347311,0.844184078362287,0.0005797977513125405,0.28568810212049267,0.0,-0.9910514541387023,178.0,9.213483146067416,91.66666666666669,0.8
1640,1640.0,0.7965485767856152,0.8455285976793239,0.0005813713477098552,0.28647080143645715,0.0,-0.9898373983739837,178.0,9.219101123595506,91.66666666666669,0.8
1641,1641.0,0.7974422678491891,0.846869613410867,0.0005829636153589185,0.2872602169507713,0.0,-0.9886248222628475,178.0,9.224719101123595,91.66666666666669,0.8
1642,1642.0,0.7983316348823735,0.8480013458649186,0.0005845741781663865,0.28806472023998975,0.0,-0.9874137231019082,178.0,9.230337078651685,91.66666666666669,0.8
1643,1643.0,0.7992166881205012,0.8495549089838709,0.0005862050296336595,0.28887733863278964,0.0,-0.9862040981943596,178.0,9.235955056179776,91.66666666666669,0.8
1644,1644.0,0.8000974379746016,0.8510290232521227,0.0005878544572808277,0.2896925468433474,1.0,-0.9849959448499594,178.0,9.241573033707866,91.66666666666669,0.8
1645,1645.0,0.7930610941814504,0.8400354990896354,0.0005760670499967535,0.28378567412747313,0.0,-0.9949341438703139,179.0,9.195530726256983,91.66666666666669,0.8
1646,1646.0,0.7939688716137784,0.8412387833319211,0.0005775761047149359,0.2845459651290273,0.0,-0.9937221547185093,179.0,9.201117318435754,91.66666666666669,0.8
1647,1647.0,0.7948723217717177,0.8424769191101238,0.0005791026267389284,0.28530865678876166,0.0,-0.9925116373203804,179.0,9.206703910614525,91.66666666666669,0.8
1648,1648.0,0.7957714539480218,0.8437235805525277,0.0005806469972694836,0.28608141367393103,0.0,-0.9913025889967635,179.0,9.212290502793296,91.66666666666669,0.8
1649,1649.0,0.7966662776206355,0.8452567997545841,0.0005822103160701234,0.28685935647193367,0.0,-0.990095007074995,179.0,9.217877094972067,91.66666666666669,0.8
1650,1650.0,0.7975568024500909,0.8465051417732294,0.0005837917042457852,0.2876438787851608,0.0,-0.9888888888888889,179.0,9.223463687150838,91.66666666666669,0.8
1651,1651.0,0.7984430382768862,0.8479676411086311,0.0005853919278317758,0.2884415151651553,0.0,-0.98768423177872,179.0,9.22905027932961,91.66666666666669,0.8
1652,1652.0,0.7993249951188366,0.8492242292291383,0.0005870110374260683,0.2892497766378118,0.0,-0.9864810330912026,179.0,9.23463687150838,91.66666666666669,0.8
1653,1653.0,0.8002026831684039,0.8506487639999791,0.0005886492736023743,0.29006029399829786,1.0,-0.9852792901794716,179.0,9.240223463687151,91.66666666666669,0.8
1654,1654.0,0.7931902766692956,0.8400354990896354,0.0005769451281362563,0.2841916319800859,0.0,-0.9951632406287787,180.0,9.194444444444445,91.66666666666669,0.8
1655,1655.0,0.7940947750150386,0.840889013010137,0.0005784459466469813,0.2849485705229031,0.0,-0.9939577039274923,180.0,9.2,91.66666666666669,0.8
1656,1656.0,0.7949949815299103,0.8422875819958636,0.0005799623611645076,0.2857066901011697,0.0,-0.9927536231884055,180.0,9.205555555555556,91.66666666666669,0.8
1657,1657.0,0.7958909052982561,0.8435553308835122,0.0005814966054242196,0.2864744859720363,0.0,-0.9915509957754978,180.0,9.21111111111111,91.66666666666669,0.8
1658,1658.0,0.7967825555883806,0.8450274123056783,0.000583049026773357,0.28724748621305046,0.0,-0.9903498190591071,180.0,9.216666666666667,91.66666666666669,0.8
1659,1659.0,0.7976699418499956,0.8462634541320707,0.0005846198320452886,0.28802737908783876,0.0,-0.989150090415913,180.0,9.222222222222221,91.66666666666669,0.8
1660,1660.0,0.7985530737116258,0.8474648520039998,0.0005862088318835564,0.28881859519602554,0.0,-0.9879518072289155,180.0,9.227777777777778,91.66666666666669,0.8
1661,1661.0,0.7994319609780185,0.8490570938277785,0.0005878170830865596,0.28962138047461505,0.0,-0.9867549668874172,180.0,9.233333333333333,91.66666666666669,0.8
1662,1662.0,0.800306613627507,0.850191251930949,0.0005894441242468565,0.2904278228024098,1.0,-0.9855595667870034,180.0,9.238888888888889,91.66666666666669,0.8
1663,1663.0,0.7933179428147503,0.8389080636482623,0.0005778242652403865,0.28459696166921394,0.0,-0.9953898576869111,181.0,9.193370165745856,91.66666666666669,0.8
1664,1664.0,0.794219191041988,0.8407442124253854,0.0005793152913583816,0.2853504473678902,0.0,-0.9941907051282051,181.0,9.19889502762431,91.66666666666669,0.8
1665,1665.0,0.7951161824468613,0.8421429498486359,0.0005808214192502436,0.28610434158994125,0.0,-0.9929929929929928,181.0,9.204419889502763,91.66666666666669,0.8
1666,1666.0,0.7960089259096759,0.8433287379538689,0.0005823456341399843,0.2868669817034592,0.0,-0.9917967186874748,181.0,9.209944751381215,91.66666666666669,0.8
1667,1667.0,0.7968974304934631,0.8446404855611496,0.0005838876192453342,0.2876356798253721,0.0,-0.990601879624075,181.0,9.215469613259668,91.66666666666669,0.8
1668,1668.0,0.7977817054414647,0.8460561906857144,0.0005854477709606261,0.28841087286397626,0.0,-0.9894084732214228,181.0,9.220994475138122,91.66666666666669,0.8
1669,1669.0,0.7986617601745922,0.8474648520039998,0.0005870261267609603,0.2891950641249641,0.0,-0.9882164969043337,181.0,9.226519337016574,91.66666666666669,0.8
1670,1670.0,0.7995376042888629,0.8486785554643839,0.0005886234649919017,0.28999253995669566,0.0,-0.9870259481037924,181.0,9.232044198895027,91.66666666666669,0.8
1671,1671.0,0.8004092475528178,0.850084576326739,0.0005902392584605135,0.2907956169034542,1.0,-0.9858368242569318,181.0,9.237569060773481,91.66666666666669,0.8
1672,1672.0,0.7934441137505704,0.8389080636482623,0.0005787048327838209,0.28500213707666827,0.0,-0.9956140350877192,182.0,9.192307692307692,91.66666666666669,0.8
1673,1673.0,0.7943421403934537,0.8401850644397469,0.0005801834340138447,0.2857514124885183,0.0,-0.9944211994421199,182.0,9.197802197802197,91.66666666666669,0.8
1674,1674.0,0.7952359447951867,0.8417871850859249,0.0005816804127894074,0.2865021539650978,0.0,-0.9932297889287134,182.0,9.203296703296703,91.66666666666669,0.8
1675,1675.0,0.7961255356363023,0.8429766905607456,0.0005831941702152154,0.28725893684905757,0.0,-0.9920398009950246,182.0,9.208791208791208,91.66666666666669,0.8
1676,1676.0,0.7970109217788193,0.8445008056125097,0.0005847258480552124,0.2880236428859332,0.0,-0.9908512330946699,182.0,9.214285714285714,91.66666666666669,0.8
1677,1677.0,0.7978921122637692,0.8455285976793239,0.0005862751949097546,0.2887939895580134,0.0,-0.9896640826873384,182.0,9.219780219780219,91.66666666666669,0.8
1678,1678.0,0.7987691163086967,0.8471854996908857,0.0005878432776839554,0.28957139725281167,0.0,-0.9884783472387761,182.0,9.225274725274724,91.66666666666669,0.8
1679,1679.0,0.7996419433051376,0.8484764704650765,0.0005894296686403915,0.29036397028299815,0.0,-0.9872940242207662,182.0,9.23076923076923,91.66666666666669,0.8
1680,1680.0,0.8005106028160777,0.8495549089838709,0.00059103460362905,0.2911633427321974,1.0,-0.9861111111111112,182.0,9.236263736263735,91.66666666666669,0.8
1681,1681.0,0.7935688102217717,0.8388262385542857,0.0005795833292043193,0.28540660467183454,0.0,-0.9958358120166566,183.0,9.191256830601093,91.66666666666669,0.8
1682,1682.0,0.7944636433893808,0.8401850644397469,0.000581052453910034,0.28615183712812103,0.0,-0.9946492271105825,183.0,9.19672131147541,91.66666666666669,0.8
1683,1683.0,0.7953542884772997,0.8413998943412234,0.0005825387093097147,0.2868993656986968,0.0,-0.9934640522875815,183.0,9.202185792349727,91.66666666666669,0.8
1684,1684.0,0.7962407539704588,0.8428599953707243,0.0005840425975189004,0.28765025466756605,0.0,-0.9922802850356294,183.0,9.207650273224044,91.66666666666669,0.8
1685,1685.0,0.7971230485340275,0.844184078362287,0.0005855640372702158,0.2884111950649525,0.0,-0.9910979228486645,183.0,9.21311475409836,91.66666666666669,0.8
1686,1686.0,0.798001181010984,0.8455285976793239,0.0005871032766996433,0.28917694697451496,0.0,-0.9899169632265716,183.0,9.218579234972678,91.66666666666669,0.8
1687,1687.0,0.7988751604196636,0.8467447643523113,0.0005886607144993588,0.28994897591593916,0.0,-0.988737403675163,183.0,9.224043715846994,91.66666666666669,0.8
1688,1688.0,0.7997449959512665,0.8480013458649186,0.0005902362622043787,0.2907350685059555,0.0,-0.9875592417061609,183.0,9.229508196721312,91.66666666666669,0.8
1689,1689.0,0.8006106969673598,0.8492242292291383,0.0005918300913589341,0.2915305477591714,1.0,-0.9863824748371817,183.0,9.234972677595628,91.66666666666669,0.8
1690,1690.0,0.7936920525945662,0.8388262385542857,0.0005804602146546064,0.28581021196784,0.0,-0.9960552268244574,184.0,9.190217391304348,91.66666666666669,0.8
1691,1691.0,0.7945837199795395,0.8400354990896354,0.0005819200796483172,0.286551735835079,0.0,-0.9948748275182335,184.0,9.195652173913043,91.66666666666669,0.8
1692,1692.0,0.7954712330339077,0.8412387833319211,0.0005833967810747869,0.28729577531827,0.0,-0.9936958234830575,184.0,9.201086956521738,91.66666666666669,0.8
1693,1693.0,0.7963546000510603,0.8424769191101238,0.000584890565155737,0.2880420829608396,0.0,-0.9925182122465053,184.0,9.206521739130435,91.66666666666669,0.8
1694,1694.0,0.7972338295033867,0.8437235805525277,0.0005864017421566131,0.2887983156827087,0.0,-0.9913419913419912,184.0,9.21195652173913,91.66666666666669,0.8
1695,1695.0,0.7981089300398801,0.8451127394944548,0.0005879309399287197,0.2895594024071225,0.0,-0.990167158308751,184.0,9.217391304347826,91.66666666666669,0.8
1696,1696.0,0.7989799104837181,0.8465051417732294,0.0005894778511275105,0.2903268141972258,0.0,-0.9889937106918238,184.0,9.222826086956522,91.66666666666669,0.8
1697,1697.0,0.7998467798298184,0.8479676411086311,0.0005910423722913662,0.29110645503990273,0.0,-0.9878216460420348,184.0,9.228260869565217,91.66666666666669,0.8
1698,1698.0,0.8007095472423825,0.8490570938277785,0.0005926261338759771,0.2918968640951985,1.0,-0.9866509619159796,184.0,9.233695652173912,91.66666666666669,0.8
1699,1699.0,0.7938138608650519,0.8380467841304874,0.000581336294871099,0.2862134145926767,0.0,-0.9962723170492447,185.0,9.18918918918919,91.66666666666669,0.8
1700,1700.0,0.7947023897520205,0.8400354990896354,0.0005827858942943389,0.2869510333910768,0.0,-0.9950980392156863,185.0,9.194594594594594,91.66666666666669,0.8
1701,1701.0,0.7955867976522853,0.8410399661562346,0.0005842542689870008,0.2876919195609174,0.0,-0.99392514207329,185.0,9.2,91.66666666666669,0.8
1702,1702.0,0.7964670926716815,0.8422875819958636,0.0005857382867440057,0.28843379516883233,0.0,-0.9927536231884055,185.0,9.205405405405406,91.66666666666669,0.8
1703,1703.0,0.7973432830937891,0.8435553308835122,0.000587239582493473,0.2891851657726139,0.0,-0.9915834801330985,185.0,9.21081081081081,91.66666666666669,0.8
1704,1704.0,0.798215377377586,0.8450274123056783,0.0005887581813798109,0.28994151117338435,0.0,-0.9904147104851329,185.0,9.216216216216216,91.66666666666669,0.8
1705,1705.0,0.7990833841550575,0.8462037743016206,0.0005902949859395126,0.2907045011979772,0.0,-0.9892473118279568,185.0,9.221621621621622,91.66666666666669,0.8
1706,1706.0,0.7999473122288033,0.8474648520039998,0.0005918494738382036,0.2914777510985501,0.0,-0.9880812817506839,185.0,9.227027027027027,91.66666666666669,0.8
1707,1707.0,0.800807170569605,0.8487287980295283,0.0005934220635391952,0.2922628205541933,1.0,-0.9869166178480764,185.0,9.232432432432432,91.66666666666669,0.8
1708,1708.0,0.7939342546676844,0.8380467841304874,0.0005822136798545891,0.28661652772083307,0.0,-0.996487119437939,186.0,9.188172043010752,91.66666666666669,0.8
1709,1709.0,0.7948196719414743,0.8389080636482623,0.0005836508022142324,0.28734984868160846,0.0,-0.9953188999414861,186.0,9.193548387096774,91.66666666666669,0.8
1710,1710.0,0.7957010011743272,0.8407442124253854,0.0005851114019450225,0.28808737469699425,0.0,-0.9941520467836258,186.0,9.198924731182796,91.66666666666669,0.8
1711,1711.0,0.7965782502884063,0.8421429498486359,0.0005865854370048249,0.2888251483915512,0.0,-0.9929865575686732,186.0,9.204301075268818,91.66666666666669,0.8
1712,1712.0,0.7974514273823702,0.8433287379538689,0.0005880769900705729,0.2895715239002224,0.0,-0.9918224299065419,186.0,9.209677419354838,91.66666666666669,0.8
1713,1713.0,0.7983205407290562,0.8446080627340206,0.000589585745659389,0.2903238233689625,0.0,-0.9906596614127261,186.0,9.21505376344086,91.66666666666669,0.8
1714,1714.0,0.7991855987731368,0.8460561906857144,0.0005911117845509399,0.2910823344172369,0.0,-0.9894982497082847,186.0,9.220430107526882,91.66666666666669,0.8
1715,1715.0,0.8000466101287582,0.8471854996908857,0.0005926561587065435,0.29184846950487475,1.0,-0.9883381924198249,186.0,9.225806451612904,91.66666666666669,0.8
1716,1716.0,0.7931668580786482,0.8365351852729908,0.0005816747126628102,0.2862957511497962,0.0,-0.9978632478632479,187.0,9.181818181818182,91.66666666666669,0.8
1717,1717.0,0.7940532532835008,0.8379279056579515,0.0005830893240494956,0.28701925630085445,0.0,-0.9966996699669965,187.0,9.18716577540107,91.66666666666669,0.8
1718,1718.0,0.794935585437146,0.8389080636482623,0.0005845193954626802,0.2877483830927628,0.0,-0.9955374466433837,187.0,9.192513368983958,91.66666666666669,0.8
1719,1719.0,0.7958138621043738,0.8407442124253854,0.0005859671846185745,0.28848206002295,0.0,-0.994376575528408,187.0,9.197860962566844,91.66666666666669,0.8
1720,1720.0,0.7966880910274696,0.8417871850859249,0.0005874325813059478,0.2892167211884624,0.0,-0.9932170542635657,187.0,9.203208556149733,91.66666666666669,0.8
1721,1721.0,0.7975582801239602,0.8429766905607456,0.0005889140567384846,0.28995738271222005,0.0,-0.9920588804958357,187.0,9.20855614973262,91.66666666666669,0.8
1722,1722.0,0.7984244374843371,0.8442301179700723,0.0005904127477111948,0.2907058306189534,0.0,-0.9909020518776614,187.0,9.213903743315509,91.66666666666669,0.8
1723,1723.0,0.7992865713697452,0.8455285976793239,0.0005919289698478251,0.29145962171682,0.0,-0.9897465660669373,187.0,9.219251336898395,91.66666666666669,0.8
1724,1724.0,0.8001446902096614,0.846869613410867,0.0005934628705483935,0.29221970795818136,1.0,-0.9885924207269914,187.0,9.224598930481283,91.66666666666669,0.8
1725,1725.0,0.7932875717992276,0.8363251501125293,0.0005825588353199363,0.28670212632969594,0.0,-0.9980676328502416,188.0,9.180851063829786,91.66666666666669,0.8
1726,1726.0,0.7941708756481278,0.8377738640705422,0.000583964126388594,0.2874217650571177,0.0,-0.996910003862495,188.0,9.186170212765957,91.66666666666669,0.8
1727,1727.0,0.795050148790693,0.8389080636482623,0.0005853860057890434,0.28814636619952794,0.0,-0.9957537154989382,188.0,9.191489361702128,91.66666666666669,0.8
1728,1728.0,0.7959253986168393,0.8401850644397469,0.0005868242455182121,0.28887602850897015,0.0,-0.9945987654320987,188.0,9.196808510638299,91.66666666666669,0.8
1729,1729.0,0.7967966326926843,0.8413998943412234,0.0005882790448861415,0.28960778561271133,0.0,-0.9934451513398881,188.0,9.202127659574469,91.66666666666669,0.8
1730,1730.0,0.7976638587583336,0.8428599953707243,0.0005897509831082649,0.2903426729072785,0.0,-0.9922928709055876,188.0,9.207446808510639,91.66666666666669,0.8
1731,1731.0,0.7985270847256326,0.844184078362287,0.0005912397764861411,0.29108747012199143,0.0,-0.9911419218178315,188.0,9.212765957446809,91.66666666666669,0.8
1732,1732.0,0.7993863186759026,0.845348908431923,0.0005927460687194452,0.291836800763836,0.0,-0.9899923017705925,188.0,9.21808510638298,91.66666666666669,0.8
1733,1733.0,0.8002415688576474,0.846732171712092,0.00059426954673158,0.2925921654105351,1.0,-0.9888440084631658,188.0,9.22340425531915,91.66666666666669,0.8
1734,1734.0,0.7934069017523598,0.836174057055469,0.0005834422485573903,0.2871078641326007,0.0,-0.9982698961937715,189.0,9.17989417989418,91.66666666666669,0.8
1735,1735.0,0.7942871403595857,0.8371837726077119,0.0005848378470700159,0.28782327913696454,0.0,-0.9971181556195963,189.0,9.185185185185185,91.66666666666669,0.8
1736,1736.0,0.7951633802237867,0.8388262385542857,0.0005862509734176324,0.2885437425107898,0.0,-0.9959677419354838,189.0,9.19047619047619,91.66666666666669,0.8
1737,1737.0,0.796035628563628,0.8400354990896354,0.0005876800149154928,0.2892697655524825,0.0,-0.9948186528497407,189.0,9.195767195767196,91.66666666666669,0.8
1738,1738.0,0.7969038927726864,0.8412880970506229,0.0005891254825526389,0.28999804776818466,0.0,-0.9936708860759493,189.0,9.201058201058201,91.66666666666669,0.8
1739,1739.0,0.7977681804172659,0.8424769191101238,0.0005905876177978763,0.2907285185981064,0.0,-0.99252443933295,189.0,9.206349206349206,91.66666666666669,0.8
1740,1740.0,0.7986284992341902,0.8437235805525277,0.0005920666628968919,0.29146881452515505,0.0,-0.9913793103448274,189.0,9.211640211640212,91.66666666666669,0.8
1741,1741.0,0.7994848571285692,0.8451127394944548,0.0005935629639149767,0.29221351489274877,0.0,-0.990235496840896,189.0,9.216931216931217,91.66666666666669,0.8
1742,1742.0,0.80033726217155,0.8462634541320707,0.0005950763697666027,0.2929644296706581,1.0,-0.989092996555683,189.0,9.222222222222221,91.66666666666669,0.8
1743,1743.0,0.7935248665814678,0.8360198947438627,0.0005843248319994283,0.28751314740038997,0.0,-0.9984700707592271,190.0,9.178947368421053,91.66666666666669,0.8
1744,1744.0,0.7944020656858702,0.8371837726077119,0.0005857123106627732,0.28822396649532256,0.0,-0.9973241590214066,190.0,9.18421052631579,91.66666666666669,0.8
1745,1745.0,0.795275297635512,0.8388262385542857,0.0005871141548835366,0.28894033777813133,0.0,-0.9961795606494745,190.0,9.189473684210526,91.66666666666669,0.8
1746,1746.0,0.796144569481352,0.8400354990896354,0.0005885342978055033,0.2896628154091329,0.0,-0.9950362733867888,190.0,9.194736842105263,91.66666666666669,0.8
1747,1747.0,0.7970098884479686,0.8410399661562346,0.000589971402105022,0.290388094362281,0.0,-0.9938942949818734,190.0,9.2,91.66666666666669,0.8
1748,1748.0,0.7978712619314026,0.8422875819958636,0.0005914240387065476,0.2911142696268699,0.0,-0.9927536231884055,190.0,9.205263157894738,91.66666666666669,0.8
1749,1749.0,0.7987286974969928,0.8435553308835122,0.0005928934407074039,0.2918497746158454,0.0,-0.9916142557651992,190.0,9.210526315789474,91.66666666666669,0.8
1750,1750.0,0.7995822028771793,0.8447249852221251,0.0005943796912474687,0.29259007971698225,0.0,-0.9904761904761903,190.0,9.215789473684211,91.66666666666669,0.8
1751,1751.0,0.8004317859692792,0.8460561906857144,0.0005958833053378527,0.29333675928961983,1.0,-0.9893394250904244,190.0,9.221052631578948,91.66666666666669,0.8
1752,1752.0,0.7936414845999367,0.8357008582073419,0.0005852069237846498,0.2879180226313134,0.0,-0.9986681887366817,191.0,9.178010471204189,91.66666666666669,0.8
1753,1753.0,0.7945156695723394,0.8368595568013539,0.0005865852313095025,0.28862445671312326,0.0,-0.9975280471572541,191.0,9.18324607329843,91.66666666666669,0.8
1754,1754.0,0.7953859186095787,0.8380467841304874,0.0005879792974998342,0.28933691787139004,0.0,-0.9963892056252375,191.0,9.188481675392671,91.66666666666669,0.8
1755,1755.0,0.7962522385983677,0.8400354990896354,0.0005893866493291814,0.2900554261349335,0.0,-0.9952516619183285,191.0,9.193717277486911,91.66666666666669,0.8
1756,1756.0,0.7971146365977431,0.8407442124253854,0.0005908169610082701,0.2907774858474332,0.0,-0.9941154138192863,191.0,9.198952879581151,91.66666666666669,0.8
1757,1757.0,0.7979731198369475,0.8421429498486359,0.0005922599828572586,0.29149968952145344,0.0,-0.992980459115917,191.0,9.204188481675393,91.66666666666669,0.8
1758,1758.0,0.7988276957132905,0.8433287379538689,0.0005937199229343954,0.2922303179432938,0.0,-0.9918467956010617,191.0,9.209424083769633,91.66666666666669,0.8
1759,1759.0,0.7996783717899971,0.8445008056125097,0.0005951965150197571,0.29296673678599666,0.0,-0.9907144210725791,191.0,9.214659685863875,91.66666666666669,0.8
1760,1760.0,0.8005251557940112,0.8460561906857144,0.0005966893772181441,0.2937090712232381,1.0,-0.9895833333333333,191.0,9.219895287958115,91.66666666666669,0.8
1761,1761.0,0.7937567737984764,0.8354086691054384,0.0005860881229407487,0.2883225677188392,0.0,-0.9988642816581488,192.0,9.177083333333334,91.66666666666669,0.8
1762,1762.0,0.7946279696489078,0.8368595568013539,0.0005874577074149885,0.28902460577582734,0.0,-0.9977298524404083,192.0,9.182291666666666,91.66666666666669,0.8
1763,1763.0,0.7954952604213368,0.8380022782600759,0.0005888432909494372,0.28973332570356924,0.0,-0.9965967101531479,192.0,9.1875,91.66666666666669,0.8
1764,1764.0,0.7963586528416133,0.8389080636482623,0.0005902429857082919,0.29044761828857857,0.0,-0.9954648526077094,192.0,9.192708333333334,91.66666666666669,0.8
1765,1765.0,0.797218153806618,0.8407442124253854,0.0005916615530470338,0.29116624590780055,0.0,-0.9943342776203965,192.0,9.197916666666666,91.66666666666669,0.8
1766,1766.0,0.7980737703821718,0.8417871850859249,0.0005930959683252356,0.29188536096319184,0.0,-0.9932049830124574,192.0,9.203125,91.66666666666669,0.8
1767,1767.0,0.7989255098009445,0.8429766905607456,0.0005945462067743668,0.29261042652470637,0.0,-0.9920769666100735,192.0,9.208333333333334,91.66666666666669,0.8
1768,1768.0,0.7997733794603166,0.8442301179700723,0.0005960131604537418,0.29334315635837693,0.0,-0.9909502262443439,192.0,9.213541666666666,91.66666666666669,0.8
1769,1769.0,0.8006173869202363,0.8455285976793239,0.0005974970120226974,0.2940809451041216,1.0,-0.9898247597512717,192.0,9.21875,91.66666666666669,0.8
1770,1770.0,0.7938707518523048,0.8354086691054384,0.0005869685402243715,0.2887265933991533,0.0,-0.9990583804143125,193.0,9.176165803108809,91.66666666666669,0.8
1771,1771.0,0.7947389832370385,0.8365351852729908,0.000588329704757014,0.28942434819130125,0.0,-0.9979296066252588,193.0,9.181347150259068,91.66666666666669,0.8
1772,1772.0,0.7956033400445964,0.8377738640705422,0.0005897062663395431,0.29012950817877264,0.0,-0.9968021068472535,193.0,9.186528497409327,91.66666666666669,0.8
1773,1773.0,0.7964638288432712,0.8389080636482623,0.0005910984320191985,0.29083954543714735,0.0,-0.9956758789246098,193.0,9.191709844559586,91.66666666666669,0.8
1774,1774.0,0.7973204563710888,0.8401850644397469,0.0005925068651911325,0.29155412997225866,0.0,-0.9945509207065011,193.0,9.196891191709845,91.66666666666669,0.8
1775,1775.0,0.7981732295337606,0.8413998943412234,0.000593931277709281,0.2922706227829583,0.0,-0.9934272300469482,193.0,9.202072538860104,91.66666666666669,0.8
1776,1776.0,0.7990221554026103,0.8428599953707243,0.0005953723061785642,0.2929900306096904,0.0,-0.9923048048048047,193.0,9.207253886010363,91.66666666666669,0.8
1777,1777.0,0.7998672412124846,0.844184078362287,0.0005968294612479025,0.29371919534682317,0.0,-0.9911836428437439,193.0,9.212435233160623,91.66666666666669,0.8
1778,1778.0,0.8007084943596383,0.8452567997545841,0.0005983038593016534,0.2944526035019412,1.0,-0.9900637420322458,193.0,9.217616580310882,91.66666666666669,0.8
1779,1779.0,0.7939834361281222,0.8349854574856738,0.0005878485894273383,0.2891302377131623,0.0,-0.9992505152707514,194.0,9.175257731958762,91.66666666666669,0.8
1780,1780.0,0.7948487273565689,0.8363251501125293,0.0005892009248672842,0.28982383870947814,0.0,-0.9981273408239697,194.0,9.18041237113402,91.66666666666669,0.8
1781,1781.0,0.7957101741582921,0.8377738640705422,0.0005905680826835988,0.29052507882033174,0.0,-0.9970054276623619,194.0,9.185567010309278,91.66666666666669,0.8
1782,1782.0,0.7965677829472603,0.8388262385542857,0.0005919521482141193,0.29123096281432587,0.0,-0.9958847736625513,194.0,9.190721649484535,91.66666666666669,0.8
1783,1783.0,0.7974215603058799,0.8400354990896354,0.0005933514558889337,0.29194202397403735,0.0,-0.9947653767059261,194.0,9.195876288659793,91.66666666666669,0.8
1784,1784.0,0.7982715129829747,0.8412880970506229,0.0005947667848276692,0.2926550765305675,0.0,-0.9936472346786245,194.0,9.20103092783505,91.66666666666669,0.8
1785,1785.0,0.7991176478917618,0.8424769191101238,0.0005961982734382906,0.2933702299820332,0.0,-0.992530345471522,194.0,9.206185567010309,91.66666666666669,0.8
1786,1786.0,0.7999599721077826,0.8437235805525277,0.0005976461937560072,0.29409509782454507,0.0,-0.9914147069802164,194.0,9.211340206185566,91.66666666666669,0.8
1787,1787.0,0.8007984928668165,0.8450274123056783,0.0005991107005780797,0.2948239122356954,1.0,-0.9903003171050175,194.0,9.216494845360824,91.66666666666669,0.8
1788,1788.0,0.7940948436909249,0.8348708916361001,0.0005887278292274779,0.2895337209568244,0.0,-0.9994407158836687,195.0,9.174358974358974,91.66666666666669,0.8
1789,1789.0,0.7949572187323393,0.8360921219465502,0.000590071532533165,0.2902227347347755,0.0,-0.9983230855226382,195.0,9.179487179487179,91.66666666666669,0.8
1790,1790.0,0.7958157791529501,0.8371837726077119,0.0005914303158016522,0.29091967611577046,0.0,-0.9972067039106143,195.0,9.184615384615384,91.66666666666669,0.8
1791,1791.0,0.796670531215555,0.8388262385542857,0.0005928043650617241,0.2916215039385784,0.0,-0.9960915689558905,195.0,9.189743589743589,91.66666666666669,0.8
1792,1792.0,0.7975214813500966,0.8400354990896354,0.0005941948795946002,0.2923291637401428,0.0,-0.9949776785714284,195.0,9.194871794871794,91.66666666666669,0.8
1793,1793.0,0.7983686361516763,0.8410399661562346,0.0005956017634993345,0.2930393596603546,0.0,-0.9938650306748464,195.0,9.2,91.66666666666669,0.8
1794,1794.0,0.7992120023785585,0.8422875819958636,0.0005970240482991283,0.29375035080749445,0.0,-0.9927536231884055,195.0,9.205128205128204,91.66666666666669,0.8
1795,1795.0,0.8000515869501335,0.8435005799651015,0.000598462569778723,0.29447054417406143,1.0,-0.9916434540389971,195.0,9.21025641025641,91.66666666666669,0.8
1796,1796.0,0.7933417177199248,0.8334601102267073,0.0005882861494586552,0.2892646593514289,0.0,-1.0007423904974018,196.0,9.168367346938776,91.66666666666669,0.8
1797,1797.0,0.7942049913106196,0.8346269460739559,0.000589606317154953,0.2899365655413502,0.0,-0.9996290113151547,196.0,9.173469387755102,91.66666666666669,0.8
1798,1798.0,0.7950644738006639,0.8358125141381548,0.0005909414668532894,0.2906212262040553,0.0,-0.9985168705969596,196.0,9.178571428571429,91.66666666666669,0.8
1799,1799.0,0.7959201711369956,0.8371767986419628,0.0005922919015488546,0.2913138532704012,0.0,-0.9974059662775616,196.0,9.183673469387756,91.66666666666669,0.8
1800,1800.0,0.7967720894343321,0.8380467841304874,0.0005936566459206663,0.2920119000219685,0.0,-0.996296296296296,196.0,9.188775510204081,91.66666666666669,0.8
1801,1801.0,0.7976202349732374,0.8400354990896354,0.000595036465781489,0.29271590261849895,0.0,-0.9951878585970755,196.0,9.193877551020408,91.66666666666669,0.8
1802,1802.0,0.7984646141981787,0.8408428790888646,0.0005964364370394183,0.29342301678247507,0.0,-0.994080651128376,196.0,9.198979591836734,91.66666666666669,0.8
1803,1803.0,0.7993052337155541,0.8421429498486359,0.0005978494315962954,0.294130163332053,0.0,-0.9929746718432242,196.0,9.204081632653061,91.66666666666669,0.8
1804,1804.0,0.8001421002916905,0.8433287379538689,0.0005992787544603179,0.29484555406615803,1.0,-0.9918699186991868,196.0,9.209183673469388,91.66666666666669,0.8
1805,1805.0,0.7934535203982793,0.8332876365716535,0.0005891721725775173,0.28967277472633174,0.0,-1.0009233610341641,197.0,9.16751269035533,91.66666666666669,0.8
1806,1806.0,0.7943138954684759,0.8344262199942883,0.0005904841043572734,0.2903386533122531,0.0,-0.999815430047988,197.0,9.17258883248731,91.66666666666669,0.8
1807,1807.0,0.795170508715618,0.8356423292906244,0.0005918108780486083,0.2910194666241657,0.0,-0.9987087253274303,197.0,9.17766497461929,91.66666666666669,0.8
1808,1808.0,0.7960233659429008,0.8368595568013539,0.0005931527656209745,0.29170784295856955,0.0,-0.9976032448377581,197.0,9.182741116751268,91.66666666666669,0.8
1809,1809.0,0.7968724731199703,0.8380467841304874,0.0005945098892036505,0.29240227926535384,0.0,-0.9964989865487377,197.0,9.187817258883248,91.66666666666669,0.8
1810,1810.0,0.7977178363810384,0.8389080636482623,0.0005958800303493713,0.293102137730253,0.0,-0.9953959484346222,197.0,9.192893401015228,91.66666666666669,0.8
1811,1811.0,0.7985594620229516,0.8407442124253854,0.0005972704439016225,0.2938061778175842,0.0,-0.9942941284741393,197.0,9.197969543147208,91.66666666666669,0.8
1812,1812.0,0.7993973565032619,0.8417871850859249,0.000598674893247214,0.2945102543568061,0.0,-0.9931935246504782,197.0,9.203045685279188,91.66666666666669,0.8
1813,1813.0,0.800231526438253,0.8429766905607456,0.000600094887309729,0.2952202230225724,1.0,-0.9920941349512775,197.0,9.208121827411167,91.66666666666669,0.8
1814,1814.0,0.7935640724954672,0.8330490470398495,0.000590057557474602,0.29008080588457913,0.0,-1.0011025358324144,198.0,9.166666666666666,91.66666666666669,0.8
1815,1815.0,0.7944215723634118,0.8341895738783414,0.0005913611800124263,0.2907407184266172,0.0,-0.9999999999999998,198.0,9.171717171717171,91.66666666666669,0.8
1816,1816.0,0.7952753393551787,0.8354086691054384,0.0005926796074346881,0.29141729299998487,0.0,-0.9988986784140967,198.0,9.176767676767676,91.66666666666669,0.8
1817,1817.0,0.7961253791331618,0.8365351852729908,0.0005940128003155726,0.29210144811957256,0.0,-0.9977985690698954,198.0,9.181818181818182,91.66666666666669,0.8
1818,1818.0,0.7969716975248928,0.8379279056579515,0.0005953616230260709,0.29279230647743537,0.0,-0.9966996699669965,198.0,9.186868686868687,91.66666666666669,0.8
1819,1819.0,0.797814300521171,0.8389080636482623,0.000596724957571927,0.29348839497144885,0.0,-0.9956019791094006,198.0,9.191919191919192,91.66666666666669,0.8
1820,1820.0,0.7986531942741807,0.8401850644397469,0.0005981046305055828,0.29418840526826795,0.0,-0.9945054945054945,198.0,9.196969696969697,91.66666666666669,0.8
1821,1821.0,0.799488385095578,0.8413998943412234,0.0005994996728449398,0.2948900308985514,0.0,-0.9934102141680394,198.0,9.202020202020202,91.66666666666669,0.8
1822,1822.0,0.8003198794545581,0.8428599953707243,0.0006009107800413851,0.2955944554676267,1.0,-0.9923161361141601,198.0,9.207070707070708,91.66666666666669,0.8
1823,1823.0,0.7936733902544326,0.8328563663808914,0.0005909420969674398,0.29048879266411115,0.0,-1.0012799414883893,199.0,9.165829145728644,91.66666666666669,0.8
1824,1824.0,0.7945280379181164,0.8341895738783414,0.0005922372170559069,0.2911430351543542,0.0,-1.0001827485380117,199.0,9.170854271356784,91.66666666666669,0.8
1825,1825.0,0.7953789813271915,0.8354086691054384,0.000593547379331281,0.29181459926935954,0.0,-0.9990867579908673,199.0,9.175879396984925,91.66666666666669,0.8
1826,1826.0,0.7962262260061355,0.8364914123945639,0.000594872775290725,0.2924947504320199,0.0,-0.9979919678714859,199.0,9.180904522613066,91.66666666666669,0.8
1827,1827.0,0.7970697776432416,0.8377738640705422,0.0005962127189524438,0.29318222048602255,0.0,-0.9968983762087209,199.0,9.185929648241206,91.66666666666669,0.8
1828,1828.0,0.7979096420887893,0.8389080636482623,0.0005975681048119146,0.29387405188186727,0.0,-0.99580598103574,199.0,9.190954773869347,91.66666666666669,0.8
1829,1829.0,0.79874582535318,0.8400687958560797,0.0005989387123787858,0.2945706638493152,0.0,-0.9947147803900127,199.0,9.195979899497488,91.66666666666669,0.8
1830,1830.0,0.7995783336050672,0.8412880970506229,0.0006003248673160265,0.29526898843715704,0.0,-0.9936247723132967,199.0,9.201005025125628,91.66666666666669,0.8
1831,1831.0,0.8004071731694347,0.8424769191101238,0.0006017266926672603,0.2959693182693167,1.0,-0.9925359548516293,199.0,9.206030150753769,91.66666666666669,0.8
1832,1832.0,0.7937814896417712,0.8325729948477395,0.0005918259064714713,0.29089649883218016,0.0,-1.0014556040756912,200.0,9.165,91.66666666666669,0.8
1833,1833.0,0.7946333077850061,0.8335671437008874,0.0005931124430460865,0.29154575325603016,0.0,-1.0003637024913616,200.0,9.17,91.66666666666669,0.8
1834,1834.0,0.7954814499751958,0.8349854574856738,0.0005944152399189922,0.2922117093868009,0.0,-0.9992729916394036,200.0,9.175,91.66666666666669,0.8
1835,1835.0,0.7963259216017132,0.836174057055469,0.0005957319148062109,0.2928877380725555,0.0,-0.9981834695731153,200.0,9.18,91.66666666666669,0.8
1836,1836.0,0.797166728216436,0.8371837726077119,0.0005970625979565699,0.2935712463520479,0.0,-0.9970951343500363,200.0,9.185,91.66666666666669,0.8
1837,1837.0,0.798003875531941,0.8388262385542857,0.0005984099351823162,0.2942590636522017,0.0,-0.996007984031936,200.0,9.19,91.66666666666669,0.8
1838,1838.0,0.7988373694196746,0.8400354990896354,0.0005997718499565323,0.294952204426344,0.0,-0.9949220166848021,200.0,9.195,91.66666666666669,0.8
1839,1839.0,0.7996672159080999,0.8410399661562346,0.0006011495124697194,0.295647815920367,0.0,-0.993837230378829,200.0,9.2,91.66666666666669,0.8
1840,1840.0,0.8004934211808244,0.8422875819958636,0.0006025424243808836,0.2963441138303011,1.0,-0.9927536231884055,200.0,9.205,91.66666666666669,0.8
1841,1841.0,0.7938883863536875,0.8325729948477395,0.0005927085928979758,0.29130348668164346,0.0,-1.001629549158066,201.0,9.164179104477611,91.66666666666669,0.8
1842,1842.0,0.7947373973520373,0.8335671437008874,0.0005939882823842,0.29194813014568144,0.0,-1.0005428881650378,201.0,9.16915422885572,91.66666666666669,0.8
1843,1843.0,0.7955827603840849,0.8348708916361001,0.0005952821407985898,0.29260863794508224,0.0,-0.9994574064026043,201.0,9.17412935323383,91.66666666666669,0.8
1844,1844.0,0.7964244807068548,0.8360198947438627,0.0005965906307673174,0.2932802250607337,0.0,-0.9983731019522777,201.0,9.17910447761194,91.66666666666669,0.8
1845,1845.0,0.7972625637385617,0.8371837726077119,0.0005979138431480129,0.29395946901770353,0.0,-0.9972899728997289,201.0,9.18407960199005,91.66666666666669,0.8
1846,1846.0,0.7980970150568367,0.8388262385542857,0.0005992500609235062,0.2946435520786202,0.0,-0.9962080173347778,201.0,9.189054726368159,91.66666666666669,0.8
1847,1847.0,0.7989278403969298,0.8400354990896354,0.0006006032820486806,0.2953333779547743,0.0,-0.9951272333513805,201.0,9.194029850746269,91.66666666666669,0.8
1848,1848.0,0.7997550456498796,0.8408428790888646,0.0006019739597192152,0.2960260420827191,0.0,-0.9940476190476188,201.0,9.199004975124378,91.66666666666669,0.8
1849,1849.0,0.8005786368606738,0.8421429498486359,0.0006033578412876177,0.2967186193872052,1.0,-0.9929691725256895,201.0,9.203980099502488,91.66666666666669,0.8
1850,1850.0,0.7939940958217928,0.832183171694264,0.000593591186524122,0.29170990611940323,0.0,-1.0018018018018018,202.0,9.163366336633663,91.66666666666669,0.8
1851,1851.0,0.7948403217483699,0.8334601102267073,0.0005948626328255782,0.29234999048133764,0.0,-1.0007203313524222,202.0,9.168316831683168,91.66666666666669,0.8
1852,1852.0,0.7956829273856463,0.8346269460739559,0.0005961484441621077,0.29300496505442075,0.0,-0.9996400287976961,202.0,9.173267326732674,91.66666666666669,0.8
1853,1853.0,0.7965219178609839,0.8358125141381548,0.0005974487386997977,0.2936723512887719,0.0,-0.998560892246807,202.0,9.178217821782178,91.66666666666669,0.8
1854,1854.0,0.797357298461636,0.8371767986419628,0.0005987633799325826,0.2943475339756968,0.0,-0.9974829198130168,202.0,9.183168316831683,91.66666666666669,0.8
1855,1855.0,0.7981890746329817,0.8380467841304874,0.0006000930557114978,0.29502806184160413,0.0,-0.9964061096136567,202.0,9.188118811881187,91.66666666666669,0.8
1856,1856.0,0.7990172519767709,0.8389080636482623,0.0006014346370529494,0.29571417623536317,0.0,-0.9953304597701149,202.0,9.193069306930694,91.66666666666669,0.8
1857,1857.0,0.7998418362493217,0.8407442124253854,0.0006027979144962507,0.2964039048681355,0.0,-0.994255968407826,202.0,9.198019801980198,91.66666666666669,0.8
1858,1858.0,0.8006628333597031,0.8417871850859249,0.0006041733642851926,0.29709344828885514,1.0,-0.9931826336562612,202.0,9.202970297029703,91.66666666666669,0.8
1859,1859.0,0.7940986332187527,0.832183171694264,0.0005944723947825771,0.2921158270495621,0.0,-1.001972386587771,203.0,9.16256157635468,91.66666666666669,0.8
1860,1860.0,0.7949420958498776,0.8332876365716535,0.0005957362456350252,0.29275149310640225,0.0,-1.0008960573476702,203.0,9.167487684729064,91.66666666666669,0.8
1861,1861.0,0.7957819655639289,0.8344262199942883,0.0005970141070134686,0.2934005511667609,0.0,-0.9998208848289449,203.0,9.172413793103448,91.66666666666669,0.8
1862,1862.0,0.7966182473612433,0.8356423292906244,0.0005983062971244244,0.2940643794149217,0.0,-0.9987468671679196,203.0,9.177339901477833,91.66666666666669,0.8
1863,1863.0,0.7974509464007371,0.8368595568013539,0.0005996130131242037,0.29473535009156765,0.0,-0.9976740025049202,203.0,9.182266009852217,91.66666666666669,0.8
1864,1864.0,0.7982800679981836,0.8380022782600759,0.0006009344841799544,0.2954124814942254,0.0,-0.996602288984263,203.0,9.187192118226601,91.66666666666669,0.8
1865,1865.0,0.7991056176244696,0.8389080636482623,0.0006022696397365739,0.29609484349159215,0.0,-0.9955317247542448,203.0,9.192118226600986,91.66666666666669,0.8
1866,1866.0,0.7999276009038286,0.8401850644397469,0.0006036215493796465,0.2967808758999098,0.0,-0.9944623079671311,203.0,9.19704433497537,91.66666666666669,0.8
1867,1867.0,0.8007460236120575,0.8413998943412234,0.0006049881895831373,0.29746800978522453,1.0,-0.9933940367791465,203.0,9.201970443349754,91.66666666666669,0.8
1868,1868.0,0.7942020134637974,0.8316816732711975,0.0005953531086541036,0.292521357887014,0.0,-1.0021413276231264,204.0,9.161764705882353,91.66666666666669,0.8
1869,1869.0,0.7950427342845271,0.8330490470398495,0.0005966092497533376,0.29315288086254815,0.0,-1.0010700909577315,204.0,9.166666666666666,91.66666666666669,0.8
1870,1870.0,0.7958798892605049,0.8341895738783414,0.0005978791379227281,0.2937962035730431,0.0,-0.9999999999999998,204.0,9.17156862745098,91.66666666666669,0.8
1871,1871.0,0.796713483267611,0.8354086691054384,0.000599163325008438,0.2944559160883817,0.0,-0.9989310529128808,204.0,9.176470588235293,91.66666666666669,0.8
1872,1872.0,0.7975435213390057,0.8365351852729908,0.0006004618581469526,0.2951228367951234,0.0,-0.9978632478632479,204.0,9.181372549019608,91.66666666666669,0.8
1873,1873.0,0.7983700086634299,0.8377738640705422,0.0006017750896276803,0.2957967528669278,0.0,-0.9967965830218899,204.0,9.186274509803921,91.66666666666669,0.8
1874,1874.0,0.7991929505834896,0.8389080636482623,0.0006031029443664412,0.29647503369439343,0.0,-0.9957310565635002,204.0,9.191176470588236,91.66666666666669,0.8
1875,1875.0,0.8000123525939247,0.8401850644397469,0.0006044458004681302,0.29715768482401134,1.0,-0.9946666666666664,204.0,9.196078431372548,91.66666666666669,0.8
1876,1876.0,0.7934627073546586,0.8305161361889077,0.000594999227952573,0.29229858735337405,0.0,-1.0033759772565745,205.0,9.15609756097561,91.66666666666669,0.8
1877,1877.0,0.7943042512280863,0.8316816732711975,0.0005962334588174988,0.29292643789426714,0.0,-1.002308648552655,205.0,9.160975609756097,91.66666666666669,0.8
1878,1878.0,0.7951422514376185,0.8328563663808914,0.0005974815248175235,0.29355425357749304,0.0,-1.0012424565140217,205.0,9.165853658536586,91.66666666666669,0.8
1879,1879.0,0.7959767125795738,0.8341895738783414,0.0005987432216651685,0.2941921178570854,0.0,-1.0001773993258825,205.0,9.170731707317072,91.66666666666669,0.8
1880,1880.0,0.796807639407899,0.8354086691054384,0.0006000192544641392,0.2948469665111554,0.0,-0.999113475177305,205.0,9.175609756097561,91.66666666666669,0.8
1881,1881.0,0.7976350368325118,0.8363251501125293,0.0006013102571288193,0.29551019751776636,0.0,-0.9980506822612085,205.0,9.180487804878048,91.66666666666669,0.8
1882,1882.0,0.7984589099176408,0.8377738640705422,0.0006026147388114572,0.29618050442414046,0.0,-0.9969890187743535,205.0,9.185365853658537,91.66666666666669,0.8
1883,1883.0,0.7992792638801463,0.8388262385542857,0.0006039348245006337,0.2968548241182107,0.0,-0.9959284829173305,205.0,9.190243902439024,91.66666666666669,0.8
1884,1884.0,0.8000961040877888,0.8400354990896354,0.0006052691201491281,0.29753402123240197,1.0,-0.9948690728945506,205.0,9.195121951219512,91.66666666666669,0.8
1885,1885.0,0.7935665433639534,0.8305161361889077,0.0005958853552133599,0.2927058366288569,0.0,-1.0035366931918652,206.0,9.155339805825243,91.66666666666669,0.8
1886,1886.0,0.7944053609399401,0.8314279371057421,0.0005971126931062959,0.2933306229561661,0.0,-1.0024743725698126,206.0,9.160194174757281,91.66666666666669,0.8
1887,1887.0,0.7952406614568871,0.8327135812064222,0.0005983530684829302,0.2939554825202285,0.0,-1.0014131778837658,206.0,9.16504854368932,91.66666666666669,0.8
1888,1888.0,0.7960724493929583,0.8335671437008874,0.0005996064268589345,0.29458847826530277,0.0,-1.0003531073446328,206.0,9.169902912621358,91.66666666666669,0.8
1889,1889.0,0.796900729382616,0.8349854574856738,0.0006008757257251856,0.29523793311270036,0.0,-0.9992941591671076,206.0,9.174757281553399,91.66666666666669,0.8
1890,1890.0,0.7977255062150043,0.836174057055469,0.0006021582481713054,0.295897029000455,0.0,-0.9982363315696647,206.0,9.179611650485437,91.66666666666669,0.8
1891,1891.0,0.798546784832313,0.8371837726077119,0.0006034546626482628,0.29656337607375094,0.0,-0.997179622774546,206.0,9.184466019417476,91.66666666666669,0.8
1892,1892.0,0.7993645703281145,0.8388262385542857,0.000604765272427154,0.29723384527766616,0.0,-0.9961240310077517,206.0,9.189320388349515,91.66666666666669,0.8
1893,1893.0,0.8001788679456732,0.8400354990896354,0.0006060909622758082,0.2979099394029711,1.0,-0.9950695544990313,206.0,9.194174757281553,91.66666666666669,0.8
1894,1894.0,0.7936692445798952,0.829942643528499,0.0005967716428942428,0.2931122900988574,0.0,-1.0036958817317845,207.0,9.154589371980677,91.66666666666669,0.8
1895,1895.0,0.7945053567899413,0.8312100635708694,0.0005979911383087965,0.293733962034887,0.0,-1.0026385224274406,207.0,9.159420289855072,91.66666666666669,0.8
1896,1896.0,0.7953379782574922,0.8325729948477395,0.0005992238676138758,0.29435603874711824,0.0,-1.0015822784810124,207.0,9.16425120772947,91.66666666666669,0.8
1897,1897.0,0.7961671133449537,0.8335671437008874,0.0006004705432225411,0.29498455550002656,0.0,-1.000527148128624,207.0,9.169082125603865,91.66666666666669,0.8
1898,1898.0,0.7969927665697131,0.8348708916361001,0.0006017310705208693,0.29562864631390906,0.0,-0.9994731296101158,207.0,9.173913043478262,91.66666666666669,0.8
1899,1899.0,0.7978149426025515,0.8360198947438627,0.0006030056843786497,0.29628353338134933,0.0,-0.9984202211690363,207.0,9.178743961352657,91.66666666666669,0.8
1900,1900.0,0.7986336462660301,0.8371767986419628,0.0006042945066933195,0.2969457461543721,0.0,-0.9973684210526315,207.0,9.183574879227054,91.66666666666669,0.8
1901,1901.0,0.7994488825328494,0.8380467841304874,0.0006055966393301419,0.2976128116466012,0.0,-0.9963177275118356,207.0,9.18840579710145,91.66666666666669,0.8
1902,1902.0,0.8002606565241972,0.8400354990896354,0.0006069111415756967,0.29828552448701845,1.0,-0.9952681388012619,207.0,9.193236714975846,91.66666666666669,0.8
1903,1903.0,0.7937708252352077,0.829942643528499,0.0005976572341420322,0.29351785490145393,0.0,-1.0038535645472062,208.0,9.153846153846153,91.66666666666669,0.8
1904,1904.0,0.7946042527359013,0.8310585541264663,0.0005988689542623553,0.29413683477564284,0.0,-1.0028011204481793,208.0,9.158653846153847,91.66666666666669,0.8
1905,1905.0,0.7954342155268591,0.832183171694264,0.0006000941381819207,0.29475617512450963,0.0,-1.0017497812773404,208.0,9.163461538461538,91.66666666666669,0.8
1906,1906.0,0.7962607178570734,0.8334601102267073,0.0006013332060799483,0.29538015150980557,0.0,-1.000699545295558,208.0,9.16826923076923,91.66666666666669,0.8
1907,1907.0,0.7970837641292129,0.8346269460739559,0.0006025859625523487,0.2960188475081012,0.0,-0.9996504107673483,208.0,9.173076923076923,91.66666666666669,0.8
1908,1908.0,0.7979033588980483,0.8358125141381548,0.0006038526683789939,0.29666965276671814,0.0,-0.9986023759608664,208.0,9.177884615384615,91.66666666666669,0.8
1909,1909.0,0.7987195068688727,0.8368595568013539,0.0006051334149958121,0.29732809363283697,0.0,-0.997555439147896,208.0,9.182692307692308,91.66666666666669,0.8
1910,1910.0,0.7995322128958842,0.8380467841304874,0.0006064285609542302,0.29799188911852326,0.0,-0.9965095986038393,208.0,9.1875,91.66666666666669,0.8
1911,1911.0,0.8003414819805565,0.8389080636482623,0.0006077362517917216,0.29866079689956665,1.0,-0.9954648526077094,208.0,9.192307692307692,91.66666666666669,0.8
1912,1912.0,0.7938712993296807,0.8297175587667258,0.0005985415816886198,0.29392316256950124,0.0,-1.004009762900976,209.0,9.15311004784689,91.66666666666669,0.8
1913,1913.0,0.7947020625077161,0.8310585541264663,0.0005997457759713095,0.29453904248148,0.0,-1.0029621885345876,209.0,9.157894736842104,91.66666666666669,0.8
1914,1914.0,0.7955293867294183,0.832183171694264,0.0006009637087737503,0.29515571617812564,0.0,-1.0019157088122603,209.0,9.16267942583732,91.66666666666669,0.8
1915,1915.0,0.796353276132669,0.8332876365716535,0.0006021951775762208,0.2957754308490829,0.0,-1.0008703220191468,209.0,9.167464114832535,91.66666666666669,0.8
1916,1916.0,0.797173735007713,0.8344262199942883,0.0006034402628541975,0.29640831823093516,0.0,-0.9998260264439804,209.0,9.17224880382775,91.66666666666669,0.8
1917,1917.0,0.7979907677956207,0.8356423292906244,0.0006046991285588372,0.2970557932469826,0.0,-0.9987828203790643,209.0,9.177033492822966,91.66666666666669,0.8
1918,1918.0,0.7988043790867229,0.8368595568013539,0.0006059718959750393,0.29771012865130714,0.0,-0.9977407021202642,209.0,9.181818181818182,91.66666666666669,0.8
1919,1919.0,0.799614573619026,0.8379279056579515,0.0006072591677061838,0.29837062480432214,0.0,-0.9966996699669965,209.0,9.186602870813397,91.66666666666669,0.8
1920,1920.0,0.8004213562766095,0.8389080636482623,0.0006085602559996611,0.29903592430260484,1.0,-0.9956597222222221,209.0,9.191387559808613,91.66666666666669,0.8
1921,1921.0,0.7939706806349995,0.8297175587667258,0.0005994249671986938,0.29432785321759064,0.0,-1.0041644976574697,210.0,9.152380952380952,91.66666666666669,0.8
1922,1922.0,0.7947987996120813,0.8307630665608822,0.0006006222914137399,0.29494062715231756,0.0,-1.0031217481789803,210.0,9.157142857142857,91.66666666666669,0.8
1923,1923.0,0.7956235051112222,0.8316816732711975,0.0006018319514045384,0.295554930779847,0.0,-1.002080083203328,210.0,9.161904761904761,91.66666666666669,0.8
1924,1924.0,0.7964448011614348,0.8330490470398495,0.0006030565578465626,0.2961705577524401,0.0,-1.001039501039501,210.0,9.166666666666666,91.66666666666669,0.8
1925,1925.0,0.7972626919427934,0.8341895738783414,0.0006042940000456894,0.2967979384863914,0.0,-0.9999999999999998,210.0,9.17142857142857,91.66666666666669,0.8
1926,1926.0,0.7980771817849193,0.8354086691054384,0.000605545200385481,0.2974414172846739,0.0,-0.9989615784008306,210.0,9.176190476190476,91.66666666666669,0.8
1927,1927.0,0.7988882751654444,0.8365351852729908,0.0006068102950383944,0.29809187564165956,0.0,-0.9979242345614945,210.0,9.18095238095238,91.66666666666669,0.8
1928,1928.0,0.7996959767084475,0.8377738640705422,0.0006080893021927393,0.29874933439929907,0.0,-0.9968879668049793,210.0,9.185714285714285,91.66666666666669,0.8
1929,1929.0,0.8005002911828757,0.8388262385542857,0.0006093827177742451,0.29941063186046196,1.0,-0.99585277345775,210.0,9.19047619047619,91.66666666666669,0.8
1930,1930.0,0.7940689826994715,0.829404227641796,0.0006003079639657746,0.2947316752849274,0.0,-1.0043177892918824,211.0,9.151658767772512,91.66666666666669,0.8
1931,1931.0,0.7948944773371106,0.8305921934401037,0.0006014978346570472,0.2953417009267495,0.0,-1.0032798204729843,211.0,9.156398104265403,91.66666666666669,0.8
1932,1932.0,0.795716583704441,0.8316816732711975,0.0006027008764923437,0.2959537367047669,0.0,-1.0022429261559695,211.0,9.161137440758294,91.66666666666669,0.8
1933,1933.0,0.7965353057238009,0.8328563663808914,0.0006039173155460077,0.2965656932668043,0.0,-1.0012071046732194,211.0,9.165876777251185,91.66666666666669,0.8
1934,1934.0,0.7973506474672977,0.8341895738783414,0.0006051468713553873,0.29718782533484234,0.0,-1.0001723543605654,211.0,9.170616113744076,91.66666666666669,0.8
1935,1935.0,0.7981626131553115,0.8349854574856738,0.0006063901950899706,0.2978265860592641,0.0,-0.999138673557278,211.0,9.175355450236967,91.66666666666669,0.8
1936,1936.0,0.7989712071549823,0.8363251501125293,0.0006076480691530619,0.29847350486131025,0.0,-0.9981060606060603,211.0,9.180094786729859,91.66666666666669,0.8
1937,1937.0,0.7997764339786755,0.8371837726077119,0.0006089180338868712,0.29912724434532756,0.0,-0.9970745138530372,211.0,9.184834123222748,91.66666666666669,0.8
1938,1938.0,0.8005782982824242,0.8388262385542857,0.0006102040165767209,0.299784632780676,1.0,-0.9960440316477466,211.0,9.189573459715639,91.66666666666669,0.8
1939,1939.0,0.7941662188526284,0.8291701522970654,0.0006011898530275388,0.29513511980253276,0.0,-1.0044696578992607,212.0,9.150943396226415,91.66666666666669,0.8
1940,1940.0,0.7949891087568255,0.8305161361889077,0.0006023724617240235,0.29574253857668303,0.0,-1.0034364261168385,212.0,9.15566037735849,91.66666666666669,0.8
1941,1941.0,0.7958086353317518,0.8314279371057421,0.0006035682271040388,0.2963518571504183,0.0,-1.002404258973038,212.0,9.160377358490566,91.66666666666669,0.8
1942,1942.0,0.7966248023952217,0.8327135812064222,0.0006047774736380739,0.29696081835030813,0.0,-1.0013731548232063,212.0,9.165094339622641,91.66666666666669,0.8
1943,1943.0,0.7974376139135272,0.8335671437008874,0.0006059987831962566,0.29757819766981736,0.0,-1.0003431120260764,212.0,9.169811320754716,91.66666666666669,0.8
1944,1944.0,0.7982470739999634,0.8349854574856738,0.000607235827740007,0.2982117746765086,0.0,-0.9993141289437586,212.0,9.174528301886792,91.66666666666669,0.8
1945,1945.0,0.7990531869133438,0.8360921219465502,0.0006084854101343599,0.29885463136495,0.0,-0.9982862039417308,212.0,9.179245283018869,91.66666666666669,0.8
1946,1946.0,0.7998559570564848,0.8371837726077119,0.0006097487327644402,0.2995043539256654,0.0,-0.9972593353888317,212.0,9.183962264150944,91.66666666666669,0.8
1947,1947.0,0.8006553889746761,0.8380467841304874,0.0006110242400297316,0.30015837115734023,1.0,-0.9962335216572504,212.0,9.18867924528302,91.66666666666669,0.8
1948,1948.0,0.7942624022097143,0.8290694138650014,0.000602071139261959,0.29553875805669216,0.0,-1.0046201232032854,213.0,9.150234741784038,91.66666666666669,0.8
1949,1949.0,0.7950827067355428,0.8305161361889077,0.0006032455357751913,0.2961429058901224,0.0,-1.0035915854284245,213.0,9.154929577464788,91.66666666666669,0.8
1950,1950.0,0.7958996726106256,0.8314279371057421,0.0006044352627011716,0.29674913454198454,0.0,-1.0025641025641026,213.0,9.15962441314554,91.66666666666669,0.8
1951,1951.0,0.7967133035503556,0.8325729948477395,0.0006056369711870001,0.29735542518970487,0.0,-1.0015376729882113,213.0,9.164319248826292,91.66666666666669,0.8
1952,1952.0,0.7975236034173133,0.8335671437008874,0.0006068518980415585,0.2979683401132278,0.0,-1.000512295081967,213.0,9.169014084507042,91.66666666666669,0.8
1953,1953.0,0.7983305762198237,0.8348708916361001,0.0006080803293087675,0.2985966333495796,0.0,-0.9994879672299026,213.0,9.173708920187794,91.66666666666669,0.8
1954,1954.0,0.7991342261104881,0.8360198947438627,0.0006093222676630799,0.29923546488500935,0.0,-0.9984646878198564,213.0,9.178403755868544,91.66666666666669,0.8
1955,1955.0,0.7999345573846951,0.8371767986419628,0.0006105778786933366,0.2998813843132698,0.0,-0.9974424552429668,213.0,9.183098591549296,91.66666666666669,0.8
1956,1956.0,0.800731574479116,0.8380467841304874,0.0006118471955184763,0.30053212190087214,1.0,-0.9964212678936604,213.0,9.187793427230046,91.66666666666669,0.8
1957,1957.0,0.7943575456760607,0.8289461453316818,0.0006029515351931904,0.2959417538998111,0.0,-1.00476920456481,214.0,9.149532710280374,91.66666666666669,0.8
1958,1958.0,0.7951752839321449,0.829942643528499,0.000604119879734074,0.2965424303815603,0.0,-1.0037453183520597,214.0,9.154205607476635,91.66666666666669,0.8
1959,1959.0,0.7959897079574965,0.8312100635708694,0.0006053014987482443,0.29714586511525815,0.0,-1.0027224774544834,214.0,9.158878504672897,91.66666666666669,0.8
1960,1960.0,0.7968008213671389,0.832183171694264,0.000606495628500784,0.2977495301755851,0.0,-1.001700680272109,214.0,9.163551401869158,91.66666666666669,0.8
1961,1961.0,0.7976086279220075,0.8334680846168887,0.0006077035852331177,0.29835803165760827,0.0,-1.0006799252082268,214.0,9.16822429906542,91.66666666666669,0.8
1962,1962.0,0.798413131527516,0.8346269460739559,0.0006089245144591011,0.2989810655385562,0.0,-0.999660210669385,214.0,9.172897196261681,91.66666666666669,0.8
1963,1963.0,0.7992143362321278,0.8357008582073419,0.0006101588959107741,0.29961597794533207,0.0,-0.9986415350653761,214.0,9.177570093457945,91.66666666666669,0.8
1964,1964.0,0.8000122462258794,0.8368595568013539,0.0006114068990078946,0.3002582366646536,1.0,-0.9976238968092326,214.0,9.182242990654206,91.66666666666669,0.8
1965,1965.0,0.7936331776624934,0.8276945133592746,0.0006026822037113433,0.2957588017952153,0.0,-1.0059372349448683,215.0,9.144186046511628,91.66666666666669,0.8
1966,1966.0,0.794451661951363,0.8287717501881705,0.0006038311576699834,0.2963439567463995,0.0,-1.004916920990166,215.0,9.148837209302325,91.66666666666669,0.8
1967,1967.0,0.7952668528042597,0.8298848623196244,0.0006049926976920395,0.2969412213071112,0.0,-1.0038976444670396,215.0,9.153488372093022,91.66666666666669,0.8
1968,1968.0,0.7960787535918401,0.8310585541264663,0.0006061670080650073,0.2975419369173191,0.0,-1.0028794037940378,215.0,9.158139534883722,91.66666666666669,0.8
1969,1969.0,0.7968873678307729,0.832183171694264,0.0006073542745769466,0.2981430668273231,0.0,-1.0018621973929234,215.0,9.162790697674419,91.66666666666669,0.8
1970,1970.0,0.7976926991823581,0.8332876365716535,0.0006085546149601277,0.29874744271319914,0.0,-1.0008460236886632,215.0,9.167441860465116,91.66666666666669,0.8
1971,1971.0,0.7984947514511278,0.8344055142158154,0.0006097681483949735,0.29936478624863083,0.0,-0.9998308811094196,215.0,9.172093023255814,91.66666666666669,0.8
1972,1972.0,0.7992935285834281,0.8356423292906244,0.0006109948759454702,0.2999964911835292,0.0,-0.9988167680865447,215.0,9.17674418604651,91.66666666666669,0.8
1973,1973.0,0.8000890346659721,0.8365351852729908,0.0006122351371396351,0.30063480744654525,1.0,-0.9978036830545698,215.0,9.18139534883721,91.66666666666669,0.8
1974,1974.0,0.7937288320291516,0.8274057853651774,0.0006035679077311109,0.29616542261594886,0.0,-1.0060790273556228,216.0,9.143518518518519,91.66666666666669,0.8
1975,1975.0,0.7945447635338427,0.8287717501881705,0.0006047095221977638,0.2967460054847684,0.0,-1.0050632911392405,216.0,9.148148148148149,91.66666666666669,0.8
1976,1976.0,0.7953574256123241,0.8297175587667258,0.0006058645942237891,0.2973398553047017,0.0,-1.0040485829959516,216.0,9.152777777777779,91.66666666666669,0.8
1977,1977.0,0.7961668215401487,0.8307630665608822,0.0006070317791366269,0.29793761854145506,0.0,-1.0030349013657056,216.0,9.157407407407407,91.66666666666669,0.8
1978,1978.0,0.7969729547375956,0.832183171694264,0.0006082113687213401,0.2985363130607523,0.0,-1.0020222446916076,216.0,9.162037037037036,91.66666666666669,0.8
1979,1979.0,0.797775828768308,0.8330490470398495,0.0006094050610793695,0.2991366885336546,0.0,-1.0010106114199089,216.0,9.166666666666666,91.66666666666669,0.8
1980,1980.0,0.7985754473379111,0.8341895738783414,0.0006106112745721378,0.299748708315272,0.0,-0.9999999999999998,216.0,9.171296296296296,91.66666666666669,0.8
1981,1981.0,0.7993718142926168,0.8354086691054384,0.0006118306716180275,0.3003765466323183,0.0,-0.9989904088844017,216.0,9.175925925925926,91.66666666666669,0.8
1982,1982.0,0.8001649336178077,0.8364914123945639,0.0006130635376631634,0.3010111553841074,1.0,-0.9979818365287587,216.0,9.180555555555555,91.66666666666669,0.8
1983,1983.0,0.7938234653597245,0.827374283799321,0.0006044527241079813,0.29657179245654264,0.0,-1.0062195326945704,217.0,9.142857142857142,91.66666666666669,0.8
1984,1984.0,0.7946368627243213,0.8287717501881705,0.00060558632986031,0.2971479906901142,0.0,-1.005208333333333,217.0,9.147465437788018,91.66666666666669,0.8
1985,1985.0,0.7954470144235565,0.829404227641796,0.0006067354301002637,0.29773777826147535,0.0,-1.0041981528127621,217.0,9.152073732718893,91.66666666666669,0.8
1986,1986.0,0.7962539236398043,0.8305921934401037,0.0006078959757435564,0.2983325201408903,0.0,-1.003188989593823,217.0,9.15668202764977,91.66666666666669,0.8
1987,1987.0,0.79705759369888,0.8316816732711975,0.0006090689249376942,0.29892918221134573,0.0,-1.0021808421405805,217.0,9.161290322580646,91.66666666666669,0.8
1988,1988.0,0.7978580280686933,0.8328563663808914,0.0006102549823967309,0.29952589947404923,0.0,-1.0011737089201875,217.0,9.165898617511521,91.66666666666669,0.8
1989,1989.0,0.7986552303578999,0.8341895738783414,0.0006114536090816161,0.30013290989033026,0.0,-1.0001675884028822,217.0,9.170506912442397,91.66666666666669,0.8
1990,1990.0,0.7994492043145219,0.8349854574856738,0.0006126655656410663,0.3007561731527999,0.0,-0.9991624790619764,217.0,9.175115207373272,91.66666666666669,0.8
1991,1991.0,0.8002399538245522,0.8363251501125293,0.0006138912937081159,0.3013873558730512,1.0,-0.9981583793738489,217.0,9.179723502304148,91.66666666666669,0.8
1992,1992.0,0.7939170899948211,0.8271263009888782,0.0006053367859543224,0.29697744359485917,0.0,-1.0063587684069613,218.0,9.142201834862385,91.66666666666669,0.8
1993,1993.0,0.7947279716301755,0.8278484494316878,0.0006064626549972925,0.29754968406961,0.0,-1.005352065562803,218.0,9.146788990825687,91.66666666666669,0.8
1994,1994.0,0.7955356311158349,0.829404227641796,0.0006076062184493139,0.29813494365525034,0.0,-1.0043463724506854,218.0,9.15137614678899,91.66666666666669,0.8
1995,1995.0,0.796340071542873,0.8305161361889077,0.0006087596162331079,0.29872731584381595,0.0,-1.0033416875522136,218.0,9.155963302752294,91.66666666666669,0.8
1996,1996.0,0.7971412961445193,0.8316816732711975,0.0006099255948791033,0.2993215855907389,0.0,-1.0023380093520373,218.0,9.160550458715596,91.66666666666669,0.8
1997,1997.0,0.7979393082948453,0.8327135812064222,0.0006111044279007805,0.2999152613812004,0.0,-1.0013353363378399,218.0,9.1651376146789,91.66666666666669,0.8
1998,1998.0,0.7987341115074295,0.8335671437008874,0.000612294890976297,0.3005176315058581,0.0,-1.0003336670003335,218.0,9.169724770642201,91.66666666666669,0.8
1999,1999.0,0.7995257094340013,0.8349854574856738,0.0006135008563575464,0.3011359197588111,0.0,-0.9993329998332496,218.0,9.174311926605505,91.66666666666669,0.8
