,0
0,37.756748160382855
1,35.72592036419354
2,59.48614130893702
3,35.679340045549644
4,75.10467200940862
5,76.33640039501974
6,71.64472551574178
7,76.87799916588706
8,37.45332389365553
9,82.42656581618691
10,30.243695937945958
11,82.28045558627676
12,93.88348700522135
13,15.451366554065437
14,80.36940886982195
15,9.425601444535337
16,28.265118268067603
17,89.97759208475296
18,49.16986678002285
19,91.25348855588258
20,24.053091575576303
21,98.51223528354373
22,97.00835190489524
23,90.81224498692217
24,82.77668081810138
25,77.89420035638463
26,54.56123888666116
27,8.684262432705614
28,34.97071191792455
29,44.179894891768825
30,13.93223150342493
31,45.89317659744256
32,52.875286396759
33,10.14520150450644
34,31.1554925330641
35,92.23877139202695
36,18.598623657744696
37,22.62403617760713
38,8.160609228208193
39,76.32828206394045
40,4.190548445828557
41,56.70638216906695
42,2.8833036111916233
43,99.5807641159172
44,99.68008400367908
45,42.635289235610166
46,98.53456879774349
47,57.16581964242265
48,29.751919598100642
49,94.76449957104089
50,62.91162452705436
51,88.62761079598106
52,41.01896741093708
53,37.579309708269314
54,37.8852944347568
55,75.60831874914152
56,74.68813408079106
57,68.5768756319263
58,24.608473290603726
59,39.49673587343609
60,81.70878832915237
61,68.20705344696194
62,46.222365457386495
63,53.95959199113385
64,82.35399664634774
65,35.67008553395093
66,51.14711752934461
67,64.97220572420159
68,26.41967630308657
69,57.880062415116264
70,30.09240101370826
71,66.71040192903023
72,6.079748266192864
73,4.037041782421369
74,17.34048115036887
75,76.41617449086262
76,6.858664566002637
77,4.352216044241852
78,69.6764746327067
79,60.71522363647466
80,46.239935256526245
81,94.18374252737316
82,43.98905700797344
83,78.82978966001389
84,40.48738889809249
85,83.17872406077824
86,83.63904699926333
87,13.45825633143669
88,30.08498369188104
89,53.325857355567905
90,38.05047913362903
91,74.55064968435299
92,38.084730352613725
93,76.73373404799324
94,20.220570971552863
95,86.33796769302806
96,34.9598206316094
97,71.53795680603892
98,77.93547542846991
99,58.51009559556495
100,35.691179645883594
101,39.65710250527137
102,89.24275398800091
103,46.98671537739114
104,6.448275747786747
105,34.4186172647706
106,45.63617578719025
107,12.972363682349986
108,12.33793355137328
109,87.75963958546588
110,21.445906891555843
111,10.179017412652547
112,69.53548260350375
113,68.84926261305124
114,10.357733348420862
115,7.990997837061375
116,60.89071870043842
117,24.564963267533034
118,65.44073657975753
119,63.690439135879494
120,61.64028591845647
121,82.86433176526845
122,36.612526160469194
123,7.204642928580807
124,86.18195732015465
125,18.182773585522437
126,89.96312440608222
127,48.85422415175604
128,34.38831641242452
129,32.1721534874633
130,35.755625899127494
131,86.99208150908542
132,10.833060288440022
133,93.09711548240047
134,8.10600062734499
135,77.15824931460253
136,3.0547057879125483
137,42.50926530882777
138,84.62146968668263
139,45.72426623905748
140,16.412077720482532
141,25.091433030120903
142,16.09438939829562
143,1.2284465417659485
144,7.595275714520955
145,74.52218997772029
146,29.84298531014091
147,44.32532363435131
148,33.26813336018306
149,29.49939278460567
150,96.63794617348984
151,12.934246922426574
152,54.63937855855271
153,60.0991407887338
154,52.164665875074256
155,12.415567216252255
156,41.43127197688805
157,10.131878872337497
158,84.9683421258351
159,46.22155641217675
160,9.8407375505287
161,74.77996229775754
162,58.79091517653134
163,97.568482613898
164,51.90752280656168
165,10.992492753964346
166,61.377821414207624
167,82.26322182664366
168,75.95256831802992
169,71.49054320285215
170,83.02553849786871
171,61.79530780103734
172,21.666687801730177
173,93.29659952122607
174,90.3070714479377
175,43.230420100510315
176,51.06649000908583
177,48.63922323282417
178,46.79972188175475
179,7.3102473889727015
180,98.97493349244142
181,23.55904360827893
182,66.70946013039645
183,23.78069078248228
184,2.268442335123466
185,52.38057051152961
186,56.98590075450443
187,94.79912729216315
188,7.76161064595523
189,19.176498298682986
190,60.31652577691607
191,20.800949247561796
192,90.87772437476708
193,66.7372709488372
194,81.87991439995474
195,8.272552705677615
196,36.20642559475079
197,18.101875034973315
198,78.33766099315767
199,47.50730240557228
200,53.250240926428816
201,92.86632342415808
202,3.3297574288656095
203,13.947800813974176
204,72.58548778199459
205,80.77770882649315
206,82.05199400388781
207,68.40537183805105
208,59.34373730671625
209,53.995268159125345
210,78.2590386610263
211,8.535293650260556
212,14.211273393912016
213,60.923268615003465
214,90.44862687663498
215,13.224193702886055
216,27.545183736982658
217,72.69924346726408
218,7.1352338767694645
219,54.2539705797488
220,6.33656121011631
221,11.12550396659947
222,4.2750132290744425
223,32.53105304922891
224,50.709914618496875
225,71.21307826603388
226,43.560927524910156
227,18.377057956157383
228,62.28166315421399
229,88.7641562404251
230,4.4235881815126055
231,59.17887633428821
232,73.22251264672617
233,97.94937750272672
234,96.10913889790251
235,72.04636260147828
236,55.239057651082035
237,90.3920745801679
238,93.04494314087026
239,87.3698559697503
240,94.86504928478398
241,11.966605553643861
242,90.94630335785865
243,15.79610969335289
244,57.206054573776655
245,52.20507210881378
246,16.68485296187835
247,25.442065511597523
248,87.23984098548043
249,63.530877605088484
250,36.712889371427295
251,62.48966042091201
252,54.06329849383265
253,65.03479009311539
254,53.30008150212851
255,66.05701675554336
256,71.66241998660038
257,30.59496669425352
258,5.65609121417604
259,54.69079361586561
260,39.26180891087332
261,8.730295916711839
262,24.153242148628994
263,61.9051451191026
264,78.96981026735294
265,74.74699117640041
266,82.63530763312569
267,1.72943457521606
268,68.11293379614037
269,17.92823537552959
270,87.66474107256069
271,62.97551672097875
272,45.29382655537747
273,36.42973654467529
274,51.17449356495579
275,61.51540007617157
276,86.69999185159428
277,68.65846735730582
278,10.371416060461891
279,58.93561529599673
280,94.90184213239007
281,19.244468174927785
282,53.35983583628728
283,77.82018228286745
284,2.2279513073215296
285,47.70723781804846
286,62.622400570923055
287,38.22723200934192
288,61.51250763626322
289,83.95702101683543
290,95.21649235018906
291,40.6238871858285
292,28.748173773714992
293,73.26273245030947
294,59.59732109024395
295,48.21413242089795
296,34.66724444477881
297,89.30277134609963
298,43.64824370247111
299,7.90653246596722
300,68.31193565199398
301,91.26897335110846
302,32.091452268273116
303,89.30214182888464
304,32.70968448902845
305,68.17832303646728
306,53.45010107643555
307,11.789357240650112
308,94.37626363172319
309,12.667903661946411
310,44.46562743655392
311,77.01730518918863
312,40.38824687056499
313,45.02297175165785
314,90.87332236137975
315,23.719603891467933
316,22.77396064491978
317,99.33948743932127
318,19.700083314513208
319,26.558817119112142
320,5.330648494777135
321,11.895829838996331
322,68.62751922148628
323,43.16617426803956
324,21.552115730919496
325,21.117061692393733
326,79.62554456921386
327,30.78686073168867
328,16.60818432682317
329,80.1711013489632
330,31.050587861897473
331,21.318675503736117
332,22.164919823340046
333,71.05425445739833
334,32.59411619110776
335,11.380853834143867
336,43.15008382317815
337,55.816123518373104
338,60.329141495246304
339,49.77903612949106
340,82.20434197468505
341,42.35603923838786
342,53.51711646064926
343,3.7544998515020467
344,79.83694792972331
345,51.667434555936474
346,3.8156638942725363
347,67.07781766112377
348,17.340757857762824
349,5.640847893035506
350,19.18585030853074
351,40.14991409589255
352,98.21463463134545
353,11.122263135344845
354,96.93446252507827
355,62.04884375309499
356,80.90738320104525
357,12.374251282885162
358,33.40490752881837
359,0.5517999657677408
360,87.18106385818795
361,28.851627559820493
362,0.45879908502231004
363,51.92451927370018
364,84.78519447884784
365,68.0418108781863
366,46.212604408761734
367,87.62451459408055
368,74.72090118015781
369,30.999545549372666
370,42.734184496779825
371,91.73154676459671
372,12.772769485397085
373,2.5092245480752617
374,22.735025361391425
375,9.856808464420796
376,23.50465460948469
377,42.85750045410994
378,0.3073928091910205
379,58.31183879821481
380,70.75881207097834
381,90.6922280209762
382,43.660397341445154
383,17.714738989325017
384,62.344603382539056
385,54.203704577050004
386,19.518404830278747
387,90.38751831631147
388,71.26555627182027
389,51.27074520352415
390,75.17550385997318
391,48.88997538381348
392,45.30490729237647
393,98.56914923906442
394,74.98803724232508
395,54.886363071042844
396,26.12426926748046
397,69.96730926046203
398,6.742856106786743
399,10.836343351406708
400,58.67838146573676
401,55.94038610797565
402,91.61651296639106
403,83.94780996588891
404,31.548751710247423
405,40.27061047454986
406,37.52217331150823
407,44.37939706124413
408,19.77587706120628
409,15.805220439501511
410,84.2728136507171
411,32.340189073911
412,64.70913349318921
413,83.59181627298452
414,83.82982584342295
415,97.73844450779788
416,83.78466781093658
417,54.86604915692392
418,47.38508097476403
419,30.919372713808325
420,54.295755636047936
421,23.0693704255876
422,41.559094241553154
423,1.1130300563605422
424,39.36436991347077
425,95.14523582576548
426,99.6466413473114
427,61.62509127094269
428,9.336844835977576
429,56.85898876707295
430,92.0024943640344
431,42.914771435947095
432,60.25342297288716
433,20.11102848202021
434,67.66470207796608
435,30.22425024011407
436,1.7838794735824615
437,2.583664971026156
438,34.96748399390144
439,69.19587266640032
440,56.22448029088362
441,90.87335197811944
442,67.55345947905614
443,63.00540111069331
444,83.64508498228857
445,11.237439488469336
446,10.180684862772482
447,12.478104272812274
448,6.583192458961196
449,14.235063884985921
450,28.24950074556436
451,86.49157210491965
452,94.67798082185296
453,43.85760632295289
454,77.99837111907235
455,53.07076796830547
456,72.20011255797827
457,19.22940613721226
458,43.15087401528037
459,43.963791876770856
460,44.87532544156592
461,10.726645701623372
462,8.963518411161687
463,45.80188448786174
464,54.85308554773207
465,50.45202208100268
466,92.07586094399628
467,74.16947522913591
468,69.6418802675123
469,31.22796435043237
470,0.727527117387794
471,64.2542178929922
472,31.796317781838802
473,94.72189078059269
474,41.25413455766975
475,1.9553600994242637
476,90.28954663717599
477,15.704524870242253
478,41.59171071820812
479,13.360115711302623
480,96.76952430546898
481,41.03248210249325
482,93.91003565889041
483,3.0385044525928495
484,81.86105851984621
485,37.28885718068469
486,94.79429925676521
487,3.687377783790169
488,81.89301789325377
489,87.10214955597417
490,64.43368502100613
491,65.05752452202567
492,33.60381091456362
493,63.821657089373694
494,87.93196147622979
495,12.58811314721926
496,69.11606028938151
497,89.42870227412709
498,9.944664022928873
499,73.71784577196445
500,14.369415191268375
501,8.871629692319761
502,40.09963301209031
503,33.57934127657162
504,31.837837751253495
505,55.296618266762366
506,28.11893680374086
507,73.8180255312996
508,37.586441189178075
509,15.94437782562661
510,63.21406043350903
511,13.73638086393485
512,23.327737064346177
513,99.41953814359668
514,1.9038200212392664
515,73.23824471902577
516,2.097662047416371
517,91.55662930450114
518,39.83957985124138
519,45.192743400648204
520,26.2318608258693
521,28.22551604710054
522,87.60580029564335
523,14.21236727008669
524,21.560600695213196
525,79.25635553763219
526,60.27747052298358
527,14.711043890919095
528,59.80950414194138
529,70.56969842026776
530,0.20341191087122068
531,76.55245711002871
532,86.72632405114436
533,80.86422701458817
534,52.52104437794517
535,15.138647742878518
536,80.70144412991212
537,39.31365407146698
538,72.54638787095227
539,15.275924886984749
540,53.11675789755188
541,58.13949499503682
542,10.007421564620788
543,12.617292765307974
544,12.628738911534509
545,94.62773176674679
546,42.311986835208245
547,6.095873766975024
548,28.540441040780728
549,67.685759094673
550,78.32126317531733
551,67.87357127383049
552,29.59769217881313
553,15.490174003358625
554,79.29053961002532
555,2.5745360307699916
556,34.92052534109674
557,68.56002485957956
558,85.34007653641453
559,67.18416361924702
560,95.91858571660195
561,28.091882834278913
562,12.49151701169322
563,52.821847301514715
564,69.83037679744173
565,13.849557266281076
566,7.305649019238459
567,90.62159019357524
568,56.344901002740755
569,22.18917280057542
570,41.20079334320052
571,73.66959194211519
572,32.05727238732988
573,15.029242934962328
574,50.393634062757144
575,32.5682411632756
576,57.463760844348535
577,17.37148078012254
578,37.44242195966924
579,38.08812421541933
580,72.97928905420225
581,4.921906348791061
582,82.45521606463993
583,12.891515510870121
584,96.78867851981646
585,2.002412379608298
586,37.82666861455509
587,33.898356844257805
588,51.26662132911943
589,55.22635531576054
590,26.5740699103598
591,26.66649042225071
592,75.68974707879747
593,85.92797146453528
594,50.3176543479807
595,86.1183906939265
596,93.19975841832621
597,82.44679735783062
598,33.05930409963658
599,52.54155484435326
600,82.7619573708471
601,24.584564196357206
602,36.33460476994426
603,43.217126692307204
604,87.87551268332429
605,59.22124276667974
606,14.802912767489573
607,88.7847173847842
608,7.300068805721671
609,25.932512924489437
610,84.38638543258622
611,19.616244472552115
612,22.863745373634238
613,34.04481414234566
614,71.06076429330874
615,57.46453638107823
616,92.98880809547802
617,15.5326241046434
618,78.1003703415873
619,6.88540755005852
620,26.461553802053473
621,23.830855205506552
622,91.68859467521602
623,0.2254897699036862
624,54.35997068998309
625,43.6918085249116
626,59.81439424705026
627,43.4222761744775
628,51.29154802990041
629,58.904829708732876
630,51.38836262568104
631,78.15879499296088
632,5.149799775727892
633,75.16070693880576
634,60.70602488878317
635,44.42302433808817
636,38.50488775729469
637,2.6163095407256365
638,7.689114419018561
639,81.90905084559613
640,38.72408800524415
641,51.7682531988404
642,20.689470672729506
643,91.72756231646969
644,57.83991075866699
645,35.44159087393661
646,79.28133375072585
647,21.20632927614212
648,43.47010921060921
649,15.605489408596195
650,46.13519183038448
651,39.31887483758235
652,2.5022720714262814
653,29.742800559541603
654,10.196843337337025
655,41.93525386671724
656,98.71513354318743
657,50.87674970361484
658,82.8458161843867
659,25.07919639811915
660,50.39210736573174
661,6.419766046769637
662,35.83702832555809
663,45.206563190515766
664,2.8586300669790954
665,63.94975528143665
666,3.831604862457494
667,46.96217369579628
668,16.531298171770402
669,48.171030925632905
670,17.750233727231645
671,83.70915691669825
672,72.14902164527797
673,3.761982913498818
674,75.37874856199926
675,61.41202002343758
676,7.346309905725401
677,26.167177946509423
678,0.47505903910862735
679,81.20548411925229
680,44.5093213977486
681,98.70276785687336
682,94.3943597558011
683,11.750519685419913
684,73.75767475321584
685,85.86268156970037
686,60.282200050580215
687,38.63617895383853
688,6.507061127394453
689,78.71754270414016
690,62.62526885424212
691,74.324804114988
692,35.68590377324647
693,61.71838336961094
694,27.719965874816708
695,37.102482817256366
696,33.410122522118925
697,79.17816224428991
698,86.97279385159484
699,72.25160776066345
700,33.33751394119817
701,45.58810857849173
702,88.42931573812962
703,10.65704930538237
704,83.1874063680948
705,73.25379890583646
706,98.80016134713942
707,12.849683624401287
708,7.204859460371438
709,69.87693501543308
710,87.36291500724114
711,61.73080720308724
712,22.654108229312786
713,48.440769218779614
714,44.578111480851945
715,7.402521413646424
716,5.752909719419819
717,99.45056165849421
718,79.13401847043524
719,22.544574150214668
720,54.12015401091982
721,22.225988249370822
722,47.17969959644649
723,93.79973218221251
724,68.38234594996358
725,36.686454535460435
726,26.25973829708681
727,81.54789367939217
728,95.7836798409933
729,80.43252058972075
730,74.603367727993
731,4.2309694704329
732,0.6985652438946777
733,14.405790799977591
734,87.81562257156328
735,31.902424495431912
736,95.44706887047066
737,4.116998669918193
738,74.93749820845225
739,50.944407992423855
740,78.4506015864831
741,49.16604565151699
742,67.55100292124868
743,64.04494549177461
744,98.97798119661532
745,89.93060968232001
746,29.796412576428654
747,49.88793644340358
748,0.45286989417920864
749,30.919180156655912
750,37.113795200955444
751,91.85216988660424
752,61.93714917595301
753,30.000181238652612
754,21.64202311087825
755,94.68754996792548
756,15.465127859361761
757,52.416510615849354
758,84.16249053181457
759,74.51683801351791
760,47.98723794372427
761,11.29376134254051
762,83.64151306213063
763,2.287249185911455
764,10.681745145634213
765,62.31418249550783
766,75.32778724829592
767,4.940134482183578
768,2.643345615933912
769,38.693371090385966
770,13.864520891236065
771,97.51936382673927
772,50.37396625449646
773,59.92478963372038
774,61.63748987084933
775,69.98544816993981
776,19.90332374148821
777,68.26544034638387
778,42.74413164877192
779,27.832232088308405
780,58.26508054906267
781,14.914450608674956
782,99.06229654351378
783,49.97187220843556
784,97.24322875808998
785,98.07999953885857
786,36.492144803488245
787,59.1902511005252
788,41.79200190890503
789,37.91098686102878
790,40.67763657266884
791,87.13432394700402
792,37.00788836844473
793,44.08060106973828
794,49.23119225751363
795,85.57853575074826
796,20.668824507375028
797,40.40895517651732
798,52.485407195697654
799,83.78193190994968
800,73.13528939077077
801,46.60835231085635
802,51.985432978635885
803,21.050046032056535
804,91.33203611496566
805,81.86278496074164
806,6.624027609122896
807,20.28236113863413
808,11.21227897830176
809,92.64452079387742
810,80.53939747993093
811,68.82070884131458
812,58.68922289618729
813,52.09036478369995
814,1.3033466166758378
815,22.34210925326351
816,99.26048510976001
817,7.341968652551367
818,64.46456739072583
819,68.10729860893365
820,68.0359924923127
821,20.844725069428627
822,11.48143328783371
823,25.41283257633149
824,98.81088133682555
825,69.44673864232507
826,59.11120766742886
827,65.71094790365454
828,48.21497237882792
829,91.94553430662764
830,32.09277212467965
831,76.24962338523689
832,78.67620561592452
833,31.45219834171228
834,8.25749158892396
835,45.087572309408294
836,88.42880688846058
837,53.94473214043701
838,4.968797852829376
839,81.43430992328695
840,13.601706886710808
841,96.29887379955723
842,94.66678680524214
843,53.91011097309377
844,90.06281408331932
845,86.40882223268335
846,60.817684076216416
847,12.937965303876043
848,76.08932373401164
849,44.089452596585744
850,4.4264041324508785
851,39.500994421239014
852,96.98854978772167
853,6.1504714269004275
854,87.30826275895063
855,36.97822160226212
856,57.952206531991
857,85.2699092870707
858,81.28988127594569
859,46.75323004878389
860,56.92143225065499
861,89.41142316794202
862,30.958935907484964
863,47.29301066245469
864,77.66858709294173
865,62.365975988879505
866,50.04267254690071
867,87.24999073534653
868,75.78371997537894
869,28.500681356612777
870,83.01425446060723
871,92.24452921095528
872,94.87094051476804
873,11.747650708702672
874,59.471733258512785
875,72.5716843227906
876,58.74568148233364
877,57.11702164477048
878,29.994655660994095
879,10.558041924850947
880,97.72290013861281
881,46.15776016200892
882,93.00822110860344
883,43.57220949937767
884,27.587073038684228
885,96.10259999307014
886,57.26793975299368
887,29.9232054122901
888,82.11972587180934
889,51.27638178818915
890,27.575490937124503
891,1.8779189672276098
892,41.18830373653961
893,74.25387199986051
894,90.47340781057281
895,11.923247350160116
896,11.656042450300586
897,24.696725721028244
898,97.50535333458873
899,26.4848667733663
900,83.98673697677354
901,21.526815026607725
902,92.37396834312112
903,22.224526984070337
904,12.446968294283911
905,7.663992229870253
906,0.6208453954898441
907,71.31929133830624
908,18.800706506374286
909,88.89624432744367
910,98.44519483216082
911,68.85138715065726
912,27.9725700306501
913,64.63089990263693
914,78.57460253619371
915,12.696833740732927
916,54.77655494826356
917,91.90502602437766
918,0.6020421316305868
919,6.133585010921383
920,6.288001749762751
921,59.10096216652605
922,90.59892252349624
923,36.13290515308126
924,30.39109753350545
925,23.93081104600434
926,53.71988149137713
927,43.28139564140317
928,75.65480705239496
929,78.34780509529458
930,28.017402048010076
931,86.50352791763382
932,74.2107971015162
933,95.56328819086143
934,75.8541786949222
935,11.84108624796073
936,77.14162697207841
937,90.2951375925054
938,57.187440489271104
939,60.86079920986977
940,53.848711254704526
941,3.45849646716736
942,87.18045673465345
943,19.649869407477492
944,73.23475866377683
945,15.893193362799074
946,69.27436520320298
947,81.8560993036716
948,3.1003469441996168
949,12.364455634334847
950,64.36311673643243
951,93.34276269576314
952,64.23838388480576
953,24.1703752914361
954,53.342411027965
955,96.60166309276659
956,55.996766136943506
957,15.763526444259968
958,9.230802207843713
959,94.02505010688512
960,30.55421823270167
961,64.81714778137894
962,12.221628455108636
963,63.89608362879834
964,21.74203996617532
965,80.45460345841643
966,45.37391046061058
967,60.0422995461969
968,86.7606233848779
969,73.602826737756
970,53.85348851199899
971,30.699960045927167
972,7.12375734516737
973,81.93433128582967
974,54.64175946776756
975,0.47595774798175894
976,57.219711455476904
977,56.14993986609167
978,14.89112116882757
979,9.318657427542565
980,47.85285127211322
981,94.79705978835455
982,38.96771443993748
983,57.792528265186746
984,42.577032721639384
985,76.94375426646137
986,97.91995097163277
987,28.168533359491434
988,76.33575314047538
989,68.10749770015396
990,72.3899109769664
991,83.6800748503764
992,73.74357391538527
993,52.540281684959034
994,61.21774157285186
995,89.87164660221306
996,69.5960984937354
997,80.25605763427654
998,71.16874577166081
999,19.977774820271854
1000,43.58214979806301
1001,74.02679861809257
1002,24.598055768115213
1003,97.31047713304629
1004,84.60941843536402
1005,50.98723417436122
1006,1.2086051311207657
1007,70.36180971025233
1008,84.14165971549413
1009,96.33418172432803
1010,59.95277270840581
1011,45.309483807118944
1012,84.08754135953741
1013,30.9325072849304
1014,0.7216915671055424
1015,48.19580788555773
1016,31.21683023382755
1017,7.731130085056625
1018,37.74897659520165
1019,62.432673926444615
1020,96.01438562229656
1021,89.6360945040959
1022,73.13854446668242
1023,86.11181969288783
1024,66.5265493738366
1025,19.50167185059715
1026,30.046019256173253
1027,36.451643287739344
1028,4.245022466031934
1029,69.83234192751247
1030,56.96472495052225
1031,10.534631316717913
1032,16.394246734959495
1033,78.86839504885782
1034,36.66029206446455
1035,56.57972784730724
1036,87.12376574687212
1037,32.45205661903141
1038,78.86306218534614
1039,73.68252157908924
1040,86.82576668607993
1041,0.5523450912588324
1042,94.3926978958915
1043,16.531302633041168
1044,64.62476109014882
1045,18.50824517850128
1046,7.723186514958458
1047,1.6214289444820063
1048,83.41288303347784
1049,48.87575579859631
1050,69.73895121129677
1051,11.899774473305047
1052,6.045390883387613
1053,30.542903119505926
1054,32.99116056494371
1055,58.09705418784811
1056,98.56846745790622
1057,30.53122273878236
1058,65.18073252916756
1059,89.74059525728778
1060,45.53119954162369
1061,91.06081295356816
1062,44.269596465061866
1063,91.00220169240612
1064,63.46182972384159
1065,63.94966628523032
1066,94.01797555493123
1067,20.00271293657011
1068,2.984450666647387
1069,17.14004563548437
1070,30.19306031554977
1071,88.87677203425856
1072,24.72400480764523
1073,54.18565913676382
1074,7.153474777686853
1075,68.21628374679877
1076,75.45165722117042
1077,52.75087350751109
1078,4.741317365638286
1079,76.76951794066937
1080,31.832136229180218
1081,35.14776972793625
1082,55.32216179905861
1083,52.84465535792682
1084,21.933964759840652
1085,0.6173530451028975
1086,46.58700035717887
1087,16.113801079855616
1088,42.47368988989443
1089,74.24947144285443
1090,2.625700650397478
1091,94.94480455679283
1092,6.017182261019094
1093,34.777808804295375
1094,19.136280177776744
1095,96.40019701410803
1096,15.474741420376436
1097,46.67747010163165
1098,31.819805254744814
1099,32.424804508087824
1100,94.80070091902995
1101,85.66340837432332
1102,23.135784695670402
1103,29.4061505524403
1104,67.80051833280308
1105,93.43455317203333
1106,1.9852400065793918
1107,55.67468955749458
1108,38.30147474041679
1109,80.83343632332128
1110,27.667292326137005
1111,41.513322895977254
1112,74.54987645637597
1113,51.08039803098817
1114,73.68819620479915
1115,54.839870639965326
1116,2.1408674297903163
1117,96.29924328656116
1118,83.97321446872677
1119,87.07067083467228
1120,79.84389826235058
1121,46.13697867015774
1122,36.02432203965105
1123,12.626478372877125
1124,94.09720043100927
1125,76.54786425418895
1126,36.962763114075514
1127,85.83849103961552
1128,39.344936437420195
1129,46.73666474583086
1130,86.993674802369
1131,18.367433847038672
1132,21.064339041802416
1133,82.67424012520195
1134,67.89711562204025
1135,90.92756924374036
1136,46.59162851366101
1137,11.787427688067776
1138,57.01281219681077
1139,3.120302806009023
1140,89.81658206652851
1141,27.015096071688593
1142,79.69621709280287
1143,3.8038753257779834
1144,52.47096355112812
1145,5.473489237202256
1146,48.65442563551401
1147,64.50343201083183
1148,34.19650363612649
1149,31.614039903732493
1150,20.042053389187465
1151,77.18523791705724
1152,45.03463979522445
1153,29.069050076851532
1154,63.31375454622301
1155,42.65550701913676
1156,40.05572510817247
1157,37.322907033422524
1158,79.7893389955909
1159,48.87261789530575
1160,70.70260653780058
1161,23.098977216878534
1162,88.06728913056871
1163,84.78884192198704
1164,60.23141757716789
1165,68.69018132972512
1166,69.05223434400719
1167,65.45689550942735
1168,94.67721913829837
1169,14.40851951771116
1170,40.71848022434315
1171,60.24383538803816
1172,81.75239681684269
1173,94.72163673527791
1174,75.28239719062384
1175,16.102325399941485
1176,28.59383899249742
1177,10.921486191422103
1178,68.33889542955599
1179,90.96855780874937
1180,31.031081959930994
1181,19.138520153743755
1182,74.24308352429489
1183,5.443572755997039
1184,64.18213682844072
1185,76.81314926101265
1186,97.70624770164048
1187,27.380851053999976
1188,83.03735662364065
1189,89.96627349730721
1190,70.47508520246342
1191,67.71621674480872
1192,60.51453534992466
1193,35.35986080360228
1194,34.870850307711564
1195,88.28724055063948
1196,73.08448779652741
1197,42.16341314736086
1198,71.31162937713519
1199,3.769213055667975
1200,10.033690643070559
1201,87.58371035457536
1202,2.0563676295516586
1203,65.7165512906725
1204,69.82691612429052
1205,31.62415389216271
1206,62.621065039338454
1207,37.75408338904389
1208,66.05297439300206
1209,23.55150090077499
1210,76.69223264299848
1211,48.26853087324915
1212,96.3650982245715
1213,62.82034159597659
1214,46.48938213815792
1215,16.880869148321807
1216,54.68154325204934
1217,97.88457783810037
1218,44.11904221355428
1219,64.61300380840328
1220,67.3658281151738
1221,58.41751142762964
1222,10.806798507671356
1223,52.31225988216733
1224,88.50309048780916
1225,12.735863935968283
1226,59.39735795108102
1227,35.74252006108271
1228,6.119930961601949
1229,91.3238054459717
1230,28.430892978146073
1231,51.08511786796106
1232,54.46841517911039
1233,33.00450788071206
1234,89.57732893443001
1235,78.39156742583036
1236,17.04728796276799
1237,37.47030556747536
1238,71.92688756997268
1239,14.732965467631253
1240,25.73265673553562
1241,1.3500357818561515
1242,7.223662186379476
1243,68.13067842758217
1244,39.968615788602705
1245,90.26155605309833
1246,45.712916284653446
1247,88.87008863038973
1248,27.953336733741885
1249,95.51412599108417
1250,5.473344891442866
1251,46.16958909216196
1252,32.03420618213868
1253,67.73910489825347
1254,83.11242762667649
1255,88.29321420913256
1256,80.75803193207022
1257,39.68937489906887
1258,21.974814295818092
1259,39.19909690551007
1260,41.71332453626609
1261,21.004458600322717
1262,99.72140894695437
1263,71.65450249123303
1264,37.3656873086319
1265,61.95410718698591
1266,54.18721005741989
1267,43.21510814587764
1268,69.73244406790434
1269,15.901560525112323
1270,77.18916330776102
1271,1.969378419649881
1272,5.014177805788234
1273,97.27708283547129
1274,83.53303364294504
1275,45.138026750495506
1276,98.57068503322174
1277,94.40750503927391
1278,83.8832521698165
1279,66.32726407752173
1280,16.775084875327796
1281,23.211934401866575
1282,85.4535243620995
1283,87.15245779437919
1284,13.456930818642899
1285,84.3537486522969
1286,27.152225125621932
1287,95.71607274986242
1288,32.315425261613896
1289,39.9795987612472
1290,12.984928067860512
1291,97.00734659176047
1292,59.65121289492876
1293,12.065525085710405
1294,27.86116827502072
1295,49.33977203426003
1296,61.972194888365564
1297,32.70347387502329
1298,82.67312620930251
1299,43.18780636521669
1300,49.34246197731631
1301,92.2445946926654
1302,65.51675623100361
1303,50.22248309179
1304,60.26266192419122
1305,23.578343465208572
1306,92.96468350867184
1307,10.230849698603139
1308,54.863181671895546
1309,31.303270094095602
1310,56.32847709116917
1311,18.128834146989604
1312,27.75920813537538
1313,9.819887760940205
1314,54.663178618984055
1315,55.0658551512171
1316,36.36082438525169
1317,5.0853463606814975
1318,39.55258826618496
1319,41.668733449214756
1320,24.67370783509102
1321,85.85213702425463
1322,28.3734387134268
1323,25.485405704904984
1324,3.597159273834716
1325,86.66894375818428
1326,6.305204680016018
1327,43.61132013248452
1328,9.758905830920883
1329,61.57237913991966
1330,44.40545076381572
1331,82.53332190896144
1332,2.6822360944512624
1333,71.76168324941365
1334,9.357717421000466
1335,29.564940334885335
1336,85.63427456908101
1337,49.36061941528804
1338,55.09890147794362
1339,92.70104818131644
1340,36.97293081858521
1341,99.27031533204561
1342,59.667491891783186
1343,45.927972695659626
1344,37.54512958627871
1345,39.61474846774886
1346,6.096256616084372
1347,51.470787382863335
1348,72.92366184372229
1349,60.135461120570795
1350,83.6357700940548
1351,84.82581190757243
1352,36.91525002936148
1353,28.277489476166107
1354,21.10151889952273
1355,93.50819182840506
1356,54.413689033734336
1357,48.59037806514752
1358,53.27691896262865
1359,87.41380205595748
1360,70.57113005528856
1361,76.24635785001168
1362,55.02949937370044
1363,92.5246220435314
1364,30.298237510810765
1365,81.22655356020043
1366,20.561076970603732
1367,99.58184802220316
1368,97.81970583067402
1369,1.4909293970557291
1370,60.36207944979406
1371,10.503504817936326
1372,14.888137939829715
1373,35.55431034091042
1374,77.17578490509527
1375,44.581223633068326
1376,29.520291441383318
1377,40.21354563883233
1378,68.44118568364547
1379,71.80603547124117
1380,91.12729701817227
1381,97.60928386532215
1382,68.65287638581621
1383,29.936274305291644
1384,15.423050526904136
1385,16.121043454661876
1386,4.534198927199418
1387,14.304479509229184
1388,9.438964593984666
1389,76.25803736104739
1390,37.07834850566661
1391,2.9017041887016037
1392,63.28049126297503
1393,5.0523940458649275
1394,66.04778024269298
1395,75.8158051459916
1396,35.77539866262504
1397,89.80380961595917
1398,20.21169259327872
1399,14.922763208826916
1400,47.41006705799122
1401,25.890136977176592
1402,68.95200300288715
1403,58.904740111298494
1404,7.61083586831488
1405,23.985240431730205
1406,68.6993861900511
1407,2.9698745985077712
1408,11.795639127468572
1409,3.5801241990594757
1410,79.45124178135269
1411,52.48540939765029
1412,97.282215993073
1413,80.36129362592432
1414,80.18339096905767
1415,98.5002033836636
1416,83.71387251183845
1417,52.68528532638257
1418,27.604205544541426
1419,86.74950411256862
1420,30.06965710949583
1421,22.77035759089805
1422,77.50651228012255
1423,47.96392851377252
1424,86.6905752249855
1425,25.346274566826377
1426,6.452913573624864
1427,84.00477875299316
1428,29.747821025250275
1429,56.13448833112194
1430,17.601065202457754
1431,40.76138581494646
1432,64.40491795995688
1433,23.824654813575886
1434,74.24183801402954
1435,35.91566252302128
1436,59.488895672475486
1437,9.276540462642524
1438,68.37259548043991
1439,95.52666516490102
1440,76.06938341069245
1441,92.54444943349097
1442,93.12226482675456
1443,20.00492985103046
1444,55.87426754659893
1445,22.413409992528553
1446,77.64539651178166
1447,51.97819868625323
1448,27.19474120916302
1449,87.54843488738395
1450,66.96742546874566
1451,86.20868230966128
1452,44.54047513709094
1453,84.58709542468088
1454,68.72553386881852
1455,47.625004302349986
1456,91.0721133308247
1457,35.013324061039455
1458,0.14216559951762964
1459,0.3717664300284196
1460,78.10435444750962
1461,11.393447530986444
1462,47.336138149453646
1463,40.8077984168868
1464,68.68739153950922
1465,85.96605570480679
1466,97.6203420801327
1467,7.157597765722246
1468,99.52398132181543
1469,31.66627952214015
1470,24.637881893580005
1471,69.72130221443497
1472,15.913357228897462
1473,55.64076496057419
1474,65.60125574818852
1475,5.92453616852926
1476,30.99013420926283
1477,32.40601781390582
1478,65.78560962399015
1479,4.431958129130454
1480,34.36024058574988
1481,31.09807237404961
1482,55.977360512614446
1483,2.205165636931816
1484,1.0337651093171196
1485,51.17004905557159
1486,23.138806356505228
1487,87.37056051430199
1488,54.83132740345433
1489,38.56878284112326
1490,15.586261205370299
1491,7.402563966686914
1492,24.75360325543846
1493,21.307891340431507
1494,85.0499696270222
1495,22.723413138233028
1496,83.99034304244697
1497,4.653349207795355
1498,2.9293583627855724
1499,5.591901917733988
1500,30.07849764715955
1501,66.95288469825682
1502,94.9383355553385
1503,85.85394958288296
1504,4.222054707840228
1505,64.02606624561324
1506,98.6091418954713
1507,0.8371607504084722
1508,39.99980849818636
1509,9.57405797240789
1510,39.99262748254058
1511,79.27093414382857
1512,84.47275440952912
1513,19.601899336172057
1514,10.722575885482243
1515,30.83828866322942
1516,70.22624093522887
1517,67.47706077525213
1518,10.69110076572003
1519,29.34473351201764
1520,89.60187631120603
1521,17.37726762332965
1522,33.280268277113876
1523,89.88029587221197
1524,45.667575403808335
1525,5.29372065130711
1526,42.08530669765707
1527,90.99644934821106
1528,81.01550822089605
1529,5.083632799834481
1530,93.45086074055897
1531,40.13757169657762
1532,94.86533808806172
1533,4.4059511630263675
1534,38.71407956259198
1535,82.04678213857244
1536,19.475315512539957
1537,23.35736394460031
1538,3.444011696952831
1539,52.24417634974641
1540,99.55727724385956
1541,57.42522503377747
1542,72.11393518168548
1543,15.657830624347213
1544,26.220642266431284
1545,52.09293571092346
1546,64.44651556635354
1547,35.32217891905691
1548,30.692622352391318
1549,2.760932309493136
1550,35.52702153151665
1551,90.66586572196283
1552,47.64632870207962
1553,71.05075317500248
1554,16.66830254014058
1555,41.763222430283065
1556,33.12945857526568
1557,46.504954685936326
1558,43.63812419627775
1559,30.345012967986207
1560,59.55062975929771
1561,71.61943658666424
1562,33.149423589776774
1563,17.122078088293602
1564,22.211253719172632
1565,4.511013765667704
1566,87.59533747514155
1567,54.52952468902916
1568,12.037397897185054
1569,66.28050617088887
1570,23.949101570718234
1571,82.60997882804018
1572,14.428549578893035
1573,63.11307827992617
1574,28.4382972373467
1575,80.06365601595817
1576,37.935640943195196
1577,85.95865449440846
1578,59.65362766558542
1579,44.135008600533496
1580,5.9925171961942025
1581,40.297730734983425
1582,84.65322734580013
1583,44.56094138553712
1584,99.99911410786318
1585,27.29118639918817
1586,2.3042558502375243
1587,8.051502243262965
1588,14.970129201841564
1589,7.239299896402274
1590,77.753347282991
1591,78.94705072256251
1592,8.821893588507201
1593,92.45918845296015
1594,11.937212498422445
1595,89.54764966573248
1596,53.22493379952174
1597,32.55625198624193
1598,84.11338706322977
1599,72.57959013933029
1600,72.86713662843532
1601,20.87177490609782
1602,73.17082506098987
1603,1.2464338843082512
1604,59.33746003402134
1605,45.48547042377881
1606,22.664331069481126
1607,83.2259136790423
1608,6.12638870780664
1609,48.040159971091434
1610,8.179688280604381
1611,7.611697754902746
1612,72.84025369867075
1613,54.7899824381322
1614,55.13917524597463
1615,40.09986824972681
1616,57.64924964039492
1617,27.58339297294765
1618,87.92734134917913
1619,27.99206634621593
1620,18.466695647244226
1621,60.895582246870916
1622,9.08809006754362
1623,6.058388301129702
1624,65.98021366199028
1625,40.187631873362164
1626,55.35389723588175
1627,50.68924426300495
1628,53.937919514036615
1629,0.7469429896018065
1630,63.52276083001092
1631,44.27728791824435
1632,23.625622381536292
1633,30.15899921888088
1634,93.14368940063146
1635,56.30567848174096
1636,6.207853049311474
1637,9.788863392313928
1638,25.49303000690648
1639,12.984722769168878
1640,15.748231041316462
1641,43.651661991550185
1642,63.13429728656635
1643,27.09484133150274
1644,62.86036805315911
1645,49.52345689495158
1646,93.7560615963334
1647,75.71049673262567
1648,10.985098109173464
1649,80.74932072572172
1650,31.529655038614003
1651,73.01807393386287
1652,54.319082721465904
1653,13.7426640542201
1654,54.34026236345591
1655,65.01191380057409
1656,17.964389195337304
1657,88.25999141605524
1658,15.392144408517371
1659,32.87022226288453
1660,3.9943736899726745
1661,10.597845247351923
1662,78.02271841707507
1663,49.673612391447286
1664,67.14544848310094
1665,54.02929150162682
1666,21.139289843597776
1667,46.15436855169993
1668,71.90905958848656
1669,65.6083035841243
1670,37.158259422586006
1671,27.47478644915543
1672,87.65029616167116
1673,55.09909422454364
1674,32.1272333522443
1675,88.26609482981374
1676,16.715441947554453
1677,76.59649490082667
1678,73.43477890247466
1679,70.39270084412009
1680,4.850754741708874
1681,70.90964011086295
1682,87.71267490209301
1683,42.65359400224224
1684,74.70445736095792
1685,10.677434331770396
1686,98.80943642278342
1687,67.75702699707139
1688,28.17209819300295
1689,8.793328926977761
1690,39.396663572558936
1691,30.552489598002317
1692,66.27125081089471
1693,77.0891571195156
1694,32.053908544709095
1695,47.50893340718775
1696,40.26355126324921
1697,73.08352248698674
1698,75.05960267272887
1699,69.43810077084
1700,74.35621131974355
1701,52.09223232379142
1702,17.581686881002224
1703,87.95280414259946
1704,6.427810212153706
1705,18.329033536972872
1706,76.02685518281821
1707,25.58730356308192
1708,60.737485945582826
1709,74.34969692702519
1710,84.06614260998715
1711,27.81382775794269
1712,59.29228406268287
1713,8.564558456530458
1714,77.46487507637946
1715,77.75431955141319
1716,35.70181295679369
1717,87.86771538096285
1718,78.98683411699326
1719,87.57868025066536
1720,91.81719055778028
1721,65.72120475671848
1722,47.12409388875356
1723,72.67621901459404
1724,45.09558447363706
1725,81.60549320097896
1726,2.60673232384786
1727,26.71813974972571
1728,25.781651695520846
1729,62.51582006083905
1730,46.530858486550045
1731,4.43517660206868
1732,29.615395284866242
1733,14.71558434014315
1734,87.92850901562792
1735,94.82066030576566
1736,35.79669557156797
1737,54.40735509927431
1738,97.53010735005533
1739,27.092699174240398
1740,53.680534159459256
1741,14.416629182178465
1742,60.43458845231635
1743,3.6992982551870557
1744,51.46258672315588
1745,93.1556946580728
1746,75.36853807930528
1747,97.31725984603426
1748,27.84396640515563
1749,29.009459092506983
1750,39.78132532638906
1751,2.563745116384497
1752,41.05150329686321
1753,64.57402725163408
1754,14.29407372445002
1755,88.8213106740952
1756,38.31155603840709
1757,17.299271859269606
1758,57.11819684403216
1759,62.95952732987797
1760,95.40957040219925
1761,49.38099111770339
1762,72.45071296334108
1763,36.023042877045555
1764,35.44998210165778
1765,50.3583765076028
1766,88.16568981298767
1767,62.05642158195515
1768,61.669423216270644
1769,47.60993802872099
1770,39.58737162389624
1771,42.00321384099544
1772,99.91041586201247
1773,44.49834130778933
1774,65.6365566835151
1775,79.55386241333115
1776,83.08330489060265
1777,9.226952174924374
1778,88.50545521944044
1779,25.417421977293674
1780,17.477424620485483
1781,17.926593500934928
1782,32.93418258711153
1783,46.719843964256924
1784,87.54239880633394
1785,86.53166743429416
1786,16.46758858353784
1787,87.45097474785682
1788,44.053458053263604
1789,69.88856881874553
1790,31.289818079385988
1791,6.5402860506427185
1792,10.623902877557667
1793,42.57477926950204
1794,77.45151889979488
1795,74.11875448595538
1796,62.44567261511932
1797,26.886804040726542
1798,41.05650598022491
1799,95.85627535592963
1800,45.60107470547208
1801,80.65311580966338
1802,77.07533170264924
1803,80.345283094317
1804,78.60437992199459
1805,85.75729471401931
1806,84.52980421119398
1807,72.51921388378875
1808,91.82277247069372
1809,2.2381333506642176
1810,17.16217418333681
1811,64.13573635254168
1812,79.28878596593538
1813,43.1734234470456
1814,13.935402189936251
1815,35.518477054387866
1816,97.01192295522338
1817,20.576334273583242
1818,0.3214754075478332
1819,99.14748392222528
1820,42.393349560211156
1821,58.06845546687514
1822,38.800847684124015
1823,17.541745725775016
1824,49.20079016734336
1825,31.219884809797417
1826,0.8973031057355363
1827,87.33265809644458
1828,15.651739641854402
1829,55.76540753418574
1830,99.2531211344276
1831,61.72815199036864
1832,71.29787494971438
1833,21.718651690452283
1834,69.55709135359174
1835,14.655390923504541
1836,9.789164461631161
1837,93.58676022004
1838,66.47994460200053
1839,13.838795792470581
1840,32.68956789360449
1841,43.454469547408046
1842,59.35458144145732
1843,59.20164905401316
1844,16.325257241006753
1845,90.60060851101726
1846,98.8567817118497
1847,62.71916706472269
1848,39.22518075908842
1849,94.00540712766147
1850,22.088113006298826
1851,34.02231081140088
1852,30.682247812327823
1853,9.467002787929568
1854,96.90312579721464
1855,57.58794712895687
1856,23.5735787214166
1857,73.9118052711828
1858,30.681449186692777
1859,16.570385608998773
1860,94.04529245866276
1861,42.06353383895151
1862,19.377151205085486
1863,79.905046568833
1864,94.2371185572884
1865,7.384187189053382
1866,55.746150980644394
1867,74.08371338451023
1868,26.300736209497433
1869,24.706436762871242
1870,47.39090032085694
1871,62.386575348283436
1872,78.85641300435351
1873,88.5309686539552
1874,6.848053199517712
1875,8.796463234018193
1876,62.82894222221218
1877,74.27767449885721
1878,82.0017427440335
1879,92.74437007134571
1880,46.67027182037885
1881,20.20233554756731
1882,37.35676309538503
1883,28.972951342419172
1884,43.29129828543454
1885,55.19829928525725
1886,22.710490245796
1887,0.1474593640918731
1888,66.3089886119079
1889,93.02787339251596
1890,90.69900371209332
1891,36.25754243691305
1892,28.015326220629223
1893,76.11438333064952
1894,12.908281976119229
1895,12.23670916697146
1896,80.44988306020791
1897,79.2205420104456
1898,70.18268034384015
1899,95.11405757133427
1900,37.045927566406256
1901,61.23994056078955
1902,15.808344747314894
1903,98.91504677463658
1904,55.757931851415485
1905,57.76944669755627
1906,26.45987212928621
1907,25.987844168275366
1908,56.315770027178814
1909,24.884568893680036
1910,22.670580975348788
1911,24.098798433996926
1912,59.06927515558641
1913,53.53261359744229
1914,94.7651331458983
1915,93.94680538577474
1916,74.79360762936722
1917,59.588750142964365
1918,47.9162785331085
1919,94.50764837659953
1920,14.489297626384367
1921,47.14794595769721
1922,51.359487308969896
1923,73.17495471785476
1924,38.614577149977826
1925,24.6718935778198
1926,55.07096848716664
1927,10.874309305719542
1928,32.040950584962125
1929,24.704009880884612
1930,25.011718191334865
1931,44.947544693543485
1932,89.49017144896646
1933,35.68815103888865
1934,59.12233726525133
1935,16.826281975661928
1936,80.89633745942432
1937,73.119014721216
1938,81.43514276258523
1939,16.400080619052794
1940,66.69139580576977
1941,53.80890170744581
1942,94.3248783472168
1943,14.025185484261227
1944,52.43178651904721
1945,40.66552084350696
1946,44.46430259934038
1947,11.915525694117191
1948,30.25692796931998
1949,24.63219058271482
1950,75.99506277274254
1951,96.86517815150556
1952,63.77740604252339
1953,23.203193475923477
1954,92.80280426883516
1955,72.20089107420392
1956,74.9561165165729
1957,87.97895730042723
1958,15.761368296825406
1959,61.03263466643203
1960,99.51478683207725
1961,10.700612074047855
1962,80.3970671165246
1963,69.4116690639636
1964,69.695672363413
1965,88.27501227765858
1966,6.598572842374417
1967,30.271652393077066
1968,96.13005081647944
1969,58.89343026973825
1970,22.159156867887887
1971,66.64329870073341
1972,9.20052991501288
1973,25.956453364472964
1974,15.935121522020113
1975,11.32498092771147
1976,69.07293466756511
1977,64.37144726847632
1978,3.3161386169702434
1979,52.21232678361761
1980,95.94143317087148
1981,39.001817071374745
1982,23.035775004517177
1983,59.804505662150575
1984,11.08432228732995
1985,64.83334824332046
1986,65.03657468951972
1987,66.36180285875135
1988,74.9550319155814
1989,62.11464303778692
1990,70.92367865733478
1991,56.707962389296505
1992,41.19524764284156
1993,95.99455113810184
1994,14.086687004723153
1995,0.2330790320505427
1996,9.434531282254744
1997,72.07521354123658
1998,83.40752143429778
1999,72.03413448559924
2000,75.19015719009474
2001,58.31590247107887
2002,96.69348709114868
2003,3.450813406315445
2004,55.553537207500035
2005,26.179254821045816
2006,86.64546654640766
2007,91.99945700022934
2008,20.524265319288805
2009,86.37388380477148
2010,2.6920205785645024
2011,48.732759629293135
2012,10.84649769290137
2013,37.82623464133758
2014,43.963740473091406
2015,75.58226121872411
2016,44.68805436514506
2017,95.6255407141553
2018,19.36421172090124
2019,51.72218770995437
2020,97.07876982640158
2021,29.2689277061143
2022,98.11146489859497
2023,69.27804767568541
2024,54.6501078335638
2025,68.46449996360145
2026,79.52788444934032
2027,84.73938658042181
2028,45.33820229876903
2029,72.58751459895223
2030,13.992889102292738
2031,15.946687562247853
2032,32.56584398094476
2033,31.52405269212879
2034,78.18277626873237
2035,63.51907538102443
2036,34.43521267321409
2037,34.885856237523036
2038,17.590732739442483
2039,55.95398284219713
2040,73.4549558322052
2041,51.82109967297642
2042,79.4950192059443
2043,5.563022027560461
2044,81.37920509494643
2045,72.62062503967127
2046,87.57966731545201
2047,96.82149045166378
2048,61.4610276398344
2049,33.68596659983499
2050,16.565681114244057
2051,58.25415410819177
2052,90.37576622288309
2053,29.39954235637934
2054,16.32597265322222
2055,5.371655180746949
2056,75.88858266855723
2057,30.762711198617097
2058,91.50560414356612
2059,64.61864046638382
2060,7.454736549212937
2061,83.56756467241154
2062,18.89354725348088
2063,94.02270553181827
2064,5.395238768740207
2065,15.775300889809273
2066,10.219795469493409
2067,83.51199903082977
2068,77.61741953989191
2069,18.46129976825116
2070,84.23643840533262
2071,85.46183727971315
2072,8.60944625407376
2073,35.71441921118675
2074,34.154757409885214
2075,15.689201946592002
2076,39.28027641775993
2077,3.854778096715328
2078,27.598055774551653
2079,88.24093962664503
2080,21.06861744156433
2081,1.1846102831280958
2082,63.48226997657205
2083,19.10124345215367
2084,33.12084672299602
2085,31.266650805097782
2086,70.36828288847391
2087,42.50386489936259
2088,70.14249378872358
2089,58.17369272421753
2090,15.319591341868776
2091,25.00996781150615
2092,93.49678741803906
2093,51.21368766412401
2094,16.156921286869142
2095,43.55356878163549
2096,78.94573106791086
2097,59.012170908353156
2098,91.48230358520857
2099,2.3095014645771905
2100,92.66946461334467
2101,41.46069503544051
2102,91.38956248905436
2103,43.52484354649147
2104,55.8732397209184
2105,20.855489571526874
2106,22.618569708142978
2107,10.165902241739444
2108,58.862734934843786
2109,35.00399805618939
2110,5.08914334267957
2111,58.705700125413195
2112,17.12443664820401
2113,79.53536979008248
2114,21.650280170379798
2115,18.25531662440161
2116,52.552272579198004
2117,13.867332129091192
2118,77.23782264584507
2119,20.843327423023016
2120,37.41153132864291
2121,66.7813968597675
2122,31.71121822299513
2123,88.34225497086338
2124,99.79094666439359
2125,31.53057642384949
2126,51.4625108637205
2127,7.294140112863989
2128,4.177582170363592
2129,62.029279389453464
2130,39.427533274437785
2131,90.56134315561847
2132,75.39063641247377
2133,16.97596347264626
2134,30.39679040059411
2135,18.093714185430308
2136,29.895947029274573
2137,9.92838702055293
2138,44.87787880305294
2139,55.703994178285456
2140,79.1359284553497
2141,4.884462913945953
2142,0.9910602759213405
2143,88.11257679222074
2144,91.59251966069904
2145,7.60017381845336
2146,42.261601040055965
2147,96.90962916684089
2148,15.719463878541962
2149,45.363388216094215
2150,70.06210724916075
2151,44.7070658897632
2152,39.8708627931287
2153,82.93867920715995
2154,10.07612908780361
2155,0.08619657931029368
2156,75.60232421837895
2157,44.36608598875949
2158,8.97111730249297
2159,83.46562977894469
2160,43.6749215180533
2161,49.48363154394676
2162,13.584455305220644
2163,19.75631119941066
2164,65.63725974142739
2165,45.314901791089454
2166,54.25329252822315
2167,98.47628292030454
2168,34.535856174593846
2169,17.74941323665025
2170,49.79764684539049
2171,21.665093348205033
2172,95.61500242595432
2173,56.92859912649214
2174,96.35416412727575
2175,22.519229261926867
2176,66.49690422485058
2177,32.88931652736389
2178,54.88123148801542
2179,90.39774818129192
2180,78.65960393061037
2181,9.368727794733267
2182,63.00772841754397
2183,18.277059963687424
2184,21.63352165780241
2185,14.96454204927532
2186,2.038140222529028
2187,95.90051058820727
2188,59.11390506393823
2189,0.7731174277819441
2190,53.614766356131184
2191,25.9316122392666
2192,42.430800308442905
2193,30.57353697948838
2194,69.60132834569005
2195,54.28798885679307
2196,8.727186480387871
2197,75.29465099531716
2198,56.9827348164863
2199,61.491282397259326
2200,62.41003704012853
2201,56.42760253743111
2202,38.56084514967587
2203,52.51908450880144
2204,85.35546625585431
2205,85.83279772839067
2206,97.48129369427151
2207,74.20721398735863
2208,72.62717059493338
2209,6.053799496166656
2210,3.199208105342044
2211,26.974567337835488
2212,18.571557000889417
2213,0.18801680225694062
2214,31.869530448900875
2215,75.02932660004632
2216,64.36803476800982
2217,48.94202686667669
2218,0.9555303017968253
2219,98.51461907211363
2220,31.114313702115858
2221,23.27180855892482
2222,6.401369451627659
2223,15.429740979570528
2224,53.997894648011204
2225,46.17894889156011
2226,54.49701745793769
2227,2.685457569234162
2228,56.076653105246244
2229,21.5742578854223
2230,57.12967643565572
2231,37.96088913417325
2232,31.78405651926326
2233,35.374693369449105
2234,37.69513392477262
2235,87.93307088552523
2236,75.15972015548589
2237,11.698397241904246
2238,60.34854904076467
2239,6.161666295726431
2240,30.49204113131396
2241,71.71776565355296
2242,27.635236477080806
2243,88.75907607484996
2244,23.824223711303873
2245,36.09920942506487
2246,85.98044122245844
2247,3.7521427269758822
2248,5.99931913421986
2249,15.427059250426456
2250,63.17967424417106
2251,65.2181147394708
2252,2.8304576095511735
2253,4.2995630559642395
2254,48.17546058188279
2255,47.1188569822393
2256,39.862170357764384
2257,52.792288745911954
2258,36.16981834247056
2259,2.6809699987975777
2260,0.09278004282798902
2261,97.22830509971901
2262,70.8525781922493
2263,50.49882843245324
2264,61.949606257477626
2265,21.79142917002641
2266,16.73088537957046
2267,31.50837151374789
2268,64.28616561221504
2269,56.69580682819203
2270,65.84513738026158
2271,59.57703856725162
2272,91.129802833856
2273,59.59312788944976
2274,92.07563837156899
2275,10.577844990290641
2276,16.05437423860503
2277,82.41696671195969
2278,86.10671224520665
2279,65.10574307974399
2280,88.64044005996173
2281,25.40469969277416
2282,0.9109070968657318
2283,66.23870499029232
2284,79.46558073976104
2285,11.526545307698566
2286,42.82320168577955
2287,47.88137810366159
2288,78.78599718861238
2289,19.729071020029544
2290,87.25218680449494
2291,50.05829504938498
2292,41.8283013270232
2293,23.05854719692604
2294,61.31982125585872
2295,6.263227592352704
2296,53.4898423422866
2297,91.00280351663056
2298,15.857242482377476
2299,62.27731403677368
2300,92.89498129617384
2301,60.85094122712581
2302,21.790915037571633
2303,46.65238530052929
2304,20.831053809534982
2305,38.66495059052756
2306,79.46440306396633
2307,85.5491008233217
2308,3.2171760631242052
2309,18.662218952270603
2310,3.5341446497902496
2311,30.06614449532212
2312,79.43525586403322
2313,51.00666151020805
2314,14.25190191272917
2315,8.564465307490321
2316,89.3598583247511
2317,49.63186142869641
2318,40.77225450187778
2319,62.021279798414696
2320,63.58666329275275
2321,62.29623829779418
2322,78.92776136060291
2323,80.05146043473628
2324,95.05268918074627
2325,71.21939986230358
2326,56.393490666225
2327,69.06698339359893
2328,51.51765381777492
2329,46.69538775513066
2330,42.06435966348272
2331,7.024900481272001
2332,32.79945388436442
2333,25.968506558547354
2334,58.82781779807692
2335,18.78249670862264
2336,60.67148118149402
2337,84.58290136017706
2338,62.476810201313896
2339,80.02843635616884
2340,73.69748453645077
2341,72.40211939380349
2342,10.419316883515162
2343,67.09780179728322
2344,4.444283058572007
2345,62.55042481171187
2346,28.899236254298742
2347,66.3494777566079
2348,58.49671450577906
2349,58.79316389803893
2350,81.23348467973108
2351,80.07531829018532
2352,22.35548498275126
2353,66.15664274288429
2354,71.45586082496742
2355,46.34931823371547
2356,85.03612020835071
2357,67.20223366737669
2358,9.414006981102553
2359,41.141635336662596
2360,24.209326621826676
2361,8.379502220546497
2362,34.23374442121335
2363,66.0383224782349
2364,9.042179183019849
2365,12.861589270837436
2366,96.3008639351007
2367,43.48614134604718
2368,80.94920861338817
2369,23.90284986896264
2370,1.438856054251958
2371,99.73907275499315
2372,69.80407113122779
2373,83.96553800805081
2374,88.59123908719016
2375,81.28877786229435
2376,85.74712112554928
2377,70.9081117559906
2378,81.64469450705813
2379,65.66256610351486
2380,25.801492088899803
2381,92.8423068032785
2382,31.896459662388153
2383,23.880751666565203
2384,11.451127569773135
2385,22.82832241822783
2386,90.89814191975806
2387,48.88064215469291
2388,43.13839587906018
2389,30.042182176340127
2390,79.00977278095208
2391,81.37540692176832
2392,88.30886707264077
2393,67.12082145986625
2394,23.752783331521808
2395,49.16712894498501
2396,75.07971102480616
2397,67.28741071256789
2398,54.955036123903625
2399,62.04751052960539
2400,32.271128498034294
2401,54.16768579411446
2402,86.28232039393225
2403,90.74619527285962
2404,47.31043341412433
2405,9.596466321531027
2406,22.813758261482885
2407,7.750417811154775
2408,7.257285120105294
2409,80.46937158088322
2410,35.028070345103515
2411,74.87095289607937
2412,14.533222470311912
2413,71.23147884630185
2414,38.20670173097024
2415,45.49038076776273
2416,5.366934209011898
2417,31.47460750096387
2418,58.786693202305514
2419,27.953183215444067
2420,45.68715060330162
2421,90.87616687766754
2422,16.455120879611364
2423,10.67655657627915
2424,74.44483511411329
2425,21.098837986761676
2426,34.07528564199068
2427,86.67918152767795
2428,1.5025134511591043
2429,60.41950832354988
2430,84.05178694038348
2431,96.15848399331924
2432,3.207244006603527
2433,21.15438944510174
2434,36.7403544845087
2435,52.19630870728827
2436,8.425474817790878
2437,12.01837541900147
2438,98.18253141867191
2439,95.22948456784952
2440,76.38160499467504
2441,5.24622240409911
2442,95.2281754900787
2443,71.71152882513275
2444,33.82495108867808
2445,28.443691148877058
2446,59.264907149686074
2447,3.2707664381882773
2448,70.36227158279172
2449,20.71668876443531
2450,82.19063635617204
2451,83.87167237051402
2452,0.8595348830515936
2453,55.05724392109709
2454,80.22705057910868
2455,2.160572258780724
2456,44.20979244036873
2457,8.527444409995367
2458,29.63972322317987
2459,9.865781639681826
2460,60.9700768523169
2461,47.360842077511734
2462,12.392627053549765
2463,51.33922211339759
2464,73.7053612222371
2465,54.87812891702948
2466,44.32847787483302
2467,19.407265064674796
2468,95.67362784734514
2469,77.84577502267175
2470,70.33060266586271
2471,77.39010085888573
2472,58.55806203832691
2473,28.68408928868692
2474,0.45189306049113753
2475,44.933851747927214
2476,64.6780108461527
2477,43.7596607762607
2478,71.76997733931982
2479,96.64956067546684
2480,17.623347777226904
2481,44.34943338583395
2482,53.23886155392666
2483,7.945520530765815
2484,96.16819469003453
2485,31.060445124378212
2486,37.08029983639287
2487,69.600633999337
2488,77.4708000875916
2489,57.716500836930784
2490,21.27141761909637
2491,40.39151390929766
2492,7.056179917840167
2493,90.60697807650274
2494,38.10881197746264
2495,24.229038117914715
2496,52.67542437452466
2497,74.44672685059334
2498,36.0911153709077
2499,49.80254532410591
2500,47.645065279635666
2501,4.088857967020387
2502,72.42438028768017
2503,78.62544125677339
2504,50.257423774007925
2505,8.588880006910603
2506,38.23881871513763
2507,7.553506769621176
2508,46.59737628459838
2509,68.53850094398751
2510,32.4369923299198
2511,75.89663345075067
2512,10.283908589220447
2513,92.66655877186636
2514,29.870573050780592
2515,56.89265592991046
2516,81.66179251422135
2517,98.4866136978257
2518,89.18029926447026
2519,6.29991629661153
2520,26.51333323478986
2521,24.369072427093595
2522,69.81878343167092
2523,94.60919111453438
2524,94.73929862325988
2525,28.33311240058366
2526,32.718781873815004
2527,1.2160912322351614
2528,8.76888281526169
2529,79.29037963826704
2530,9.327878102819254
2531,45.98584455856146
2532,64.42773831977674
2533,79.76271609214152
2534,84.75285872098122
2535,86.94152038956939
2536,19.907246883025987
2537,14.563718125071823
2538,31.073386166573435
2539,67.69386593746863
2540,24.370709887767116
2541,11.90062787321098
2542,52.42251069709503
2543,63.795661729300775
2544,33.469181385531414
2545,12.821458123640628
2546,26.07820222855156
2547,76.36362837210437
2548,5.493132090590835
2549,59.30607607757974
2550,3.6823806834619055
2551,26.749154953795916
2552,66.0515346049088
2553,82.80597107655157
2554,62.37734734143206
2555,10.121388479149307
2556,16.2420807401245
2557,40.16347967865396
2558,40.96528189799326
2559,20.39640071720289
2560,18.63469630430329
2561,18.621252074558893
2562,48.48156337374698
2563,1.4025812670401927
2564,25.31846891662488
2565,4.017028571761838
2566,13.355831492952541
2567,16.11355578601478
2568,56.444212129323056
2569,88.48000821194454
2570,74.22029578463342
2571,72.57952439745824
2572,75.62733376158468
2573,48.76782434976129
2574,15.22256581376411
2575,21.765972723610073
2576,87.87796079544488
2577,97.76744871837496
2578,51.11466349353753
2579,43.36118654513027
2580,85.89301299742826
2581,87.3288954631623
2582,94.10560590554114
2583,68.93313452885863
2584,33.97322399760557
2585,63.68965761363171
2586,76.8341676845262
2587,31.78202312898325
2588,67.46523169210037
2589,51.37065123580893
2590,21.97521016067171
2591,13.026496647052987
2592,0.589328630935293
2593,83.63150985761484
2594,24.574663884290516
2595,97.92804936057486
2596,39.220866303456226
2597,59.2560921257875
2598,66.72754241457167
2599,50.31035312592124
2600,60.88519890939313
2601,9.344586212039086
2602,33.92940192954658
2603,58.01805084112127
2604,70.7337117541196
2605,89.77972493567755
2606,64.95226735572813
2607,95.86318764557336
2608,15.441627288012771
2609,40.27211452455579
2610,45.481516221530484
2611,85.16635587734918
2612,1.126958508682041
2613,60.35756538817966
2614,80.32970022461924
2615,92.56355395295398
2616,8.606078900717263
2617,35.33140542109909
2618,32.2086294312953
2619,77.81619386105545
2620,92.0952759201121
2621,39.92947568986354
2622,74.86054334759878
2623,0.6281953769675885
2624,28.61471311324356
2625,80.3627598985253
2626,83.6481039676441
2627,7.458927057942133
2628,40.56285466368489
2629,39.9875444821327
2630,39.02269840583252
2631,75.12475572696391
2632,11.508281394233277
2633,14.392080253678063
2634,6.7042597916231355
2635,86.7401736953681
2636,3.6059319779920496
2637,17.57719305327068
2638,37.40378068309458
2639,11.50187929439176
2640,98.2812403444056
2641,96.132093376579
2642,46.81319434538847
2643,74.62672774123791
2644,57.06665967607152
2645,10.327712219717078
2646,1.5105340633905229
2647,93.61680257452473
2648,69.92858922327304
2649,91.84666804749105
2650,77.45382288878542
2651,10.610817264578444
2652,42.34105201563906
2653,13.53572154406768
2654,36.6535638262148
2655,96.27203648467422
2656,91.2286987314829
2657,89.22858806284626
2658,58.090646501903066
2659,25.30513489317664
2660,33.70212672511298
2661,82.93014828337427
2662,43.46448510236669
2663,52.64899246710875
2664,26.50011556393409
2665,95.37447686554509
2666,89.11725796965591
2667,47.39820293414553
2668,26.617123433093305
2669,66.67289598255707
2670,43.76122362255553
2671,27.090853062929476
2672,65.65348720536389
2673,13.873513065663145
2674,90.91020645808968
2675,78.86267515193317
2676,79.42019883816509
2677,97.55959030287198
2678,64.00091772209396
2679,89.97449843172423
2680,47.35768391774337
2681,37.616611879953034
2682,52.71312730698209
2683,99.9955446165587
2684,70.74980770866685
2685,35.00740043516798
2686,88.62762208362463
2687,29.483561302689743
2688,5.931626801448897
2689,43.11196164980047
2690,73.42409699867038
2691,88.65563876502132
2692,97.47938455995894
2693,63.75083162837881
2694,40.04467270571153
2695,13.289655414463242
2696,31.843678194699145
2697,70.80179777802033
2698,59.46532222774154
2699,31.293281804645858
2700,44.18559175622158
2701,22.40831933246249
2702,82.64161887209139
2703,74.646109335729
2704,70.67438382389048
2705,18.207049978690115
2706,93.97139645844095
2707,82.77365120637576
2708,82.03736081953737
2709,57.19475021217599
2710,21.784158570037615
2711,66.15092027158032
2712,28.566254294931102
2713,56.90455083997128
2714,92.27579405209978
2715,44.97716036908261
2716,33.648640899408655
2717,98.09452364711535
2718,33.432289389995105
2719,2.4268161364963015
2720,80.00130037271082
2721,75.90594517300417
2722,61.04008460379369
2723,22.886714281531304
2724,76.09876830775491
2725,11.014884158497951
2726,24.617556317574994
2727,52.89628193033719
2728,0.9143872771345873
2729,43.95545952812301
2730,91.01854424052841
2731,31.417164299739163
2732,45.88779032325411
2733,87.3845241654986
2734,11.386251178560281
2735,2.3749908808309628
2736,3.98602780069216
2737,98.20506987194084
2738,33.28022314088286
2739,65.05798591878612
2740,52.620922157885545
2741,68.38981399882096
2742,57.40709757976356
2743,5.307979913833261
2744,35.23096186302217
2745,33.74346765096702
2746,36.19316184806076
2747,5.410637508103033
2748,10.174527588896476
2749,49.90807919620932
2750,16.028972996826695
2751,13.389217805120722
2752,64.73639042607728
2753,22.430525231332144
2754,65.19319282103619
2755,14.585594676027325
2756,51.297349419444146
2757,45.48107988465285
2758,39.4072495604753
2759,72.68330080442821
2760,47.88449626412278
2761,2.537611023507058
2762,38.58800733128525
2763,34.0631453100776
2764,41.5808464428397
2765,25.907709775681166
2766,66.35096551235777
2767,56.98872249502082
2768,19.402059552833673
2769,74.89572485837915
2770,28.64310207352694
2771,80.04432838412356
2772,31.083183961085183
2773,29.88421960825358
2774,92.43042293081974
2775,81.03628759661044
2776,13.611294410827114
2777,79.60495681317896
2778,16.22353081324841
2779,53.84199020898547
2780,66.29458442158173
2781,48.40528088131866
2782,2.3436383310817877
2783,75.62318024276158
2784,59.86221837742918
2785,41.86574187046851
2786,44.79813927486753
2787,40.73131433934106
2788,75.15193818261903
2789,18.728989681177787
2790,38.497155911837964
2791,79.21721919739942
2792,20.803550461651298
2793,51.14720966546634
2794,68.48576158482594
2795,18.291849731277754
2796,61.99673958986778
2797,89.51833702524189
2798,24.746849318387742
2799,93.72896547044475
2800,47.602454580691266
2801,11.294119536155534
2802,17.173549620957985
2803,64.58165284315373
2804,30.627406423125613
2805,38.03798116006184
2806,35.96874696739029
2807,36.89893340188058
2808,85.79033937552916
2809,14.952993166922035
2810,44.50061393147903
2811,17.1928759638587
2812,68.11271101262722
2813,66.7166174697315
2814,52.666375535212005
2815,76.84327103722049
2816,93.73954871462318
2817,21.901113866947153
2818,60.90190185516368
2819,89.31398907380392
2820,89.20849136099753
2821,92.98773672285546
2822,47.74802701520201
2823,21.059965177299343
2824,18.285199478861735
2825,15.869514515460835
2826,98.61583518518448
2827,29.85973729115927
2828,36.59950936153098
2829,29.928566507604838
2830,25.81291527897358
2831,22.585357570524057
2832,50.72567275904897
2833,57.53360638610191
2834,87.80401102187659
2835,12.93835692366775
2836,70.39886335708539
2837,58.465854973478116
2838,32.07885535588117
2839,46.94154750888428
2840,33.12521042341964
2841,11.974696687130425
2842,81.67696149177608
2843,80.76084773957572
2844,42.72737918277979
2845,63.75816424029049
2846,19.05392873768621
2847,34.17918094586021
2848,19.434837615565325
2849,37.12451766932037
2850,47.481184106837006
2851,3.291157840203185
2852,96.6670980612484
2853,53.20766811308292
2854,81.31324092368055
2855,80.93086341689005
2856,63.21449841385927
2857,14.151190266014558
2858,85.73363952511092
2859,90.04863712918657
2860,82.12470414425772
2861,83.41763574578339
2862,47.277672630660476
2863,62.50270556129857
2864,10.420771437427124
2865,57.908819553119486
2866,21.532881802012582
2867,4.010707676425119
2868,5.376650939535022
2869,3.333140440598348
2870,49.870197357874844
2871,74.9100856025385
2872,68.27726207381446
2873,36.17089888304857
2874,63.989205531308194
2875,98.23422067734529
2876,22.119896569931008
2877,43.465837754775684
2878,86.25933790443659
2879,96.25441563004041
2880,56.3492970047505
2881,64.22494036412708
2882,45.63248924712299
2883,73.87743445382593
2884,24.620585530808047
2885,70.51380388868503
2886,77.26012440499355
2887,83.1206045011793
2888,91.16287332306334
2889,33.169988633897916
2890,0.17079130057363612
2891,91.68103347593384
2892,58.69189673721797
2893,31.47519430336295
2894,33.51625752750438
2895,13.180362701149006
2896,7.905412952946511
2897,71.87441654227494
2898,5.732090757552577
2899,6.337019411180977
2900,59.609116773107495
2901,1.1943768986319436
2902,28.650546404971834
2903,34.679362003823854
2904,61.041588859605945
2905,98.44865717983431
2906,59.09184412088353
2907,24.683647279016906
2908,20.12350373482653
2909,77.63741539863365
2910,20.895144133500576
2911,27.974995724631636
2912,30.780098504238886
2913,68.64144948091952
2914,56.189657360449395
2915,57.91254705419454
2916,36.35048182300898
2917,54.438852746488756
2918,98.64218369222547
2919,48.64644967629581
2920,64.69880905961672
2921,48.54689053846018
2922,61.7629077163958
2923,91.90383011304772
2924,26.72553900861301
2925,20.05566123015229
2926,67.65896832915229
2927,14.268581969290473
2928,90.7797185727826
2929,74.08699028146277
2930,56.41071334678634
2931,63.64384534058167
2932,96.43069293485553
2933,22.418149066813797
2934,93.3540848055701
2935,28.313515073974514
2936,25.454226907181987
2937,22.811384428624905
2938,52.80206250698834
2939,17.621008483634213
2940,79.16613630737179
2941,0.660791665743321
2942,7.828346856693191
2943,82.21947489938782
2944,43.0909391080705
2945,87.41702955419153
2946,4.836832586320883
2947,93.094004675055
2948,20.429243457600922
2949,71.03722986755898
2950,34.10943230960579
2951,28.024840164008367
2952,45.20671678534991
2953,86.60989035173701
2954,23.330055137441708
2955,95.92361139325797
2956,40.76823015008569
2957,15.169257888627996
2958,49.532837466538425
2959,80.83209259828148
2960,97.41177225252778
2961,63.5636270594885
2962,90.17270457450994
2963,35.5674912847325
2964,86.61369754329206
2965,76.78712198318406
2966,29.900382820714867
2967,11.693799992522436
2968,37.1606812262357
2969,29.102299775009442
2970,47.32264796811722
2971,58.598786945439294
2972,7.922203439860686
2973,2.958400163831776
2974,99.90199831302833
2975,84.80361875160486
2976,83.9873859210725
2977,99.44510628833802
2978,84.37948306020337
2979,72.48153549995008
2980,91.84496461013683
2981,71.3041500903583
2982,95.99971499638083
2983,59.90808530920238
2984,43.30726922923378
2985,41.19597765983522
2986,97.67692470895985
2987,31.090508844893904
2988,6.418944895939127
2989,1.6422209556087974
2990,90.5284121809377
2991,91.97534351592137
2992,36.079154381916936
2993,38.72722469537908
2994,45.87694438776616
2995,44.52882944733977
2996,99.25432718950023
2997,27.77025574498272
2998,34.526817809535906
2999,76.09559458600697
3000,55.95678709727644
3001,64.41402298794976
3002,99.62659962901705
3003,64.49198208307686
3004,79.39218615517666
3005,87.58181782326756
3006,51.45515879715291
3007,12.056439083669435
3008,33.56675387920169
3009,16.745747011113153
3010,73.62060053110369
3011,94.01946023048299
3012,29.931881526110782
3013,18.952199833786977
3014,20.941088498793448
3015,72.36339833543313
3016,71.89298033525787
3017,5.242549501591309
3018,81.44845839485914
3019,92.21445453417985
3020,43.71556478539357
3021,61.212334185450736
3022,52.60774369654894
3023,38.4808865826203
3024,90.54890702012301
3025,49.783258204605076
3026,59.27034201817767
3027,97.3729095037049
3028,79.06841470651078
3029,36.42855920149216
3030,82.54539268589772
3031,55.683277757615066
3032,95.7137522727972
3033,76.86602192017108
3034,32.30066385053194
3035,10.655867966543852
3036,9.317519025662468
3037,11.441617550733119
3038,44.48660370125531
3039,4.433783571830063
3040,47.66244859559136
3041,16.511337827852334
3042,74.38023366518287
3043,21.089485959099274
3044,70.54077751313125
3045,46.63256588005367
3046,27.505986214387146
3047,21.399395985717373
3048,38.29363912946574
3049,13.247794381349987
3050,28.59384907111301
3051,68.83615743752806
3052,82.42021447576415
3053,44.98166461741512
3054,39.53422527807356
3055,53.89413528435133
3056,70.87735110223021
3057,10.659156371177458
3058,8.073921842492771
3059,57.12276212332157
3060,9.84930979005112
3061,85.94720442453789
3062,10.149328821077718
3063,68.32024572196991
3064,69.26228381387554
3065,51.13090755564345
3066,18.29327627213395
3067,7.923999120201675
3068,74.85754881461449
3069,10.365471893706335
3070,94.44587816053925
3071,74.83310403002316
3072,44.79066234704383
3073,33.79851719001648
3074,6.00770738305828
3075,12.599235567921074
3076,1.9824068379057924
3077,60.86128422259812
3078,87.77256623790721
3079,66.59451396070088
3080,66.6990075720872
3081,90.53815195336703
3082,14.157536060230836
3083,24.22974224196739
3084,57.91962244017449
3085,99.80091095698391
3086,57.723062122804905
3087,80.7912810194594
3088,9.414363405342051
3089,18.919571867216945
3090,48.296789886004966
3091,46.06690848044052
3092,3.874475714953274
3093,91.43615112571514
3094,87.41088884210974
3095,84.3776610591537
3096,45.7403462572152
3097,6.2952745980802245
3098,7.910341899005036
3099,23.87099554363673
3100,82.64819618226188
3101,75.2913397251789
3102,6.436108976520494
3103,75.74836893239781
3104,34.347887498435234
3105,71.00110295922285
3106,27.453204433757662
3107,51.64855601176921
3108,92.9474313136396
3109,8.474361327637126
3110,41.580954206868114
3111,78.81718902164127
3112,49.451865935846776
3113,90.21488015243887
3114,56.38123034824838
3115,4.261674627696688
3116,93.16596185833602
3117,1.60035802097096
3118,96.46940741111659
3119,84.14088221258538
3120,6.311933267346104
3121,81.25947597357599
3122,58.30831016371023
3123,73.56373386600671
3124,80.82991292727255
3125,49.891031386001174
3126,51.65880549389613
3127,68.14625093661593
3128,29.62193843864931
3129,39.00066461450468
3130,63.113107428159424
3131,70.67410928970067
3132,35.6387690240528
3133,51.781618976881774
3134,62.29929670023293
3135,52.25592032135763
3136,7.3046314783345885
3137,14.149721713889353
3138,6.21891328631844
3139,76.58962377147495
3140,88.42091458918497
3141,36.78209706883023
3142,70.13380035453876
3143,24.28594179477309
3144,38.84866489183217
3145,54.09688186652283
3146,43.902508682716615
3147,41.22949798478599
3148,66.60514071519192
3149,48.62593116074704
3150,80.49273883616847
3151,23.755084882369793
3152,90.41730923841027
3153,7.378195995123582
3154,1.989933799217558
3155,14.130883318438947
3156,17.541919768807613
3157,20.1218628558543
3158,52.70309922368429
3159,6.996034819382491
3160,17.614261307303014
3161,87.79924205486287
3162,19.42823381786739
3163,25.917154094993954
3164,80.76897086567679
3165,43.85156570263526
3166,87.21491603672938
3167,82.66389569871701
3168,73.18201623719284
3169,24.640690552049737
3170,72.61961285893489
3171,28.691843561723296
3172,45.30414419346926
3173,55.532396502866455
3174,10.090985467115576
3175,99.43287952060473
3176,82.0289850120275
3177,82.76323043415914
3178,67.82331952169383
3179,27.45510632601995
3180,54.303754649309354
3181,34.673869582952676
3182,25.168198919369054
3183,11.288595985296057
3184,67.6228810583665
3185,93.54942859158095
3186,20.784656021363467
3187,23.71602641665217
3188,7.699269596176195
3189,23.560487740981884
3190,72.19648378336063
3191,59.460030793077365
3192,48.339578160040574
3193,20.6170581308498
3194,47.5949109160577
3195,3.2402772016925874
3196,4.6187109866296705
3197,25.595937524081634
3198,10.460807279451778
3199,17.677344335552704
3200,95.27716128177381
3201,63.0546197865013
3202,96.94169966033526
3203,49.927360542327925
3204,50.35614759561761
3205,58.45941104409786
3206,29.763449493497205
3207,34.40070834952409
3208,82.55402900942786
3209,97.44699458035761
3210,22.937401595886296
3211,35.503573358615206
3212,89.64854196100059
3213,9.050423506204874
3214,13.659560638448355
3215,53.297863503499286
3216,91.94740374467824
3217,29.892078107351704
3218,56.630521088507855
3219,48.97752868077737
3220,49.31541640717108
3221,13.087556294237334
3222,26.838252080666734
3223,93.60337637580645
3224,67.74813680178252
3225,68.99137775139195
3226,30.80920301478175
3227,45.30557972716488
3228,92.58240327473256
3229,61.61891852780692
3230,44.144720750053615
3231,8.588992693885178
3232,56.74194450332241
3233,65.80290212358109
3234,12.942369561128098
3235,43.495083392993074
3236,43.628372686374206
3237,41.93907860550357
3238,96.00222545944234
3239,95.69335534639704
3240,58.07574552992667
3241,71.12084819936051
3242,80.63314754805513
3243,19.54097529165417
3244,68.3996653386016
3245,53.517873185295805
3246,21.448813937512668
3247,0.13517835532556033
3248,77.25699802301695
3249,58.071722980951314
3250,44.73089627086525
3251,1.7526121167538378
3252,65.01927060260635
3253,31.190843151577674
3254,39.591750277919466
3255,52.46856071354197
3256,45.51072788135669
3257,11.346631113202976
3258,25.66210298963041
3259,22.155843359039984
3260,84.49089958769055
3261,98.01529110827168
3262,10.12427841101886
3263,75.01452188438368
3264,53.2575101037988
3265,63.98937082661562
3266,46.52741494486986
3267,47.23479303530858
3268,65.17932351113686
3269,97.95025271765336
3270,13.401143887183242
3271,43.94869884693073
3272,15.830119514066144
3273,8.85429520492761
3274,66.78369719065711
3275,71.67363674927664
3276,8.095825783181244
3277,7.185110423598918
3278,46.1658408443769
3279,31.51506394247272
3280,68.279845238785
3281,5.226379445056828
3282,86.74502148567313
3283,1.504186368126692
3284,69.67728248756629
3285,48.79909517886597
3286,84.97689399979295
3287,64.0238035335184
3288,73.82501873790672
3289,34.35176598001245
3290,2.9363015067750964
3291,35.39983149599196
3292,75.80584386316947
3293,73.68711651291144
3294,44.58788058940827
3295,19.69831753089425
3296,74.55176638060158
3297,43.37012088781653
3298,24.978990717330685
3299,9.052857692234806
3300,32.90488791335705
3301,49.40813847160519
3302,9.730465221093043
3303,31.46469870173466
3304,20.411566546059625
3305,19.756473507521875
3306,23.05650063242588
3307,24.285665114054588
3308,67.52362562815829
3309,74.84255381735562
3310,97.23297701228184
3311,71.30156710936258
3312,16.955185428004494
3313,85.35487721522506
3314,77.03037080762074
3315,87.40947898458433
3316,5.785437588934239
3317,58.12770443286417
3318,74.80991951985963
3319,52.194729329409085
3320,52.96398861496736
3321,36.344776159243686
3322,14.20878509741309
3323,81.71234654210848
3324,75.14913848777105
3325,66.34246317932082
3326,85.32254403743283
3327,4.86822833534073
3328,1.8677513195402118
3329,61.94461301381511
3330,45.81709959578018
3331,0.6972715462843282
3332,59.714277773411716
3333,61.865335623989225
3334,99.11132193609598
3335,1.6280922445006119
3336,37.98432985380141
3337,53.018025381223154
3338,42.749040872756304
3339,19.945858499408153
3340,55.15850275759184
3341,67.87613352880307
3342,6.679468690958334
3343,7.058587612158607
3344,65.08157795184182
3345,48.16680208417786
3346,5.040604957397122
3347,61.76451212067388
3348,36.11560230297669
3349,58.37815648795414
3350,86.21211012778438
3351,1.8463819237885093
3352,23.734654061159766
3353,65.909146513232
3354,26.72554958352039
3355,31.107484420213737
3356,85.56869538161261
3357,56.873417034217475
3358,87.03864532991479
3359,17.79935267083551
3360,38.357586276572505
3361,98.42684809899451
3362,96.52429596347784
3363,66.84982151461031
3364,80.1756162575029
3365,82.84307272171111
3366,60.37592686153174
3367,47.379006483864174
3368,11.927146488684027
3369,51.27224595498284
3370,73.85143157754837
3371,23.995471687509205
3372,85.81123402174691
3373,37.82776913829199
3374,33.75588727194939
3375,43.303714113722855
3376,34.786828311589055
3377,30.802974488756576
3378,9.210232900350789
3379,80.8765102279065
3380,72.61767847001913
3381,30.894315851171427
3382,20.881911293485366
3383,44.58044206087776
3384,88.25186127408536
3385,72.90088760499386
3386,51.770743693415334
3387,82.88702676459604
3388,34.59984707792147
3389,40.0472467694307
3390,93.16899607340491
3391,63.58845291549736
3392,89.00889667614807
3393,61.247319746425056
3394,72.66298527713263
3395,50.36313803031718
3396,77.73600989653787
3397,13.639914632128235
3398,78.79862641014277
3399,9.14919206518745
3400,14.446545244930443
3401,53.96623120576365
3402,24.871154405031305
3403,99.696945423618
3404,10.74054566766458
3405,76.01324207382693
3406,35.92984929017192
3407,96.80446976788612
3408,32.13664092309917
3409,71.88220650410851
3410,28.798576374715722
3411,83.8424077986611
3412,16.37077142861145
3413,37.6092984065947
3414,44.682674679819634
3415,0.24517103431483944
3416,75.40894180394203
3417,81.93142761928075
3418,93.99388487494842
3419,98.37672585041743
3420,11.922432151708062
3421,35.456161074083326
3422,36.37063110305498
3423,83.68982852158143
3424,82.49477375730578
3425,80.891198765913
3426,81.18854291431784
3427,12.149964959015147
3428,51.746845505918024
3429,38.94047360436295
3430,77.54599390261627
3431,43.25661220956298
3432,64.14150917104506
3433,1.1600313708421517
3434,43.52945861520766
3435,22.59093577085187
3436,21.671514344506782
3437,52.30557994697359
3438,56.37609066971952
3439,57.90945731147732
3440,30.519637728430414
3441,34.77256003090996
3442,20.00928696559662
3443,57.48874030869231
3444,39.46627383905591
3445,14.029767816569494
3446,4.479740107211061
3447,1.639356899152189
3448,16.18055055794656
3449,78.49950032380009
3450,97.88480312536534
3451,11.865956103289655
3452,93.12293163820159
3453,91.24717879808018
3454,41.34729384707975
3455,12.743930732987852
3456,5.15318147105881
3457,51.505326653568126
3458,87.57058516038228
3459,68.60637040330641
3460,87.24139763230079
3461,3.7966215081723265
3462,94.6750184199949
3463,84.5555042719528
3464,63.939639075695
3465,58.75076261457161
3466,94.37612785238963
3467,81.57830867766161
3468,83.90373699832045
3469,55.158922022427646
3470,69.31010473623813
3471,86.63750087541743
3472,74.28867141834553
3473,79.40649150432276
3474,57.11872446717609
3475,9.725045231968855
3476,60.476626813348474
3477,59.659053998202126
3478,51.05675768368542
3479,2.842923329586955
3480,83.97763621025946
3481,67.40515350936424
3482,80.05567215384019
3483,62.33645812376394
3484,80.47051444868694
3485,87.15541347934108
3486,2.811708792645795
3487,17.204012109181967
3488,91.52346162672971
3489,12.401577069419012
3490,46.11156556679721
3491,55.12420311596637
3492,68.79400303279839
3493,15.248560607370399
3494,49.78501894044428
3495,17.033034588769112
3496,47.62898316810465
3497,75.76720520957565
3498,69.60965759919478
3499,2.3108261647150075
3500,39.92712552943991
3501,7.103912579896754
3502,93.19269122217739
3503,82.26489923722154
3504,94.3675014999958
3505,51.95262063741119
3506,47.57723657387708
3507,56.9059598898608
3508,12.377995697087862
3509,49.59109595694136
3510,10.74253968407688
3511,6.096092250962415
3512,9.115938323408923
3513,38.08270537068111
3514,15.840938241960112
3515,15.899783215621044
3516,92.10223537444769
3517,59.33453624258648
3518,84.11935407697236
3519,73.19820222466194
3520,97.25555074882715
3521,23.66700909690753
3522,64.36157788991468
3523,20.331354115484334
3524,64.98764573939808
3525,84.51244689784065
3526,17.8599324870946
3527,98.25589068197442
3528,40.87007909347189
3529,80.05261538011787
3530,28.008724537395747
3531,26.204573983311363
3532,91.56059442677721
3533,90.79635582119289
3534,48.10747145445317
3535,63.92142922015087
3536,30.58558311069123
3537,86.23254690033694
3538,31.27429448561032
3539,95.93749601849495
3540,11.34988056552303
3541,26.71306942675954
3542,20.270516580154762
3543,16.48795350780071
3544,95.39442043508728
3545,65.89322422242613
3546,36.89758759872077
3547,58.23800099621851
3548,64.65747072794417
3549,59.95538284691754
3550,41.41042036283588
3551,76.11228758663857
3552,33.729500089214206
3553,26.294874472949125
3554,21.09112029379383
3555,30.33018485572979
3556,73.55720394599643
3557,77.81180858093045
3558,68.90663045617872
3559,31.459219751710123
3560,16.498195167727904
3561,14.768522947749307
3562,31.11366458270952
3563,59.31371287954017
3564,16.4640139829337
3565,93.11361115078888
3566,17.959856294509336
3567,88.55190645016917
3568,90.87177669126174
3569,26.343667285377293
3570,24.88199665504246
3571,36.226415161987035
3572,97.00827250771627
3573,30.578253758537542
3574,98.8623571119914
3575,46.99368994188059
3576,68.66847662116267
3577,86.78071626779942
3578,93.68038886386171
3579,63.67897032572167
3580,71.85959535829478
3581,52.33505397847738
3582,18.893937225790847
3583,95.32536875990058
3584,53.642001593198884
3585,89.4977592534603
3586,41.68441327615863
3587,97.53294416686838
3588,51.42677850039229
3589,96.12251353976424
3590,31.927865157215475
3591,66.49021784193792
3592,63.65599246380755
3593,71.21143413444454
3594,94.13980274426234
3595,97.47485717187365
3596,94.83930172396362
3597,35.09995180967643
3598,26.354335445659604
3599,30.376827450109147
3600,31.596002530844824
3601,80.51466975484576
3602,34.36399666737161
3603,40.390492756640924
3604,41.7193420816073
3605,88.0000062517048
3606,83.18322881568427
3607,44.00388142173253
3608,75.36774540516082
3609,37.387876142510734
3610,67.47783645608146
3611,47.63939604982389
3612,35.21982571236063
3613,84.92286520973236
3614,49.21081625373114
3615,77.41014077684079
3616,30.420773567640126
3617,9.93711633570319
3618,35.11760473036462
3619,80.4936311498947
3620,76.93700135076612
3621,65.64511438368214
3622,88.03817877897875
3623,37.99061949145936
3624,24.511845751614082
3625,32.6100777051728
3626,90.2105625802227
3627,20.33804047650355
3628,40.70744455313857
3629,60.55233469412191
3630,9.04284374832114
3631,43.73648399796423
3632,89.26211572145999
3633,17.110957318313446
3634,54.678717395734644
3635,87.47854661145975
3636,16.39616661103319
3637,6.279433091769382
3638,17.633621074265704
3639,51.77456863230224
3640,3.2493835409822314
3641,43.4462987912545
3642,98.69836276719937
3643,78.1849587999245
3644,53.427198521104934
3645,33.43455948692482
3646,24.521511237008887
3647,89.71873299569448
3648,66.60014159212858
3649,51.42271582981196
3650,20.520511334179325
3651,53.17206000522332
3652,6.644248184785251
3653,22.996345460616375
3654,47.452440080539084
3655,71.00705814844044
3656,75.85616638325428
3657,86.10905035403808
3658,83.12308697573948
3659,86.63177499265878
3660,83.4229518059003
3661,1.3799473644236504
3662,49.2059053335389
3663,61.20768578057771
3664,79.75738762171879
3665,1.5818478099221212
3666,12.945009315444434
3667,38.434129032866494
3668,56.98682403252111
3669,50.243574760311446
3670,71.77663994561868
3671,11.448672555820039
3672,65.18430806382241
3673,74.02340274484581
3674,47.44721506471203
3675,4.318159157277234
3676,95.00576741342877
3677,7.018496027259413
3678,21.809214229766916
3679,10.966808136336969
3680,27.883284067829862
3681,90.00343179691713
3682,43.31875380869595
3683,25.212981058121954
3684,14.33785444048813
3685,45.374649842515616
3686,55.8008181492368
3687,89.9833054570295
3688,6.694226932157443
3689,93.7489480072706
3690,50.549842124012365
3691,11.481404334913247
3692,78.99586660818976
3693,34.560320007194655
3694,39.995568437122685
3695,71.23165983027081
3696,43.76314371686342
3697,65.09605304926286
3698,58.223023820299225
3699,37.92944322772933
3700,42.94345523266438
3701,11.269466722838217
3702,0.1651001862738477
3703,53.58696387400453
3704,32.85910897064282
3705,34.51258819078616
3706,70.44410909598867
3707,29.467288905592646
3708,19.153100556675774
3709,5.697468700052188
3710,66.24767728859688
3711,85.75022878484147
3712,18.073838679835518
3713,15.442838225024236
3714,80.70469360252027
3715,47.75687821232235
3716,78.86418579202203
3717,17.821226008226333
3718,5.602905863816843
3719,8.83809771993228
3720,20.033939520494815
3721,84.04647551838235
3722,9.122974737965063
3723,42.50246837492205
3724,62.92410776572665
3725,94.08696960819192
3726,72.2088350285549
3727,60.94287855732574
3728,32.26979113297691
3729,31.262264557233156
3730,38.32849066170721
3731,81.29907809576156
3732,53.91313486721964
3733,66.34728668537218
3734,4.240387454918604
3735,36.78463156285978
3736,57.01179301700883
3737,38.816030818703254
3738,66.24665770805358
3739,55.007975519885676
3740,38.06498270350782
3741,37.08534514596645
3742,64.70432037099242
3743,54.75338124289896
3744,24.842554907206036
3745,44.16957483193082
3746,79.77767783779049
3747,44.10654245184587
3748,63.458081683914955
3749,10.139398562069657
3750,95.40891602981567
3751,33.136580994155054
3752,58.37716856652763
3753,11.391541879041844
3754,53.786113371448984
3755,85.89394568788012
3756,88.45312529895307
3757,6.330643292567628
3758,40.47539024401085
3759,82.54998199794488
3760,99.13304180491205
3761,60.463253429825784
3762,40.012489192767006
3763,10.008486933006566
3764,62.063850171227294
3765,11.724655483065593
3766,80.9971588816669
3767,82.34572963970444
3768,13.441959430509442
3769,49.365701961231856
3770,77.77206670321954
3771,38.681922542560386
3772,43.435939002977975
3773,54.7164877099275
3774,46.60019662855854
3775,56.92524484425676
3776,21.05631927495074
3777,67.55156183072816
3778,74.2035809014795
3779,21.696379563785108
3780,28.63852403839554
3781,40.832096070417045
3782,47.46837456180783
3783,13.333056583531244
3784,88.92655356178241
3785,47.227123668109314
3786,31.255821145670225
3787,12.604745534375095
3788,73.88830895515535
3789,75.5718251714424
3790,4.744884086326772
3791,98.31582784822672
3792,20.30050580405307
3793,14.236568778997249
3794,66.37062042712533
3795,5.300443448701653
3796,21.233185817441736
3797,72.35079808302396
3798,98.87991686268307
3799,99.97845683627955
3800,64.10141932177513
3801,58.0383716486219
3802,42.309461657201474
3803,68.47485809999012
3804,84.39626386017297
3805,84.69987894632749
3806,3.3051653561044225
3807,15.402408596435436
3808,22.74758247060078
3809,61.1101681572664
3810,87.26659785316724
3811,80.06118919660054
3812,9.9540774797074
3813,8.144189848565153
3814,69.03576317276172
3815,96.99396118719659
3816,34.807363476896214
3817,31.6968141381031
3818,94.48838721466757
3819,21.122085936060387
3820,27.249794248104187
3821,17.435000985969385
3822,41.98171167627147
3823,39.585375471328376
3824,51.65464552304751
3825,8.84691517566073
3826,49.901226973171845
3827,58.11291605542066
3828,15.013586444713379
3829,76.40687493780622
3830,69.93078481852002
3831,33.136825052756315
3832,21.13411451058489
3833,56.51315452429613
3834,28.31575729213266
3835,74.99442717813565
3836,58.89380432442839
3837,12.932646823545003
3838,55.36358180762559
3839,88.63558351780426
3840,72.52390228715711
3841,17.075015718048125
3842,90.64859539228338
3843,18.495282710961934
3844,3.0539527563973046
3845,77.67621378169139
3846,52.56912400740734
3847,72.10802797174317
3848,7.137863556884538
3849,40.29216290358302
3850,60.11448790768785
3851,27.549556347125282
3852,67.19790474101733
3853,36.75140768370188
3854,4.7928111032417675
3855,53.514376113734215
3856,1.76404570789771
3857,35.56921480696623
3858,94.753223227505
3859,81.20310282514573
3860,6.3717138182969535
3861,78.28248403556911
3862,4.022943390574296
3863,71.54105584068719
3864,46.501786441075474
3865,94.23602038869576
3866,47.43205639567386
3867,39.74393333164647
3868,51.529025933677794
3869,23.807432254181705
3870,47.28062462419018
3871,49.816708306124625
3872,35.79297257803148
3873,39.75311240203629
3874,32.15142015837965
3875,35.311750195707134
3876,24.16772276721376
3877,30.089053514202803
3878,91.0590708390221
3879,80.13962577209219
3880,88.25281616316501
3881,42.18228644676476
3882,56.44262388464124
3883,14.380746439969617
3884,36.28022670897395
3885,16.96994544444118
3886,61.64420166893751
3887,93.66025129580623
3888,8.142550301143036
3889,17.699605340689107
3890,62.20840929222536
3891,56.511670293456326
3892,95.99376323789268
3893,18.78182997836957
3894,58.572069746419665
3895,35.27614720808817
3896,23.691782849800802
3897,62.2438324114927
3898,33.36952151735989
3899,8.37587829674865
3900,27.646105744416005
3901,19.237661693483954
3902,64.18595250760396
3903,40.533274037000155
3904,89.98572715777988
3905,96.94598487140618
3906,5.417759684496504
3907,77.80893023518159
3908,63.45406224885477
3909,97.32412576291625
3910,31.817491015943688
3911,11.068437878134784
3912,58.35759611443887
3913,99.99289267390309
3914,74.291743994031
3915,16.940290416251578
3916,52.63398971602833
3917,74.33562999055579
3918,88.24019040114214
3919,33.42946275897798
3920,55.28687975920775
3921,25.337482532273327
3922,8.290077134648044
3923,76.09108209116016
3924,4.367326090580503
3925,93.80779477658882
3926,16.900680137532476
3927,87.7501419244099
3928,62.11095870804332
3929,68.89040278987343
3930,96.05863460602995
3931,86.7041227150933
3932,99.53524709400334
3933,17.025114601897684
3934,33.75848583151579
3935,18.035288895670053
3936,98.43411480041424
3937,40.23557295533987
3938,79.83573971615476
3939,58.77893236136058
3940,15.809612014432384
3941,95.34643223673346
3942,9.779307698804473
3943,18.233114121626613
3944,48.90625817471748
3945,62.47133327747628
3946,95.75554052050899
3947,93.96546905360808
3948,1.3497852653928555
3949,71.56350097479873
3950,25.319667202702934
3951,89.54577976232746
3952,10.54979517864153
3953,31.43617959929238
3954,9.924082099784382
3955,50.56639461448008
3956,96.04869757432101
3957,38.970213210915816
3958,98.67915335050691
3959,88.24252777379165
3960,12.714410535984644
3961,61.67877404407807
3962,70.21657997632894
3963,60.596525334405094
3964,84.70124627732058
3965,28.041592352987234
3966,84.18990004074419
3967,37.288166702667716
3968,8.493710069400361
3969,27.015939217745753
3970,25.95581208135239
3971,81.04137172625593
3972,19.087755194486576
3973,83.1740168595639
3974,50.837786424657615
3975,69.24105905913288
3976,23.437691016804674
3977,13.752728244122913
3978,11.08897340755287
3979,64.92480510454148
3980,49.475292654413494
3981,83.16148880281602
3982,74.7384247584968
3983,27.15654338754949
3984,31.85937724143151
3985,73.75870608873022
3986,29.860209837982932
3987,32.168006699539696
3988,83.73867219251062
3989,20.857142697954078
3990,8.141567328999555
3991,56.05639348742435
3992,12.124850874754511
3993,8.153735257718854
3994,67.97023097995587
3995,34.238458694753035
3996,24.460594037747306
3997,48.73469524370155
3998,95.19890427192391
3999,65.29726867581141
4000,87.0570852412542
4001,70.70591734799734
4002,78.18531429578807
4003,89.7413496388232
4004,58.13316794589646
4005,74.48024590203545
4006,41.07091331329414
4007,19.664972799628565
4008,56.40080109051387
4009,7.175635662061697
4010,7.620309787200663
4011,66.04339742661935
4012,97.39062902468147
4013,52.17467303925132
4014,61.24242130083388
4015,80.61079576957061
4016,60.551870221895996
4017,3.805949280314702
4018,83.74632408069333
4019,37.469407878551465
4020,39.52574803272888
4021,93.60720566839748
4022,12.617445592642419
4023,87.70122738781271
4024,1.3185817744421624
4025,74.39690166075974
4026,63.806746866331885
4027,53.12383451714611
4028,88.60294878457633
4029,90.47314061444713
4030,66.38538622666947
4031,43.41896361720783
4032,17.601010638253236
4033,77.50122443505482
4034,71.10830601339163
4035,74.52447336351348
4036,71.70450013540488
4037,33.30835394263768
4038,60.18799198441565
4039,1.0980421199050516
4040,45.89390419444492
4041,26.821600963408788
4042,46.29672160283014
4043,40.653638516654375
4044,68.09277942374503
4045,56.23862669985768
4046,84.73358760817146
4047,28.258567529654332
4048,1.8489894555605901
4049,24.833763251235773
4050,6.769289252034161
4051,54.15500626997742
4052,87.35585752841484
4053,74.29977798863706
4054,73.00883900781636
4055,70.3564696327092
4056,26.48984165267725
4057,78.66945480919573
4058,23.0729047319142
4059,8.165103110548744
4060,16.391271616711645
4061,14.509865186142468
4062,18.813800956502703
4063,49.24585704076839
4064,35.69595772418559
4065,47.71688599662737
4066,1.6128475015361965
4067,50.310016672266
4068,52.75994749950811
4069,75.17557809129922
4070,48.714944942984125
4071,1.5276121270422216
4072,48.99609906381331
4073,87.04124652237967
4074,22.931780470346585
4075,82.21658289289088
4076,74.34051086760402
4077,92.18554570194668
4078,14.387590435586372
4079,86.28174962255088
4080,74.54473142972058
4081,45.464117286221054
4082,67.20817284830048
4083,69.7759295363147
4084,87.20786353179801
4085,7.623045730855605
4086,20.783129919641553
4087,79.46425377839257
4088,83.96996058108157
4089,42.21364914448908
4090,71.8359863973532
4091,28.599050663267167
4092,64.20896182086338
4093,87.48188712912605
4094,10.988827598603413
4095,80.2373957112013
4096,32.77096985658782
4097,81.01880550921506
4098,11.682702523437726
4099,11.828177398767858
4100,29.27441427030988
4101,4.233081538382743
4102,12.917206751400546
4103,45.38417309712622
4104,65.65537110601282
4105,36.76089095859777
4106,56.42455270383498
4107,44.43961318065085
4108,14.751526293446815
4109,48.114711311492606
4110,16.501081964863694
4111,37.616563591799235
4112,41.19637969710551
4113,74.74035249817592
4114,58.72791013052283
4115,70.41901712162907
4116,64.33057728805794
4117,19.604232032225767
4118,61.73096416291105
4119,86.13231156536263
4120,79.9401358388473
4121,12.843673237732622
4122,78.67070082986079
4123,41.789660700393426
4124,43.35064236141509
4125,98.34680194040818
4126,73.55614207856169
4127,14.102718621673993
4128,24.918198303482942
4129,87.23784354434024
4130,24.25174459946321
4131,62.32652268939073
4132,19.164947142440912
4133,76.02684113941399
4134,15.616940764688614
4135,9.76582507002034
4136,77.84499431542842
4137,51.85614452695957
4138,96.7147618364325
4139,79.7403933470359
4140,54.421657308765006
4141,14.684256079625014
4142,85.74378521804337
4143,38.25277473609786
4144,13.916628087960925
4145,16.183735129878386
4146,14.851052091260774
4147,95.32983415441258
4148,12.928628475875959
4149,97.09958649960838
4150,12.722813938666388
4151,77.22087380644541
4152,95.36314017214757
4153,86.7378307552104
4154,78.03479828083186
4155,67.23342367553258
4156,41.01133885123257
4157,20.208358433801664
4158,34.778166105156394
4159,51.16211371481455
4160,13.741087384773076
4161,31.710233559693823
4162,41.189158236134475
4163,91.73975181644352
4164,55.74763597643966
4165,6.183033537209337
4166,60.250843787168215
4167,31.37369184561518
4168,33.697014463403804
4169,25.131512523628384
4170,59.42774945309041
4171,77.48207650910098
4172,80.19743073825822
4173,31.483165689912695
4174,6.39863903281489
4175,85.1770044904641
4176,29.93486407162137
4177,19.015491429216837
4178,48.39905102536507
4179,97.68225829793127
4180,35.75055187517863
4181,17.38274940018769
4182,82.02094862810338
4183,94.96802376318644
4184,39.744782811968136
4185,50.26303764752813
4186,6.759363058850665
4187,9.979494276728895
4188,38.428233091850174
4189,67.1412437771058
4190,55.80685828724834
4191,23.74459700528306
4192,63.72315010908881
4193,51.34672409986393
4194,17.526127070010254
4195,80.98612078338532
4196,91.53740761028259
4197,10.20125984322644
4198,63.115948354094144
4199,86.45339344587067
4200,83.5118509761823
4201,81.54030200416666
4202,73.31122488739933
4203,85.78936725067871
4204,49.0938816089761
4205,3.65844862675071
4206,39.11388284324055
4207,24.13446764807223
4208,72.81065162798032
4209,12.423650054384282
4210,88.47121825253834
4211,6.0974895681030095
4212,32.36656763392263
4213,61.30999268512844
4214,60.98128748354481
4215,71.63558678929337
4216,3.283136591973712
4217,20.03316956628686
4218,56.899368704788834
4219,31.741459107396885
4220,95.93291654437294
4221,69.17474425361907
4222,50.16749174855383
4223,75.16093782957526
4224,45.937093622021365
4225,84.35247714710341
4226,80.52200719820704
4227,56.02289635473498
4228,64.77311078119467
4229,89.67920014431917
4230,82.32860712012274
4231,83.34649593858346
4232,89.43745278686447
4233,74.9284483146267
4234,38.63838533692188
4235,0.7340483968965139
4236,76.80318408030598
4237,62.731979588191166
4238,84.84054431401407
4239,73.23646660985986
4240,86.00004620115048
4241,76.05273889633389
4242,35.97928386469454
4243,91.33124153835426
4244,91.71447501892838
4245,98.63777506974739
4246,24.40503776814358
4247,12.118166844476452
4248,53.19347391837248
4249,92.29437774605975
4250,59.5379201477909
4251,49.18814361773549
4252,51.084417809102334
4253,20.79561770737113
4254,99.45133312948627
4255,7.78132950773649
4256,17.822258037762595
4257,56.848309690514334
4258,15.01840494770451
4259,0.9450933873979772
4260,75.54356127449566
4261,38.22318602734385
4262,2.2824177737558404
4263,44.22535603003519
4264,4.06278427009199
4265,7.6107612805370035
4266,49.69913635409774
4267,4.124165311735828
4268,47.50361755976693
4269,68.72429440123324
4270,66.16324688363497
4271,25.61824243451307
4272,78.54823484579623
4273,11.422196106009375
4274,44.77833729332055
4275,86.67409172385582
4276,85.61904552173432
4277,51.91603764826224
4278,95.08873004831176
4279,33.73255068572365
4280,51.23636711963127
4281,81.16489408189905
4282,53.966239214432065
4283,98.6021012261812
4284,51.31340453981965
4285,4.499260565047769
4286,96.10051665239554
4287,18.816151189660147
4288,37.38835279701792
4289,57.456622457726084
4290,70.9922114314142
4291,48.00425140824098
4292,30.04613056166212
4293,20.87411249379655
4294,82.08486868706201
4295,95.16610731173361
4296,75.35385640606697
4297,32.027608887977486
4298,56.551701143009645
4299,29.861830319323847
4300,4.13904552828247
4301,3.66958017224579
4302,66.06661351576936
4303,38.516001794030515
4304,53.530604544933816
4305,20.279068209409246
4306,53.826832839430004
4307,9.544078046852311
4308,63.66704911724245
4309,38.0848454164074
4310,12.774987478270772
4311,34.025534385690705
4312,4.985197651641249
4313,97.33812556439572
4314,58.492475479644646
4315,55.491983813010805
4316,65.70293131764784
4317,70.05985711035089
4318,2.5240734331115733
4319,72.01463404545393
4320,6.013935963064121
4321,70.15199573142202
4322,37.89332067046182
4323,10.756408188061684
4324,50.27199493190941
4325,87.53176172349565
4326,86.73158901119196
4327,87.75868763527707
4328,25.83721475574272
4329,91.34566996694457
4330,22.93146681764846
4331,43.82491853932524
4332,8.460053735757999
4333,68.40807883374926
4334,33.11716869788241
4335,77.56820984838751
4336,58.36789624345794
4337,43.634149960847814
4338,84.87052845355495
4339,46.058900364215404
4340,16.96356565907502
4341,58.474367489814426
4342,95.32826135303762
4343,40.07194470345209
4344,98.67487209261795
4345,71.3354675302656
4346,98.50298080559647
4347,2.989339096306032
4348,84.32540650793317
4349,91.38608104509179
4350,66.30800460951679
4351,69.5818679081259
4352,21.315196286471917
4353,73.87231219168132
4354,32.56692106574863
4355,8.03963942801953
4356,53.48424727812261
4357,19.72767973173748
4358,10.655875559753724
4359,21.786398759198455
4360,16.327780483483533
4361,28.752812353333812
4362,48.976005070987036
4363,16.8481786518041
4364,91.87080198563798
4365,21.63793296275682
4366,18.67075187617925
4367,58.493618332293515
4368,26.28799064543759
4369,82.02258587394738
4370,30.294709420683308
4371,78.63726280593247
4372,32.4127252125085
4373,93.42868070334464
4374,42.80650317156179
4375,13.457801684406444
4376,74.10626695313792
4377,66.81390882064913
4378,66.63003805473056
4379,46.99612005696123
4380,83.54367292465636
4381,40.021883701435435
4382,11.418268792505536
4383,98.79627600636886
4384,59.25296885507464
4385,10.086877226683132
4386,38.81251128047267
4387,75.25653994905952
4388,8.951532761577674
4389,57.66614051341278
4390,86.41472432314458
4391,20.92615524500262
4392,23.397557931267244
4393,46.91808747813964
4394,7.737994257708425
4395,73.50476659463648
4396,18.074862937258874
4397,72.59201464239904
4398,56.33966776989655
4399,8.757113083481249
4400,83.99329543236541
4401,14.831095803837934
4402,66.84146065332793
4403,43.08914802592418
4404,88.50858092670094
4405,0.7910605748744692
4406,58.93086578015435
4407,32.19159294825803
4408,16.33008619576706
4409,26.067196697336158
4410,28.456815200137008
4411,57.9601488438538
4412,16.50232049542506
4413,77.69853005048994
4414,45.82131249456868
4415,98.25392682919086
4416,11.954934545220864
4417,78.33403581010164
4418,24.37778671694204
4419,82.17702251734055
4420,61.70956957318441
4421,97.42736636505998
4422,48.063718627970765
4423,26.013148477734394
4424,43.406669632993285
4425,93.94578058120975
4426,0.0846992321245521
4427,52.640075890401675
4428,93.21735229700398
4429,22.90397268904928
4430,67.72993200626574
4431,40.33864074097069
4432,9.802794894834054
4433,25.410455737846625
4434,72.4747997750925
4435,92.52978118426337
4436,20.896376828711627
4437,42.46920912775168
4438,53.39105802817359
4439,5.980482348812721
4440,56.19987972878873
4441,74.2717887501114
4442,90.68551541404825
4443,22.576004559840623
4444,0.23218502897355275
4445,44.66276961668314
4446,38.017486726861335
4447,55.037855232341414
4448,92.58905913947135
4449,51.10094792755622
4450,71.09414401590904
4451,5.849169885216399
4452,14.004669320260543
4453,32.445132124353435
4454,40.68902621218626
4455,17.718931477788548
4456,56.06981859661371
4457,96.14594994066128
4458,96.1138508814488
4459,36.39290706965747
4460,39.43719776042312
4461,0.44220034219335513
4462,84.63691710357134
4463,36.26754838543648
4464,58.27307866894282
4465,41.79863205236906
4466,74.71697708523999
4467,75.17266524229704
4468,10.662809118153904
4469,45.26608334780049
4470,75.80096949020003
4471,40.88285474007649
4472,86.27798435169451
4473,12.436216356587625
4474,1.9332183414576543
4475,0.7567023760622349
4476,56.824167516662946
4477,48.80091521233273
4478,12.371819238192462
4479,50.359325266067245
4480,90.28018365660948
4481,81.3422180554449
4482,26.180016623502343
4483,29.47045800821546
4484,12.302977879935884
4485,90.40769431328431
4486,65.06810999120981
4487,28.97573241339049
4488,2.6090520640686066
4489,76.96867924909942
4490,11.122813159229295
4491,86.29109976669214
4492,3.898668155367724
4493,40.13162398713352
4494,10.67527536747187
4495,78.35667259338588
4496,82.42661572559284
4497,74.12690293159766
4498,5.470827012491886
4499,53.68374068263706
4500,65.2913894963421
4501,2.2742572141005724
4502,38.16378365768465
4503,77.69361085243143
4504,3.2763551392038126
4505,8.451694441263879
4506,28.16022164275822
4507,57.52779645660162
4508,52.553419256638925
4509,53.53823123016994
4510,18.73812566723655
4511,47.024419483102086
4512,52.35391237298565
4513,76.7769921770008
4514,94.77792742978232
4515,66.8070781012115
4516,94.7790584001186
4517,13.963229820451605
4518,79.83554550370494
4519,69.48785947542625
4520,64.53322469878621
4521,5.156364966631721
4522,40.44218409219689
4523,10.971488500427117
4524,83.06898351936492
4525,7.891304262352017
4526,4.9061966192175515
4527,90.60469954542366
4528,83.7442847222751
4529,60.706787430633334
4530,34.98147530917032
4531,90.84514004173346
4532,62.40870779005668
4533,32.210394293019604
4534,80.14535960432212
4535,36.49846756891708
4536,36.891605570550055
4537,61.71753000694089
4538,97.9887842560571
4539,47.37676137844116
4540,47.14676215153575
4541,64.27214996517078
4542,55.08833505672695
4543,42.18331353483799
4544,38.855905024613705
4545,48.06494859835634
4546,30.165789454744473
4547,36.38351689938567
4548,12.154835857918911
4549,53.728775346672975
4550,66.43378258658558
4551,10.124017564519905
4552,73.42423510014564
4553,58.910055751824785
4554,60.723956691393035
4555,3.7806183155329465
4556,28.528236165228314
4557,67.08831843104754
4558,15.289975480231565
4559,82.35914468744579
4560,33.830981403540825
4561,24.698530114549644
4562,70.84441576177673
4563,5.289073411218137
4564,45.017781817805556
4565,40.83424403875987
4566,99.70872039235982
4567,95.32288748727593
4568,10.276254501277593
4569,0.5835161531229094
4570,46.45239627561397
4571,18.904166285926138
4572,75.7008667307282
4573,88.56914877081692
4574,30.719616824129304
4575,18.784329958125458
4576,58.45431875306036
4577,36.995391236239236
4578,92.36640749829274
4579,44.60241569851809
4580,16.065118515377563
4581,86.42002868844621
4582,56.957727793922764
4583,99.79686711753595
4584,24.102949779481598
4585,28.594478123889246
4586,95.87166534378888
4587,64.72787703330927
4588,8.545616430727653
4589,87.20810937465608
4590,7.898778238974103
4591,55.444652293742145
4592,45.0828501845682
4593,81.5241388987312
4594,84.118627903962
4595,46.418466785790876
4596,99.12140913832567
4597,69.51616102020236
4598,27.50357080206911
4599,59.3474857123074
4600,91.54945197613739
4601,23.47776439878806
4602,61.658952274419995
4603,48.5374118791846
4604,70.59899726935917
4605,67.98723207586161
4606,94.17928094637648
4607,72.04092715401683
4608,50.94597723442034
4609,53.20758833335771
4610,88.80671439430834
4611,49.09560750438483
4612,88.22487304187341
4613,89.88712587213475
4614,80.659814312543
4615,92.37797452959282
4616,68.73343322648917
4617,64.19639085701144
4618,59.493097437522856
4619,57.33335034376085
4620,33.03308359918608
4621,1.4550270323663739
4622,56.314867871806804
4623,14.533469309665904
4624,5.815083756610262
4625,10.114834637670377
4626,40.18007557998785
4627,58.841115781286305
4628,62.51490163819013
4629,82.79416034986727
4630,27.68909071839094
4631,87.01215337179737
4632,33.902093897262155
4633,29.70132643412996
4634,41.86100312341831
4635,41.245131095745734
4636,73.73851361434393
4637,59.79486003500721
4638,61.75327133570032
4639,85.62564392489435
4640,78.30026456889082
4641,76.29378808903485
4642,79.69554253865024
4643,25.968388128302024
4644,91.78410697282348
4645,18.244558324469708
4646,66.88878085412017
4647,42.81740034396814
4648,40.041683699161
4649,32.72226198701505
4650,89.6763579552009
4651,79.5030654105237
4652,38.854047202944244
4653,41.39369190087918
4654,79.16366423415957
4655,63.500672711084064
4656,13.319566656835779
4657,95.26608443700286
4658,66.90056546381655
4659,7.759138062227877
4660,40.05853303298383
4661,42.13914027899851
4662,74.43722687959132
4663,73.56352068684198
4664,54.52784034060073
4665,79.14712741654793
4666,95.56747478422034
4667,85.17748558074308
4668,5.149126914121394
4669,19.722428547748393
4670,23.493659046266067
4671,10.351987026069354
4672,30.36333754937549
4673,43.40846616267308
4674,90.63686400454355
4675,18.939063456598472
4676,53.640935440693404
4677,37.021466887203644
4678,58.965832969015196
4679,98.99394266011494
4680,26.4176248855299
4681,38.494841057582995
4682,46.4363137789158
4683,81.51700293900875
4684,12.532234086160553
4685,33.57146269455205
4686,81.04921340651077
4687,64.5806867043926
4688,92.40122324733133
4689,94.28569636480358
4690,25.4407066710994
4691,89.56363105128158
4692,85.91049915236017
4693,17.999385503470876
4694,76.17066017242173
4695,7.328696181826055
4696,49.84640351454887
4697,11.252888980480991
4698,1.26145082229554
4699,59.21865069556929
4700,59.926078937508855
4701,7.483589224098708
4702,28.409603374994063
4703,50.448160592982575
4704,79.72997359563473
4705,81.09195568512456
4706,28.923080145599755
4707,7.363530069537017
4708,6.767949852761534
4709,92.09848388060269
4710,86.70048200236054
4711,52.30552118244807
4712,26.766810891755753
4713,90.57818178551278
4714,23.452702250938817
4715,1.607807236482195
4716,85.30120516820774
4717,18.67689240725766
4718,63.900271519458094
4719,52.952230917040296
4720,36.83339686223677
4721,56.46874921737756
4722,38.33394741930434
4723,57.8320592449777
4724,86.43928918173287
4725,34.598636881857956
4726,27.453160068180072
4727,81.91170058617755
4728,90.22047003485044
4729,2.320865263993732
4730,58.14582979762222
4731,32.77637472616913
4732,57.30442398343661
4733,42.63924103162814
4734,51.26939056858946
4735,93.47870269805595
4736,0.16453551154063106
4737,58.85504852217305
4738,69.33821523045896
4739,22.429914322086486
4740,81.52105802983883
4741,2.7394350686343105
4742,30.578853577839205
4743,50.39069646122205
4744,61.74550153496535
4745,57.701432127042594
4746,10.460245990235428
4747,93.75670381921086
4748,85.95743637651395
4749,9.166490845655295
4750,89.6364272870744
4751,77.48610606728384
4752,23.1680144582872
4753,6.194277963063877
4754,90.28052350084887
4755,61.644918295081105
4756,17.441604937491462
4757,74.63832064809472
4758,66.2480550383284
4759,7.419742636454152
4760,31.38984204615497
4761,43.90045584638177
4762,79.1709541383369
4763,76.42410867527009
4764,74.19157695067199
4765,45.65634767253849
4766,45.871524696883604
4767,12.353652562909001
4768,77.92844128646102
4769,40.00391188665042
4770,34.912884611629416
4771,39.46820194513395
4772,24.00184696458708
4773,32.83801713611355
4774,61.92547678941851
4775,53.5285694291392
4776,97.60980383372298
4777,24.101398598129762
4778,66.23994469748298
4779,32.544177380541775
4780,92.72763392531377
4781,78.84337129416893
4782,19.460717197930254
4783,68.1501404417933
4784,31.548751832394895
4785,86.25174584493385
4786,82.97288950282568
4787,10.897177672150193
4788,70.17027890899996
4789,67.83776656923646
4790,83.62590242765961
4791,6.428490185530967
4792,82.21415910331605
4793,19.506859903652128
4794,15.897104950978846
4795,19.183293407934432
4796,86.92767357242343
4797,81.8915248679608
4798,23.0334792488743
4799,75.69658933623275
4800,31.705345674566953
4801,87.1478522370236
4802,81.78949535798333
4803,20.677774853345056
4804,28.974037034151547
4805,62.386294393213284
4806,35.22451096691819
4807,17.562753830293765
4808,42.41374172890689
4809,22.7931994427245
4810,40.28991636715838
4811,59.92427964047072
4812,5.046575012212806
4813,70.65931360304253
4814,22.16180651379759
4815,83.64066261729684
4816,87.53903834601809
4817,14.362322201032596
4818,83.64371828263263
4819,5.247304766099381
4820,59.06554001715667
4821,70.46065562732781
4822,32.562756658656745
4823,59.43787828009373
4824,37.21387277585433
4825,14.056338650693956
4826,75.30038312848453
4827,2.807824805444492
4828,49.06248167763686
4829,82.31962025921142
4830,3.511446853414668
4831,24.604031984520436
4832,56.01309335689753
4833,37.101635190235996
4834,61.08582046534744
4835,48.8714486530189
4836,47.019294022082235
4837,84.83488414166548
4838,95.85147389053301
4839,29.849014430601073
4840,87.56122184921377
4841,20.187757789414906
4842,39.59988170812954
4843,67.24746357641176
4844,58.27084112374361
4845,64.78162953099451
4846,78.08643158211135
4847,76.61547281591055
4848,98.35111818650019
4849,51.90566455027684
4850,29.891885497921255
4851,18.596281883553402
4852,69.53270644207736
4853,46.71250369209026
4854,5.932664039271374
4855,31.58811503577822
4856,13.82031463389467
4857,74.63179993706078
4858,33.48179824874051
4859,20.963526785089627
4860,33.125824719211295
4861,20.636870937273667
4862,77.03629652571412
4863,32.1252254712334
4864,22.292534376244454
4865,61.80244226087582
4866,4.593448447410687
4867,30.534486195918632
4868,43.030580797140686
4869,8.9990633520741
4870,38.61663269662057
4871,22.307582804438162
4872,63.905537576585694
4873,37.38357121453255
4874,12.680314684249849
4875,91.39247757815508
4876,1.749358750336505
4877,14.893567331324341
4878,56.445108632687756
4879,66.24715187241934
4880,73.23252623081812
4881,94.11350153122852
4882,86.32030483693588
4883,1.6374284245868065
4884,73.10395972113103
4885,44.46437286035712
4886,49.559668566904115
4887,93.24956656245217
4888,25.31879996855172
4889,89.41615519412181
4890,82.34539156653737
4891,12.174379532307245
4892,80.87126460807877
4893,44.42908484610758
4894,22.819567086875704
4895,78.14403697684591
4896,25.389348456807838
4897,92.72365528560566
4898,69.57741090295457
4899,46.58314431068602
4900,30.483016729685076
4901,79.7170108062083
4902,18.875171023763592
4903,38.68666484937423
4904,30.72959621855228
4905,30.83381150769231
4906,58.99092669738795
4907,97.30302482053136
4908,74.29343383547567
4909,15.623101212981371
4910,47.43212823581959
4911,86.72642669935911
4912,91.31645430769288
4913,80.19255031781618
4914,1.4887491363637317
4915,65.62620195289972
4916,44.095464039570885
4917,50.399775834041805
4918,81.38719356239332
4919,40.99059486393814
4920,38.104204518824844
4921,22.954448483718583
4922,97.59718569438508
4923,27.15864390395806
4924,80.12721359508778
4925,91.08929083857004
4926,84.08811455781778
4927,0.5755021551170358
4928,87.87172767045519
4929,22.34798690536055
4930,16.352274821801373
4931,73.64385024912005
4932,55.880952582702506
4933,89.26450538656285
4934,15.569498973202167
4935,32.99357800854112
4936,72.45489662827664
4937,2.931707414418705
4938,98.68125892564767
4939,97.7158634302561
4940,80.82011708121784
4941,60.547765338992306
4942,72.24953463163007
4943,11.419091904193445
4944,55.735066859202206
4945,70.75467928410178
4946,99.94393257669601
4947,39.87636872685291
4948,96.42600817279853
4949,29.71281314288281
4950,48.21592049966026
4951,26.65567681777099
4952,86.6805011535604
4953,31.05797352023254
4954,51.713404473087124
4955,42.19522377448502
4956,68.25498845388066
4957,45.942289589867805
4958,3.307097700780648
4959,48.391788606584605
4960,11.80629665890306
4961,82.85387701277838
4962,83.02253048838011
4963,45.89811879926556
4964,3.4084023525218443
4965,52.66172949479518
4966,96.44262973090228
4967,15.291556327639299
4968,29.075670083711813
4969,46.690410278420416
4970,29.521814427713654
4971,16.59007755548948
4972,9.608828248991541
4973,23.519200972516163
4974,68.2655247225115
4975,28.70089836786015
4976,45.89954267389338
4977,47.718969444112105
4978,94.90799131488164
4979,88.76697302305838
4980,75.53702168363026
4981,31.208059550806123
4982,41.64016934870245
4983,90.09100747361146
4984,6.809039988422249
4985,25.671782897439822
4986,5.840952124948662
4987,84.32747031027587
4988,7.028867177689236
4989,24.746035088362063
4990,45.181506066820646
4991,37.207449276230435
4992,38.058532969937964
4993,37.50260487475444
4994,36.78007516271046
4995,9.113374503297123
4996,59.78486793000162
4997,64.2136651420467
4998,12.323815198158684
4999,33.389427687314765
5000,79.58415718373475
5001,41.647947740382094
5002,28.689577967875103
5003,21.87831581325006
5004,10.414447614998712
5005,99.24983314420689
5006,3.8363294705754614
5007,7.935723619879886
5008,66.63689562949693
5009,65.29077488054038
5010,93.20863117369333
5011,44.835014518578696
5012,32.59854355931046
5013,17.948577187278957
5014,80.54272469029617
5015,3.928933361202269
5016,98.97296894938698
5017,77.52116040756913
5018,75.44035352853355
5019,30.50512647029744
5020,39.35642853482501
5021,61.27674076951606
5022,26.39183514959229
5023,93.13167960494941
5024,30.783692013999342
5025,85.84560945682406
5026,16.508112498924298
5027,35.81099628422292
5028,83.17790422417256
5029,70.72556675938564
5030,81.64596676598615
5031,74.60558061334514
5032,67.70884225673196
5033,35.98962826240511
5034,56.23078373672462
5035,14.096361952424663
5036,63.140534543013416
5037,70.74932492381474
5038,95.13168665338716
5039,88.18017825870362
5040,75.89324799698569
5041,62.78120734156446
5042,22.462377381207787
5043,49.577782939774195
5044,62.96636028553095
5045,13.956938161196186
5046,78.1822385104379
5047,4.472671136473815
5048,16.99898409412205
5049,99.81128721170349
5050,67.48961587520667
5051,56.54371953212597
5052,88.82960374671725
5053,49.90292671539967
5054,38.789627588176145
5055,71.96566813333017
5056,59.68667085080052
5057,4.507918066994632
5058,64.9205069604936
5059,29.880132798136493
5060,61.77863491313717
5061,87.77180660014527
5062,92.01748649948108
5063,33.70445646826267
5064,64.65273972838385
5065,4.894193354284482
5066,45.71128176989705
5067,92.40801075047249
5068,73.92973495902996
5069,17.142783643057726
5070,45.93596944154391
5071,35.50466480675147
5072,24.072708488183203
5073,20.10729517186659
5074,97.39754092238245
5075,34.791656515134285
5076,0.11038768145523736
5077,87.75090760947336
5078,82.83764632592218
5079,74.25048156830229
5080,18.385074643985398
5081,53.961776926409264
5082,75.63347380472803
5083,15.271205974993919
5084,11.443164344404643
5085,36.301526665499765
5086,14.606057232790182
5087,44.11579671397084
5088,20.661628391294695
5089,38.93752951687547
5090,45.01395036371435
5091,65.3037737841484
5092,46.08359062771215
5093,88.51253239963565
5094,51.529030988610145
5095,83.34638478416697
5096,76.75903785865508
5097,98.5451826097509
5098,58.71563731947133
5099,77.52680460029048
5100,52.0894253586186
5101,83.67072888014067
5102,1.0341815263413823
5103,44.70198218710153
5104,90.75928078295215
5105,4.304723934404819
5106,90.71215146694051
5107,91.7299213819489
5108,18.65347445786123
5109,80.47833748472662
5110,87.58669112574454
5111,35.069943724633376
5112,78.52367640475228
5113,63.78178390505759
5114,76.87780542285816
5115,97.85203763794014
5116,67.74362676359883
5117,80.07146783026454
5118,55.61679684765605
5119,2.8185582970546297
5120,93.04588356433182
5121,50.33022496625461
5122,15.640351825382648
5123,87.85671028165561
5124,71.72865554331737
5125,0.9519946492690279
5126,80.6981287169816
5127,94.01913898150275
5128,5.3112460541903435
5129,79.11740557345136
5130,31.512024741412603
5131,43.88690732990862
5132,66.9512602442041
5133,77.72112046736379
5134,89.1860415883752
5135,99.79111655084236
5136,99.36909556637475
5137,54.47203991559806
5138,18.597538995723685
5139,72.38791001896615
5140,89.55934222420446
5141,31.75187946349699
5142,17.413369491233688
5143,56.81804458390357
5144,7.001596493047602
5145,20.132539178936227
5146,38.95954881889325
5147,73.7302713382405
5148,9.227012044640482
5149,95.52961380803742
5150,33.13638866085918
5151,24.288788508772953
5152,34.23434596888486
5153,65.6717321173655
5154,76.53133406847341
5155,50.471564438152704
5156,64.8114537490177
5157,54.682935049706415
5158,66.8541640451571
5159,81.12101657860292
5160,39.0164114524587
5161,51.48757308335278
5162,18.601637365403235
5163,7.94126297553972
5164,24.466456960232584
5165,28.21598842344537
5166,8.169088280025882
5167,31.35492081449073
5168,13.67725307989639
5169,49.93749846855621
5170,31.045326741051007
5171,29.803641545331374
5172,13.096263686587417
5173,79.21504163526492
5174,69.87133348485274
5175,2.6479399829382966
5176,84.56336570764289
5177,91.7993957888396
5178,44.4778063992232
5179,53.3237083735232
5180,62.94572212301729
5181,58.53004167950273
5182,27.923072542619064
5183,74.11471401835395
5184,1.0855505526337073
5185,22.484795719832505
5186,67.33537289299736
5187,9.523671783419863
5188,43.809403503694966
5189,95.83345389015554
5190,10.339928209259963
5191,21.010660862348384
5192,20.446075312699328
5193,22.51834241605607
5194,43.17498936880436
5195,39.33501674822727
5196,58.390061769861155
5197,18.33859461449645
5198,9.490069710894177
5199,49.214614509663136
5200,3.1686058447517595
5201,33.80676746611419
5202,30.862907186424692
5203,78.00643882748032
5204,46.26961435305419
5205,44.17751126812664
5206,47.26081068652233
5207,4.376319236883564
5208,26.756249949000356
5209,95.44786384510621
5210,70.63192076258679
5211,56.690032671787364
5212,1.642599333497885
5213,15.49463611350459
5214,44.45288023397583
5215,47.053055193227586
5216,10.927089222930576
5217,84.44961559498367
5218,94.48434533357583
5219,10.791523441840567
5220,33.6703580352101
5221,50.77395505370298
5222,11.820205967680552
5223,60.879042117296414
5224,78.88078707505895
5225,24.384656463399466
5226,84.34354448505789
5227,70.35542125133965
5228,81.56833476654285
5229,65.51876472207107
5230,19.631695352568624
5231,1.3977421505730558
5232,38.05116495705195
5233,82.50748886346115
5234,54.39406891307195
5235,57.93532064026531
5236,70.93465411077503
5237,64.76618093289913
5238,76.4488497365295
5239,70.28718129795301
5240,25.767842690587127
5241,6.792639757914487
5242,55.68625074272286
5243,34.498874528869315
5244,77.76484401754514
5245,74.50437353915605
5246,0.860415888860222
5247,84.75098496882029
5248,30.949463669594547
5249,3.049454571495358
5250,66.11374412785918
5251,79.97918985466758
5252,61.64129826811482
5253,19.865163939916684
5254,87.78596053823368
5255,1.1800329978981172
5256,66.92418132755972
5257,70.84204725243562
5258,1.7486438155761563
5259,80.09299296008511
5260,95.99129378466603
5261,14.811682022776541
5262,25.9198643422604
5263,76.92284022185264
5264,5.394531968465843
5265,23.282054635270587
5266,8.591506077755396
5267,11.485102360303445
5268,76.28544123823102
5269,20.021789523009616
5270,68.81677851879272
5271,64.01767206914491
5272,62.423406209191036
5273,70.22795902377112
5274,6.300625200578736
5275,60.24824066550205
5276,62.19786267629532
5277,27.038493871296787
5278,37.642105422353865
5279,48.018947944462475
5280,6.516448248521922
5281,0.9140662369162778
5282,0.20800276401340412
5283,20.36824054741839
5284,44.552683324534804
5285,51.87000813498791
5286,22.7685689075118
5287,22.954235989102557
5288,66.60387648467024
5289,20.7465977575242
5290,81.80213346447857
5291,76.51505865815726
5292,13.930392677954618
5293,52.377440001429186
5294,49.147992412456475
5295,56.54102885629546
5296,20.287636331249313
5297,22.795384300642663
5298,70.66511556923778
5299,20.111907915600757
5300,66.69947704494152
5301,37.6079548139746
5302,30.225568732841566
5303,6.039452743614948
5304,86.1863718113085
5305,54.22876174860557
5306,92.62425157114086
5307,26.007260823696356
5308,27.533741025457992
5309,39.06073421426147
5310,29.32488660520618
5311,81.1830112602356
5312,47.01198580105128
5313,35.24857052251919
5314,82.25599039225688
5315,58.81305696819893
5316,70.74073220984717
5317,16.71609565989012
5318,42.76031382355836
5319,17.4092451151879
5320,17.65068715657191
5321,48.76380463032836
5322,53.11946191523552
5323,55.414259262030306
5324,59.16368356486088
5325,68.68677373251865
5326,99.28096358936784
5327,67.43298491465268
5328,90.56005864775862
5329,99.63907830606541
5330,98.1425832753475
5331,72.99161136071187
5332,19.698865062010707
5333,89.27279452281375
5334,65.9502812248614
5335,82.30499166508154
5336,11.709093531602333
5337,76.04163623529226
5338,43.701289009356756
5339,51.25572248554459
5340,97.03118008014361
5341,79.45419998785172
5342,86.68968173023474
5343,36.18519216245577
5344,46.954828845482076
5345,10.62449186615545
5346,83.71693495402118
5347,5.701595014851613
5348,68.51134102936737
5349,14.5452821187809
5350,97.80042719308769
5351,46.2713005413529
5352,49.251455718350215
5353,94.15141197308498
5354,61.91619032927272
5355,1.6235490531310348
5356,75.95164295541919
5357,79.42761569832598
5358,65.0964103386421
5359,34.16060478365159
5360,98.45589576383746
5361,23.478438094214184
5362,96.98128863478868
5363,93.18191634697531
5364,12.058086151350667
5365,46.30547341439386
5366,62.348817434278516
5367,19.685452926829004
5368,19.747436287865796
5369,50.543865107038066
5370,26.573173234346037
5371,73.37937626024943
5372,53.100411931882455
5373,41.54367025893782
5374,93.19891856509514
5375,63.141904695241394
5376,39.464878046344296
5377,32.58287718297599
5378,93.02317095732042
5379,8.540937554753224
5380,42.64739642674304
5381,31.07447379454199
5382,22.624678925358598
5383,45.03109800908038
5384,93.56329050160296
5385,90.51670892317188
5386,48.15527481210451
5387,31.430579413195904
5388,82.75601858037864
5389,64.00134776798419
5390,41.36383812449665
5391,43.61429519255583
5392,90.08507429499663
5393,87.39874654969042
5394,48.44653682062171
5395,25.72349169388961
5396,65.10673231168946
5397,28.31203869726385
5398,7.254435714737706
5399,20.745668764306522
5400,60.83539145674934
5401,2.9476522878756906
5402,63.62373648212345
5403,76.74147006302432
5404,47.919079663902785
5405,87.40192281268982
5406,60.23994412200899
5407,77.70749875816104
5408,84.43957461044678
5409,98.54776383670837
5410,33.30742512168774
5411,4.996121688604449
5412,97.6811618375682
5413,11.096349142870032
5414,0.3766719022872622
5415,61.56330391433372
5416,90.58178791441732
5417,25.626266424147413
5418,10.130179065970168
5419,13.657729262994444
5420,0.8736144019136027
5421,12.441610078578913
5422,21.8771202209446
5423,97.71013827746773
5424,8.907965620046287
5425,69.40942500823087
5426,95.64087174419355
5427,72.9921385809342
5428,32.8183867779962
5429,99.6151176138973
5430,97.10382992643952
5431,26.684262593497422
5432,95.23536486611074
5433,88.80112771229011
5434,3.1992290367619414
5435,26.264129040900187
5436,29.862753349558602
5437,39.85487318793073
5438,84.59857682182003
5439,53.16426521992177
5440,12.721777869206663
5441,72.06064857668638
5442,54.44089600644983
5443,8.255292337165265
5444,84.32600728055911
5445,15.188051959785408
5446,91.269572926248
5447,20.2955400354379
5448,93.3404879679928
5449,72.76333968636227
5450,17.214277923703225
5451,19.746166386841104
5452,95.20409500011003
5453,37.70452320419382
5454,62.66018615600414
5455,20.546093464686443
5456,42.354019408739795
5457,28.691960018746855
5458,90.01064738546683
5459,34.1149666633315
5460,48.982842655601
5461,76.55774441267647
5462,42.828966847616954
5463,51.175623190179884
5464,8.637788392056967
5465,51.56682116488659
5466,84.07172869861094
5467,73.55934091518898
5468,6.427883520170163
5469,1.75187845767395
5470,48.66755641393908
5471,43.58753694090082
5472,58.643045552429705
5473,99.57871574770257
5474,34.96144394401042
5475,22.820867260348653
5476,13.894300960065987
5477,79.7440363995819
5478,30.417478434303668
5479,30.79848113135254
5480,83.56215218620186
5481,89.34066137740724
5482,87.72599904277308
5483,2.4480195931088744
5484,88.9383461891591
5485,93.88868428347202
5486,34.632002046236096
5487,25.197403824968745
5488,88.58256986592006
5489,36.24171230016405
5490,99.16365210683853
5491,95.53080144198945
5492,21.488242662934088
5493,58.90779891506238
5494,26.71532904524774
5495,16.949614702645157
5496,60.445367164657505
5497,56.618593803324224
5498,97.22547214607087
5499,61.543763120111485
5500,29.221416229039843
5501,92.28511100172679
5502,4.0665680371962605
5503,79.84370684566287
5504,32.9688414092856
5505,54.55544549616243
5506,37.63413473550037
5507,11.439535874276585
5508,76.14018665843633
5509,43.938945387667495
5510,83.4304056313905
5511,55.79242022394756
5512,45.64441621415971
5513,58.18219779224062
5514,70.31097847167015
5515,11.234407464292929
5516,22.063716276730695
5517,25.231427485239866
5518,69.79204150165387
5519,95.4602091998212
5520,38.09886221908234
5521,44.963409693332544
5522,47.933432061232914
5523,47.74013655937923
5524,45.89906132432123
5525,21.770792909907065
5526,48.957439262635596
5527,55.245990589550296
5528,65.10943607773584
5529,74.92451912368284
5530,55.473808655970416
5531,2.149968865701757
5532,62.03063687280773
5533,96.13633108942558
5534,96.08878218679456
5535,15.85316255944661
5536,16.18074124931311
5537,65.28560376015322
5538,3.370012210567719
5539,41.359746618946645
5540,72.89290328637321
5541,92.39226550451653
5542,42.6866819038791
5543,87.48938617476732
5544,25.41174128869611
5545,98.34643704331738
5546,54.97518290953429
5547,21.465374331672415
5548,81.87365060375328
5549,14.595101533691135
5550,34.002995583059615
5551,34.80734845019173
5552,32.4532185722913
5553,87.13439363312453
5554,35.33035655695079
5555,73.73656927196176
5556,68.71137318149168
5557,89.84345859633194
5558,52.34527404745888
5559,50.28253739299513
5560,64.47647160978444
5561,52.53834783937763
5562,66.97562863268699
5563,46.65369514787222
5564,32.138402076815396
5565,97.84109158135381
5566,89.14147446710861
5567,8.229109925437882
5568,70.28336036279035
5569,18.7588576002646
5570,79.81017860596205
5571,31.570745055504602
5572,61.50905277653631
5573,28.608192313235513
5574,53.31175231149076
5575,96.33557221852175
5576,45.8949263435849
5577,70.61734919472516
5578,99.3651228995187
5579,36.68878563447916
5580,81.07860510612333
5581,97.65806299453617
5582,40.037579601870135
5583,25.80431771059478
5584,68.29710864306226
5585,83.85305014349184
5586,20.0231379497798
5587,66.35850890798187
5588,25.207592561261414
5589,31.64122913788969
5590,79.42314030138957
5591,95.95149953627022
5592,8.592666077259036
5593,89.62311009229407
5594,41.507369711198315
5595,38.04266058457839
5596,72.46209003663418
5597,27.81364789101668
5598,24.48852507642181
5599,64.48071107861779
5600,44.18307738588661
5601,61.38763138191764
5602,60.55622376531002
5603,89.81809089667998
5604,42.96600748535282
5605,0.00048454717168633366
5606,95.13894044518472
5607,44.12564451987316
5608,66.17677037089176
5609,71.89720525205018
5610,95.87035980466541
5611,91.82083458861044
5612,78.30487250246726
5613,16.148929316599002
5614,17.302346965737758
5615,34.66082827015619
5616,39.12959314313935
5617,19.368725331152557
5618,48.16837388523956
5619,18.41614935245185
5620,73.34662375436531
5621,19.811047166646357
5622,6.669594299285175
5623,42.321371757203885
5624,3.670539467274092
5625,18.22332221124382
5626,98.31925846451966
5627,73.32842510741435
5628,68.9436199888463
5629,8.464836567380264
5630,25.38841594782184
5631,17.425514721903866
5632,89.44442778244677
5633,24.96368490583101
5634,62.01661913236312
5635,89.58853945284767
5636,42.114789988680954
5637,44.344867265172006
5638,67.00405341009615
5639,59.875406254064124
5640,46.62187569349827
5641,16.718554612283988
5642,69.88882064223836
5643,83.69000267476837
5644,40.181681126156974
5645,36.28178704593974
5646,42.41989226050386
5647,78.10354478065963
5648,34.847391161391016
5649,0.4631543643794145
5650,33.34065898271052
5651,48.56326462604085
5652,96.31054004735032
5653,19.177943914113282
5654,32.456503290838455
5655,34.975395816873856
5656,85.85788393919759
5657,88.8190696645481
5658,93.36762813178079
5659,27.964007819999104
5660,84.28910841440116
5661,94.36864284489808
5662,55.56095906740064
5663,61.20664432077684
5664,70.54213759377812
5665,33.286427783646246
5666,43.26680324311243
5667,37.03649520841046
5668,90.08266162494705
5669,59.85958376083463
5670,7.722389470247348
5671,76.9050360426214
5672,50.333153912945086
5673,19.82716843156499
5674,95.30604376175856
5675,57.16568100026591
5676,47.19520993800863
5677,34.11451543483112
5678,63.663413551281224
5679,83.53155264553406
5680,31.99592161248145
5681,69.41635551171268
5682,1.415809617706476
5683,97.24053026960472
5684,60.7596999332989
5685,29.802255885020358
5686,96.141594552778
5687,77.5001057545492
5688,81.67134384311761
5689,60.39012297588955
5690,46.66389194552204
5691,48.18342553534516
5692,57.41523666463514
5693,56.85819204438211
5694,14.141815626658449
5695,27.058186765178416
5696,37.65895331455808
5697,8.340209655619512
5698,43.91980265940083
5699,85.04566511574498
5700,23.67058383829983
5701,78.471702465879
5702,65.04273288021092
5703,86.90274610898618
5704,87.17538944836781
5705,27.154042433640026
5706,96.23626140224805
5707,69.16278373214853
5708,41.07173631288566
5709,80.26468625742174
5710,62.98424254769349
5711,3.3801799604685545
5712,39.56645332267455
5713,21.291957233124382
5714,61.83921384010901
5715,15.872208806380971
5716,84.96033017849845
5717,60.48736244864661
5718,52.26548075654867
5719,94.31085644662124
5720,50.08009244276178
5721,93.24262405123254
5722,20.05420671894431
5723,67.08548444407832
5724,9.367222043431077
5725,77.43609002420551
5726,67.11757796471075
5727,91.11121244110421
5728,83.2697939715624
5729,93.43549278752738
5730,30.890227089766963
5731,94.94810621040314
5732,15.777368830945782
5733,83.35638626285454
5734,78.58716593801765
5735,72.53744319322381
5736,74.78621817146227
5737,53.39012570599584
5738,56.4937834286533
5739,95.71875301623236
5740,19.575571870499175
5741,38.27284776523895
5742,12.210508357224569
5743,99.62561186559867
5744,46.48163341327073
5745,14.780134238827259
5746,64.43924803801877
5747,43.93188185622298
5748,97.61423503189779
5749,69.98684887680977
5750,20.50039898045597
5751,91.48165645112293
5752,88.76853210859899
5753,96.59024906203337
5754,86.80532278615239
5755,41.95553319528822
5756,96.80183276886365
5757,81.191251149348
5758,72.27285651513367
5759,90.30356471259368
5760,62.41586248228024
5761,60.39614526436281
5762,82.60110412977484
5763,46.950202408747465
5764,37.99481568006237
5765,46.49201725976098
5766,27.47697604510573
5767,13.14393576516385
5768,97.84045824289278
5769,84.75819737043608
5770,31.279001451124454
5771,17.66320906589446
5772,35.285183956525856
5773,43.43374194389706
5774,9.598392540742584
5775,0.9554286079893837
5776,2.8895143285861735
5777,17.702954576430262
5778,18.435422577991655
5779,22.83925864872437
5780,56.49939320187822
5781,83.10443055289377
5782,38.51280692593194
5783,68.9191099190297
5784,93.56260538574188
5785,64.58903464336534
5786,29.75128725716868
5787,23.736814818675057
5788,59.023257148074215
5789,54.09431775683976
5790,19.941772977275317
5791,96.88871274913225
5792,22.857743631041437
5793,44.61913844833107
5794,56.81635441757636
5795,1.8931359928533342
5796,85.83477666247146
5797,79.39957429334483
5798,72.12769903237024
5799,28.601355993642276
5800,47.61855976416528
5801,71.88088430273841
5802,61.097714724390315
5803,0.5469973748332801
5804,13.725157558202937
5805,3.694382665027851
5806,21.918313688388324
5807,16.56692394441206
5808,71.91130865889377
5809,5.154352362701875
5810,74.24768519647648
5811,86.13589524323075
5812,4.987424472679081
5813,95.13085214193319
5814,74.50603478875793
5815,38.40431037261152
5816,4.698183043276294
5817,70.09947161978567
5818,29.938292686312863
5819,15.977674830078293
5820,8.587811175436011
5821,20.894353581711943
5822,80.72100467719746
5823,55.96106134748968
5824,68.37716843917175
5825,22.160763797682627
5826,90.83144931702219
5827,44.24979591138209
5828,15.382177289183064
5829,94.34933608963992
5830,27.150126262293828
5831,68.34788997902398
5832,34.16122415658216
5833,59.273583397444085
5834,62.769044460111765
5835,75.12670916598623
5836,2.0208156567891766
5837,84.67163533242253
5838,24.051241517239763
5839,15.760912125593151
5840,21.633736905088362
5841,47.887584141328944
5842,7.736675899846491
5843,47.588558265089034
5844,33.34612013335243
5845,27.78267206597189
5846,56.44059223299297
5847,56.38256181176311
5848,11.648139547021696
5849,78.86446659904757
5850,99.86933144530323
5851,58.08389584867515
5852,10.589246377560235
5853,85.26786646869114
5854,60.52896416783964
5855,75.02433997022318
5856,7.243411738004458
5857,76.45267974973646
5858,70.62813334032586
5859,73.18228734975216
5860,13.203635300117933
5861,5.376797272197331
5862,2.3957833433983056
5863,66.28643101512978
5864,30.595996024961604
5865,86.47639039316472
5866,92.7469321658525
5867,33.2968163815283
5868,28.30540676215014
5869,4.176839539871901
5870,98.73203526423629
5871,68.82445307269985
5872,2.2379896046545666
5873,69.8164137064537
5874,65.12669645671399
5875,94.20116418609774
5876,86.88513622815096
5877,74.88339048539474
5878,90.10133191530201
5879,37.97637105151883
5880,78.39522068495765
5881,85.71774345931598
5882,16.863421487620844
5883,77.83467190511402
5884,95.98045744014287
5885,5.634250417790765
5886,58.57712340658111
5887,75.93222934356153
5888,83.99372412676537
5889,17.860403927722647
5890,78.65082698430533
5891,79.06171370285212
5892,68.86854221100504
5893,31.70385073820936
5894,90.16417404565144
5895,30.197923237783165
5896,31.726195046199233
5897,90.1883905442282
5898,1.2828846411670591
5899,70.53253978509632
5900,17.860079433962962
5901,78.95323299766773
5902,85.58573614078927
5903,79.34359633696751
5904,38.69978749362405
5905,11.585007588647878
5906,51.70909816631814
5907,0.920292764429731
5908,2.585185132834822
5909,39.764980001491224
5910,50.35752432190653
5911,24.119764514133777
5912,5.658933934833776
5913,92.54752427456486
5914,26.769607381452985
5915,26.677504276423925
5916,87.28950766439112
5917,61.88989697445141
5918,43.15725433692808
5919,65.72162307780735
5920,95.59254511047706
5921,4.052641515784217
5922,88.12145415508394
5923,79.26941638411897
5924,71.55573248181022
5925,36.180070807922945
5926,95.07752766010705
5927,92.3258319361703
5928,60.07560532141064
5929,39.05195486622792
5930,81.8852363476501
5931,26.4897315696076
5932,47.141827792217505
5933,7.063810874668619
5934,91.7424464453836
5935,29.90833268316504
5936,67.37096962270108
5937,49.46923948897265
5938,94.95797363633707
5939,39.392771545717345
5940,52.77599834980058
5941,97.83391879304018
5942,79.7763309331623
5943,46.03238068909163
5944,65.6472005063473
5945,91.78376400567673
5946,89.27735631593352
5947,95.84468278686838
5948,42.63824291680246
5949,52.75419599284511
5950,69.7700745391295
5951,51.78156200028787
5952,17.379964659338697
5953,60.8928790255494
5954,0.1909498257135156
5955,77.71734579097445
5956,35.20615764561585
5957,45.54553941027446
5958,26.50354015396317
5959,7.055957283691816
5960,91.89004593923647
5961,30.705269753186435
5962,5.368750061851124
5963,0.2797157877206913
5964,32.22297335591544
5965,56.33222074890193
5966,38.149443766815615
5967,48.28195978986677
5968,72.85562290564418
5969,51.55570759623143
5970,56.72965010959652
5971,85.2535229578875
5972,18.732914146001434
5973,81.18040060787136
5974,39.74754759224395
5975,53.73680631550693
5976,71.75807704749981
5977,32.11779401910647
5978,73.23554960678823
5979,83.93502323909432
5980,37.37973874422117
5981,89.77442247192157
5982,83.78845859657324
5983,11.018342870506848
5984,3.0550047127813396
5985,89.56567108242014
5986,5.961696474203548
5987,30.541141756028978
5988,43.3254155319233
5989,67.49771317602186
5990,50.82037277859398
5991,64.45166125923254
5992,29.332779208109617
5993,12.463969601133517
5994,65.64108430765889
5995,65.05716318356326
5996,33.4236437624155
5997,65.71697927190657
5998,96.97960288213191
5999,51.94276426076894
6000,92.4723618310608
6001,56.472337458719004
6002,7.9492668264243065
6003,6.6890013933918135
6004,89.5096941325064
6005,34.17256695697644
6006,10.706134269135836
6007,36.2899022594576
6008,0.6029589368361732
6009,98.95130290024467
6010,55.59820359119257
6011,25.12232247185928
6012,58.06066458170777
6013,66.43905424562222
6014,1.5253337972406134
6015,18.897367847139336
6016,97.53564076491008
6017,28.629935528490048
6018,5.920552791126155
6019,91.8749176575169
6020,73.69121536773905
6021,94.3159941878284
6022,84.3465828032917
6023,78.3129353516367
6024,18.381149147481246
6025,88.57664482664771
6026,77.98319561263807
6027,88.84030731297355
6028,88.01374309030697
6029,90.08299444030943
6030,49.196548598945824
6031,28.508679521257985
6032,47.71560036046638
6033,77.34718965697654
6034,23.153049750809807
6035,43.87737624752946
6036,32.1504848659654
6037,25.392136572812152
6038,51.06256585225596
6039,37.507128100243314
6040,66.55037255926459
6041,70.46722809671176
6042,27.3094254738823
6043,90.8352795275039
6044,74.58467308470969
6045,62.097096010783616
6046,67.62131195862361
6047,33.81560083351489
6048,76.76525952211513
6049,25.43974016517767
6050,64.06805503589864
6051,39.055124849513824
6052,22.969791399186047
6053,10.239934273904783
6054,17.764188698975538
6055,11.43119642481869
6056,44.27228602272487
6057,58.6556506318748
6058,45.03365372410117
6059,36.48086213478805
6060,67.2638383911324
6061,7.712581536435081
6062,96.5670493006322
6063,51.590962869487136
6064,74.43896563114183
6065,18.745234717346392
6066,26.141852116655006
6067,45.521201528921004
6068,51.39402584987464
6069,7.659240743755058
6070,26.70531484969283
6071,46.29747289412067
6072,13.202282247460918
6073,80.84874829888913
6074,2.7056030833999656
6075,1.4641596144852387
6076,6.1880452516160815
6077,61.27089630686141
6078,25.36106593022449
6079,46.27955667535536
6080,71.52561007187867
6081,1.657323080534745
6082,66.9762158617487
6083,37.21091586138772
6084,4.320275193555034
6085,43.889832411917325
6086,75.10358658057974
6087,69.1642742566104
6088,26.749913523785153
6089,33.16548159576964
6090,82.74360032122813
6091,57.47394989735679
6092,77.67664475758177
6093,58.30771678394914
6094,1.6339581131478598
6095,80.50589026113924
6096,49.56733642233433
6097,28.1417365158518
6098,70.6783091026446
6099,18.11152884598225
6100,63.22961988944428
6101,2.1855753658763244
6102,78.08523060549433
6103,29.2140188298752
6104,52.48958836218194
6105,9.030420734929201
6106,53.44166338916029
6107,98.68262400029032
6108,84.13126276667174
6109,93.36318260915337
6110,6.744822210590751
6111,30.30357277844913
6112,55.490603033110354
6113,67.03904640986335
6114,92.38570746267123
6115,51.88422626331126
6116,69.4858441648197
6117,98.07867108625136
6118,43.689881060028135
6119,43.00668792479817
6120,9.70955188429784
6121,12.57235364000956
6122,81.44519634253811
6123,49.13967038574965
6124,73.00220028697247
6125,59.18681801075362
6126,17.05637932890618
6127,76.02767783294787
6128,61.66501098213251
6129,47.61296728363199
6130,94.74123334793033
6131,11.964543316571108
6132,22.309397742205515
6133,42.660268309680916
6134,93.38213533488918
6135,24.550421986039982
6136,9.501563873764496
6137,78.68081103763612
6138,94.09963542919037
6139,6.20389025524859
6140,83.29904138639131
6141,13.460729640949154
6142,72.80856772418814
6143,80.03749405913848
6144,17.441307062012378
6145,81.720775134338
6146,81.82058319041778
6147,51.8116269871129
6148,20.890908295396095
6149,35.299045951699036
6150,12.542971740705
6151,14.579224614785979
6152,96.938657656641
6153,10.917201749299322
6154,99.88590368484516
6155,2.877871721502945
6156,28.54714904144253
6157,27.12533711650782
6158,36.95173629373958
6159,72.0023452143937
6160,12.442751314351774
6161,15.855176215359368
6162,2.175680445924155
6163,37.87742578117087
6164,49.103465716763864
6165,38.335504171402214
6166,87.36667103698579
6167,31.77613417621662
6168,41.66696888632979
6169,96.43725040686734
6170,91.93971123270275
6171,81.077901066293
6172,47.72302075379701
6173,96.44482967833041
6174,10.653500328323096
6175,17.000638056149853
6176,97.74350203019347
6177,63.66326710575487
6178,14.969343249891065
6179,86.49322847653468
6180,78.19925259144456
6181,70.97281728237309
6182,7.811250195634312
6183,66.74009996034283
6184,96.22870385486442
6185,57.32522439005846
6186,23.044361456083106
6187,43.48547596488075
6188,36.08407402774394
6189,16.415787148625594
6190,6.720119392230717
6191,44.488201393228046
6192,67.45837433042115
6193,30.064543580102665
6194,33.358110052608005
6195,88.16189073450023
6196,61.1960639482048
6197,25.132666644215195
6198,72.12055476460326
6199,30.814997285807145
6200,70.98852993444142
6201,7.073731222008684
6202,98.42358562037316
6203,4.150937217844075
6204,47.8469046919957
6205,51.993067582129825
6206,30.774815878161977
6207,35.11733891708436
6208,15.612938360364936
6209,16.786814801221205
6210,0.47848793685326685
6211,86.59518577562017
6212,62.04613561442321
6213,78.56679687406319
6214,98.63084248478387
6215,36.820925133928895
6216,89.80647023701594
6217,44.87397698958829
6218,6.232215198426616
6219,21.084184907418912
6220,59.375348151605834
6221,93.11521309551466
6222,77.87632535664176
6223,12.90382701997519
6224,83.8469327480651
6225,79.89705566677594
6226,49.60685166880082
6227,13.11048643426459
6228,48.41241157885459
6229,53.30544122015139
6230,89.31476257689086
6231,70.7012055372129
6232,63.83789254166714
6233,26.765375351395594
6234,86.56234728818927
6235,80.49616790018851
6236,68.79523323086475
6237,71.94377911799444
6238,87.0720886227181
6239,3.5793135039541624
6240,24.086931626745255
6241,9.166739140721669
6242,21.384823267600595
6243,54.710293513711306
6244,25.591521747204105
6245,88.61215198574514
6246,72.51219419752681
6247,63.69764630548863
6248,11.270425385470183
6249,88.4197243965469
6250,94.81317915143383
6251,86.56775146260699
6252,83.01876381687795
6253,94.65058817195036
6254,85.7510724761542
6255,99.36364551146801
6256,38.86819100142442
6257,75.70580876778688
6258,40.823060380737466
6259,63.919459789472114
6260,60.74927375937181
6261,93.7631599238938
6262,42.153232826593204
6263,57.95259144476121
6264,94.51854432638139
6265,13.099276735885335
6266,14.900070145604127
6267,49.469107149709835
6268,97.2119749336531
6269,20.349599205009593
6270,30.48561267521238
6271,49.872995473340566
6272,55.94567936481059
6273,59.999106981479486
6274,16.689286128409442
6275,74.7233971235999
6276,64.38102966956555
6277,34.03809894845949
6278,90.22273769072054
6279,98.1558120305
6280,30.1884094985567
6281,72.38397016495006
6282,35.89022160685419
6283,82.35372050018232
6284,30.23057508778416
6285,44.30316663154446
6286,56.68735851453963
6287,70.82724862493193
6288,15.368886546576677
6289,72.16404706418622
6290,60.07868623454262
6291,45.74896156719682
6292,40.53195732865223
6293,51.82578165312023
6294,41.00538354688066
6295,85.4024055603343
6296,21.784210041397866
6297,33.654749426063546
6298,83.86145248116625
6299,33.24519672018778
6300,45.99715418650937
6301,72.09108694015264
6302,32.55628052539418
6303,39.08349752269261
6304,6.298727416925898
6305,51.62684357002245
6306,27.90247264652419
6307,7.404660290657439
6308,98.6961611474006
6309,75.66838866039748
6310,50.77548042701988
6311,24.37217036632019
6312,2.681226266599479
6313,47.272003583337074
6314,38.36382095305603
6315,22.48365023002503
6316,57.62714375304273
6317,4.67852259308037
6318,69.1159608513618
6319,80.90208916951819
6320,67.36600797623748
6321,56.91946891445008
6322,92.76731229134194
6323,19.010955865824887
6324,20.244519397896465
6325,32.81113155486892
6326,71.0682960299768
6327,89.09096773730167
6328,77.32436566038018
6329,15.022350754559433
6330,55.934018238696105
6331,79.18111113734757
6332,59.53502282257121
6333,27.88607610817625
6334,66.5243518178783
6335,23.558640209239112
6336,98.92358129414819
6337,21.637287834406827
6338,88.23029692221617
6339,59.37834555445023
6340,87.29710125460409
6341,28.06433645019991
6342,39.18048923264828
6343,90.1892146269647
6344,8.490623988559054
6345,83.82313276088531
6346,3.811746251965953
6347,14.358862274847162
6348,60.29917116633079
6349,52.40810950869297
6350,63.67479523230644
6351,52.034155363403
6352,65.223018327436
6353,90.47495961316993
6354,59.54048584974474
6355,86.92349632227511
6356,9.426805532256743
6357,39.03237904074287
6358,49.3455341642833
6359,1.7346562790888975
6360,88.49728646254356
6361,4.854497925565459
6362,41.52037743545257
6363,60.01529618898643
6364,29.678155991702337
6365,92.82069740002818
6366,40.04384229012371
6367,18.801082894511545
6368,41.747352048008814
6369,7.872494372903526
6370,21.11041207752701
6371,11.945836637519037
6372,7.087417691048714
6373,40.23792718791259
6374,36.870110962365665
6375,27.603626145889383
6376,48.39641628955017
6377,4.640705418017054
6378,93.89761805484187
6379,66.83993050331594
6380,34.192897771419005
6381,30.67078043200483
6382,0.8301443472130909
6383,76.96362930288733
6384,27.03857948285148
6385,94.10183223989502
6386,94.91981576016549
6387,45.68058388354308
6388,42.63662381441415
6389,50.17352180647705
6390,48.618726982407864
6391,98.05435280290618
6392,30.35325259544386
6393,58.47859854888748
6394,6.547818563636754
6395,63.806482904179475
6396,30.817799616432406
6397,69.00422446198925
6398,9.205415674220651
6399,27.290603002433155
6400,77.2441659417548
6401,3.203010224426517
6402,31.945386516297248
6403,52.3169177833295
6404,58.81805626627931
6405,76.07510293255343
6406,43.35278528694202
6407,37.12358304536232
6408,1.769690859333528
6409,47.1261679716588
6410,98.29994761822249
6411,51.34648542716804
6412,12.519176102612416
6413,10.311569139611176
6414,29.948845852016692
6415,14.358308501699247
6416,88.69593312554196
6417,21.6206728401122
6418,90.9008618347326
6419,44.54284882989542
6420,76.71877046940429
6421,34.979111562607734
6422,87.4055053999753
6423,57.32801678904441
6424,80.71164006061701
6425,91.85303881337352
6426,28.973317883239382
6427,80.59689635799951
6428,92.24961900559298
6429,10.209666587809485
6430,90.81866384964145
6431,10.412710501344048
6432,33.92325183373626
6433,60.041449278938245
6434,60.15855462650349
6435,29.658451062218194
6436,32.10467097439874
6437,39.12748559990802
6438,9.039833771122662
6439,69.78689663359697
6440,64.11218123185198
6441,58.07788368906862
6442,99.10177640351476
6443,3.2968584920587074
6444,40.970321623934645
6445,85.57621252430458
6446,7.600454976285698
6447,5.753692114018271
6448,98.69384716248268
6449,58.75664412094134
6450,0.8298727145707341
6451,93.13633496825032
6452,7.201482921828273
6453,75.11021641397564
6454,40.49304026690006
6455,42.699314846671996
6456,60.03566993163023
6457,60.27805056613732
6458,33.58347789899692
6459,49.4536163527667
6460,98.26744483500931
6461,23.459692723884917
6462,55.57284459182564
6463,20.965811871526707
6464,27.68898185814005
6465,76.00482096425031
6466,78.21079467091792
6467,68.72035830887147
6468,26.99527877858847
6469,57.12136376098667
6470,71.26630775960729
6471,12.559556077792388
6472,75.53021936777081
6473,23.039197573406312
6474,34.68358494133553
6475,57.623209582319554
6476,70.39995544254558
6477,42.8752182450508
6478,2.123764792855831
6479,87.93978893748047
6480,78.89545792146305
6481,93.74767308631738
6482,98.9468029624361
6483,17.786628009619566
6484,82.37478796738826
6485,21.721325192412255
6486,77.51936116739941
6487,39.79464658724942
6488,9.238395988667126
6489,82.2464922556255
6490,14.686838270828794
6491,22.031490393924603
6492,33.79399442283351
6493,15.076361849301145
6494,83.45962861573301
6495,18.53498469787185
6496,61.90877024210582
6497,48.16949998895448
6498,0.6071799413731926
6499,0.7509326985728482
6500,55.09788869917707
6501,77.33225447157479
6502,21.959782022215112
6503,75.81460502660543
6504,74.15655124482002
6505,76.51899971515567
6506,37.07685141964322
6507,58.365020465594796
6508,83.10335479902957
6509,10.082777530736099
6510,83.82056468880539
6511,65.96687469081809
6512,62.78313293518419
6513,95.11302758606212
6514,15.881523301885581
6515,5.364034423289798
6516,58.415034246597145
6517,71.7328284151511
6518,48.54413079168807
6519,7.821809955839609
6520,65.02521378022183
6521,90.40420253465794
6522,65.39820593094319
6523,31.347050074090376
6524,1.8116283931590371
6525,46.1514079887164
6526,31.078980157335835
6527,68.97165447644899
6528,26.121042221738342
6529,74.86262815073543
6530,85.67415345567423
6531,87.03470441797688
6532,76.0092403621118
6533,67.76050658870632
6534,17.71530261211587
6535,89.39390699620003
6536,26.43013056280986
6537,82.16793102308912
6538,52.33785964178694
6539,21.12300219429455
6540,30.72193742237349
6541,38.69548398394341
6542,59.90798662110552
6543,1.7384879625958027
6544,88.20580623868456
6545,54.9428159538311
6546,24.11284271443277
6547,67.97986674523054
6548,84.86793747180232
6549,82.88725975894079
6550,75.53232145946953
6551,32.69943617699691
6552,93.68511671746452
6553,50.93581835051248
6554,55.09788308865071
6555,74.79170393750826
6556,85.176389770197
6557,86.19105768749469
6558,55.02214111020564
6559,76.43371399025227
6560,64.34406962511227
6561,44.99455804506247
6562,69.28801465212527
6563,46.686123573562554
6564,3.623915533664346
6565,95.93828549286069
6566,24.01563533201746
6567,67.93090741305075
6568,91.84189959504798
6569,99.43408623519841
6570,88.08227557405385
6571,51.75798469670182
6572,92.01305753403021
6573,82.96334713333489
6574,90.18852621770367
6575,68.82627409805873
6576,50.79246639775016
6577,7.735827079973223
6578,6.011216846947043
6579,90.27843650016084
6580,41.74182805618333
6581,64.63962193788727
6582,25.77175609010107
6583,38.58669972673185
6584,6.88637407888425
6585,79.82245267592866
6586,86.7877103290504
6587,85.0397861820649
6588,35.40924459371819
6589,12.611270840746137
6590,56.517058349536484
6591,86.63442648081964
6592,70.60558165524667
6593,86.27516259642337
6594,61.95067229738647
6595,38.7064066706171
6596,91.9719107207992
6597,5.6701963663342125
6598,99.68774409699577
6599,57.74878403890364
6600,8.512486570811738
6601,38.694932400357764
6602,85.77515261658156
6603,37.78008745608761
6604,39.36575352576966
6605,71.01789161846295
6606,99.25554990035207
6607,98.86174556539815
6608,87.86314627776218
6609,26.43592621044307
6610,87.94005248694035
6611,39.96219823867955
6612,2.7670810058254225
6613,81.83067263077542
6614,45.03699662087668
6615,51.491958427014005
6616,71.26802411971731
6617,1.2457911049357673
6618,61.66161278643204
6619,63.72310002198004
6620,10.185856307732333
6621,26.25364460413585
6622,29.16415171576453
6623,60.47755973517985
6624,80.02461059052011
6625,98.29154041872246
6626,54.83876628042306
6627,1.8751144231199834
6628,10.823934919048849
6629,36.352745079853634
6630,12.480820702698525
6631,89.23721585585035
6632,55.6266553231315
6633,63.539473746285566
6634,89.24057567904143
6635,64.60571419190667
6636,38.13902700459092
6637,91.08411871831358
6638,29.9658559962516
6639,71.47566661599899
6640,16.5145257680543
6641,95.6495469189826
6642,88.12204492240835
6643,59.068373736459925
6644,79.48773368127091
6645,63.79295679300918
6646,18.045859893562223
6647,9.971240657646662
6648,56.260177268707324
6649,90.82910415664465
6650,41.90764282346938
6651,68.36565216210991
6652,39.31818904333735
6653,93.91226642000758
6654,6.26182886789739
6655,12.288172110870432
6656,22.6123895635402
6657,40.52264850651666
6658,4.815005730395827
6659,38.906021820929524
6660,0.4091256611475358
6661,82.65991492435576
6662,75.60985378399977
6663,47.353839754556674
6664,37.53132444752526
6665,20.804949557511776
6666,22.181831269640362
6667,11.137525673317604
6668,65.53591823355366
6669,71.92668272874973
6670,94.98192844616004
6671,86.1996505283808
6672,31.31923255773643
6673,23.86240834842249
6674,80.43481241005357
6675,27.2110125357966
6676,78.56248494664356
6677,13.890327305449235
6678,69.90617906081333
6679,55.66896990938529
6680,72.4895970754647
6681,20.453315624070136
6682,17.190431766196657
6683,58.444082172164755
6684,69.52892720448925
6685,53.90201764908467
6686,53.73831006138734
6687,89.77128751053122
6688,33.89013704199625
6689,88.99102335643911
6690,52.48442305043807
6691,35.781694110352255
6692,98.59605874485345
6693,28.208434094955248
6694,12.339804160853651
6695,98.17518027502373
6696,3.863827741439285
6697,62.31168193539284
6698,75.00921435185589
6699,85.10852057941712
6700,74.79325417205834
6701,32.304388772970995
6702,97.32454384112086
6703,13.339214839281654
6704,94.71872051378347
6705,61.43967608822981
6706,5.739812424439972
6707,86.89803634931422
6708,19.07879333683089
6709,98.94091860542747
6710,15.057214318604284
6711,99.4614221932543
6712,18.989309989285186
6713,11.23139287885284
6714,12.308282032998786
6715,87.9106110958375
6716,34.940781426987556
6717,40.64190652540957
6718,60.21371147233029
6719,64.97394959181356
6720,73.98670565167377
6721,16.35986905615747
6722,22.078277370146516
6723,68.92549949661283
6724,20.52170129360715
6725,65.04955867552925
6726,11.066584903027055
6727,21.60975464726591
6728,21.022509972418714
6729,38.54975171339062
6730,35.92805893958947
6731,49.74255311343235
6732,3.2829744902868163
6733,59.86572866106762
6734,7.673289444723763
6735,4.211744925463945
6736,85.8686175007938
6737,27.006427279728264
6738,26.99587756169134
6739,81.3637987743902
6740,28.54746682892346
6741,23.905762661645902
6742,44.02834111542886
6743,92.22362463584186
6744,69.96848096085212
6745,99.26943261537546
6746,95.98408928383755
6747,87.71071742943361
6748,87.89196697378053
6749,69.66106571741534
6750,63.021033342260225
6751,97.45179091988778
6752,87.0652735529377
6753,18.50434615798505
6754,79.10515346841534
6755,75.79497733572764
6756,53.79873169529753
6757,37.91719573277297
6758,15.189172108571691
6759,48.97527199851055
6760,56.50536750904948
6761,52.77027086241151
6762,40.971698138703935
6763,31.35719045291845
6764,58.36790596919881
6765,78.6979820864302
6766,63.31407955306363
6767,74.01179260703526
6768,69.98356533876988
6769,32.978858309768924
6770,80.03256530321926
6771,38.26278704828464
6772,59.968838127642755
6773,86.19866453672874
6774,16.195700060765915
6775,78.98092466525759
6776,47.27094109511432
6777,96.10599109505304
6778,96.56908204731981
6779,2.4115828917996796
6780,47.212998489105864
6781,70.11390990834033
6782,34.36781042402197
6783,3.9211464277517982
6784,36.81475379238631
6785,82.48204857713024
6786,13.861069117506563
6787,18.738427016363136
6788,54.89071663117111
6789,33.079583241248365
6790,18.482221348881588
6791,20.524315573007467
6792,91.9254579063361
6793,16.038267150413578
6794,89.59688088700739
6795,19.60654204972717
6796,96.09840226483473
6797,14.743213120101629
6798,86.77355380433401
6799,12.505078447545115
6800,92.64200952032574
6801,83.93002100315256
6802,38.453358774068015
6803,0.3975895959069331
6804,64.6782589329312
6805,99.18702203692261
6806,86.12595759155286
6807,33.587125709549156
6808,42.29151420399457
6809,72.25641358060713
6810,98.1532907282158
6811,55.55904655214614
6812,18.57085898261326
6813,82.0102111628819
6814,41.62237290940013
6815,67.90556050177268
6816,40.701528749230974
6817,40.95802765307685
6818,4.08656788379258
6819,81.50340012613181
6820,31.59602486158244
6821,75.53459532596092
6822,58.7687427822144
6823,4.010834360398386
6824,62.58241969147416
6825,38.21679208642198
6826,43.47497938636177
6827,94.09140989724463
6828,99.84960077187792
6829,32.436124584810266
6830,19.771349426389694
6831,4.49774147990174
6832,42.69470883089844
6833,10.673225730694147
6834,39.602551277553985
6835,81.36558805894171
6836,29.13274374293351
6837,39.296338715631215
6838,55.55261071208156
6839,28.209087071737592
6840,5.349746070571193
6841,66.39612800185772
6842,14.406351493200642
6843,8.441945127076323
6844,39.70612924440488
6845,56.03222237868849
6846,21.810176409808925
6847,40.551461843309546
6848,5.423543426805177
6849,14.37874055870968
6850,19.77455014755002
6851,87.54438475408345
6852,97.37904707394367
6853,64.86685533653329
6854,44.43313397248687
6855,57.64661150542329
6856,80.9862676673057
6857,84.00776979420799
6858,39.58406529947416
6859,86.70702042609393
6860,61.29719135677711
6861,97.47895537073302
6862,77.59430537297128
6863,46.47322975321694
6864,82.45896951179374
6865,72.36665727236908
6866,68.70416348299923
6867,32.66414956749384
6868,68.72835087754096
6869,2.3165398932400993
6870,51.18321253721606
6871,14.564055635568874
6872,46.362869502997825
6873,37.919223591830495
6874,0.7637737072254014
6875,68.06362470377285
6876,33.80148254308353
6877,47.333828014741485
6878,0.8321533104457712
6879,7.958421874126342
6880,98.92345244100943
6881,60.74303042274841
6882,3.1310799315702242
6883,37.02084550061806
6884,57.670404660457905
6885,37.42254478285173
6886,27.483058912581924
6887,96.17861367582665
6888,76.42317382508423
6889,82.74821176396429
6890,22.07537526424218
6891,76.67286449343152
6892,32.945597132142666
6893,76.25835516093007
6894,60.93459907861537
6895,77.16900366092072
6896,56.3745359793211
6897,75.53462538601875
6898,95.38262067481695
6899,84.53417598255393
6900,37.32934571144229
6901,19.210691517052314
6902,5.24565830646665
6903,18.68250290517667
6904,76.69597101695403
6905,20.551748777017053
6906,56.98043211109454
6907,70.45932682058813
6908,94.6915353613999
6909,67.43453990103757
6910,13.53302307381885
6911,87.5177868341123
6912,70.4456107840744
6913,76.77568364632604
6914,44.20846384747724
6915,30.670395106851124
6916,52.62696640761851
6917,50.64575291276449
6918,93.53312033940367
6919,67.3208358348941
6920,54.08927080736632
6921,79.9708058489266
6922,71.7978700342476
6923,33.27381760508374
6924,74.84929664295036
6925,81.69724082798466
6926,21.251488365900162
6927,9.596682052822135
6928,32.70266032979009
6929,65.5071855961114
6930,65.20179180613962
6931,76.09583002572222
6932,54.54106423528559
6933,18.956644316412387
6934,19.809645508279793
6935,72.50994474164695
6936,97.65573811570927
6937,22.952172246230518
6938,98.60603308518733
6939,63.46291255686012
6940,54.06792734923898
6941,35.76691502626561
6942,47.59835204259404
6943,31.44514653924585
6944,58.053978844155516
6945,46.00896214633805
6946,28.953477389237946
6947,41.69695978973316
6948,16.905596531340283
6949,0.1654847752317834
6950,82.96194758408546
6951,67.45632424258626
6952,21.98374361958484
6953,64.33085801828054
6954,39.53275027305809
6955,50.48719521223507
6956,65.75668702679522
6957,93.43244833104158
6958,33.38215404561174
6959,61.06880256957823
6960,82.52339517861296
6961,68.79328827309892
6962,76.50536030820747
6963,57.82819470727611
6964,21.601695691995857
6965,69.14129781164863
6966,88.8061736996256
6967,70.62292039439278
6968,76.03992692047865
6969,13.314395579655269
6970,40.40807526008191
6971,1.1053060477417498
6972,24.58270868475605
6973,11.369242125777246
6974,39.18438003676686
6975,7.498065115486108
6976,99.43992269291935
6977,46.38303157721254
6978,44.348399140699755
6979,81.33034038031035
6980,67.97818004514515
6981,6.304746873057665
6982,59.50374148435207
6983,17.15831489960299
6984,11.087790105803174
6985,3.1212957267232055
6986,23.59179620777503
6987,60.44684010322939
6988,25.94736884154507
6989,50.75227741069908
6990,3.066595747216261
6991,73.99832626133743
6992,83.69792044792304
6993,84.05303930970304
6994,92.90030567869151
6995,48.32833340761892
6996,34.25407594792462
6997,70.77965213935535
6998,14.828074332465535
6999,86.02205484093628
7000,63.25786146965058
7001,78.66265291731393
7002,67.67765077539728
7003,80.4739716060855
7004,23.853222595092316
7005,91.70535155669356
7006,55.25197910376861
7007,21.697693764829083
7008,73.36527804453715
7009,62.08622174283547
7010,49.11626669286512
7011,70.78262991558061
7012,16.01208039679136
7013,72.74392137194015
7014,39.529889486002965
7015,68.66439535388693
7016,70.57654927904721
7017,54.1967514295579
7018,55.58758062420861
7019,47.78252444739094
7020,51.234987056681
7021,37.535025656459666
7022,60.023037081208955
7023,1.1396189093396236
7024,24.077020787981407
7025,73.64629027142465
7026,91.25169334671898
7027,77.58158267645453
7028,39.87882216126166
7029,70.56367551176947
7030,95.03269245133627
7031,64.88373989893684
7032,68.49823180449025
7033,40.31956928502469
7034,60.41495767031532
7035,24.255882719561228
7036,55.596209337882584
7037,24.530155865008474
7038,0.3787366345915144
7039,29.539727979638165
7040,88.78740668153686
7041,33.419836784081504
7042,95.89533892868349
7043,15.102706086462458
7044,66.73826236404064
7045,76.53238216343426
7046,95.50794944432414
7047,41.141965163859076
7048,79.04762590030582
7049,38.559959933829866
7050,91.45547933543891
7051,22.538108762264542
7052,7.552508715328643
7053,74.87985144111529
7054,98.99816020285134
7055,17.913255717908015
7056,20.663408008381467
7057,2.3269541640130065
7058,74.14235908765193
7059,5.628193526332614
7060,4.467653045056908
7061,1.522331185152015
7062,16.66390170675176
7063,7.300252059101975
7064,28.568075480710487
7065,36.5334942003015
7066,27.022046108118857
7067,23.35016313982614
7068,6.991435130526858
7069,54.578272452818396
7070,60.01670887306848
7071,45.21327376514056
7072,85.8725619563821
7073,81.82651646855933
7074,77.42243107009136
7075,76.25277364187866
7076,3.736221852925725
7077,52.15371118601679
7078,77.51174678910427
7079,52.8765690043365
7080,23.924616053162506
7081,98.79956478766005
7082,29.91761631230373
7083,42.15996986325658
7084,65.98769945517769
7085,21.321271740362
7086,30.138232140820943
7087,16.0390549840718
7088,6.29438172667075
7089,18.109976983656694
7090,52.21196240545609
7091,85.22365649527117
7092,12.820179660894048
7093,93.19405537726848
7094,34.804266461917244
7095,93.54477097701174
7096,31.38595883318477
7097,93.58508108108636
7098,42.45995986094443
7099,76.7753058191603
7100,37.751395401561936
7101,76.59430021599306
7102,34.25569668157723
7103,23.429995735576004
7104,97.44086795805062
7105,1.3178809776932976
7106,37.38380636125138
7107,27.494841461385388
7108,99.69908452998416
7109,47.084805705625435
7110,85.67960861603828
7111,97.14952252712891
7112,43.27758131802182
7113,85.57423490864615
7114,7.3788737449030695
7115,5.563022185082367
7116,92.31962082583034
7117,46.430774170532686
7118,98.83477736143047
7119,96.04055608627571
7120,41.490630045610935
7121,98.75514601445535
7122,14.425763718046447
7123,31.118432101974435
7124,4.063392655564691
7125,17.792741088303398
7126,65.78938293493316
7127,20.147590372559733
7128,53.443647005335556
7129,12.268037752664252
7130,43.495749850023635
7131,95.00712961182552
7132,91.47230471394373
7133,5.981316384604085
7134,42.353169926350766
7135,50.53632850836964
7136,96.30155211219076
7137,90.79088536634302
7138,61.269588178758674
7139,73.11365204482077
7140,84.32160443711025
7141,0.5130806836733948
7142,15.467042008961563
7143,63.00069889725164
7144,3.7686299282139735
7145,7.811721749397438
7146,56.40236675523014
7147,86.12896546780789
7148,17.400960683810197
7149,14.356472331781855
7150,1.738098237568364
7151,44.25335124005476
7152,70.59094746224608
7153,60.42497733889826
7154,44.3085656636827
7155,52.63056352444077
7156,83.16675346535101
7157,95.55247513271496
7158,63.364248736069804
7159,13.815592726441716
7160,52.85593972404027
7161,23.39742443400541
7162,9.347383830049182
7163,56.79222248834538
7164,51.291288385410304
7165,93.41565951726388
7166,39.18635405489206
7167,16.205967082043713
7168,81.55453095468499
7169,1.2491316154833454
7170,70.08035589769133
7171,62.077838014585005
7172,18.49718373120671
7173,16.002703156443054
7174,62.51113074342032
7175,46.30488573025462
7176,86.95990620577334
7177,12.428609198553131
7178,91.0857274400409
7179,95.59956986775194
7180,93.4521799218291
7181,15.270489360503737
7182,17.686901942906708
7183,94.47744030805865
7184,95.62585744821881
7185,23.963741977589713
7186,43.72319514877784
7187,55.0069936462512
7188,97.74287964455314
7189,33.70372631227144
7190,1.0157197748602131
7191,19.22493459765159
7192,34.22395758686638
7193,2.897831501095771
7194,61.6042317482706
7195,2.1282745447186557
7196,90.46584965004095
7197,20.215859455318185
7198,4.190431751098378
7199,18.411816603714303
7200,50.88570073844914
7201,81.08507715537806
7202,62.599117778119876
7203,78.95638825540433
7204,28.758423390711453
7205,25.754970887018647
7206,74.60730318435634
7207,36.489146739620516
7208,46.101615863901976
7209,6.193748556333145
7210,65.77233400946002
7211,28.711388308626308
7212,42.56805900991797
7213,51.90334573608396
7214,97.00365247700677
7215,44.26431974390225
7216,78.09106370778495
7217,0.17601630800559986
7218,5.793831129173432
7219,87.32781128626158
7220,46.345684620174765
7221,83.67919480284242
7222,71.34256154148898
7223,79.3095791928843
7224,35.86698717137629
7225,4.200103555489809
7226,31.97842591600092
7227,19.205450017124292
7228,47.537928573525825
7229,93.05752154697988
7230,93.6785785355367
7231,79.36998656474692
7232,34.821896133114706
7233,23.4566649545759
7234,58.53670489179385
7235,16.529616528043324
7236,13.442658846981692
7237,73.4103246931592
7238,59.54574362412111
7239,40.726363029476055
7240,50.45316573042658
7241,27.08043088614026
7242,0.20054614374497293
7243,7.782237976009232
7244,90.657968386665
7245,67.92558906923654
7246,15.86449903649141
7247,92.8144878130104
7248,21.95996365805003
7249,47.626666579629315
7250,24.116382160782535
7251,0.9109058054073138
7252,30.523607192115985
7253,19.54625024206035
7254,54.44018851488421
7255,66.6203414854692
7256,96.81362257472874
7257,2.1373560410806736
7258,17.606069080563667
7259,12.1659800911325
7260,63.789404108446725
7261,29.516563211188895
7262,64.93514015549381
7263,57.17199083311756
7264,4.7694029437130965
7265,63.49063924581194
7266,3.0833248493106757
7267,72.94108366114985
7268,63.55657608882098
7269,65.05408505286155
7270,71.55751537957433
7271,67.0737730429326
7272,30.62711418510685
7273,74.09391781621409
7274,66.4225584476006
7275,47.754924670405785
7276,43.09157863831731
7277,3.1795941151798957
7278,97.30593909890092
7279,66.73841195778391
7280,53.02642865445581
7281,15.968522500498638
7282,14.63726188972192
7283,82.08013961810617
7284,4.270042340301117
7285,59.018083814668444
7286,76.96337230446981
7287,70.95372297750762
7288,33.879972933260525
7289,50.49775768703474
7290,96.93784254787533
7291,38.484840992173744
7292,8.546337097712653
7293,88.1237158997187
7294,35.35720064327692
7295,4.149935026725982
7296,18.61095182782616
7297,28.433326221424693
7298,9.635418715562604
7299,22.401647714323268
7300,98.03852589098277
7301,75.6041334559333
7302,60.998673812808725
7303,24.666902208959872
7304,74.97049062882262
7305,20.44124437265883
7306,8.730238789394551
7307,43.78688422942824
7308,63.697136057337545
7309,30.451393335081878
7310,22.69746693122956
7311,65.9906513929916
7312,97.45058925855083
7313,94.31662697917106
7314,4.398702058686621
7315,60.92758372223809
7316,79.81275946442553
7317,54.27469153203008
7318,84.50877057426524
7319,28.387590155109656
7320,73.42383515262819
7321,81.74080436202988
7322,29.333677972074167
7323,98.09197227918001
7324,93.82006845794224
7325,68.38081779154587
7326,77.66308779038592
7327,95.50252217897372
7328,43.3116054401342
7329,77.4675225775157
7330,29.05174792037286
7331,30.88255525344271
7332,33.746120908842556
7333,87.97928831829071
7334,4.211435432301169
7335,96.27824240112048
7336,79.88430276061256
7337,10.377644057040348
7338,32.98575502830647
7339,15.280170321212106
7340,23.364026432893816
7341,19.55555879853731
7342,94.90913157728473
7343,14.107293137519816
7344,52.84662456249144
7345,2.4470165657095255
7346,58.27215256289915
7347,84.9138738543409
7348,52.033769499596886
7349,75.26676976718463
7350,62.797047038270804
7351,81.00061585904464
7352,82.14824864709347
7353,40.03399355569158
7354,75.89358959228683
7355,81.49670914398585
7356,71.18560038504167
7357,22.257115207687008
7358,88.45902505090699
7359,30.911035210879756
7360,28.832307844915817
7361,51.20799696249034
7362,46.28547769614917
7363,54.90736135452662
7364,83.32383506109184
7365,20.44830976190829
7366,94.24283271556348
7367,44.28826434349662
7368,90.76645526597856
7369,62.80062332798393
7370,86.77427023926873
7371,93.54141002795579
7372,57.14090634930735
7373,75.77299824447937
7374,15.372263163581712
7375,54.2225227953349
7376,59.48528754878828
7377,54.402819529649385
7378,96.31193760199977
7379,99.38783277004082
7380,40.07598282454708
7381,99.17824673886122
7382,66.87157950474626
7383,86.1101913437784
7384,74.70740103716649
7385,48.08629834435939
7386,28.105528023200186
7387,91.19959443683109
7388,53.87411926986234
7389,61.53329872695809
7390,24.77894842595433
7391,37.26141727427461
7392,86.44049797416457
7393,13.279267068319566
7394,14.30404423533137
7395,47.796841540590584
7396,79.36303595684497
7397,18.462335627276303
7398,29.943881204662727
7399,69.66624357243175
7400,31.332934296196257
7401,21.98264781597731
7402,33.505295130488534
7403,10.11058132338134
7404,14.741543979350613
7405,63.67028263587743
7406,72.70546984484136
7407,88.18469392910004
7408,54.656308741795776
7409,57.97436303353541
7410,75.88613575266996
7411,58.606896837776354
7412,90.53500947015188
7413,0.837791703750157
7414,97.12612353816074
7415,29.151091921386772
7416,10.618549921990395
7417,85.1880248616188
7418,80.6060024281388
7419,2.104688575442404
7420,37.27776042849476
7421,56.25807398293708
7422,91.20138194512238
7423,34.91043403709861
7424,53.80560963281409
7425,94.31598193091921
7426,38.20937325622475
7427,32.05714969667982
7428,55.83255497940889
7429,97.69097306357686
7430,42.58592892650943
7431,97.03547694111742
7432,21.186421461075998
7433,7.05739402091149
7434,8.23223761076628
7435,56.39095554575327
7436,75.35374097867147
7437,94.29545526160192
7438,19.455295108357042
7439,73.10993152961093
7440,90.80417609911423
7441,51.33940940514859
7442,25.383087480799382
7443,29.081096722621915
7444,24.423356872872926
7445,51.81546728299593
7446,41.11924299040376
7447,24.82274422709443
7448,22.021022835561688
7449,39.001236419639675
7450,59.32952134176415
7451,38.06283963500483
7452,73.41220229244723
7453,76.66109887126127
7454,88.96545885341452
7455,34.970357410952104
7456,74.78375541930126
7457,97.073006702423
7458,40.01984436490016
7459,50.28502744136678
7460,75.29858796762068
7461,40.989395252460966
7462,20.72569489814492
7463,34.70587452073109
7464,58.65400414292381
7465,95.8647784232066
7466,55.762762328065804
7467,26.45406098400165
7468,59.54070404595831
7469,37.63368072651511
7470,35.852898522092914
7471,39.518708988527095
7472,5.256405202157211
7473,59.164612052915736
7474,37.20908634081278
7475,37.02648271493509
7476,79.91510813202311
7477,79.22194148549958
7478,8.005516937139056
7479,51.9951969536873
7480,16.391418640228185
7481,13.756154623959894
7482,40.881970486886566
7483,29.93478180420387
7484,16.20883676142175
7485,43.29427384251673
7486,31.4548082945607
7487,80.11338532864235
7488,53.30480172401925
7489,60.382959745608474
7490,52.04171025845012
7491,55.28171983492205
7492,1.0398902210501104
7493,30.791014373466297
7494,8.52873295215315
7495,59.54730740920676
7496,17.23677942288774
7497,99.84866688750205
7498,31.771894990290395
7499,8.289902239998925
7500,75.29379876731504
7501,73.73914149746419
7502,44.71640401970901
7503,4.9051366659842
7504,65.73644364757213
7505,67.01712798647776
7506,26.026344807745616
7507,31.343728719487206
7508,44.13172169275039
7509,98.44475139667733
7510,72.19235250999051
7511,39.28301881826002
7512,62.98175262485135
7513,96.03061907891536
7514,22.29768087041376
7515,50.61289619326716
7516,34.70031606261953
7517,72.51273759993458
7518,96.31004786894607
7519,7.680146065808746
7520,83.18177988608599
7521,2.4629100670617854
7522,62.69775135298779
7523,25.12973566668777
7524,39.17677065377853
7525,22.57693454357913
7526,59.834885738866525
7527,15.592134482188957
7528,31.829346615813215
7529,96.86042587428268
7530,99.30042048964172
7531,5.21854139891963
7532,81.81115306128645
7533,68.53068913969858
7534,75.78225869501843
7535,80.84848828767541
7536,70.27045363327743
7537,78.53304291483194
7538,9.126051888956066
7539,89.36855563780612
7540,33.33581685626261
7541,66.92381370063197
7542,8.247370962066325
7543,51.82786004744025
7544,72.24514068009705
7545,45.09408015793696
7546,21.182383046685082
7547,74.6094499411638
7548,19.63174126337155
7549,20.249711878555587
7550,58.498497523076786
7551,34.839745074345466
7552,72.24794256573517
7553,29.57119137786045
7554,28.523991506027535
7555,68.1856063233494
7556,70.53121290310986
7557,16.065641751390913
7558,67.11507246877368
7559,34.82081430369025
7560,59.041059609178426
7561,89.85823961804724
7562,72.89695381121814
7563,67.53808793158595
7564,50.55494240534667
7565,94.14961459805932
7566,28.190843988289927
7567,46.287954588680925
7568,68.93175675576101
7569,45.896054366992836
7570,62.662918622797946
7571,78.37802883427877
7572,69.89420403585582
7573,40.43372989326346
7574,47.83905061822244
7575,98.9015156487519
7576,17.87268847871326
7577,10.995636107694008
7578,5.742196825949575
7579,88.75347777864586
7580,7.423899926455013
7581,3.411337332477671
7582,62.59838994020155
7583,42.833699529496336
7584,37.531151786986385
7585,8.97488355888687
7586,54.31353374195206
7587,4.473389283535678
7588,50.794179086142556
7589,82.96103506995158
7590,54.505274882292966
7591,75.53775065777806
7592,4.436064152284114
7593,95.84177795319341
7594,97.97811013801316
7595,78.13688091968777
7596,48.38715931337255
7597,81.71164413017608
7598,90.04308558727865
7599,75.71133696210075
7600,42.32532535843059
7601,11.35952056987276
7602,12.7907874019352
7603,7.825350391027531
7604,56.42985434731273
7605,29.275587922288715
7606,70.12543071745594
7607,47.04385297143513
7608,76.5468895621221
7609,56.96433387721134
7610,78.31633451233688
7611,87.32694185060843
7612,71.69106748244923
7613,64.53920364024843
7614,12.63675558744205
7615,99.77340112849569
7616,15.526419112704925
7617,65.45297710635481
7618,8.714578220300018
7619,70.09592670622224
7620,56.987831929965274
7621,71.16169436124255
7622,88.88823015981906
7623,82.7803635005114
7624,87.6385428735953
7625,98.75638079884867
7626,72.62490332140527
7627,60.20413471748108
7628,72.74953282840232
7629,0.6460411335166283
7630,37.961433119078926
7631,1.3305200118999827
7632,83.52204248791224
7633,78.9027837874094
7634,46.22235570801578
7635,89.0803081814534
7636,11.341690511733503
7637,73.34592248059454
7638,55.81726745234785
7639,28.915393128979883
7640,0.06076124710707731
7641,60.69562209167012
7642,83.98651497289177
7643,82.37241725284508
7644,18.525475913400978
7645,25.060973399665944
7646,85.92925682366264
7647,28.737268176718047
7648,48.14543214447653
7649,83.98365714819693
7650,41.627605256470176
7651,47.70674198005401
7652,28.458732163192014
7653,67.55740351265818
7654,45.674398113677206
7655,92.28196405495703
7656,65.37996214773608
7657,89.29269165413827
7658,79.38750218757386
7659,69.61815039871205
7660,3.5089499041467076
7661,64.78901080366018
7662,75.42440702798102
7663,23.012938459388177
7664,24.995946913168577
7665,48.75077379859887
7666,80.02383971605684
7667,99.5278119183987
7668,46.19322359866609
7669,32.81532788347177
7670,66.50391856381025
7671,45.01263351395943
7672,32.860366113731324
7673,56.097926066976065
7674,63.97183603747687
7675,76.42503056944034
7676,47.10240729198548
7677,1.9311476434432429
7678,41.3546483997395
7679,63.583472656847306
7680,25.396853110200478
7681,7.702091606900874
7682,30.48924839059336
7683,31.801658226603646
7684,17.111662631270875
7685,78.74103959855006
7686,58.047591153813784
7687,41.688295165916514
7688,64.58211750148548
7689,39.182339446998746
7690,34.54118610199344
7691,23.12306575202768
7692,51.71110845396405
7693,10.90845306189998
7694,75.9479051177394
7695,16.319889259796593
7696,98.3045466982815
7697,37.927882733630526
7698,84.05152832868559
7699,71.35821648733946
7700,74.41864587427638
7701,94.2702175699558
7702,46.76121683229353
7703,27.917152634796206
7704,61.32496757328746
7705,77.239449789356
7706,33.35309079359955
7707,88.32937226411411
7708,76.17726797233784
7709,68.56630889057975
7710,55.89433304463043
7711,66.43291611273152
7712,87.45308464060025
7713,11.700557148375534
7714,73.3787579882183
7715,85.35685150512074
7716,40.525550922799944
7717,48.781177923769256
7718,58.459279087565285
7719,34.79856767684913
7720,39.15636462335229
7721,71.19237501599731
7722,87.50668601977928
7723,74.44127770056313
7724,2.5531832556015432
7725,12.588114439170472
7726,23.036610715631735
7727,40.89165475091152
7728,65.88486042256936
7729,84.66835716570479
7730,62.17659317836003
7731,16.647119850031935
7732,63.9077157236028
7733,21.297161575913826
7734,36.5479983514431
7735,87.48821500342255
7736,54.16831552497025
7737,50.477623424446826
7738,45.109548590196866
7739,44.20125616642376
7740,95.71475655756666
7741,53.87822236075702
7742,56.031728269332625
7743,85.85172429120486
7744,30.255558288771024
7745,82.90153239829688
7746,55.68851161683107
7747,26.361242018539865
7748,3.910694151821159
7749,50.4675045197027
7750,7.862326670771402
7751,58.9560934371416
7752,94.09068083340037
7753,58.99678441446454
7754,93.84341968766296
7755,47.349480677071334
7756,55.72435579675589
7757,47.82683114066143
7758,33.34970892002569
7759,55.518901864998725
7760,86.9711727597719
7761,68.80852626026625
7762,54.98418060095446
7763,75.89634068985849
7764,4.317537414701256
7765,74.4044959444985
7766,44.50868420950251
7767,40.08455675704469
7768,54.81680374099513
7769,25.097035895861286
7770,89.51817865105127
7771,70.8929494586233
7772,63.64101259585833
7773,94.95343884457785
7774,89.47015144061444
7775,74.32614952998404
7776,2.9602201226957003
7777,48.69184475353696
7778,42.573547012559246
7779,77.59284026292434
7780,73.20969075939112
7781,1.0955359274317567
7782,24.10726767376018
7783,64.18061594776022
7784,89.94218559317054
7785,90.75916513151303
7786,54.79332762502156
7787,66.16171406809968
7788,86.62280815702157
7789,95.21096815621415
7790,86.41348291913611
7791,62.66873777166507
7792,3.2596391694282634
7793,61.66409020024651
7794,2.826370144558221
7795,69.79448947218646
7796,58.06720232972169
7797,52.52571249250258
7798,95.37019041638236
7799,51.779987799598715
7800,41.64343939073812
7801,48.245911874618955
7802,25.870423530183473
7803,98.85462550691754
7804,46.64980513707424
7805,10.558249735596526
7806,82.91676797637774
7807,57.935187474552144
7808,35.75265548245573
7809,19.663631444852857
7810,35.254231438791216
7811,77.06106936873157
7812,2.2442707784489313
7813,76.41162283292931
7814,3.818492370131832
7815,65.69965474193693
7816,45.37571250480147
7817,4.361376270044093
7818,87.28311085908841
7819,9.787542763714097
7820,22.344241996672476
7821,87.05583084567328
7822,12.481176179011054
7823,63.69472258463978
7824,18.306486791885344
7825,88.61549753622943
7826,7.791336851174535
7827,87.6509349276819
7828,5.9836769115852455
7829,88.28134504830814
7830,14.911799758355372
7831,94.74162340026707
7832,22.488101721380115
7833,57.80493178555166
7834,9.72702389986816
7835,22.595471756608852
7836,52.02965317496694
7837,27.821412924957734
7838,12.561287367804608
7839,58.84781219545723
7840,48.748959189227634
7841,36.09099439327065
7842,38.50527953871155
7843,82.87132943914443
7844,96.14554512431776
7845,29.06519674231354
7846,51.49546384575508
7847,22.454926840706
7848,68.00109026499997
7849,30.511395875861712
7850,1.3047725132371624
7851,72.79287613803638
7852,28.721729622351155
7853,83.06186279915069
7854,68.39306560391162
7855,18.384105449240273
7856,99.56166976042917
7857,4.196998931285034
7858,81.73363679230535
7859,91.88604674235715
7860,47.777289318651825
7861,53.72446447970821
7862,31.863532736469978
7863,99.48217095402622
7864,55.53153711235513
7865,23.39641746797897
7866,46.56750090851327
7867,40.370059152616136
7868,97.98480242830871
7869,93.47509720814872
7870,44.20030597214771
7871,50.45102304101087
7872,25.42802728048522
7873,51.783961781427166
7874,32.7342513381295
7875,13.469577886153816
7876,45.96495621057885
7877,12.294374984000555
7878,52.250598974873654
7879,43.51502563727089
7880,56.30305671724577
7881,32.610320890914856
7882,75.50721326353148
7883,71.01313962845309
7884,48.444810911004325
7885,25.223046109657
7886,93.9800029349259
7887,49.10745171604949
7888,96.53685622375386
7889,41.818535411018864
7890,69.20103771313025
7891,5.0385965940352495
7892,82.72183846888201
7893,64.49131224662578
7894,78.84464130112273
7895,18.39006328856233
7896,65.87016700530451
7897,59.70025103566936
7898,58.449448891439836
7899,28.749470664864063
7900,65.96477453772752
7901,76.4045808294353
7902,5.325639377295399
7903,7.289891589522179
7904,83.56043023935071
7905,13.160097766283329
7906,49.349069637509245
7907,32.33157288549373
7908,40.015228086278256
7909,93.79038423382727
7910,53.73530605993763
7911,87.36766897148787
7912,61.468046016418995
7913,87.66939749838308
7914,74.1800830121926
7915,17.65071967262568
7916,13.073635255939365
7917,12.772864683645368
7918,29.193909536649254
7919,6.780060180519964
7920,96.94111452171464
7921,21.01929386213254
7922,50.592221619301604
7923,69.87972971233607
7924,96.98711475476178
7925,83.06436276047204
7926,73.05170306430327
7927,80.85581074586415
7928,64.52312614807629
7929,19.03721641654117
7930,72.40850119915216
7931,53.927395824614955
7932,82.80350221836893
7933,37.63139805635735
7934,25.39902526082972
7935,41.846425961071766
7936,36.2235682587494
7937,74.8804019060568
7938,29.337568109767588
7939,26.149264034968112
7940,42.86439120852721
7941,1.9124879520857507
7942,78.19696959465907
7943,93.53581512208268
7944,99.95599968334633
7945,38.05066084846159
7946,15.01647423644087
7947,19.093908088540346
7948,22.072665043623495
7949,5.6485969509126654
7950,96.6583230214561
7951,68.32136365487982
7952,14.48841192327266
7953,48.574173734952176
7954,33.9826403595524
7955,37.59359824218292
7956,59.34233805205401
7957,8.2416055646253
7958,9.935204872691273
7959,98.00399679073865
7960,42.660201750491325
7961,42.56767718807119
7962,75.91866554644224
7963,18.490919575361453
7964,18.501697311915255
7965,90.85715879893964
7966,60.46039640862111
7967,29.29278251936832
7968,61.25115705229128
7969,45.08103987659358
7970,13.160611679286694
7971,96.44409160532767
7972,57.361059415016555
7973,6.37674268551881
7974,78.83190256159382
7975,37.52647522788709
7976,85.00341571677531
7977,49.49227964418043
7978,8.401863581771208
7979,14.125402279277644
7980,9.7184057856731
7981,23.827229900310577
7982,95.04188955265145
7983,86.57753092860482
7984,60.845612255277715
7985,61.3786413916122
7986,38.41316429913858
7987,18.608877603787953
7988,79.80509609629708
7989,18.754820506631354
7990,64.78431926255743
7991,29.442173468558476
7992,18.019234860741996
7993,54.736814838652236
7994,81.55741450690837
7995,58.9478069157136
7996,15.309750159870772
7997,26.392015142973037
7998,89.20439323492153
7999,76.3730069848656
8000,2.6616006676105974
8001,76.44428834588047
8002,31.08400526015098
8003,43.902279695833855
8004,26.08747893592005
8005,44.898623632979536
8006,51.090540990501644
8007,23.183445849567576
8008,0.9525920626260453
8009,86.84631830202754
8010,17.8892337430416
8011,90.04118025912588
8012,68.67891288742474
8013,83.11353230439363
8014,88.01090737065354
8015,67.24692700496871
8016,62.01070617491378
8017,46.561487998411245
8018,3.821865660915069
8019,66.98391891016561
8020,36.77407392214241
8021,41.27701998404073
8022,26.217857280456048
8023,23.768042241841524
8024,94.00594372821715
8025,56.496105213925595
8026,63.25389343713723
8027,55.43982665536803
8028,72.2102033887744
8029,46.89963248132693
8030,73.00830230880409
8031,74.12025415454328
8032,75.92100890571399
8033,97.16017630710378
8034,0.04377159608541792
8035,27.500656612374875
8036,73.02074689457883
8037,38.773762970008995
8038,21.248637382315728
8039,19.030296877592967
8040,47.46378532606528
8041,45.21334938839486
8042,43.77186468599993
8043,82.13208024240544
8044,13.963394485662661
8045,7.064514814604728
8046,15.2820275147593
8047,27.936726429643844
8048,86.05860092893
8049,13.522472958891784
8050,76.32874919811132
8051,95.21889147276428
8052,24.584988375321526
8053,17.571585930380063
8054,93.0892321459293
8055,56.916282181956134
8056,30.021214952084385
8057,93.95935480548518
8058,9.596189186617444
8059,38.3013604932684
8060,13.784350582515826
8061,22.748534881532066
8062,94.32532707480291
8063,76.19013291442178
8064,92.98172472961328
8065,49.69960190143154
8066,58.803900896611374
8067,81.54600623611414
8068,62.98564063002494
8069,89.55358540894281
8070,71.67188266618008
8071,44.32020531304997
8072,92.90152386288929
8073,99.72658723972431
8074,32.59413352393252
8075,42.72625114212961
8076,41.04326557171207
8077,11.913792972805147
8078,72.31120845020106
8079,92.16454427481902
8080,81.11013384236601
8081,24.17858484378016
8082,6.463641347496063
8083,95.84097626682012
8084,15.684457231142279
8085,31.69783830593599
8086,33.40742500200401
8087,6.57888378927729
8088,45.50982412548328
8089,53.48218472974688
8090,96.51151382599164
8091,47.33804258449044
8092,99.73420039708694
8093,77.0491149147348
8094,54.42837225196532
8095,33.74870248087212
8096,79.4445423704581
8097,10.689254787930992
8098,45.956477264902006
8099,32.989503211492746
8100,42.69468383274207
8101,25.7364295008794
8102,94.62873119330465
8103,65.52412757625734
8104,12.015145859391163
8105,70.54889519595619
8106,16.363606043660816
8107,97.52216762529783
8108,70.18979998230397
8109,18.1042596617658
8110,3.3650838760709956
8111,34.97770495554493
8112,44.028219092457455
8113,88.36126480563975
8114,13.833667293881803
8115,90.76126659536662
8116,66.22699093013294
8117,73.85675111263782
8118,81.21574024328572
8119,80.67716669046145
8120,42.23145802183538
8121,65.33675357642855
8122,72.79016132697957
8123,12.6410961732631
8124,76.99781689280681
8125,53.126456969843325
8126,6.516517726424809
8127,26.644635043367792
8128,41.25325095643948
8129,93.188414173639
8130,44.29629667644185
8131,53.6678303529455
8132,4.81870038542559
8133,42.11053292514924
8134,81.42173749873359
8135,93.3940004728932
8136,21.497927849243393
8137,74.73179301997757
8138,33.394286637848325
8139,2.8813415037795553
8140,98.45119461716976
8141,30.56434858353203
8142,26.218925649729652
8143,83.91204396267504
8144,29.905077802481728
8145,80.28277517944679
8146,4.025613564030028
8147,48.72937501065362
8148,90.97756349482188
8149,23.612922188418604
8150,62.69443108243463
8151,92.53696964615187
8152,76.15982765901606
8153,94.24477632752541
8154,33.25667402386251
8155,30.55564085952175
8156,41.58268913961343
8157,25.06633771885903
8158,34.35720976955684
8159,41.18685574154025
8160,53.627771278705026
8161,40.656526401698414
8162,28.88234839012035
8163,0.5120847178372134
8164,75.32816449557262
8165,22.163877871257654
8166,28.86326096358277
8167,73.591635732497
8168,74.32824004675201
8169,27.01952074670566
8170,66.85556720652855
8171,89.07369070661682
8172,53.57739709627569
8173,20.59447798858346
8174,50.54772969336609
8175,61.619054506918346
8176,99.99555441270343
8177,47.12603783961199
8178,30.467810274673248
8179,83.1157885941192
8180,15.871245184299399
8181,83.94630256236626
8182,98.83027821914968
8183,83.25709177182628
8184,77.69069277123931
8185,92.42054166375605
8186,14.123827438238457
8187,80.45883699814074
8188,64.29044620766284
8189,13.60735372564611
8190,35.794364841499835
8191,43.226761541042755
8192,8.330997143966446
8193,23.073736827423808
8194,16.15478255979472
8195,46.35904603595956
8196,29.885691198246832
8197,74.4906298293187
8198,9.128053200267294
8199,30.107605916004587
8200,38.27300503373199
8201,53.439734965035115
8202,75.15518685633661
8203,54.72576649280836
8204,81.83836000201227
8205,72.998569310555
8206,1.8423481013802756
8207,15.385994798015922
8208,78.1664598406562
8209,49.99348878696984
8210,46.179564131741394
8211,9.879282600927286
8212,18.928022625446506
8213,54.30862160893908
8214,19.183013940579674
8215,65.9798084565968
8216,22.436179784692133
8217,32.084722363720864
8218,97.49247037062749
8219,65.45359715288427
8220,13.715003625630606
8221,9.978688950669234
8222,83.52030296336854
8223,29.877050302980578
8224,17.600134232516485
8225,16.79063846335729
8226,66.58788512234497
8227,33.4426874758269
8228,69.3142999367787
8229,5.421018999486648
8230,37.312989400278376
8231,10.77321176690955
8232,26.550063440439487
8233,57.56931705625428
8234,58.90626122069021
8235,17.278293370564825
8236,40.5062230776006
8237,1.371842824903191
8238,24.130424263269834
8239,99.29153174340144
8240,77.09020427938735
8241,79.71351759973066
8242,82.13598722182478
8243,55.79563291522875
8244,73.96182936709698
8245,22.05368004710414
8246,75.00176704608972
8247,24.496326381332302
8248,9.99051286313426
8249,90.54646723263008
8250,21.305619186426973
8251,80.8611312833991
8252,13.492068756814845
8253,48.1074787094569
8254,38.417201007945444
8255,65.89572082653534
8256,62.44454433026901
8257,31.949747540416627
8258,23.499197418751216
8259,15.272925250018554
8260,58.238011296231186
8261,64.77333595752125
8262,81.40532959517984
8263,57.02677754134512
8264,52.69453737819833
8265,31.99730662376886
8266,86.33793800140033
8267,48.87236671439761
8268,81.38023868194298
8269,18.68857270593657
8270,91.87018883390628
8271,71.90977623208428
8272,70.1482560545466
8273,17.848103085024736
8274,50.136074180654674
8275,30.1327838810177
8276,27.152741100850253
8277,90.73084553921227
8278,83.28984369037791
8279,58.03564311141345
8280,13.023902815592193
8281,62.2179418866192
8282,53.84637817675705
8283,64.57198764073048
8284,17.740692220157683
8285,69.87587938833641
8286,15.648350072354578
8287,20.799931760813706
8288,76.7540629397407
8289,91.17941858865342
8290,41.60345767951663
8291,45.75253607733596
8292,93.73772955391027
8293,11.280877155587943
8294,29.360204701955805
8295,45.49288200448783
8296,42.372809070831394
8297,55.64728129134865
8298,44.81058136364534
8299,90.72565243291649
8300,17.638016705555458
8301,0.6381108247544898
8302,36.420879775944236
8303,91.7857298551375
8304,84.85684420452182
8305,40.347562952582294
8306,6.904796704290661
8307,61.59789349628269
8308,17.632355875977
8309,58.314728429620935
8310,8.262277698305153
8311,74.9368804092995
8312,86.05747478661316
8313,95.70346279568152
8314,83.66558848668446
8315,46.101140620136505
8316,51.00427922869974
8317,88.60639102051768
8318,49.75194628466974
8319,66.02589719032437
8320,40.95316596955049
8321,11.665406569309356
8322,17.246647184494922
8323,50.400329316068195
8324,52.956828493411315
8325,15.27978814464367
8326,66.4597209018957
8327,83.05306215984557
8328,41.28471019196165
8329,13.219191155409726
8330,85.09721393629349
8331,74.78024142582937
8332,52.17070640835646
8333,55.24376370697595
8334,98.3183007228629
8335,94.54889006141059
8336,35.92238420986642
8337,46.42595156167793
8338,61.09129455813497
8339,98.52301749648716
8340,92.36598558896088
8341,6.70573899539354
8342,51.9256085555882
8343,93.21124536828536
8344,13.57013462986777
8345,20.91017122702241
8346,47.596077197401996
8347,16.493236512696384
8348,42.34521740627897
8349,10.35824801054921
8350,94.15348140296227
8351,43.95853273771891
8352,29.687958167805107
8353,87.24447962979484
8354,8.502875622446782
8355,82.25783745104125
8356,48.57262642676563
8357,69.98234074156598
8358,31.78414980216212
8359,71.84591491811247
8360,21.070918787993055
8361,14.128662431091744
8362,13.996808756605228
8363,89.0959744188052
8364,57.15235749001645
8365,95.39529669381693
8366,14.707173940978535
8367,6.440105105957395
8368,24.15538889040043
8369,17.687662050396604
8370,17.8911656164049
8371,81.91889234294995
8372,46.03111960853281
8373,91.03468602868465
8374,82.6385223641441
8375,36.40772401941048
8376,97.24734300753533
8377,33.27335319261115
8378,21.24041333260611
8379,60.50255017463224
8380,94.99619614738685
8381,69.40723983530832
8382,10.540128440035513
8383,3.4514681454897223
8384,90.55382603122416
8385,83.18655996823753
8386,71.24137911746975
8387,35.32244539122282
8388,28.424108079203336
8389,7.853356551109847
8390,93.66385707769331
8391,91.51713073036647
8392,59.666133997541394
8393,68.9168213315629
8394,35.29960807742453
8395,54.78512619858713
8396,14.786028653083216
8397,79.52566299642803
8398,7.3602692247220824
8399,93.07018812254569
8400,60.14065007763043
8401,47.36929480685285
8402,14.116845065604222
8403,14.878185385631992
8404,63.69668457727749
8405,81.43727654126607
8406,17.394155811681642
8407,90.54132304973935
8408,61.400585584851896
8409,29.495392041671863
8410,24.07494043035593
8411,98.1709877269524
8412,21.622506963576527
8413,65.24227598805142
8414,72.66982332218345
8415,12.772108915982683
8416,53.66636545699415
8417,37.131431427322624
8418,68.76200997480927
8419,38.3143341827451
8420,96.44315330067373
8421,34.97286564088004
8422,38.68853155047478
8423,95.67465254651047
8424,93.22881081726861
8425,98.31242299337951
8426,49.57968107265518
8427,36.89808384686864
8428,59.76803727835558
8429,88.78503702548456
8430,43.44047089237799
8431,69.09854270275777
8432,26.125469312893014
8433,76.94137003423111
8434,50.341958575143764
8435,50.21379755614883
8436,37.05243699139413
8437,23.105611802651282
8438,30.027934566420132
8439,42.898377017349844
8440,75.8132926784742
8441,13.015714022334734
8442,87.07592709737462
8443,59.51246714940366
8444,11.89983419638525
8445,54.51780619112234
8446,27.96859640354773
8447,11.467490170131056
8448,52.55252332303728
8449,92.27765320660293
8450,10.645435070602172
8451,61.13718515682325
8452,26.29659231026926
8453,64.06015587786152
8454,21.592400193587956
8455,17.460040243956843
8456,75.2809018054028
8457,45.11619867208951
8458,77.08701224514982
8459,62.88318734868022
8460,17.024278070605526
8461,22.95940665305801
8462,48.952325243417235
8463,44.192780905685815
8464,49.16674214275493
8465,94.89139377559019
8466,92.64686393356797
8467,15.844771934100066
8468,65.9947850579512
8469,4.379411400594224
8470,53.71966320005591
8471,30.682230178148707
8472,69.92234951916211
8473,56.24580114213532
8474,40.21309860704459
8475,41.25124027637798
8476,17.365227176605146
8477,27.715737777814276
8478,8.361536550034876
8479,71.14063514562274
8480,44.16558671672054
8481,71.87397032834377
8482,19.324288932005118
8483,44.03397051640108
8484,88.77260965337548
8485,40.021096361055754
8486,46.35008122423962
8487,28.781485888974746
8488,81.40195608816684
8489,69.72246426967041
8490,69.06462778624388
8491,46.12009368630679
8492,51.20633295912131
8493,3.218991215192979
8494,23.580560709371834
8495,24.07352043793727
8496,13.48215146446985
8497,49.89716950110867
8498,96.43302701255621
8499,77.55720320751122
8500,27.16403781674307
8501,39.485891191955794
8502,47.73574103304067
8503,52.258321927641305
8504,76.06861779389162
8505,67.4061194258394
8506,90.70735852838368
8507,3.786375647966367
8508,55.665799140524896
8509,96.72721276980134
8510,28.28104062431067
8511,10.59269284008898
8512,14.292790073580575
8513,29.823651965784247
8514,0.32686194988322814
8515,70.20631507188307
8516,25.316172888391076
8517,17.152433988626115
8518,19.909241650818068
8519,85.42455486745769
8520,51.60935089304562
8521,67.15384070941627
8522,35.082544130591145
8523,99.52031366234706
8524,3.737395987975578
8525,7.898759837824509
8526,7.217631721842355
8527,82.64341213448309
8528,80.62322474457493
8529,67.00958290536514
8530,59.56008236764475
8531,40.067482794389655
8532,69.95739725958265
8533,66.13915353695856
8534,66.48867011749468
8535,82.47050685304984
8536,24.81123728132628
8537,91.81405072487804
8538,61.91407281856264
8539,6.103421846067036
8540,19.383109872918926
8541,49.63837400304645
8542,8.803963287056826
8543,34.90121735105309
8544,73.90876701733784
8545,33.56055757241801
8546,39.41650752667684
8547,76.25837786252444
8548,91.92646852452371
8549,8.01520473154701
8550,49.848237390778095
8551,94.49640460109774
8552,79.32467534853407
8553,53.745211784610404
8554,53.66745683701225
8555,4.5326892739578355
8556,35.77392071264328
8557,82.2372421277709
8558,0.7970479796858387
8559,80.61044878461011
8560,68.0654855674729
8561,14.898893063044715
8562,76.07512744352579
8563,70.59455186333844
8564,74.46490471464008
8565,58.3774662341496
8566,15.13226549196135
8567,92.00881377886043
8568,58.97558584815733
8569,87.92828114592236
8570,24.707072982598476
8571,10.92708026064142
8572,50.10559398869688
8573,48.20615486086596
8574,53.63297096061257
8575,53.26709988477346
8576,93.54042631383189
8577,52.122957330258316
8578,22.804549267199747
8579,13.423057282815575
8580,18.95736147034294
8581,58.65532815303431
8582,9.093369532714535
8583,74.531351485286
8584,8.683432495320286
8585,5.685168732255541
8586,71.47101467881663
8587,4.469836887505851
8588,95.84763241398842
8589,35.41397235011042
8590,68.97380373595642
8591,75.60534515660578
8592,97.41071632416207
8593,20.398012299388167
8594,99.5957530716467
8595,2.4119676468051576
8596,74.62224395717891
8597,18.263199772877194
8598,7.180775240404557
8599,15.691387499380783
8600,81.56126254795569
8601,10.394333691274948
8602,16.71056022032017
8603,12.620385784702693
8604,17.29102402138134
8605,79.24899002361727
8606,78.10498227346018
8607,79.7502064512349
8608,4.909984392745159
8609,13.95691647460292
8610,22.271813910791728
8611,75.92444240802482
8612,80.99820863372415
8613,64.59057433566386
8614,12.420908036972556
8615,26.477597467771673
8616,77.032684095241
8617,24.77826092517529
8618,26.30392715019766
8619,67.50229198305048
8620,43.6362463992963
8621,79.64388523301818
8622,66.53790469701872
8623,38.65690930246662
8624,50.736378411958164
8625,38.56309689037057
8626,41.98978612609262
8627,50.25702969560304
8628,69.63152250854705
8629,73.22206766929641
8630,96.45618789082596
8631,12.034857049301518
8632,86.98352230578342
8633,17.163164125304686
8634,2.38766391243197
8635,9.137878776942676
8636,26.935299747306786
8637,34.60269765348558
8638,82.8886692142717
8639,50.27410584513655
8640,37.74066827649363
8641,47.5641442712887
8642,18.09991553707522
8643,72.71167261944183
8644,47.11863744067656
8645,88.40298650222626
8646,69.34234387577303
8647,45.943757751496605
8648,92.05085355205847
8649,66.36812619050755
8650,95.80126930990757
8651,44.98512546628227
8652,56.089865646090054
8653,3.0826524755391937
8654,0.9754482087209193
8655,64.00330021018299
8656,92.74563823784594
8657,87.50524225936984
8658,54.772271644128864
8659,21.520512446114882
8660,18.289299905657174
8661,55.56744238540643
8662,18.985811890272018
8663,0.9576663649709216
8664,42.81719727410892
8665,17.048830060457952
8666,6.753100468564643
8667,15.153620738334217
8668,83.67380274609873
8669,89.56270014451242
8670,47.405701886977006
8671,85.67211287455667
8672,22.321898053224633
8673,30.07974117621416
8674,57.936966677678846
8675,63.70788745789532
8676,33.341719149138186
8677,14.852513123023837
8678,88.96365968244226
8679,54.06798356403867
8680,17.507176102070964
8681,89.8532930614293
8682,23.109449695484972
8683,99.02255913142147
8684,99.50660742399145
8685,53.93926311238004
8686,65.4224772215329
8687,80.5818434429267
8688,61.4647326948396
8689,6.032660361156228
8690,16.67597548787899
8691,52.22627055593183
8692,73.79031209865909
8693,54.56656124191738
8694,0.9174281175121535
8695,46.982644716384534
8696,86.05857116861256
8697,20.939169032792293
8698,72.02118308940025
8699,14.683767989527086
8700,1.4762113727056825
8701,84.93696780286096
8702,89.00864254745004
8703,66.29270231986678
8704,64.5740610940863
8705,66.98672220140284
8706,54.83348436586505
8707,74.99364717421031
8708,29.558082562841992
8709,41.18607152485875
8710,22.141495424914016
8711,19.31750941464371
8712,77.1843315593122
8713,18.617027572621637
8714,18.15412051016061
8715,92.74008408801475
8716,35.71368317932373
8717,78.89699553292854
8718,81.32402243277294
8719,23.06148664432626
8720,84.5072243296464
8721,8.586597230980942
8722,69.56933149491996
8723,21.02614911066477
8724,88.77841226382927
8725,40.098761164890576
8726,68.57112771482451
8727,29.424611593329853
8728,20.273628625692798
8729,6.340807956861516
8730,99.08379560015898
8731,65.01181046749407
8732,46.63899875291456
8733,40.69951719939213
8734,8.05718620545145
8735,29.66470670974035
8736,47.83837609634926
8737,87.91115256906632
8738,21.3303768667367
8739,87.95581066442087
8740,96.32550335363926
8741,89.98677728245583
8742,54.21296775873002
8743,6.298153026813291
8744,5.163332692777612
8745,64.91584526112587
8746,59.84779468823772
8747,36.253808876021495
8748,86.6784630270611
8749,11.442282793972636
8750,20.993636269883677
8751,24.968954707117785
8752,78.99132267397655
8753,3.638383069690476
8754,81.44122750951729
8755,0.4354779959064303
8756,48.2719158874481
8757,49.35611466602219
8758,97.30025080288408
8759,43.159598238330055
8760,94.0412977974805
8761,86.41903091692382
8762,19.427332970022448
8763,84.50891779035908
8764,23.115705193955684
8765,91.12734116892729
8766,76.92480731402723
8767,9.771821190326646
8768,64.62273021391651
8769,42.26658057602235
8770,71.57538242816084
8771,47.82585836840462
8772,98.79028127448431
8773,77.85679258632442
8774,77.01261211949998
8775,77.26129776625731
8776,86.18806232662442
8777,14.169756366181618
8778,94.15556542914656
8779,72.70822727814337
8780,62.601693659219336
8781,4.648464252298179
8782,11.690244510131297
8783,99.24413275448713
8784,95.98587120388599
8785,55.30280609204211
8786,81.10346934407448
8787,83.61662726977889
8788,27.62062833926877
8789,37.56943731141167
8790,51.579714354061224
8791,88.10155765838324
8792,41.8679537408523
8793,69.97900460048481
8794,84.05753666913436
8795,69.65670270554011
8796,99.4899920328265
8797,26.738708802992072
8798,30.027830483168305
8799,63.3102413869863
8800,31.04990161972022
8801,43.530016078445314
8802,94.3597524556273
8803,77.22196437447066
8804,39.90511436747155
8805,87.44512670415465
8806,48.688009770209504
8807,79.53389545933425
8808,97.28539062924838
8809,11.919614100821352
8810,60.75230650000887
8811,20.232495157106445
8812,3.9874056798629653
8813,24.464035489640366
8814,80.17798818438378
8815,83.38866254702806
8816,13.428904455936397
8817,51.42779716531914
8818,44.13526415726473
8819,69.6799802280908
8820,67.76688428451219
8821,49.05110353900851
8822,36.160263344727404
8823,63.1588551233951
8824,4.706440304849469
8825,87.29090436291594
8826,26.40396514185165
8827,87.7133950323661
8828,23.746973696168926
8829,64.19877095543818
8830,49.46929035860376
8831,37.12590076340199
8832,99.9284896403699
8833,54.24417470216789
8834,29.504000351819926
8835,29.49970583987701
8836,43.79766556538481
8837,99.88530768792643
8838,16.15084191714784
8839,86.0509006094846
8840,19.669540858695644
8841,14.994448031025332
8842,13.424511901820757
8843,49.73658757415116
8844,90.0156455648198
8845,46.47391511002642
8846,56.764278642364566
8847,34.87150780699933
8848,2.013280956283481
8849,92.19367413225625
8850,14.870535733155233
8851,44.46960111211635
8852,14.93663024180033
8853,73.65914127348192
8854,67.51778975640391
8855,17.073753878303854
8856,52.798457874250424
8857,80.84860546347855
8858,61.90062744888548
8859,35.29267065127354
8860,97.40780957194413
8861,8.408159528806836
8862,45.00077086274546
8863,10.89896741341041
8864,83.6114633266855
8865,92.35396514263175
8866,23.749219284952737
8867,97.64816224302821
8868,61.794768176893314
8869,27.01530049370875
8870,92.22860821227297
8871,55.652014520490965
8872,92.09314523718814
8873,47.53031016764958
8874,92.67734509811245
8875,72.29101601371227
8876,19.593890929684598
8877,86.05282939369128
8878,87.78158183066783
8879,0.11100976028534104
8880,23.12512428343272
8881,71.68920603051882
8882,45.02617706825875
8883,51.25116226605865
8884,3.474033447902969
8885,38.301131236721545
8886,43.224921911129336
8887,85.67661415180218
8888,50.8741121816034
8889,28.63053158498039
8890,7.238213329795606
8891,32.76744923900567
8892,57.435407133368024
8893,74.4369887699393
8894,1.9331916530392124
8895,14.454015130210419
8896,44.03769524516908
8897,26.28555754669637
8898,96.5946103791711
8899,74.03780316193287
8900,25.836651300463874
8901,5.492920355332853
8902,31.539739510672437
8903,8.763234987870527
8904,72.00257084693477
8905,51.98109162627533
8906,67.52712434014218
8907,6.078634577955333
8908,62.93623228691641
8909,74.79614508939524
8910,95.2555848815119
8911,16.34238193735652
8912,13.714026461358486
8913,1.2706031101243909
8914,73.0913138801479
8915,62.63768204237217
8916,83.305350741304
8917,55.15796464445314
8918,46.644538737941346
8919,99.4075576778567
8920,53.271438685917026
8921,61.90885464825189
8922,90.8188377261025
8923,13.30446708733749
8924,94.41579015163133
8925,69.44652624547749
8926,88.34974035593973
8927,48.728591397192275
8928,82.60051301716237
8929,10.253908200419904
8930,73.17731990350951
8931,91.46907289267648
8932,79.5279597064131
8933,82.33874728480008
8934,1.2142271887954248
8935,43.92335764634884
8936,40.74929484385484
8937,31.816796623968546
8938,11.502974843427582
8939,85.85984690465615
8940,73.7571143382228
8941,67.43554543607428
8942,97.64410166375387
8943,32.82932415090922
8944,0.24990801550182073
8945,20.521970906390163
8946,98.39270553434069
8947,24.737772064627595
8948,84.85375587357574
8949,64.90658126330348
8950,41.653590788468456
8951,22.81673329122099
8952,43.08551822849962
8953,55.04040058592955
8954,58.96449794557677
8955,15.289200168087536
8956,3.1080989698256123
8957,43.863826363721216
8958,35.31408943310815
8959,45.81810198443673
8960,34.64277097904562
8961,77.25258327689792
8962,95.11136925314962
8963,1.412893776523949
8964,55.79808615962364
8965,96.85144045622404
8966,27.527862902768106
8967,95.08930204542692
8968,78.70413699937751
8969,21.359719261866672
8970,53.59793228730527
8971,76.00697113080288
8972,98.08959683686228
8973,32.54615530478722
8974,34.60030327366892
8975,71.75339641755785
8976,60.463829367229394
8977,88.0131283821613
8978,26.739367411252125
8979,61.87654986719318
8980,98.55646963947451
8981,36.93613264604673
8982,90.10795465067339
8983,87.58013619350353
8984,48.54854633855783
8985,89.25647577595322
8986,16.91893173137694
8987,31.878009002824083
8988,87.62449970696201
8989,36.55467371519441
8990,22.015829560799393
8991,52.59657997618141
8992,22.98876215112656
8993,24.228467937404307
8994,23.501701135173082
8995,73.63714988622033
8996,46.09228800944456
8997,88.16499271029807
8998,37.59709528507166
8999,91.84331171590358
9000,52.370399977924876
9001,22.4290692273066
9002,50.02062680683094
9003,41.7913571114092
9004,35.69549699180611
9005,45.909971188387146
9006,9.010872007459447
9007,65.77706898185811
9008,2.6641465085364247
9009,43.20585295191549
9010,68.72982037629306
9011,48.346962041419026
9012,13.681784275279751
9013,2.7243301331394076
9014,66.47230134478477
9015,40.080683543560724
9016,90.60464391504377
9017,93.80410104456365
9018,53.69802830313159
9019,18.390816038951506
9020,66.72991463875178
9021,94.09494839962402
9022,2.7389935630098727
9023,27.055517255847207
9024,31.98439195896279
9025,49.12944731332251
9026,70.8150688980683
9027,21.72100614084007
9028,13.516158904083753
9029,93.03263009081287
9030,57.18485328875526
9031,59.64907092658237
9032,80.171717973221
9033,93.85821264243097
9034,0.07960701244673629
9035,76.71211227697665
9036,9.08619045330058
9037,15.103407587483753
9038,40.875354975566516
9039,79.24790996790496
9040,41.948319914952116
9041,74.05630460853368
9042,37.99637449833667
9043,18.673220317553984
9044,12.445414665680776
9045,34.55282543415398
9046,28.714086108740133
9047,83.62793820686922
9048,59.731818106425315
9049,59.25551703224981
9050,39.41500289008416
9051,79.94289603399822
9052,19.767061405070407
9053,10.291065345917394
9054,41.130693108386204
9055,28.29392128728847
9056,23.63810723799662
9057,55.29143932066562
9058,63.21402246211547
9059,81.1814921116925
9060,92.8396777624566
9061,1.3037620012049111
9062,52.16974035460957
9063,65.46192865655472
9064,55.38476643345726
9065,51.81724828825146
9066,50.32550634420606
9067,99.52833345561201
9068,41.58393813430893
9069,23.217309690573586
9070,75.45769082737458
9071,14.195856643340177
9072,95.5144430058062
9073,77.33638686316908
9074,95.09650500745053
9075,61.0159856832072
9076,99.36103854664033
9077,57.18962854046528
9078,62.244130496548586
9079,14.976280211762717
9080,65.31498711330649
9081,85.77277323439701
9082,38.79571051615552
9083,68.7937178435394
9084,94.0247969639518
9085,58.24428747488528
9086,72.42906261010478
9087,4.053469917672392
9088,13.42213140799371
9089,88.68533867376375
9090,37.25122108135728
9091,48.05744805996503
9092,58.57673151046478
9093,24.03509181917024
9094,71.16284260402402
9095,86.20579395153601
9096,48.62055214810097
9097,71.46372977296468
9098,47.970030202827985
9099,73.66555234225699
9100,81.21594353021747
9101,43.47284089488345
9102,39.59502991704865
9103,55.61827528604702
9104,23.96378277477622
9105,0.6873367088064852
9106,66.61598462816313
9107,71.93479870721293
9108,48.39826426191659
9109,73.99425459584123
9110,27.043663361881755
9111,49.920828359869596
9112,21.370851818485313
9113,59.90728537867466
9114,87.58830423475939
9115,40.73265488008957
9116,45.301693217590035
9117,55.67005845829254
9118,87.82956452766466
9119,66.75755012397511
9120,23.46844826352824
9121,56.25232429720468
9122,45.664098789646026
9123,17.976007427138686
9124,0.8745001828932009
9125,90.52106170546132
9126,45.19199925099648
9127,67.51964362278794
9128,72.87969501991734
9129,4.972493445329096
9130,50.78345899193073
9131,78.04835584029254
9132,27.507365885350865
9133,72.48771911686347
9134,82.95603410860481
9135,62.862909064813664
9136,49.97882685017202
9137,40.87120490023183
9138,94.18730466370346
9139,48.302469169291484
9140,43.03306059578264
9141,29.02694766255638
9142,38.176708315927776
9143,78.55198043118563
9144,6.735742481226337
9145,91.34274312325465
9146,70.0052091664453
9147,81.56200932013903
9148,25.445563269969906
9149,92.8090564286628
9150,43.1952439512221
9151,14.348929248254173
9152,85.05920026181099
9153,96.6051524172728
9154,24.27326315805216
9155,42.76527210675085
9156,72.1661799495246
9157,73.54235746275965
9158,80.67792453540478
9159,10.651414057325548
9160,36.59001919578787
9161,31.774939799654522
9162,69.80952850029965
9163,63.992146193082576
9164,26.954967311418276
9165,22.642018412814068
9166,12.473688554816986
9167,60.46154641326793
9168,26.65122409848628
9169,2.136538312809133
9170,82.64125235986202
9171,96.66457832796975
9172,89.25975608028575
9173,10.398682524139069
9174,26.30752801527939
9175,49.65766829039042
9176,92.80623165901865
9177,99.95805693112068
9178,98.84329755937925
9179,18.174178778982697
9180,84.36082316596105
9181,24.32496805843559
9182,73.81538749065075
9183,56.26305637666037
9184,91.9965799291858
9185,95.89232429033838
9186,29.117836743262547
9187,15.296154329685752
9188,27.600675131910577
9189,65.39298999792278
9190,63.2048267074463
9191,85.05139179967625
9192,64.21072603867218
9193,66.3467954039006
9194,63.206399925798195
9195,2.5061277870424337
9196,73.09782570237489
9197,60.14905611099757
9198,56.44214717653573
9199,17.485768900416932
9200,97.99882611285923
9201,3.2724882496334318
9202,51.24163075707141
9203,59.50034324085382
9204,5.037627423588187
9205,6.339488403530257
9206,11.695003460613297
9207,21.865784449182247
9208,5.810700848663042
9209,1.8478426256774094
9210,2.134233852534173
9211,93.53371227207987
9212,80.44380172809223
9213,60.19591316664412
9214,12.979777986546736
9215,29.18759847287745
9216,93.07793026886588
9217,16.167100421301928
9218,74.35003054238842
9219,11.007166780544209
9220,50.01076476341404
9221,46.47437682949014
9222,60.92094960150589
9223,86.18551160275406
9224,2.0850177922525637
9225,32.33059443139508
9226,81.12658096409082
9227,87.76588752815344
9228,93.41370576482643
9229,23.372695485416518
9230,21.499939634686072
9231,63.74921823663564
9232,65.93937462319923
9233,88.29416277603741
9234,96.17199656276615
9235,83.72558205809368
9236,13.895337438764365
9237,77.09973796676853
9238,59.496821433382806
9239,47.550525944808484
9240,46.40356251114004
9241,37.08118431409959
9242,43.95752656098448
9243,48.575744136420994
9244,0.19847784860428375
9245,15.37809184617931
9246,8.333010390046347
9247,64.26224619624361
9248,28.112865145490673
9249,18.420125117163387
9250,91.64149461799593
9251,39.581877942342345
9252,64.42858231557862
9253,43.933508162982946
9254,95.0101926440317
9255,86.2056426717435
9256,88.30265678938828
9257,12.331707260181302
9258,35.48891788396573
9259,76.33494254316489
9260,89.12376155477565
9261,76.45027823365474
9262,59.24664815094195
9263,60.059612845311975
9264,73.31150074873733
9265,39.85744082435868
9266,17.493908106615642
9267,43.44628826820005
9268,28.46728833760742
9269,95.39058904606247
9270,94.33851676887068
9271,58.48281166907219
9272,34.277112979211246
9273,4.192104625030602
9274,22.78789400447575
9275,53.670263198279386
9276,61.01028274049071
9277,17.60907615379508
9278,33.562936251064976
9279,62.292584802302166
9280,10.515352803276057
9281,44.951358613504354
9282,40.58088927872178
9283,27.30084110936114
9284,95.14419522621758
9285,74.01429969260053
9286,85.78365599088824
9287,99.1037073157111
9288,0.01898846554055922
9289,90.09068158581421
9290,28.15938029279642
9291,42.05074151451568
9292,79.99514362776526
9293,4.419062406868523
9294,39.0899728504566
9295,60.69409367668648
9296,82.5965916142108
9297,31.18652917631359
9298,18.770751467240952
9299,93.4538838188023
9300,14.754317073734546
9301,25.257905791042578
9302,81.04795659337701
9303,63.40969814009453
9304,9.967009859986376
9305,90.308906702932
9306,42.175326888146515
9307,1.1894336349530632
9308,56.36476336529693
9309,22.540656459543918
9310,79.29794175483386
9311,44.119818441136694
9312,33.42923669079425
9313,46.95704811939111
9314,65.77530497571267
9315,22.682759299199173
9316,55.45522621670182
9317,95.95804736617256
9318,11.910293664089933
9319,64.25377248054612
9320,24.979870772477707
9321,82.2593615369086
9322,86.22976378190637
9323,61.37628964977986
9324,11.580824080230844
9325,98.26992965952684
9326,96.61984008654306
9327,72.58567542143464
9328,69.55281270001902
9329,92.35062545222517
9330,42.554803478590756
9331,53.09909779646848
9332,1.2992863805217247
9333,57.4840587469367
9334,56.350463246731586
9335,76.3462313813275
9336,27.643278934568706
9337,51.48195038627952
9338,77.40613095003464
9339,72.23459832494677
9340,4.00287782586306
9341,93.84061811976096
9342,81.13341457202505
9343,61.378441617194234
9344,73.68493191234565
9345,96.90631636089275
9346,14.948092853158368
9347,79.80203041141569
9348,77.82190529806758
9349,61.18313243712535
9350,90.22652240053519
9351,91.73739232651779
9352,64.10337669399408
9353,48.903956404692806
9354,91.32498949536519
9355,18.72421252127777
9356,36.08433602717058
9357,2.012352331915279
9358,37.144455362535176
9359,1.4017218100446427
9360,98.55736275530218
9361,98.47762567529688
9362,69.56824190829151
9363,26.996981492940463
9364,69.45701765508495
9365,43.23522786801068
9366,99.86772334367716
9367,12.676313992220523
9368,76.28044304450292
9369,71.65930131617947
9370,43.044593793085504
9371,46.286378966337
9372,76.487386010013
9373,85.43062460838338
9374,24.432998853504138
9375,12.43514082899997
9376,20.82236624496726
9377,26.331203484371933
9378,96.66724429115013
9379,24.63498535153802
9380,23.601721559045863
9381,13.387472704735481
9382,29.34820111157196
9383,2.243209251445899
9384,27.515756633230936
9385,22.011248543240548
9386,7.022392386727139
9387,61.456838238558895
9388,46.06376378470489
9389,14.594114846524953
9390,73.49683096204599
9391,47.91324281967436
9392,99.1790096917569
9393,4.39024357905261
9394,65.04974456332958
9395,25.016697701056778
9396,46.94043829201201
9397,65.5486156843053
9398,82.80903767430932
9399,15.291162650528278
9400,40.30904737619282
9401,51.533760956975115
9402,60.02927731483238
9403,79.93481755173181
9404,75.67986472734567
9405,81.58756533757753
9406,4.860834161039074
9407,25.739046992008795
9408,70.55577451086349
9409,56.558406105443595
9410,96.43661658628344
9411,8.20049901289005
9412,77.05353437700708
9413,85.65114347196715
9414,35.1221976475086
9415,45.83176318784387
9416,4.309928673652463
9417,86.45366876304548
9418,61.038627345619226
9419,78.62129815440166
9420,68.67723724061817
9421,87.04909808410105
9422,40.92752966646373
9423,35.81226903550496
9424,68.99220974396609
9425,98.85347161576857
9426,14.882510489803046
9427,33.36061660429747
9428,86.97260516563193
9429,29.610487800020145
9430,62.15507717907989
9431,63.67257965795503
9432,38.02163853249647
9433,18.690266735966777
9434,7.978188177261991
9435,22.818562514169074
9436,96.74271719501519
9437,68.02184390481435
9438,19.33941109164563
9439,56.76095305186247
9440,77.0999971496392
9441,95.76080953811032
9442,95.39883985794378
9443,88.97576807116168
9444,92.6215765918136
9445,20.87038070134731
9446,90.70465990421091
9447,20.91167285513841
9448,64.33392433678036
9449,66.49917417198174
9450,2.548717829999503
9451,65.49484655236975
9452,75.6783085571178
9453,74.4095318356824
9454,5.351302087525345
9455,50.463160221925484
9456,66.72662443695206
9457,17.166970977210926
9458,30.325629460796122
9459,12.331732300243193
9460,77.02799027155977
9461,73.38591835796984
9462,32.452828042441936
9463,67.38276777962949
9464,36.86607490634922
9465,91.00874234916101
9466,72.56439253523713
9467,84.98156475489384
9468,94.01417320400617
9469,9.448414141337203
9470,27.943140571577164
9471,43.858475983227244
9472,8.402895941031707
9473,95.37403136245167
9474,77.73112142244241
9475,82.08170657766563
9476,7.735242701424216
9477,11.970924799547511
9478,2.407699014187825
9479,0.88330646158572
9480,10.760864725940266
9481,26.610350987454645
9482,31.11279647619719
9483,10.31416216274642
9484,93.10421469021841
9485,28.920984142455776
9486,95.47957618749965
9487,2.067131327841154
9488,37.13811067468509
9489,67.53256654564076
9490,61.18132401021552
9491,66.60816670975692
9492,84.76287403223846
9493,3.0779055872516614
9494,7.722704726532347
9495,49.94164419198298
9496,66.35579438779754
9497,82.26656450474432
9498,94.1432054506074
9499,59.75759961791586
9500,85.33365973399438
9501,13.912172874193175
9502,81.87089699785332
9503,36.51205291131657
9504,99.51465287695743
9505,87.4205705490042
9506,2.009739341864014
9507,18.13503388390958
9508,24.64947376988843
9509,29.742015287070657
9510,74.20203666308014
9511,70.44873216259441
9512,11.35850981214267
9513,75.2007803971269
9514,13.184639830781208
9515,49.15629869413329
9516,74.92197307203459
9517,43.25671892000423
9518,41.39660745895482
9519,11.11032652270011
9520,65.35280659250617
9521,7.4848727130172765
9522,57.86505022310355
9523,13.37762166560803
9524,43.16033372589929
9525,40.50280594456945
9526,8.66330432009217
9527,53.06689471498506
9528,57.57782533674446
9529,86.5916407459681
9530,98.24753215492397
9531,14.508888552063137
9532,32.20062024462612
9533,61.87599488284504
9534,24.579657093144704
9535,85.5222262764254
9536,70.41694573508133
9537,42.809697174572925
9538,47.06396686348982
9539,0.6680186620349304
9540,62.1352472855814
9541,0.45901024015303493
9542,5.539564393393793
9543,19.409008345922008
9544,33.46756891740368
9545,50.95933547648086
9546,83.11662804465956
9547,99.76798269686203
9548,74.88390943081792
9549,3.908200350673996
9550,77.18951095303797
9551,56.48750359161166
9552,39.015229856616514
9553,79.14103763457408
9554,28.572907882615162
9555,36.46967417355338
9556,7.616012472738332
9557,57.97222482059572
9558,9.057705793838455
9559,27.937769233240783
9560,77.27019933248552
9561,70.91810206729241
9562,99.13444996130941
9563,40.127282047957976
9564,70.14940106421457
9565,87.7711347046227
9566,66.42859210973506
9567,91.15150052256669
9568,16.23706360603977
9569,90.52119387780309
9570,6.192160291787385
9571,89.10767464695994
9572,97.52621315046277
9573,3.7699260784916366
9574,69.05148648573598
9575,75.94637673632735
9576,0.47345614517601
9577,35.461937447106685
9578,33.49131882654248
9579,3.239529632207505
9580,70.93616510715295
9581,83.09120288172596
9582,82.348585075014
9583,82.06306719906631
9584,4.49081120641992
9585,38.849468252329835
9586,79.68929462137334
9587,34.68606009747358
9588,36.29585006875373
9589,20.92467423581098
9590,5.796958493177085
9591,21.11130428003247
9592,19.450235468781173
9593,36.10208847348445
9594,10.943041089962014
9595,75.57122058484127
9596,29.835691993424952
9597,88.5871532844023
9598,20.609942043617636
9599,41.534504019704585
9600,85.35996589954595
9601,33.2398705058902
9602,28.410149463541735
9603,49.9561721433059
9604,80.51508304987415
9605,23.511706539781628
9606,52.727552733014264
9607,56.987085432907215
9608,90.50894213904684
9609,53.2618813329042
9610,79.99382221165432
9611,84.74839066493826
9612,37.80634640180261
9613,89.1273924752016
9614,90.43153836832228
9615,88.95731480980923
9616,79.87497708590203
9617,82.14591373098845
9618,15.111604339946316
9619,90.57948655416219
9620,14.18955763021119
9621,95.54020642387887
9622,15.426940779764509
9623,21.754056824070634
9624,20.69251067343688
9625,16.55534882713291
9626,53.92456768050344
9627,27.661788087130155
9628,61.975537054891504
9629,53.336421690051175
9630,95.02520940084705
9631,3.956238673429402
9632,91.83386893483613
9633,95.5360772750891
9634,37.077186577230734
9635,90.00688850332497
9636,62.69877929110129
9637,20.0054917085709
9638,83.0572967077658
9639,64.97869652432642
9640,5.556775120127943
9641,24.584691080822196
9642,23.757755786681955
9643,91.48045427629857
9644,54.46441416650087
9645,94.61604670442311
9646,78.32795759305607
9647,80.69971595348376
9648,89.01289464469535
9649,41.04500166695285
9650,65.09032264146106
9651,77.50758739299555
9652,1.6068890389507207
9653,46.57943196169049
9654,35.444767039729506
9655,74.70743782753293
9656,73.2232078824421
9657,75.3516049919938
9658,27.652888580153178
9659,36.68846789721688
9660,10.451551677614667
9661,5.191469100542401
9662,49.56112912131889
9663,71.53032025831192
9664,54.83319870763626
9665,97.27306693419592
9666,86.67559416919232
9667,47.979999335062075
9668,25.783208162089633
9669,8.882460428431681
9670,18.39614602220734
9671,84.54745199281275
9672,31.751581261747365
9673,88.50692580577069
9674,1.5307888797986058
9675,81.75322926924679
9676,20.31608868159517
9677,0.1790429605926236
9678,28.69320415007065
9679,69.29553845094661
9680,67.75951989557743
9681,22.91359777247376
9682,68.67732308340038
9683,76.79095791481839
9684,74.85233448482627
9685,0.9136625929315523
9686,57.30984601095025
9687,1.3596514476638566
9688,34.29473856175552
9689,47.813513706954645
9690,96.61803675112108
9691,40.75822568519071
9692,82.45753496735894
9693,38.27679036767243
9694,21.65283577336271
9695,40.696886286122314
9696,19.098849509688065
9697,13.720416338726004
9698,47.34615793295103
9699,27.4855816954404
9700,65.40095495217203
9701,5.033873542866973
9702,68.6076590776224
9703,81.21376786293328
9704,77.96154092526642
9705,23.641075868190963
9706,42.09488410742637
9707,86.80386873853558
9708,74.91009704358655
9709,65.74918848739746
9710,53.18584064117209
9711,48.553357388668815
9712,88.8675042888009
9713,3.034159137560344
9714,98.09678346470349
9715,46.19171832692671
9716,73.52579125877071
9717,69.13161469172162
9718,16.03444152034409
9719,38.42764831206704
9720,65.74252565226865
9721,95.64234340373969
9722,62.583862958550704
9723,68.81615859076466
9724,86.21505717961918
9725,99.31761361000251
9726,11.805972241954688
9727,90.03555458582156
9728,9.784676504096435
9729,48.3254716873448
9730,0.08939851580873626
9731,51.80931068592999
9732,37.00313595968679
9733,86.95524135158047
9734,25.558820117074042
9735,81.05740603750456
9736,86.28789922547159
9737,49.32557097486181
9738,51.4277272702388
9739,31.59032423455087
9740,39.959795956066976
9741,30.78250526629529
9742,98.78788807816886
9743,36.46885565253377
9744,61.261942373787114
9745,52.66764400070601
9746,98.84989891911712
9747,62.515650633359
9748,83.34511010187549
9749,34.82367562439131
9750,96.34765650342561
9751,1.2573627357196693
9752,80.88829232830626
9753,19.638501440519807
9754,71.65833294014377
9755,80.1551703004993
9756,36.84910503750521
9757,62.16639366473139
9758,62.03587289256083
9759,96.3204655846738
9760,94.44291860216981
9761,66.18816851128327
9762,5.654573277524621
9763,93.07618841999806
9764,1.4324359155146626
9765,47.777314221267844
9766,53.9178780174535
9767,14.907085443424496
9768,8.085641555393074
9769,44.678636981278544
9770,98.57521455121223
9771,41.63562956185112
9772,34.457863354693984
9773,54.51520949769684
9774,28.457182317959106
9775,53.88747670327789
9776,21.77938850267016
9777,35.881389636612205
9778,35.913370010701016
9779,17.29874239246999
9780,17.74485006301201
9781,94.26710265634307
9782,15.090370668920428
9783,26.313911497673857
9784,66.84378273256696
9785,46.01986096059972
9786,48.293277404936376
9787,4.232760603765595
9788,58.58118255567161
9789,29.793647138942305
9790,33.25130110203216
9791,89.79114338625061
9792,1.3531059882962437
9793,23.70248897003838
9794,67.39273182369823
9795,93.2838231489203
9796,25.725775378656834
9797,89.30820062240738
9798,56.08479859817253
9799,34.90088037983596
9800,70.27885854663836
9801,92.50334632089547
9802,25.036612627607024
9803,85.84459033146065
9804,18.9013497248691
9805,4.492164045006453
9806,46.94043123567903
9807,83.44804248845344
9808,9.457314614718616
9809,92.52595053829229
9810,16.727653922564166
9811,64.4256290235147
9812,12.332204561753734
9813,66.00549441937058
9814,37.413842497646165
9815,28.79847972224079
9816,69.09348062945983
9817,91.62491791239285
9818,65.20460812337173
9819,5.146990944680696
9820,3.9066753622540418
9821,6.91837990536227
9822,84.14002552600792
9823,49.751655552778665
9824,88.33062741808212
9825,50.94859327505466
9826,90.84988631627357
9827,96.12922688034162
9828,51.893654206158224
9829,77.93854295373588
9830,59.83888708519211
9831,43.26156103734679
9832,94.54126399323346
9833,39.01157127996279
9834,80.81252516170242
9835,59.06605422010589
9836,6.503516237515338
9837,7.579695656467244
9838,4.246958309831738
9839,32.9917111570573
9840,3.818327782577413
9841,92.11120092286825
9842,52.241710728922484
9843,57.62876496873602
9844,85.27785666431984
9845,76.37205541546615
9846,69.49356739525962
9847,11.27948470274317
9848,53.19739836245533
9849,26.600984448826694
9850,91.1403762267154
9851,32.18022179381044
9852,27.264173387036926
9853,44.34683461109306
9854,57.97676243963623
9855,98.46994047315562
9856,77.35764338096992
9857,19.997795380862303
9858,81.72703569463879
9859,96.04109686337695
9860,52.12981458167118
9861,23.359802672585584
9862,49.614933039310735
9863,76.93140086107022
9864,70.35908796783778
9865,96.42207878263484
9866,6.0908947489628495
9867,45.47079924089555
9868,21.961740847111745
9869,9.291789518077431
9870,44.37924294668536
9871,89.0115649398396
9872,58.507754625881724
9873,34.643901356945904
9874,86.20279402749095
9875,41.35227469591175
9876,90.08397104775364
9877,54.255969299841475
9878,91.38821969813864
9879,99.30564820902694
9880,14.334724857085368
9881,62.44947799490907
9882,74.91111497005808
9883,55.91778494907311
9884,70.72443776153217
9885,39.60412518054248
9886,24.85545736020247
9887,72.79460183465825
9888,16.93110878576267
9889,50.56065413329328
9890,85.62148927105197
9891,89.89824421513121
9892,2.502604529852681
9893,53.83658600382013
9894,74.30691818403386
9895,27.688533767510993
9896,18.87724810173097
9897,22.129447801992598
9898,79.62002717422355
9899,64.12641261752023
9900,80.10855729570982
9901,8.417623078221325
9902,99.02052674185168
9903,69.9911875383473
9904,14.280466542113345
9905,73.00269534383823
9906,41.10039510902346
9907,30.882236028260802
9908,36.45954221138593
9909,46.5563655040257
9910,10.135881051208628
9911,98.67665058549112
9912,1.2306036601886339
9913,28.6828263081766
9914,11.516716372476266
9915,88.57525466869414
9916,15.129631514112052
9917,59.25221532456631
9918,36.95991422154714
9919,61.08776699207192
9920,35.66335450767316
9921,19.91577290462172
9922,48.19293060281481
9923,16.37613722857354
9924,96.33315269027875
9925,51.77045428210724
9926,66.338415200017
9927,57.19003251158574
9928,51.72525741559957
9929,12.711511344427862
9930,54.10334222182412
9931,30.58946153467632
9932,57.629406797787716
9933,33.96022551202434
9934,17.774956575595457
9935,23.686949820118475
9936,58.14873895579999
9937,8.66214216090192
9938,60.43060916162577
9939,48.38419595912
9940,55.08699559955185
9941,51.40348292918468
9942,64.18627636063125
9943,15.929903347521645
9944,57.10565001217249
9945,43.36698378500493
9946,33.538084574451275
9947,10.062191122435705
9948,81.04318515710118
9949,91.43678580069889
9950,16.212239878892632
9951,61.72696217125607
9952,54.094213746985695
9953,5.634484999951772
9954,90.61338391493307
9955,83.343338316104
9956,94.05365912212613
9957,67.04567848978533
9958,91.04875456761575
9959,90.44648291538383
9960,69.06657096188137
9961,39.473901603184615
9962,12.61302123985326
9963,12.877711400759894
9964,58.35451764833495
9965,41.92656379805292
9966,71.03930908742254
9967,90.73208031451168
9968,76.22075644934276
9969,98.86647993265808
9970,13.88960397585085
9971,23.58034231084546
9972,19.13302697389262
9973,76.66839935798166
9974,90.83154231244278
9975,2.491904702692027
9976,85.87158978323735
9977,90.68846845166946
9978,96.0100451624069
9979,44.8955712960009
9980,0.448447994052914
9981,28.527134435181967
9982,74.4080161967986
9983,33.13789917086376
9984,91.89012187803579
9985,15.30447607333949
9986,76.50512899713674
9987,28.053862369286808
9988,28.87541305214887
9989,62.32787434504971
9990,68.44223754303734
9991,37.70528395759231
9992,41.2107985651318
9993,12.197546557116024
9994,93.28415672726659
9995,72.41872313913761
9996,55.99295722508489
9997,67.63650015768978
9998,19.401635889016656
9999,22.4693570909414
10000,57.26860560683961
