,0
0,1.1659464315022823e+36
1,1.1715426882219124e+36
2,1.1771653604686729e+36
3,1.1828145707201586e+36
4,1.1884904420110381e+36
5,1.1941930979355426e+36
6,1.1999226626496586e+36
7,1.2056792608746984e+36
8,1.2114630178982795e+36
9,1.217274059577805e+36
10,1.2231125123428523e+36
11,1.2289785031976079e+36
12,1.2348721597235027e+36
13,1.2407936100817688e+36
14,1.2467429830160101e+36
15,1.25272040785476e+36
16,1.2587260145138834e+36
17,1.2647599335002057e+36
18,1.2708222959125806e+36
19,1.2769132334455562e+36
20,1.2830328783917489e+36
21,1.2891813636445838e+36
22,1.2953588227008533e+36
23,1.3015653896634814e+36
24,1.3078011992441799e+36
25,1.3140663867661903e+36
26,1.3203610881666637e+36
27,1.3266854400006085e+36
28,1.333039579441809e+36
29,1.3394236442868687e+36
30,1.345837772957536e+36
31,1.3522821045035887e+36
32,1.358756778605598e+36
33,1.3652619355776947e+36
34,1.371797716370431e+36
35,1.3783642625736006e+36
36,1.3849617164187242e+36
37,1.3915902207831966e+36
38,1.3982499191912417e+36
39,1.4049409558180764e+36
40,1.4116634754924453e+36
41,1.418417623699552e+36
42,1.425203546583939e+36
43,1.4320213909524814e+36
44,1.438871304277241e+36
45,1.4457534346984382e+36
46,1.452667931027171e+36
47,1.4596149427496064e+36
48,1.4665946200279987e+36
49,1.4736071137051104e+36
50,1.480652575306777e+36
51,1.487731157045035e+36
52,1.4948430118210666e+36
53,1.5019882932283747e+36
54,1.5091671555557567e+36
55,1.5163797537903698e+36
56,1.5236262436206178e+36
57,1.5309067814404628e+36
58,1.5382215243506168e+36
59,1.5455706301629954e+36
60,1.5529542574035042e+36
61,1.5603725653152937e+36
62,1.567825713861771e+36
63,1.5753138637299827e+36
64,1.5828371763336825e+36
65,1.5903958138166003e+36
66,1.597989939055313e+36
67,1.60561971566392e+36
68,1.6132853079951316e+36
69,1.6209868811450338e+36
70,1.6287246009559493e+36
71,1.636498634019822e+36
72,1.644309147681407e+36
73,1.652156310041758e+36
74,1.660040289961449e+36
75,1.6679612570639893e+36
76,1.6759193817388264e+36
77,1.6839148351461822e+36
78,1.6919477892182934e+36
79,1.7000184166642844e+36
80,1.7081268909731636e+36
81,1.7162733864174074e+36
82,1.72445807805629e+36
83,1.7326811417394536e+36
84,1.7409427541103492e+36
85,1.7492430926097818e+36
86,1.7575823354789967e+36
87,1.7659606617648175e+36
88,1.7743782513208607e+36
89,1.7828352848126392e+36
90,1.791331943720746e+36
91,1.7998684103445248e+36
92,1.8084448678056148e+36
93,1.8170615000515782e+36
94,1.8257184918596064e+36
95,1.83441602884015e+36
96,1.8431542974401582e+36
97,1.8519334849484555e+36
98,1.860753779496986e+36
99,1.8696153700661695e+36
100,1.878518446488192e+36
101,1.8874631994508683e+36
102,1.8964498205013145e+36
103,1.9054785020497823e+36
104,1.914549437373473e+36
105,1.9236628206203443e+36
106,1.9328188468125092e+36
107,1.9420177118518307e+36
108,1.9512596125212624e+36
109,1.9605447464903394e+36
110,1.9698733123187507e+36
111,1.979245509460256e+36
112,1.988661538266547e+36
113,1.9981215999913472e+36
114,2.0076258967942135e+36
115,2.0171746317446623e+36
116,2.0267680088256782e+36
117,2.036406232939536e+36
118,2.0460895099091618e+36
119,2.0558180464839307e+36
120,2.0655920503434045e+36
121,2.0754117301013282e+36
122,2.0852772953098317e+36
123,2.095188956463426e+36
124,2.1051469250033168e+36
125,2.1151514133214694e+36
126,2.1252026347647776e+36
127,2.1353008036388658e+36
128,2.145446135214147e+36
129,2.1556388457272655e+36
130,2.1658791523871715e+36
131,2.1761672733790436e+36
132,2.1865034278684084e+36
133,2.1968878360056485e+36
134,2.2073207189302276e+36
135,2.2178022987749222e+36
136,2.228332798670552e+36
137,2.238912442749392e+36
138,2.2495414561519554e+36
139,2.2602200650282524e+36
140,2.270948496544223e+36
141,2.2817269788857485e+36
142,2.2925557412631652e+36
143,2.3034350139156458e+36
144,2.3143650281158534e+36
145,2.3253460161743752e+36
146,2.3363782114443412e+36
147,2.3474618483254287e+36
148,2.358597162270684e+36
149,2.369784389787796e+36
150,2.3810237684459647e+36
151,2.3923155368800213e+36
152,2.4036599347950437e+36
153,2.415057202971212e+36
154,2.4265075832682354e+36
155,2.4380113186304014e+36
156,2.4495686530911493e+36
157,2.4611798317773286e+36
158,2.4728451009162727e+36
159,2.4845647078371685e+36
160,2.4963389009782817e+36
161,2.5081679298911047e+36
162,2.5200520452453406e+36
163,2.531991498833775e+36
164,2.5439865435771952e+36
165,2.5560374335292775e+36
166,2.5681444238816578e+36
167,2.5803077709683427e+36
168,2.5925277322728478e+36
169,2.604804566430033e+36
170,2.61713853323326e+36
171,2.629529893638873e+36
172,2.6419789097714742e+36
173,2.654485844928959e+36
174,2.6670509635874814e+36
175,2.67967453140693e+36
176,2.692356815235805e+36
177,2.705098083116019e+36
178,2.717898604290537e+36
179,2.73075864920481e+36
180,2.7436784895146554e+36
181,2.756658398090923e+36
182,2.7696986490246845e+36
183,2.782799517632715e+36
184,2.7959612804628155e+36
185,2.8091842152991087e+36
186,2.822468601167616e+36
187,2.835814718340906e+36
188,2.8492228483460445e+36
189,2.8626932739665044e+36
190,2.876226279249991e+36
191,2.889822149513392e+36
192,2.9034811713483965e+36
193,2.9172036326268854e+36
194,2.930989822506709e+36
195,2.944840031437187e+36
196,2.9587545511649073e+36
197,2.972733674738571e+36
198,2.9867776965172925e+36
199,3.000886912172589e+36
200,3.015061618696505e+36
201,3.029302114406902e+36
202,3.0436086989530925e+36
203,3.057981673321818e+36
204,3.0724213398429397e+36
205,3.086928002195394e+36
206,3.1015019654129416e+36
207,3.116143535889713e+36
208,3.1308530213884904e+36
209,3.145630731042849e+36
210,3.1604769753657435e+36
211,3.175392066254849e+36
212,3.1903763169987256e+36
213,3.2054300422826824e+36
214,3.2205535581950694e+36
215,3.2357471822332596e+36
216,3.251011233309813e+36
217,3.2663460317579643e+36
218,3.281751899340703e+36
219,3.297229159252647e+36
220,3.312778136129204e+36
221,3.3283991560520425e+36
222,3.3440925465554614e+36
223,3.359858636632775e+36
224,3.3756977567426016e+36
225,3.391610238815174e+36
226,3.407596416258863e+36
227,3.423656623965905e+36
228,3.439791198321655e+36
229,3.456000477206827e+36
230,3.472284800006859e+36
231,3.488644507617712e+36
232,3.5050799424525685e+36
233,3.5215914484482433e+36
234,3.538179371072078e+36
235,3.554844057328272e+36
236,3.5715858557648685e+36
237,3.5884051164794566e+36
238,3.605302191129381e+36
239,3.6222774329332423e+36
240,3.639331196681402e+36
241,3.656463838741844e+36
242,3.6736757170668664e+36
243,3.690967191200186e+36
244,3.708338622283737e+36
245,3.725790373064647e+36
246,3.7433228079022554e+36
247,3.760936292775042e+36
248,3.778631195286898e+36
249,3.796407884677431e+36
250,3.814266731824381e+36
251,3.832208109253427e+36
252,3.8502323911452297e+36
253,3.868339953342218e+36
254,3.886531173355812e+36
255,3.904806430373843e+36
256,3.923166105267696e+36
257,3.9416105805987575e+36
258,3.960140240629286e+36
259,3.9787554713245654e+36
260,3.9974566603638505e+36
261,4.016244197146614e+36
262,4.0351184728004825e+36
263,4.054079880188284e+36
264,4.073128813915991e+36
265,4.092265670340001e+36
266,4.1114908475747083e+36
267,4.1308047455003866e+36
268,4.150207765769598e+36
269,4.169700311818873e+36
270,4.189282788870702e+36
271,4.2089556039450596e+36
272,4.228719165866191e+36
273,4.248573885270644e+36
274,4.2685201746147525e+36
275,4.288558448182845e+36
276,4.308689122095084e+36
277,4.328912614315369e+36
278,4.349229344658401e+36
279,4.369639734801533e+36
280,4.3901442082869515e+36
281,4.41074319053388e+36
282,4.431437108845476e+36
283,4.452226392417155e+36
284,4.473111472344594e+36
285,4.4940927816322293e+36
286,4.5151707552012366e+36
287,4.5363458298980514e+36
288,4.557618444501542e+36
289,4.57898903973552e+36
290,4.600458058270996e+36
291,4.622025944738629e+36
292,4.643693145736359e+36
293,4.665460109837761e+36
294,4.687327287600578e+36
295,4.7092951315754836e+36
296,4.7313640963144725e+36
297,4.753534638379562e+36
298,4.775807216350617e+36
299,4.798182290838066e+36
300,4.820660324485437e+36
301,4.843241781982401e+36
302,4.8659271300723696e+36
303,4.88871683756174e+36
304,4.911611375328372e+36
305,4.934611216330836e+36
306,4.9577168356173115e+36
307,4.98092871033462e+36
308,5.0042473197360235e+36
309,5.027673145195105e+36
310,5.051206670207889e+36
311,5.074848380406699e+36
312,5.098598763568193e+36
313,5.122458309622503e+36
314,5.146427510662693e+36
315,5.170506860954136e+36
316,5.1946968569435397e+36
317,5.218997997268714e+36
318,5.243410782766867e+36
319,5.2679357164883613e+36
320,5.292573303699834e+36
321,5.317324051897746e+36
322,5.342188470817632e+36
323,5.367167072442844e+36
324,5.392260371015087e+36
325,5.417468883043621e+36
326,5.442793127315115e+36
327,5.46823362490375e+36
328,5.493790899179546e+36
329,5.51946547582301e+36
330,5.54525788282834e+36
331,5.571168650517763e+36
332,5.59719831155047e+36
333,5.623347400932778e+36
334,5.649616456028055e+36
335,5.676006016567227e+36
336,5.702516624658355e+36
337,5.729148824797659e+36
338,5.755903163877707e+36
339,5.782780191203576e+36
340,5.809780458495027e+36
341,5.836904519902145e+36
342,5.864152932014764e+36
343,5.891526253872622e+36
344,5.919025046976268e+36
345,5.946649875297121e+36
346,5.974401305288526e+36
347,6.002279905896507e+36
348,6.030286248569955e+36
349,6.058420907270606e+36
350,6.086684458489007e+36
351,6.115077481247027e+36
352,6.143600557114668e+36
353,6.172254270219205e+36
354,6.201039207256663e+36
355,6.229955957501996e+36
356,6.259005112821363e+36
357,6.288187267682149e+36
358,6.317503019163221e+36
359,6.346952966972144e+36
360,6.376537713447095e+36
361,6.406257863574748e+36
362,6.436114024999643e+36
363,6.466106808035626e+36
364,6.496236825677668e+36
365,6.526504693612991e+36
366,6.556911030232953e+36
367,6.587456456644306e+36
368,6.618141596681005e+36
369,6.648967076914577e+36
370,6.679933526671394e+36
371,6.71104157803641e+36
372,6.742291865869541e+36
373,6.773685027817694e+36
374,6.805221704325356e+36
375,6.836902538647407e+36
376,6.868728176861021e+36
377,6.900699267877376e+36
378,6.932816463452726e+36
379,6.965080418206647e+36
380,6.997491789624677e+36
381,7.030051238077493e+36
382,7.062759426830927e+36
383,7.095617022059078e+36
384,7.128624692856003e+36
385,7.161783111249171e+36
386,7.19509295221111e+36
387,7.228554893672635e+36
388,7.26216961653515e+36
389,7.295937804681841e+36
390,7.329860144997432e+36
391,7.363937327370163e+36
392,7.398170044712168e+36
393,7.432558992970487e+36
394,7.467104871139735e+36
395,7.501808381275814e+36
396,7.53667022850821e+36
397,7.571691121053497e+36
398,7.606871770227208e+36
399,7.64221289046314e+36
400,7.677715199317289e+36
401,7.71337941748714e+36
402,7.749206268824343e+36
403,7.785196480347393e+36
404,7.821350782255256e+36
405,7.857669907941923e+36
406,7.894154594008394e+36
407,7.930805580278171e+36
408,7.967623609809398e+36
409,8.004609428908071e+36
410,8.04176378714866e+36
411,8.079087437377026e+36
412,8.116581135732177e+36
413,8.154245641658039e+36
414,8.19208171791749e+36
415,8.230090130607188e+36
416,8.268271649170999e+36
417,8.306627046414869e+36
418,8.345157098520814e+36
419,8.383862585059887e+36
420,8.422744289013455e+36
421,8.461802996776859e+36
422,8.501039498182109e+36
423,8.540454586509249e+36
424,8.580049058502485e+36
425,8.619823714384013e+36
426,8.659779357869168e+36
427,8.699916796181464e+36
428,8.740236840067334e+36
429,8.780740303809341e+36
430,8.821428005248748e+36
431,8.862300765789588e+36
432,8.90335941042095e+36
433,8.944604767730559e+36
434,8.98603766992049e+36
435,9.027658952821732e+36
436,9.069469455910818e+36
437,9.111470022324141e+36
438,9.153661498874094e+36
439,9.196044736063141e+36
440,9.238620588106311e+36
441,9.281389912936753e+36
442,9.324353572227782e+36
443,9.367512431407744e+36
444,9.410867359676267e+36
445,9.454419230019324e+36
446,9.498168919226256e+36
447,9.542117307905363e+36
448,9.586265280500742e+36
449,9.630613725305687e+36
450,9.675163534487953e+36
451,9.719915604094152e+36
452,9.764870834073202e+36
453,9.810030128292476e+36
454,9.855394394553082e+36
455,9.900964544607367e+36
456,9.946741494175759e+36
457,9.992726162962836e+36
458,1.0038919474675484e+37
459,1.0085322357036326e+37
460,1.0131935741810489e+37
461,1.017876056480972e+37
462,1.0225797765917355e+37
463,1.0273048289104633e+37
464,1.0320513082446877e+37
465,1.0368193098142317e+37
466,1.0416089292527852e+37
467,1.0464202626098021e+37
468,1.0512534063522358e+37
469,1.0561084573662331e+37
470,1.0609855129588104e+37
471,1.0658846708604563e+37
472,1.070806029225555e+37
473,1.0757496866351836e+37
474,1.080715742098589e+37
475,1.0857042950551176e+37
476,1.0907154453759026e+37
477,1.095749293365813e+37
478,1.100805939765249e+37
479,1.1058854857516917e+37
480,1.1109880329426803e+37
481,1.1161136833960031e+37
482,1.1212625396127225e+37
483,1.1264347045387006e+37
484,1.1316302815665307e+37
485,1.1368493745374398e+37
486,1.1420920877431147e+37
487,1.1473585259277436e+37
488,1.1526487942897612e+37
489,1.157962998483919e+37
490,1.1633012446228896e+37
491,1.168663639280247e+37
492,1.1740502894908698e+37
493,1.1794613027539293e+37
494,1.184896787034598e+37
495,1.1903568507660201e+37
496,1.1958416028512523e+37
497,1.2013511526653621e+37
498,1.2068856100572746e+37
499,1.2124450853516516e+37
500,1.2180296893518543e+37
501,1.2236395333404103e+37
502,1.229274729082187e+37
503,1.234935388825997e+37
504,1.2406216253068256e+37
505,1.246333551747741e+37
506,1.2520712818619796e+37
507,1.2578349298551537e+37
508,1.263624610427144e+37
509,1.2694404387743114e+37
510,1.2752825305912303e+37
511,1.281151002074056e+37
512,1.2870459699207643e+37
513,1.2929675513344965e+37
514,1.298915864025484e+37
515,1.3048910262130198e+37
516,1.3108931566278057e+37
517,1.3169223745138886e+37
518,1.3229787996310104e+37
519,1.3290625522564254e+37
520,1.3351737531882137e+37
521,1.3413125237458268e+37
522,1.3474789857733438e+37
523,1.35367326164142e+37
524,1.359895474249576e+37
525,1.3661457470283754e+37
526,1.3724242039416578e+37
527,1.3787309694887597e+37
528,1.385066168706936e+37
529,1.3914299271733232e+37
530,1.3978223710072136e+37
531,1.4042436268734243e+37
532,1.4106938219827242e+37
533,1.41717308409547e+37
534,1.4236815415235012e+37
535,1.430219323132525e+37
536,1.4367865583444663e+37
537,1.4433833771397543e+37
538,1.450009910059735e+37
539,1.4566662882086497e+37
540,1.4633526432573135e+37
541,1.4700691074436262e+37
542,1.4768158135761303e+37
543,1.4835928950362416e+37
544,1.4904004857804784e+37
545,1.4972387203430748e+37
546,1.504107733838254e+37
547,1.5110076619627388e+37
548,1.517938640998221e+37
549,1.5249008078137452e+37
550,1.531894299867963e+37
551,1.5389192552128147e+37
552,1.5459758124940564e+37
553,1.553064110955267e+37
554,1.5601842904397002e+37
555,1.5673364913931113e+37
556,1.5745208548660561e+37
557,1.581737522516663e+37
558,1.5889866366129666e+37
559,1.5962683400355562e+37
560,1.6035827762798556e+37
561,1.61093008946006e+37
562,1.6183104243096005e+37
563,1.6257239261851927e+37
564,1.6331707410690448e+37
565,1.6406510155715774e+37
566,1.648164896933973e+37
567,1.6557125330308786e+37
568,1.6632940723730435e+37
569,1.6709096641099444e+37
570,1.678559458032214e+37
571,1.686243604575636e+37
572,1.693962254821869e+37
573,1.7017155605023453e+37
574,1.7095036740009213e+37
575,1.7173267483563423e+37
576,1.7251849372651625e+37
577,1.7330783950845336e+37
578,1.7410072768347705e+37
579,1.7489717382023702e+37
580,1.756971935542224e+37
581,1.7650080258820552e+37
582,1.7730801669229749e+37
583,1.7811885170436851e+37
584,1.7893332353031313e+37
585,1.7975144814431695e+37
586,1.8057324158915115e+37
587,1.8139871997646833e+37
588,1.8222789948706784e+37
589,1.8306079637121241e+37
590,1.8389742694889312e+37
591,1.8473780761010806e+37
592,1.8558195481528865e+37
593,1.8642988509537148e+37
594,1.872816150522534e+37
595,1.8813716135903223e+37
596,1.88996540760332e+37
597,1.8985977007257097e+37
598,1.9072686618428493e+37
599,1.915978460564236e+37
600,1.9247272672259923e+37
601,1.9335152528958102e+37
602,1.9423425893732304e+37
603,1.9512094491946427e+37
604,1.9601160056356842e+37
605,1.9690624327144851e+37
606,1.9780489051948961e+37
607,1.9870755985891977e+37
608,1.9961426891617266e+37
609,2.0052503539316028e+37
610,2.014398770676111e+37
611,2.023588117933417e+37
612,2.032818575007335e+37
613,2.042090321968173e+37
614,2.0514035396573696e+37
615,2.0607584096904684e+37
616,2.0701551144603702e+37
617,2.0795938371404495e+37
618,2.0890747616879125e+37
619,2.098598072847003e+37
620,2.1081639561519096e+37
621,2.1177725979317927e+37
622,2.1274241853113925e+37
623,2.137118906216246e+37
624,2.1468569493754055e+37
625,2.1566385043250476e+37
626,2.1664637614115635e+37
627,2.176332911795053e+37
628,2.1862461474527074e+37
629,2.1962036611824067e+37
630,2.2062056466057597e+37
631,2.2162522981712657e+37
632,2.226343811159795e+37
633,2.236480381684892e+37
634,2.246662206698504e+37
635,2.2568894839936835e+37
636,2.267162412208264e+37
637,2.2774811908283145e+37
638,2.287846020191584e+37
639,2.298257101491436e+37
640,2.3087146367793345e+37
641,2.3192188289708776e+37
642,2.3297698818460797e+37
643,2.3403680000553325e+37
644,2.351013389122067e+37
645,2.3617062554467413e+37
646,2.3724468063103694e+37
647,2.383235249878081e+37
648,2.3940717952031143e+37
649,2.404956652230121e+37
650,2.415890031799054e+37
651,2.426872145648407e+37
652,2.4379032064209186e+37
653,2.448983427664481e+37
654,2.4601130238375457e+37
655,2.471292210312708e+37
656,2.4825212033803885e+37
657,2.4938002202526445e+37
658,2.505129479067181e+37
659,2.516509198890886e+37
660,2.527939599723356e+37
661,2.539420902502842e+37
662,2.5509533291069238e+37
663,2.56253710235875e+37
664,2.574172446030047e+37
665,2.585859584845435e+37
666,2.5975987444860666e+37
667,2.6093901515937684e+37
668,2.6212340337751997e+37
669,2.633130619605445e+37
670,2.6450801386322788e+37
671,2.6570828213796337e+37
672,2.669138899353838e+37
673,2.681248605044514e+37
674,2.693412171930521e+37
675,2.705629834483727e+37
676,2.7179018281731393e+37
677,2.730228389469146e+37
678,2.7426097558473364e+37
679,2.755046165792885e+37
680,2.7675378588041593e+37
681,2.780085075399173e+37
682,2.7926880571164773e+37
683,2.8053470465213903e+37
684,2.818062287210009e+37
685,2.830834023813211e+37
686,2.843662502001145e+37
687,2.8565479684875055e+37
688,2.869490671033713e+37
689,2.8824908584533144e+37
690,2.8955487806164184e+37
691,2.908664688453887e+37
692,2.921838833961411e+37
693,2.93507147020614e+37
694,2.948362851327359e+37
695,2.9617132325435994e+37
696,2.9751228701562515e+37
697,2.988592021554449e+37
698,3.002120945219098e+37
699,3.0157099007276074e+37
700,3.029359148757701e+37
701,3.0430689510946876e+37
702,3.0568395706321835e+37
703,3.0706712713789647e+37
704,3.0845643184632518e+37
705,3.0985189781370126e+37
706,3.1125355177812166e+37
707,3.1266142059097823e+37
708,3.1407553121745585e+37
709,3.1549591073701595e+37
710,3.1692258634383666e+37
711,3.183555853473357e+37
712,3.1979493517251706e+37
713,3.212406633607631e+37
714,3.2269279756989806e+37
715,3.2415136557491537e+37
716,3.256163952684465e+37
717,3.270879146611875e+37
718,3.2856595188242307e+37
719,3.30050535180503e+37
720,3.315416929233195e+37
721,3.330394535987807e+37
722,3.345438458155259e+37
723,3.360548983030304e+37
724,3.3757263991238013e+37
725,3.390970996167e+37
726,3.4062830651168305e+37
727,3.4216628981604272e+37
728,3.43711078872067e+37
729,3.4526270314610695e+37
730,3.468211922290807e+37
731,3.483865758370215e+37
732,3.4995888381147013e+37
733,3.5153814612032754e+37
734,3.531243928579033e+37
735,3.54717654245741e+37
736,3.5631796063309535e+37
737,3.5792534249741214e+37
738,3.595398304448802e+37
739,3.6116145521095287e+37
740,3.627902476609049e+37
741,3.6442623879024857e+37
742,3.6606945972560826e+37
743,3.677199417247821e+37
744,3.6937771617759294e+37
745,3.7104281460637966e+37
746,3.727152686664864e+37
747,3.743951101468565e+37
748,3.760823709705689e+37
749,3.7777708319536827e+37
750,3.794792790142782e+37
751,3.8118899075606785e+37
752,3.8290625088580656e+37
753,3.8463109200571087e+37
754,3.863635468552164e+37
755,3.8810364831190803e+37
756,3.8985142939194875e+37
757,3.9160692325068374e+37
758,3.933701631832018e+37
759,3.9514118262490673e+37
760,3.969200151521259e+37
761,3.9870669448253714e+37
762,4.005012544761441e+37
763,4.0230372913534475e+37
764,4.041141526058056e+37
765,4.059325591770606e+37
766,4.07758983282995e+37
767,4.095934595024945e+37
768,4.1143602256004013e+37
769,4.1328670732630863e+37
770,4.1514554881873027e+37
771,4.170125822021344e+37
772,4.188878427892442e+37
773,4.2077136604164308e+37
774,4.2266318756986836e+37
775,4.2456334313435154e+37
776,4.264718686459314e+37
777,4.28388800166516e+37
778,4.303141739096483e+37
779,4.322480262412119e+37
780,4.34190393679945e+37
781,4.361413128980321e+37
782,4.381008207221234e+37
783,4.400689541333541e+37
784,4.4204575026841795e+37
785,4.440312464200348e+37
786,4.460254800376343e+37
787,4.480284887280074e+37
788,4.500403102558934e+37
789,4.5206098254471145e+37
790,4.54090543677128e+37
791,4.561290318957541e+37
792,4.58176485603679e+37
793,4.60232943365529e+37
794,4.622984439075748e+37
795,4.643730261186951e+37
796,4.664567290510275e+37
797,4.6854959192058195e+37
798,4.706516541079811e+37
799,4.727629551590311e+37
800,4.7488353478547275e+37
801,4.770134328655334e+37
802,4.791526894450043e+37
803,4.813013447373631e+37
804,4.834594391247798e+37
805,4.856270131587783e+37
806,4.87804107560885e+37
807,4.899907632233406e+37
808,4.921870212098347e+37
809,4.943929227561012e+37
810,4.966085092707261e+37
811,4.988338223357961e+37
812,5.010689037076107e+37
813,5.033137953173331e+37
814,5.055685392720677e+37
815,5.078331778549589e+37
816,5.101077535263425e+37
817,5.123923089243535e+37
818,5.146868868656931e+37
819,5.16991530346269e+37
820,5.193062825420066e+37
821,5.216311868094214e+37
822,5.239662866868244e+37
823,5.263116258944084e+37
824,5.286672483354035e+37
825,5.310331980967021e+37
826,5.334095194496519e+37
827,5.357962568507647e+37
828,5.381934549425204e+37
829,5.40601158554054e+37
830,5.430194127019684e+37
831,5.454482625910714e+37
832,5.4788775361519e+37
833,5.503379313577339e+37
834,5.527988415930173e+37
835,5.552705302862871e+37
836,5.577530435949691e+37
837,5.602464278693959e+37
838,5.627507296534892e+37
839,5.652659956856175e+37
840,5.677922728993628e+37
841,5.703296084243071e+37
842,5.728780495867553e+37
843,5.754376439109565e+37
844,5.780084391192125e+37
845,5.805904831331543e+37
846,5.831838240744452e+37
847,5.857885102656017e+37
848,5.884045902307801e+37
849,5.910321126966064e+37
850,5.936711265930075e+37
851,5.963216810540128e+37
852,5.989838254186485e+37
853,6.0165760923154545e+37
854,6.043430822443581e+37
855,6.070402944158064e+37
856,6.097492959130062e+37
857,6.124701371122867e+37
858,6.152028685999052e+37
859,6.179475411729684e+37
860,6.207042058402665e+37
861,6.23472913823213e+37
862,6.262537165564283e+37
863,6.290466656892454e+37
864,6.318518130857556e+37
865,6.346692108261572e+37
866,6.374989112076339e+37
867,6.403409667450622e+37
868,6.431954301720316e+37
869,6.460623544416353e+37
870,6.489417927274025e+37
871,6.518337984242509e+37
872,6.547384251492495e+37
873,6.57655726742478e+37
874,6.605857572684538e+37
875,6.635285710161985e+37
876,6.66484222500761e+37
877,6.694527664639066e+37
878,6.724342578750787e+37
879,6.754287519323132e+37
880,6.7843630406316185e+37
881,6.81456969925682e+37
882,6.8449080540908555e+37
883,6.875378666353902e+37
884,6.905982099594099e+37
885,6.936718919702901e+37
886,6.967589694923768e+37
887,6.998594995860541e+37
888,7.0297353954879e+37
889,7.061011469160296e+37
890,7.092423794622059e+37
891,7.123972952017128e+37
892,7.1556595238980915e+37
893,7.187484095234874e+37
894,7.2194472534304035e+37
895,7.251549588322056e+37
896,7.283791692196095e+37
897,7.316174159797106e+37
898,7.348697588337918e+37
899,7.381362577508908e+37
900,7.414169729489045e+37
901,7.447119648954683e+37
902,7.480212943088763e+37
903,7.513450221597532e+37
904,7.54683209671031e+37
905,7.580359183197226e+37
906,7.614032098376657e+37
907,7.6478514621261645e+37
908,7.681817896892688e+37
909,7.715932027702799e+37
910,7.750194482173604e+37
911,7.784605890522524e+37
912,7.81916688557785e+37
913,7.853878102787916e+37
914,7.888740180238211e+37
915,7.92375375865222e+37
916,7.958919481408155e+37
917,7.994237994548205e+37
918,8.029709946789622e+37
919,8.06533598953481e+37
920,8.101116776883323e+37
921,8.137052965641126e+37
922,8.17314521533094e+37
923,8.20939418820958e+37
924,8.245800549269109e+37
925,8.282364966253982e+37
926,8.319088109670886e+37
927,8.355970652799651e+37
928,8.39301327170428e+37
929,8.430216645245464e+37
930,8.467581455089429e+37
931,8.505108385721055e+37
932,8.542798124454578e+37
933,8.580651361444978e+37
934,8.618668789698024e+37
935,8.656851105088314e+37
936,8.695199006360115e+37
937,8.733713195146356e+37
938,8.772394375978027e+37
939,8.811243256296873e+37
940,8.85026054646551e+37
941,8.88944695978034e+37
942,8.928803212480702e+37
943,8.968330023768757e+37
944,9.008028115810294e+37
945,9.047898213753372e+37
946,9.087941045738541e+37
947,9.128157342911295e+37
948,9.168547839433957e+37
949,9.209113272498102e+37
950,9.249854382335845e+37
951,9.290771912232687e+37
952,9.331866608539555e+37
953,9.373139220684996e+37
954,9.414590501186329e+37
955,9.456221205668638e+37
956,9.498032092866339e+37
957,9.540023924642777e+37
958,9.58219746600221e+37
959,9.62455348510033e+37
960,9.66709275325863e+37
961,9.70981604497608e+37
962,9.752724137942036e+37
963,9.795817813048019e+37
964,9.839097854407043e+37
965,9.882565049355194e+37
966,9.926220188472517e+37
967,9.970064065593748e+37
968,1.0014097477822425e+38
969,1.0058321225542344e+38
970,1.0102736112431394e+38
971,1.0147342945475197e+38
972,1.0192142534979394e+38
973,1.0237135694584463e+38
974,1.0282323241274783e+38
975,1.0327705995402433e+38
976,1.037328478068666e+38
977,1.0419060424236118e+38
978,1.046503375656149e+38
979,1.0511205611586773e+38
980,1.0557576826665081e+38
981,1.060414824259098e+38
982,1.065092070361465e+38
983,1.0697895057454131e+38
984,1.0745072155317158e+38
985,1.0792452851901793e+38
986,1.0840038005419533e+38
987,1.088782847760788e+38
988,1.0935825133742587e+38
989,1.0984028842653388e+38
990,1.1032440476737712e+38
991,1.1081060911974018e+38
992,1.1129891027938295e+38
993,1.1178931707816006e+38
994,1.1228183838414973e+38
995,1.127764831019024e+38
996,1.1327326017242687e+38
997,1.1377217857345e+38
998,1.1427324731952197e+38
999,1.1477647546217115e+38
1000,1.152818720900503e+38
1001,1.157894463290823e+38
1002,1.1629920734262011e+38
1003,1.1681116433155178e+38
1004,1.1732532653456611e+38
1005,1.178417032281429e+38
1006,1.183603037268055e+38
1007,1.1888113738326266e+38
1008,1.1940421358853083e+38
1009,1.1992954177211435e+38
1010,1.2045713140214094e+38
1011,1.209869919855214e+38
1012,1.215191330681146e+38
1013,1.2205356423486207e+38
1014,1.2259029510992867e+38
1015,1.2312933535696593e+38
1016,1.2367069467910343e+38
1017,1.2421438281922576e+38
1018,1.2476040956008318e+38
1019,1.2530878472446413e+38
1020,1.2585951817534885e+38
1021,1.264126198160801e+38
1022,1.2696809959050969e+38
1023,1.2752596748313275e+38
1024,1.2808623351937178e+38
1025,1.2864890776555863e+38
1026,1.2921400032922517e+38
1027,1.2978152135921969e+38
1028,1.303514810458827e+38
1029,1.3092388962120905e+38
1030,1.3149875735901062e+38
1031,1.3207609457509654e+38
1032,1.3265591162741486e+38
1033,1.3323821891624167e+38
1034,1.3382302688430651e+38
1035,1.3441034601708314e+38
1036,1.3500018684279336e+38
1037,1.355925599326717e+38
1038,1.3618747590112093e+38
1039,1.367849454058859e+38
1040,1.373849791482122e+38
1041,1.3798758787303986e+38
1042,1.3859278236915214e+38
1043,1.3920057346933518e+38
1044,1.3981097205066724e+38
1045,1.4042398903451272e+38
1046,1.4103963538682872e+38
1047,1.4165792211829267e+38
1048,1.4227886028449599e+38
1049,1.4290246098610881e+38
1050,1.4352873536907575e+38
1051,1.4415769462478044e+38
1052,1.4478934999022238e+38
1053,1.4542371274821475e+38
1054,1.4606079422754901e+38
1055,1.4670060580316076e+38
1056,1.4734315889642576e+38
1057,1.479884649751542e+38
1058,1.4863653555390776e+38
1059,1.4928738219415038e+38
1060,1.4994101650444295e+38
1061,1.5059745014060602e+38
1062,1.5125669480592835e+38
1063,1.519187622513102e+38
1064,1.5258366427558959e+38
1065,1.5325141272553994e+38
1066,1.5392201949616758e+38
1067,1.5459549653089925e+38
1068,1.5527185582174857e+38
1069,1.5595110940951954e+38
1070,1.5663326938401345e+38
1071,1.5731834788418825e+38
1072,1.5800635709838029e+38
1073,1.5869730926449172e+38
1074,1.593912166701773e+38
1075,1.6008809165302766e+38
1076,1.6078794660088213e+38
1077,1.6149079395182779e+38
1078,1.6219664619454243e+38
1079,1.6290551586844168e+38
1080,1.6361741556391393e+38
1081,1.6433235792247897e+38
1082,1.6505035563701731e+38
1083,1.6577142145195935e+38
1084,1.6649556816347238e+38
1085,1.6722280861978076e+38
1086,1.6795315572117505e+38
1087,1.6868662242035285e+38
1088,1.6942322172258596e+38
1089,1.701629666859502e+38
1090,1.7090587042150133e+38
1091,1.7165194609350303e+38
1092,1.7240120691963098e+38
1093,1.7315366617118327e+38
1094,1.7390933717330245e+38
1095,1.7466823330513107e+38
1096,1.7543036800018515e+38
1097,1.7619575474634137e+38
1098,1.7696440708619767e+38
1099,1.777363386172701e+38
1100,1.7851156299217785e+38
1101,1.7929009391887903e+38
1102,1.8007194516088523e+38
1103,1.8085713053747985e+38
1104,1.8164566392390748e+38
1105,1.824375592517305e+38
1106,1.8323283050882765e+38
1107,1.840314917397703e+38
1108,1.84833557046007e+38
1109,1.85639040586099e+38
1110,1.8644795657591517e+38
1111,1.872603192888815e+38
1112,1.8807614305619603e+38
1113,1.888954422670704e+38
1114,1.897182313689372e+38
1115,1.9054452486765102e+38
1116,1.91374337327878e+38
1117,1.9220768337307295e+38
1118,1.9304457768590557e+38
1119,1.9388503500840333e+38
1120,1.9472907014222295e+38
1121,1.9557669794886795e+38
1122,1.964279333499177e+38
1123,1.9728279132729597e+38
1124,1.981412869234185e+38
1125,1.9900343524162955e+38
1126,1.9986925144618317e+38
1127,2.0073875076263692e+38
1128,2.0161194847807904e+38
1129,2.024888599413413e+38
1130,2.0336950056324697e+38
1131,2.042538858168613e+38
1132,2.0514203123772967e+38
1133,2.060339524241374e+38
1134,2.0692966503733205e+38
1135,2.078291848017296e+38
1136,2.0873252750536592e+38
1137,2.0963970899983234e+38
1138,2.1055074520076504e+38
1139,2.114656520879872e+38
1140,2.123844457057999e+38
1141,2.1330714216321515e+38
1142,2.1423375763423855e+38
1143,2.1516430835808084e+38
1144,2.1609881063939607e+38
1145,2.170372808487171e+38
1146,2.1797973542242567e+38
1147,2.1892619086322137e+38
1148,2.198766637402975e+38
1149,2.2083117068962613e+38
1150,2.217897284142126e+38
1151,2.2275235368435228e+38
1152,2.2371906333791636e+38
1153,2.2468987428058392e+38
1154,2.256648034861245e+38
1155,2.2664386799660622e+38
1156,2.2762708492287204e+38
1157,2.2861447144451166e+38
1158,2.296060448103134e+38
1159,2.306018223384907e+38
1160,2.31601821416961e+38
1161,2.3260605950360267e+38
1162,2.336145541265581e+38
1163,2.3462732288446948e+38
1164,2.356443834467255e+38
1165,2.366657535539375e+38
1166,2.3769145101790703e+38
1167,2.3872149372212517e+38
1168,2.3975589962196987e+38
1169,2.4079468674501026e+38
1170,2.418378731912824e+38
1171,2.428854771335634e+38
1172,2.4393751681767936e+38
1173,2.4499401056275724e+38
1174,2.4605497676152796e+38
1175,2.4712043388061036e+38
1176,2.481904004607596e+38
1177,2.4926489511734472e+38
1178,2.5034393654033156e+38
1179,2.5142754349479125e+38
1180,2.52515734821118e+38
1181,2.5360852943536822e+38
1182,2.5470594632950057e+38
1183,2.55808004571701e+38
1184,2.5691472330662213e+38
1185,2.580261217558956e+38
1186,2.59142219218112e+38
1187,2.602630350693261e+38
1188,2.613885887633055e+38
1189,2.6251889983183674e+38
1190,2.6365398788503488e+38
1191,2.6479387261164604e+38
1192,2.6593857377933327e+38
1193,2.670881112350141e+38
1194,2.6824250490513866e+38
1195,2.6940177479602086e+38
1196,2.7056594099409217e+38
1197,2.717350236664233e+38
1198,2.7290904306070616e+38
1199,2.7408801950579067e+38
1200,2.752719734119455e+38
1201,2.7646092527119166e+38
1202,2.776548956575837e+38
1203,2.788539052275512e+38
1204,2.800579747202176e+38
1205,2.81267124957661e+38
1206,2.8248137684547307e+38
1207,2.83700751372718e+38
1208,2.849252696124997e+38
1209,2.861549527222284e+38
1210,2.8738982194397374e+38
1211,2.8862989860473516e+38
1212,2.8987520411681886e+38
1213,2.911257599781541e+38
1214,2.9238158777261228e+38
1215,2.9364270917038085e+38
1216,2.9490914592817263e+38
1217,2.961809198898772e+38
1218,2.9745805298646705e+38
1219,2.987405672366149e+38
1220,3.000284847469797e+38
1221,3.013218277125156e+38
1222,3.026206184168454e+38
1223,3.0392487923257855e+38
1224,3.0523463262165914e+38
1225,3.065499011356865e+38
1226,3.0787070741646178e+38
1227,3.0919707419598715e+38
1228,3.105290242970554e+38
1229,3.118665806335363e+38
1230,3.1320976621076912e+38
1231,3.1455860412584826e+38
1232,3.159131175680303e+38
1233,3.1727332981906266e+38
1234,3.186392642535572e+38
1235,3.20010944339354e+38
1236,3.2138839363778506e+38
1237,3.227716358043433e+38
1238,3.24160694588595e+38
1239,3.255555938348744e+38
1240,3.269563574825281e+38
1241,3.2836300956629777e+38
1242,3.2977557421670714e+38
1243,3.3119407566039785e+38
1244,3.3261853822055596e+38
1245,3.340489863171377e+38
1246,3.3548544446759536e+38
1247,3.3692793728678454e+38
1248,3.383764894876318e+38
1249,3.3983112588147978e+38
1250,3.412918713784033e+38
1251,3.427587509876343e+38
1252,3.442317898179578e+38
1253,3.457110130780063e+38
1254,3.471964460767904e+38
1255,3.4868811422392864e+38
1256,3.5018604303016064e+38
1257,3.516902581076131e+38
1258,3.5320078517044376e+38
1259,3.547176500348974e+38
1260,3.5624087861985145e+38
1261,3.577704969472823e+38
1262,3.593065311425947e+38
1263,3.60849007434959e+38
1264,3.623979521577829e+38
1265,3.6395339174925026e+38
1266,3.655153527524074e+38
1267,3.670838618158166e+38
1268,3.68658945693813e+38
1269,3.7024063124707665e+38
1270,3.718289454428507e+38
1271,3.7342391535551555e+38
1272,3.750255681669259e+38
1273,3.766339311667743e+38
1274,3.782490317531398e+38
1275,3.798708974327509e+38
1276,3.814995558215248e+38
1277,3.83135034644876e+38
1278,3.847773617383725e+38
1279,3.864265650478326e+38
1280,3.880826726299031e+38
1281,3.897457126525463e+38
1282,3.9141571339540456e+38
1283,3.9309270325017095e+38
1284,3.94776710721143e+38
1285,3.964677644255078e+38
1286,3.981658930940554e+38
1287,3.99871125571242e+38
1288,4.015834908158053e+38
1289,4.033030179012688e+38
1290,4.050297360163056e+38
1291,4.0676367446513535e+38
1292,4.085048626681038e+38
1293,4.102533301619453e+38
1294,4.120091066004179e+38
1295,4.137722217546463e+38
1296,4.155427055135243e+38
1297,4.173205878842297e+38
1298,4.191058989928642e+38
1299,4.208986690845181e+38
1300,4.226989285240125e+38
1301,4.2450670779622316e+38
1302,4.2632203750667475e+38
1303,4.281449483818295e+38
1304,4.2997547126971956e+38
1305,4.318136371402295e+38
1306,4.336594770858966e+38
1307,4.3551302232194514e+38
1308,4.373743041869884e+38
1309,4.392433541435121e+38
1310,4.41120203778342e+38
1311,4.4300488480300476e+38
1312,4.448974290543851e+38
1313,4.467978684950165e+38
1314,4.487062352137231e+38
1315,4.506225614260357e+38
1316,4.5254687947460665e+38
1317,4.544792218297528e+38
1318,4.564196210901577e+38
1319,4.5836810998293615e+38
1320,4.603247213644446e+38
1321,4.622894882206074e+38
1322,4.6426244366757514e+38
1323,4.662436209520258e+38
1324,4.682330534518514e+38
1325,4.702307746764684e+38
1326,4.722368182676458e+38
1327,4.742512179996007e+38
1328,4.762740077796727e+38
1329,4.783052216489446e+38
1330,4.8034489378266065e+38
1331,4.8239305849064524e+38
1332,4.844497502180192e+38
1333,4.865150035455044e+38
1334,4.8858885319011725e+38
1335,4.906713340056141e+38
1336,4.927624809829158e+38
1337,4.94862329250757e+38
1338,4.969709140763647e+38
1339,4.99088270865568e+38
1340,5.0121443516367966e+38
1341,5.033494426558036e+38
1342,5.0549332916759774e+38
1343,5.07646130665554e+38
1344,5.0980788325777644e+38
1345,5.1197862319425965e+38
1346,5.141583868678539e+38
1347,5.163472108142657e+38
1348,5.185451317129847e+38
1349,5.2075218638762414e+38
1350,5.229684118066751e+38
1351,5.251938450838214e+38
1352,5.274285234786997e+38
1353,5.296724843973725e+38
1354,5.319257653927797e+38
1355,5.341884041655209e+38
1356,5.3646043856416825e+38
1357,5.3874190658604e+38
1358,5.410328463775648e+38
1359,5.433332962352216e+38
1360,5.456432946056225e+38
1361,5.479628800862981e+38
1362,5.502920914263737e+38
1363,5.526309675270656e+38
1364,5.5497954744214104e+38
1365,5.573378703786115e+38
1366,5.597059756975473e+38
1367,5.6208390291414855e+38
1368,5.6447169169872386e+38
1369,5.668693818770603e+38
1370,5.692770134312507e+38
1371,5.716946264999971e+38
1372,5.741222613794807e+38
1373,5.765599585237966e+38
1374,5.790077585455184e+38
1375,5.814657022164953e+38
1376,5.8393383046818475e+38
1377,5.864121843925151e+38
1378,5.889008052422501e+38
1379,5.913997344320134e+38
1380,5.939090135383659e+38
1381,5.964286843006705e+38
1382,5.98958788621804e+38
1383,6.0149936856867635e+38
1384,6.040504663727717e+38
1385,6.0661212443084205e+38
1386,6.091843853058315e+38
1387,6.117672917268999e+38
1388,6.1436088659052574e+38
1389,6.169652129608698e+38
1390,6.195803140706829e+38
1391,6.222062333216338e+38
1392,6.2484301428520254e+38
1393,6.274907007032421e+38
1394,6.301493364884784e+38
1395,6.328189657254213e+38
1396,6.354996326707482e+38
1397,6.381913817541648e+38
1398,6.408942575788469e+38
1399,6.4360830492254315e+38
1400,6.46333568737611e+38
1401,6.490700941520008e+38
1402,6.518179264699869e+38
1403,6.5457711117276895e+38
1404,6.5734769391896766e+38
1405,6.60129720545485e+38
1406,6.6292323706840064e+38
1407,6.6572828968305536e+38
1408,6.6854492476520264e+38
1409,6.7137318887142946e+38
1410,6.7421312874007525e+38
1411,6.770647912917556e+38
1412,6.799282236300207e+38
1413,6.82803473042223e+38
1414,6.856905869999613e+38
1415,6.885896131600338e+38
1416,6.915005993650088e+38
1417,6.944235936437945e+38
1418,6.973586442125078e+38
1419,7.003057994754514e+38
1420,7.032651080251529e+38
1421,7.062366186436199e+38
1422,7.0922038030274e+38
1423,7.122164421652935e+38
1424,7.152248535853579e+38
1425,7.182456641092898e+38
1426,7.212789234761864e+38
1427,7.243246816191145e+38
1428,7.273829886651702e+38
1429,7.304538949365275e+38
1430,7.335374509513134e+38
1431,7.366337074241534e+38
1432,7.397427152669009e+38
1433,7.428645255895548e+38
1434,7.459991897007372e+38
1435,7.491467591087291e+38
1436,7.523072855220699e+38
1437,7.554808208501987e+38
1438,7.586674172043365e+38
1439,7.618671268985724e+38
1440,7.650800024499226e+38
1441,7.68306096579625e+38
1442,7.715454622136411e+38
1443,7.747981524836604e+38
1444,7.780642207275974e+38
1445,7.813437204906536e+38
1446,7.846367055257367e+38
1447,7.879432297948791e+38
1448,7.91263347469239e+38
1449,7.945971129302426e+38
1450,7.979445807705194e+38
1451,8.013058057945307e+38
1452,8.046808430192752e+38
1453,8.080697476753421e+38
1454,8.114725752074097e+38
1455,8.148893812753209e+38
1456,8.183202217547818e+38
1457,8.217651527380232e+38
1458,8.252242305347288e+38
1459,8.286975116732662e+38
1460,8.321850529006757e+38
1461,8.356869111840928e+38
1462,8.392031437113163e+38
1463,8.427338078918424e+38
1464,8.462789613574294e+38
1465,8.498386619631922e+38
1466,8.53412967788134e+38
1467,8.570019371366083e+38
1468,8.6060562853833e+38
1469,8.642241007496083e+38
1470,8.678574127543471e+38
1471,8.715056237647506e+38
1472,8.751687932220215e+38
1473,8.788469807975106e+38
1474,8.82540246393439e+38
1475,8.862486501436109e+38
1476,8.899722524146238e+38
1477,8.937111138063253e+38
1478,8.974652951530687e+38
1479,9.012348575242165e+38
1480,9.050198622256498e+38
1481,9.08820370799845e+38
1482,9.126364450271406e+38
1483,9.164681469267245e+38
1484,9.203155387574735e+38
1485,9.241786830186147e+38
1486,9.280576424508073e+38
1487,9.319524800374486e+38
1488,9.358632590047036e+38
1489,9.397900428230913e+38
1490,9.437328952080145e+38
1491,9.476918801210636e+38
1492,9.516670617704703e+38
1493,9.556585046124629e+38
1494,9.596662733519676e+38
1495,9.636904329434268e+38
1496,9.67731048592048e+38
1497,9.717881857543628e+38
1498,9.758619101395139e+38
1499,9.799522877098061e+38
1500,9.840593846823846e+38
1501,9.881832675292424e+38
1502,9.92324002978599e+38
1503,9.964816580160276e+38
1504,1.0006562998852607e+39
1505,1.004847996088943e+39
1506,1.009056814389813e+39
1507,1.0132828228120803e+39
1508,1.0175260896414637e+39
1509,1.0217866834268923e+39
1510,1.0260646729810807e+39
1511,1.0303601273819128e+39
1512,1.0346731159729808e+39
1513,1.0390037083649468e+39
1514,1.043351974436403e+39
1515,1.047717984334646e+39
1516,1.0521018084771311e+39
1517,1.0565035175519714e+39
1518,1.0609231825193521e+39
1519,1.0653608746121868e+39
1520,1.0698166653378165e+39
1521,1.074290626478072e+39
1522,1.078782830090757e+39
1523,1.0832933485108477e+39
1524,1.0878222543513504e+39
1525,1.092369620504139e+39
1526,1.0969355201411718e+39
1527,1.1015200267160509e+39
1528,1.1061232139639665e+39
1529,1.1107451559036084e+39
1530,1.115385926837714e+39
1531,1.120045601354616e+39
1532,1.1247242543287831e+39
1533,1.1294219609222743e+39
1534,1.1341387965857179e+39
1535,1.1388748370590818e+39
1536,1.1436301583731743e+39
1537,1.1484048368505509e+39
1538,1.1531989491063796e+39
1539,1.158012572049685e+39
1540,1.1628457828850244e+39
1541,1.1676986591124168e+39
1542,1.1725712785293315e+39
1543,1.1774637192312768e+39
1544,1.1823760596134231e+39
1545,1.1873083783711245e+39
1546,1.1922607545015384e+39
1547,1.1972332673042725e+39
1548,1.2022259963833213e+39
1549,1.207239021647115e+39
1550,1.212272423310142e+39
1551,1.2173262818943307e+39
1552,1.2224006782299057e+39
1553,1.2274956934564045e+39
1554,1.2326114090242274e+39
1555,1.2377479066952983e+39
1556,1.2429052685446507e+39
1557,1.248083576961405e+39
1558,1.2532829146497002e+39
1559,1.2585033646300958e+39
1560,1.2637450102412494e+39
1561,1.2690079351399634e+39
1562,1.274292223303219e+39
1563,1.2795979590288648e+39
1564,1.2849252269373556e+39
1565,1.2902741119723088e+39
1566,1.2956446994022223e+39
1567,1.3010370748211698e+39
1568,1.3064513241509102e+39
1569,1.3118875336409487e+39
1570,1.317345789870223e+39
1571,1.322826179748593e+39
1572,1.3283287905178255e+39
1573,1.3338537097526135e+39
1574,1.3394010253623073e+39
1575,1.3449708255915119e+39
1576,1.3505631990219447e+39
1577,1.3561782345733525e+39
1578,1.3618160215045708e+39
1579,1.367476649415019e+39
1580,1.3731602082465068e+39
1581,1.378866788283258e+39
1582,1.384596480154109e+39
1583,1.3903493748333197e+39
1584,1.3961255636422628e+39
1585,1.4019251382502152e+39
1586,1.4077481906760588e+39
1587,1.4135948132891205e+39
1588,1.4194650988114138e+39
1589,1.4253591403176323e+39
1590,1.4312770312370192e+39
1591,1.437218865355025e+39
1592,1.443184736814253e+39
1593,1.4491747401156236e+39
1594,1.455188970120058e+39
1595,1.4612275220497268e+39
1596,1.4672904914890063e+39
1597,1.4733779743863538e+39
1598,1.479490067055107e+39
1599,1.4856268661753317e+39
1600,1.4917884687945695e+39
1601,1.497974972330312e+39
1602,1.5041864745699075e+39
1603,1.510423073672614e+39
1604,1.5166848681712e+39
1605,1.522971956973013e+39
1606,1.529284439361221e+39
1607,1.5356224149963247e+39
1608,1.5419859839182698e+39
1609,1.5483752465463778e+39
1610,1.5547903036818886e+39
1611,1.5612312565087132e+39
1612,1.5676982065954134e+39
1613,1.574191255895998e+39
1614,1.580710506751858e+39
1615,1.5872560618930186e+39
1616,1.593828024439204e+39
1617,1.600426497901909e+39
1618,1.607051586185182e+39
1619,1.613703393587596e+39
1620,1.6203820248031353e+39
1621,1.627087584923773e+39
1622,1.6338201794393955e+39
1623,1.6405799142399718e+39
1624,1.6473668956173504e+39
1625,1.6541812302664025e+39
1626,1.6610230252861866e+39
1627,1.6678923881817755e+39
1628,1.6747894268664467e+39
1629,1.6817142496615533e+39
1630,1.6886669652993604e+39
1631,1.695647682923698e+39
1632,1.7026565120922794e+39
1633,1.7096935627773876e+39
1634,1.716758945368067e+39
1635,1.723852770671328e+39
1636,1.7309751499134706e+39
1637,1.738126194742196e+39
1638,1.745306017227385e+39
1639,1.752514729863386e+39
1640,1.7597524455697926e+39
1641,1.767019277694317e+39
1642,1.7743153400126976e+39
1643,1.7816407467309828e+39
1644,1.7889956124874708e+39
1645,1.796380052353908e+39
1646,1.803794181836868e+39
1647,1.8112381168795174e+39
1648,1.8187119738641057e+39
1649,1.8262158696118298e+39
1650,1.833749921385731e+39
1651,1.8413142468915574e+39
1652,1.8489089642801755e+39
1653,1.8565341921483345e+39
1654,1.8641900495409182e+39
1655,1.8718766559524483e+39
1656,1.8795941313282488e+39
1657,1.8873425960667654e+39
1658,1.8951221710209662e+39
1659,1.9029329774995076e+39
1660,1.910775137268938e+39
1661,1.9186487725560076e+39
1662,1.9265540060476597e+39
1663,1.934490960894009e+39
1664,1.9424597607093353e+39
1665,1.950460529574528e+39
1666,1.9584933920378144e+39
1667,1.9665584731173338e+39
1668,1.974655898302045e+39
1669,1.9827857935548698e+39
1670,1.9909482853124848e+39
1671,1.9991435004879416e+39
1672,2.0073715664728285e+39
1673,2.015632611138588e+39
1674,2.0239267628378668e+39
1675,2.0322541504071434e+39
1676,2.0406149031676216e+39
1677,2.0490091509275785e+39
1678,2.057437023984014e+39
1679,2.065898653123974e+39
1680,2.0743941696266503e+39
1681,2.0829237052661252e+39
1682,2.0914873923112355e+39
1683,2.1000853635288e+39
1684,2.1087177521845915e+39
1685,2.1173846920461074e+39
1686,2.1260863173833086e+39
1687,2.134822762971251e+39
1688,2.1435941640912168e+39
1689,2.152400656533957e+39
1690,2.1612423765996478e+39
1691,2.17011946110049e+39
1692,2.1790320473631398e+39
1693,2.187980273230062e+39
1694,2.196964277061134e+39
1695,2.205984197736223e+39
1696,2.2150401746562605e+39
1697,2.224132347745883e+39
1698,2.233260857454944e+39
1699,2.24242584476013e+39
1700,2.2516274511671143e+39
1701,2.2608658187136e+39
1702,2.2701410899689887e+39
1703,2.2794534080380473e+39
1704,2.2888029165618876e+39
1705,2.298189759720765e+39
1706,2.3076140822350882e+39
1707,2.3170760293682075e+39
1708,2.3265757469275434e+39
1709,2.336113381268052e+39
1710,2.3456890792922154e+39
1711,2.355302988452969e+39
1712,2.3649552567560512e+39
1713,2.374646032761581e+39
1714,2.3843754655857854e+39
1715,2.3941437049037898e+39
1716,2.403950900950676e+39
1717,2.4137972045243232e+39
1718,2.4236827669871618e+39
1719,2.433607740267745e+39
1720,2.443572276863521e+39
1721,2.4535765298420858e+39
1722,2.463620652844889e+39
1723,2.4737048000870462e+39
1724,2.4838291263604215e+39
1725,2.493993787036201e+39
1726,2.504198938066548e+39
1727,2.514444735986184e+39
1728,2.5247313379150537e+39
1729,2.5350589015614337e+39
1730,2.545427585221702e+39
1731,2.555837547784291e+39
1732,2.5662889487308156e+39
1733,2.576781948139179e+39
1734,2.5873167066846476e+39
1735,2.5978933856429043e+39
1736,2.6085121468918264e+39
1737,2.619173152913256e+39
1738,2.6298765667960708e+39
1739,2.6406225522373098e+39
1740,2.6514112735453263e+39
1741,2.6622428956409767e+39
1742,2.6731175840617115e+39
1743,2.6840355049613416e+39
1744,2.694996825113228e+39
1745,2.706001711913349e+39
1746,2.717050333381641e+39
1747,2.7281428581641025e+39
1748,2.739279455535328e+39
1749,2.750460295402024e+39
1750,2.7616855483027085e+39
1751,2.772955385411959e+39
1752,2.784269978541587e+39
1753,2.795629500144006e+39
1754,2.8070341233133066e+39
1755,2.8184840217886415e+39
1756,2.8299793699560696e+39
1757,2.8415203428503745e+39
1758,2.8531071161585214e+39
1759,2.8647398662207493e+39
1760,2.876418770033898e+39
1761,2.8881440052528406e+39
1762,2.8999157501947414e+39
1763,2.911734183838768e+39
1764,2.923599485829759e+39
1765,2.935511836481108e+39
1766,2.9474714167765984e+39
1767,2.959478408372297e+39
1768,2.971532993599683e+39
1769,2.983635355468954e+39
1770,2.9957856776690386e+39
1771,3.007984144572025e+39
1772,3.020230941234389e+39
1773,3.032526253400633e+39
1774,3.04487026750453e+39
1775,3.057263170672555e+39
1776,3.0697051507259724e+39
1777,3.082196396182827e+39
1778,3.094737096261579e+39
1779,3.1073274408822e+39
1780,3.119967620669988e+39
1781,3.132657826956759e+39
1782,3.1453982517856985e+39
1783,3.158189087910655e+39
1784,3.171030528801204e+39
1785,3.1839227686436407e+39
1786,3.1968660023449814e+39
1787,3.209860425534064e+39
1788,3.2229062345653747e+39
1789,3.2360036265203184e+39
1790,3.249152799212202e+39
1791,3.262353951185876e+39
1792,3.275607281721484e+39
1793,3.288912990838003e+39
1794,3.3022712792950623e+39
1795,3.3156823485951275e+39
1796,3.3291464009874175e+39
1797,3.3426636394690855e+39
1798,3.356234267789134e+39
1799,3.369858490450709e+39
1800,3.383536512712935e+39
1801,3.397268540594381e+39
1802,3.411054780877252e+39
1803,3.424895441106724e+39
1804,3.438790729596371e+39
1805,3.4527408554294e+39
1806,3.4667460284626987e+39
1807,3.480806459328201e+39
1808,3.494922359436759e+39
1809,3.5090939409798853e+39
1810,3.523321416934695e+39
1811,3.537605001063643e+39
1812,3.551944907918677e+39
1813,3.566341352844865e+39
1814,3.5807945519823874e+39
1815,3.595304722268901e+39
1816,3.6098720814436555e+39
1817,3.62449684804893e+39
1818,3.6391792414340826e+39
1819,3.653919481757797e+39
1820,3.6687177899906236e+39
1821,3.683574387918135e+39
1822,3.6984894981455815e+39
1823,3.713463344097468e+39
1824,3.728496150022858e+39
1825,3.74358814099693e+39
1826,3.75873954292556e+39
1827,3.773950582546282e+39
1828,3.789221487432932e+39
1829,3.8045524859970294e+39
1830,3.819943807493511e+39
1831,3.8353956820201947e+39
1832,3.8509083405222536e+39
1833,3.866482014796084e+39
1834,3.882116937491561e+39
1835,3.897813342114351e+39
1836,3.913571463030682e+39
1837,3.929391535468296e+39
1838,3.945273795521382e+39
1839,3.9612184801527723e+39
1840,3.97722582719633e+39
1841,3.993296075360867e+39
1842,4.00942946423482e+39
1843,4.025626234285686e+39
1844,4.041886626865983e+39
1845,4.0582108842148897e+39
1846,4.074599249462475e+39
1847,4.0910519666326265e+39
1848,4.107569280645027e+39
1849,4.124151437319231e+39
1850,4.140798683379811e+39
1851,4.1575112664553436e+39
1852,4.1742894350847647e+39
1853,4.1911334387190354e+39
1854,4.208043527725793e+39
1855,4.225019953390796e+39
1856,4.242062967922896e+39
1857,4.25917282445644e+39
1858,4.276349777053988e+39
1859,4.293594080710951e+39
1860,4.3109059913573484e+39
1861,4.3282857658624846e+39
1862,4.345733662036716e+39
1863,4.3632499386378885e+39
1864,4.3808348553704455e+39
1865,4.3984886728908813e+39
1866,4.4162116528116906e+39
1867,4.4340040577040466e+39
1868,4.451866151100386e+39
1869,4.469798197498666e+39
1870,4.4878004623675103e+39
1871,4.505873212145679e+39
1872,4.52401671424849e+39
1873,4.5422312370695965e+39
1874,4.560517049986141e+39
1875,4.578874423360352e+39
1876,4.597303628544506e+39
1877,4.615804937883829e+39
1878,4.634378624719208e+39
1879,4.6530249633925e+39
1880,4.671744229247759e+39
1881,4.6905366986369017e+39
1882,4.709402648921192e+39
1883,4.7283423584783305e+39
1884,4.747356106701334e+39
1885,4.766444174004531e+39
1886,4.785606841827625e+39
1887,4.8048443926386884e+39
1888,4.82415710993693e+39
1889,4.843545278257069e+39
1890,4.8630091831749773e+39
1891,4.882549111307265e+39
1892,4.9021653503177174e+39
1893,4.9218581889196095e+39
1894,4.9416279168811424e+39
1895,4.961474825026802e+39
1896,4.981399205243151e+39
1897,5.001401350481653e+39
1898,5.021481554761594e+39
1899,5.0416401131757426e+39
1900,5.0618773218918515e+39
1901,5.082193478158444e+39
1902,5.10258888030667e+39
1903,5.123063827757463e+39
1904,5.143618621020896e+39
1905,5.164253561702269e+39
1906,5.1849689525064245e+39
1907,5.2057650972410356e+39
1908,5.226642300819477e+39
1909,5.2476008692665266e+39
1910,5.2686411097201897e+39
1911,5.289763330439179e+39
1912,5.310967840802208e+39
1913,5.332254951313875e+39
1914,5.3536249736097843e+39
1915,5.3750782204594315e+39
1916,5.396615005769416e+39
1917,5.418235644589236e+39
1918,5.439940453113176e+39
1919,5.461729748686181e+39
1920,5.483603849807257e+39
1921,5.505563076131996e+39
1922,5.527607748478323e+39
1923,5.549738188832341e+39
1924,5.571954720347494e+39
1925,5.594257667352668e+39
1926,5.616647355353872e+39
1927,5.639124111040661e+39
1928,5.661688262287933e+39
1929,5.684340138161961e+39
1930,5.707080068922513e+39
1931,5.72990838603089e+39
1932,5.75282542214926e+39
1933,5.775831511146595e+39
1934,5.798926988104587e+39
1935,5.822112189320386e+39
1936,5.845387452310027e+39
1937,5.868753115815105e+39
1938,5.89220951980406e+39
1939,5.915757005479115e+39
1940,5.939395915279404e+39
1941,5.963126592884106e+39
1942,5.986949383218165e+39
1943,6.010864632458948e+39
1944,6.034872688034978e+39
1945,6.058973898634694e+39
1946,6.083168614208522e+39
1947,6.107457185975471e+39
1948,6.131839966424954e+39
1949,6.156317309323399e+39
1950,6.18088956971665e+39
1951,6.205557103938431e+39
1952,6.230320269609194e+39
1953,6.255179425643435e+39
1954,6.280134932255023e+39
1955,6.305187150960678e+39
1956,6.33033644458363e+39
1957,6.355583177260376e+39
1958,6.380927714442523e+39
1959,6.406370422903808e+39
1960,6.431911670743674e+39
1961,6.457551827390686e+39
1962,6.483291263608254e+39
1963,6.509130351502089e+39
1964,6.535069464518861e+39
1965,6.561108977455278e+39
1966,6.587249266460581e+39
1967,6.613490709043424e+39
1968,6.639833684073901e+39
1969,6.666278571790567e+39
1970,6.692825753803033e+39
1971,6.719475613100859e+39
1972,6.746228534052337e+39
1973,6.773084902413632e+39
1974,6.800045105331135e+39
1975,6.827109531348766e+39
1976,6.854278570410073e+39
1977,6.881552613865475e+39
1978,6.90893205447595e+39
1979,6.936417286416855e+39
1980,6.964008705285557e+39
1981,6.991706708103139e+39
1982,7.019511693322063e+39
1983,7.047424060828506e+39
1984,7.075444211952106e+39
1985,7.103572549464549e+39
1986,7.131809477587522e+39
1987,7.16015540199904e+39
1988,7.188610729837054e+39
1989,7.217175869703698e+39
1990,7.245851231670913e+39
1991,7.274637227289416e+39
1992,7.303534269586358e+39
1993,7.332542773076069e+39
1994,7.361663153762222e+39
1995,7.39089582914553e+39
1996,7.420241218226177e+39
1997,7.449699741511317e+39
1998,7.479271821019472e+39
1999,7.508957880284122e+39
2000,7.538758344361983e+39
2001,7.568673639835102e+39
2002,7.598704194818582e+39
2003,7.628850438963415e+39
2004,7.659112803466744e+39
2005,7.689491721070494e+39
2006,7.71998762606971e+39
2007,7.750600954319331e+39
2008,7.781332143238192e+39
2009,7.812181631813094e+39
2010,7.843149860605652e+39
2011,7.874237271760922e+39
2012,7.905444309005724e+39
2013,7.93677141765938e+39
2014,7.968219044636767e+39
2015,7.999787638455723e+39
2016,8.031477649240325e+39
2017,8.0632895287287e+39
2018,8.095223730277422e+39
2019,8.127280708865645e+39
2020,8.159460921103982e+39
2021,8.19176482523646e+39
2022,8.22419288114911e+39
2023,8.256745550372534e+39
2024,8.289423296093543e+39
2025,8.322226583152917e+39
2026,8.35515587805479e+39
2027,8.388211648973796e+39
2028,8.421394365759154e+39
2029,8.454704499939572e+39
2030,8.488142524729563e+39
2031,8.521708915039785e+39
2032,8.5554041474743e+39
2033,8.589228700342656e+39
2034,8.623183053662521e+39
2035,8.657267689168405e+39
2036,8.691483090315601e+39
2037,8.725829742285447e+39
2038,8.760308131993966e+39
2039,8.794918748094025e+39
2040,8.829662080984894e+39
2041,8.8645386228166e+39
2042,8.899548867494369e+39
2043,8.934693310686308e+39
2044,8.969972449833118e+39
2045,9.005386784146037e+39
2046,9.040936814619093e+39
2047,9.076623044031575e+39
2048,9.112445976957962e+39
2049,9.148406119770046e+39
2050,9.184503980646221e+39
2051,9.220740069574262e+39
2052,9.257114898364266e+39
2053,9.293628980646158e+39
2054,9.330282831879814e+39
2055,9.367076969362842e+39
2056,9.404011912235529e+39
2057,9.44108818148533e+39
2058,9.478306299956968e+39
2059,9.51566679235447e+39
2060,9.553170185251103e+39
2061,9.590817007094531e+39
2062,9.628607788210981e+39
2063,9.666543060813834e+39
2064,9.704623359013928e+39
2065,9.742849218817202e+39
2066,9.781221178137838e+39
2067,9.819739776801072e+39
2068,9.858405556553765e+39
2069,9.897219061065894e+39
2070,9.936180835941828e+39
2071,9.975291428722341e+39
2072,1.001455138889847e+40
2073,1.0053961267909455e+40
2074,1.0093521619152247e+40
2075,1.0133232997991773e+40
2076,1.0173095961764259e+40
2077,1.0213111069783457e+40
2078,1.0253278883350366e+40
2079,1.0293599965756018e+40
2080,1.0334074882292119e+40
2081,1.0374704200256072e+40
2082,1.0415488488955832e+40
2083,1.0456428319718891e+40
2084,1.0497524265903446e+40
2085,1.0538776902895476e+40
2086,1.0580186808123242e+40
2087,1.0621754561060043e+40
2088,1.0663480743235358e+40
2089,1.070536593823693e+40
2090,1.0747410731722279e+40
2091,1.0789615711420612e+40
2092,1.0831981467148884e+40
2093,1.0874508590807573e+40
2094,1.0917197676393423e+40
2095,1.0960049320007536e+40
2096,1.1003064119861403e+40
2097,1.1046242676281395e+40
2098,1.1089585591720704e+40
2099,1.1133093470763436e+40
2100,1.1176766920131042e+40
2101,1.1220606548693044e+40
2102,1.1264612967470042e+40
2103,1.1308786789644842e+40
2104,1.1353128630565395e+40
2105,1.1397639107760713e+40
2106,1.1442318840936832e+40
2107,1.1487168451990236e+40
2108,1.15321885650158e+40
2109,1.1577379806313512e+40
2110,1.162274280439347e+40
2111,1.1668278189985296e+40
2112,1.1713986596050597e+40
2113,1.1759868657779792e+40
2114,1.180592501260833e+40
2115,1.185215630021869e+40
2116,1.189856316255391e+40
2117,1.1945146243818417e+40
2118,1.199190619049208e+40
2119,1.2038843651333903e+40
2120,1.2085959277389166e+40
2121,1.2133253722001466e+40
2122,1.2180727640814602e+40
2123,1.2228381691785651e+40
2124,1.227621653518757e+40
2125,1.2324232833626084e+40
2126,1.237243125203579e+40
2127,1.2420812457693782e+40
2128,1.2469377120228912e+40
2129,1.2518125911628714e+40
2130,1.2567059506243848e+40
2131,1.2616178580799498e+40
2132,1.2665483814408062e+40
2133,1.271497588856555e+40
2134,1.2764655487168769e+40
2135,1.281452329651855e+40
2136,1.2864580005332273e+40
2137,1.2914826304746925e+40
2138,1.2965262888331946e+40
2139,1.3015890452095091e+40
2140,1.3066709694488826e+40
2141,1.3117721316423155e+40
2142,1.3168926021268506e+40
2143,1.322032451486882e+40
2144,1.3271917505544386e+40
2145,1.3323705704110676e+40
2146,1.337568982387317e+40
2147,1.3427870580642265e+40
2148,1.348024869274352e+40
2149,1.3532824881024038e+40
2150,1.358559986885855e+40
2151,1.3638574382160552e+40
2152,1.369174914939587e+40
2153,1.3745124901579649e+40
2154,1.3798702372293655e+40
2155,1.385248229769001e+40
2156,1.3906465416505267e+40
2157,1.3960652470062629e+40
2158,1.401504420228609e+40
2159,1.4069641359706962e+40
2160,1.4124444691470043e+40
2161,1.4179454949347158e+40
2162,1.4234672887743602e+40
2163,1.4290099263704343e+40
2164,1.4345734836925928e+40
2165,1.4401580369770666e+40
2166,1.445763662726242e+40
2167,1.4513904377106596e+40
2168,1.4570384389692613e+40
2169,1.462707743810833e+40
2170,1.468398429814346e+40
2171,1.474110574830382e+40
2172,1.4798442569814349e+40
2173,1.4855995546639509e+40
2174,1.4913765465477993e+40
2175,1.4971753115778422e+40
2176,1.5029959289751357e+40
2177,1.5088384782375617e+40
2178,1.5147030391405125e+40
2179,1.5205896917384493e+40
2180,1.526498516365055e+40
2181,1.5324295936348598e+40
2182,1.5383830044438655e+40
2183,1.5443588299702436e+40
2184,1.5503571516755337e+40
2185,1.5563780513062592e+40
2186,1.5624216108934193e+40
2187,1.5684879127546084e+40
2188,1.5745770394942348e+40
2189,1.5806890740052382e+40
2190,1.5868240994692387e+40
2191,1.592982199358155e+40
2192,1.5991634574345596e+40
2193,1.60536795775375e+40
2194,1.6115957846633046e+40
2195,1.6178470228046373e+40
2196,1.6241217571143765e+40
2197,1.6304200728249685e+40
2198,1.6367420554654419e+40
2199,1.6430877908630153e+40
2200,1.6494573651433791e+40
2201,1.655850864732284e+40
2202,1.662268376356315e+40
2203,1.668709987043543e+40
2204,1.6751757841248642e+40
2205,1.6816658552357393e+40
2206,1.6881802883155869e+40
2207,1.6947191716100372e+40
2208,1.701282593671253e+40
2209,1.7078706433597023e+40
2210,1.7144834098442487e+40
2211,1.7211209826040232e+40
2212,1.7277834514286736e+40
2213,1.7344709064206326e+40
2214,1.7411834379946284e+40
2215,1.7479211368793533e+40
2216,1.7546840941188913e+40
2217,1.7614724010734055e+40
2218,1.7682861494199422e+40
2219,1.7751254311540355e+40
2220,1.781990338590461e+40
2221,1.7888809643640677e+40
2222,1.7957974014313906e+40
2223,1.8027397430710286e+40
2224,1.8097080828854305e+40
2225,1.8167025148011296e+40
2226,1.8237231330712503e+40
2227,1.8307700322748182e+40
2228,1.8378433073186611e+40
2229,1.8449430534387658e+40
2230,1.852069366201116e+40
2231,1.8592223415023876e+40
2232,1.866402075571458e+40
2233,1.873608664971208e+40
2234,1.8808422065979825e+40
2235,1.8881027976839613e+40
2236,1.8953905357975445e+40
2237,1.9027055188452521e+40
2238,1.9100478450719008e+40
2239,1.917417613062537e+40
2240,1.9248149217432036e+40
2241,1.932239870381779e+40
2242,1.9396925585898178e+40
2243,1.9471730863227957e+40
2244,1.9546815538820654e+40
2245,1.9622180619152296e+40
2246,1.9697827114186042e+40
2247,1.9773756037366584e+40
2248,1.9849968405638715e+40
2249,1.9926465239463598e+40
2250,2.0003247562825924e+40
2251,2.0080316403243024e+40
2252,2.0157672791779265e+40
2253,2.023531776306692e+40
2254,2.0313252355298172e+40
2255,2.039147761025322e+40
2256,2.0469994573301513e+40
2257,2.0548804293423894e+40
2258,2.0627907823214048e+40
2259,2.0707306218898608e+40
2260,2.0787000540345539e+40
2261,2.0866991851073342e+40
2262,2.0947281218270236e+40
2263,2.1027869712797106e+40
2264,2.1108758409208018e+40
2265,2.118994838575442e+40
2266,2.127144072441097e+40
2267,2.1353236510870152e+40
2268,2.143533683456183e+40
2269,2.1517742788669898e+40
2270,2.1600455470141191e+40
2271,2.1683475979693994e+40
2272,2.1766805421833272e+40
2273,2.1850444904874133e+40
2274,2.193439554093332e+40
2275,2.2018658445955956e+40
2276,2.2103234739722e+40
2277,2.218812554586498e+40
2278,2.2273331991876767e+40
2279,2.235885520912719e+40
2280,2.244469633287479e+40
2281,2.2530856502273253e+40
2282,2.2617336860394483e+40
2283,2.2704138554235537e+40
2284,2.2791262734728803e+40
2285,2.287871055675835e+40
2286,2.2966483179182584e+40
2287,2.305458176482603e+40
2288,2.3143007480508893e+40
2289,2.3231761497050964e+40
2290,2.3320844989294134e+40
2291,2.3410259136103774e+40
2292,2.3500005120392854e+40
2293,2.3590084129125123e+40
2294,2.368049735334437e+40
2295,2.3771245988167686e+40
2296,2.3862331232807084e+40
2297,2.3953754290588096e+40
2298,2.4045516368958696e+40
2299,2.4137618679498418e+40
2300,2.4230062437942364e+40
2301,2.4322848864182735e+40
2302,2.441597918229215e+40
2303,2.4509454620533985e+40
2304,2.460327641137038e+40
2305,2.469744579148215e+40
2306,2.4791964001790886e+40
2307,2.488683228745157e+40
2308,2.4982051897883213e+40
2309,2.507762408677334e+40
2310,2.5173550112101266e+40
2311,2.5269831236141482e+40
2312,2.536646872548678e+40
2313,2.546346385105282e+40
2314,2.5560817888110357e+40
2315,2.5658532116275653e+40
2316,2.575660781953532e+40
2317,2.5855046286265467e+40
2318,2.595384880924123e+40
2319,2.6053016685646797e+40
2320,2.615255121709981e+40
2321,2.62524537096545e+40
2322,2.635272547382565e+40
2323,2.6453367824599607e+40
2324,2.6554382081442474e+40
2325,2.665576956832217e+40
2326,2.6757531613731837e+40
2327,2.6859669550680227e+40
2328,2.696218471672724e+40
2329,2.7065078453985736e+40
2330,2.716835210914842e+40
2331,2.7272007033490153e+40
2332,2.7376044582893413e+40
2333,2.74804661178527e+40
2334,2.758527300350809e+40
2335,2.7690466609636955e+40
2336,2.7796048310678423e+40
2337,2.790201948575461e+40
2338,2.8008381518680433e+40
2339,2.8115135797975144e+40
2340,2.8222283716887117e+40
2341,2.8329826673397347e+40
2342,2.843776607024602e+40
2343,2.8546103314942375e+40
2344,2.8654839819775636e+40
2345,2.876397700184049e+40
2346,2.887351628304082e+40
2347,2.898345909012643e+40
2348,2.909380685468077e+40
2349,2.920456101315058e+40
2350,2.9315723006865424e+40
2351,2.942729428204858e+40
2352,2.9539276289828513e+40
2353,2.96516704862591e+40
2354,2.976447833234906e+40
2355,2.9877701294049388e+40
2356,2.9991340842291664e+40
2357,3.010539845299132e+40
2358,3.0219875607076207e+40
2359,3.0334773790489005e+40
2360,3.045009449421489e+40
2361,3.0565839214294124e+40
2362,3.0682009451830754e+40
2363,3.079860671302288e+40
2364,3.0915632509164873e+40
2365,3.103308835667514e+40
2366,3.1150975777101623e+40
2367,3.1269296297158935e+40
2368,3.138805144871835e+40
2369,3.1507242768834914e+40
2370,3.1626871799772924e+40
2371,3.1746940089013943e+40
2372,3.1867449189270643e+40
2373,3.1988400658508153e+40
2374,3.210979605997459e+40
2375,3.2231636962189095e+40
2376,3.2353924938980325e+40
2377,3.247666156949264e+40
2378,3.259984843821377e+40
2379,3.272348713497958e+40
2380,3.284757925500253e+40
2381,3.2972126398884027e+40
2382,3.3097130172625824e+40
2383,3.3222592187660655e+40
2384,3.33485140608545e+40
2385,3.3474897414537283e+40
2386,3.360174387650671e+40
2387,3.3729055080070734e+40
2388,3.3856832664033923e+40
2389,3.3985078272727827e+40
2390,3.4113793556037167e+40
2391,3.4242980169409575e+40
2392,3.437263977386902e+40
2393,3.4502774036039567e+40
2394,3.463338462817676e+40
2395,3.476447322815544e+40
2396,3.4896041519511165e+40
2397,3.502809119144512e+40
2398,3.5160623938856103e+40
2399,3.5293641462343123e+40
2400,3.5427145468235593e+40
2401,3.556113766860944e+40
2402,3.569561978129545e+40
2403,3.583059352991502e+40
2404,3.5966060643879406e+40
2405,3.6102022858425413e+40
2406,3.6238481914617037e+40
2407,3.6375439559392864e+40
2408,3.6512897545545665e+40
2409,3.665085763177035e+40
2410,3.6789321582666644e+40
2411,3.6928291168771965e+40
2412,3.7067768166565285e+40
2413,3.7207754358499875e+40
2414,3.734825153300737e+40
2415,3.748926148454432e+40
2416,3.7630786013575964e+40
2417,3.7772826926612474e+40
2418,3.7915386036232714e+40
2419,3.8058465161099505e+40
2420,3.82020661259723e+40
2421,3.834619076173851e+40
2422,3.84908409054204e+40
2423,3.863601840020628e+40
2424,3.8781725095464816e+40
2425,3.892796284675898e+40
2426,3.907473351586994e+40
2427,3.9222038970836404e+40
2428,3.93698810859374e+40
2429,3.951826174173824e+40
2430,3.9667182825098e+40
2431,3.9816646229203405e+40
2432,3.9966653853570555e+40
2433,4.0117207604082106e+40
2434,4.0268309392990374e+40
2435,4.0419961138968826e+40
2436,4.0572164767091483e+40
2437,4.072492220887355e+40
2438,4.0878235402296954e+40
2439,4.1032106291824777e+40
2440,4.118653682841571e+40
2441,4.134152896955894e+40
2442,4.1497084679277483e+40
2443,4.1653205928165686e+40
2444,4.1809894693401367e+40
2445,4.19671529587612e+40
2446,4.2124982714647517e+40
2447,4.228338595812876e+40
2448,4.24423646929202e+40
2449,4.2601920929436125e+40
2450,4.2762056684794125e+40
2451,4.292277398285214e+40
2452,4.308407485421225e+40
2453,4.324596133625706e+40
2454,4.340843547315638e+40
2455,4.357149931591733e+40
2456,4.373515492236742e+40
2457,4.389940435719368e+40
2458,4.406424969197289e+40
2459,4.422969300518449e+40
2460,4.439573638222715e+40
2461,4.456238191545532e+40
2462,4.472963170418311e+40
2463,4.489748785472317e+40
2464,4.506595248040186e+40
2465,4.523502770157219e+40
2466,4.540471564564546e+40
2467,4.55750184471321e+40
2468,4.574593824762233e+40
2469,4.591747719584e+40
2470,4.608963744764858e+40
2471,4.626242116608848e+40
2472,4.64358305213925e+40
2473,4.66098676909985e+40
2474,4.678453485958269e+40
2475,4.695983421910213e+40
2476,4.713576796877175e+40
2477,4.731233831512415e+40
2478,4.748954747201216e+40
2479,4.76673976606502e+40
2480,4.784589110961732e+40
2481,4.802503005489807e+40
2482,4.820481673989936e+40
2483,4.838525341546207e+40
2484,4.856634233990849e+40
2485,4.874808577903895e+40
2486,4.893048600617855e+40
2487,4.911354530217819e+40
2488,4.929726595547639e+40
2489,4.948165026207557e+40
2490,4.966670052558654e+40
2491,4.985241905726341e+40
2492,5.003880817601573e+40
2493,5.022587020842714e+40
2494,5.041360748878648e+40
2495,5.060202235913363e+40
2496,5.079111716923844e+40
2497,5.098089427665877e+40
2498,5.117135604674691e+40
2499,5.136250485269227e+40
2500,5.155434307552539e+40
2501,5.174687310416037e+40
2502,5.19400973354091e+40
2503,5.213401817401399e+40
2504,5.232863803265077e+40
2505,5.252395933198629e+40
2506,5.271998450068275e+40
2507,5.291671597542486e+40
2508,5.311415620094408e+40
2509,5.33123076300612e+40
2510,5.351117272368149e+40
2511,5.3710753950841e+40
2512,5.391105378872698e+40
2513,5.411207472269633e+40
2514,5.431381924632575e+40
2515,5.451628986140062e+40
2516,5.471948907796656e+40
2517,5.492341941434699e+40
2518,5.512808339717636e+40
2519,5.533348356139999e+40
2520,5.553962245034015e+40
2521,5.57465026156926e+40
2522,5.595412661756334e+40
2523,5.616249702449978e+40
2524,5.637161641348922e+40
2525,5.658148737002649e+40
2526,5.679211248811438e+40
2527,5.700349437029468e+40
2528,5.721563562766974e+40
2529,5.742853887995512e+40
2530,5.76422067554657e+40
2531,5.785664189117176e+40
2532,5.807184693271577e+40
2533,5.828782453443534e+40
2534,5.850457735941432e+40
2535,5.872210807947237e+40
2536,5.894041937521861e+40
2537,5.915951393606963e+40
2538,5.937939446028741e+40
2539,5.960006365497596e+40
2540,5.982152423615284e+40
2541,6.004377892874603e+40
2542,6.026683046663223e+40
2543,6.04906815926683e+40
2544,6.071533505869406e+40
2545,6.094079362559899e+40
2546,6.116706006332433e+40
2547,6.139413715089767e+40
2548,6.16220276764557e+40
2549,6.185073443729564e+40
2550,6.208026023986753e+40
2551,6.231060789982596e+40
2552,6.25417802420551e+40
2553,6.277378010068719e+40
2554,6.300661031916121e+40
2555,6.32402737502084e+40
2556,6.347477325591014e+40
2557,6.371011170771919e+40
2558,6.394629198649623e+40
2559,6.418331698250838e+40
2560,6.442118959550523e+40
2561,6.465991273471512e+40
2562,6.489948931888475e+40
2563,6.513992227630682e+40
2564,6.538121454485621e+40
2565,6.562336907199396e+40
2566,6.586638881483648e+40
2567,6.6110276740157555e+40
2568,6.635503582442696e+40
2569,6.660066905383118e+40
2570,6.684717942433257e+40
2571,6.709456994165742e+40
2572,6.734284362135287e+40
2573,6.75920034888121e+40
2574,6.784205257929656e+40
2575,6.809299393799403e+40
2576,6.83448306200087e+40
2577,6.859756569041589e+40
2578,6.885120222429175e+40
2579,6.910574330674681e+40
2580,6.936119203292802e+40
2581,6.961755150809515e+40
2582,6.98748248476223e+40
2583,7.013301517703475e+40
2584,7.039212563204889e+40
2585,7.065215935857386e+40
2586,7.091311951278689e+40
2587,7.117500926113584e+40
2588,7.143783178037786e+40
2589,7.170159025760262e+40
2590,7.196628789029573e+40
2591,7.223192788632397e+40
2592,7.249851346399775e+40
2593,7.276604785209614e+40
2594,7.303453428989206e+40
2595,7.330397602721222e+40
2596,7.357437632442651e+40
2597,7.384573845250922e+40
2598,7.4118065693064395e+40
2599,7.439136133836696e+40
2600,7.466562869136118e+40
2601,7.494087106574575e+40
2602,7.521709178596949e+40
2603,7.549429418727578e+40
2604,7.577248161574409e+40
2605,7.605165742828549e+40
2606,7.633182499273172e+40
2607,7.6612987687830635e+40
2608,7.689514890329179e+40
2609,7.717831203980682e+40
2610,7.746248050912091e+40
2611,7.77476577340145e+40
2612,7.803384714836969e+40
2613,7.832105219719693e+40
2614,7.860927633666183e+40
2615,7.889852303414918e+40
2616,7.918879576824972e+40
2617,7.948009802882638e+40
2618,7.977243331704323e+40
2619,8.006580514540443e+40
2620,8.036021703775577e+40
2621,8.06556725293741e+40
2622,8.095217516696188e+40
2623,8.124972850869628e+40
2624,8.154833612426907e+40
2625,8.184800159488786e+40
2626,8.214872851336444e+40
2627,8.245052048411526e+40
2628,8.275338112320263e+40
2629,8.305731405836565e+40
2630,8.336232292908679e+40
2631,8.366841138657909e+40
2632,8.397558309385274e+40
2633,8.428384172574463e+40
2634,8.459319096894486e+40
2635,8.490363452206977e+40
2636,8.521517609564201e+40
2637,8.552781941216345e+40
2638,8.584156820614447e+40
2639,8.615642622414779e+40
2640,8.647239722478527e+40
2641,8.678948497881867e+40
2642,8.710769326914916e+40
2643,8.742702589087059e+40
2644,8.774748665131413e+40
2645,8.80690793700455e+40
2646,8.839180787895972e+40
2647,8.871567602228327e+40
2648,8.904068765661768e+40
2649,8.93668466509684e+40
2650,8.969415688682122e+40
2651,9.0022622258123e+40
2652,9.035224667135662e+40
2653,9.068303404556976e+40
2654,9.101498831240198e+40
2655,9.134811341616416e+40
2656,9.168241331381665e+40
2657,9.201789197504884e+40
2658,9.235455338230284e+40
2659,9.269240153082786e+40
2660,9.303144042867627e+40
2661,9.337167409680118e+40
2662,9.371310656905485e+40
2663,9.405574189224429e+40
2664,9.43995841261733e+40
2665,9.474463734364123e+40
2666,9.509090563054748e+40
2667,9.543839308588896e+40
2668,9.578710382180763e+40
2669,9.613704196362063e+40
2670,9.648821164990501e+40
2671,9.684061703246913e+40
2672,9.719426227644001e+40
2673,9.754915156028723e+40
2674,9.790528907586149e+40
2675,9.826267902846509e+40
2676,9.86213256368404e+40
2677,9.898123313324387e+40
2678,9.9342405763484e+40
2679,9.970484778696597e+40
2680,1.0006856347669213e+41
2681,1.0043355711936961e+41
2682,1.0079983301540518e+41
2683,1.0116739547895957e+41
2684,1.015362488379979e+41
2685,1.0190639743428975e+41
2686,1.0227784562351117e+41
2687,1.0265059777525124e+41
2688,1.0302465827305724e+41
2689,1.034000315144787e+41
2690,1.0377672191110034e+41
2691,1.0415473388862674e+41
2692,1.045340718868579e+41
2693,1.049147403597766e+41
2694,1.0529674377557998e+41
2695,1.0568008661671155e+41
2696,1.0606477337994522e+41
2697,1.0645080857636681e+41
2698,1.06838196731457e+41
2699,1.0722694238512587e+41
2700,1.0761705009176442e+41
2701,1.0800852442024499e+41
2702,1.0840136995403478e+41
2703,1.0879559129119008e+41
2704,1.0919119304441072e+41
2705,1.0958817984110173e+41
2706,1.09986556323363e+41
2707,1.1038632714810943e+41
2708,1.1078749698706398e+41
2709,1.1119007052681566e+41
2710,1.1159405246885342e+41
2711,1.1199944752965678e+41
2712,1.124062604406664e+41
2713,1.1281449594838221e+41
2714,1.1322415881439233e+41
2715,1.1363525381540582e+41
2716,1.1404778574335024e+41
2717,1.1446175940533909e+41
2718,1.1487717962376955e+41
2719,1.1529405123635237e+41
2720,1.1571237909617585e+41
2721,1.161321680716935e+41
2722,1.1655342304685369e+41
2723,1.1697614892108738e+41
2724,1.174003506093736e+41
2725,1.1782603304229574e+41
2726,1.1825320116603352e+41
2727,1.1868185994249333e+41
2728,1.1911201434929684e+41
2729,1.195436693798475e+41
2730,1.19976830043356e+41
2731,1.2041150136494563e+41
2732,1.2084768838562325e+41
2733,1.2128539616236999e+41
2734,1.2172462976818425e+41
2735,1.2216539429211156e+41
2736,1.226076948393454e+41
2737,1.230515365311975e+41
2738,1.2349692450519737e+41
2739,1.2394386391512905e+41
2740,1.2439235993109192e+41
2741,1.2484241773948785e+41
2742,1.2529404254316651e+41
2743,1.2574723956140279e+41
2744,1.262020140299755e+41
2745,1.2665837120121284e+41
2746,1.2711631634400113e+41
2747,1.2757585474390872e+41
2748,1.2803699170318146e+41
2749,1.2849973254080735e+41
2750,1.2896408259255206e+41
2751,1.2943004721105983e+41
2752,1.2989763176582899e+41
2753,1.3036684164330781e+41
2754,1.3083768224693812e+41
2755,1.3131015899718527e+41
2756,1.3178427733165055e+41
2757,1.322600427050326e+41
2758,1.3273746058923924e+41
2759,1.3321653647341732e+41
2760,1.336972758640249e+41
2761,1.3417968428482216e+41
2762,1.3466376727700516e+41
2763,1.3514953039920704e+41
2764,1.3563697922755759e+41
2765,1.361261193557541e+41
2766,1.3661695639505089e+41
2767,1.3710949597439905e+41
2768,1.3760374374044397e+41
2769,1.3809970535758987e+41
2770,1.3859738650803298e+41
2771,1.3909679289188182e+41
2772,1.395979302271135e+41
2773,1.401008042496921e+41
2774,1.4060542071359897e+41
2775,1.4111178539087759e+41
2776,1.4161990407174385e+41
2777,1.4212978256454873e+41
2778,1.4264142669589543e+41
2779,1.4315484231067128e+41
2780,1.4367003527212777e+41
2781,1.4418701146185601e+41
2782,1.4470577677995171e+41
2783,1.4522633714499528e+41
2784,1.4574869849412756e+41
2785,1.4627286678311597e+41
2786,1.4679884798635227e+41
2787,1.4732664809699074e+41
2788,1.4785627312695444e+41
2789,1.4838772910699358e+41
2790,1.4892102208673486e+41
2791,1.4945615813478947e+41
2792,1.4999314333872625e+41
2793,1.5053198380517841e+41
2794,1.510726856598912e+41
2795,1.5161525504776034e+41
2796,1.5215969813295284e+41
2797,1.5270602109886243e+41
2798,1.5325423014823485e+41
2799,1.5380433150320812e+41
2800,1.543563314053883e+41
2801,1.5491023611582776e+41
2802,1.5546605191519783e+41
2803,1.5602378510377017e+41
2804,1.565834420014944e+41
2805,1.5714502894806625e+41
2806,1.5770855230292738e+41
2807,1.5827401844541806e+41
2808,1.5884143377476783e+41
2809,1.594108047101742e+41
2810,1.5998213769083868e+41
2811,1.6055543917609823e+41
2812,1.6113071564537768e+41
2813,1.6170797359831813e+41
2814,1.6228721955482284e+41
2815,1.62868460055105e+41
2816,1.634517016597455e+41
2817,1.640369509498102e+41
2818,1.6462421452680506e+41
2819,1.652134990128116e+41
2820,1.6580481105052594e+41
2821,1.6639815730333962e+41
2822,1.669935444553204e+41
2823,1.6759097921138865e+41
2824,1.6819046829730198e+41
2825,1.6879201845973496e+41
2826,1.6939563646635981e+41
2827,1.7000132910582721e+41
2828,1.7060910318794752e+41
2829,1.7121896554366897e+41
2830,1.7183092302516515e+41
2831,1.7244498250587722e+41
2832,1.7306115088064e+41
2833,1.7367943506564826e+41
2834,1.7429984199858143e+41
2835,1.7492237863865122e+41
2836,1.7554705196664387e+41
2837,1.7617386898506156e+41
2838,1.7680283671806772e+41
2839,1.774339622116282e+41
2840,1.7806725253355702e+41
2841,1.787027147735907e+41
2842,1.793403560433876e+41
2843,1.7998018347669415e+41
2844,1.8062220422933856e+41
2845,1.8126642547931757e+41
2846,1.8191285442687254e+41
2847,1.825614982944748e+41
2848,1.832123643270164e+41
2849,1.8386545979178972e+41
2850,1.84520791978571e+41
2851,1.8517836819967e+41
2852,1.8583819579007316e+41
2853,1.865002821073882e+41
2854,1.8716463453198698e+41
2855,1.8783126046705787e+41
2856,1.885001673386476e+41
2857,1.8917136259580377e+41
2858,1.898448537105276e+41
2859,1.905206481779186e+41
2860,1.9119875351621663e+41
2861,1.9187917726689465e+41
2862,1.9256192699463994e+41
2863,1.9324701028754727e+41
2864,1.9393443475709993e+41
2865,1.9462420803826256e+41
2866,1.9531633778956572e+41
2867,1.960108316930897e+41
2868,1.9670769745466578e+41
2869,1.974069428038472e+41
2870,1.981085754940106e+41
2871,1.988126033023988e+41
2872,1.9951903403026864e+41
2873,2.002278755028443e+41
2874,2.0093913556945768e+41
2875,2.0165282210361307e+41
2876,2.02368943003016e+41
2877,2.030875061897424e+41
2878,2.0380851961017755e+41
2879,2.0453199123516148e+41
2880,2.052579290600587e+41
2881,2.059863411048248e+41
2882,2.0671723541400493e+41
2883,2.0745062005693685e+41
2884,2.081865031277281e+41
2885,2.089248927453511e+41
2886,2.09665797053738e+41
2887,2.1040922422175617e+41
2888,2.1115518244342173e+41
2889,2.1190367993788308e+41
2890,2.1265472494950655e+41
2891,2.1340832574793212e+41
2892,2.141644906282345e+41
2893,2.1492322791086234e+41
2894,2.156845459417934e+41
2895,2.1644845309260037e+41
2896,2.172149577604829e+41
2897,2.1798406836844476e+41
2898,2.1875579336522555e+41
2899,2.1953014122546735e+41
2900,2.2030712044976343e+41
2901,2.210867395647594e+41
2902,2.2186900712312762e+41
2903,2.226539317037886e+41
2904,2.2344152191189293e+41
2905,2.2423178637890905e+41
2906,2.25024733762737e+41
2907,2.2582037274767183e+41
2908,2.2661871204463766e+41
2909,2.274197603911556e+41
2910,2.2822352655145533e+41
2911,2.2903001931651227e+41
2912,2.2983924750423394e+41
2913,2.3065121995938333e+41
2914,2.3146594555375537e+41
2915,2.3228343318623194e+41
2916,2.331036917828248e+41
2917,2.3392673029686298e+41
2918,2.347525577089127e+41
2919,2.3558118302696106e+41
2920,2.364126152864668e+41
2921,2.3724686355045908e+41
2922,2.3808393690951807e+41
2923,2.3892384448200883e+41
2924,2.3976659541405445e+41
2925,2.406121988796343e+41
2926,2.4146066408070615e+41
2927,2.4231200024715953e+41
2928,2.4316621663707162e+41
2929,2.440233225366665e+41
2930,2.448833272604312e+41
2931,2.4574624015116475e+41
2932,2.4661207058016923e+41
2933,2.4748082794716296e+41
2934,2.4835252168047355e+41
2935,2.492271612370886e+41
2936,2.501047561027154e+41
2937,2.509853157919652e+41
2938,2.5186884984826884e+41
2939,2.5275536784408067e+41
2940,2.536448793809136e+41
2941,2.545373940894418e+41
2942,2.5543292162959293e+41
2943,2.5633147169053345e+41
2944,2.5723305399090478e+41
2945,2.5813767827881123e+41
2946,2.590453543319158e+41
2947,2.599560919575567e+41
2948,2.6086990099272682e+41
2949,2.617867913043115e+41
2950,2.627067727890707e+41
2951,2.6362985537375076e+41
2952,2.6455604901513076e+41
2953,2.6548536370023564e+41
2954,2.6641780944624047e+41
2955,2.6735339630067016e+41
2956,2.6829213434145875e+41
2957,2.6923403367700447e+41
2958,2.701791044463703e+41
2959,2.7112735681920154e+41
2960,2.720788009959258e+41
2961,2.730334472077993e+41
2962,2.7399130571704062e+41
2963,2.749523868167914e+41
2964,2.759167008313724e+41
2965,2.7688425811627016e+41
2966,2.7785506905824068e+41
2967,2.788291440754265e+41
2968,2.798064936173373e+41
2969,2.807871281651016e+41
2970,2.817710582314516e+41
2971,2.8275829436082718e+41
2972,2.837488471294436e+41
2973,2.8474272714550084e+41
2974,2.8573994504908627e+41
2975,2.8674051151239002e+41
2976,2.8774443723975893e+41
2977,2.887517329677634e+41
2978,2.8976240946541144e+41
2979,2.907764775340396e+41
2980,2.917939480075443e+41
2981,2.9281483175243406e+41
2982,2.9383913966794795e+41
2983,2.948668826860345e+41
2984,2.958980717716146e+41
2985,2.9693271792255706e+41
2986,2.979708321698117e+41
2987,2.990124255775111e+41
2988,3.000575092429546e+41
2989,3.0110609429687853e+41
2990,3.021581919034384e+41
2991,3.0321381326031455e+41
2992,3.0427296959879076e+41
2993,3.0533567218396133e+41
2994,3.064019323146441e+41
2995,3.0747176132360362e+41
2996,3.085451705775964e+41
2997,3.096221714774512e+41
2998,3.1070277545829237e+41
2999,3.1178699398942533e+41
3000,3.128748385745786e+41
3001,3.139663207519658e+41
3002,3.1506145209439186e+41
3003,3.1616024420925488e+41
3004,3.1726270873879522e+41
3005,3.183688573601084e+41
3006,3.1947870178524064e+41
3007,3.2059225376132694e+41
3008,3.2170952507055772e+41
3009,3.228305275304828e+41
3010,3.2395527299396298e+41
3011,3.250837733493103e+41
3012,3.2621604052035142e+41
3013,3.2735208646665705e+41
3014,3.2849192318344223e+41
3015,3.296355627017926e+41
3016,3.3078301708874753e+41
3017,3.319342984473428e+41
3018,3.3308941891687167e+41
3019,3.34248390672751e+41
3020,3.3541122592678642e+41
3021,3.365779369272136e+41
3022,3.3774853595886167e+41
3023,3.3892303534308053e+41
3024,3.401014474380861e+41
3025,3.4128378463889503e+41
3026,3.424700593774777e+41
3027,3.4366028412289356e+41
3028,3.4485447138124223e+41
3029,3.460526336959847e+41
3030,3.472547836479089e+41
3031,3.4846093385526196e+41
3032,3.49671096973813e+41
3033,3.508852856971275e+41
3034,3.521035127564032e+41
3035,3.5332579092077266e+41
3036,3.545521329973477e+41
3037,3.557825518312686e+41
3038,3.570170603059979e+41
3039,3.582556713431706e+41
3040,3.594983979028613e+41
3041,3.607452529836422e+41
3042,3.619962496227532e+41
3043,3.632514008960106e+41
3044,3.645107199181937e+41
3045,3.6577421984295595e+41
3046,3.670419138630012e+41
3047,3.683138152102082e+41
3048,3.695899371555968e+41
3049,3.70870293009651e+41
3050,3.72154896122296e+41
3051,3.734437598830331e+41
3052,3.747368977209927e+41
3053,3.760343231052408e+41
3054,3.773360495446077e+41
3055,3.7864209058797915e+41
3056,3.799524598243661e+41
3057,3.812671708829632e+41
3058,3.825862374334346e+41
3059,3.839096731857695e+41
3060,3.8523749189056235e+41
3061,3.865697073390716e+41
3062,3.8790633336340235e+41
3063,3.892473838364052e+41
3064,3.905928726720717e+41
3065,3.919428138254857e+41
3066,3.932972212929393e+41
3067,3.9465610911208774e+41
3068,3.960194913620741e+41
3069,3.9738738216348565e+41
3070,3.9875979567872914e+41
3071,4.001367461119532e+41
3072,4.015182477092279e+41
3073,4.029043147586046e+41
3074,4.042949615903991e+41
3075,4.056902025770522e+41
3076,4.070900521334244e+41
3077,4.084945247168534e+41
3078,4.09903634827242e+41
3079,4.113173970073401e+41
3080,4.12735825842582e+41
3081,4.141589359614244e+41
3082,4.1558674203536885e+41
3083,4.170192587791544e+41
3084,4.184565009506766e+41
3085,4.1989848335139894e+41
3086,4.213452208262592e+41
3087,4.227967282638653e+41
3088,4.242530205966362e+41
3089,4.257141128007408e+41
3090,4.271800198964994e+41
3091,4.286507569483244e+41
3092,4.301263390648681e+41
3093,4.316067813991116e+41
3094,4.3309209914865796e+41
3095,4.345823075555966e+41
3096,4.36077421906777e+41
3097,4.375774575339068e+41
3098,4.39082429813629e+41
3099,4.405923541678153e+41
3100,4.421072460634106e+41
3101,4.43627121012749e+41
3102,4.451519945736364e+41
3103,4.4668188234950116e+41
3104,4.4821679998933785e+41
3105,4.497567631881162e+41
3106,4.513017876867218e+41
3107,4.5285188927210725e+41
3108,4.5440708377749084e+41
3109,4.5596738708225964e+41
3110,4.575328151124093e+41
3111,4.5910338384047006e+41
3112,4.6067910928566976e+41
3113,4.622600075140067e+41
3114,4.638460946386126e+41
3115,4.654373868195237e+41
3116,4.670339002640629e+41
3117,4.686356512268636e+41
3118,4.70242656009992e+41
3119,4.7185493096324844e+41
3120,4.734724924840064e+41
3121,4.750953570175389e+41
3122,4.767235410570943e+41
3123,4.783570611440782e+41
3124,4.799959338679738e+41
3125,4.8164017586679e+41
3126,4.832898038269714e+41
3127,4.8494483448359994e+41
3128,4.866052846205482e+41
3129,4.882711710704353e+41
3130,4.8994251071503794e+41
3131,4.916193204852424e+41
3132,4.933016173612034e+41
3133,4.949894183724528e+41
3134,4.96682740598208e+41
3135,4.983816011672176e+41
3136,5.000860172580879e+41
3137,5.017960060993657e+41
3138,5.035115849696277e+41
3139,5.0523277119782386e+41
3140,5.0695958216308794e+41
3141,5.0869203529508086e+41
3142,5.104301480740859e+41
3143,5.121739380311997e+41
3144,5.139234227482182e+41
3145,5.156786198581434e+41
3146,5.174395470450742e+41
3147,5.19206222044398e+41
3148,5.209786626430055e+41
3149,5.227568866791759e+41
3150,5.245409120430606e+41
3151,5.26330756676606e+41
3152,5.281264385737428e+41
3153,5.2992797578045965e+41
3154,5.317353863951818e+41
3155,5.335486885685537e+41
3156,5.353679005038196e+41
3157,5.371930404569045e+41
3158,5.390241267364958e+41
3159,5.408611777044047e+41
3160,5.427042117753715e+41
3161,5.4455324741743935e+41
3162,5.464083031520293e+41
3163,5.4826939755414996e+41
3164,5.501365492522879e+41
3165,5.520097769289309e+41
3166,5.538890993204512e+41
3167,5.557745352173093e+41
3168,5.576661034642816e+41
3169,5.595638229603172e+41
3170,5.61467712659108e+41
3171,5.6337779156892925e+41
3172,5.6529407875287626e+41
3173,5.6721659332895214e+41
3174,5.691453544704464e+41
3175,5.710803814057148e+41
3176,5.73021693418568e+41
3177,5.7496930984837465e+41
3178,5.769232500901225e+41
3179,5.7888353359482635e+41
3180,5.8085017986929674e+41
3181,5.828232084765542e+41
3182,5.848026390358916e+41
3183,5.867884912231007e+41
3184,5.887807847703545e+41
3185,5.9077953946675956e+41
3186,5.927847751582261e+41
3187,5.947965117477056e+41
3188,5.968147691953158e+41
3189,5.98839567518587e+41
3190,6.0087092679231775e+41
3191,6.029088671491466e+41
3192,6.049534087794251e+41
3193,6.0700457193144914e+41
3194,6.090623769115302e+41
3195,6.111268440844357e+41
3196,6.131979938730949e+41
3197,6.152758467591025e+41
3198,6.173604232827064e+41
3199,6.194517440429855e+41
3200,6.215498296982081e+41
3201,6.23654700965613e+41
3202,6.2576637862183e+41
3203,6.278848835029742e+41
3204,6.300102365048488e+41
3205,6.3214245858285135e+41
3206,6.342815707525263e+41
3207,6.364275940894619e+41
3208,6.385805497295021e+41
3209,6.4074045886899656e+41
3210,6.429073427646273e+41
3211,6.450812227340652e+41
3212,6.47262120155774e+41
3213,6.4945005646929226e+41
3214,6.51645053175306e+41
3215,6.538471318360724e+41
3216,6.5605631407517005e+41
3217,6.58272621577968e+41
3218,6.6049607609167416e+41
3219,6.62726699425456e+41
3220,6.649645134508603e+41
3221,6.672095401015722e+41
3222,6.694618013738654e+41
3223,6.717213193266633e+41
3224,6.739881160818125e+41
3225,6.7626221382392415e+41
3226,6.785436348009966e+41
3227,6.8083240132427345e+41
3228,6.8312853576850804e+41
3229,6.8543206057215666e+41
3230,6.8774299823729855e+41
3231,6.900613713302066e+41
3232,6.9238720248124225e+41
3233,6.947205143850796e+41
3234,6.970613298008195e+41
3235,6.994096715524409e+41
3236,7.017655625285046e+41
3237,7.041290256826651e+41
3238,7.065000840337132e+41
3239,7.0887876066571e+41
3240,7.112650787284476e+41
3241,7.136590614371524e+41
3242,7.16060732072961e+41
3243,7.184701139830286e+41
3244,7.208872305807782e+41
3245,7.23312105345737e+41
3246,7.257447618241989e+41
3247,7.281852236290825e+41
3248,7.306335144401785e+41
3249,7.330896580043816e+41
3250,7.355536781355877e+41
3251,7.380255987153106e+41
3252,7.405054436925504e+41
3253,7.429932370840535e+41
3254,7.454890029743992e+41
3255,7.479927655164957e+41
3256,7.505045489312717e+41
3257,7.53024377508193e+41
3258,7.555522756053336e+41
3259,7.580882676494904e+41
3260,7.606323781366525e+41
3261,7.631846316317712e+41
3262,7.657450527691528e+41
3263,7.683136662526375e+41
3264,7.708904968558502e+41
3265,7.734755694220002e+41
3266,7.760689088646252e+41
3267,7.786705401673712e+41
3268,7.812804883843442e+41
3269,7.838987786402733e+41
3270,7.86525436130436e+41
3271,7.891604861213005e+41
3272,7.918039539503976e+41
3273,7.944558650265605e+41
3274,7.971162448300601e+41
3275,7.997851189130895e+41
3276,8.024625128994535e+41
3277,8.051484524851165e+41
3278,8.078429634382501e+41
3279,8.10546071599384e+41
3280,8.132578028819244e+41
3281,8.159781832717859e+41
3282,8.187072388279654e+41
3283,8.214449956826242e+41
3284,8.241914800413907e+41
3285,8.269467181831221e+41
3286,8.297107364607177e+41
3287,8.32483561300888e+41
3288,8.352652192044591e+41
3289,8.380557367466461e+41
3290,8.408551405768756e+41
3291,8.436634574195169e+41
3292,8.464807140737406e+41
3293,8.493069374137642e+41
3294,8.521421543889588e+41
3295,8.5498639202444e+41
3296,8.578396774206478e+41
3297,8.607020377539725e+41
3298,8.635735002768155e+41
3299,8.664540923177108e+41
3300,8.693438412818604e+41
3301,8.722427746508203e+41
3302,8.751509199830217e+41
3303,8.780683049138859e+41
3304,8.809949571561425e+41
3305,8.83930904499602e+41
3306,8.868761748119523e+41
3307,8.898307960385807e+41
3308,8.927947962028202e+41
3309,8.957682034063202e+41
3310,8.987510458287745e+41
3311,9.017433517287872e+41
3312,9.047451494435905e+41
3313,9.077564673894214e+41
3314,9.107773340616894e+41
3315,9.138077780350622e+41
3316,9.168478279641061e+41
3317,9.198975125828439e+41
3318,9.229568607053891e+41
3319,9.26025901226034e+41
3320,9.291046631193655e+41
3321,9.321931754408386e+41
3322,9.352914673264131e+41
3323,9.383995679931547e+41
3324,9.415175067393045e+41
3325,9.446453129446451e+41
3326,9.477830160702314e+41
3327,9.509306456592581e+41
3328,9.540882313368478e+41
3329,9.57255802810358e+41
3330,9.604333898696625e+41
3331,9.636210223870006e+41
3332,9.668187303177596e+41
3333,9.700265437002944e+41
3334,9.732444926562283e+41
3335,9.764726073905685e+41
3336,9.797109181923342e+41
3337,9.829594554341162e+41
3338,9.862182495727353e+41
3339,9.894873311493524e+41
3340,9.927667307895347e+41
3341,9.960564792039368e+41
3342,9.993566071878525e+41
3343,1.0026671456218684e+42
3344,1.0059881254719476e+42
3345,1.0093195777897727e+42
3346,1.0126615337125322e+42
3347,1.0160140244637486e+42
3348,1.0193770813531253e+42
3349,1.0227507357767885e+42
3350,1.0261350192177082e+42
3351,1.029529963245389e+42
3352,1.0329355995167889e+42
3353,1.0363519597761137e+42
3354,1.0397790758551045e+42
3355,1.0432169796731738e+42
3356,1.0466657032380723e+42
3357,1.0501252786454025e+42
3358,1.0535957380793513e+42
3359,1.0570771138127327e+42
3360,1.0605694382071336e+42
3361,1.0640727437135707e+42
3362,1.0675870628720704e+42
3363,1.0711124283122958e+42
3364,1.074648872753663e+42
3365,1.0781964290057429e+42
3366,1.0817551299679098e+42
3367,1.0853250086303924e+42
3368,1.0889060980739226e+42
3369,1.092498431470143e+42
3370,1.0961020420819309e+42
3371,1.0997169632631664e+42
3372,1.1033432284596136e+42
3373,1.1069808712087804e+42
3374,1.1106299251401521e+42
3375,1.1142904239753679e+42
3376,1.1179624015289238e+42
3377,1.1216458917076537e+42
3378,1.125340928511472e+42
3379,1.1290475460334632e+42
3380,1.1327657784599983e+42
3381,1.1364956600714484e+42
3382,1.1402372252416921e+42
3383,1.1439905084388646e+42
3384,1.1477555442253695e+42
3385,1.1515323672583939e+42
3386,1.1553210122894548e+42
3387,1.1591215141655878e+42
3388,1.162933907828913e+42
3389,1.1667582283170674e+42
3390,1.170594510763575e+42
3391,1.1744427903975765e+42
3392,1.1783031025447649e+42
3393,1.182175482627242e+42
3394,1.1860599661637301e+42
3395,1.1899565887697923e+42
3396,1.1938653861585637e+42
3397,1.1977863941401623e+42
3398,1.2017196486225639e+42
3399,1.2056651856115562e+42
3400,1.209623041210989e+42
3401,1.2135932516234636e+42
3402,1.2175758531498162e+42
3403,1.221570882189859e+42
3404,1.2255783752425358e+42
3405,1.2295983689062492e+42
3406,1.2336308998786229e+42
3407,1.2376760049574886e+42
3408,1.2417337210406608e+42
3409,1.2458040851262457e+42
3410,1.2498871343131321e+42
3411,1.2539829058005233e+42
3412,1.258091436889197e+42
3413,1.2622127649810667e+42
3414,1.2663469275796047e+42
3415,1.2704939622899966e+42
3416,1.2746539068198838e+42
3417,1.2788267989788108e+42
3418,1.2830126766790546e+42
3419,1.2872115779356651e+42
3420,1.2914235408666459e+42
3421,1.2956486036937488e+42
3422,1.2998868047418727e+42
3423,1.3041381824398705e+42
3424,1.3084027753207224e+42
3425,1.3126806220218172e+42
3426,1.3169717612847494e+42
3427,1.3212762319564106e+42
3428,1.325594072988569e+42
3429,1.3299253234384443e+42
3430,1.3342700224689578e+42
3431,1.3386282093484921e+42
3432,1.3429999234519715e+42
3433,1.3473852042606074e+42
3434,1.3517840913622088e+42
3435,1.3561966244513819e+42
3436,1.360622843330315e+42
3437,1.3650627879082004e+42
3438,1.3695164982020834e+42
3439,1.3739840143369263e+42
3440,1.3784653765459238e+42
3441,1.3829606251705982e+42
3442,1.3874698006616397e+42
3443,1.3919929435783318e+42
3444,1.3965300945893485e+42
3445,1.4010812944728997e+42
3446,1.405646584117169e+42
3447,1.410226004519921e+42
3448,1.414819596789705e+42
3449,1.4194274021455644e+42
3450,1.4240494619173552e+42
3451,1.428685817546268e+42
3452,1.4333365105843813e+42
3453,1.4380015826959792e+42
3454,1.4426810756570735e+42
3455,1.447375031355927e+42
3456,1.452083491793128e+42
3457,1.456806499082484e+42
3458,1.461544095450346e+42
3459,1.4662963232365714e+42
3460,1.4710632248945536e+42
3461,1.4758448429913894e+42
3462,1.4806412202087852e+42
3463,1.485452399342346e+42
3464,1.4902784233025413e+42
3465,1.495119335114772e+42
3466,1.499975177919863e+42
3467,1.504845994973582e+42
3468,1.5097318296480437e+42
3469,1.5146327254312294e+42
3470,1.5195487259274854e+42
3471,1.5244798748579002e+42
3472,1.5294262160600105e+42
3473,1.5343877934890115e+42
3474,1.5393646512173987e+42
3475,1.5443568334353944e+42
3476,1.5493643844511168e+42
3477,1.554387348691471e+42
3478,1.559425770701467e+42
3479,1.5644796951451504e+42
3480,1.5695491668057546e+42
3481,1.5746342305857197e+42
3482,1.5797349315078513e+42
3483,1.5848513147143437e+42
3484,1.5899834254679535e+42
3485,1.595131309151983e+42
3486,1.6002950112708264e+42
3487,1.605474577449492e+42
3488,1.610670053435014e+42
3489,1.6158814850959894e+42
3490,1.621108918423029e+42
3491,1.6263523995293205e+42
3492,1.631611974650058e+42
3493,1.636887690143963e+42
3494,1.64217959249275e+42
3495,1.647487728301654e+42
3496,1.6528121442995243e+42
3497,1.6581528873398625e+42
3498,1.6635100043999564e+42
3499,1.6688835425820403e+42
3500,1.6742735491132672e+42
3501,1.679680071345951e+42
3502,1.6851031567584577e+42
3503,1.6905428529545144e+42
3504,1.6959992076642362e+42
3505,1.7014722687441118e+42
3506,1.7069620841777407e+42
3507,1.712468702075068e+42
3508,1.717992170674128e+42
3509,1.723532538340323e+42
3510,1.7290898535671117e+42
3511,1.7346641649763996e+42
3512,1.7402555213181086e+42
3513,1.745863971471618e+42
3514,1.7514895644453192e+42
3515,1.757132349377108e+42
3516,1.76279237553448e+42
3517,1.768469692315631e+42
3518,1.7741643492486142e+42
3519,1.7798763959923866e+42
3520,1.7856058823369607e+42
3521,1.7913528582034605e+42
3522,1.7971173736453128e+42
3523,1.8028994788472758e+42
3524,1.8086992241266193e+42
3525,1.814516659933175e+42
3526,1.8203518368498887e+42
3527,1.8262048055923046e+42
3528,1.8320756170101473e+42
3529,1.837964322086694e+42
3530,1.843870971939514e+42
3531,1.849795617820693e+42
3532,1.8557383111166396e+42
3533,1.8616991033493552e+42
3534,1.8676780461761804e+42
3535,1.873675191390084e+42
3536,1.879690590920004e+42
3537,1.8857242968317657e+42
3538,1.8917763613273104e+42
3539,1.897846836745854e+42
3540,1.9039357755639043e+42
3541,1.9100432303954218e+42
3542,1.9161692539929783e+42
3543,1.9223138992468577e+42
3544,1.9284772191861262e+42
3545,1.9346592669788643e+42
3546,1.940860095932624e+42
3547,1.94707975949387e+42
3548,1.9533183112497463e+42
3549,1.9595758049273147e+42
3550,1.9658522943943166e+42
3551,1.972147833659604e+42
3552,1.9784624768725648e+42
3553,1.984796278324888e+42
3554,1.9911492924498703e+42
3555,1.9975215738231068e+42
3556,2.0039131771624955e+42
3557,2.0103241573294735e+42
3558,2.0167545693281013e+42
3559,2.0232044683061592e+42
3560,2.0296739095553646e+42
3561,2.036162948511419e+42
3562,2.042671640755237e+42
3563,2.0492000420120182e+42
3564,2.055748208152325e+42
3565,2.062316195192434e+42
3566,2.0689040592943783e+42
3567,2.075511856766771e+42
3568,2.082139644064095e+42
3569,2.0887874777884364e+42
3570,2.0954554146889235e+42
3571,2.102143511662283e+42
3572,2.1088518257534693e+42
3573,2.1155804141549813e+42
3574,2.1223293342086493e+42
3575,2.129098643405048e+42
3576,2.1358883993841577e+42
3577,2.142698659935266e+42
3578,2.149529482998432e+42
3579,2.1563809266634194e+42
3580,2.16325304917085e+42
3581,2.1701459089124356e+42
3582,2.177059564431052e+42
3583,2.1839940744220412e+42
3584,2.1909494977320892e+42
3585,2.1979258933606607e+42
3586,2.204923320459942e+42
3587,2.2119418383355357e+42
3588,2.2189815064458205e+42
3589,2.226042384403755e+42
3590,2.233124531976298e+42
3591,2.2402280090849154e+42
3592,2.2473528758063005e+42
3593,2.2544991923716642e+42
3594,2.2616670191685438e+42
3595,2.2688564167402763e+42
3596,2.2760674457864994e+42
3597,2.2833001671633707e+42
3598,2.2905546418847727e+42
3599,2.2978309311213326e+42
3600,2.305129096201673e+42
3601,2.3124491986125675e+42
3602,2.3197912999990596e+42
3603,2.327155462165823e+42
3604,2.3345417470759288e+42
3605,2.341950216852432e+42
3606,2.349380933778206e+42
3607,2.356833960296792e+42
3608,2.3643093590116417e+42
3609,2.371807192688002e+42
3610,2.3793275242522978e+42
3611,2.386870416792775e+42
3612,2.394435933560082e+42
3613,2.402024137966571e+42
3614,2.4096350935883244e+42
3615,2.4172688641644548e+42
3616,2.4249255135976504e+42
3617,2.4326051059543985e+42
3618,2.4403077054663265e+42
3619,2.448033376529105e+42
3620,2.455782183703693e+42
3621,2.463554191716617e+42
3622,2.4713494654600226e+42
3623,2.4791680699931155e+42
3624,2.4870100705409235e+42
3625,2.494875532495725e+42
3626,2.5027645214172808e+42
3627,2.5106771030333118e+42
3628,2.5186133432389058e+42
3629,2.5265733080984778e+42
3630,2.5345570638450924e+42
3631,2.542564676881172e+42
3632,2.5505962137789694e+42
3633,2.5586517412800574e+42
3634,2.566731326297254e+42
3635,2.5748350359139236e+42
3636,2.5829629373846645e+42
3637,2.5911150981353578e+42
3638,2.5992915857647597e+42
3639,2.6074924680431218e+42
3640,2.61571781291377e+42
3641,2.6239676884930984e+42
3642,2.63224216307092e+42
3643,2.6405413051116618e+42
3644,2.6488651832532927e+42
3645,2.6572138663088037e+42
3646,2.6655874232662392e+42
3647,2.673985923289472e+42
3648,2.682409435717385e+42
3649,2.690858030066e+42
3650,2.6993317760277282e+42
3651,2.7078307434721487e+42
3652,2.7163550024465038e+42
3653,2.7249046231750005e+42
3654,2.7334796760611704e+42
3655,2.742080231686774e+42
3656,2.7507063608126483e+42
3657,2.7593581343788717e+42
3658,2.7680356235062658e+42
3659,2.77673889949497e+42
3660,2.785468033826181e+42
3661,2.7942230981621395e+42
3662,2.803004164346257e+42
3663,2.811811304404781e+42
3664,2.820644590545271e+42
3665,2.8295040951583944e+42
3666,2.8383898908177996e+42
3667,2.847302050281072e+42
3668,2.8562406464887e+42
3669,2.865205752566541e+42
3670,2.874197441824761e+42
3671,2.883215787758777e+42
3672,2.89226086404985e+42
3673,2.9013327445642463e+42
3674,2.9104315033555904e+42
3675,2.919557214664023e+42
3676,2.928709952916845e+42
3677,2.937889792728724e+42
3678,2.9470968089032915e+42
3679,2.956331076431723e+42
3680,2.965592670494376e+42
3681,2.97488166646087e+42
3682,2.984198139890321e+42
3683,2.9935421665328464e+42
3684,3.002913822328224e+42
3685,3.0123131834075045e+42
3686,3.0217403260931364e+42
3687,3.031195326899753e+42
3688,3.040678262533195e+42
3689,3.0501892098930055e+42
3690,3.0597282460714956e+42
3691,3.0692954483544777e+42
3692,3.0788908942217336e+42
3693,3.088514661347751e+42
3694,3.098166827600763e+42
3695,3.107847471045332e+42
3696,3.117556669941289e+42
3697,3.127294502744583e+42
3698,3.137061048107272e+42
3699,3.1468563848795426e+42
3700,3.1566805921077946e+42
3701,3.16653374903667e+42
3702,3.1764159351090177e+42
3703,3.1863272299660707e+42
3704,3.1962677134492347e+42
3705,3.2062374655983573e+42
3706,3.216236566653693e+42
3707,3.2262650970559283e+42
3708,3.236323137446996e+42
3709,3.246410768669011e+42
3710,3.2565280717669477e+42
3711,3.266675127987669e+42
3712,3.276852018780552e+42
3713,3.28705882579851e+42
3714,3.2972956308968733e+42
3715,3.307562516135988e+42
3716,3.3178595637802853e+42
3717,3.328186856299023e+42
3718,3.338544476366435e+42
3719,3.348932506863562e+42
3720,3.3593510308765496e+42
3721,3.369800131698539e+42
3722,3.380279892829799e+42
3723,3.3907903979777706e+42
3724,3.401331731059007e+42
3725,3.41190397619731e+42
3726,3.422507217725862e+42
3727,3.433141540187112e+42
3728,3.4438070283337866e+42
3729,3.454503767127615e+42
3730,3.465231841742312e+42
3731,3.475991337562304e+42
3732,3.4867823401836203e+42
3733,3.497604935414887e+42
3734,3.508459209275938e+42
3735,3.519345248000951e+42
3736,3.5302631380370554e+42
3737,3.541212966045357e+42
3738,3.552194818901013e+42
3739,3.563208783695095e+42
3740,3.5742549477328964e+42
3741,3.5853333985358115e+42
3742,3.5964442238415817e+42
3743,3.607587511604154e+42
3744,3.618763349995938e+42
3745,3.6299718274057165e+42
3746,3.641213032440848e+42
3747,3.652487053927164e+42
3748,3.663793980910116e+42
3749,3.675133902653313e+42
3750,3.686506908641652e+42
3751,3.697913088580051e+42
3752,3.709352532394409e+42
3753,3.7208253302324336e+42
3754,3.732331572462414e+42
3755,3.743871349676351e+42
3756,3.7554447526885813e+42
3757,3.767051872536815e+42
3758,3.7786928004821125e+42
3759,3.7903676280110037e+42
3760,3.802076446833627e+42
3761,3.813819348885691e+42
3762,3.825596426328648e+42
3763,3.8374077715496675e+42
3764,3.849253477163987e+42
3765,3.861133636012608e+42
3766,3.873048341164605e+42
3767,3.884997685917275e+42
3768,3.8969817637968615e+42
3769,3.9090006685574935e+42
3770,3.9210544941841243e+42
3771,3.933143334891375e+42
3772,3.9452672851244245e+42
3773,3.9574264395599967e+42
3774,3.969620893104973e+42
3775,3.9818507408996045e+42
3776,3.994116078316282e+42
3777,4.006417000960343e+42
3778,4.0187536046702615e+42
3779,4.0311259855198656e+42
3780,4.043534239816071e+42
3781,4.0559784641013275e+42
3782,4.068458755153565e+42
3783,4.0809752099862275e+42
3784,4.0935279258506494e+42
3785,4.106117000233799e+42
3786,4.1187425308605425e+42
3787,4.1314046156938793e+42
3788,4.1441033529356426e+42
3789,4.156838841025307e+42
3790,4.169611178643281e+42
3791,4.182420464709531e+42
3792,4.195266798384459e+42
3793,4.20815027907006e+42
3794,4.2210710064084016e+42
3795,4.234029080285013e+42
3796,4.2470246008274957e+42
3797,4.2600576684065145e+42
3798,4.2731283836358234e+42
3799,4.286236847374644e+42
3800,4.29938316072546e+42
3801,4.312567425036219e+42
3802,4.325789741900619e+42
3803,4.339050213157854e+42
3804,4.352348940895345e+42
3805,4.36568602744613e+42
3806,4.379061575391532e+42
3807,4.392475687560932e+42
3808,4.4059284670329697e+42
3809,4.419420017134198e+42
3810,4.4329504414421366e+42
3811,4.446519843784321e+42
3812,4.460128328238861e+42
3813,4.473775999135443e+42
3814,4.4874629610559334e+42
3815,4.501189318833137e+42
3816,4.514955177554242e+42
3817,4.5287606425593274e+42
3818,4.542605819442424e+42
3819,4.5564908140516465e+42
3820,4.5704157324914904e+42
3821,4.584380681120512e+42
3822,4.5983857665539113e+42
3823,4.6124310956634114e+42
3824,4.6265167755774044e+42
3825,4.6406429136834273e+42
3826,4.654809617625701e+42
3827,4.6690169953077147e+42
3828,4.683265154892178e+42
3829,4.697554204802225e+42
3830,4.711884253719654e+42
3831,4.7262554105887085e+42
3832,4.7406677846146744e+42
3833,4.75512148526462e+42
3834,4.7696166222687246e+42
3835,4.784153305618604e+42
3836,4.7987316455710667e+42
3837,4.81335175264647e+42
3838,4.828013737629897e+42
3839,4.842717711571138e+42
3840,4.8574637857872284e+42
3841,4.872252071859919e+42
3842,4.8870826816384807e+42
3843,4.9019557272395153e+42
3844,4.9168713210469685e+42
3845,4.931829575715034e+42
3846,4.946830604165199e+42
3847,4.961874519589198e+42
3848,4.9769614354488797e+42
3849,4.992091465477349e+42
3850,5.0072647236774486e+42
3851,5.022481324325165e+42
3852,5.03774138196871e+42
3853,5.0530450114289586e+42
3854,5.0683923278008986e+42
3855,5.0837834464519465e+42
3856,5.0992184830257314e+42
3857,5.11469755344052e+42
3858,5.130220773890349e+42
3859,5.145788260844858e+42
3860,5.1614001310523827e+42
3861,5.177056501536848e+42
3862,5.1927574896008754e+42
3863,5.208503212825422e+42
3864,5.22429378907018e+42
3865,5.2401293364762536e+42
3866,5.256009973463041e+42
3867,5.2719358187315635e+42
3868,5.2879069912640757e+42
3869,5.303923610325586e+42
3870,5.319985795461583e+42
3871,5.336093666502602e+42
3872,5.352247343562297e+42
3873,5.368446947038416e+42
3874,5.3846925976142706e+42
3875,5.400984416256728e+42
3876,5.4173225242202926e+42
3877,5.4337070430456865e+42
3878,5.450138094560537e+42
3879,5.466615800879703e+42
3880,5.483140284408095e+42
3881,5.4997116678376866e+42
3882,5.516330074150527e+42
3883,5.532995626618701e+42
3884,5.549708448804274e+42
3885,5.566468664562388e+42
3886,5.583276398038056e+42
3887,5.600131773669377e+42
3888,5.617034916187403e+42
3889,5.633985950617354e+42
3890,5.650985002276551e+42
3891,5.668032196779224e+42
3892,5.685127660034088e+42
3893,5.702271518245757e+42
3894,5.719463897916163e+42
3895,5.736704925842212e+42
3896,5.753994729120486e+42
3897,5.771333435145383e+42
3898,5.788721171609808e+42
3899,5.806158066505941e+42
3900,5.823644248127609e+42
3901,5.841179845067612e+42
3902,5.858764986220542e+42
3903,5.876399800782942e+42
3904,5.894084418253055e+42
3905,5.911818968434397e+42
3906,5.929603581431923e+42
3907,5.947438387655667e+42
3908,5.96532351782057e+42
3909,5.983259102947736e+42
3910,6.001245274362224e+42
3911,6.019282163698039e+42
3912,6.037369902895593e+42
3913,6.055508624203424e+42
3914,6.073698460179094e+42
3915,6.091939543687448e+42
3916,6.110232007905031e+42
3917,6.128575986318051e+42
3918,6.146971612723767e+42
3919,6.16541902123038e+42
3920,6.183918346260199e+42
3921,6.202469722546497e+42
3922,6.221073285136484e+42
3923,6.239729169391646e+42
3924,6.258437510987217e+42
3925,6.277198445916082e+42
3926,6.296012110484654e+42
3927,6.314878641316884e+42
3928,6.333798175353747e+42
3929,6.352770849854673e+42
3930,6.371796802395405e+42
3931,6.390876170872989e+42
3932,6.410009093503204e+42
3933,6.429195708822177e+42
3934,6.448436155687815e+42
3935,6.46773057327726e+42
3936,6.487079101092035e+42
3937,6.506481878955745e+42
3938,6.525939047015502e+42
3939,6.545450745742316e+42
3940,6.565017115931292e+42
3941,6.584638298705096e+42
3942,6.604314435510057e+42
3943,6.624045668119908e+42
3944,6.643832138635584e+42
3945,6.663673989485205e+42
3946,6.68357136342752e+42
3947,6.703524403548464e+42
3948,6.723533253264147e+42
3949,6.743598056321499e+42
3950,6.763718956798939e+42
3951,6.783896099104541e+42
3952,6.80412962798097e+42
3953,6.824419688503072e+42
3954,6.844766426079505e+42
3955,6.865169986453758e+42
3956,6.885630515702252e+42
3957,6.906148160239028e+42
3958,6.926723066813751e+42
3959,6.947355382513012e+42
3960,6.968045254760059e+42
3961,6.988792831318733e+42
3962,7.009598260289363e+42
3963,7.030461690112544e+42
3964,7.0513832695691e+42
3965,7.072363147779834e+42
3966,7.093401474209269e+42
3967,7.114498398661927e+42
3968,7.135654071285629e+42
3969,7.156868642571839e+42
3970,7.178142263356847e+42
3971,7.199475084819216e+42
3972,7.22086725848557e+42
3973,7.242318936227467e+42
3974,7.263830270263517e+42
3975,7.28540141316042e+42
3976,7.307032517830504e+42
3977,7.328723737537386e+42
3978,7.350475225892994e+42
3979,7.372287136859683e+42
3980,7.394159624749591e+42
3981,7.416092844228499e+42
3982,7.438086950312222e+42
3983,7.460142098369901e+42
3984,7.48225844412409e+42
3985,7.504436143650719e+42
3986,7.526675353382925e+42
3987,7.548976230106664e+42
3988,7.571338930965177e+42
3989,7.593763613458155e+42
3990,7.616250435443894e+42
3991,7.638799555136022e+42
3992,7.661411131109772e+42
3993,7.684085322298905e+42
3994,7.706822287997549e+42
3995,7.729622187861289e+42
3996,7.752485181904975e+42
3997,7.775411430508025e+42
3998,7.798401094412122e+42
3999,7.821454334722505e+42
4000,7.844571312907724e+42
4001,7.867752190804025e+42
4002,7.890997130610786e+42
4003,7.914306294894417e+42
4004,7.937679846588669e+42
4005,7.961117948993877e+42
4006,7.984620765781532e+42
4007,8.008188460989646e+42
4008,8.031821199026894e+42
4009,8.05551914467256e+42
4010,8.079282463077911e+42
4011,8.103111319763497e+42
4012,8.127005880625092e+42
4013,8.150966311930934e+42
4014,8.174992780323232e+42
4015,8.199085452819803e+42
4016,8.223244496811152e+42
4017,8.24747008006665e+42
4018,8.271762370731357e+42
4019,8.296121537328116e+42
4020,8.320547748756899e+42
4021,8.345041174299327e+42
4022,8.369601983613909e+42
4023,8.394230346740549e+42
4024,8.418926434099915e+42
4025,8.443690416493634e+42
4026,8.468522465108628e+42
4027,8.493422751512036e+42
4028,8.518391447655968e+42
4029,8.543428725876934e+42
4030,8.568534758897845e+42
4031,8.593709719824808e+42
4032,8.618953782153201e+42
4033,8.644267119765196e+42
4034,8.669649906931062e+42
4035,8.695102318310791e+42
4036,8.720624528951196e+42
4037,8.746216714292157e+42
4038,8.771879050163883e+42
4039,8.797611712788062e+42
4040,8.823414878777815e+42
4041,8.849288725142807e+42
4042,8.875233429283181e+42
4043,8.901249168995177e+42
4044,8.927336122470035e+42
4045,8.953494468294215e+42
4046,8.979724385454058e+42
4047,9.006026053330393e+42
4048,9.03239965170331e+42
4049,9.058845360751951e+42
4050,9.085363361056142e+42
4051,9.111953833593231e+42
4052,9.138616959744824e+42
4053,9.165352921293232e+42
4054,9.192161900423649e+42
4055,9.219044079725624e+42
4056,9.245999642189825e+42
4057,9.273028771214716e+42
4058,9.300131650603517e+42
4059,9.327308464565725e+42
4060,9.354559397716877e+42
4061,9.38188463508351e+42
4062,9.409284362097592e+42
4063,9.436758764601266e+42
4064,9.464308028847022e+42
4065,9.491932341497983e+42
4066,9.519631889627884e+42
4067,9.54740686072577e+42
4068,9.575257442690503e+42
4069,9.603183823835967e+42
4070,9.631186192890583e+42
4071,9.65926473899892e+42
4072,9.687419651718388e+42
4073,9.71565112102665e+42
4074,9.743959337317715e+42
4075,9.772344491403571e+42
4076,9.800806774516774e+42
4077,9.829346378306028e+42
4078,9.857963494844162e+42
4079,9.886658316623896e+42
4080,9.915431036560319e+42
4081,9.944281847990168e+42
4082,9.973210944676966e+42
4083,1.0002218520805096e+43
4084,1.0031304770985392e+43
4085,1.0060469890254547e+43
4086,1.0089714074074619e+43
4087,1.0119037518338412e+43
4088,1.0148440419363707e+43
4089,1.0177922973897999e+43
4090,1.0207485379118544e+43
4091,1.0237127832634434e+43
4092,1.0266850532482236e+43
4093,1.0296653677134033e+43
4094,1.0326537465493422e+43
4095,1.0356502096897652e+43
4096,1.0386547771119401e+43
4097,1.0416674688362711e+43
4098,1.0446883049271096e+43
4099,1.047717305492361e+43
4100,1.0507544906836324e+43
4101,1.0537998806962704e+43
4102,1.05685349576983e+43
4103,1.0599153561875025e+43
4104,1.0629854822766508e+43
4105,1.0660638944087306e+43
4106,1.0691506129993248e+43
4107,1.0722456585086114e+43
4108,1.0753490514408151e+43
4109,1.0784608123446725e+43
4110,1.0815809618134618e+43
4111,1.0847095204851733e+43
4112,1.0878465090421041e+43
4113,1.0909919482116667e+43
4114,1.0941458587659621e+43
4115,1.0973082615220321e+43
4116,1.100479177342005e+43
4117,1.1036586271327118e+43
4118,1.1068466318465015e+43
4119,1.110043212480819e+43
4120,1.1132483900784027e+43
4121,1.116462185727256e+43
4122,1.1196846205612316e+43
4123,1.1229157157593216e+43
4124,1.126155492546278e+43
4125,1.1294039721925416e+43
4126,1.1326611760142144e+43
4127,1.1359271253736506e+43
4128,1.139201841678715e+43
4129,1.1424853463834684e+43
4130,1.1457776609880344e+43
4131,1.149078807038863e+43
4132,1.1523888061282696e+43
4133,1.1557076798952922e+43
4134,1.1590354500252547e+43
4135,1.1623721382499857e+43
4136,1.1657177663480198e+43
4137,1.169072356144153e+43
4138,1.172435929510334e+43
4139,1.175808508365177e+43
4140,1.1791901146742085e+43
4141,1.182580770449802e+43
4142,1.1859804977517872e+43
4143,1.1893893186867504e+43
4144,1.1928072554086346e+43
4145,1.196234330118682e+43
4146,1.19967056506539e+43
4147,1.2031159825451123e+43
4148,1.206570604901382e+43
4149,1.2100344545254728e+43
4150,1.2135075538563964e+43
4151,1.2169899253810524e+43
4152,1.220481591633845e+43
4153,1.2239825751975383e+43
4154,1.2274928987027913e+43
4155,1.231012584828387e+43
4156,1.2345416563014402e+43
4157,1.2380801358969832e+43
4158,1.2416280464387732e+43
4159,1.2451854107988993e+43
4160,1.2487522518980128e+43
4161,1.252328592705185e+43
4162,1.2559144562386444e+43
4163,1.2595098655649772e+43
4164,1.2631148437997726e+43
4165,1.2667294141075384e+43
4166,1.2703535997017086e+43
4167,1.273987423845228e+43
4168,1.2776309098498186e+43
4169,1.2812840810766085e+43
4170,1.2849469609361251e+43
4171,1.288619572888435e+43
4172,1.2923019404427352e+43
4173,1.295994087158244e+43
4174,1.2996960366437402e+43
4175,1.3034078125577864e+43
4176,1.3071294386089463e+43
4177,1.310860938555258e+43
4178,1.3146023362052877e+43
4179,1.3183536554175426e+43
4180,1.322114920100702e+43
4181,1.3258861542136096e+43
4182,1.3296673817658805e+43
4183,1.333458626817185e+43
4184,1.3372599134778464e+43
4185,1.3410712659088038e+43
4186,1.344892708321552e+43
4187,1.3487242649787975e+43
4188,1.352565960193731e+43
4189,1.3564178183305768e+43
4190,1.3602798638046534e+43
4191,1.3641521210823614e+43
4192,1.368034614681497e+43
4193,1.371927369170688e+43
4194,1.3758304091703867e+43
4195,1.3797437593523404e+43
4196,1.383667444439898e+43
4197,1.3876014892081643e+43
4198,1.39154591848349e+43
4199,1.3955007571445108e+43
4200,1.3994660301216137e+43
4201,1.4034417623971376e+43
4202,1.4074279790053421e+43
4203,1.4114247050330957e+43
4204,1.4154319656190274e+43
4205,1.4194497859542494e+43
4206,1.4234781912822897e+43
4207,1.4275172068990013e+43
4208,1.431566858153281e+43
4209,1.4356271704462084e+43
4210,1.439698169231801e+43
4211,1.44377988001688e+43
4212,1.447872328361396e+43
4213,1.451975539877758e+43
4214,1.4560895402319986e+43
4215,1.4602143551431744e+43
4216,1.464350010383602e+43
4217,1.4684965317790898e+43
4218,1.4726539452084416e+43
4219,1.4768222766044627e+43
4220,1.481001551953384e+43
4221,1.4851917972952004e+43
4222,1.4893930387234689e+43
4223,1.4936053023861634e+43
4224,1.4978286144846708e+43
4225,1.5020630012746806e+43
4226,1.5063084890659325e+43
4227,1.5105651042223002e+43
4228,1.5148328731624164e+43
4229,1.5191118223588446e+43
4230,1.5234019783387844e+43
4231,1.5277033676840456e+43
4232,1.532016017031241e+43
4233,1.5363399530712167e+43
4234,1.5406752025502066e+43
4235,1.5450217922691927e+43
4236,1.5493797490841384e+43
4237,1.5537490999063266e+43
4238,1.558129871701693e+43
4239,1.5625220914919927e+43
4240,1.5669257863541485e+43
4241,1.5713409834205532e+43
4242,1.57576770987899e+43
4243,1.5802059929733637e+43
4244,1.584655860002801e+43
4245,1.5891173383224264e+43
4246,1.5935904553432476e+43
4247,1.5980752385320852e+43
4248,1.6025717154123768e+43
4249,1.6070799135631754e+43
4250,1.6115998606200188e+43
4251,1.6161315842747189e+43
4252,1.6206751122757577e+43
4253,1.6252304724275794e+43
4254,1.6297976925917875e+43
4255,1.6343768006865028e+43
4256,1.6389678246866576e+43
4257,1.6435707926241952e+43
4258,1.648185732587542e+43
4259,1.6528126727226958e+43
4260,1.6574516412326573e+43
4261,1.6621026663776068e+43
4262,1.6667657764749435e+43
4263,1.671440999899969e+43
4264,1.676128365085001e+43
4265,1.6808279005201093e+43
4266,1.6855396347530536e+43
4267,1.6902635963891913e+43
4268,1.6949998140923049e+43
4269,1.6997483165836161e+43
4270,1.7045091326425024e+43
4271,1.709282291106564e+43
4272,1.7140678208717578e+43
4273,1.7188657508918462e+43
4274,1.7236761101795554e+43
4275,1.7284989278058925e+43
4276,1.733334232900512e+43
4277,1.7381820546518935e+43
4278,1.743042422306754e+43
4279,1.7479153651712393e+43
4280,1.7528009126102367e+43
4281,1.757699094047727e+43
4282,1.7626099389666122e+43
4283,1.7675334769096057e+43
4284,1.7724697374781299e+43
4285,1.7774187503332947e+43
4286,1.7823805451956217e+43
4287,1.7873551518451013e+43
4288,1.7923426001219427e+43
4289,1.797342919925597e+43
4290,1.802356141215538e+43
4291,1.8073822940112359e+43
4292,1.8124214083923918e+43
4293,1.8174735144982583e+43
4294,1.8225386425289064e+43
4295,1.8276168227445634e+43
4296,1.8327080854658529e+43
4297,1.8378124610741528e+43
4298,1.8429299800107684e+43
4299,1.8480606727783695e+43
4300,1.853204569940193e+43
4301,1.8583617021203363e+43
4302,1.863532100003672e+43
4303,1.8687157943367994e+43
4304,1.8739128159267827e+43
4305,1.8791231956421796e+43
4306,1.8843469644129136e+43
4307,1.889584153230084e+43
4308,1.8948347931469894e+43
4309,1.9000989152778538e+43
4310,1.9053765507989237e+43
4311,1.9106677309481457e+43
4312,1.9159724870256575e+43
4313,1.921290850392883e+43
4314,1.9266228524740166e+43
4315,1.9319685247552104e+43
4316,1.9373278987848606e+43
4317,1.9427010061737213e+43
4318,1.9480878785952641e+43
4319,1.9534885477848158e+43
4320,1.9589030455409908e+43
4321,1.9643314037249754e+43
4322,1.9697736542607242e+43
4323,1.9752298291349087e+43
4324,1.9806999603978967e+43
4325,1.9861840801624637e+43
4326,1.991682220604868e+43
4327,1.9971944139646079e+43
4328,2.002720692544379e+43
4329,2.008261088710948e+43
4330,2.0138156348941547e+43
4331,2.0193843635875643e+43
4332,2.0249673073486028e+43
4333,2.0305644987987336e+43
4334,2.036175970622694e+43
4335,2.041801755569992e+43
4336,2.047441886453986e+43
4337,2.0530963961523274e+43
4338,2.0587653176071428e+43
4339,2.064448683824388e+43
4340,2.0701465278751644e+43
4341,2.0758588828949328e+43
4342,2.0815857820839257e+43
4343,2.087327258706864e+43
4344,2.0930833460941455e+43
4345,2.0988540776403718e+43
4346,2.1046394868055052e+43
4347,2.1104396071146742e+43
4348,2.116254472158046e+43
4349,2.1220841155918319e+43
4350,2.1279285711370345e+43
4351,2.1337878725804323e+43
4352,2.1396620537744404e+43
4353,2.1455511486374414e+43
4354,2.1514551911530022e+43
4355,2.1573742153712743e+43
4356,2.1633082554082049e+43
4357,2.1692573454459e+43
4358,2.175221519732897e+43
4359,2.1812008125833166e+43
4360,2.1871952583784456e+43
4361,2.1932048915657763e+43
4362,2.1992297466594463e+43
4363,2.2052698582400287e+43
4364,2.211325260955604e+43
4365,2.2173959895204106e+43
4366,2.223482078715898e+43
4367,2.229583563390612e+43
4368,2.235700478460012e+43
4369,2.241832858907557e+43
4370,2.2479807397833075e+43
4371,2.2541441562050673e+43
4372,2.260323143358134e+43
4373,2.2665177364957856e+43
4374,2.272727970938202e+43
4375,2.278953882074169e+43
4376,2.285195505360215e+43
4377,2.291452876320797e+43
4378,2.2977260305488857e+43
4379,2.3040150037047766e+43
4380,2.3103198315178816e+43
4381,2.316640549785818e+43
4382,2.322977194374668e+43
4383,2.329329801218863e+43
4384,2.335698406322291e+43
4385,2.342083045756894e+43
4386,2.348483755663745e+43
4387,2.3549005722528774e+43
4388,2.3613335318032366e+43
4389,2.367782670663575e+43
4390,2.374248025251305e+43
4391,2.380729632053344e+43
4392,2.3872275276261477e+43
4393,2.39374174859597e+43
4394,2.400272331657921e+43
4395,2.406819313577696e+43
4396,2.413382731190494e+43
4397,2.4199626214015996e+43
4398,2.426559021186505e+43
4399,2.433171967590021e+43
4400,2.4398014977280834e+43
4401,2.446447648786613e+43
4402,2.4531104580220686e+43
4403,2.4597899627610057e+43
4404,2.466486200401552e+43
4405,2.4731992084116597e+43
4406,2.4799290243304405e+43
4407,2.486675685767843e+43
4408,2.4934392304045857e+43
4409,2.5002196959932824e+43
4410,2.5070171203569935e+43
4411,2.5138315413902893e+43
4412,2.5206629970591507e+43
4413,2.527511525401348e+43
4414,2.534377164525383e+43
4415,2.5412599526122673e+43
4416,2.5481599279145425e+43
4417,2.5550771287566326e+43
4418,2.56201159353515e+43
4419,2.5689633607180326e+43
4420,2.5759324688461686e+43
4421,2.5829189565324444e+43
4422,2.589922862462108e+43
4423,2.5969442253925804e+43
4424,2.6039830841546734e+43
4425,2.6110394776510534e+43
4426,2.6181134448573495e+43
4427,2.6252050248221133e+43
4428,2.6323142566665066e+43
4429,2.639441179585575e+43
4430,2.6465858328466345e+43
4431,2.653748255790623e+43
4432,2.660928487831686e+43
4433,2.668126568457755e+43
4434,2.6753425372294153e+43
4435,2.682576433781679e+43
4436,2.689828297823116e+43
4437,2.697098169135964e+43
4438,2.7043860875765033e+43
4439,2.711692093075221e+43
4440,2.7190162256358957e+43
4441,2.72635852533734e+43
4442,2.7337190323324225e+43
4443,2.7410977868484046e+43
4444,2.7484948291866775e+43
4445,2.7559101997242244e+43
4446,2.7633439389117417e+43
4447,2.7707960872751114e+43
4448,2.778266685414949e+43
4449,2.7857557740067047e+43
4450,2.7932633938016915e+43
4451,2.800789585625598e+43
4452,2.808334390379586e+43
4453,2.81589784904027e+43
4454,2.8234800026600403e+43
4455,2.8310808923658303e+43
4456,2.838700559361275e+43
4457,2.84633904492539e+43
4458,2.8539963904131265e+43
4459,2.8616726372556133e+43
4460,2.869367826959109e+43
4461,2.87708200110702e+43
4462,2.884815201358637e+43
4463,2.8925674694495926e+43
4464,2.900338847191686e+43
4465,2.9081293764741473e+43
4466,2.915939099261927e+43
4467,2.923768057597032e+43
4468,2.931616293598242e+43
4469,2.939483849461037e+43
4470,2.9473707674588243e+43
4471,2.955277089941159e+43
4472,2.9632028593351894e+43
4473,2.971148118145312e+43
4474,2.9791129089537184e+43
4475,2.9870972744191184e+43
4476,2.995101257278784e+43
4477,3.0031249003474175e+43
4478,3.011168246517463e+43
4479,3.0192313387596296e+43
4480,3.027314220121662e+43
4481,3.03541693373028e+43
4482,3.043539522790244e+43
4483,3.051682030584436e+43
4484,3.0598445004738385e+43
4485,3.0680269758989765e+43
4486,3.0762295003779064e+43
4487,3.084452117507693e+43
4488,3.0926948709641694e+43
4489,3.1009578045017335e+43
4490,3.1092409619547755e+43
4491,3.1175443872356804e+43
4492,3.125868124336378e+43
4493,3.1342122173280634e+43
4494,3.14257671036158e+43
4495,3.150961647666275e+43
4496,3.1593670735520145e+43
4497,3.167793032408012e+43
4498,3.176239568703165e+43
4499,3.1847067269866554e+43
4500,3.193194551886487e+43
4501,3.201703088111775e+43
4502,3.2102323804514316e+43
4503,3.218782473774514e+43
4504,3.2273534130301904e+43
4505,3.235945243249042e+43
4506,3.2445580095410626e+43
4507,3.25319175709734e+43
4508,3.2618465311895744e+43
4509,3.2705223771699445e+43
4510,3.279219340472637e+43
4511,3.287937466611801e+43
4512,3.296676801182924e+43
4513,3.305437389862815e+43
4514,3.314219278409922e+43
4515,3.3230225126629393e+43
4516,3.331847138543176e+43
4517,3.340693202053208e+43
4518,3.3495607492772043e+43
4519,3.3584498263815754e+43
4520,3.367360479613401e+43
4521,3.376292755302976e+43
4522,3.38524669986215e+43
4523,3.39422235978505e+43
4524,3.403219781647565e+43
4525,3.412239012109303e+43
4526,3.4212800979109353e+43
4527,3.430343085876214e+43
4528,3.4394280229114966e+43
4529,3.448534956005504e+43
4530,3.457663932230987e+43
4531,3.4668149987423955e+43
4532,3.4759882027777266e+43
4533,3.485183591657977e+43
4534,3.4944012127878056e+43
4535,3.503641113654091e+43
4536,3.512903341828203e+43
4537,3.5221879449647135e+43
4538,3.5314949708017346e+43
4539,3.540824467161545e+43
4540,3.550176481949023e+43
4541,3.559551063154058e+43
4542,3.5689482588502925e+43
4543,3.578368117195307e+43
4544,3.5878106864305936e+43
4545,3.5972760148829854e+43
4546,3.606764150962628e+43
4547,3.616275143164466e+43
4548,3.625809040068077e+43
4549,3.635365890337202e+43
4550,3.644945742721692e+43
4551,3.65454864605491e+43
4552,3.6641746492555854e+43
4553,3.6738238013276316e+43
4554,3.6834961513603696e+43
4555,3.693191748527205e+43
4556,3.7029106420880947e+43
4557,3.712652881387966e+43
4558,3.722418515857342e+43
4559,3.7322075950127534e+43
4560,3.7420201684551695e+43
4561,3.751856285872718e+43
4562,3.761715997038856e+43
4563,3.7715993518131706e+43
4564,3.781506400141305e+43
4565,3.791437192054642e+43
4566,3.8013917776721497e+43
4567,3.8113702071978928e+43
4568,3.82137253092288e+43
4569,3.831398799224616e+43
4570,3.841449062566899e+43
4571,3.8515233715015203e+43
4572,3.8616217766659186e+43
4573,3.8717443287848074e+43
4574,3.881891078670018e+43
4575,3.8920620772209476e+43
4576,3.902257375422836e+43
4577,3.9124770243497147e+43
4578,3.922721075162446e+43
4579,3.9329895791094616e+43
4580,3.9432825875272627e+43
4581,3.9536001518387525e+43
4582,3.9639423235558417e+43
4583,3.9743091542780207e+43
4584,3.984700695692689e+43
4585,3.995116999574861e+43
4586,4.005558117789141e+43
4587,4.0160241022869897e+43
4588,4.026515005108702e+43
4589,4.0370308783830387e+43
4590,4.0475717743268325e+43
4591,4.0581377452468976e+43
4592,4.0687288435374337e+43
4593,4.079345121681938e+43
4594,4.089986632252855e+43
4595,4.100653427911996e+43
4596,4.1113455614090736e+43
4597,4.122063085584173e+43
4598,4.1328060533663883e+43
4599,4.1435745177739997e+43
4600,4.15436853191545e+43
4601,4.1651881489872444e+43
4602,4.176033422276943e+43
4603,4.186904405161422e+43
4604,4.1978011511074145e+43
4605,4.2087237136710517e+43
4606,4.219672146499951e+43
4607,4.230646503330558e+43
4608,4.2416468379898145e+43
4609,4.252673204395074e+43
4610,4.2637256565536485e+43
4611,4.2748042485646334e+43
4612,4.285909034616472e+43
4613,4.2970400689885646e+43
4614,4.308197406051262e+43
4615,4.3193811002661125e+43
4616,4.330591206184258e+43
4617,4.3418277784492937e+43
4618,4.3530908717955093e+43
4619,4.3643805410483615e+43
4620,4.375696841125153e+43
4621,4.387039827033082e+43
4622,4.3984095538724084e+43
4623,4.409806076834417e+43
4624,4.421229451202029e+43
4625,4.4326797323496046e+43
4626,4.4441569757446733e+43
4627,4.455661236945353e+43
4628,4.467192571602296e+43
4629,4.478751035458172e+43
4630,4.490336684347529e+43
4631,4.50194957419866e+43
4632,4.513589761030752e+43
4633,4.525257300955995e+43
4634,4.536952250179179e+43
4635,4.548674664998325e+43
4636,4.560424601802561e+43
4637,4.572202117075545e+43
4638,4.584007267393256e+43
4639,4.595840109424851e+43
4640,4.607700699932882e+43
4641,4.619589095771853e+43
4642,4.631505353890942e+43
4643,4.643449531332211e+43
4644,4.655421685231308e+43
4645,4.66742187281681e+43
4646,4.67945015141252e+43
4647,4.691506578434595e+43
4648,4.703591211393343e+43
4649,4.715704107893052e+43
4650,4.727845325631604e+43
4651,4.740014922402457e+43
4652,4.752212956091625e+43
4653,4.764439484680138e+43
4654,4.776694566243167e+43
4655,4.788978258950957e+43
4656,4.801290621066813e+43
4657,4.813631710949964e+43
4658,4.82600158705417e+43
4659,4.838400307927802e+43
4660,4.850827932214693e+43
4661,4.863284518651966e+43
4662,4.875770126073634e+43
4663,4.888284813408095e+43
4664,4.90082863967914e+43
4665,4.913401664005239e+43
4666,4.926003945601975e+43
4667,4.938635543778804e+43
4668,4.95129651794125e+43
4669,4.963986927590534e+43
4670,4.976706832323145e+43
4671,4.98945629183298e+43
4672,5.002235365908241e+43
4673,5.015044114433792e+43
4674,5.02788259739035e+43
4675,5.040750874855764e+43
4676,5.053649007002044e+43
4677,5.066577054099587e+43
4678,5.079535076514476e+43
4679,5.092523134709376e+43
4680,5.105541289244246e+43
4681,5.118589600773762e+43
4682,5.131668130051307e+43
4683,5.144776937926665e+43
4684,5.157916085346209e+43
4685,5.171085633353062e+43
4686,5.184285643089156e+43
4687,5.197516175791828e+43
4688,5.210777292796294e+43
4689,5.224069055535173e+43
4690,5.237391525538555e+43
4691,5.250744764433396e+43
4692,5.264128833946053e+43
4693,5.277543795898922e+43
4694,5.290989712212715e+43
4695,5.304466644905984e+43
4696,5.317974656095894e+43
4697,5.331513807995818e+43
4698,5.345084162919002e+43
4699,5.358685783276376e+43
4700,5.37231873157718e+43
4701,5.385983070429408e+43
4702,5.399678862537971e+43
4703,5.4134061707079715e+43
4704,5.427165057842465e+43
4705,5.440955586943347e+43
4706,5.454777821110608e+43
4707,5.468631823544886e+43
4708,5.482517657543964e+43
4709,5.496435386505259e+43
4710,5.5103850739252285e+43
4711,5.524366783399036e+43
4712,5.53838057862277e+43
4713,5.552426523390059e+43
4714,5.566504681594728e+43
4715,5.580615117229869e+43
4716,5.594757894388991e+43
4717,5.608933077263154e+43
4718,5.623140730145191e+43
4719,5.637380917427145e+43
4720,5.651653703600875e+43
4721,5.665959153258817e+43
4722,5.680297331091753e+43
4723,5.694668301892281e+43
4724,5.709072130552626e+43
4725,5.723508882065446e+43
4726,5.737978621522927e+43
4727,5.752481414119793e+43
4728,5.767017325149225e+43
4729,5.781586420005751e+43
4730,5.796188764184535e+43
4731,5.810824423280899e+43
4732,5.82549346299285e+43
4733,5.840195949117452e+43
4734,5.854931947553396e+43
4735,5.869701524300322e+43
4736,5.8845047454598e+43
4737,5.899341677232647e+43
4738,5.914212385922885e+43
4739,5.929116937935186e+43
4740,5.944055399775857e+43
4741,5.959027838053222e+43
4742,5.974034319475321e+43
4743,5.989074910853694e+43
4744,6.00414967910121e+43
4745,6.019258691232355e+43
4746,6.034402014362925e+43
4747,6.049579715712677e+43
4748,6.06479186260146e+43
4749,6.080038522451788e+43
4750,6.0953197627884905e+43
4751,6.110635651237926e+43
4752,6.125986255530893e+43
4753,6.141371643498442e+43
4754,6.156791883074976e+43
4755,6.17224704229727e+43
4756,6.187737189305568e+43
4757,6.203262392340595e+43
4758,6.218822719748147e+43
4759,6.234418239976038e+43
4760,6.250049021574904e+43
4761,6.2657151331993e+43
4762,6.281416643604683e+43
4763,6.297153621651602e+43
4764,6.312926136303344e+43
4765,6.328734256626274e+43
4766,6.344578051789452e+43
4767,6.360457591067589e+43
4768,6.376372943836728e+43
4769,6.392324179577188e+43
4770,6.408311367872772e+43
4771,6.424334578410382e+43
4772,6.440393880982985e+43
4773,6.456489345485029e+43
4774,6.472621041915615e+43
4775,6.488789040377941e+43
4776,6.504993411079823e+43
4777,6.521234224331341e+43
4778,6.537511550548537e+43
4779,6.553825460251191e+43
4780,6.570176024063368e+43
4781,6.586563312714317e+43
4782,6.602987397035552e+43
4783,6.619448347965081e+43
4784,6.635946236545132e+43
4785,6.652481133922262e+43
4786,6.669053111347304e+43
4787,6.685662240177879e+43
4788,6.702308591874407e+43
4789,6.718992238002871e+43
4790,6.735713250234367e+43
4791,6.752471700344089e+43
4792,6.769267660214825e+43
4793,6.786101201832208e+43
4794,6.802972397287766e+43
4795,6.819881318778673e+43
4796,6.836828038607897e+43
4797,6.853812629181704e+43
4798,6.870835163014178e+43
4799,6.8878957127241975e+43
4800,6.904994351036355e+43
4801,6.92213115078158e+43
4802,6.939306184894319e+43
4803,6.956519526417191e+43
4804,6.973771248497878e+43
4805,6.99106142439007e+43
4806,7.008390127452672e+43
4807,7.025757431153016e+43
4808,7.043163409062166e+43
4809,7.060608134858303e+43
4810,7.078091682325711e+43
4811,7.095614125354353e+43
4812,7.113175537942813e+43
4813,7.130775994193973e+43
4814,7.148415568317676e+43
4815,7.166094334630667e+43
4816,7.183812367556045e+43
4817,7.201569741624651e+43
4818,7.219366531471398e+43
4819,7.237202811840559e+43
4820,7.255078657582461e+43
4821,7.272994143654413e+43
4822,7.290949345121439e+43
4823,7.308944337153025e+43
4824,7.326979195028453e+43
4825,7.345053994133162e+43
4826,7.363168809959889e+43
4827,7.381323718107794e+43
4828,7.399518794285798e+43
4829,7.417754114307812e+43
4830,7.436029754095826e+43
4831,7.454345789679634e+43
4832,7.47270229719534e+43
4833,7.491099352889579e+43
4834,7.509537033113832e+43
4835,7.528015414328219e+43
4836,7.546534573100683e+43
4837,7.56509458610779e+43
4838,7.583695530131501e+43
4839,7.602337482064084e+43
4840,7.621020518905108e+43
4841,7.639744717762138e+43
4842,7.65851015585168e+43
4843,7.677316910495804e+43
4844,7.696165059127362e+43
4845,7.715054679286512e+43
4846,7.733985848621952e+43
4847,7.752958644889591e+43
4848,7.771973145956474e+43
4849,7.791029429795415e+43
4850,7.81012757448884e+43
4851,7.829267658227362e+43
4852,7.848449759309652e+43
4853,7.867673956145503e+43
4854,7.886940327250657e+43
4855,7.906248951250927e+43
4856,7.925599906880433e+43
4857,7.944993272983384e+43
4858,7.964429128509979e+43
4859,7.983907552522228e+43
4860,8.003428624190137e+43
4861,8.022992422792869e+43
4862,8.042599027719409e+43
4863,8.062248518465313e+43
4864,8.081940974638073e+43
4865,8.101676475953267e+43
4866,8.121455102236023e+43
4867,8.141276933419778e+43
4868,8.161142049550002e+43
4869,8.181050530779071e+43
4870,8.201002457369347e+43
4871,8.22099790969319e+43
4872,8.241036968231233e+43
4873,8.261119713576499e+43
4874,8.281246226429046e+43
4875,8.30141658759932e+43
4876,8.321630878007814e+43
4877,8.341889178685379e+43
4878,8.362191570770186e+43
4879,8.382538135512756e+43
4880,8.40292895427273e+43
4881,8.423364108519726e+43
4882,8.443843679834206e+43
4883,8.464367749903865e+43
4884,8.484936400529251e+43
4885,8.505549713620071e+43
4886,8.526207771196156e+43
4887,8.546910655386789e+43
4888,8.567658448433951e+43
4889,8.588451232687269e+43
4890,8.609289090607491e+43
4891,8.630172104765859e+43
4892,8.651100357842963e+43
4893,8.672073932632655e+43
4894,8.693092912036268e+43
4895,8.714157379066726e+43
4896,8.735267416847556e+43
4897,8.756423108613515e+43
4898,8.777624537707258e+43
4899,8.798871787585023e+43
4900,8.820164941812676e+43
4901,8.841504084066684e+43
4902,8.862889298135317e+43
4903,8.884320667914746e+43
4904,8.905798277414828e+43
4905,8.927322210755225e+43
4906,8.94889255216651e+43
4907,8.970509385989333e+43
4908,8.992172796677853e+43
4909,9.01388286879475e+43
4910,9.03563968701428e+43
4911,9.057443336121925e+43
4912,9.079293901013061e+43
4913,9.10119146669757e+43
4914,9.123136118292847e+43
4915,9.145127941029041e+43
4916,9.16716702024717e+43
4917,9.18925344140062e+43
4918,9.211387290050641e+43
4919,9.23356865187336e+43
4920,9.255797612654776e+43
4921,9.278074258292415e+43
4922,9.300398674796048e+43
4923,9.32277094828386e+43
4924,9.345191164988494e+43
4925,9.36765941125313e+43
4926,9.390175773532123e+43
4927,9.41274033839063e+43
4928,9.435353192508183e+43
4929,9.45801442267293e+43
4930,9.480724115785494e+43
4931,9.503482358858106e+43
4932,9.52628923901365e+43
4933,9.549144843489794e+43
4934,9.572049259632559e+43
4935,9.595002574900975e+43
4936,9.618004876865627e+43
4937,9.64105625320985e+43
4938,9.66415679172562e+43
4939,9.687306580319973e+43
4940,9.710505707010459e+43
4941,9.733754259926613e+43
4942,9.757052327309834e+43
4943,9.78039999751426e+43
4944,9.803797359002945e+43
4945,9.827244500353922e+43
4946,9.85074151025609e+43
4947,9.874288477510218e+43
4948,9.897885491028072e+43
4949,9.92153263983669e+43
4950,9.945230013071604e+43
4951,9.968977699981545e+43
4952,9.992775789927397e+43
4953,1.0016624372380873e+44
4954,1.0040523536929136e+44
4955,1.0064473373267829e+44
4956,1.0088473971206327e+44
4957,1.0112525420665494e+44
4958,1.0136627811679875e+44
4959,1.016078123439263e+44
4960,1.018498577906232e+44
4961,1.02092415360587e+44
4962,1.023354859586361e+44
4963,1.0257907049072236e+44
4964,1.0282316986388616e+44
4965,1.0306778498632249e+44
4966,1.0331291676733793e+44
4967,1.0355856611736164e+44
4968,1.038047339479338e+44
4969,1.0405142117175033e+44
4970,1.0429862870259566e+44
4971,1.045463574553895e+44
4972,1.0479460834617261e+44
4973,1.0504338229209769e+44
4974,1.0529268021147673e+44
4975,1.0554250302370612e+44
4976,1.0579285164932146e+44
4977,1.0604372700997672e+44
4978,1.0629513002846509e+44
4979,1.0654706162866415e+44
4980,1.0679952273561152e+44
4981,1.0705251427545809e+44
4982,1.0730603717547476e+44
4983,1.0756009236407056e+44
4984,1.0781468077074e+44
4985,1.0806980332613705e+44
4986,1.0832546096202972e+44
4987,1.0858165461130678e+44
4988,1.0883838520797007e+44
4989,1.0909565368717966e+44
4990,1.0935346098518293e+44
4991,1.0961180803936557e+44
4992,1.098706957882338e+44
4993,1.1013012517140665e+44
4994,1.1039009712966142e+44
4995,1.1065061260486594e+44
4996,1.1091167254002059e+44
4997,1.1117327787925056e+44
4998,1.1143542956781419e+44
4999,1.1169812855206165e+44
5000,1.1196137577949707e+44
5001,1.1222517219874151e+44
5002,1.1248951875953438e+44
5003,1.1275441641274065e+44
5004,1.1301986611034952e+44
5005,1.1328586880547174e+44
5006,1.135524254523412e+44
5007,1.1381953700631396e+44
5008,1.1408720442387047e+44
5009,1.1435542866261334e+44
5010,1.1462421068127004e+44
5011,1.1489355143968596e+44
5012,1.1516345189883303e+44
5013,1.1543391302080481e+44
5014,1.1570493576881576e+44
5015,1.1597652110720563e+44
5016,1.1624867000143178e+44
5017,1.1652138341807785e+44
5018,1.1679466232484731e+44
5019,1.1706850769056667e+44
5020,1.1734292048518173e+44
5021,1.1761790167976333e+44
5022,1.1789345224649977e+44
5023,1.1816957315870403e+44
5024,1.184462653908074e+44
5025,1.1872352991836536e+44
5026,1.1900136771805118e+44
5027,1.192797797676586e+44
5028,1.1955876704610508e+44
5029,1.1983833053342574e+44
5030,1.2011847121077586e+44
5031,1.2039919006043235e+44
5032,1.2068048806578915e+44
5033,1.209623662113622e+44
5034,1.212448254827853e+44
5035,1.2152786686681277e+44
5036,1.2181149135131779e+44
5037,1.2209569992528793e+44
5038,1.223804935788379e+44
5039,1.2266587330319162e+44
5040,1.2295184009069793e+44
5041,1.2323839493481869e+44
5042,1.2352553883013618e+44
5043,1.2381327277234955e+44
5044,1.2410159775827422e+44
5045,1.2439051478584336e+44
5046,1.2468002485410652e+44
5047,1.2497012896322867e+44
5048,1.252608281144923e+44
5049,1.255521233102944e+44
5050,1.2584401555414907e+44
5051,1.2613650585068372e+44
5052,1.2642959520564145e+44
5053,1.267232846258806e+44
5054,1.2701757511937326e+44
5055,1.273124676952066e+44
5056,1.2760796336358086e+44
5057,1.2790406313580613e+44
5058,1.2820076802431516e+44
5059,1.2849807904264227e+44
5060,1.2879599720544056e+44
5061,1.2909452352847584e+44
5062,1.2939365902862115e+44
5063,1.2969340472386638e+44
5064,1.2999376163330705e+44
5065,1.3029473077715525e+44
5066,1.3059631317672884e+44
5067,1.3089850985445746e+44
5068,1.312013218338798e+44
5069,1.3150475013964513e+44
5070,1.3180879579750893e+44
5071,1.3211345983433873e+44
5072,1.3241874327810754e+44
5073,1.3272464715789783e+44
5074,1.330311725038951e+44
5075,1.3333832034739988e+44
5076,1.3364609172081045e+44
5077,1.3395448765763706e+44
5078,1.3426350919249247e+44
5079,1.3457315736109709e+44
5080,1.3488343320027228e+44
5081,1.3519433774794872e+44
5082,1.3550587204315555e+44
5083,1.3581803712603085e+44
5084,1.3613083403781157e+44
5085,1.3644426382083855e+44
5086,1.3675832751855413e+44
5087,1.3707302617550384e+44
5088,1.3738836083733141e+44
5089,1.3770433255078514e+44
5090,1.3802094236370846e+44
5091,1.383381913250489e+44
5092,1.3865608048485074e+44
5093,1.3897461089425653e+44
5094,1.3929378360550886e+44
5095,1.3961359967194491e+44
5096,1.3993406014800232e+44
5097,1.4025516608921137e+44
5098,1.4057691855220315e+44
5099,1.4089931859470016e+44
5100,1.4122236727551882e+44
5101,1.4154606565457287e+44
5102,1.4187041479287209e+44
5103,1.4219541575251166e+44
5104,1.4252106959668642e+44
5105,1.4284737738968021e+44
5106,1.431743401968687e+44
5107,1.4350195908471801e+44
5108,1.4383023512078467e+44
5109,1.4415916937371693e+44
5110,1.4448876291324866e+44
5111,1.4481901681020283e+44
5112,1.451499321364934e+44
5113,1.4548150996511751e+44
5114,1.4581375137016014e+44
5115,1.461466574267937e+44
5116,1.4648022921127618e+44
5117,1.4681446780094603e+44
5118,1.4714937427422891e+44
5119,1.4748494971063232e+44
5120,1.4782119519075016e+44
5121,1.4815811179625261e+44
5122,1.48495700609896e+44
5123,1.488339627155126e+44
5124,1.4917289919802001e+44
5125,1.4951251114340953e+44
5126,1.4985279963875465e+44
5127,1.5019376577220535e+44
5128,1.50535410632989e+44
5129,1.508777353114095e+44
5130,1.5122074089884502e+44
5131,1.5156442848775033e+44
5132,1.5190879917165421e+44
5133,1.522538540451573e+44
5134,1.5259959420393435e+44
5135,1.5294602074473038e+44
5136,1.532931347653642e+44
5137,1.5364093736472276e+44
5138,1.539894296427625e+44
5139,1.5433861270051135e+44
5140,1.5468848764005943e+44
5141,1.5503905556457196e+44
5142,1.553903175782749e+44
5143,1.5574227478646052e+44
5144,1.5609492829548792e+44
5145,1.564482792127786e+44
5146,1.5680232864681651e+44
5147,1.571570777071508e+44
5148,1.5751252750438964e+44
5149,1.5786867915020046e+44
5150,1.582255337573128e+44
5151,1.5858309243951622e+44
5152,1.5894135631165556e+44
5153,1.593003264896331e+44
5154,1.5966000409041065e+44
5155,1.6002039023200125e+44
5156,1.6038148603347202e+44
5157,1.6074329261495e+44
5158,1.6110581109760685e+44
5159,1.6146904260367184e+44
5160,1.6183298825642234e+44
5161,1.6219764918018556e+44
5162,1.6256302650033973e+44
5163,1.6292912134331078e+44
5164,1.6329593483656778e+44
5165,1.636634681086319e+44
5166,1.6403172228906498e+44
5167,1.6440069850847552e+44
5168,1.6477039789851351e+44
5169,1.6514082159187488e+44
5170,1.6551197072228983e+44
5171,1.6588384642453696e+44
5172,1.6625644983442954e+44
5173,1.6662978208881891e+44
5174,1.6700384432559528e+44
5175,1.6737863768368735e+44
5176,1.6775416330305337e+44
5177,1.6813042232468882e+44
5178,1.6850741589062327e+44
5179,1.6888514514391908e+44
5180,1.6926361122866617e+44
5181,1.6964281528998643e+44
5182,1.7002275847403278e+44
5183,1.7040344192798282e+44
5184,1.7078486680004102e+44
5185,1.7116703423944127e+44
5186,1.7154994539643827e+44
5187,1.7193360142231327e+44
5188,1.7231800346936503e+44
5189,1.7270315269091868e+44
5190,1.7308905024131713e+44
5191,1.7347569727592385e+44
5192,1.7386309495111861e+44
5193,1.7425124442430035e+44
5194,1.7464014685387814e+44
5195,1.7502980339928337e+44
5196,1.75420215220955e+44
5197,1.7581138348034705e+44
5198,1.7620330933992003e+44
5199,1.7659599396315202e+44
5200,1.76989438514522e+44
5201,1.7738364415952173e+44
5202,1.7777861206464598e+44
5203,1.7817434339739668e+44
5204,1.7857083932627616e+44
5205,1.7896810102079367e+44
5206,1.79366129651458e+44
5207,1.797649263897761e+44
5208,1.801644924082571e+44
5209,1.805648288804046e+44
5210,1.8096593698072046e+44
5211,1.813678178847e+44
5212,1.8177047276883498e+44
5213,1.821739028106063e+44
5214,1.8257810918848954e+44
5215,1.8298309308194653e+44
5216,1.833888556714309e+44
5217,1.8379539813838274e+44
5218,1.842027216652252e+44
5219,1.8461082743536955e+44
5220,1.850197166332108e+44
5221,1.8542939044412178e+44
5222,1.8583985005446046e+44
5223,1.8625109665156028e+44
5224,1.866631314237363e+44
5225,1.8707595556027603e+44
5226,1.8748957025144716e+44
5227,1.879039766884849e+44
5228,1.8831917606360317e+44
5229,1.887351695699821e+44
5230,1.891519584017715e+44
5231,1.895695437540953e+44
5232,1.8998792682303787e+44
5233,1.9040710880564937e+44
5234,1.9082709089994614e+44
5235,1.9124787430490736e+44
5236,1.916694602204685e+44
5237,1.9209184984753166e+44
5238,1.9251504438795178e+44
5239,1.9293904504453974e+44
5240,1.9336385302106617e+44
5241,1.9378946952225047e+44
5242,1.9421589575376745e+44
5243,1.946431329222409e+44
5244,1.950711822352452e+44
5245,1.9550004490129936e+44
5246,1.9592972212987147e+44
5247,1.9636021513137218e+44
5248,1.9679152511715433e+44
5249,1.972236532995164e+44
5250,1.9765660089169165e+44
5251,1.9809036910785404e+44
5252,1.9852495916311454e+44
5253,1.9896037227351934e+44
5254,1.9939660965604386e+44
5255,1.9983367252860165e+44
5256,2.0027156211003474e+44
5257,2.0071027962011103e+44
5258,2.0114982627952882e+44
5259,2.0159020330990983e+44
5260,2.0203141193379837e+44
5261,2.0247345337466675e+44
5262,2.0291632885690127e+44
5263,2.033600396058099e+44
5264,2.0380458684761804e+44
5265,2.0424997180946494e+44
5266,2.046961957194066e+44
5267,2.0514325980640883e+44
5268,2.0559116530034993e+44
5269,2.060399134320103e+44
5270,2.064895054330877e+44
5271,2.069399425361777e+44
5272,2.0739122597478358e+44
5273,2.078433569833049e+44
5274,2.0829633679704815e+44
5275,2.0875016665221434e+44
5276,2.0920484778590222e+44
5277,2.0966038143610206e+44
5278,2.101167688417041e+44
5279,2.105740112424816e+44
5280,2.1103210987910494e+44
5281,2.1149106599312458e+44
5282,2.1195088082698152e+44
5283,2.124115556240016e+44
5284,2.128730916283888e+44
5285,2.133354900852321e+44
5286,2.137987522404962e+44
5287,2.1426287934102163e+44
5288,2.1472787263452545e+44
5289,2.1519373336959672e+44
5290,2.1566046279569482e+44
5291,2.1612806216315064e+44
5292,2.165965327231615e+44
5293,2.170658757277871e+44
5294,2.175360924299585e+44
5295,2.180071840834562e+44
5296,2.1847915194293037e+44
5297,2.1895199726388443e+44
5298,2.1942572130268027e+44
5299,2.199003253165295e+44
5300,2.203758105635007e+44
5301,2.2085217830250687e+44
5302,2.213294297933129e+44
5303,2.2180756629652494e+44
5304,2.2228658907360177e+44
5305,2.227664993868338e+44
5306,2.2324729849935957e+44
5307,2.2372898767515018e+44
5308,2.2421156817901523e+44
5309,2.2469504127659472e+44
5310,2.2517940823436865e+44
5311,2.2566467031963576e+44
5312,2.261508288005297e+44
5313,2.2663788494600734e+44
5314,2.2712584002585246e+44
5315,2.2761469531066225e+44
5316,2.2810445207186403e+44
5317,2.285951115816935e+44
5318,2.2908667511320613e+44
5319,2.295791439402671e+44
5320,2.300725193375569e+44
5321,2.3056680258055944e+44
5322,2.3106199494557156e+44
5323,2.315580977096901e+44
5324,2.3205511215081045e+44
5325,2.3255303954764303e+44
5326,2.3305188117967542e+44
5327,2.335516383272082e+44
5328,2.340523122713266e+44
5329,2.3455390429391035e+44
5330,2.3505641567762833e+44
5331,2.3555984770593357e+44
5332,2.3606420166306682e+44
5333,2.3656947883405116e+44
5334,2.37075680504689e+44
5335,2.3758280796155703e+44
5336,2.380908624920169e+44
5337,2.3859984538419434e+44
5338,2.3910975792699512e+44
5339,2.3962060141008392e+44
5340,2.4013237712389626e+44
5341,2.4064508635963594e+44
5342,2.4115873040926256e+44
5343,2.4167331056550176e+44
5344,2.4218882812182908e+44
5345,2.4270528437247837e+44
5346,2.4322268061243954e+44
5347,2.43741018137448e+44
5348,2.4426029824398863e+44
5349,2.4478052222928973e+44
5350,2.453016913913271e+44
5351,2.4582380702881356e+44
5352,2.4634687044120142e+44
5353,2.468708829286801e+44
5354,2.4739584579217e+44
5355,2.47921760333325e+44
5356,2.4844862785452547e+44
5357,2.4897644965887722e+44
5358,2.4950522705021405e+44
5359,2.5003496133308636e+44
5360,2.5056565381276603e+44
5361,2.510973057952381e+44
5362,2.5162991858720447e+44
5363,2.521634934960776e+44
5364,2.5269803182998077e+44
5365,2.532335348977352e+44
5366,2.537700040088778e+44
5367,2.543074404736358e+44
5368,2.548458456029419e+44
5369,2.5538522070842226e+44
5370,2.5592556710239675e+44
5371,2.5646688609787335e+44
5372,2.5700917900855696e+44
5373,2.575524471488258e+44
5374,2.580966918337519e+44
5375,2.5864191437908462e+44
5376,2.5918811610124465e+44
5377,2.597352983173406e+44
5378,2.6028346234514067e+44
5379,2.6083260950309307e+44
5380,2.6138274111030498e+44
5381,2.61933858486556e+44
5382,2.6248596295228348e+44
5383,2.6303905582858015e+44
5384,2.6359313843720518e+44
5385,2.6414821210056615e+44
5386,2.6470427814171753e+44
5387,2.6526133788436797e+44
5388,2.658193926528719e+44
5389,2.6637844377222366e+44
5390,2.6693849256806136e+44
5391,2.6749954036665604e+44
5392,2.6806158849491586e+44
5393,2.6862463828038215e+44
5394,2.691886910512223e+44
5395,2.69753748136235e+44
5396,2.703198108648365e+44
5397,2.7088688056706657e+44
5398,2.7145495857358525e+44
5399,2.7202404621566155e+44
5400,2.725941448251825e+44
5401,2.7316525573464034e+44
5402,2.737373802771392e+44
5403,2.743105197863761e+44
5404,2.7488467559666213e+44
5405,2.7545984904289963e+44
5406,2.760360414605853e+44
5407,2.76613254185807e+44
5408,2.7719148855524806e+44
5409,2.7777074590616693e+44
5410,2.7835102757641707e+44
5411,2.7893233490442436e+44
5412,2.7951466922919552e+44
5413,2.800980318903117e+44
5414,2.8068242422792163e+44
5415,2.812678475827451e+44
5416,2.818543032960729e+44
5417,2.824417927097472e+44
5418,2.8303031716617633e+44
5419,2.8361987800832788e+44
5420,2.8421047657971505e+44
5421,2.8480211422440226e+44
5422,2.8539479228701087e+44
5423,2.859885121126936e+44
5424,2.8658327504715497e+44
5425,2.8717908243662582e+44
5426,2.877759356278867e+44
5427,2.8837383596823714e+44
5428,2.8897278480551268e+44
5429,2.8957278348807425e+44
5430,2.901738333647963e+44
5431,2.907759357850839e+44
5432,2.913790920988561e+44
5433,2.919833036565386e+44
5434,2.925885718090762e+44
5435,2.9319489790791064e+44
5436,2.9380228330499165e+44
5437,2.9441072935277267e+44
5438,2.950202374041998e+44
5439,2.95630808812716e+44
5440,2.962424449322512e+44
5441,2.968551471172239e+44
5442,2.9746891672253965e+44
5443,2.980837551035812e+44
5444,2.986996636162134e+44
5445,2.9931664361677252e+44
5446,2.9993469646206036e+44
5447,3.0055382350936212e+44
5448,3.0117402611641194e+44
5449,3.0179530564140897e+44
5450,3.02417663443017e+44
5451,3.030411008803446e+44
5452,3.036656193129616e+44
5453,3.0429122010087743e+44
5454,3.049179046045521e+44
5455,3.0554567418487846e+44
5456,3.06174530203197e+44
5457,3.0680447402127648e+44
5458,3.0743550700131864e+44
5459,3.0806763050594857e+44
5460,3.0870084589822583e+44
5461,3.0933515454161533e+44
5462,3.0997055780001344e+44
5463,3.1060705703772274e+44
5464,3.1124465361946117e+44
5465,3.1188334891034094e+44
5466,3.1252314427589924e+44
5467,3.1316404108205036e+44
5468,3.138060406951221e+44
5469,3.1444914448182e+44
5470,3.150933538092596e+44
5471,3.157386700449204e+44
5472,3.163850945566758e+44
5473,3.1703262871277548e+44
5474,3.1768127388184803e+44
5475,3.183310314328833e+44
5476,3.189819027352499e+44
5477,3.1963388915867575e+44
5478,3.2028699207325496e+44
5479,3.209412128494283e+44
5480,3.2159655285799916e+44
5481,3.222530134701183e+44
5482,3.229105960572787e+44
5483,3.2356930199132387e+44
5484,3.2422913264443436e+44
5485,3.2489008938911514e+44
5486,3.2555217359821632e+44
5487,3.2621538664491138e+44
5488,3.268797299026958e+44
5489,3.275452047453931e+44
5490,3.28211812547131e+44
5491,3.2887955468235856e+44
5492,3.295484325258335e+44
5493,3.302184474526176e+44
5494,3.3088960083807557e+44
5495,3.3156189405787395e+44
5496,3.322353284879629e+44
5497,3.3290990550459377e+44
5498,3.3358562648429654e+44
5499,3.34262492803889e+44
5500,3.349405058404695e+44
5501,3.356196669714049e+44
5502,3.3629997757433793e+44
5503,3.369814390271774e+44
5504,3.3766405270809665e+44
5505,3.3834781999553245e+44
5506,3.3903274226816776e+44
5507,3.3971882090494356e+44
5508,3.404060572850537e+44
5509,3.410944527879272e+44
5510,3.417840087932357e+44
5511,3.4247472668089136e+44
5512,3.431666078310341e+44
5513,3.4385965362403198e+44
5514,3.445538654404803e+44
5515,3.452492446611969e+44
5516,3.4594579266720806e+44
5517,3.466435108397612e+44
5518,3.4734240056030415e+44
5519,3.4804246321049575e+44
5520,3.487437001721962e+44
5521,3.494461128274521e+44
5522,3.5014970255851268e+44
5523,3.5085447074780885e+44
5524,3.5156041877796045e+44
5525,3.5226754803176747e+44
5526,3.5297585989219986e+44
5527,3.53685355742404e+44
5528,3.5439603696569182e+44
5529,3.5510790494554315e+44
5530,3.558209610655968e+44
5531,3.5653520670964105e+44
5532,3.572506432616193e+44
5533,3.579672721056218e+44
5534,3.586850946258827e+44
5535,3.5940411220677484e+44
5536,3.601243262328042e+44
5537,3.60845738088604e+44
5538,3.615683491589416e+44
5539,3.622921608287019e+44
5540,3.63017174482885e+44
5541,3.637433915066043e+44
5542,3.644708132850924e+44
5543,3.651994412036717e+44
5544,3.6592927664777306e+44
5545,3.6666032100292944e+44
5546,3.67392575654753e+44
5547,3.681260419889523e+44
5548,3.688607213913187e+44
5549,3.695966152477174e+44
5550,3.7033372494409455e+44
5551,3.710720518664646e+44
5552,3.718115974009061e+44
5553,3.725523629335615e+44
5554,3.7329434985063025e+44
5555,3.7403755953836006e+44
5556,3.747819933830523e+44
5557,3.7552765277105516e+44
5558,3.762745390887474e+44
5559,3.770226537225537e+44
5560,3.777719980589191e+44
5561,3.785225734843174e+44
5562,3.79274381385251e+44
5563,3.800274231482337e+44
5564,3.807817001597979e+44
5565,3.8153721380646965e+44
5566,3.8229396547479775e+44
5567,3.830519565513212e+44
5568,3.838111884225684e+44
5569,3.845716624750692e+44
5570,3.853333800953346e+44
5571,3.860963426698537e+44
5572,3.868605515850958e+44
5573,3.876260082275023e+44
5574,3.883927139834744e+44
5575,3.89160670239391e+44
5576,3.899298783815751e+44
5577,3.907003397963119e+44
5578,3.914720558698342e+44
5579,3.922450279883112e+44
5580,3.930192575378654e+44
5581,3.9379474590454284e+44
5582,3.945714944743255e+44
5583,3.953495046331186e+44
5584,3.961287777667474e+44
5585,3.969093152609601e+44
5586,3.976911185014089e+44
5587,3.984741888736533e+44
5588,3.992585277631648e+44
5589,4.000441365552952e+44
5590,4.008310166353031e+44
5591,4.016191693883308e+44
5592,4.024085961994003e+44
5593,4.031992984534128e+44
5594,4.039912775351489e+44
5595,4.0478453482924894e+44
5596,4.055790717202241e+44
5597,4.06374889592439e+44
5598,4.071719898301172e+44
5599,4.079703738173314e+44
5600,4.0877004293799345e+44
5601,4.095709985758549e+44
5602,4.103732421145128e+44
5603,4.11176774937382e+44
5604,4.119815984277069e+44
5605,4.127877139685472e+44
5606,4.135951229427886e+44
5607,4.14403826733117e+44
5608,4.152138267220218e+44
5609,4.160251242918033e+44
5610,4.168377208245451e+44
5611,4.1765161770213034e+44
5612,4.18466816306222e+44
5613,4.1928331801826426e+44
5614,4.201011242194759e+44
5615,4.209202362908521e+44
5616,4.217406556131421e+44
5617,4.225623835668632e+44
5618,4.233854215322823e+44
5619,4.2420977088942585e+44
5620,4.250354330180571e+44
5621,4.258624092976764e+44
5622,4.266907011075263e+44
5623,4.2752030982657784e+44
5624,4.283512368335171e+44
5625,4.291834835067662e+44
5626,4.300170512244445e+44
5627,4.308519413643954e+44
5628,4.3168815530414984e+44
5629,4.325256944209557e+44
5630,4.333645600917404e+44
5631,4.342047536931252e+44
5632,4.350462766014139e+44
5633,4.358891301925876e+44
5634,4.367333158423018e+44
5635,4.375788349258814e+44
5636,4.384256888183041e+44
5637,4.392738788942094e+44
5638,4.401234065279023e+44
5639,4.409742730933121e+44
5640,4.4182647996401946e+44
5641,4.426800285132426e+44
5642,4.435349201138321e+44
5643,4.443911561382546e+44
5644,4.452487379586017e+44
5645,4.461076669465829e+44
5646,4.4696794447351375e+44
5647,4.4782957191031114e+44
5648,4.486925506274936e+44
5649,4.495568819951768e+44
5650,4.5042256738305054e+44
5651,4.512896081604064e+44
5652,4.521580056960991e+44
5653,4.530277613585496e+44
5654,4.538988765157636e+44
5655,4.547713525352922e+44
5656,4.556451907842505e+44
5657,4.565203926292974e+44
5658,4.573969594366348e+44
5659,4.5827489257200826e+44
5660,4.5915419340069805e+44
5661,4.600348632875049e+44
5662,4.609169035967567e+44
5663,4.618003156923002e+44
5664,4.6268510093748435e+44
5665,4.635712606951705e+44
5666,4.644587963277199e+44
5667,4.6534770919698944e+44
5668,4.662380006643216e+44
5669,4.67129672090538e+44
5670,4.680227248359496e+44
5671,4.689171602603299e+44
5672,4.69812979722919e+44
5673,4.7071018458242425e+44
5674,4.716087761970038e+44
5675,4.725087559242633e+44
5676,4.734101251212559e+44
5677,4.743128851444779e+44
5678,4.752170373498446e+44
5679,4.7612258309270414e+44
5680,4.7702952372783034e+44
5681,4.779378606094117e+44
5682,4.788475950910378e+44
5683,4.797587285257099e+44
5684,4.806712622658266e+44
5685,4.815851976631787e+44
5686,4.825005360689335e+44
5687,4.834172788336612e+44
5688,4.843354273072861e+44
5689,4.8525498283911445e+44
5690,4.861759467778025e+44
5691,4.870983204713832e+44
5692,4.88022105267222e+44
5693,4.889473025120444e+44
5694,4.898739135519048e+44
5695,4.90801939732203e+44
5696,4.917313823976607e+44
5697,4.926622428923206e+44
5698,4.935945225595432e+44
5699,4.945282227420052e+44
5700,4.954633447816827e+44
5701,4.9639989001984785e+44
5702,4.973378597970716e+44
5703,4.982772554532112e+44
5704,4.992180783273959e+44
5705,5.001603297580467e+44
5706,5.0110401108284075e+44
5707,5.020491236387235e+44
5708,5.0299566876188904e+44
5709,5.039436477877918e+44
5710,5.048930620511319e+44
5711,5.058439128858432e+44
5712,5.0679620162508995e+44
5713,5.077499296012779e+44
5714,5.087050981460092e+44
5715,5.0966170859012804e+44
5716,5.1061976226366184e+44
5717,5.115792604958644e+44
5718,5.1254020461516874e+44
5719,5.135025959492057e+44
5720,5.144664358247875e+44
5721,5.154317255679055e+44
5722,5.163984665037225e+44
5723,5.173666599565697e+44
5724,5.183363072499385e+44
5725,5.193074097064701e+44
5726,5.2027996864795335e+44
5727,5.212539853953156e+44
5728,5.222294612686266e+44
5729,5.232063975870815e+44
5730,5.241847956689964e+44
5731,5.251646568318094e+44
5732,5.261459823920559e+44
5733,5.271287736653914e+44
5734,5.281130319665484e+44
5735,5.2909875860937604e+44
5736,5.300859549067861e+44
5737,5.310746221707842e+44
5738,5.3206476171244216e+44
5739,5.330563748418958e+44
5740,5.340494628683404e+44
5741,5.3504402710002986e+44
5742,5.360400688442619e+44
5743,5.370375894073768e+44
5744,5.380365900947414e+44
5745,5.390370722107658e+44
5746,5.400390370588671e+44
5747,5.410424859414818e+44
5748,5.420474201600564e+44
5749,5.4305384101504704e+44
5750,5.4406174980588616e+44
5751,5.4507114783102e+44
5752,5.4608203638786095e+44
5753,5.4709441677279856e+44
5754,5.481082902812023e+44
5755,5.491236582073963e+44
5756,5.501405218446694e+44
5757,5.5115888248525544e+44
5758,5.521787414203266e+44
5759,5.532000999400135e+44
5760,5.542229593333518e+44
5761,5.5524732088832145e+44
5762,5.562731858918177e+44
5763,5.5730055562962776e+44
5764,5.583294313864767e+44
5765,5.593598144459564e+44
5766,5.60391706090575e+44
5767,5.614251076017077e+44
5768,5.624600202596173e+44
5769,5.634964453434397e+44
5770,5.645343841311734e+44
5771,5.6557383789967035e+44
5772,5.6661480792464516e+44
5773,5.676572954806524e+44
5774,5.687013018410842e+44
5775,5.697468282781596e+44
5776,5.707938760629503e+44
5777,5.718424464653038e+44
5778,5.7289254075391044e+44
5779,5.739441601962569e+44
5780,5.7499730605862995e+44
5781,5.760519796061071e+44
5782,5.771081821025511e+44
5783,5.7816591481060055e+44
5784,5.792251789916707e+44
5785,5.8028597590593705e+44
5786,5.8134830681233536e+44
5787,5.824121729685518e+44
5788,5.834775756310201e+44
5789,5.845445160549099e+44
5790,5.856129954941128e+44
5791,5.8668301520126384e+44
5792,5.877545764277006e+44
5793,5.88827680423472e+44
5794,5.8990232843733165e+44
5795,5.909785217167379e+44
5796,5.920562615078248e+44
5797,5.931355490554196e+44
5798,5.942163856030192e+44
5799,5.952987723927998e+44
5800,5.963827106655895e+44
5801,5.974682016608744e+44
5802,5.985552466167879e+44
5803,5.99643846770109e+44
5804,6.007340033562466e+44
5805,6.01825717609242e+44
5806,6.029189907617513e+44
5807,6.040138240450506e+44
5808,6.051102186890138e+44
5809,6.0620817592212164e+44
5810,6.073076969714494e+44
5811,6.0840878306264965e+44
5812,6.095114354199476e+44
5813,6.106156552661685e+44
5814,6.1172144382267424e+44
5815,6.128288023093914e+44
5816,6.139377319448029e+44
5817,6.150482339459303e+44
5818,6.161603095283254e+44
5819,6.1727395990608435e+44
5820,6.183891862918108e+44
5821,6.195059898966368e+44
5822,6.2062437193018196e+44
5823,6.217443336005876e+44
5824,6.228658761144794e+44
5825,6.2398900067696844e+44
5826,6.251137084916429e+44
5827,6.26240000760577e+44
5828,6.273678786842884e+44
5829,6.284973434617706e+44
5830,6.296283962904523e+44
5831,6.307610383662195e+44
5832,6.318952708834029e+44
5833,6.33031095034718e+44
5834,6.341685120113549e+44
5835,6.353075230028858e+44
5836,6.364481291973071e+44
5837,6.375903317809936e+44
5838,6.387341319387338e+44
5839,6.3987953085370395e+44
5840,6.410265297074421e+44
5841,6.421751296798557e+44
5842,6.433253319492391e+44
5843,6.4447713769221625e+44
5844,6.456305480837779e+44
5845,6.467855642972501e+44
5846,6.479421875042983e+44
5847,6.491004188748943e+44
5848,6.502602595773572e+44
5849,6.514217107783125e+44
5850,6.52584773642678e+44
5851,6.537494493336701e+44
5852,6.549157390128106e+44
5853,6.560836438398942e+44
5854,6.5725316497297666e+44
5855,6.5842430356841975e+44
5856,6.5959706078080015e+44
5857,6.6077143776298674e+44
5858,6.6194743566607196e+44
5859,6.631250556393852e+44
5860,6.643042988304989e+44
5861,6.6548516638520995e+44
5862,6.6666765944751116e+44
5863,6.67851779159629e+44
5864,6.690375266619694e+44
5865,6.70224903093148e+44
5866,6.714139095899538e+44
5867,6.7260454728736615e+44
5868,6.737968173185237e+44
5869,6.749907208147411e+44
5870,6.7618625890547e+44
5871,6.773834327183363e+44
5872,6.785822433790783e+44
5873,6.797826920115911e+44
5874,6.809847797378857e+44
5875,6.821885076780829e+44
5876,6.8339387695043195e+44
5877,6.84600888671275e+44
5878,6.85809543955049e+44
5879,6.870198439142651e+44
5880,6.882317896595508e+44
5881,6.8944538229957575e+44
5882,6.906606229410756e+44
5883,6.918775126888605e+44
5884,6.930960526457727e+44
5885,6.943162439127073e+44
5886,6.9553808758858746e+44
5887,6.967615847703718e+44
5888,6.979867365530225e+44
5889,6.992135440295247e+44
5890,7.0044200829086425e+44
5891,7.016721304260224e+44
5892,7.02903911521975e+44
5893,7.041373526636566e+44
5894,7.053724549340121e+44
5895,7.066092194139053e+44
5896,7.078476471821876e+44
5897,7.0908773931566165e+44
5898,7.103294968890499e+44
5899,7.1157292097503185e+44
5900,7.128180126441957e+44
5901,7.14064772965062e+44
5902,7.153132030040463e+44
5903,7.165633038254739e+44
5904,7.178150764915768e+44
5905,7.19068522062459e+44
5906,7.203236415961087e+44
5907,7.215804361483806e+44
5908,7.228389067730015e+44
5909,7.240990545215529e+44
5910,7.253608804434554e+44
5911,7.266243855859848e+44
5912,7.278895709942229e+44
5913,7.2915643771111e+44
5914,7.304249867773806e+44
5915,7.316952192315827e+44
5916,7.329671361100613e+44
5917,7.342407384469601e+44
5918,7.355160272742078e+44
5919,7.367930036215145e+44
5920,7.380716685163396e+44
5921,7.393520229839164e+44
5922,7.406340680472477e+44
5923,7.419178047270493e+44
5924,7.432032340418043e+44
5925,7.444903570076934e+44
5926,7.457791746386545e+44
5927,7.47069687946313e+44
5928,7.483618979400089e+44
5929,7.496558056267723e+44
5930,7.509514120113361e+44
5931,7.522487180961101e+44
5932,7.535477248811616e+44
5933,7.548484333642502e+44
5934,7.561508445407689e+44
5935,7.574549594037808e+44
5936,7.587607789439688e+44
5937,7.6006830414967e+44
5938,7.613775360068314e+44
5939,7.626884754990136e+44
5940,7.640011236074112e+44
5941,7.653154813107976e+44
5942,7.666315495855454e+44
5943,7.679493294056078e+44
5944,7.69268821742528e+44
5945,7.705900275654016e+44
5946,7.719129478408966e+44
5947,7.73237583533227e+44
5948,7.745639356041519e+44
5949,7.758920050129654e+44
5950,7.77221792716503e+44
5951,7.785532996691062e+44
5952,7.798865268226214e+44
5953,7.812214751264269e+44
5954,7.825581455273578e+44
5955,7.838965389697674e+44
5956,7.852366563954854e+44
5957,7.865784987438036e+44
5958,7.879220669514677e+44
5959,7.892673619527014e+44
5960,7.906143846791562e+44
5961,7.919631360599273e+44
5962,7.933136170215462e+44
5963,7.946658284879556e+44
5964,7.960197713805244e+44
5965,7.973754466180145e+44
5966,7.98732855116591e+44
5967,8.000919977898033e+44
5968,8.014528755486005e+44
5969,8.028154893012776e+44
5970,8.04179839953509e+44
5971,8.055459284083217e+44
5972,8.069137555660846e+44
5973,8.08283322324534e+44
5974,8.096546295786917e+44
5975,8.110276782209381e+44
5976,8.124024691409536e+44
5977,8.137790032257312e+44
5978,8.151572813595529e+44
5979,8.165373044239987e+44
5980,8.179190732979382e+44
5981,8.19302588857482e+44
5982,8.206878519760474e+44
5983,8.22074863524287e+44
5984,8.234636243700936e+44
5985,8.248541353786128e+44
5986,8.262463974122067e+44
5987,8.276404113304977e+44
5988,8.2903617799027e+44
5989,8.304336982455622e+44
5990,8.318329729475784e+44
5991,8.33234002944722e+44
5992,8.346367890825941e+44
5993,8.36041332203942e+44
5994,8.374476331486976e+44
5995,8.388556927539355e+44
5996,8.40265511853884e+44
5997,8.416770912799217e+44
5998,8.43090431860535e+44
5999,8.445055344213478e+44
6000,8.45922399785104e+44
6001,8.47341028771638e+44
6002,8.487614221978882e+44
6003,8.501835808778907e+44
6004,8.516075056227466e+44
6005,8.530331972406414e+44
6006,8.54460656536817e+44
6007,8.558898843135655e+44
6008,8.573208813702429e+44
6009,8.587536485032288e+44
6010,8.601881865059402e+44
6011,8.616244961688109e+44
6012,8.630625782792902e+44
6013,8.645024336218268e+44
6014,8.659440629778759e+44
6015,8.673874671258696e+44
6016,8.688326468412238e+44
6017,8.702796028963255e+44
6018,8.717283360605155e+44
6019,8.731788471001053e+44
6020,8.746311367783319e+44
6021,8.760852058553812e+44
6022,8.775410550883626e+44
6023,8.789986852313082e+44
6024,8.80458097035159e+44
6025,8.819192912477478e+44
6026,8.833822686138313e+44
6027,8.848470298750053e+44
6028,8.86313575769796e+44
6029,8.87781907033552e+44
6030,8.89252024398506e+44
6031,8.907239285937368e+44
6032,8.921976203451557e+44
6033,8.936731003755303e+44
6034,8.951503694044347e+44
6035,8.966294281482694e+44
6036,8.98110277320234e+44
6037,8.995929176303294e+44
6038,9.01077349785369e+44
6039,9.02563574488909e+44
6040,9.040515924413155e+44
6041,9.055414043396957e+44
6042,9.070330108779427e+44
6043,9.085264127466574e+44
6044,9.100216106332234e+44
6045,9.11518605221723e+44
6046,9.130173971929714e+44
6047,9.145179872245077e+44
6048,9.16020375990552e+44
6049,9.17524564162048e+44
6050,9.190305524066082e+44
6051,9.205383413885339e+44
6052,9.220479317687966e+44
6053,9.235593242050235e+44
6054,9.250725193515108e+44
6055,9.265875178591763e+44
6056,9.281043203755928e+44
6057,9.296229275449447e+44
6058,9.311433400080562e+44
6059,9.326655584023414e+44
6060,9.341895833618275e+44
6061,9.357154155171408e+44
6062,9.372430554954678e+44
6063,9.387725039205932e+44
6064,9.403037614128615e+44
6065,9.418368285891788e+44
6066,9.433717060629807e+44
6067,9.44908394444288e+44
6068,9.464468943396036e+44
6069,9.479872063519902e+44
6070,9.495293310810005e+44
6071,9.510732691227092e+44
6072,9.52619021069682e+44
6073,9.541665875109924e+44
6074,9.557159690321572e+44
6075,9.5726716621519e+44
6076,9.588201796385699e+44
6077,9.603750098772171e+44
6078,9.619316575024985e+44
6079,9.634901230822201e+44
6080,9.65050407180635e+44
6081,9.666125103583818e+44
6082,9.681764331725283e+44
6083,9.697421761765549e+44
6084,9.713097399203134e+44
6085,9.728791249500544e+44
6086,9.74450331808393e+44
6087,9.760233610343188e+44
6088,9.775982131631766e+44
6089,9.791748887266777e+44
6090,9.807533882528453e+44
6091,9.823337122660527e+44
6092,9.839158612869892e+44
6093,9.854998358326781e+44
6094,9.870856364164243e+44
6095,9.886732635478323e+44
6096,9.90262717732822e+44
6097,9.91853999473558e+44
6098,9.934471092684907e+44
6099,9.950420476123358e+44
6100,9.966388149960756e+44
6101,9.982374119069076e+44
6102,9.998378388282885e+44
6103,1.0014400962398817e+45
6104,1.0030441846176002e+45
6105,1.0046501044335465e+45
6106,1.0062578561560078e+45
6107,1.007867440249505e+45
6108,1.0094788571747197e+45
6109,1.0110921073884962e+45
6110,1.0127071913438685e+45
6111,1.0143241094900146e+45
6112,1.01594286227227e+45
6113,1.0175634501320922e+45
6114,1.0191858735071091e+45
6115,1.0208101328310222e+45
6116,1.0224362285336781e+45
6117,1.0240641610410215e+45
6118,1.025693930775089e+45
6119,1.0273255381540117e+45
6120,1.0289589835919967e+45
6121,1.0305942674993198e+45
6122,1.0322313902823143e+45
6123,1.0338703523433753e+45
6124,1.0355111540809473e+45
6125,1.0371537958894791e+45
6126,1.0387982781594779e+45
6127,1.0404446012774546e+45
6128,1.0420927656259362e+45
6129,1.0437427715834448e+45
6130,1.0453946195244798e+45
6131,1.0470483098195666e+45
6132,1.0487038428351438e+45
6133,1.0503612189336731e+45
6134,1.0520204384735219e+45
6135,1.0536815018090505e+45
6136,1.0553444092905288e+45
6137,1.0570091612641477e+45
6138,1.0586757580720733e+45
6139,1.0603442000523245e+45
6140,1.0620144875388506e+45
6141,1.0636866208614828e+45
6142,1.0653606003459618e+45
6143,1.0670364263138899e+45
6144,1.0687140990827364e+45
6145,1.0703936189658497e+45
6146,1.0720749862723955e+45
6147,1.073758201307412e+45
6148,1.075443264371754e+45
6149,1.0771301757621291e+45
6150,1.0788189357710042e+45
6151,1.0805095446867243e+45
6152,1.0822020027933796e+45
6153,1.0838963103708785e+45
6154,1.0855924676948955e+45
6155,1.0872904750368976e+45
6156,1.0889903326640913e+45
6157,1.0906920408394426e+45
6158,1.09239559982169e+45
6159,1.0941010098652886e+45
6160,1.0958082712204038e+45
6161,1.097517384132955e+45
6162,1.0992283488445758e+45
6163,1.1009411655925705e+45
6164,1.1026558346099485e+45
6165,1.1043723561254248e+45
6166,1.1060907303633768e+45
6167,1.1078109575438403e+45
6168,1.1095330378825141e+45
6169,1.1112569715907728e+45
6170,1.1129827588756001e+45
6171,1.1147103999396292e+45
6172,1.116439894981109e+45
6173,1.1181712441939174e+45
6174,1.119904447767529e+45
6175,1.1216395058870181e+45
6176,1.1233764187330418e+45
6177,1.1251151864818523e+45
6178,1.126855809305271e+45
6179,1.128598287370673e+45
6180,1.1303426208410026e+45
6181,1.1320888098747215e+45
6182,1.1338368546258778e+45
6183,1.1355867552439941e+45
6184,1.1373385118741523e+45
6185,1.1390921246569345e+45
6186,1.1408475937284117e+45
6187,1.1426049192201606e+45
6188,1.1443641012592444e+45
6189,1.1461251399682135e+45
6190,1.1478880354650525e+45
6191,1.1496527878632383e+45
6192,1.151419397271679e+45
6193,1.1531878637947511e+45
6194,1.1549581875322212e+45
6195,1.1567303685793308e+45
6196,1.1585044070266895e+45
6197,1.1602803029603478e+45
6198,1.1620580564617321e+45
6199,1.1638376676076943e+45
6200,1.1656191364704148e+45
6201,1.1674024631174978e+45
6202,1.169187647611873e+45
6203,1.1709746900118566e+45
6204,1.172763590371093e+45
6205,1.1745543487385761e+45
6206,1.176346965158613e+45
6207,1.1781414396708217e+45
6208,1.1799377723101956e+45
6209,1.181735963106968e+45
6210,1.1835360120866819e+45
6211,1.1853379192701996e+45
6212,1.1871416846735968e+45
6213,1.1889473083082937e+45
6214,1.190754790180914e+45
6215,1.1925641302933627e+45
6216,1.1943753286427766e+45
6217,1.1961883852215447e+45
6218,1.1980033000172504e+45
6219,1.1998200730127254e+45
6220,1.2016387041860058e+45
6221,1.2034591935103196e+45
6222,1.2052815409540793e+45
6223,1.2071057464809111e+45
6224,1.2089318100495864e+45
6225,1.210759731614053e+45
6226,1.2125895111234322e+45
6227,1.2144211485219753e+45
6228,1.2162546437490681e+45
6229,1.2180899967392517e+45
6230,1.2199272074222053e+45
6231,1.2217662757226668e+45
6232,1.2236072015605138e+45
6233,1.2254499848507654e+45
6234,1.22729462550345e+45
6235,1.2291411234237315e+45
6236,1.23098947851182e+45
6237,1.2328396906630243e+45
6238,1.2346917597676688e+45
6239,1.2365456857111487e+45
6240,1.2384014683739054e+45
6241,1.2402591076313871e+45
6242,1.242118603354083e+45
6243,1.2439799554074929e+45
6244,1.2458431636521203e+45
6245,1.2477082279434668e+45
6246,1.249575148132014e+45
6247,1.251443924063236e+45
6248,1.2533145555775764e+45
6249,1.2551870425104442e+45
6250,1.2570613846921826e+45
6251,1.2589375819481115e+45
6252,1.260815634098465e+45
6253,1.2626955409584328e+45
6254,1.2645773023381017e+45
6255,1.2664609180424814e+45
6256,1.2683463878714847e+45
6257,1.2702337116199292e+45
6258,1.2721228890775039e+45
6259,1.2740139200287776e+45
6260,1.2759068042532167e+45
6261,1.2778015415251321e+45
6262,1.2796981316136814e+45
6263,1.2815965742828864e+45
6264,1.2834968692915913e+45
6265,1.2853990163934732e+45
6266,1.2873030153370598e+45
6267,1.289208865865631e+45
6268,1.2911165677173275e+45
6269,1.2930261206250718e+45
6270,1.2949375243165478e+45
6271,1.2968507785142655e+45
6272,1.2987658829354492e+45
6273,1.3006828372921456e+45
6274,1.3026016412911224e+45
6275,1.3045222946338997e+45
6276,1.3064447970167593e+45
6277,1.3083691481306619e+45
6278,1.3102953476613339e+45
6279,1.3122233952892074e+45
6280,1.3141532906894294e+45
6281,1.3160850335317934e+45
6282,1.3180186234808604e+45
6283,1.3199540601958178e+45
6284,1.3218913433305499e+45
6285,1.3238304725335758e+45
6286,1.3257714474481116e+45
6287,1.3277142677120244e+45
6288,1.3296589329577629e+45
6289,1.3316054428124547e+45
6290,1.3335537968978623e+45
6291,1.335503994830335e+45
6292,1.3374560362208607e+45
6293,1.3394099206749755e+45
6294,1.3413656477928685e+45
6295,1.3433232171692666e+45
6296,1.345282628393511e+45
6297,1.3472438810494595e+45
6298,1.3492069747156032e+45
6299,1.3511719089648918e+45
6300,1.3531386833649211e+45
6301,1.3551072974777354e+45
6302,1.3570777508599517e+45
6303,1.3590500430626883e+45
6304,1.3610241736315911e+45
6305,1.3630001421068165e+45
6306,1.3649779480229761e+45
6307,1.3669575909092113e+45
6308,1.3689390702891178e+45
6309,1.3709223856807706e+45
6310,1.3729075365967264e+45
6311,1.3748945225439703e+45
6312,1.376883343023938e+45
6313,1.3788739975325325e+45
6314,1.3808664855600522e+45
6315,1.3828608065912503e+45
6316,1.384856960105273e+45
6317,1.3868549455756974e+45
6318,1.3888547624704728e+45
6319,1.3908564102519817e+45
6320,1.392859888376945e+45
6321,1.3948651962964814e+45
6322,1.3968723334561008e+45
6323,1.3988812992956464e+45
6324,1.400892093249321e+45
6325,1.4029047147456664e+45
6326,1.4049191632075813e+45
6327,1.4069354380522808e+45
6328,1.4089535386913091e+45
6329,1.4109734645305153e+45
6330,1.4129952149700794e+45
6331,1.415018789404438e+45
6332,1.4170441872223521e+45
6333,1.4190714078068812e+45
6334,1.4211004505353015e+45
6335,1.423131314779236e+45
6336,1.4251639999045034e+45
6337,1.4271985052711977e+45
6338,1.429234830233645e+45
6339,1.4312729741404615e+45
6340,1.4333129363344387e+45
6341,1.4353547161525956e+45
6342,1.4373983129261913e+45
6343,1.439443725980675e+45
6344,1.4414909546357025e+45
6345,1.4435399982051245e+45
6346,1.4455908559969604e+45
6347,1.447643527313396e+45
6348,1.449698011450868e+45
6349,1.4517543076998627e+45
6350,1.453812415345076e+45
6351,1.455872333665359e+45
6352,1.457934061933705e+45
6353,1.4599975994171926e+45
6354,1.4620629453770704e+45
6355,1.4641300990687166e+45
6356,1.4661990597415424e+45
6357,1.4682698266391456e+45
6358,1.4703423989991752e+45
6359,1.4724167760533706e+45
6360,1.4744929570275556e+45
6361,1.4765709411416445e+45
6362,1.478650727609574e+45
6363,1.4807323156393898e+45
6364,1.482815704433141e+45
6365,1.4849008931869562e+45
6366,1.486987881090969e+45
6367,1.4890766673293757e+45
6368,1.49116725108035e+45
6369,1.4932596315161315e+45
6370,1.495353807802926e+45
6371,1.497449779100941e+45
6372,1.4995475445643967e+45
6373,1.5016471033414902e+45
6374,1.503748454574384e+45
6375,1.5058515973992294e+45
6376,1.5079565309461217e+45
6377,1.5100632543391407e+45
6378,1.5121717666962754e+45
6379,1.5142820671294802e+45
6380,1.5163941547446568e+45
6381,1.5185080286416137e+45
6382,1.5206236879140657e+45
6383,1.5227411316496797e+45
6384,1.5248603589300003e+45
6385,1.52698136883047e+45
6386,1.529104160420466e+45
6387,1.5312287327631756e+45
6388,1.5333550849157367e+45
6389,1.5354832159291134e+45
6390,1.537613124848137e+45
6391,1.5397448107115303e+45
6392,1.541878272551804e+45
6393,1.5440135093953785e+45
6394,1.5461505202624732e+45
6395,1.5482893041671437e+45
6396,1.550429860117263e+45
6397,1.5525721871145316e+45
6398,1.5547162841544443e+45
6399,1.556862150226305e+45
6400,1.5590097843132075e+45
6401,1.5611591853920364e+45
6402,1.5633103524334606e+45
6403,1.565463284401919e+45
6404,1.5676179802556303e+45
6405,1.569774438946541e+45
6406,1.5719326594203782e+45
6407,1.574092640616625e+45
6408,1.5762543814684877e+45
6409,1.5784178809028852e+45
6410,1.5805831378405052e+45
6411,1.5827501511957264e+45
6412,1.5849189198766672e+45
6413,1.5870894427851245e+45
6414,1.5892617188166102e+45
6415,1.5914357468603326e+45
6416,1.5936115257991636e+45
6417,1.595789054509695e+45
6418,1.597968331862159e+45
6419,1.600149356720469e+45
6420,1.6023321279422076e+45
6421,1.604516644378584e+45
6422,1.6067029048744838e+45
6423,1.6088909082684103e+45
6424,1.6110806533925153e+45
6425,1.6132721390725882e+45
6426,1.615465364128012e+45
6427,1.617660327371815e+45
6428,1.6198570276106185e+45
6429,1.6220554636446372e+45
6430,1.6242556342677047e+45
6431,1.6264575382672186e+45
6432,1.6286611744241884e+45
6433,1.630866541513163e+45
6434,1.6330736383023088e+45
6435,1.6352824635533213e+45
6436,1.637493016021476e+45
6437,1.639705294455575e+45
6438,1.6419192975980023e+45
6439,1.6441350241846194e+45
6440,1.6463524729448935e+45
6441,1.6485716426017847e+45
6442,1.650792531871773e+45
6443,1.653015139464834e+45
6444,1.6552394640845055e+45
6445,1.657465504427776e+45
6446,1.6596932591851537e+45
6447,1.6619227270406346e+45
6448,1.6641539066716848e+45
6449,1.666386796749279e+45
6450,1.6686213959378358e+45
6451,1.670857702895253e+45
6452,1.673095716272879e+45
6453,1.675335434715521e+45
6454,1.6775768568614542e+45
6455,1.6798199813423552e+45
6456,1.6820648067833674e+45
6457,1.6843113318030503e+45
6458,1.6865595550133774e+45
6459,1.688809475019801e+45
6460,1.6910610904210994e+45
6461,1.6933143998095244e+45
6462,1.6955694017706783e+45
6463,1.697826094883599e+45
6464,1.7000844777207067e+45
6465,1.7023445488477912e+45
6466,1.7046063068240197e+45
6467,1.706869750201936e+45
6468,1.7091348775274755e+45
6469,1.71140168733988e+45
6470,1.7136701781717902e+45
6471,1.7159403485491792e+45
6472,1.7182121969913845e+45
6473,1.720485722011047e+45
6474,1.7227609221141603e+45
6475,1.7250377958000698e+45
6476,1.7273163415613858e+45
6477,1.7295965578840806e+45
6478,1.7318784432474197e+45
6479,1.7341619961239776e+45
6480,1.7364472149795992e+45
6481,1.7387340982734963e+45
6482,1.7410226444580768e+45
6483,1.7433128519791043e+45
6484,1.7456047192756098e+45
6485,1.7478982447798517e+45
6486,1.750193426917398e+45
6487,1.7524902641070544e+45
6488,1.7547887547609236e+45
6489,1.7570888972842856e+45
6490,1.7593906900757623e+45
6491,1.7616941315271233e+45
6492,1.7639992200234303e+45
6493,1.7663059539429572e+45
6494,1.7686143316572278e+45
6495,1.7709243515309423e+45
6496,1.7732360119220402e+45
6497,1.7755493111816593e+45
6498,1.777864247654172e+45
6499,1.780180819677127e+45
6500,1.7824990255812413e+45
6501,1.7848188636904864e+45
6502,1.787140332321944e+45
6503,1.7894634297859335e+45
6504,1.7917881543859347e+45
6505,1.7941145044185686e+45
6506,1.79644247817366e+45
6507,1.7987720739341737e+45
6508,1.8011032899762245e+45
6509,1.803436124569078e+45
6510,1.805770575975148e+45
6511,1.8081066424500037e+45
6512,1.8104443222423482e+45
6513,1.812783613593951e+45
6514,1.8151245147398068e+45
6515,1.8174670239079747e+45
6516,1.819811139319647e+45
6517,1.822156859189091e+45
6518,1.824504181723728e+45
6519,1.8268531051240794e+45
6520,1.8292036275837312e+45
6521,1.831555747289371e+45
6522,1.8339094624208217e+45
6523,1.8362647711509158e+45
6524,1.8386216716456184e+45
6525,1.8409801620639467e+45
6526,1.8433402405580142e+45
6527,1.845701905272955e+45
6528,1.848065154347016e+45
6529,1.8504299859114604e+45
6530,1.8527963980906357e+45
6531,1.8551643890019113e+45
6532,1.857533956755715e+45
6533,1.8599050994555076e+45
6534,1.8622778151977783e+45
6535,1.8646521020721012e+45
6536,1.8670279581609872e+45
6537,1.8694053815400404e+45
6538,1.8717843702778785e+45
6539,1.8741649224360693e+45
6540,1.8765470360692592e+45
6541,1.8789307092250983e+45
6542,1.881315939944187e+45
6543,1.8837027262601747e+45
6544,1.8860910661996535e+45
6545,1.888480957782289e+45
6546,1.8908723990206358e+45
6547,1.8932653879202934e+45
6548,1.895659922479808e+45
6549,1.898056000690726e+45
6550,1.9004536205375475e+45
6551,1.9028527799977118e+45
6552,1.905253477041677e+45
6553,1.907655709632836e+45
6554,1.9100594757274976e+45
6555,1.9124647732749904e+45
6556,1.914871600217525e+45
6557,1.9172799544903027e+45
6558,1.9196898340214387e+45
6559,1.9221012367319863e+45
6560,1.924514160535946e+45
6561,1.9269286033401982e+45
6562,1.9293445630446372e+45
6563,1.9317620375420037e+45
6564,1.9341810247179674e+45
6565,1.9366015224511436e+45
6566,1.9390235286130223e+45
6567,1.9414470410680027e+45
6568,1.9438720576734387e+45
6569,1.9462985762795078e+45
6570,1.9487265947293508e+45
6571,1.95115611085894e+45
6572,1.953587122497192e+45
6573,1.9560196274658824e+45
6574,1.958453623579697e+45
6575,1.9608891086461337e+45
6576,1.963326080465662e+45
6577,1.965764536831541e+45
6578,1.9682044755299505e+45
6579,1.9706458943399046e+45
6580,1.9730887910333138e+45
6581,1.9755331633749458e+45
6582,1.9779790091223785e+45
6583,1.980426326026105e+45
6584,1.982875111829421e+45
6585,1.985325364268545e+45
6586,1.987777081072436e+45
6587,1.99023025996295e+45
6588,1.9926848986547925e+45
6589,1.9951409948555202e+45
6590,1.997598546265455e+45
6591,2.0000575505777874e+45
6592,2.002518005478587e+45
6593,2.0049799086466622e+45
6594,2.0074432577536997e+45
6595,2.0099080504641684e+45
6596,2.0123742844353898e+45
6597,2.0148419573174825e+45
6598,2.017311066753372e+45
6599,2.0197816103788052e+45
6600,2.022253585822305e+45
6601,2.0247269907052317e+45
6602,2.0272018226417422e+45
6603,2.0296780792387632e+45
6604,2.0321557580960804e+45
6605,2.0346348568061792e+45
6606,2.037115372954413e+45
6607,2.039597304118894e+45
6608,2.0420806478705315e+45
6609,2.0445654017729797e+45
6610,2.0470515633827366e+45
6611,2.049539130249023e+45
6612,2.052028099913889e+45
6613,2.0545184699121142e+45
6614,2.0570102377712487e+45
6615,2.0595034010116466e+45
6616,2.0619979571464206e+45
6617,2.064493903681427e+45
6618,2.0669912381153228e+45
6619,2.069489957939454e+45
6620,2.0719900606380218e+45
6621,2.0744915436879207e+45
6622,2.0769944045588185e+45
6623,2.0794986407131277e+45
6624,2.0820042496060113e+45
6625,2.0845112286854185e+45
6626,2.087019575391992e+45
6627,2.0895292871591664e+45
6628,2.092040361413072e+45
6629,2.0945527955726125e+45
6630,2.0970665870494375e+45
6631,2.0995817332479173e+45
6632,2.1020982315651547e+45
6633,2.1046160793910062e+45
6634,2.107135274108065e+45
6635,2.1096558130916092e+45
6636,2.1121776937097178e+45
6637,2.1147009133231294e+45
6638,2.1172254692853725e+45
6639,2.1197513589426522e+45
6640,2.122278579633911e+45
6641,2.1248071286908147e+45
6642,2.1273370034377644e+45
6643,2.1298682011918565e+45
6644,2.1324007192629387e+45
6645,2.134934554953539e+45
6646,2.1374697055589077e+45
6647,2.1400061683670385e+45
6648,2.1425439406586013e+45
6649,2.1450830197069993e+45
6650,2.14762340277834e+45
6651,2.1501650871314343e+45
6652,2.152708070017809e+45
6653,2.155252348681695e+45
6654,2.1577979203600785e+45
6655,2.1603447822825315e+45
6656,2.162892931671445e+45
6657,2.165442365741851e+45
6658,2.1679930817015148e+45
6659,2.1705450767508553e+45
6660,2.1730983480830592e+45
6661,2.175652892883993e+45
6662,2.1782087083321554e+45
6663,2.180765791598866e+45
6664,2.1833241398480253e+45
6665,2.1858837502362712e+45
6666,2.1884446199129638e+45
6667,2.191006746020126e+45
6668,2.193570125692489e+45
6669,2.1961347560574716e+45
6670,2.198700634235175e+45
6671,2.2012677573384275e+45
6672,2.2038361224727013e+45
6673,2.2064057267362204e+45
6674,2.208976567219843e+45
6675,2.2115486410071366e+45
6676,2.2141219451743535e+45
6677,2.216696476790488e+45
6678,2.219272232917142e+45
6679,2.2218492106086606e+45
6680,2.2244274069120627e+45
6681,2.2270068188670444e+45
6682,2.2295874435060194e+45
6683,2.232169277854053e+45
6684,2.2347523189289452e+45
6685,2.237336563741115e+45
6686,2.239922009293772e+45
6687,2.2425086525826966e+45
6688,2.245096490596428e+45
6689,2.2476855203162102e+45
6690,2.250275738715901e+45
6691,2.2528671427621252e+45
6692,2.255459729414149e+45
6693,2.2580534956239225e+45
6694,2.260648438336124e+45
6695,2.2632445544880824e+45
6696,2.2658418410098336e+45
6697,2.2684402948241172e+45
6698,2.2710399128463108e+45
6699,2.273640691984537e+45
6700,2.276242629139611e+45
6701,2.278845721204976e+45
6702,2.281449965066815e+45
6703,2.2840553576040187e+45
6704,2.2866618956881422e+45
6705,2.2892695761834114e+45
6706,2.291878395946786e+45
6707,2.2944883518279138e+45
6708,2.297099440669096e+45
6709,2.2997116593054197e+45
6710,2.3023250045645493e+45
6711,2.3049394732669718e+45
6712,2.3075550622257502e+45
6713,2.310171768246731e+45
6714,2.312789588128433e+45
6715,2.3154085186620636e+45
6716,2.31802855663153e+45
6717,2.320649698813512e+45
6718,2.3232719419772634e+45
6719,2.3258952828848588e+45
6720,2.3285197182909744e+45
6721,2.3311452449431378e+45
6722,2.3337718595814333e+45
6723,2.3363995589387414e+45
6724,2.339028339740601e+45
6725,2.341658198705336e+45
6726,2.3442891325438775e+45
6727,2.3469211379599515e+45
6728,2.3495542116499914e+45
6729,2.3521883503031312e+45
6730,2.354823550601165e+45
6731,2.357459809218747e+45
6732,2.3600971228230776e+45
6733,2.3627354880742722e+45
6734,2.3653749016249547e+45
6735,2.3680153601206497e+45
6736,2.3706568601995295e+45
6737,2.3732993984925255e+45
6738,2.375942971623232e+45
6739,2.3785875762080995e+45
6740,2.381233208856167e+45
6741,2.3838798661692994e+45
6742,2.3865275447421035e+45
6743,2.3891762411618923e+45
6744,2.391825952008692e+45
6745,2.3944766738553198e+45
6746,2.3971284032673515e+45
6747,2.399781136803069e+45
6748,2.4024348710134723e+45
6749,2.405089602442407e+45
6750,2.4077453276263977e+45
6751,2.4104020430947306e+45
6752,2.4130597453694943e+45
6753,2.4157184309654783e+45
6754,2.418378096390278e+45
6755,2.421038738144208e+45
6756,2.4237003527203958e+45
6757,2.4263629366047204e+45
6758,2.429026486275814e+45
6759,2.4316909982050943e+45
6760,2.434356468856746e+45
6761,2.4370228946877643e+45
6762,2.439690272147896e+45
6763,2.442358597679672e+45
6764,2.445027867718378e+45
6765,2.4476980786921667e+45
6766,2.4503692270219165e+45
6767,2.4530413091213475e+45
6768,2.4557143213969155e+45
6769,2.4583882602479174e+45
6770,2.4610631220664548e+45
6771,2.4637389032374014e+45
6772,2.466415600138468e+45
6773,2.46909320914017e+45
6774,2.4717717266057994e+45
6775,2.474451148891549e+45
6776,2.477131472346364e+45
6777,2.4798126933120106e+45
6778,2.4824948081231112e+45
6779,2.4851778131070855e+45
6780,2.4878617045842412e+45
6781,2.4905464788676216e+45
6782,2.4932321322632147e+45
6783,2.495918661069775e+45
6784,2.4986060615789574e+45
6785,2.5012943300752227e+45
6786,2.5039834628358752e+45
6787,2.5066734561311475e+45
6788,2.5093643062240394e+45
6789,2.5120560093704837e+45
6790,2.514748561819224e+45
6791,2.517441959811889e+45
6792,2.5201361995830198e+45
6793,2.522831277359988e+45
6794,2.5255271893630322e+45
6795,2.528223931805349e+45
6796,2.5309215008929223e+45
6797,2.5336198928247114e+45
6798,2.5363191037925286e+45
6799,2.5390191299810824e+45
6800,2.5417199675680352e+45
6801,2.544421612723878e+45
6802,2.5471240616120525e+45
6803,2.549827310388914e+45
6804,2.5525313552037693e+45
6805,2.555236192198765e+45
6806,2.5579418175090394e+45
6807,2.5606482272626868e+45
6808,2.563355417580649e+45
6809,2.5660633845768418e+45
6810,2.5687721243581992e+45
6811,2.5714816330244775e+45
6812,2.574191906668483e+45
6813,2.5769029413759242e+45
6814,2.5796147332255148e+45
6815,2.582327278288871e+45
6816,2.585040572630663e+45
6817,2.587754612308459e+45
6818,2.5904693933728642e+45
6819,2.5931849118674198e+45
6820,2.5959011638287015e+45
6821,2.598618145286195e+45
6822,2.601335852262492e+45
6823,2.6040542807731412e+45
6824,2.6067734268266664e+45
6825,2.6094932864246656e+45
6826,2.6122138555616708e+45
6827,2.6149351302253205e+45
6828,2.6176571063962393e+45
6829,2.6203797800480842e+45
6830,2.6231031471475687e+45
6831,2.6258272036544148e+45
6832,2.6285519455213914e+45
6833,2.6312773686944058e+45
6834,2.6340034691122938e+45
6835,2.6367302427070327e+45
6836,2.639457685403662e+45
6837,2.642185793120273e+45
6838,2.6449145617680542e+45
6839,2.647643987251268e+45
6840,2.6503740654672547e+45
6841,2.6531047923064618e+45
6842,2.655836163652466e+45
6843,2.6585681753818724e+45
6844,2.6613008233645006e+45
6845,2.6640341034631967e+45
6846,2.6667680115339925e+45
6847,2.6695025434260003e+45
6848,2.672237694981484e+45
6849,2.674973462035866e+45
6850,2.6777098404177027e+45
6851,2.6804468259486818e+45
6852,2.6831844144436846e+45
6853,2.6859226017106966e+45
6854,2.68866138355095e+45
6855,2.691400755758773e+45
6856,2.6941407141217647e+45
6857,2.6968812544206502e+45
6858,2.6996223724293237e+45
6859,2.7023640639149552e+45
6860,2.705106324637857e+45
6861,2.7078491503516138e+45
6862,2.710592536802915e+45
6863,2.7133364797318294e+45
6864,2.7160809748715146e+45
6865,2.718826017948477e+45
6866,2.7215716046824073e+45
6867,2.7243177307862083e+45
6868,2.727064391966165e+45
6869,2.7298115839216717e+45
6870,2.7325593023455506e+45
6871,2.7353075429237433e+45
6872,2.7380563013356043e+45
6873,2.740805573253667e+45
6874,2.7435553543438623e+45
6875,2.746305640265359e+45
6876,2.7490564266706794e+45
6877,2.7518077092055874e+45
6878,2.754559483509282e+45
6879,2.7573117452141684e+45
6880,2.7600644899460963e+45
6881,2.7628177133242332e+45
6882,2.7655714109610243e+45
6883,2.768325578462394e+45
6884,2.771080211427531e+45
6885,2.7738353054490248e+45
6886,2.776590856112874e+45
6887,2.7793468589984568e+45
6888,2.7821033096785318e+45
6889,2.7848602037192365e+45
6890,2.7876175366801707e+45
6891,2.7903753041143402e+45
6892,2.7931335015680968e+45
6893,2.7958921245813453e+45
6894,2.7986511686873747e+45
6895,2.801410629412849e+45
6896,2.8041705022780166e+45
6897,2.8069307827965225e+45
6898,2.8096914664754758e+45
6899,2.8124525488154487e+45
6900,2.815214025310566e+45
6901,2.8179758914483683e+45
6902,2.8207381427099145e+45
6903,2.8235007745698457e+45
6904,2.8262637824962112e+45
6905,2.8290271619506656e+45
6906,2.8317909083883524e+45
6907,2.8345550172579726e+45
6908,2.8373194840017536e+45
6909,2.8400843040555313e+45
6910,2.8428494728486497e+45
6911,2.8456149858040487e+45
6912,2.8483808383382654e+45
6913,2.8511470258614145e+45
6914,2.8539135437771728e+45
6915,2.85668038748291e+45
6916,2.859447552369537e+45
6917,2.8622150338215565e+45
6918,2.86498282721723e+45
6919,2.867750927928322e+45
6920,2.870519331320358e+45
6921,2.873288032752455e+45
6922,2.8760570275774035e+45
6923,2.87882631114166e+45
6924,2.881595878785409e+45
6925,2.88436572584248e+45
6926,2.887135847640437e+45
6927,2.8899062395005284e+45
6928,2.8926768967377446e+45
6929,2.895447814660758e+45
6930,2.898218988572039e+45
6931,2.9009904137677793e+45
6932,2.903762085537908e+45
6933,2.906533999166123e+45
6934,2.909306149929905e+45
6935,2.912078533100512e+45
6936,2.914851143943018e+45
6937,2.917623977716263e+45
6938,2.92039702967288e+45
6939,2.92317029505937e+45
6940,2.925943769116047e+45
6941,2.928717447077058e+45
6942,2.931491324170373e+45
6943,2.934265395617857e+45
6944,2.93703965663523e+45
6945,2.9398141024320553e+45
6946,2.9425887282118616e+45
6947,2.9453635291719595e+45
6948,2.9481385005036707e+45
6949,2.950913637392148e+45
6950,2.9536889350165196e+45
6951,2.956464388549878e+45
6952,2.959239993159144e+45
6953,2.962015744005288e+45
6954,2.964791636243243e+45
6955,2.9675676650218444e+45
6956,2.9703438254840116e+45
6957,2.973120112766551e+45
6958,2.975896522000371e+45
6959,2.978673048310338e+45
6960,2.981449686815326e+45
6961,2.9842264326283057e+45
6962,2.9870032808562e+45
6963,2.989780226600081e+45
6964,2.992557264955071e+45
6965,2.995334391010292e+45
6966,2.998111599849028e+45
6967,3.000888886548651e+45
6968,3.0036662461805815e+45
6969,3.006443673810463e+45
6970,3.0092211644979245e+45
6971,3.011998713296845e+45
6972,3.014776315255246e+45
6973,3.017553965415264e+45
6974,3.020331658813209e+45
6975,3.023109390479567e+45
6976,3.025887155439087e+45
6977,3.028664948710665e+45
6978,3.031442765307351e+45
6979,3.034220600236549e+45
6980,3.0369984484998265e+45
6981,3.03977630509297e+45
6982,3.042554165006105e+45
6983,3.045332023223534e+45
6984,3.0481098747238776e+45
6985,3.050887714480088e+45
6986,3.053665537459402e+45
6987,3.056443338623299e+45
6988,3.059221112927666e+45
6989,3.06199885532276e+45
6990,3.0647765607529856e+45
6991,3.0675542241573713e+45
6992,3.070331840469095e+45
6993,3.073109404615869e+45
6994,3.0758869115197446e+45
6995,3.078664356097127e+45
6996,3.0814417332589425e+45
6997,3.084219037910388e+45
6998,3.0869962649513255e+45
6999,3.0897734092758616e+45
7000,3.092550465772675e+45
7001,3.095327429324901e+45
7002,3.09810429481015e+45
7003,3.100881057100473e+45
7004,3.103657711062587e+45
7005,3.106434251557555e+45
7006,3.109210673441161e+45
7007,3.111986971563537e+45
7008,3.11476314076954e+45
7009,3.117539175898452e+45
7010,3.120315071784291e+45
7011,3.1230908232555536e+45
7012,3.125866425135393e+45
7013,3.1286418722415743e+45
7014,3.131417159386462e+45
7015,3.134192281377154e+45
7016,3.1369672330153453e+45
7017,3.139742009097359e+45
7018,3.142516604414291e+45
7019,3.145291013751882e+45
7020,3.148065231890557e+45
7021,3.1508392536055115e+45
7022,3.153613073666627e+45
7023,3.156386686838578e+45
7024,3.159160087880814e+45
7025,3.16193327154741e+45
7026,3.1647062325874174e+45
7027,3.167478965744541e+45
7028,3.170251465757423e+45
7029,3.173023727359362e+45
7030,3.175795745278643e+45
7031,3.1785675142383055e+45
7032,3.1813390289563215e+45
7033,3.184110284145473e+45
7034,3.186881274513476e+45
7035,3.18965199476288e+45
7036,3.192422439591283e+45
7037,3.1951926036910547e+45
7038,3.197962481749594e+45
7039,3.200732068449216e+45
7040,3.2035013584672096e+45
7041,3.206270346475944e+45
7042,3.209039027142589e+45
7043,3.2118073951294857e+45
7044,3.214575445093904e+45
7045,3.2173431716881865e+45
7046,3.2201105695597065e+45
7047,3.222877633350952e+45
7048,3.2256443576994116e+45
7049,3.228410737237686e+45
7050,3.2311767665935084e+45
7051,3.233942440389694e+45
7052,3.2367077532442096e+45
7053,3.2394726997701664e+45
7054,3.242237274575812e+45
7055,3.2450014722646065e+45
7056,3.2477652874351246e+45
7057,3.2505287146812476e+45
7058,3.253291748591957e+45
7059,3.2560543837515373e+45
7060,3.258816614739497e+45
7061,3.2615784361306e+45
7062,3.264339842494888e+45
7063,3.267100828397668e+45
7064,3.2698613883995285e+45
7065,3.2726215170564474e+45
7066,3.2753812089196974e+45
7067,3.2781404585358426e+45
7068,3.280899260446823e+45
7069,3.283657609190073e+45
7070,3.286415499298201e+45
7071,3.2891729252993745e+45
7072,3.291929881717113e+45
7073,3.2946863630703963e+45
7074,3.2974423638736316e+45
7075,3.300197878636687e+45
7076,3.302952901864888e+45
7077,3.305707428059091e+45
7078,3.3084614517156354e+45
7079,3.31121496732632e+45
7080,3.313967969378612e+45
7081,3.3167204523553986e+45
7082,3.3194724107351795e+45
7083,3.322223838992093e+45
7084,3.324974731595727e+45
7085,3.3277250830114226e+45
7086,3.330474887700051e+45
7087,3.333224140118226e+45
7088,3.335972834718048e+45
7089,3.338720965947439e+45
7090,3.341468528249954e+45
7091,3.3442155160648326e+45
7092,3.3469619238271035e+45
7093,3.349707745967379e+45
7094,3.3524529769121685e+45
7095,3.355197611083665e+45
7096,3.3579416428998554e+45
7097,3.360685066774515e+45
7098,3.363427877117244e+45
7099,3.3661700683334696e+45
7100,3.368911634824441e+45
7101,3.371652570987236e+45
7102,3.374392871214906e+45
7103,3.3771325298962595e+45
7104,3.379871541416105e+45
7105,3.3826099001551e+45
7106,3.385347600489898e+45
7107,3.3880846367931e+45
7108,3.390821003433213e+45
7109,3.3935566947748056e+45
7110,3.396291705178385e+45
7111,3.3990260290004987e+45
7112,3.40175966059369e+45
7113,3.4044925943066223e+45
7114,3.407224824483991e+45
7115,3.409956345466513e+45
7116,3.412687151591134e+45
7117,3.4154172371907313e+45
7118,3.4181465965944766e+45
7119,3.4208752241276124e+45
7120,3.423603114111518e+45
7121,3.426330260863813e+45
7122,3.429056658698304e+45
7123,3.431782301924915e+45
7124,3.434507184849954e+45
7125,3.437231301775814e+45
7126,3.439954647001289e+45
7127,3.442677214821362e+45
7128,3.445398999527341e+45
7129,3.4481199954068414e+45
7130,3.4508401967437645e+45
7131,3.4535595978184425e+45
7132,3.456278192907566e+45
7133,3.458995976284073e+45
7134,3.4617129422174484e+45
7135,3.464429084973497e+45
7136,3.467144398814534e+45
7137,3.469858877999187e+45
7138,3.472572516782718e+45
7139,3.47528530941679e+45
7140,3.477997250149447e+45
7141,3.480708333225473e+45
7142,3.483418552886056e+45
7143,3.4861279033689045e+45
7144,3.4888363789084014e+45
7145,3.4915439737354174e+45
7146,3.4942506820774416e+45
7147,3.496956498158661e+45
7148,3.4996614161998116e+45
7149,3.5023654304182844e+45
7150,3.5050685350281904e+45
7151,3.50777072424034e+45
7152,3.510471992262185e+45
7153,3.5131723332979557e+45
7154,3.515871741548601e+45
7155,3.518570211211846e+45
7156,3.521267736482199e+45
7157,3.5239643115508764e+45
7158,3.526659930606051e+45
7159,3.5293545878326325e+45
7160,3.532048277412387e+45
7161,3.534740993524005e+45
7162,3.537432730342978e+45
7163,3.540123482041761e+45
7164,3.5428132427896734e+45
7165,3.545502006753104e+45
7166,3.548189768095226e+45
7167,3.5508765209762935e+45
7168,3.5535622595535163e+45
7169,3.556246977981135e+45
7170,3.558930670410449e+45
7171,3.5616133309896545e+45
7172,3.564294953864301e+45
7173,3.566975533176703e+45
7174,3.5696550630665036e+45
7175,3.5723335376703186e+45
7176,3.5750109511220776e+45
7177,3.5776872975526875e+45
7178,3.5803625710903326e+45
7179,3.5830367658603503e+45
7180,3.5857098759853434e+45
7181,3.588381895585068e+45
7182,3.591052818776643e+45
7183,3.59372263967433e+45
7184,3.596391352389774e+45
7185,3.599058951031853e+45
7186,3.601725429706904e+45
7187,3.604390782518423e+45
7188,3.607055003567386e+45
7189,3.609718086952149e+45
7190,3.612380026768414e+45
7191,3.615040817109371e+45
7192,3.6177004520656446e+45
7193,3.620358925725162e+45
7194,3.6230162321735936e+45
7195,3.625672365493914e+45
7196,3.628327319766639e+45
7197,3.630981089069932e+45
7198,3.633633667479298e+45
7199,3.63628504906804e+45
7200,3.638935227906954e+45
7201,3.641584198064375e+45
7202,3.644231953606368e+45
7203,3.646878488596658e+45
7204,3.6495237970965695e+45
7205,3.652167873165153e+45
7206,3.654810710859191e+45
7207,3.657452304233137e+45
7208,3.660092647339242e+45
7209,3.6627317342274505e+45
7210,3.665369558945632e+45
7211,3.668006115539248e+45
7212,3.6706413980518764e+45
7213,3.6732754005246454e+45
7214,3.6759081169966965e+45
7215,3.678539541505083e+45
7216,3.681169668084671e+45
7217,3.6837984907683574e+45
7218,3.686426003586844e+45
7219,3.68905220056892e+45
7220,3.691677075741295e+45
7221,3.694300623128734e+45
7222,3.696922836753923e+45
7223,3.699543710637698e+45
7224,3.702163238798919e+45
7225,3.704781415254523e+45
7226,3.707398234019572e+45
7227,3.710013689107212e+45
7228,3.712627774528746e+45
7229,3.715240484293659e+45
7230,3.717851812409639e+45
7231,3.7204617528825187e+45
7232,3.723070299716405e+45
7233,3.725677446913609e+45
7234,3.7282831884747456e+45
7235,3.730887518398675e+45
7236,3.733490430682642e+45
7237,3.736091919322077e+45
7238,3.738691978310858e+45
7239,3.741290601641294e+45
7240,3.743887783303902e+45
7241,3.7464835172877643e+45
7242,3.749077797580279e+45
7243,3.751670618167372e+45
7244,3.754261973033435e+45
7245,3.756851856161283e+45
7246,3.7594402615322835e+45
7247,3.7620271831263473e+45
7248,3.7646126149219756e+45
7249,3.7671965508961083e+45
7250,3.7697789850244244e+45
7251,3.7723599112811306e+45
7252,3.7749393236390817e+45
7253,3.777517216069871e+45
7254,3.7800935825436053e+45
7255,3.782668417029216e+45
7256,3.78524171349432e+45
7257,3.7878134659052815e+45
7258,3.790383668227225e+45
7259,3.792952314424073e+45
7260,3.795519398458485e+45
7261,3.7980849142919364e+45
7262,3.800648855884926e+45
7263,3.803211217196566e+45
7264,3.805771992185079e+45
7265,3.8083311748073874e+45
7266,3.8108887590195817e+45
7267,3.8134447387764884e+45
7268,3.81599910803203e+45
7269,3.818551860739051e+45
7270,3.821102990849456e+45
7271,3.823652492314198e+45
7272,3.826200359083221e+45
7273,3.828746585105656e+45
7274,3.8312911643296e+45
7275,3.8338340907023576e+45
7276,3.8363753581703865e+45
7277,3.838914960679296e+45
7278,3.8414528921738415e+45
7279,3.843989146597932e+45
7280,3.846523717894925e+45
7281,3.8490566000072054e+45
7282,3.851587786876603e+45
7283,3.85411727244407e+45
7284,3.856645050649984e+45
7285,3.859171115434038e+45
7286,3.8616954607353076e+45
7287,3.864218080492213e+45
7288,3.866738968642558e+45
7289,3.869258119123663e+45
7290,3.871775525872171e+45
7291,3.8742911828243465e+45
7292,3.876805083915751e+45
7293,3.879317223081649e+45
7294,3.881827594256737e+45
7295,3.884336191375275e+45
7296,3.886843008371103e+45
7297,3.8893480391777175e+45
7298,3.891851277728128e+45
7299,3.8943527179550894e+45
7300,3.896852353790975e+45
7301,3.8993501791678897e+45
7302,3.901846188017604e+45
7303,3.904340374271593e+45
7304,3.906832731861198e+45
7305,3.9093232547174504e+45
7306,3.9118119367711813e+45
7307,3.914298771953047e+45
7308,3.9167837541936174e+45
7309,3.919266877423259e+45
7310,3.921748135572233e+45
7311,3.9242275225707565e+45
7312,3.926705032348917e+45
7313,3.929180658836807e+45
7314,3.931654395964456e+45
7315,3.9341262376619914e+45
7316,3.9365961778593626e+45
7317,3.9390642104868485e+45
7318,3.9415303294745336e+45
7319,3.9439945287527377e+45
7320,3.946456802251883e+45
7321,3.9489171439024776e+45
7322,3.951375547635224e+45
7323,3.953832007381036e+45
7324,3.956286517070952e+45
7325,3.9587390706362587e+45
7326,3.961189662008609e+45
7327,3.9636382851197445e+45
7328,3.9660849339017864e+45
7329,3.968529602287252e+45
7330,3.970972284208865e+45
7331,3.973412973599798e+45
7332,3.9758516643935877e+45
7333,3.978288350524196e+45
7334,3.980723025925941e+45
7335,3.98315568453372e+45
7336,3.9855863202828404e+45
7337,3.988014927109001e+45
7338,3.9904414989486883e+45
7339,3.992866029738721e+45
7340,3.99528851341649e+45
7341,3.997708943920117e+45
7342,4.0001273151882627e+45
7343,4.0025436211601754e+45
7344,4.004957855775853e+45
7345,4.0073700129759415e+45
7346,4.00978008670181e+45
7347,4.012188070895459e+45
7348,4.0145939594998263e+45
7349,4.016997746458482e+45
7350,4.019399425715832e+45
7351,4.021798991217181e+45
7352,4.0241964369085455e+45
7353,4.026591756736963e+45
7354,4.028984944650247e+45
7355,4.03137599459715e+45
7356,4.03376490052742e+45
7357,4.036151656391686e+45
7358,4.038536256141673e+45
7359,4.040918693730026e+45
7360,4.043298963110459e+45
7361,4.0456770582377487e+45
7362,4.048052973067693e+45
7363,4.050426701557282e+45
7364,4.052798237664637e+45
7365,4.055167575348918e+45
7366,4.057534708570533e+45
7367,4.059899631291171e+45
7368,4.062262337473515e+45
7369,4.064622821081723e+45
7370,4.0669810760811504e+45
7371,4.069337096438389e+45
7372,4.07169087612144e+45
7373,4.0740424090995123e+45
7374,4.076391689343277e+45
7375,4.078738710824807e+45
7376,4.081083467517494e+45
7377,4.0834259533962805e+45
7378,4.085766162437496e+45
7379,4.0881040886189096e+45
7380,4.0904397259199244e+45
7381,4.092773068321342e+45
7382,4.0951041098056084e+45
7383,4.097432844356674e+45
7384,4.0997592659601255e+45
7385,4.102083368603188e+45
7386,4.1044051462747276e+45
7387,4.1067245929652705e+45
7388,4.109041702667026e+45
7389,4.1113564693739617e+45
7390,4.113668887081757e+45
7391,4.115978949787873e+45
7392,4.1182866514915726e+45
7393,4.120591986193873e+45
7394,4.1228949478977204e+45
7395,4.1251955306078454e+45
7396,4.127493728330944e+45
7397,4.129789535075575e+45
7398,4.1320829448521966e+45
7399,4.13437395167327e+45
7400,4.1366625495533065e+45
7401,4.138948732508669e+45
7402,4.1412324945579084e+45
7403,4.143513829721513e+45
7404,4.1457927320221426e+45
7405,4.148069195484467e+45
7406,4.150343214135346e+45
7407,4.152614782003813e+45
7408,4.154883893120978e+45
7409,4.157150541520278e+45
7410,4.159414721237276e+45
7411,4.1616764263097984e+45
7412,4.163935650778043e+45
7413,4.166192388684333e+45
7414,4.168446634073466e+45
7415,4.170698380992513e+45
7416,4.1729476234908856e+45
7417,4.175194355620485e+45
7418,4.177438571435529e+45
7419,4.179680264992784e+45
7420,4.1819194303513405e+45
7421,4.184156061572865e+45
7422,4.186390152721627e+45
7423,4.188621697864226e+45
7424,4.190850691070038e+45
7425,4.1930771264108765e+45
7426,4.1953009979612134e+45
7427,4.197522299798204e+45
7428,4.199741026001605e+45
7429,4.201957170653896e+45
7430,4.204170727840222e+45
7431,4.206381691648469e+45
7432,4.208590056169344e+45
7433,4.2107958154963237e+45
7434,4.212998963725567e+45
7435,4.215199494956278e+45
7436,4.217397403290291e+45
7437,4.219592682832488e+45
7438,4.221785327690609e+45
7439,4.223975331975284e+45
7440,4.226162689800099e+45
7441,4.228347395281734e+45
7442,4.230529442539654e+45
7443,4.232708825696613e+45
7444,4.234885538878206e+45
7445,4.237059576213186e+45
7446,4.2392309318334243e+45
7447,4.2413995998739057e+45
7448,4.243565574472736e+45
7449,4.245728849771204e+45
7450,4.2478894199138475e+45
7451,4.250047279048367e+45
7452,4.252202421325743e+45
7453,4.25435484090017e+45
7454,4.2565045319293067e+45
7455,4.258651488573935e+45
7456,4.260795704998291e+45
7457,4.26293717536992e+45
7458,4.2650758938598236e+45
7459,4.267211854642423e+45
7460,4.269345051895537e+45
7461,4.271475479800494e+45
7462,4.273603132542076e+45
7463,4.2757280043086393e+45
7464,4.277850089292034e+45
7465,4.279969381687755e+45
7466,4.2820858756947544e+45
7467,4.284199565515727e+45
7468,4.2863104453569635e+45
7469,4.2884185094284054e+45
7470,4.290523751943758e+45
7471,4.2926261671202744e+45
7472,4.294725749179172e+45
7473,4.296822492345251e+45
7474,4.298916390847264e+45
7475,4.301007438917604e+45
7476,4.303095630792612e+45
7477,4.305180960712496e+45
7478,4.307263422921321e+45
7479,4.309343011667003e+45
7480,4.31141972120159e+45
7481,4.3134935457808757e+45
7482,4.3155644796647906e+45
7483,4.317632517117183e+45
7484,4.319697652406015e+45
7485,4.321759879803238e+45
7486,4.3238191935849513e+45
7487,4.325875588031323e+45
7488,4.3279290574267146e+45
7489,4.3299795960595714e+45
7490,4.3320271982225584e+45
7491,4.334071858212598e+45
7492,4.3361135703307894e+45
7493,4.338152328882508e+45
7494,4.340188128177369e+45
7495,4.342220962529431e+45
7496,4.3442508262569315e+45
7497,4.346277713682549e+45
7498,4.3483016191333585e+45
7499,4.350322536940744e+45
7500,4.352340461440728e+45
7501,4.354355386973535e+45
7502,4.356367307884022e+45
7503,4.3583762185215674e+45
7504,4.360382113240001e+45
7505,4.362384986397778e+45
7506,4.364384832357859e+45
7507,4.366381645487969e+45
7508,4.368375420160263e+45
7509,4.370366150751657e+45
7510,4.3723538316437664e+45
7511,4.374338457222863e+45
7512,4.376320021879942e+45
7513,4.3782985200107975e+45
7514,4.380273946016016e+45
7515,4.3822462943009457e+45
7516,4.384215559275777e+45
7517,4.386181735355502e+45
7518,4.388144816960101e+45
7519,4.390104798514403e+45
7520,4.392061674448096e+45
7521,4.3940154391959844e+45
7522,4.3959660871976697e+45
7523,4.3979136128979166e+45
7524,4.3998580107463596e+45
7525,4.401799275197835e+45
7526,4.403737400712161e+45
7527,4.4056723817542693e+45
7528,4.407604212794201e+45
7529,4.4095328883073147e+45
7530,4.4114584027738516e+45
7531,4.4133807506795235e+45
7532,4.415299926515066e+45
7533,4.4172159247765905e+45
7534,4.4191287399654194e+45
7535,4.421038366588294e+45
7536,4.422944799157076e+45
7537,4.424848032189134e+45
7538,4.4267480602071393e+45
7539,4.428644877739212e+45
7540,4.430538479318814e+45
7541,4.432428859484972e+45
7542,4.4343160127820364e+45
7543,4.436199933760006e+45
7544,4.4380806169743445e+45
7545,4.43995805698593e+45
7546,4.4418322483614315e+45
7547,4.4437031856730086e+45
7548,4.4455708634983823e+45
7549,4.447435276421022e+45
7550,4.4492964190299784e+45
7551,4.4511542859200265e+45
7552,4.453008871691752e+45
7553,4.4548601709513356e+45
7554,4.4567081783108245e+45
7555,4.458552888387994e+45
7556,4.4603942958064834e+45
7557,4.462232395195732e+45
7558,4.464067181191092e+45
7559,4.465898648433811e+45
7560,4.467726791570899e+45
7561,4.469551605255582e+45
7562,4.4713730841467784e+45
7563,4.4731912229095583e+45
7564,4.4750060162149585e+45
7565,4.4768174587400696e+45
7566,4.4786255451679855e+45
7567,4.48043027018794e+45
7568,4.4822316284952617e+45
7569,4.484029614791393e+45
7570,4.485824223784021e+45
7571,4.487615450186929e+45
7572,4.4894032887200784e+45
7573,4.49118773410978e+45
7574,4.492968781088482e+45
7575,4.4947464243950725e+45
7576,4.4965206587745603e+45
7577,4.498291478978402e+45
7578,4.5000588797643145e+45
7579,4.5018228558965424e+45
7580,4.5035834021456215e+45
7581,4.5053405132884676e+45
7582,4.5070941841086515e+45
7583,4.5088444093960027e+45
7584,4.5105911839469477e+45
7585,4.512334502564455e+45
7586,4.51407436005798e+45
7587,4.5158107512435884e+45
7588,4.517543670943978e+45
7589,4.519273113988459e+45
7590,4.5209990752129e+45
7591,4.522721549459867e+45
7592,4.52444053157873e+45
7593,4.526156016425507e+45
7594,4.527867998862914e+45
7595,4.5295764737605194e+45
7596,4.5312814359945614e+45
7597,4.532982880448269e+45
7598,4.5346808020115124e+45
7599,4.536375195581232e+45
7600,4.5380660560610743e+45
7601,4.5397533783617384e+45
7602,4.5414371574006856e+45
7603,4.5431173881025495e+45
7604,4.544794065398793e+45
7605,4.5464671842279826e+45
7606,4.548136739535655e+45
7607,4.5498027262744e+45
7608,4.5514651394038566e+45
7609,4.553123973890962e+45
7610,4.554779224709525e+45
7611,4.5564308868407e+45
7612,4.558078955272593e+45
7613,4.5597234250008217e+45
7614,4.56136429102797e+45
7615,4.5630015483640057e+45
7616,4.564635192026088e+45
7617,4.566265217038685e+45
7618,4.5678916184336617e+45
7619,4.5695143912501404e+45
7620,4.571133530534677e+45
7621,4.572749031341055e+45
7622,4.574360888730723e+45
7623,4.5759690977723916e+45
7624,4.5775736535423145e+45
7625,4.5791745511241736e+45
7626,4.580771785609163e+45
7627,4.582365352096058e+45
7628,4.5839552456911713e+45
7629,4.5855414615083773e+45
7630,4.5871239946691394e+45
7631,4.5887028403026076e+45
7632,4.590277993545531e+45
7633,4.591849449542385e+45
7634,4.593417203445259e+45
7635,4.594981250414071e+45
7636,4.5965415856163743e+45
7637,4.598098204227555e+45
7638,4.5996511014307824e+45
7639,4.6012002724170745e+45
7640,4.6027457123852124e+45
7641,4.604287416541908e+45
7642,4.6058253801016463e+45
7643,4.607359598287008e+45
7644,4.6088900663283686e+45
7645,4.610416779464095e+45
7646,4.611939732940524e+45
7647,4.613458922011966e+45
7648,4.614974341940922e+45
7649,4.616485987997642e+45
7650,4.61799385546072e+45
7651,4.6194979396167496e+45
7652,4.620998235760377e+45
7653,4.622494739194533e+45
7654,4.62398744523016e+45
7655,4.625476349186533e+45
7656,4.626961446390965e+45
7657,4.628442732179153e+45
7658,4.6299202018949956e+45
7659,4.63139385089072e+45
7660,4.6328636745267335e+45
7661,4.634329668171902e+45
7662,4.635791827203379e+45
7663,4.637250147006698e+45
7664,4.638704622975721e+45
7665,4.6401552505129265e+45
7666,4.6416020250289994e+45
7667,4.643044941943238e+45
7668,4.6444839966833205e+45
7669,4.645919184685507e+45
7670,4.647350501394667e+45
7671,4.648777942264025e+45
7672,4.650201502755515e+45
7673,4.651621178339678e+45
7674,4.653036964495601e+45
7675,4.65444885671106e+45
7676,4.655856850482542e+45
7677,4.657260941315146e+45
7678,4.6586611247227423e+45
7679,4.660057396227904e+45
7680,4.6614497513619674e+45
7681,4.6628381856650916e+45
7682,4.664222694686146e+45
7683,4.6656032739829103e+45
7684,4.66697991912196e+45
7685,4.668352625678819e+45
7686,4.6697213892377655e+45
7687,4.6710862053921335e+45
7688,4.6724470697441446e+45
7689,4.6738039779049447e+45
7690,4.6751569254947197e+45
7691,4.676505908142592e+45
7692,4.6778509214867185e+45
7693,4.679191961174399e+45
7694,4.680529022861921e+45
7695,4.681862102214666e+45
7696,4.683191194907171e+45
7697,4.6845162966230854e+45
7698,4.6858374030551585e+45
7699,4.687154509905443e+45
7700,4.6884676128851e+45
7701,4.6897767077145717e+45
7702,4.6910817901234845e+45
7703,4.692382855850797e+45
7704,4.6936799006446914e+45
7705,4.6949729202627586e+45
7706,4.696261910471826e+45
7707,4.6975468670481505e+45
7708,4.698827785777273e+45
7709,4.700104662454248e+45
7710,4.7013774928834946e+45
7711,4.7026462728789065e+45
7712,4.7039109982636884e+45
7713,4.705171664870798e+45
7714,4.706428268542491e+45
7715,4.707680805130583e+45
7716,4.708929270496538e+45
7717,4.7101736605113274e+45
7718,4.711413971055461e+45
7719,4.712650198019179e+45
7720,4.713882337302258e+45
7721,4.715110384814171e+45
7722,4.7163343364740916e+45
7723,4.7175541882108644e+45
7724,4.718769935963085e+45
7725,4.719981575679054e+45
7726,4.721189103316808e+45
7727,4.722392514844246e+45
7728,4.7235918062390586e+45
7729,4.7247869734887233e+45
7730,4.7259780125905664e+45
7731,4.72716491955185e+45
7732,4.728347690389631e+45
7733,4.729526321130929e+45
7734,4.730700807812748e+45
7735,4.73187114648192e+45
7736,4.733037333195331e+45
7737,4.734199364019864e+45
7738,4.7353572350323865e+45
7739,4.7365109423198e+45
7740,4.737660481979125e+45
7741,4.7388058501173676e+45
7742,4.739947042851732e+45
7743,4.7410840563094396e+45
7744,4.742216886627899e+45
7745,4.743345529954679e+45
7746,4.7444699824475534e+45
7747,4.7455902402744335e+45
7748,4.7467062996134976e+45
7749,4.747818156653162e+45
7750,4.748925807592097e+45
7751,4.7500292486392604e+45
7752,4.7511284760138804e+45
7753,4.7522234859455565e+45
7754,4.7533142746741556e+45
7755,4.754400838450103e+45
7756,4.755483173533948e+45
7757,4.756561276196738e+45
7758,4.757635142720003e+45
7759,4.7587047693956967e+45
7760,4.7597701525262145e+45
7761,4.760831288424445e+45
7762,4.761888173413695e+45
7763,4.7629408038279433e+45
7764,4.763989176011642e+45
7765,4.7650332863198156e+45
7766,4.766073131117982e+45
7767,4.767108706782381e+45
7768,4.7681400096998745e+45
7769,4.7691670362678485e+45
7770,4.770189782894489e+45
7771,4.771208245998559e+45
7772,4.772222422009584e+45
7773,4.773232307367735e+45
7774,4.774237898523973e+45
7775,4.775239191940114e+45
7776,4.776236184088536e+45
7777,4.777228871452613e+45
7778,4.778217250526371e+45
7779,4.779201317814907e+45
7780,4.780181069833846e+45
7781,4.78115650310993e+45
7782,4.7821276141807704e+45
7783,4.7830943995947494e+45
7784,4.7840568559113573e+45
7785,4.78501497970095e+45
7786,4.7859687675448245e+45
7787,4.78691821603527e+45
7788,4.7878633217756744e+45
7789,4.7888040813803515e+45
7790,4.789740491474734e+45
7791,4.790672548695234e+45
7792,4.7916002496894275e+45
7793,4.792523591115936e+45
7794,4.7934425696444985e+45
7795,4.7943571819560325e+45
7796,4.79526742474261e+45
7797,4.7961732947074486e+45
7798,4.79707478856497e+45
7799,4.797971903040782e+45
7800,4.798864634871806e+45
7801,4.799752980806137e+45
7802,4.800636937603125e+45
7803,4.801516502033468e+45
7804,4.802391670879157e+45
7805,4.803262440933425e+45
7806,4.804128809000884e+45
7807,4.804990771897603e+45
7808,4.805848326450905e+45
7809,4.806701469499572e+45
7810,4.807550197893772e+45
7811,4.808394508495075e+45
7812,4.809234398176507e+45
7813,4.81006986382263e+45
7814,4.8109009023294457e+45
7815,4.811727510604366e+45
7816,4.812549685566504e+45
7817,4.8133674241464076e+45
7818,4.814180723286105e+45
7819,4.8149895799392955e+45
7820,4.815793991071285e+45
7821,4.816593953658918e+45
7822,4.8173894646906264e+45
7823,4.818180521166649e+45
7824,4.8189671200987294e+45
7825,4.819749258510341e+45
7826,4.8205269334366065e+45
7827,4.8213001419244287e+45
7828,4.822068881032407e+45
7829,4.822833147830878e+45
7830,4.8235929394019457e+45
7831,4.8243482528394687e+45
7832,4.8250990852491196e+45
7833,4.8258454337483694e+45
7834,4.826587295466602e+45
7835,4.827324667544946e+45
7836,4.828057547136407e+45
7837,4.828785931405875e+45
7838,4.829509817530169e+45
7839,4.83022920269795e+45
7840,4.830944084109969e+45
7841,4.831654458978679e+45
7842,4.832360324528699e+45
7843,4.8330616779964686e+45
7844,4.8337585166306154e+45
7845,4.834450837691607e+45
7846,4.835138638452011e+45
7847,4.835821916196415e+45
7848,4.836500668221439e+45
7849,4.837174891835881e+45
7850,4.8378445843604814e+45
7851,4.838509743128268e+45
7852,4.8391703654842595e+45
7853,4.83982644878555e+45
7854,4.8404779904016415e+45
7855,4.841124987713991e+45
7856,4.8417674381162776e+45
7857,4.842405339014358e+45
7858,4.8430386878265006e+45
7859,4.843667481982955e+45
7860,4.8442917189264105e+45
7861,4.844911396111675e+45
7862,4.845526511005884e+45
7863,4.846137061088576e+45
7864,4.846743043851428e+45
7865,4.8473444567985527e+45
7866,4.8479412974464304e+45
7867,4.8485335633238066e+45
7868,4.8491212519718e+45
7869,4.8497043609440153e+45
7870,4.850282887806362e+45
7871,4.850856830137226e+45
7872,4.851426185527395e+45
7873,4.851990951580116e+45
7874,4.8525511259111236e+45
7875,4.853106706148524e+45
7876,4.8536576899330134e+45
7877,4.8542040749178115e+45
7878,4.8547458587686195e+45
7879,4.8552830391636066e+45
7880,4.8558156137936236e+45
7881,4.856343580362018e+45
7882,4.856866936584671e+45
7883,4.8573856801900754e+45
7884,4.8578998089194556e+45
7885,4.8584093205264636e+45
7886,4.858914212777593e+45
7887,4.859414483451774e+45
7888,4.859910130340783e+45
7889,4.8604011512489277e+45
7890,4.860887543993298e+45
7891,4.861369306403719e+45
7892,4.861846436322633e+45
7893,4.8623189316052766e+45
7894,4.862786790119623e+45
7895,4.863250009746434e+45
7896,4.8637085883791744e+45
7897,4.8641625239242065e+45
7898,4.8646118143005114e+45
7899,4.8650564574401695e+45
7900,4.865496451287797e+45
7901,4.8659317938010506e+45
7902,4.8663624829503795e+45
7903,4.866788516719055e+45
7904,4.867209893103269e+45
7905,4.8676266101121446e+45
7906,4.868038665767677e+45
7907,4.868446058104726e+45
7908,4.868848785171226e+45
7909,4.869246845027966e+45
7910,4.869640235748622e+45
7911,4.8700289554200764e+45
7912,4.870413002141871e+45
7913,4.870792374026865e+45
7914,4.871167069200733e+45
7915,4.871537085802247e+45
7916,4.87190242198316e+45
7917,4.8722630759083756e+45
7918,4.8726190457557434e+45
7919,4.872970329716202e+45
7920,4.873316925993878e+45
7921,4.87365883280591e+45
7922,4.873996048382555e+45
7923,4.874328570967205e+45
7924,4.874656398816386e+45
7925,4.8749795301997606e+45
7926,4.8752979634001765e+45
7927,4.87561169671365e+45
7928,4.875920728449314e+45
7929,4.876225056929556e+45
7930,4.8765246804899794e+45
7931,4.876819597479345e+45
7932,4.877109806259715e+45
7933,4.87739530520638e+45
7934,4.877676092707801e+45
7935,4.877952167165776e+45
7936,4.878223526995419e+45
7937,4.8784901706250205e+45
7938,4.878752096496237e+45
7939,4.879009303064037e+45
7940,4.8792617887966974e+45
7941,4.879509552175753e+45
7942,4.879752591696215e+45
7943,4.879990905866366e+45
7944,4.880224493207847e+45
7945,4.8804533522556783e+45
7946,4.880677481558371e+45
7947,4.8808968796776596e+45
7948,4.881111545188786e+45
7949,4.88132147668035e+45
7950,4.881526672754535e+45
7951,4.881727132026737e+45
7952,4.881922853125954e+45
7953,4.882113834694609e+45
7954,4.882300075388589e+45
7955,4.88248157387724e+45
7956,4.8826583288434016e+45
7957,4.8828303389834496e+45
7958,4.882997603007255e+45
7959,4.883160119638205e+45
7960,4.883317887613211e+45
7961,4.883470905682677e+45
7962,4.883619172610696e+45
7963,4.8837626871747755e+45
7964,4.8839014481660327e+45
7965,4.884035454389197e+45
7966,4.884164704662603e+45
7967,4.884289197818075e+45
7968,4.884408932701198e+45
7969,4.884523908171021e+45
7970,4.884634123100314e+45
7971,4.884739576375476e+45
7972,4.8848402668965217e+45
7973,4.88493619357714e+45
7974,4.885027355344664e+45
7975,4.885113751140038e+45
7976,4.8851953799181126e+45
7977,4.885272240647116e+45
7978,4.8853443323091905e+45
7979,4.8854116539001934e+45
7980,4.885474204429495e+45
7981,4.8855319829203436e+45
7982,4.885584988409825e+45
7983,4.8856332199485223e+45
7984,4.885676676600911e+45
7985,4.885715357445187e+45
7986,4.88574926157334e+45
7987,4.885778388091135e+45
7988,4.885802736118111e+45
7989,4.885822304787533e+45
7990,4.885837093246602e+45
7991,4.8858471006561684e+45
7992,4.8858523261910127e+45
7993,4.885852769039727e+45
7994,4.8858484284046334e+45
7995,4.885839303502031e+45
7996,4.885825393561942e+45
7997,4.8858066978284163e+45
7998,4.885783215559074e+45
7999,4.885754946025697e+45
8000,4.8857218885138094e+45
8001,4.8856840423227966e+45
8002,4.8856414067660294e+45
8003,4.885593981170655e+45
8004,4.8855417648778014e+45
8005,4.8854847572425106e+45
8006,4.8854229576337287e+45
8007,4.8853563654343094e+45
8008,4.885284980041055e+45
8009,4.885208800864711e+45
8010,4.8851278273299804e+45
8011,4.8850420588755264e+45
8012,4.8849514949538956e+45
8013,4.8848561350316665e+45
8014,4.8847559785893836e+45
8015,4.884651025121574e+45
8016,4.884541274136752e+45
8017,4.884426725157402e+45
8018,4.884307377720017e+45
8019,4.884183231375072e+45
8020,4.884054285687082e+45
8021,4.8839205402346234e+45
8022,4.883781994610226e+45
8023,4.8836386484203774e+45
8024,4.88349050128572e+45
8025,4.883337552841046e+45
8026,4.8831798027348917e+45
8027,4.8830172506300246e+45
8028,4.882849896203234e+45
8029,4.882677739145443e+45
8030,4.882500779161577e+45
8031,4.8823190159705295e+45
8032,4.882132449305501e+45
8033,4.881941078913635e+45
8034,4.8817449045561533e+45
8035,4.881543926008418e+45
8036,4.881338143059857e+45
8037,4.8811275555140214e+45
8038,4.880912163188572e+45
8039,4.880691965915317e+45
8040,4.880466963540076e+45
8041,4.8802371559229e+45
8042,4.880002542937917e+45
8043,4.879763124473424e+45
8044,4.879518900431739e+45
8045,4.8792698707295417e+45
8046,4.879016035297404e+45
8047,4.878757394080226e+45
8048,4.878493947036989e+45
8049,4.8782256941408486e+45
8050,4.877952635379152e+45
8051,4.877674770753318e+45
8052,4.877392100279027e+45
8053,4.8771046239861086e+45
8054,4.8768123419185546e+45
8055,4.8765152541345575e+45
8056,4.8762133607064604e+45
8057,4.875906661720836e+45
8058,4.875595157278511e+45
8059,4.8752788474942535e+45
8060,4.874957732497371e+45
8061,4.8746318124311197e+45
8062,4.874301087453082e+45
8063,4.8739655577350313e+45
8064,4.873625223462869e+45
8065,4.8732800848368574e+45
8066,4.872930142071387e+45
8067,4.8725753953950225e+45
8068,4.8722158450506953e+45
8069,4.8718514912954494e+45
8070,4.871482334400565e+45
8071,4.8711083746516017e+45
8072,4.8707296123483426e+45
8073,4.8703460478047014e+45
8074,4.869957681349076e+45
8075,4.8695645133238625e+45
8076,4.8691665440857875e+45
8077,4.8687637740058417e+45
8078,4.868356203469242e+45
8079,4.8679438328755105e+45
8080,4.867526662638367e+45
8081,4.8671046931857327e+45
8082,4.866677924959881e+45
8083,4.866246358417335e+45
8084,4.865809994028838e+45
8085,4.8653688322794055e+45
8086,4.864922873668347e+45
8087,4.8644721187091154e+45
8088,4.864016567929639e+45
8089,4.86355622187192e+45
8090,4.8630910810923555e+45
8091,4.862621146161527e+45
8092,4.8621464176643546e+45
8093,4.861666896199995e+45
8094,4.8611825823818475e+45
8095,4.860693476837702e+45
8096,4.860199580209476e+45
8097,4.859700893153451e+45
8098,4.859197416340133e+45
8099,4.858689150454402e+45
8100,4.858176096195294e+45
8101,4.8576582542762094e+45
8102,4.857135625424825e+45
8103,4.856608210383022e+45
8104,4.856076009907035e+45
8105,4.855539024767344e+45
8106,4.8549972557487455e+45
8107,4.8544507036502824e+45
8108,4.853899369285293e+45
8109,4.853343253481373e+45
8110,4.852782357080409e+45
8111,4.852216680938604e+45
8112,4.851646225926411e+45
8113,4.851070992928545e+45
8114,4.850490982843999e+45
8115,4.849906196586119e+45
8116,4.84931663508246e+45
8117,4.8487222992748755e+45
8118,4.848123190119464e+45
8119,4.847519308586627e+45
8120,4.846910655661103e+45
8121,4.846297232341779e+45
8122,4.845679039641918e+45
8123,4.845056078589011e+45
8124,4.8444283502248057e+45
8125,4.843795855605389e+45
8126,4.843158595801068e+45
8127,4.8425165718964184e+45
8128,4.8418697849902755e+45
8129,4.84121823619573e+45
8130,4.840561926640252e+45
8131,4.8399008574653655e+45
8132,4.839235029827076e+45
8133,4.838564444895456e+45
8134,4.837889103854942e+45
8135,4.837209007904318e+45
8136,4.836524158256361e+45
8137,4.835834556138294e+45
8138,4.835140202791582e+45
8139,4.8344410994718916e+45
8140,4.83373724744909e+45
8141,4.8330286480074014e+45
8142,4.832315302445234e+45
8143,4.8315972120751725e+45
8144,4.8308743782241747e+45
8145,4.8301468022332366e+45
8146,4.8294144854578006e+45
8147,4.828677429267379e+45
8148,4.827935635045808e+45
8149,4.82718910419104e+45
8150,4.8264378381154004e+45
8151,4.8256818382452726e+45
8152,4.8249211060213524e+45
8153,4.8241556428984976e+45
8154,4.823385450345785e+45
8155,4.8226105298464945e+45
8156,4.8218308828981536e+45
8157,4.8210465110124184e+45
8158,4.820257415715123e+45
8159,4.819463598546404e+45
8160,4.8186650610604605e+45
8161,4.817861804825753e+45
8162,4.8170538314248723e+45
8163,4.816241142454637e+45
8164,4.8154237395259504e+45
8165,4.81460162426399e+45
8166,4.8137747983080426e+45
8167,4.81294326331153e+45
8168,4.812107020942014e+45
8169,4.8112660728813255e+45
8170,4.810420420825298e+45
8171,4.809570066484025e+45
8172,4.808715011581682e+45
8173,4.807855257856476e+45
8174,4.8069908070609384e+45
8175,4.806121660961632e+45
8176,4.8052478213391745e+45
8177,4.8043692899884165e+45
8178,4.803486068718197e+45
8179,4.802598159351547e+45
8180,4.801705563725602e+45
8181,4.800808283691533e+45
8182,4.799906321114586e+45
8183,4.7989996778741316e+45
8184,4.798088355863669e+45
8185,4.797172356990692e+45
8186,4.796251683176765e+45
8187,4.795326336357508e+45
8188,4.7943963184827284e+45
8189,4.7934616315160204e+45
8190,4.7925222774353294e+45
8191,4.79157825823236e+45
8192,4.790629575912995e+45
8193,4.789676232497238e+45
8194,4.7887182300188906e+45
8195,4.7877555705259174e+45
8196,4.786788256080232e+45
8197,4.7858162887577977e+45
8198,4.7848396706485593e+45
8199,4.783858403856343e+45
8200,4.7828724904991644e+45
8201,4.781881932708815e+45
8202,4.780886732631196e+45
8203,4.779886892426111e+45
8204,4.778882414267265e+45
8205,4.7778733003424914e+45
8206,4.776859552853342e+45
8207,4.775841174015463e+45
8208,4.774818166058369e+45
8209,4.773790531225434e+45
8210,4.7727582717741496e+45
8211,4.771721389975678e+45
8212,4.770679888115193e+45
8213,4.769633768491783e+45
8214,4.768583033418321e+45
8215,4.7675276852217186e+45
8216,4.766467726242586e+45
8217,4.765403158835491e+45
8218,4.764333985368892e+45
8219,4.763260208224896e+45
8220,4.762181829799729e+45
8221,4.76109885250324e+45
8222,4.760011278759178e+45
8223,4.7589191110050975e+45
8224,4.757822351692319e+45
8225,4.756721003286039e+45
8226,4.7556150682652475e+45
8227,4.754504549122554e+45
8228,4.753389448364551e+45
8229,4.752269768511493e+45
8230,4.751145512097327e+45
8231,4.750016681669849e+45
8232,4.748883279790659e+45
8233,4.747745309034827e+45
8234,4.746602771991451e+45
8235,4.745455671263095e+45
8236,4.744304009466171e+45
8237,4.743147789230732e+45
8238,4.741987013200488e+45
8239,4.740821684032882e+45
8240,4.739651804399062e+45
8241,4.7384773769836674e+45
8242,4.737298404485142e+45
8243,4.7361148896154877e+45
8244,4.734926835100367e+45
8245,4.733734243679074e+45
8246,4.732537118104441e+45
8247,4.7313354611429774e+45
8248,4.7301292755747486e+45
8249,4.7289185641933646e+45
8250,4.7277033298061054e+45
8251,4.726483575233676e+45
8252,4.7252593033104675e+45
8253,4.7240305168842826e+45
8254,4.7227972188165797e+45
8255,4.721559411982149e+45
8256,4.720317099269533e+45
8257,4.719070283580539e+45
8258,4.717818967830638e+45
8259,4.7165631549486875e+45
8260,4.715302847876991e+45
8261,4.714038049571374e+45
8262,4.71276876300108e+45
8263,4.7114949911487564e+45
8264,4.710216737010507e+45
8265,4.708934003595849e+45
8266,4.7076467939276246e+45
8267,4.706355111042204e+45
8268,4.705058957989213e+45
8269,4.703758337831703e+45
8270,4.702453253646041e+45
8271,4.7011437085219196e+45
8272,4.699829705562533e+45
8273,4.698511247884109e+45
8274,4.697188338616503e+45
8275,4.6958609809025817e+45
8276,4.6945291778986026e+45
8277,4.6931929327741796e+45
8278,4.6918522487121336e+45
8279,4.6905071289084735e+45
8280,4.689157576572479e+45
8281,4.687803594926733e+45
8282,4.686445187206915e+45
8283,4.6850823566620024e+45
8284,4.683715106554086e+45
8285,4.682343440158438e+45
8286,4.6809673607635784e+45
8287,4.679586871671042e+45
8288,4.678201976195669e+45
8289,4.67681267766528e+45
8290,4.675418979420824e+45
8291,4.674020884816508e+45
8292,4.6726183972193655e+45
8293,4.6712115200097654e+45
8294,4.6698002565809685e+45
8295,4.668384610339305e+45
8296,4.666964584704196e+45
8297,4.665540183108067e+45
8298,4.664111408996304e+45
8299,4.662678265827396e+45
8300,4.661240757072693e+45
8301,4.659798886216589e+45
8302,4.658352656756358e+45
8303,4.6569020722023354e+45
8304,4.6554471360776514e+45
8305,4.653987851918473e+45
8306,4.652524223273765e+45
8307,4.6510562537054624e+45
8308,4.6495839467882884e+45
8309,4.648107306109873e+45
8310,4.646626335270752e+45
8311,4.6451410378841096e+45
8312,4.643651417576138e+45
8313,4.642157477985762e+45
8314,4.640659222764628e+45
8315,4.639156655577236e+45
8316,4.637649780100893e+45
8317,4.6361386000254597e+45
8318,4.634623119053718e+45
8319,4.6331033409011015e+45
8320,4.6315792692956666e+45
8321,4.630050907978257e+45
8322,4.628518260702386e+45
8323,4.626981331234145e+45
8324,4.6254401233523255e+45
8325,4.623894640848373e+45
8326,4.622344887526126e+45
8327,4.620790867202407e+45
8328,4.6192325837062975e+45
8329,4.617670040879532e+45
8330,4.616103242576462e+45
8331,4.614532192663852e+45
8332,4.6129568950211414e+45
8333,4.611377353540119e+45
8334,4.609793572125118e+45
8335,4.608205554693011e+45
8336,4.606613305173018e+45
8337,4.6050168275068175e+45
8338,4.603416125648636e+45
8339,4.601811203564948e+45
8340,4.6002020652347185e+45
8341,4.5985887146491695e+45
8342,4.596971155812067e+45
8343,4.595349392739381e+45
8344,4.593723429459499e+45
8345,4.5920932700129666e+45
8346,4.590458918452822e+45
8347,4.588820378844207e+45
8348,4.587177655264728e+45
8349,4.585530751803962e+45
8350,4.583879672563951e+45
8351,4.5822244216588383e+45
8352,4.5805650032150193e+45
8353,4.578901421371018e+45
8354,4.577233680277539e+45
8355,4.575561784097391e+45
8356,4.573885737005581e+45
8357,4.572205543189214e+45
8358,4.570521206847401e+45
8359,4.568832732191532e+45
8360,4.5671401234447245e+45
8361,4.565443384842453e+45
8362,4.563742520632057e+45
8363,4.56203753507294e+45
8364,4.560328432436493e+45
8365,4.5586152170059685e+45
8366,4.556897893076742e+45
8367,4.5551764649560587e+45
8368,4.553450936963013e+45
8369,4.551721313428671e+45
8370,4.549987598695936e+45
8371,4.548249797119667e+45
8372,4.546507913066483e+45
8373,4.544761950914857e+45
8374,4.5430119150550403e+45
8375,4.5412578098891305e+45
8376,4.539499639830986e+45
8377,4.537737409306203e+45
8378,4.5359711227521224e+45
8379,4.5342007846178105e+45
8380,4.532426399363971e+45
8381,4.5306479714631464e+45
8382,4.52886550539936e+45
8383,4.527079005668371e+45
8384,4.5252884767776264e+45
8385,4.523493923245977e+45
8386,4.5216953496041345e+45
8387,4.519892760394122e+45
8388,4.5180861601697084e+45
8389,4.516275553496057e+45
8390,4.5144609449499546e+45
8391,4.5126423391195705e+45
8392,4.510819740604663e+45
8393,4.508993154016297e+45
8394,4.507162583977196e+45
8395,4.505328035121216e+45
8396,4.5034895120938946e+45
8397,4.501647019551917e+45
8398,4.4998005621634716e+45
8399,4.497950144607979e+45
8400,4.4960957715763e+45
8401,4.4942374477704456e+45
8402,4.4923751779038296e+45
8403,4.4905089667010885e+45
8404,4.488638818898086e+45
8405,4.486764739241905e+45
8406,4.484886732490825e+45
8407,4.4830048034142794e+45
8408,4.481118956792925e+45
8409,4.479229197418523e+45
8410,4.477335530093925e+45
8411,4.475437959633165e+45
8412,4.4735364908612363e+45
8413,4.4716311286143395e+45
8414,4.469721877739465e+45
8415,4.4678087430949465e+45
8416,4.465891729549831e+45
8417,4.4639708419843144e+45
8418,4.462046085289475e+45
8419,4.460117464367364e+45
8420,4.4581849841308215e+45
8421,4.456248649503763e+45
8422,4.454308465420897e+45
8423,4.4523644368277515e+45
8424,4.4504165686806756e+45
8425,4.4484648659469184e+45
8426,4.446509333604423e+45
8427,4.4445499766418973e+45
8428,4.442586800058894e+45
8429,4.440619808865544e+45
8430,4.4386490080828574e+45
8431,4.43667440274238e+45
8432,4.4346959978863483e+45
8433,4.4327137985676206e+45
8434,4.430727809849765e+45
8435,4.428738036806862e+45
8436,4.4267444845236084e+45
8437,4.424747158095154e+45
8438,4.422746062627278e+45
8439,4.4207412032363006e+45
8440,4.418732585048897e+45
8441,4.416720213202325e+45
8442,4.4147040928442515e+45
8443,4.412684229132656e+45
8444,4.4106606272360853e+45
8445,4.4086332923333645e+45
8446,4.406602229613701e+45
8447,4.404567444276573e+45
8448,4.402528941531854e+45
8449,4.4004867265997185e+45
8450,4.398440804710453e+45
8451,4.396391181104751e+45
8452,4.394337861033482e+45
8453,4.3922808497576225e+45
8454,4.390220152548426e+45
8455,4.388155774687253e+45
8456,4.386087721465633e+45
8457,4.384015998185136e+45
8458,4.381940610157467e+45
8459,4.37986156270435e+45
8460,4.3777788611576216e+45
8461,4.3756925108590174e+45
8462,4.3736025171603753e+45
8463,4.371508885423397e+45
8464,4.369411621019851e+45
8465,4.3673107293313164e+45
8466,4.365206215749294e+45
8467,4.363098085675312e+45
8468,4.360986344520457e+45
8469,4.3588709977059416e+45
8470,4.35675205066252e+45
8471,4.354629508830997e+45
8472,4.3525033776617196e+45
8473,4.3503736626148675e+45
8474,4.34824036916033e+45
8475,4.346103502777603e+45
8476,4.343963068955993e+45
8477,4.341819073194307e+45
8478,4.3396715210010494e+45
8479,4.337520417894253e+45
8480,4.335365769401689e+45
8481,4.3332075810603835e+45
8482,4.331045858417103e+45
8483,4.328880607028072e+45
8484,4.3267118324589905e+45
8485,4.3245395402849286e+45
8486,4.3223637360904596e+45
8487,4.3201844254694974e+45
8488,4.31800161402546e+45
8489,4.315815307370949e+45
8490,4.31362551112802e+45
8491,4.3114322309278834e+45
8492,4.309235472411265e+45
8493,4.307035241227912e+45
8494,4.3048315430369197e+45
8495,4.302624383506597e+45
8496,4.3004137683142674e+45
8497,4.298199703146737e+45
8498,4.295982193699632e+45
8499,4.293761245677812e+45
8500,4.291536864795222e+45
8501,4.289309056774819e+45
8502,4.287077827348699e+45
8503,4.2848431822577557e+45
8504,4.2826051272521145e+45
8505,4.280363668090705e+45
8506,4.278118810541381e+45
8507,4.275870560380993e+45
8508,4.273618923395208e+45
8509,4.271363905378557e+45
8510,4.269105512134397e+45
8511,4.2668437494749606e+45
8512,4.2645786232211277e+45
8513,4.2623101392026616e+45
8514,4.260038303257974e+45
8515,4.2577631212342144e+45
8516,4.255484598987247e+45
8517,4.253202742381475e+45
8518,4.2509175572900625e+45
8519,4.248629049594678e+45
8520,4.246337225185591e+45
8521,4.2440420899616975e+45
8522,4.2417436498302766e+45
8523,4.239441910707267e+45
8524,4.237136878516923e+45
8525,4.23482855919202e+45
8526,4.2325169586738245e+45
8527,4.230202082911904e+45
8528,4.227883937864208e+45
8529,4.225562529497018e+45
8530,4.223237863784997e+45
8531,4.220909946711042e+45
8532,4.218578784266334e+45
8533,4.21624438245029e+45
8534,4.2139067472705405e+45
8535,4.2115658847428986e+45
8536,4.2092218008913914e+45
8537,4.2068745017480446e+45
8538,4.2045239933531635e+45
8539,4.2021702817549886e+45
8540,4.1998133730099176e+45
8541,4.197453273182306e+45
8542,4.195089988344538e+45
8543,4.1927235245769824e+45
8544,4.190353887967971e+45
8545,4.1879810846136275e+45
8546,4.185605120618258e+45
8547,4.183226002093716e+45
8548,4.1808437351598824e+45
8549,4.1784583259444026e+45
8550,4.1760697805827236e+45
8551,4.173678105218028e+45
8552,4.171283306001256e+45
8553,4.168885389091008e+45
8554,4.166484360653709e+45
8555,4.1640802268632645e+45
8556,4.1616729939012583e+45
8557,4.159262667956915e+45
8558,4.1568492552269994e+45
8559,4.1544327619158555e+45
8560,4.152013194235308e+45
8561,4.149590558404639e+45
8562,4.1471648606506664e+45
8563,4.144736107207642e+45
8564,4.142304304317164e+45
8565,4.139869458228287e+45
8566,4.1374315751973255e+45
8567,4.134990661488019e+45
8568,4.132546723371309e+45
8569,4.130099767125527e+45
8570,4.127649799036159e+45
8571,4.125196825395854e+45
8572,4.1227408525046435e+45
8573,4.1202818866695955e+45
8574,4.11781993420483e+45
8575,4.1153550014317333e+45
8576,4.112887094678665e+45
8577,4.1104162202811115e+45
8578,4.1079423845815274e+45
8579,4.10546559392936e+45
8580,4.102985854681038e+45
8581,4.1005031731999286e+45
8582,4.098017555856295e+45
8583,4.0955290090273624e+45
8584,4.0930375390971034e+45
8585,4.090543152456357e+45
8586,4.088045855502808e+45
8587,4.0855456546408554e+45
8588,4.0830425562816456e+45
8589,4.080536566843047e+45
8590,4.0780276927496625e+45
8591,4.0755159404326855e+45
8592,4.073001316329942e+45
8593,4.0704838268859325e+45
8594,4.0679634785516536e+45
8595,4.065440277784727e+45
8596,4.062914231049172e+45
8597,4.0603853448156223e+45
8598,4.0578536255611e+45
8599,4.0553190797690755e+45
8600,4.0527817139294276e+45
8601,4.050241534538392e+45
8602,4.047698548098617e+45
8603,4.045152761119011e+45
8604,4.0426041801146816e+45
8605,4.040052811607231e+45
8606,4.037498662124296e+45
8607,4.034941738199803e+45
8608,4.032382046373794e+45
8609,4.0298195931925354e+45
8610,4.0272543852083876e+45
8611,4.024686428979729e+45
8612,4.022115731071064e+45
8613,4.019542298052946e+45
8614,4.0169661365019155e+45
8615,4.014387253000462e+45
8616,4.0118056541370225e+45
8617,4.009221346505977e+45
8618,4.0066343367075347e+45
8619,4.00404463134791e+45
8620,4.001452237038915e+45
8621,3.9988571603983865e+45
8622,3.9962594080497955e+45
8623,3.9936589866224125e+45
8624,3.9910559027511847e+45
8625,3.988450163076777e+45
8626,3.9858417742455255e+45
8627,3.983230742909347e+45
8628,3.9806170757257614e+45
8629,3.978000779357855e+45
8630,3.975381860474326e+45
8631,3.972760325749215e+45
8632,3.97013618186228e+45
8633,3.9675094354985066e+45
8634,3.964880093348413e+45
8635,3.962248162107944e+45
8636,3.9596136484782956e+45
8637,3.956976559166067e+45
8638,3.954336900883181e+45
8639,3.9516946803467645e+45
8640,3.949049904279288e+45
8641,3.946402579408312e+45
8642,3.9437527124667486e+45
8643,3.941100310192492e+45
8644,3.938445379328655e+45
8645,3.935787926623449e+45
8646,3.9331279588302025e+45
8647,3.930465482707109e+45
8648,3.927800505017565e+45
8649,3.925133032529863e+45
8650,3.922463072017227e+45
8651,3.919790630257845e+45
8652,3.91711571403478e+45
8653,3.914438330135906e+45
8654,3.9117584853540564e+45
8655,3.909076186486721e+45
8656,3.906391440336271e+45
8657,3.903704253709732e+45
8658,3.901014633418927e+45
8659,3.8983225862803344e+45
8660,3.895628119115064e+45
8661,3.892931238748819e+45
8662,3.8902319520119245e+45
8663,3.887530265739445e+45
8664,3.8848261867705715e+45
8665,3.8821197219494275e+45
8666,3.879410878124368e+45
8667,3.8766996621482384e+45
8668,3.873986080878345e+45
8669,3.871270141176315e+45
8670,3.868551849908205e+45
8671,3.865831213944308e+45
8672,3.863108240159265e+45
8673,3.8603829354319825e+45
8674,3.8576553066456096e+45
8675,3.854925360687446e+45
8676,3.852193104449033e+45
8677,3.8494585448260276e+45
8678,3.8467216887181665e+45
8679,3.843982543029334e+45
8680,3.841241114667475e+45
8681,3.838497410544434e+45
8682,3.8357514375762235e+45
8683,3.8330032026827214e+45
8684,3.830252712787697e+45
8685,3.8274999748189553e+45
8686,3.824744995708064e+45
8687,3.821987782390473e+45
8688,3.8192283418054777e+45
8689,3.816466680896065e+45
8690,3.8137028066091013e+45
8691,3.81093672589505e+45
8692,3.8081684457081604e+45
8693,3.805397973006287e+45
8694,3.802625314750943e+45
8695,3.799850477907278e+45
8696,3.7970734694439097e+45
8697,3.794294296333124e+45
8698,3.791512965550621e+45
8699,3.788729484075589e+45
8700,3.78594385889078e+45
8701,3.7831560969821985e+45
8702,3.780366205339357e+45
8703,3.7775741909550747e+45
8704,3.77478006082551e+45
8705,3.771983821950186e+45
8706,3.7691854813317527e+45
8707,3.766385045976246e+45
8708,3.7635825228928145e+45
8709,3.760777919093784e+45
8710,3.7579712415947467e+45
8711,3.755162497414251e+45
8712,3.7523516935739996e+45
8713,3.74953883709874e+45
8714,3.746723935016326e+45
8715,3.743906994357498e+45
8716,3.741088022156022e+45
8717,3.7382670254485464e+45
8718,3.735444011274657e+45
8719,3.7326189866768396e+45
8720,3.729791958700388e+45
8721,3.726962934393394e+45
8722,3.7241319208067497e+45
8723,3.721298924994162e+45
8724,3.718463954011892e+45
8725,3.715627014919075e+45
8726,3.712788114777403e+45
8727,3.709947260651226e+45
8728,3.7071044596074807e+45
8729,3.70425971871569e+45
8730,3.70141304504787e+45
8731,3.6985644456786556e+45
8732,3.6957139276850284e+45
8733,3.692861498146466e+45
8734,3.690007164144898e+45
8735,3.687150932764584e+45
8736,3.684292811092176e+45
8737,3.6814328062166345e+45
8738,3.6785709252291833e+45
8739,3.6757071752234043e+45
8740,3.672841563295033e+45
8741,3.6699740965420126e+45
8742,3.6671047820644155e+45
8743,3.6642336269645985e+45
8744,3.661360638346909e+45
8745,3.658485823317825e+45
8746,3.6556091889857924e+45
8747,3.652730742461437e+45
8748,3.649850490857206e+45
8749,3.646968441287588e+45
8750,3.6440846008689875e+45
8751,3.641198976719744e+45
8752,3.6383115759599535e+45
8753,3.63542240571168e+45
8754,3.632531473098714e+45
8755,3.629638785246639e+45
8756,3.6267443492827074e+45
8757,3.6238481723360835e+45
8758,3.620950261537437e+45
8759,3.6180506240191547e+45
8760,3.615149266915234e+45
8761,3.6122461973612686e+45
8762,3.6093414224943914e+45
8763,3.606434949453288e+45
8764,3.60352678537823e+45
8765,3.600616937410738e+45
8766,3.597705412694008e+45
8767,3.5947922183724924e+45
8768,3.5918773615920936e+45
8769,3.5889608495000355e+45
8770,3.5860426892448495e+45
8771,3.583122887976402e+45
8772,3.5802014528457716e+45
8773,3.577278391005236e+45
8774,3.5743537096083576e+45
8775,3.571427415809792e+45
8776,3.5684995167653555e+45
8777,3.56557001963195e+45
8778,3.562638931567589e+45
8779,3.5597062597312905e+45
8780,3.556772011283094e+45
8781,3.5538361933840215e+45
8782,3.550898813196088e+45
8783,3.547959877882152e+45
8784,3.545019394606052e+45
8785,3.542077370532368e+45
8786,3.539133812826654e+45
8787,3.5361887286551386e+45
8788,3.533242125184927e+45
8789,3.5302940095837927e+45
8790,3.5273443890202104e+45
8791,3.5243932706634086e+45
8792,3.521440661683141e+45
8793,3.5184865692499465e+45
8794,3.5155310005347535e+45
8795,3.5125739627092354e+45
8796,3.50961546294548e+45
8797,3.5066555084161e+45
8798,3.503694106294142e+45
8799,3.500731263753171e+45
8800,3.4977669879671204e+45
8801,3.4948012861102036e+45
8802,3.4918341653571385e+45
8803,3.4888656328828255e+45
8804,3.48589569586255e+45
8805,3.4829243614718175e+45
8806,3.479951636886293e+45
8807,3.47697752928191e+45
8808,3.474002045834755e+45
8809,3.4710251937210426e+45
8810,3.4680469801170945e+45
8811,3.465067412199256e+45
8812,3.4620864971440225e+45
8813,3.459104242127745e+45
8814,3.456120654326937e+45
8815,3.453135740917983e+45
8816,3.4501495090771024e+45
8817,3.447161965980521e+45
8818,3.44417311880434e+45
8819,3.441182974724405e+45
8820,3.4381915409164244e+45
8821,3.435198824555834e+45
8822,3.4322048328178783e+45
8823,3.429209572877489e+45
8824,3.4262130519092114e+45
8825,3.4232152770873453e+45
8826,3.4202162555857434e+45
8827,3.417215994577875e+45
8828,3.414214501236761e+45
8829,3.411211782734963e+45
8830,3.408207846244633e+45
8831,3.405202698937204e+45
8832,3.4021963479836936e+45
8833,3.399188800554474e+45
8834,3.396180063819411e+45
8835,3.393170144947507e+45
8836,3.390159051107303e+45
8837,3.3871467894665354e+45
8838,3.3841333671922334e+45
8839,3.381118791450605e+45
8840,3.378103069407102e+45
8841,3.3750862082264136e+45
8842,3.3720682150722504e+45
8843,3.3690490971075203e+45
8844,3.366028861494191e+45
8845,3.3630075153933204e+45
8846,3.3599850659649215e+45
8847,3.3569615203680716e+45
8848,3.353936885760802e+45
8849,3.350911169300037e+45
8850,3.347884378141692e+45
8851,3.3448565194404845e+45
8852,3.3418276003499954e+45
8853,3.338797628022654e+45
8854,3.3357666096096754e+45
8855,3.33273455226098e+45
8856,3.3297014631253385e+45
8857,3.3266673493501034e+45
8858,3.3236322180813195e+45
8859,3.3205960764637127e+45
8860,3.317558931640694e+45
8861,3.3145207907540706e+45
8862,3.3114816609443657e+45
8863,3.308441549350519e+45
8864,3.3054004631100713e+45
8865,3.302358409358957e+45
8866,3.299315395231534e+45
8867,3.296271427860683e+45
8868,3.293226514377535e+45
8869,3.290180661911644e+45
8870,3.287133877590826e+45
8871,3.284086168541255e+45
8872,3.281037541887365e+45
8873,3.277988004751761e+45
8874,3.2749375642552804e+45
8875,3.271886227517004e+45
8876,3.268834001654018e+45
8877,3.2657808937816755e+45
8878,3.262726911013351e+45
8879,3.259672060460441e+45
8880,3.256616349232435e+45
8881,3.253559784436828e+45
8882,3.250502373179005e+45
8883,3.2474441225624187e+45
8884,3.244385039688322e+45
8885,3.2413251316559316e+45
8886,3.23826440556229e+45
8887,3.235202868502289e+45
8888,3.232140527568567e+45
8889,3.2290773898516073e+45
8890,3.2260134624396204e+45
8891,3.222948752418498e+45
8892,3.21988326687178e+45
8893,3.21681701288078e+45
8894,3.213749997524372e+45
8895,3.210682227879057e+45
8896,3.207613711018817e+45
8897,3.204544454015326e+45
8898,3.2014744639376486e+45
8899,3.198403747852407e+45
8900,3.195332312823648e+45
8901,3.1922601659128536e+45
8902,3.189187314178904e+45
8903,3.1861137646780426e+45
8904,3.1830395244639366e+45
8905,3.1799646005874956e+45
8906,3.176889000096867e+45
8907,3.173812730037589e+45
8908,3.1707357974523525e+45
8909,3.1676582093810266e+45
8910,3.164579972860707e+45
8911,3.1615010949256694e+45
8912,3.1584215826072076e+45
8913,3.1553414429337905e+45
8914,3.1522606829309226e+45
8915,3.1491793096211514e+45
8916,3.1460973300240007e+45
8917,3.1430147511559806e+45
8918,3.139931580030654e+45
8919,3.136847823658359e+45
8920,3.1337634890463944e+45
8921,3.130678583199005e+45
8922,3.127593113117085e+45
8923,3.1245070857985275e+45
8924,3.1214205082379684e+45
8925,3.1183333874266985e+45
8926,3.115245730352891e+45
8927,3.112157544001275e+45
8928,3.1090688353533594e+45
8929,3.105979611387298e+45
8930,3.102889879077801e+45
8931,3.099799645396204e+45
8932,3.096708917310393e+45
8933,3.093617701784838e+45
8934,3.09052600578044e+45
8935,3.0874338362547015e+45
8936,3.084341200161444e+45
8937,3.081248104450999e+45
8938,3.0781545560701363e+45
8939,3.0750605619618744e+45
8940,3.071966129065695e+45
8941,3.0688712643173206e+45
8942,3.065775974648861e+45
8943,3.0626802669885453e+45
8944,3.05958414826103e+45
8945,3.056487625386984e+45
8946,3.053390705283442e+45
8947,3.0502933948634945e+45
8948,3.047195701036316e+45
8949,3.044097630707328e+45
8950,3.0409991907779335e+45
8951,3.037900388145608e+45
8952,3.0348012297037956e+45
8953,3.031701722342069e+45
8954,3.028601872945843e+45
8955,3.0255016883965817e+45
8956,3.02240117557151e+45
8957,3.019300341343941e+45
8958,3.0161991925828874e+45
8959,3.013097736153332e+45
8960,3.0099959789159463e+45
8961,3.006893927727261e+45
8962,3.003791589439587e+45
8963,3.000688970900882e+45
8964,2.997586078954862e+45
8965,2.994482920440935e+45
8966,2.9913795021941375e+45
8967,2.988275831045142e+45
8968,2.985171913820248e+45
8969,2.9820677573412487e+45
8970,2.9789633684255654e+45
8971,2.975858753886134e+45
8972,2.9727539205313677e+45
8973,2.969648875165115e+45
8974,2.9665436245867943e+45
8975,2.963438175591066e+45
8976,2.9603325349681146e+45
8977,2.957226709503449e+45
8978,2.9541207059779315e+45
8979,2.951014531167704e+45
8980,2.947908191844285e+45
8981,2.9448016947743684e+45
8982,2.94169504671989e+45
8983,2.9385882544380676e+45
8984,2.935481324681272e+45
8985,2.932374264197014e+45
8986,2.9292670797279736e+45
8987,2.926159778011931e+45
8988,2.9230523657817457e+45
8989,2.9199448497653616e+45
8990,2.916837236685719e+45
8991,2.9137295332608255e+45
8992,2.91062174620361e+45
8993,2.9075138822220137e+45
8994,2.904405948018868e+45
8995,2.9012979502919915e+45
8996,2.8981898957340265e+45
8997,2.895081791032406e+45
8998,2.891973642869587e+45
8999,2.8888654579226703e+45
9000,2.885757242863628e+45
9001,2.882649004359147e+45
9002,2.8795407490706914e+45
9003,2.876432483654395e+45
9004,2.8733242147610927e+45
9005,2.8702159490363297e+45
9006,2.86710769312021e+45
9007,2.86399945364752e+45
9008,2.860891237247563e+45
9009,2.8577830505442854e+45
9010,2.8546749001561316e+45
9011,2.8515667926960382e+45
9012,2.848458734771524e+45
9013,2.845350732984416e+45
9014,2.842242793931178e+45
9015,2.839134924202504e+45
9016,2.836027130383645e+45
9017,2.832919419054119e+45
9018,2.8298117967878037e+45
9019,2.826704270152944e+45
9020,2.8235968457120768e+45
9021,2.8204895300219337e+45
9022,2.8173823296336038e+45
9023,2.8142752510923373e+45
9024,2.8111683009376052e+45
9025,2.8080614857030467e+45
9026,2.8049548119165297e+45
9027,2.8018482860999322e+45
9028,2.7987419147692884e+45
9029,2.7956357044347815e+45
9030,2.7925296616005676e+45
9031,2.7894237927649275e+45
9032,2.7863181044200537e+45
9033,2.7832126030521958e+45
9034,2.78010729514159e+45
9035,2.7770021871623715e+45
9036,2.773897285582611e+45
9037,2.77079259686424e+45
9038,2.7676881274631755e+45
9039,2.764583883829077e+45
9040,2.761479872405493e+45
9041,2.7583760996297184e+45
9042,2.755272571932917e+45
9043,2.7521692957399446e+45
9044,2.7490662774694465e+45
9045,2.7459635235336804e+45
9046,2.7428610403387465e+45
9047,2.7397588342843248e+45
9048,2.7366569117637117e+45
9049,2.7335552791639152e+45
9050,2.7304539428654817e+45
9051,2.727352909242557e+45
9052,2.7242521846628755e+45
9053,2.7211517754876452e+45
9054,2.7180516880716088e+45
9055,2.71495192876303e+45
9056,2.7118525039035767e+45
9057,2.7087534198284563e+45
9058,2.705654682866215e+45
9059,2.702556299338842e+45
9060,2.6994582755616902e+45
9061,2.6963606178434568e+45
9062,2.693263332486239e+45
9063,2.6901664257853404e+45
9064,2.6870699040294513e+45
9065,2.6839737735005344e+45
9066,2.6808780404737098e+45
9067,2.6777827112173795e+45
9068,2.6746877919932005e+45
9069,2.6715932890559003e+45
9070,2.6684992086534763e+45
9071,2.6654055570270052e+45
9072,2.6623123404106853e+45
9073,2.659219565031879e+45
9074,2.6561272371108913e+45
9075,2.6530353628612333e+45
9076,2.6499439484893463e+45
9077,2.6468530001947238e+45
9078,2.6437625241698475e+45
9079,2.6406725266001697e+45
9080,2.637583013664095e+45
9081,2.6344939915329436e+45
9082,2.6314054663709774e+45
9083,2.6283174443353173e+45
9084,2.625229931575923e+45
9085,2.622142934235626e+45
9086,2.6190564584501378e+45
9087,2.6159705103478834e+45
9088,2.6128850960501168e+45
9089,2.6098002216708773e+45
9090,2.606715893316882e+45
9091,2.6036321170876545e+45
9092,2.600548899075331e+45
9093,2.597466245364806e+45
9094,2.5943841620335995e+45
9095,2.5913026551518436e+45
9096,2.588221730782352e+45
9097,2.5851413949805096e+45
9098,2.5820616537942863e+45
9099,2.5789825132642153e+45
9100,2.575903979423328e+45
9101,2.572826058297244e+45
9102,2.5697487559040686e+45
9103,2.566672078254346e+45
9104,2.5635960313511965e+45
9105,2.560520621189969e+45
9106,2.55744585375866e+45
9107,2.5543717350375326e+45
9108,2.5512982709992945e+45
9109,2.5482254676089913e+45
9110,2.5451533308240045e+45
9111,2.5420818665940888e+45
9112,2.539011080861263e+45
9113,2.5359409795598415e+45
9114,2.532871568616414e+45
9115,2.529802853949811e+45
9116,2.5267348414710953e+45
9117,2.523667537083551e+45
9118,2.5206009466826448e+45
9119,2.5175350761560158e+45
9120,2.5144699313834496e+45
9121,2.5114055182368947e+45
9122,2.508341842580379e+45
9123,2.5052789102700355e+45
9124,2.5022167271541443e+45
9125,2.4991552990729772e+45
9126,2.496094631858823e+45
9127,2.4930347313360695e+45
9128,2.4899756033210668e+45
9129,2.486917253622127e+45
9130,2.48385968803969e+45
9131,2.4808029123658904e+45
9132,2.4777469323849873e+45
9133,2.4746917538730746e+45
9134,2.4716373825981853e+45
9135,2.4685838243202394e+45
9136,2.4655310847909088e+45
9137,2.462479169753895e+45
9138,2.4594280849445358e+45
9139,2.4563778360901036e+45
9140,2.4533284289096098e+45
9141,2.450279869113838e+45
9142,2.4472321624053632e+45
9143,2.4441853144784472e+45
9144,2.44113933101911e+45
9145,2.438094217705057e+45
9146,2.435049980205692e+45
9147,2.4320066241820417e+45
9148,2.42896415528685e+45
9149,2.4259225791644703e+45
9150,2.4228819014508648e+45
9151,2.4198421277735922e+45
9152,2.416803263751807e+45
9153,2.4137653149961775e+45
9154,2.4107282871090105e+45
9155,2.4076921856840847e+45
9156,2.4046570163067397e+45
9157,2.4016227845537434e+45
9158,2.3985894959934048e+45
9159,2.3955571561854854e+45
9160,2.3925257706811606e+45
9161,2.389495345023098e+45
9162,2.386465884745363e+45
9163,2.383437395373388e+45
9164,2.3804098824240137e+45
9165,2.3773833514054486e+45
9166,2.374357807817244e+45
9167,2.371333257150317e+45
9168,2.3683097048868417e+45
9169,2.3652871565003945e+45
9170,2.3622656174556868e+45
9171,2.3592450932088832e+45
9172,2.3562255892072612e+45
9173,2.35320711088943e+45
9174,2.3501896636851665e+45
9175,2.3471732530154663e+45
9176,2.3441578842925274e+45
9177,2.3411435629197274e+45
9178,2.338130294291635e+45
9179,2.3351180837939235e+45
9180,2.3321069368034e+45
9181,2.3290968586879944e+45
9182,2.326087854806771e+45
9183,2.3230799305098142e+45
9184,2.3200730911383594e+45
9185,2.317067342024625e+45
9186,2.3140626884919273e+45
9187,2.3110591358545663e+45
9188,2.308056689417878e+45
9189,2.3050553544781977e+45
9190,2.302055136322837e+45
9191,2.299056040230073e+45
9192,2.2960580714691167e+45
9193,2.2930612353001536e+45
9194,2.290065536974305e+45
9195,2.2870709817335336e+45
9196,2.2840775748107623e+45
9197,2.281085321429761e+45
9198,2.2780942268051797e+45
9199,2.275104296142524e+45
9200,2.272115534638125e+45
9201,2.2691279474791705e+45
9202,2.2661415398436106e+45
9203,2.2631563169002287e+45
9204,2.260172283808596e+45
9205,2.2571894457190298e+45
9206,2.254207807772577e+45
9207,2.251227375101134e+45
9208,2.2482481528271827e+45
9209,2.2452701460640302e+45
9210,2.2422933599156346e+45
9211,2.2393177994766477e+45
9212,2.236343469832434e+45
9213,2.233370376058939e+45
9214,2.2303985232228597e+45
9215,2.2274279163814347e+45
9216,2.224458560582567e+45
9217,2.2214904608647812e+45
9218,2.2185236222571755e+45
9219,2.215558049779448e+45
9220,2.212593748441872e+45
9221,2.2096307232452035e+45
9222,2.206668979180877e+45
9223,2.203708521230764e+45
9224,2.2007493543672628e+45
9225,2.1977914835533137e+45
9226,2.1948349137423344e+45
9227,2.1918796498782076e+45
9228,2.188925696895341e+45
9229,2.1859730597185395e+45
9230,2.183021743263062e+45
9231,2.1800717524346154e+45
9232,2.1771230921293784e+45
9233,2.1741757672338436e+45
9234,2.1712297826249608e+45
9235,2.168285143170047e+45
9236,2.165341853726826e+45
9237,2.1623999191433233e+45
9238,2.1594593442579307e+45
9239,2.1565201338994393e+45
9240,2.1535822928869243e+45
9241,2.1506458260297456e+45
9242,2.1477107381276146e+45
9243,2.1447770339704925e+45
9244,2.1418447183386975e+45
9245,2.138913796002743e+45
9246,2.1359842717234007e+45
9247,2.1330561502517686e+45
9248,2.1301294363290674e+45
9249,2.1272041346868632e+45
9250,2.124280250046859e+45
9251,2.121357787120951e+45
9252,2.1184367506113096e+45
9253,2.115517145210232e+45
9254,2.1125989756001632e+45
9255,2.109682246453758e+45
9256,2.1067669624338002e+45
9257,2.1038531281932084e+45
9258,2.1009407483750583e+45
9259,2.098029827612515e+45
9260,2.0951203705288598e+45
9261,2.0922123817374932e+45
9262,2.0893058658418505e+45
9263,2.086400827435518e+45
9264,2.0834972711021337e+45
9265,2.080595201415303e+45
9266,2.077694622938808e+45
9267,2.074795540226404e+45
9268,2.071897957821892e+45
9269,2.0690018802590523e+45
9270,2.0661073120617435e+45
9271,2.0632142577437388e+45
9272,2.0603227218089143e+45
9273,2.057432708751019e+45
9274,2.054544223053844e+45
9275,2.0516572691910705e+45
9276,2.0487718516264122e+45
9277,2.045887974813499e+45
9278,2.0430056431958513e+45
9279,2.0401248612069964e+45
9280,2.0372456332703047e+45
9281,2.034367963799083e+45
9282,2.0314918571965416e+45
9283,2.0286173178557592e+45
9284,2.025744350159722e+45
9285,2.0228729584812698e+45
9286,2.0200031471831272e+45
9287,2.017134920617834e+45
9288,2.0142682831278002e+45
9289,2.0114032390452955e+45
9290,2.0085397926923705e+45
9291,2.0056779483809468e+45
9292,2.002817710412713e+45
9293,1.9999590830791975e+45
9294,1.9971020706617127e+45
9295,1.9942466774313457e+45
9296,1.9913929076489855e+45
9297,1.988540765565282e+45
9298,1.9856902554206375e+45
9299,1.9828413814452393e+45
9300,1.979994147858987e+45
9301,1.9771485588715936e+45
9302,1.974304618682416e+45
9303,1.971462331480583e+45
9304,1.9686217014449415e+45
9305,1.9657827327440172e+45
9306,1.9629454295360998e+45
9307,1.960109795969117e+45
9308,1.9572758361807338e+45
9309,1.9544435542982405e+45
9310,1.9516129544386364e+45
9311,1.9487840407086126e+45
9312,1.9459568172044634e+45
9313,1.9431312880121883e+45
9314,1.9403074572073982e+45
9315,1.9374853288553688e+45
9316,1.934664907010993e+45
9317,1.9318461957188108e+45
9318,1.929029199012928e+45
9319,1.9262139209171387e+45
9320,1.9234003654447863e+45
9321,1.9205885365988536e+45
9322,1.9177784383718912e+45
9323,1.914970074746049e+45
9324,1.9121634496930416e+45
9325,1.9093585671742124e+45
9326,1.9065554311403868e+45
9327,1.9037540455320183e+45
9328,1.9009544142791125e+45
9329,1.8981565413012146e+45
9330,1.8953604305073776e+45
9331,1.892566085796291e+45
9332,1.8897735110560914e+45
9333,1.8869827101644428e+45
9334,1.8841936869886022e+45
9335,1.8814064453852872e+45
9336,1.878620989200731e+45
9337,1.8758373222707092e+45
9338,1.8730554484204448e+45
9339,1.8702753714646986e+45
9340,1.8674970952077003e+45
9341,1.864720623443201e+45
9342,1.861945959954343e+45
9343,1.8591731085138527e+45
9344,1.8564020728838783e+45
9345,1.8536328568159912e+45
9346,1.8508654640513144e+45
9347,1.848099898320346e+45
9348,1.84533616334306e+45
9349,1.8425742628289116e+45
9350,1.8398142004767283e+45
9351,1.837055979974847e+45
9352,1.83429960500099e+45
9353,1.8315450792223382e+45
9354,1.828792406295439e+45
9355,1.8260415898663555e+45
9356,1.8232926335704706e+45
9357,1.8205455410326253e+45
9358,1.817800315867074e+45
9359,1.815056961677443e+45
9360,1.812315482056795e+45
9361,1.8095758805875658e+45
9362,1.8068381608415684e+45
9363,1.8041023263800382e+45
9364,1.8013683807535713e+45
9365,1.7986363275021518e+45
9366,1.7959061701551363e+45
9367,1.793177912231244e+45
9368,1.7904515572386007e+45
9369,1.7877271086746594e+45
9370,1.7850045700262436e+45
9371,1.782283944769552e+45
9372,1.7795652363701128e+45
9373,1.776848448282852e+45
9374,1.7741335839519966e+45
9375,1.7714206468111655e+45
9376,1.7687096402832785e+45
9377,1.7660005677806226e+45
9378,1.763293432704813e+45
9379,1.760588238446807e+45
9380,1.757884988386896e+45
9381,1.755183685894706e+45
9382,1.7524843343291667e+45
9383,1.7497869370385505e+45
9384,1.7470914973604515e+45
9385,1.7443980186217917e+45
9386,1.7417065041388026e+45
9387,1.7390169572170074e+45
9388,1.7363293811512946e+45
9389,1.7336437792258145e+45
9390,1.730960154714053e+45
9391,1.7282785108787988e+45
9392,1.725598850972135e+45
9393,1.722921178235473e+45
9394,1.7202454958994846e+45
9395,1.7175718071841906e+45
9396,1.714900115298878e+45
9397,1.7122304234421008e+45
9398,1.7095627348017667e+45
9399,1.706897052555073e+45
9400,1.704233379868451e+45
9401,1.7015717198976708e+45
9402,1.6989120757877932e+45
9403,1.6962544506731066e+45
9404,1.693598847677276e+45
9405,1.690945269913188e+45
9406,1.6882937204830057e+45
9407,1.685644202478227e+45
9408,1.6829967189795803e+45
9409,1.6803512730571124e+45
9410,1.6777078677701245e+45
9411,1.6750665061671874e+45
9412,1.672427191286225e+45
9413,1.6697899261543253e+45
9414,1.6671547137879242e+45
9415,1.6645215571927317e+45
9416,1.661890459363709e+45
9417,1.6592614232851064e+45
9418,1.6566344519304407e+45
9419,1.6540095482625154e+45
9420,1.6513867152333767e+45
9421,1.6487659557844047e+45
9422,1.646147272846213e+45
9423,1.6435306693386575e+45
9424,1.6409161481709417e+45
9425,1.6383037122414934e+45
9426,1.6356933644380212e+45
9427,1.6330851076375054e+45
9428,1.6304789447062152e+45
9429,1.6278748784996715e+45
9430,1.6252729118626905e+45
9431,1.6226730476293563e+45
9432,1.6200752886230285e+45
9433,1.617479637656325e+45
9434,1.6148860975311897e+45
9435,1.612294671038781e+45
9436,1.609705360959572e+45
9437,1.6071181700632882e+45
9438,1.604533101108972e+45
9439,1.6019501568449293e+45
9440,1.5993693400087123e+45
9441,1.596790653327217e+45
9442,1.594214099516585e+45
9443,1.59163968128223e+45
9444,1.5890674013188752e+45
9445,1.586497262310529e+45
9446,1.5839292669304748e+45
9447,1.581363417841285e+45
9448,1.5787997176948326e+45
9449,1.5762381691322854e+45
9450,1.5736787747840773e+45
9451,1.5711215372699533e+45
9452,1.5685664591989858e+45
9453,1.5660135431694682e+45
9454,1.563462791769081e+45
9455,1.5609142075747423e+45
9456,1.5583677931527068e+45
9457,1.5558235510585233e+45
9458,1.5532814838370358e+45
9459,1.5507415940224146e+45
9460,1.5482038841381326e+45
9461,1.5456683566969836e+45
9462,1.543135014201071e+45
9463,1.5406038591418022e+45
9464,1.5380748939999334e+45
9465,1.5355481212454976e+45
9466,1.5330235433379424e+45
9467,1.5305011627259053e+45
9468,1.5279809818474956e+45
9469,1.5254630031300406e+45
9470,1.5229472289902704e+45
9471,1.5204336618342266e+45
9472,1.5179223040573005e+45
9473,1.5154131580442237e+45
9474,1.5129062261690492e+45
9475,1.5104015107952107e+45
9476,1.5078990142755123e+45
9477,1.505398738952034e+45
9478,1.5029006871563016e+45
9479,1.5004048612091378e+45
9480,1.4979112634207772e+45
9481,1.4954198960907675e+45
9482,1.4929307615080994e+45
9483,1.4904438619510382e+45
9484,1.4879591996873307e+45
9485,1.4854767769740485e+45
9486,1.4829965960576456e+45
9487,1.4805186591739797e+45
9488,1.4780429685482754e+45
9489,1.475569526395205e+45
9490,1.4730983349187743e+45
9491,1.470629396312446e+45
9492,1.468162712759048e+45
9493,1.4656982864308498e+45
9494,1.4632361194895164e+45
9495,1.460776214086119e+45
9496,1.4583185723612027e+45
9497,1.455863196444694e+45
9498,1.4534100884559287e+45
9499,1.4509592505037373e+45
9500,1.4485106846863647e+45
9501,1.4460643930915013e+45
9502,1.4436203777962483e+45
9503,1.4411786408672208e+45
9504,1.438739184360448e+45
9505,1.4363020103214296e+45
9506,1.4338671207851426e+45
9507,1.431434517776007e+45
9508,1.4290042033079757e+45
9509,1.4265761793844082e+45
9510,1.4241504479981945e+45
9511,1.421727011131704e+45
9512,1.4193058707567938e+45
9513,1.4168870288348468e+45
9514,1.4144704873167144e+45
9515,1.4120562481427699e+45
9516,1.409644313242913e+45
9517,1.4072346845365494e+45
9518,1.4048273639326247e+45
9519,1.4024223533296014e+45
9520,1.4000196546154902e+45
9521,1.3976192696678382e+45
9522,1.3952212003536926e+45
9523,1.3928254485297628e+45
9524,1.3904320160422063e+45
9525,1.3880409047268079e+45
9526,1.3856521164088964e+45
9527,1.3832656529033553e+45
9528,1.3808815160147262e+45
9529,1.3784997075370273e+45
9530,1.3761202292539582e+45
9531,1.3737430829387673e+45
9532,1.37136827035434e+45
9533,1.3689957932531265e+45
9534,1.3666256533772691e+45
9535,1.3642578524584325e+45
9536,1.3618923922179929e+45
9537,1.3595292743669212e+45
9538,1.3571685006058368e+45
9539,1.3548100726250025e+45
9540,1.3524539921043358e+45
9541,1.350100260713431e+45
9542,1.3477488801115267e+45
9543,1.3453998519475333e+45
9544,1.3430531778600548e+45
9545,1.3407088594773863e+45
9546,1.3383668984174957e+45
9547,1.3360272962880691e+45
9548,1.333690054686469e+45
9549,1.3313551751997935e+45
9550,1.3290226594048792e+45
9551,1.3266925088682544e+45
9552,1.3243647251461798e+45
9553,1.3220393097846973e+45
9554,1.3197162643195485e+45
9555,1.3173955902762666e+45
9556,1.3150772891701215e+45
9557,1.3127613625061769e+45
9558,1.3104478117792464e+45
9559,1.3081366384739371e+45
9560,1.305827844064653e+45
9561,1.303521430015597e+45
9562,1.3012173977807565e+45
9563,1.2989157488039695e+45
9564,1.2966164845188748e+45
9565,1.294319606348936e+45
9566,1.2920251157074374e+45
9567,1.2897330139975574e+45
9568,1.2874433026122623e+45
9569,1.285155982934438e+45
9570,1.2828710563367785e+45
9571,1.2805885241819058e+45
9572,1.2783083878222933e+45
9573,1.2760306486003244e+45
9574,1.2737553078482672e+45
9575,1.2714823668882907e+45
9576,1.2692118270324934e+45
9577,1.2669436895829013e+45
9578,1.2646779558314488e+45
9579,1.262414627060034e+45
9580,1.2601537045404903e+45
9581,1.2578951895345959e+45
9582,1.2556390832941163e+45
9583,1.2533853870607901e+45
9584,1.2511341020663139e+45
9585,1.2488852295323971e+45
9586,1.2466387706707344e+45
9587,1.2443947266830238e+45
9588,1.242153098761003e+45
9589,1.2399138880863975e+45
9590,1.2376770958310089e+45
9591,1.2354427231566439e+45
9592,1.233210771215164e+45
9593,1.2309812411485286e+45
9594,1.228754134088718e+45
9595,1.2265294511578152e+45
9596,1.2243071934679878e+45
9597,1.2220873621214742e+45
9598,1.2198699582106654e+45
9599,1.2176549828180044e+45
9600,1.2154424370161529e+45
9601,1.2132323218677782e+45
9602,1.2110246384257912e+45
9603,1.2088193877332058e+45
9604,1.2066165708232057e+45
9605,1.204416188719142e+45
9606,1.20221824243457e+45
9607,1.2000227329731833e+45
9608,1.1978296613289292e+45
9609,1.1956390284859066e+45
9610,1.1934508354184725e+45
9611,1.1912650830912166e+45
9612,1.1890817724589031e+45
9613,1.1869009044666268e+45
9614,1.1847224800496798e+45
9615,1.182546500133634e+45
9616,1.1803729656343614e+45
9617,1.1782018774579745e+45
9618,1.1760332365009106e+45
9619,1.1738670436499227e+45
9620,1.1717032997820446e+45
9621,1.1695420057646524e+45
9622,1.1673831624554848e+45
9623,1.1652267707026011e+45
9624,1.1630728313443888e+45
9625,1.1609213452096595e+45
9626,1.158772313117549e+45
9627,1.1566257358776183e+45
9628,1.1544816142898e+45
9629,1.1523399491444683e+45
9630,1.1502007412223674e+45
9631,1.1480639912947089e+45
9632,1.1459297001231071e+45
9633,1.1437978684596772e+45
9634,1.1416684970469485e+45
9635,1.1395415866179453e+45
9636,1.1374171378961555e+45
9637,1.1352951515955878e+45
9638,1.1331756284207207e+45
9639,1.131058569066557e+45
9640,1.1289439742186478e+45
9641,1.1268318445530446e+45
9642,1.1247221807363749e+45
9643,1.1226149834257906e+45
9644,1.1205102532690391e+45
9645,1.1184079909044483e+45
9646,1.11630819696091e+45
9647,1.1142108720579579e+45
9648,1.1121160168056923e+45
9649,1.1100236318048768e+45
9650,1.1079337176468733e+45
9651,1.1058462749137309e+45
9652,1.1037613041781225e+45
9653,1.1016788060033923e+45
9654,1.0995987809436005e+45
9655,1.0975212295434575e+45
9656,1.095446152338383e+45
9657,1.0933735498545546e+45
9658,1.0913034226087997e+45
9659,1.0892357711087537e+45
9660,1.0871705958527554e+45
9661,1.0851078973299285e+45
9662,1.0830476760201726e+45
9663,1.0809899323941357e+45
9664,1.078934666913303e+45
9665,1.0768818800299657e+45
9666,1.0748315721871974e+45
9667,1.0727837438189304e+45
9668,1.0707383953499335e+45
9669,1.068695527195837e+45
9670,1.06665513976313e+45
9671,1.0646172334491843e+45
9672,1.062581808642258e+45
9673,1.0605488657215234e+45
9674,1.0585184050570637e+45
9675,1.0564904270098737e+45
9676,1.0544649319318962e+45
9677,1.0524419201660449e+45
9678,1.0504213920461618e+45
9679,1.0484033478971112e+45
9680,1.0463877880347068e+45
9681,1.0443747127657546e+45
9682,1.0423641223881141e+45
9683,1.0403560171906488e+45
9684,1.038350397453243e+45
9685,1.0363472634468771e+45
9686,1.0343466154335408e+45
9687,1.0323484536663362e+45
9688,1.0303527783894252e+45
9689,1.028359589838113e+45
9690,1.0263688882387543e+45
9691,1.0243806738089024e+45
9692,1.0223949467571852e+45
9693,1.020411707283405e+45
9694,1.0184309555785558e+45
9695,1.0164526918247533e+45
9696,1.0144769161953507e+45
9697,1.012503628854877e+45
9698,1.0105328299590816e+45
9699,1.0085645196549442e+45
9700,1.0065986980806878e+45
9701,1.0046353653657757e+45
9702,1.0026745216309716e+45
9703,1.0007161669882663e+45
9704,9.987603015409839e+44
9705,9.96806925383749e+44
9706,9.948560386024927e+44
9707,9.929076412744832e+44
9708,9.90961733468345e+44
9709,9.890183152440352e+44
9710,9.870773866529029e+44
9711,9.851389477376931e+44
9712,9.832029985325175e+44
9713,9.812695390629321e+44
9714,9.793385693458849e+44
9715,9.774100893897874e+44
9716,9.754840991944863e+44
9717,9.735605987513239e+44
9718,9.716395880430821e+44
9719,9.697210670440544e+44
9720,9.678050357200395e+44
9721,9.658914940283632e+44
9722,9.639804419178516e+44
9723,9.620718793289281e+44
9724,9.60165806193531e+44
9725,9.582622224351925e+44
9726,9.563611279690391e+44
9727,9.544625227017731e+44
9728,9.525664065317554e+44
9729,9.50672779348926e+44
9730,9.487816410348984e+44
9731,9.46892991462931e+44
9732,9.450068304979557e+44
9733,9.431231579965943e+44
9734,9.412419738071518e+44
9735,9.393632777696611e+44
9736,9.37487069715883e+44
9737,9.356133494692959e+44
9738,9.337421168451531e+44
9739,9.318733716504687e+44
9740,9.300071136840381e+44
9741,9.281433427364481e+44
9742,9.262820585901268e+44
9743,9.244232610192716e+44
9744,9.225669497899548e+44
9745,9.207131246601244e+44
9746,9.188617853795318e+44
9747,9.170129316898683e+44
9748,9.1516656332468e+44
9749,9.133226800094605e+44
9750,9.114812814616013e+44
9751,9.096423673904285e+44
9752,9.07805937497241e+44
9753,9.059719914753097e+44
9754,9.041405290098476e+44
9755,9.023115497780965e+44
9756,9.004850534493249e+44
9757,8.986610396847849e+44
9758,8.968395081377878e+44
9759,8.950204584537144e+44
9760,8.93203890269984e+44
9761,8.913898032161268e+44
9762,8.895781969137466e+44
9763,8.877690709765816e+44
9764,8.859624250104896e+44
9765,8.841582586134719e+44
9766,8.823565713756688e+44
9767,8.805573628794316e+44
9768,8.787606326992533e+44
9769,8.769663804018594e+44
9770,8.751746055461737e+44
9771,8.733853076833617e+44
9772,8.715984863568427e+44
9773,8.698141411022512e+44
9774,8.680322714475558e+44
9775,8.662528769129894e+44
9776,8.644759570110848e+44
9777,8.627015112466874e+44
9778,8.609295391169908e+44
9779,8.59160040111564e+44
9780,8.573930137122935e+44
9781,8.556284593934688e+44
9782,8.538663766217678e+44
9783,8.5210676485629e+44
9784,8.503496235485525e+44
9785,8.4859495214251e+44
9786,8.468427500745811e+44
9787,8.45093016773646e+44
9788,8.433457516610791e+44
9789,8.416009541507495e+44
9790,8.398586236490317e+44
9791,8.38118759554867e+44
9792,8.36381361259692e+44
9793,8.346464281475575e+44
9794,8.329139595950619e+44
9795,8.311839549713906e+44
9796,8.29456413638359e+44
9797,8.277313349503876e+44
9798,8.260087182545414e+44
9799,8.242885628905368e+44
9800,8.225708681907742e+44
9801,8.208556334803163e+44
9802,8.191428580769337e+44
9803,8.174325412911306e+44
9804,8.157246824261082e+44
9805,8.140192807778423e+44
9806,8.12316335635056e+44
9807,8.106158462792523e+44
9808,8.089178119847375e+44
9809,8.07222232018614e+44
9810,8.055291056408152e+44
9811,8.038384321041023e+44
9812,8.02150210654114e+44
9813,8.004644405293344e+44
9814,7.987811209611418e+44
9815,7.971002511738412e+44
9816,7.95421830384628e+44
9817,7.937458578036232e+44
9818,7.92072332633932e+44
9819,7.90401254071589e+44
9820,7.887326213056306e+44
9821,7.870664335180907e+44
9822,7.85402689884001e+44
9823,7.837413895714291e+44
9824,7.820825317414822e+44
9825,7.804261155483344e+44
9826,7.787721401392338e+44
9827,7.771206046545082e+44
9828,7.754715082276077e+44
9829,7.738248499850917e+44
9830,7.721806290466768e+44
9831,7.705388445252071e+44
9832,7.688994955267087e+44
9833,7.67262581150416e+44
9834,7.656281004887354e+44
9835,7.639960526273071e+44
9836,7.623664366449932e+44
9837,7.607392516139108e+44
9838,7.591144965994667e+44
9839,7.574921706603102e+44
9840,7.558722728484096e+44
9841,7.542548022090512e+44
9842,7.52639757780833e+44
9843,7.510271385957352e+44
9844,7.494169436790504e+44
9845,7.478091720494909e+44
9846,7.46203822719133e+44
9847,7.44600894693497e+44
9848,7.430003869714933e+44
9849,7.414022985455043e+44
9850,7.398066284013531e+44
9851,7.38213375518352e+44
9852,7.36622538869275e+44
9853,7.350341174204509e+44
9854,7.334481101316845e+44
9855,7.318645159563447e+44
9856,7.302833338413678e+44
9857,7.287045627272268e+44
9858,7.271282015480024e+44
9859,7.255542492313909e+44
9860,7.239827046986958e+44
9861,7.224135668648473e+44
9862,7.208468346384572e+44
9863,7.192825069217756e+44
9864,7.177205826107559e+44
9865,7.161610605950582e+44
9866,7.146039397580405e+44
9867,7.130492189768088e+44
9868,7.114968971222224e+44
9869,7.09946973058899e+44
9870,7.08399445645245e+44
9871,7.0685431373346964e+44
9872,7.053115761695886e+44
9873,7.037712317934453e+44
9874,7.022332794387661e+44
9875,7.006977179330925e+44
9876,6.991645460978824e+44
9877,6.9763376274849265e+44
9878,6.961053666941681e+44
9879,6.945793567381107e+44
9880,6.930557316774369e+44
9881,6.915344903032774e+44
9882,6.900156314006878e+44
9883,6.884991537487722e+44
9884,6.869850561205966e+44
9885,6.8547333728328695e+44
9886,6.83963995998009e+44
9887,6.8245703101999546e+44
9888,6.809524410985394e+44
9889,6.794502249770539e+44
9890,6.779503813930459e+44
9891,6.764529090781484e+44
9892,6.749578067581513e+44
9893,6.734650731530009e+44
9894,6.719747069768161e+44
9895,6.7048670693791206e+44
9896,6.6900107173881844e+44
9897,6.675178000762902e+44
9898,6.660368906413179e+44
9899,6.645583421191617e+44
9900,6.630821531893543e+44
9901,6.616083225257217e+44
9902,6.601368487964034e+44
9903,6.5866773066385175e+44
9904,6.572009667848813e+44
9905,6.557365558106507e+44
9906,6.542744963866992e+44
9907,6.52814787152959e+44
9908,6.5135742674377605e+44
9909,6.499024137879046e+44
9910,6.484497469085639e+44
9911,6.469994247234163e+44
9912,6.455514458446064e+44
9913,6.441058088787607e+44
9914,6.42662512427028e+44
9915,6.412215550850733e+44
9916,6.39782935443101e+44
9917,6.383466520858893e+44
9918,6.3691270359276324e+44
9919,6.354810885376619e+44
9920,6.340518054891272e+44
9921,6.326248530103295e+44
9922,6.312002296590648e+44
9923,6.297779339877979e+44
9924,6.283579645436833e+44
9925,6.26940319868525e+44
9926,6.255249984988749e+44
9927,6.241119989659897e+44
9928,6.227013197958782e+44
9929,6.212929595092927e+44
9930,6.1988691662176306e+44
9931,6.184831896436313e+44
9932,6.170817770800036e+44
9933,6.156826774308588e+44
9934,6.142858891909728e+44
9935,6.128914108500151e+44
9936,6.114992408925039e+44
9937,6.101093777978624e+44
9938,6.087218200404117e+44
9939,6.073365660894035e+44
9940,6.059536144090207e+44
9941,6.045729634584097e+44
9942,6.031946116916998e+44
9943,6.0181855755798545e+44
9944,6.004447995014043e+44
9945,5.9907333596107625e+44
9946,5.977041653711946e+44
9947,5.963372861609878e+44
9948,5.949726967547772e+44
9949,5.936103955719608e+44
9950,5.922503810270344e+44
9951,5.908926515296418e+44
9952,5.895372054845513e+44
9953,5.8818404129168985e+44
9954,5.868331573461501e+44
9955,5.8548455203823924e+44
9956,5.841382237534371e+44
9957,5.8279417087247194e+44
9958,5.814523917713015e+44
9959,5.801128848211505e+44
9960,5.7877564838849165e+44
9961,5.774406808351159e+44
9962,5.761079805181023e+44
9963,5.747775457898637e+44
9964,5.7344937499813114e+44
9965,5.721234664860252e+44
9966,5.707998185920161e+44
9967,5.6947842964996145e+44
9968,5.681592979891359e+44
9969,5.668424219342402e+44
9970,5.655277998053853e+44
9971,5.642154299181789e+44
9972,5.629053105836702e+44
9973,5.615974401083987e+44
9974,5.6029181679443335e+44
9975,5.589884389393305e+44
9976,5.576873048362179e+44
9977,5.563884127737549e+44
9978,5.550917610361891e+44
9979,5.537973479033335e+44
9980,5.525051716506347e+44
9981,5.512152305491405e+44
9982,5.4992752286553724e+44
9983,5.486420468621726e+44
9984,5.473588007970564e+44
9985,5.4607778292389826e+44
9986,5.447989914921052e+44
9987,5.4352242474680145e+44
9988,5.422480809288499e+44
9989,5.40975958274872e+44
9990,5.397060550172459e+44
9991,5.3843836938414956e+44
9992,5.371728995995566e+44
9993,5.359096438832642e+44
9994,5.346486004509032e+44
9995,5.333897675139534e+44
9996,5.321331432797701e+44
9997,5.3087872595158455e+44
9998,5.296265137285452e+44
9999,5.283765048057015e+44
10000,5.27128697374046e+44
