,t,hat_beta_t,argmax_Wit,top_agent_wealth_ratio,top_10p_wealth_ratio,state_t,k_ast_t,Gamma_t,gamma_period_t,gamma_star_t,r_bar_t
0,0.0,0.4954869414073271,0.137,0.0003989620015958583,0.18939131119424732,0.0,-1.0,0.0,0.0,90.34518243684234,0.7970745883860534
1,1.0,0.5002249724032376,0.891,0.0004071882347085398,0.18944178948731377,0.0,1.0,0.0,0.0,89.62058388465307,0.795433899907086
2,2.0,0.5049610975487268,0.969,0.0004178510658165619,0.18988344466225945,0.0,1.0,0.0,0.0,95.15826619737821,0.8073385101898961
3,3.0,0.5096937921290063,0.969,0.00042872089144484237,0.1907399665171463,0.0,1.0,0.0,0.0,88.49790286836351,0.7928387821731402
4,4.0,0.5144215372114423,0.969,0.000439756808472823,0.19211746664822146,0.0,1.0,0.0,0.0,91.26865936375877,0.7991278335724827
5,5.0,0.519142821952736,0.969,0.00045095731943043847,0.1939601304398225,0.0,1.0,0.0,0.0,91.01882858367509,0.7985764745754863
6,6.0,0.5238561458783187,0.969,0.0004623208067906326,0.19609829397077236,0.0,1.0,0.0,0.0,91.5338664982184,0.7997098338057186
7,7.0,0.5285600211264572,0.969,0.00047384553558488067,0.19845570783044267,0.0,1.0,0.0,0.0,94.52183986197751,0.8060412983908904
8,8.0,0.5332529746497485,0.969,0.0004855296562735883,0.20092656839107575,0.0,1.0,0.0,0.0,84.68032788788094,0.783499499935721
9,9.0,0.5379335503669233,0.969,0.0004973712078600822,0.20351779562226285,0.0,1.0,0.0,0.0,88.30302627736806,0.7923815965746562
10,10.0,0.5426003112581592,0.969,0.0005093681212360174,0.20621202186518334,0.0,1.0,0.0,0.0,87.8553399441914,0.7913236310396241
11,11.0,0.5472518413974673,0.9886,0.0005217474153561172,0.20899280174013984,0.0,1.0,0.0,0.0,96.73107232861233,0.8104711041447799
12,12.0,0.5518867479160012,0.9886,0.0005346257556773536,0.2118588744514443,0.0,1.0,0.0,0.0,94.1821301901178,0.8053417002108009
13,13.0,0.5565036628905923,0.9886,0.0005476800066929436,0.2148094902892307,0.0,1.0,0.0,0.0,102.14178903135847,0.8205109435893586
14,14.0,0.5611012451521639,0.9886,0.0005609082169248227,0.21783898432708546,0.0,1.0,0.0,0.0,96.1704888051737,0.8093663288904168
15,15.0,0.5656781820091724,0.9886,0.0005743083365691502,0.22093566773503853,0.0,1.0,0.0,0.0,89.50655140927373,0.7951732801155176
16,16.0,0.5702331908816315,0.9886,0.0005878782214525077,0.22410249382557482,0.0,1.0,0.0,0.0,97.8679256178294,0.8126727094949951
17,17.0,0.5747650208417947,0.9886,0.0006016156371415331,0.2273310307557303,0.0,1.0,0.0,0.0,88.5122086358702,0.7928722645623417
18,18.0,0.579272454057991,0.9886,0.0006155182631900272,0.23063572706001714,0.0,1.0,0.0,0.0,94.71357191237657,0.8064339358851944
19,19.0,0.5837543071386868,0.9886,0.000629583697507317,0.23397855969111242,0.0,1.0,0.0,0.0,91.15356062097068,0.7988741941791401
20,20.0,0.588209432374278,0.9886,0.000643809460831474,0.23735480449382837,0.0,1.0,0.0,0.0,84.22028501866366,0.7823168927857396
21,21.0,0.592636718874646,0.9886,0.0006581930012908573,0.2407784814378624,0.0,1.0,0.0,0.0,86.14339988401389,0.7871765758256826
22,22.0,0.5970350936010373,0.9886,0.0006727316990375249,0.24422232307788722,0.0,1.0,0.0,0.0,91.9722445292151,0.8006645001741832
23,23.0,0.6014035222912486,0.9886,0.0006874228709361206,0.24769971986588513,0.0,1.0,0.0,0.0,94.89306679482462,0.8068000755737698
24,24.0,0.6057410102776699,0.9886,0.0007022637752920408,0.25121347842069364,0.0,1.0,0.0,0.0,92.29050605138121,0.8013519037036534
25,25.0,0.6100466031981548,0.9886,0.0007172516166029628,0.25475026635048303,0.0,1.0,0.0,0.0,96.10659273253198,0.809239586878752
26,26.0,0.6143193876001831,0.9886,0.0007323835503181874,0.25830149714379724,0.0,1.0,0.0,0.0,80.03628830299789,0.7709372370701675
27,27.0,0.6185584914391673,0.9886,0.000747656687590615,0.261868893392676,0.0,1.0,0.0,0.0,96.96932268725523,0.810936770256075
28,28.0,0.6227630844722668,0.9886,0.0007630681000067594,0.26545973883316737,0.0,1.0,0.0,0.0,92.67517506394135,0.8021764369942196
29,29.0,0.626932378549398,0.9886,0.0007786148242807083,0.2690623089620264,0.0,1.0,0.0,0.0,93.83502205290097,0.8046216334558154
30,30.0,0.631065627803517,0.9886,0.0007942938668985181,0.27268973332002255,0.0,1.0,0.0,0.0,86.90279606566047,0.7890363237624557
31,31.0,0.6351621287426591,0.9886,0.0008101022087002919,0.2763299996669961,0.0,1.0,0.0,0.0,89.12848277850622,0.7943044382468215
32,32.0,0.6392212202464639,0.9886,0.0008260368093878231,0.2799846830442064,0.0,1.0,0.0,0.0,104.76285948533112,0.8250015948075533
33,33.0,0.643242283470287,0.9886,0.0008420946119464421,0.283671349965676,0.0,1.0,0.0,0.0,91.85905668807443,0.8004188808993784
34,34.0,0.6472247416602136,0.9886,0.0008582725469705083,0.28737667543110373,0.0,1.0,0.0,0.0,89.01904562805025,0.7940515627415755
35,35.0,0.6511680598825522,0.9886,0.0008745675368827204,0.29110451859104397,0.0,1.0,0.0,0.0,91.47489133009404,0.7995807038766942
36,36.0,0.6550717446716173,0.9886,0.0008909765000383738,0.2948432192218092,0.0,1.0,0.0,0.0,87.62835455107115,0.79078309267295
37,37.0,0.6589353435997468,0.9886,0.0009074963547063003,0.2985900955465949,0.0,1.0,0.0,0.0,93.21215191785195,0.803316059589628
38,38.0,0.6627584447736944,0.9886,0.0009241240229192737,0.30234140086822026,0.0,1.0,0.0,0.0,91.28442321529964,0.7991625220647657
39,39.0,0.6665406762616473,0.9886,0.0009408564341873875,0.3060995004765812,0.0,1.0,0.0,0.0,90.87144894092778,0.7982497963111476
40,40.0,0.670281705455196,0.9886,0.0009576905290687032,0.30986883070311405,0.0,1.0,0.0,0.0,89.78407919623211,0.7958064113653825
41,41.0,0.6739812383707108,0.9886,0.000974623262592389,0.313645919374727,0.0,1.0,0.0,0.0,91.09317675239679,0.7987408718529408
42,42.0,0.6776390188945335,0.9886,0.0009916516075302705,0.3174199434392614,0.0,1.0,0.0,0.0,91.34370618793972,0.7992928675828799
43,43.0,0.6812548279765253,0.9886,0.001008772557513534,0.3211872908789043,0.0,1.0,0.0,0.0,98.78618558100126,0.8144139970026413
44,44.0,0.6848284827763841,0.9886,0.001025983129992091,0.3249539608038822,0.0,1.0,0.0,0.0,93.52873922816522,0.8039818190149147
45,45.0,0.688359835767238,0.9886,0.001043280369034804,0.32872642817382175,0.0,1.0,0.0,0.0,89.56700570835014,0.7953115303080389
46,46.0,0.6918487738008728,0.9886,0.0010606613479695083,0.33249738643194215,0.0,1.0,0.0,0.0,92.11735823674128,0.8009785160553917
47,47.0,0.6952952171389634,0.9886,0.0010781231718623916,0.33627470378549934,0.0,1.0,0.0,0.0,91.75478450551644,0.8001920724664652
48,48.0,0.6986991184545258,0.9886,0.001095662979836985,0.3400585455593429,0.0,1.0,0.0,0.0,94.27934603135526,0.8055424214839583
49,49.0,0.7020604618077851,0.9886,0.0011132779472335186,0.3438460037016047,0.0,1.0,0.0,0.0,95.97050508321368,0.8089690856848472
50,50.0,0.705379261600461,0.9886,0.0011309652876100745,0.34763799009787244,0.0,1.0,0.0,0.0,92.56702633006738,0.8019453140045577
51,51.0,0.7086555615123868,0.9956,0.0011491553916574174,0.3514240866715895,0.0,1.0,0.0,0.0,93.60800886135152,0.8041478121761148
52,52.0,0.7118894334242544,0.9956,0.0011674318549961325,0.35519400654602434,0.0,1.0,0.0,0.0,93.59180120424331,0.804113895689165
53,53.0,0.7150809763300787,0.9956,0.0011857864498548724,0.3589493504505856,0.0,1.0,0.0,0.0,82.2398656679897,0.7770748628487943
54,54.0,0.7182303152428727,0.9956,0.0012042166372102333,0.3626983292214424,0.0,1.0,0.0,0.0,83.7621500872284,0.7811262806143189
55,55.0,0.7213376000968126,0.9956,0.0012227199201138544,0.3664481881733313,0.0,1.0,0.0,0.0,93.84483041923507,0.8046420537878066
56,56.0,0.7244030046490423,0.9956,0.0012412938448858044,0.3701881190956807,0.0,1.0,0.0,0.0,91.59651924122383,0.7998468338621949
57,57.0,0.7274267253840707,0.999,0.001260000848555409,0.3739168603197935,0.0,1.0,0.0,0.0,96.84245645922185,0.8106890923295292
58,58.0,0.7304089804235482,0.999,0.0012789470366088751,0.37763257015669727,0.0,1.0,0.0,0.0,87.4336375135969,0.7903171610527779
59,59.0,0.7333500084440255,0.999,0.0012979637875445576,0.38133854196599465,0.0,1.0,0.0,0.0,89.29816688744987,0.7946953003364514
60,60.0,0.7362500676051268,0.999,0.0013170488660107183,0.3850390037661253,0.0,1.0,0.0,0.0,95.7768259034679,0.8085827844011949
61,61.0,0.7391094344903908,0.999,0.0013362000823296909,0.3887210927877764,0.0,1.0,0.0,0.0,97.35638389598863,0.8116884317219518
62,62.0,0.7419284030628538,0.999,0.0013554152929955657,0.39238480706539924,0.0,1.0,0.0,0.0,95.84378499679475,0.8087165137108635
63,63.0,0.7447072836372685,0.999,0.0013746924010654192,0.39603432501812497,0.0,1.0,0.0,0.0,94.45443434463743,0.805902883643978
64,64.0,0.747446401870717,0.999,0.0013940293564488442,0.39967771596780516,0.0,1.0,0.0,0.0,92.34541793031545,0.8014700269463526
65,65.0,0.7501460977731498,0.999,0.0014134241561006412,0.403314425960173,0.0,1.0,0.0,0.0,90.90304944427496,0.7983199304598471
66,66.0,0.7528067247392787,0.999,0.0014328748441215721,0.406933948435349,0.0,1.0,0.0,0.0,90.93608825258602,0.7983932046602854
67,67.0,0.7554286486030684,0.999,0.0014523795117720641,0.4105304110232079,0.0,1.0,0.0,0.0,89.75938002308129,0.7957502232232555
68,68.0,0.7580122467159092,0.999,0.0014719362974037625,0.4141073041400692,0.0,1.0,0.0,0.0,90.60707582763943,0.7976611300401243
69,69.0,0.7605579070494402,0.999,0.001491543386313714,0.4176711057385284,0.0,1.0,0.0,0.0,88.11901008437056,0.7919480335085486
70,70.0,0.7630660273238087,0.999,0.0015111990105260114,0.42121407056260685,0.0,1.0,0.0,0.0,93.63642642974945,0.804207251041475
71,71.0,0.7655370141620752,0.999,0.0015309014485056292,0.4247362270360563,0.0,1.0,0.0,0.0,93.87849139896606,0.8047121011412498
72,72.0,0.7679712822712771,0.999,0.0015506490248089846,0.4282405170465721,0.0,1.0,0.0,0.0,94.08291984074027,0.8051364332190449
73,73.0,0.7703692536506224,0.999,0.001570440109675878,0.43172288710460033,0.0,1.0,0.0,0.0,86.99081108697433,0.7892497712775264
74,74.0,0.772731356827091,0.999,0.0015902731185671304,0.43518594644212727,0.0,1.0,0.0,0.0,85.82407178936042,0.7863847175844888
75,75.0,0.7750580261186919,0.999,0.001610146511652269,0.43863081814679494,0.0,1.0,0.0,0.0,96.52438055546111,0.8100652578360827
76,76.0,0.7773497009254594,0.999,0.0016300587932514493,0.4420568394082099,0.0,1.0,0.0,0.0,99.36579104838698,0.8154965291384259
77,77.0,0.77960682504823,0.999,0.001650008511235568,0.4454581154977597,0.0,1.0,0.0,0.0,89.00478539566043,0.7940185659474979
78,78.0,0.781829846035112,0.999,0.0016699942563885924,0.44884692958742556,0.0,1.0,0.0,0.0,85.99944587931394,0.7868203318535197
79,79.0,0.7840192145555267,0.999,0.0016900146617357245,0.45221709709869373,0.0,1.0,0.0,0.0,94.10202706564401,0.8051759998693301
80,80.0,0.7861753838015814,0.999,0.0017100684018410877,0.4555669558699068,0.0,1.0,0.0,0.0,89.86237144559298,0.7959843142528993
81,81.0,0.7882988089165012,0.999,0.0017301541920783684,0.4589010360016485,0.0,1.0,0.0,0.0,95.14388260249297,0.8073093841468588
82,82.0,0.7903899464497645,0.999,0.0017502707878776552,0.46222079719247955,0.0,1.0,0.0,0.0,89.53729139816669,0.7952436013302417
83,83.0,0.7924492538385531,0.999,0.0017704169839517156,0.46551746811206335,0.0,1.0,0.0,0.0,90.43961380092898,0.797286470354819
84,84.0,0.7944771889150483,0.999,0.0017905916135045915,0.4687903685333791,1.0,1.0,0.0,0.0,82.8954327839996,0.778837835600612
85,85.0,0.7624813869976778,0.999,0.0014669208908993493,0.4174813395347248,0.0,0.7843137254901961,1.0,86.0,85.96165944730159,0.7867266238086934
86,86.0,0.7649072003163763,0.999,0.0014860940588313709,0.42094953838626126,0.0,0.7868217054263567,1.0,87.0,87.39330813974901,0.7902203987516202
87,87.0,0.767297738413904,0.999,0.0015053160333751512,0.4244024739629352,0.0,0.789272030651341,1.0,88.0,90.49352380459791,0.7974072335505424
88,88.0,0.7696534012640228,0.999,0.0015245852581857256,0.42784112381799094,0.0,0.7916666666666667,1.0,89.0,88.55611147206896,0.7929749508127877
89,89.0,0.7719745947520983,0.999,0.001543900217014024,0.43125915048151725,0.0,0.7940074906367042,1.0,90.0,92.61494220140004,0.8020477808703292
90,90.0,0.7742617300057947,0.999,0.0015632594333180026,0.4346591111992881,0.0,0.7962962962962963,1.0,91.0,92.8208101043605,0.8024868204369175
91,91.0,0.7765152227509264,0.999,0.0015826614698318023,0.4380379351450412,0.0,0.7985347985347986,1.0,92.0,89.96419699966226,0.7962152284491334
92,92.0,0.7787354926924576,0.999,0.0016021049280962787,0.44139812002754086,0.0,0.8007246376811594,1.0,93.0,97.16281660206381,0.8113132783251992
93,93.0,0.7809229629205552,0.999,0.001621588447954321,0.44473993873538287,0.0,0.8028673835125448,1.0,94.0,92.29642372179816,0.8013646402097436
94,94.0,0.7830780593415635,0.999,0.0016411107070141784,0.4480639669659653,0.0,0.8049645390070922,1.0,95.0,91.26254704240324,0.7991143801321353
95,95.0,0.7852012101336727,0.999,0.0016606704200839062,0.4513648509819723,0.0,0.8070175438596492,1.0,96.0,87.0944315444601,0.7895005110174638
96,96.0,0.7872928452270188,0.999,0.0016802663385799073,0.454650409348518,0.0,0.8090277777777778,1.0,97.0,88.0059184652453,0.791680677242481
97,97.0,0.7893533958078943,0.999,0.0016998972499124533,0.45792163529355084,0.0,0.8109965635738832,1.0,98.0,100.75491548458697,0.8180403085531059
98,98.0,0.7913832938467,0.999,0.0017195619768509032,0.4611732772313309,0.0,0.8129251700680272,1.0,99.0,89.72163167949924,0.7956642897576464
99,99.0,0.7933829716492179,0.999,0.00173925937687121,0.4644097678273632,1.0,0.8148148148148148,1.0,100.0,82.2996535783632,0.7772368104092091
100,100.0,0.7618542485333181,0.999,0.0014234909168291043,0.41376512519467007,0.0,0.6333333333333333,2.0,50.5,86.50821986847912,0.7880740886680362
101,101.0,0.764236497835762,0.999,0.0014421464196610152,0.4171880424918989,0.0,0.636963696369637,2.0,51.0,91.29400551654292,0.7991836021477747
102,102.0,0.7665848598838658,0.999,0.0014608540885509074,0.42059522076875244,0.0,0.6405228758169935,2.0,51.5,98.04576145601087,0.8130124845676399
103,103.0,0.7688997133259109,0.999,0.001479612438950912,0.4239843553670855,0.0,0.6440129449838188,2.0,52.0,95.27224594452548,0.8075690023723346
104,104.0,0.771181442171159,0.999,0.001498420021722142,0.427351824038682,0.0,0.6474358974358974,2.0,52.5,87.76130261159504,0.7911000317022285
105,105.0,0.773430435182097,0.999,0.001517275422852942,0.43069947806865416,0.0,0.6507936507936507,2.0,53.0,90.50878988631727,0.7974414047921672
106,106.0,0.7756470852894507,0.999,0.0015361772631385553,0.4340374445798014,0.0,0.6540880503144655,2.0,53.5,97.63560362063939,0.8122269678941401
107,107.0,0.7778317890299198,0.999,0.0015551241978252366,0.4373578516021754,0.0,0.6573208722741434,2.0,54.0,95.61243164249123,0.8082536651522019
108,108.0,0.7799849460065591,0.999,0.0015741149162216272,0.4406583605303378,0.0,0.6604938271604939,2.0,54.5,95.3165658631497,0.8076584781741368
109,109.0,0.782106958371647,0.999,0.0015931481412801978,0.44394089170274814,0.0,0.6636085626911314,2.0,55.0,92.10792564805352,0.8009581346627497
110,110.0,0.7841982303318453,0.999,0.0016122226291514635,0.4472044805985678,0.0,0.6666666666666667,2.0,55.5,95.5646788479764,0.8081578512653418
111,111.0,0.7862591676753952,0.999,0.0016313371687135363,0.4504510456697025,0.0,0.6696696696696697,2.0,56.0,88.97151594208574,0.7939415425351743
112,112.0,0.7882901773210389,0.999,0.0016504905810794533,0.4536771253627413,0.0,0.6726190476190477,2.0,56.5,92.890235843401,0.8026344408874084
113,113.0,0.7902916668883617,0.999,0.0016696817190847229,0.45688594889060663,0.0,0.6755162241887906,2.0,57.0,94.06179006506564,0.8050926596160719
114,114.0,0.792264044289135,0.999,0.0016889094667573306,0.46007596173420934,1.0,0.6783625730994152,2.0,57.5,87.00631184058045,0.7892873178336182
115,115.0,0.7611875516313596,0.9956,0.0013819277272245805,0.41011398523862164,0.0,0.5217391304347827,3.0,38.666666666666664,84.57014005499035,0.7832174178567946
116,116.0,0.7635277673803783,0.9956,0.0013998304428624636,0.41347482691328563,0.0,0.5258620689655173,3.0,39.0,86.38051663181089,0.7877607816184117
117,117.0,0.7658354300515122,0.9956,0.0014177817203992727,0.41681642200170327,0.0,0.52991452991453,3.0,39.333333333333336,92.82487349364482,0.8024954665347482
118,118.0,0.7681108976966537,0.9956,0.0014357801164321003,0.4201465549690141,0.0,0.5338983050847458,3.0,39.666666666666664,98.1679743248196,0.8132452721019613
119,119.0,0.7703545332364397,0.999,0.0014538400862020991,0.4234701244041382,0.0,0.5378151260504203,3.0,40.0,91.41359912137831,0.7994463240749282
120,120.0,0.772566703908639,0.999,0.0014722017563523636,0.4267808245337023,0.0,0.5416666666666667,3.0,40.333333333333336,89.90440038429482,0.7960796884805659
121,121.0,0.7747477807370865,0.999,0.0014906131855283034,0.4300747536121869,0.0,0.5454545454545454,3.0,40.666666666666664,89.63404731483335,0.7954646266397101
122,122.0,0.7768981380211504,0.999,0.0015090730826765192,0.43334697123768656,0.0,0.5491803278688525,3.0,41.0,83.77073166120961,0.7811487023000103
123,123.0,0.7790181528456197,0.999,0.0015275801869095477,0.43659908046098017,0.0,0.5528455284552846,3.0,41.333333333333336,90.83510258675803,0.7981690688814616
124,124.0,0.7811082046108683,0.999,0.001546133267190107,0.4398401671161076,0.0,0.5564516129032259,3.0,41.666666666666664,89.7625562930483,0.7957574506514676
125,125.0,0.7831686745831132,0.999,0.0015647311219897306,0.44306625671605293,0.0,0.56,3.0,42.0,98.6951911261003,0.8142428914301477
126,126.0,0.7851999454645157,0.999,0.0015833725789239942,0.4462736717878756,0.0,0.5634920634920635,3.0,42.333333333333336,88.48338886605487,0.7928048013499334
127,127.0,0.7872024009828643,0.999,0.0016020564943665333,0.44946561664967116,0.0,0.5669291338582678,3.0,42.666666666666664,87.7815109842554,0.7911481230185065
128,128.0,0.78917642550053,0.999,0.0016207817530438527,0.45263893008746997,0.0,0.5703125,3.0,43.0,95.54190594603666,0.8081121247079973
129,129.0,0.791122403642354,0.999,0.001639547267612903,0.45579605623525854,0.0,0.5736434108527132,3.0,43.333333333333336,92.96761424994789,0.8027987113443259
130,130.0,0.793040719942092,0.999,0.0016583519782233742,0.45893191919589843,0.0,0.5769230769230769,3.0,43.666666666666664,93.71456665317515,0.8043705051618869
131,131.0,0.7949317585070421,0.999,0.0016771948520664084,0.4620535908154246,0.0,0.5801526717557253,3.0,44.0,90.87690486456212,0.7982619086702357
132,132.0,0.7967959027004246,0.999,0.001696074882911514,0.46515668777567304,1.0,0.5833333333333334,3.0,44.333333333333336,84.28827175174486,0.7824924754972946
133,133.0,0.7672895504527703,0.9956,0.0013940689454071968,0.4163793930258471,0.0,0.4486215538847118,4.0,33.5,95.61278886661817,0.8082543815460846
134,134.0,0.7694963936638705,0.9956,0.0014116528987147302,0.41964347357363113,0.0,0.45273631840796025,4.0,33.75,93.84453777462514,0.8046414445839966
135,135.0,0.7716729933382696,0.9956,0.0014292843859522346,0.4228929469103387,0.0,0.45679012345679015,4.0,34.0,87.64881123443877,0.7908319225882456
136,136.0,0.7738196994838188,0.9956,0.001446962113782858,0.42613154528906716,0.0,0.4607843137254902,4.0,34.25,94.38871091524352,0.8057677326497681
137,137.0,0.7759368650910685,0.9956,0.0014646848166201666,0.42936354437325297,0.0,0.46472019464720205,4.0,34.5,89.00412815894592,0.7940170449106227
138,138.0,0.778024845688256,0.9956,0.0014824512564019477,0.4325821239298874,0.0,0.4685990338164252,4.0,34.75,91.47848856191821,0.7995885850155448
139,139.0,0.7800839989145681,0.9956,0.001500260222338301,0.4357848773159944,0.0,0.47242206235011996,4.0,35.0,97.04551412492408,0.8110852057547624
140,140.0,0.7821146841114772,0.999,0.0015182004405401063,0.43896751441380033,0.0,0.4761904761904763,4.0,35.25,90.5232232107109,0.79747370140965
141,141.0,0.7841172619319445,0.999,0.0015363769372964394,0.44213510432799624,0.0,0.4799054373522459,4.0,35.5,99.7006520470374,0.8161162143183986
142,142.0,0.7860920939672364,0.999,0.0015545991966179093,0.44528533380052726,1.0,0.4835680751173709,4.0,35.75,85.48244040679448,0.7855310020854748
143,143.0,0.7551343828518036,0.9886,0.0012732283598785284,0.3965719730514811,0.0,0.3589743589743589,5.0,28.8,91.23231214368586,0.799047805513694
144,144.0,0.7574558405251616,0.9886,0.0012896617609533811,0.39981477594502296,0.0,0.36342592592592593,5.0,29.0,92.1950625990397,0.801146256464234
145,145.0,0.7597466348725957,0.9886,0.001306139637118847,0.40304627742555127,0.0,0.367816091954023,5.0,29.2,85.2074528117598,0.7848388523732154
146,146.0,0.7620070755186009,0.9886,0.0013226605640039456,0.4062723134448815,0.0,0.3721461187214613,5.0,29.4,92.1282860354056,0.8010021229930654
147,147.0,0.7642374770798944,0.9886,0.0013392231441224868,0.40948897884272,0.0,0.3764172335600907,5.0,29.6,91.71894919340241,0.8001140059435821
148,148.0,0.7664381586781545,0.9886,0.0013558260068224572,0.41269213121002296,0.0,0.38063063063063063,5.0,29.8,94.49581567252162,0.8059878820786297
149,149.0,0.7686094434694347,0.9886,0.0013724678082021407,0.4158894708195427,0.0,0.3847874720357942,5.0,30.0,95.19842449068845,0.8074197820876063
150,150.0,0.7707516581903195,0.9886,0.001389147230995012,0.4190830392439449,0.0,0.38888888888888895,5.0,30.2,87.36694796711238,0.7901571044895083
151,151.0,0.7728651327207815,0.9886,0.0014058629844254404,0.4222686529754713,0.0,0.39293598233995586,5.0,30.4,93.00460981825643,0.8028771544855772
152,152.0,0.7749501996637065,0.9886,0.001422613804037101,0.4254391125084536,0.0,0.3969298245614036,5.0,30.6,92.83971522615866,0.802527040408589
153,153.0,0.7770071939409696,0.9886,0.0014393984514960573,0.4286006553497151,0.0,0.40087145969498916,5.0,30.8,87.93430281366096,0.7915110173536831
154,154.0,0.7790364524059435,0.9956,0.0014566976669348338,0.43175148958052384,0.0,0.4047619047619049,5.0,31.0,93.2232450912927,0.8033394641499589
155,155.0,0.7810383134722613,0.9956,0.0014741149137255801,0.43489755517654094,0.0,0.4086021505376345,5.0,31.2,93.75158976556848,0.8044477605214275
156,156.0,0.7830131167586399,0.9956,0.0014915755570308858,0.43803057628000625,0.0,0.4123931623931625,5.0,31.4,95.74965168942055,0.808528459270009
157,157.0,0.7849612027495341,0.9956,0.0015090785011074785,0.441146031851678,0.0,0.416135881104034,5.0,31.6,90.59620362817387,0.7976368479127752
158,158.0,0.7868829124713708,0.9956,0.0015266226733692129,0.4442467858689172,0.0,0.41983122362869196,5.0,31.8,91.03157181691276,0.7986046712430029
159,159.0,0.788778587184084,0.9956,0.0015442070241196931,0.4473331001194281,0.0,0.4234800838574424,5.0,32.0,92.14626724727697,0.801040954983718
160,160.0,0.7906485680876592,0.9956,0.0015618305262705154,0.4504007057536716,0.0,0.42708333333333337,5.0,32.2,95.16116857056078,0.807344386279374
161,161.0,0.7924931960433705,0.999,0.001579662031232773,0.4534495556259679,0.0,0.43064182194616984,5.0,32.4,92.42785427622313,0.8016470957061962
162,162.0,0.7943128113093761,0.999,0.001597659056464856,0.4564842701420511,0.0,0.4341563786008231,5.0,32.6,90.43418530032021,0.7972743020523632
163,163.0,0.7961077532903416,0.999,0.0016156989243078493,0.45950742628026614,1.0,0.4376278118609407,5.0,32.8,89.04636753216542,0.794114753454587
164,164.0,0.7676959997359919,0.9886,0.001334743924293722,0.41224677931409404,0.0,0.3292682926829269,6.0,27.5,96.04149849114421,0.8091102948063247
165,165.0,0.7698049534461276,0.9886,0.001351033068230187,0.4153757349542726,0.0,0.33333333333333337,6.0,27.666666666666668,93.41801719003243,0.8037494919632112
166,166.0,0.7718862750596855,0.9886,0.0013673616924928145,0.41849121526005406,0.0,0.33734939759036153,6.0,27.833333333333332,89.29556104609394,0.7946893090926462
167,167.0,0.7739402777014784,0.9886,0.001383728577409443,0.4215965368411594,0.0,0.3413173652694611,6.0,28.0,87.80375800727928,0.7912010402582834
168,168.0,0.7759672766219516,0.9886,0.0014001325263718238,0.42470539937667945,0.0,0.34523809523809534,6.0,28.166666666666668,94.61116870581401,0.8062244280023705
169,169.0,0.7779675888454297,0.9886,0.0014165723656889165,0.42780786125565967,0.0,0.34911242603550297,6.0,28.333333333333332,88.95817980435291,0.7939106513459008
170,170.0,0.7799415328329652,0.9886,0.0014330469444197341,0.43089435574448914,0.0,0.3529411764705883,6.0,28.5,95.10604181531535,0.8072327164142264
171,171.0,0.7818894281596177,0.9886,0.0014495551341872045,0.43396801824965753,0.0,0.35672514619883045,6.0,28.666666666666668,96.20765029922153,0.8094399637002497
172,172.0,0.7838115952059326,0.9886,0.0014660958289745172,0.4370360808016661,0.0,0.36046511627906985,6.0,28.833333333333332,106.70458584728601,0.828186078529261
173,173.0,0.7857083548634147,0.9886,0.001482667944905321,0.44010132722768613,0.0,0.36416184971098275,6.0,29.0,95.9961036192113,0.8090200264163184
174,174.0,0.7875800282537435,0.9956,0.0014994091114431862,0.4431539045206834,0.0,0.367816091954023,6.0,29.166666666666668,88.63437124955391,0.7931577437186863
175,175.0,0.7894269364614505,0.9956,0.0015166216566816454,0.44618888656446376,0.0,0.37142857142857144,6.0,29.333333333333332,94.72286992910999,0.8064529363705525
176,176.0,0.7912494002798033,0.9956,0.001533875459553394,0.4492145236951743,0.0,0.3750000000000001,6.0,29.5,89.28698739484622,0.7946695944364278
177,177.0,0.7930477399695778,0.9956,0.001551169560866661,0.45222185696673345,1.0,0.37853107344632775,6.0,29.666666666666668,84.31804568087232,0.7825692805698854
178,178.0,0.764654661932048,0.9886,0.0012818252935250067,0.40560706982109695,0.0,0.27902621722846443,7.0,25.571428571428573,93.0005500878615,0.8028685495299429
179,179.0,0.7667582793986499,0.9886,0.001297686658820287,0.40868976975973964,0.0,0.2830540037243948,7.0,25.714285714285715,90.41715289486314,0.7972361134324668
180,180.0,0.7688350370549836,0.9886,0.00131359160821798,0.41176225952989487,0.0,0.2870370370370371,7.0,25.857142857142858,91.10833715616168,0.7987743613198691
181,181.0,0.7708852271554607,0.9886,0.001329538946967583,0.41482456450386085,0.0,0.29097605893186007,7.0,26.0,90.83766759400012,0.7981747680348382
182,182.0,0.7729091442412986,0.9886,0.0013455275006220738,0.417877542383606,0.0,0.2948717948717948,7.0,26.142857142857142,101.31199833267507,0.8190408477273073
183,183.0,0.7749070848080643,0.9886,0.0013615561149751345,0.420924628895529,0.0,0.29872495446265945,7.0,26.285714285714285,84.81016828716886,0.7838309520710263
184,184.0,0.7768793469864743,0.9886,0.0013776236559779008,0.42395761041434177,0.0,0.302536231884058,7.0,26.428571428571427,91.89317073693633,0.8004929725864354
185,185.0,0.7788262302362885,0.9886,0.001393729009636583,0.42698389868827274,0.0,0.3063063063063063,7.0,26.571428571428573,87.8337156705487,0.7912722558373944
186,186.0,0.7807480350531418,0.9886,0.0014098710818922072,0.43000608253010525,0.0,0.3100358422939068,7.0,26.714285714285715,91.59393008011806,0.7998411759676979
187,187.0,0.7826450626881174,0.9886,0.001426048798483701,0.4330248456088046,0.0,0.31372549019607854,7.0,26.857142857142858,101.05157256486758,0.818574487580936
188,188.0,0.7845176148798734,0.9886,0.0014422611047955646,0.43603538758038823,0.0,0.31737588652482274,7.0,27.0,87.06691901113793,0.7894339946611862
189,189.0,0.7863659935990901,0.9886,0.001458506965691209,0.43902862561852496,0.0,0.32098765432098775,7.0,27.142857142857142,88.4454112950972,0.7927158338134201
190,190.0,0.7881905008049966,0.9886,0.001474785365333135,0.4420165831935334,0.0,0.32456140350877205,7.0,27.285714285714285,96.84709116741074,0.8106981519801956
191,191.0,0.7899914382137394,0.9886,0.001491095306991006,0.4450047306358135,0.0,0.3280977312390926,7.0,27.428571428571427,95.72860844419897,0.8084863696308717
192,192.0,0.7917691070783189,0.9886,0.0015074358128386231,0.4479795766864485,0.0,0.3315972222222222,7.0,27.571428571428573,90.29130017441236,0.7969534905586749
193,193.0,0.7935238079798388,0.9886,0.0015238059237408193,0.4509435760775298,0.0,0.3350604490500865,7.0,27.714285714285715,89.31352112634748,0.7947305950753183
194,194.0,0.7952558406297634,0.9886,0.0015402046990311915,0.4538936771107377,0.0,0.3384879725085912,7.0,27.857142857142858,98.85977305032338,0.814552140191532
195,195.0,0.7969655036829204,0.9956,0.0015569987468909158,0.4568277285147861,1.0,0.341880341880342,7.0,28.0,87.60908344484326,0.7907370718599562
196,196.0,0.7698639983242616,0.9886,0.0012924020783895303,0.41123985472256336,0.0,0.2517006802721089,8.0,24.625,97.00753714290312,0.8110112484731341
197,197.0,0.7718587559208837,0.9886,0.0013080178206258508,0.41424199316497673,0.0,0.2554991539763114,8.0,24.75,91.87096653309023,0.8004447539285439
198,198.0,0.7738285240675079,0.9886,0.0013236763901854811,0.4172383028222661,0.0,0.2592592592592592,8.0,24.875,86.23859356435393,0.787411499009983
199,199.0,0.7757735829131449,0.9886,0.0013393766934254893,0.42022019349730216,0.0,0.26298157453936355,8.0,25.0,89.94797333793284,0.7961784723658493
200,200.0,0.7776942138416886,0.9886,0.0013551176542641306,0.42319462428088056,0.0,0.2666666666666667,8.0,25.125,102.70054145178159,0.8214874714955527
201,201.0,0.7795906992056677,0.9886,0.001370898214117245,0.4261603285753315,0.0,0.2703150912106137,8.0,25.25,90.99672351487219,0.7985275444523341
202,202.0,0.7814633220714274,0.9886,0.0013867173318189527,0.4291189759902006,0.0,0.2739273927392739,8.0,25.375,86.41181607444203,0.7878376573229344
203,203.0,0.7833123659755425,0.9886,0.0014025739835276678,0.4320721741919421,0.0,0.277504105090312,8.0,25.5,88.96522945942583,0.793926981982387
204,204.0,0.785138114692277,0.9886,0.0014184671626184097,0.43501702556506305,0.0,0.28104575163398704,8.0,25.625,93.7743728698557,0.8044952712317558
205,205.0,0.7869408520118714,0.9886,0.001434395879562403,0.4379536414743444,0.0,0.2845528455284553,8.0,25.75,95.72126132854876,0.8084716699416764
206,206.0,0.7887208615294365,0.9886,0.0014503591617948638,0.44088561679079663,0.0,0.28802588996763767,8.0,25.875,93.76885945288149,0.8044837759539374
207,207.0,0.7904784264442318,0.9886,0.001466356053571881,0.4438070897761147,1.0,0.29146537842190023,8.0,26.0,86.1267188686851,0.7871353562036233
208,208.0,0.7627782325106847,0.9886,0.0012104950218118922,0.3989832550329794,0.0,0.20673076923076927,9.0,23.22222222222222,90.03653494355922,0.796378955000591
209,209.0,0.7648183926731092,0.9886,0.001225600815361403,0.4019308787325972,0.0,0.21052631578947367,9.0,23.333333333333332,91.83182753845352,0.8003597028965098
210,210.0,0.7668337322054098,0.9886,0.0012407552313788478,0.40486883304172866,0.0,0.2142857142857143,9.0,23.444444444444443,86.89951202505489,0.7890283511828299
211,211.0,0.7688245091500089,0.9886,0.0012559571715550439,0.40779878871897374,0.0,0.2180094786729858,9.0,23.555555555555557,92.71000228874773,0.8022507509358733
212,212.0,0.7707909834895099,0.9886,0.0012712055527848945,0.4107260194512731,0.0,0.2216981132075473,9.0,23.666666666666668,88.71179390402128,0.793338263983609
213,213.0,0.7727334168734596,0.9886,0.0012864993072018052,0.4136474270487751,0.0,0.22535211267605637,9.0,23.77777777777778,98.82325900520989,0.8144836193636681
214,214.0,0.7746520723557404,0.9886,0.0013018373821946602,0.4165686870788903,0.0,0.2289719626168225,9.0,23.88888888888889,94.82022942381822,0.8066516665827839
215,215.0,0.7765472141424736,0.9886,0.001317218740408194,0.41949253959966937,0.0,0.2325581395348838,9.0,24.0,92.39658419173628,0.8015799664705243
216,216.0,0.7784191073503008,0.9886,0.001332642359727774,0.42241419189863244,0.0,0.23611111111111116,9.0,24.11111111111111,95.88214256603949,0.8087930365061865
217,217.0,0.7802680177748796,0.9886,0.0013481072332494131,0.42531894109452467,0.0,0.23963133640553003,9.0,24.22222222222222,89.76447989009927,0.7957618274424443
218,218.0,0.7820942116694576,0.9886,0.0013636123692359514,0.428221825292963,1.0,0.24311926605504586,9.0,24.333333333333332,84.11232839325774,0.7820375005240862
219,219.0,0.7535274296261866,0.9886,0.0011174276868420076,0.3842935375141242,0.0,0.16286149162861496,10.0,22.0,90.88688607506191,0.7982840635755509
220,220.0,0.7556351263957739,0.9886,0.0011319507487484027,0.3871804793872549,0.0,0.16666666666666674,10.0,22.1,97.83701605595394,0.8126135273499314
221,221.0,0.757718016533031,0.9886,0.0011465289577654307,0.39007960359109667,0.0,0.17043740573152344,10.0,22.2,89.72096493877368,0.7956627712837891
222,222.0,0.7597763323655023,0.9886,0.0011611612129479466,0.39297070034960696,0.0,0.17417417417417425,10.0,22.3,90.02097871994052,0.79634376793026
223,223.0,0.7618103091012985,0.9886,0.0011758464258478265,0.39585164925494415,0.0,0.17787742899850534,10.0,22.4,93.75243390601082,0.8044495212602911
224,224.0,0.7638201845427678,0.9886,0.001190583520658006,0.39872722658876847,0.0,0.18154761904761907,10.0,22.5,93.5246424386453,0.8039732325588895
225,225.0,0.7658061988099251,0.9886,0.001205371434337115,0.4016059253467551,0.0,0.18518518518518523,10.0,22.6,97.77975901997348,0.8125037991800698
226,226.0,0.7677685940736085,0.9886,0.0012202091167156032,0.4044805714828399,0.0,0.1887905604719765,10.0,22.7,97.95896666288085,0.8128468076186812
227,227.0,0.7697076142983168,0.9886,0.0012350955305841702,0.40735348141528877,0.0,0.19236417033773867,10.0,22.8,90.33986076047421,0.7970626346000016
228,228.0,0.7716235049946408,0.9886,0.0012500296517653105,0.41022024409059166,0.0,0.19590643274853814,10.0,22.9,95.88241688022583,0.8087935835385238
229,229.0,0.7735165129812034,0.9886,0.001265010469168787,0.41307633865780524,0.0,0.19941775836972353,10.0,23.0,89.02048674690498,0.7940548967626181
230,230.0,0.7753868861559993,0.9886,0.0012800369848318335,0.41592704776080613,0.0,0.2028985507246378,10.0,23.1,91.02456715045406,0.7985891731511312
231,231.0,0.7772348732770064,0.9886,0.0012951082139448537,0.41877330852697464,0.0,0.2063492063492064,10.0,23.2,93.61211559319625,0.8041564041453433
232,232.0,0.7790607237519478,0.9886,0.0013102231848633541,0.421616617966281,0.0,0.20977011494252873,10.0,23.3,95.37768676705183,0.8077817364336983
233,233.0,0.7808646874370471,0.9886,0.0013253809391069072,0.4244645502633443,0.0,0.2131616595135909,10.0,23.4,88.44874459258861,0.7927236455669316
234,234.0,0.782647014444618,0.9886,0.0013405805313458064,0.42731122680224526,0.0,0.2165242165242166,10.0,23.5,90.09447057562278,0.7965098943786473
235,235.0,0.7844079549593332,0.9886,0.0013558210293761518,0.4301462873934183,0.0,0.2198581560283689,10.0,23.6,88.28847571578903,0.7923473796019485
236,236.0,0.7861477590629872,0.9886,0.00137110151408405,0.43297880169716124,0.0,0.2231638418079097,10.0,23.7,86.18214982460232,0.7872722672775594
237,237.0,0.7878666765675761,0.9886,0.0013864210793995803,0.4358024925452179,0.0,0.2264416315049227,10.0,23.8,96.73223518241396,0.8104733825413935
238,238.0,0.7895649568565057,0.9886,0.0014017788322411467,0.43862070796603236,0.0,0.22969187675070024,10.0,23.9,100.02100880943188,0.8167051747272067
239,239.0,0.7912428487337264,0.9886,0.0014171738924509017,0.4414349166541967,0.0,0.23291492329149244,10.0,24.0,93.04661979533482,0.8029661542390331
240,240.0,0.7929006002806136,0.9886,0.0014326053927217748,0.4442389582053382,0.0,0.23611111111111116,10.0,24.1,90.6113232979831,0.797670614818828
241,241.0,0.7945384587203715,0.9886,0.0014480724785167194,0.4470322709958774,1.0,0.23928077455048413,10.0,24.2,87.97973831436516,0.7916186876138969
242,242.0,0.7686103547659401,0.9886,0.0011996914550291128,0.4040809721068748,0.0,0.16666666666666674,11.0,22.09090909090909,89.20507757996052,0.7944810561158928
243,243.0,0.7705004518594274,0.9886,0.001214271088140869,0.40689077356192527,0.0,0.17009602194787377,11.0,22.181818181818183,93.68160577980804,0.8043016750115862
244,244.0,0.7723685266556869,0.9886,0.0012288995905225199,0.4096954983606548,0.0,0.17349726775956287,11.0,22.272727272727273,89.43286842861254,0.79500452512079
245,245.0,0.7742148115849607,0.9886,0.0012435760041244763,0.4124976526447268,0.0,0.1768707482993198,11.0,22.363636363636363,88.27888322845452,0.792324815823859
246,246.0,0.7760395398932218,0.9886,0.0012582993821223672,0.4152939453506115,0.0,0.18021680216802172,11.0,22.454545454545453,88.43406030974646,0.7926892277803421
247,247.0,0.7778429454513028,0.9886,0.0012730687889642468,0.4180796465937921,0.0,0.18353576248313097,11.0,22.545454545454547,90.90782398690477,0.7983305228384496
248,248.0,0.7796252625720586,0.9886,0.001287883300405687,0.4208595728893196,0.0,0.18682795698924737,11.0,22.636363636363637,95.75173378827992,0.808532622773486
249,249.0,0.7813867258354292,0.9886,0.0013027420035333429,0.42363498842699426,0.0,0.19009370816599735,11.0,22.727272727272727,93.17544361669847,0.8032385720775069
250,250.0,0.7831275699212504,0.9886,0.0013176439967776323,0.42640463412867013,0.0,0.19333333333333347,11.0,22.818181818181817,87.00176023179232,0.7892762941291165
251,251.0,0.7848480294496565,0.9886,0.0013325883899150297,0.4291834640515262,0.0,0.19654714475431612,11.0,22.90909090909091,98.11105236375032,0.8131369209519654
252,252.0,0.7865483388289203,0.9886,0.0013475743040606651,0.4319555311869467,1.0,0.19973544973544988,11.0,23.0,85.47668990885072,0.785516573549077
253,253.0,0.7598245136713336,0.969,0.001110515061858398,0.3899691035533504,0.0,0.1304347826086958,12.0,21.166666666666668,92.10138068804616,0.8009439902380007
254,254.0,0.7617764626233848,0.969,0.0011233537564690227,0.39270962809595356,0.0,0.13385826771653553,12.0,21.25,87.51816002719964,0.7905196666881988
255,255.0,0.7637063566829433,0.9802,0.0011368050220058902,0.39543954520952407,0.0,0.13725490196078438,12.0,21.333333333333332,85.32924225954761,0.7851459494088969
256,256.0,0.7656144086369945,0.9886,0.0011508174558016269,0.3981847436353849,0.0,0.140625,12.0,21.416666666666668,89.74921021177462,0.7957270789339147
257,257.0,0.7675008328159505,0.9886,0.0011649959436668474,0.4009419562446692,0.0,0.14396887159533078,12.0,21.5,101.52616420191345,0.8194225746885077
258,258.0,0.7693658448906748,0.9886,0.0011792262067891537,0.40369185852527406,0.0,0.1472868217054264,12.0,21.583333333333332,83.71695396506676,0.7810081176510145
259,259.0,0.771209661677078,0.9886,0.0011935073180523387,0.40643031828997866,0.0,0.15057915057915072,12.0,21.666666666666668,91.974746971194,0.8006699236794287
260,260.0,0.7730325009482284,0.9886,0.0012078383596993891,0.409166349166132,0.0,0.15384615384615385,12.0,21.75,88.10773468333672,0.7919214084980827
261,261.0,0.774834581253821,0.9886,0.0012222184234207483,0.4119077230959529,0.0,0.1570881226053641,12.0,21.833333333333332,93.25997488920233,0.8034169175456644
262,262.0,0.7766161217469765,0.9886,0.0012366466104308405,0.4146500145636432,0.0,0.16030534351145043,12.0,21.916666666666668,92.95347551247808,0.8027687159381979
263,263.0,0.7783773420181754,0.9886,0.0012511220315333548,0.4173859904426991,0.0,0.16349809885931565,12.0,22.0,88.54610547101811,0.7929515563015475
264,264.0,0.7801184619362697,0.9886,0.0012656438071758137,0.42011294653243314,0.0,0.16666666666666674,12.0,22.083333333333332,93.48288894284595,0.8038856785380043
265,265.0,0.7818397014963893,0.9886,0.0012802110674939064,0.4228329969957585,0.0,0.16981132075471705,12.0,22.166666666666668,95.30192534008137,0.8076289301825591
266,266.0,0.783541280674644,0.9886,0.001294822952346107,0.425546120430886,0.0,0.17293233082706772,12.0,22.25,93.57287493616471,0.8040742753085196
267,267.0,0.78522341928946,0.9886,0.0013094786113390688,0.42825352488546264,0.0,0.17602996254681658,12.0,22.333333333333332,101.5879408895258,0.8195323857063866
268,268.0,0.7868863368694102,0.9886,0.001324177203844191,0.43095711428454697,1.0,0.17910447761194037,12.0,22.416666666666668,85.15979217223172,0.7847184350068044
269,269.0,0.7607343811973183,0.969,0.0010966342766902796,0.3899222114844885,0.0,0.11400247831474597,13.0,20.76923076923077,83.81680607767457,0.7812690056891037
270,270.0,0.7626373932663634,0.969,0.0011092567129405723,0.39259204511221485,0.0,0.11728395061728403,13.0,20.846153846153847,99.29966222500443,0.8153736586556398
271,271.0,0.7645193994073427,0.969,0.0011219064408981186,0.3952682229285637,0.0,0.12054120541205415,13.0,20.923076923076923,90.13450702919619,0.7966002817611813
272,272.0,0.766380600283069,0.969,0.0011345824255152663,0.39794195512937836,0.0,0.12377450980392168,13.0,21.0,94.25515518923353,0.8054925134171601
273,273.0,0.7682211978088788,0.969,0.001147283643381496,0.4006048278891733,0.0,0.1269841269841271,13.0,21.076923076923077,99.58079444131937,0.8158948878025196
274,274.0,0.7700413949757289,0.969,0.0011600090828068942,0.4032898755874857,0.0,0.13017031630170328,13.0,21.153846153846153,92.90443492609597,0.8026646053235541
275,275.0,0.7718413956799661,0.9802,0.0011731875755210644,0.4059747576704888,0.0,0.13333333333333341,13.0,21.23076923076923,90.28924175192816,0.7969488614855732
276,276.0,0.7736214045596995,0.9886,0.001186866894316008,0.408655626596661,0.0,0.13647342995169087,13.0,21.307692307692307,101.7874376885913,0.8198860905662801
277,277.0,0.7753816268376543,0.9886,0.001200958218981482,0.41133490415708585,0.0,0.13959085439229846,13.0,21.384615384615383,89.73344568841414,0.7956911919219833
278,278.0,0.7771222681704413,0.9886,0.001215098723056473,0.4140064767801152,0.0,0.14268585131894485,13.0,21.46153846153846,85.2042423026509,0.7848307450676908
279,279.0,0.7788435345040858,0.9886,0.0012292875611263228,0.41668146821927066,0.0,0.14575866188769415,13.0,21.53846153846154,89.05762043978663,0.7941407681588707
280,280.0,0.7805456319357453,0.9886,0.001243523895929228,0.419364128369838,0.0,0.14880952380952384,13.0,21.615384615384617,92.29982318295654,0.8013719560763076
281,281.0,0.782228766581469,0.9886,0.0012578068984178939,0.4220360649469496,0.0,0.15183867141162521,13.0,21.692307692307693,93.18526120437016,0.8032593019927754
282,282.0,0.7838931444498765,0.9886,0.00127213574781253,0.42469595400277793,0.0,0.15484633569739958,13.0,21.76923076923077,92.97507227801948,0.802814529914944
283,283.0,0.7855389713216422,0.9886,0.0012865096316455181,0.4273531422384466,0.0,0.15783274440518258,13.0,21.846153846153847,86.68720619823628,0.7885116600550182
284,284.0,0.7871664526346293,0.9886,0.0013009277457982098,0.43000223607576016,0.0,0.16079812206572774,13.0,21.923076923076923,108.21380429785603,0.8305823046117919
285,285.0,0.7887757933745646,0.9886,0.0013153892945301647,0.43264813978393224,0.0,0.16374269005847952,13.0,22.0,96.02566955742434,0.8090788284233748
286,286.0,0.7903671979710883,0.9886,0.001329893490501247,0.4352929017323266,0.0,0.16666666666666674,13.0,22.076923076923077,87.4630812807445,0.7903877491522869
287,287.0,0.7919408701990664,0.9886,0.0013444395547868877,0.43793680339224483,0.0,0.1695702671312428,13.0,22.153846153846153,93.00583438494736,0.8028797499149095
288,288.0,0.7934970130850036,0.9886,0.0013590267168869133,0.44057296318355554,1.0,0.17245370370370372,13.0,22.23076923076923,87.70829807759884,0.790973787712616
289,289.0,0.7688651342819324,0.969,0.0011324716683011246,0.40031475843086134,0.0,0.11188004613610159,14.0,20.714285714285715,89.82572999888961,0.7959010927764243
290,290.0,0.7706428701961017,0.969,0.0011449920848499997,0.4029213050667053,0.0,0.11494252873563227,14.0,20.785714285714285,92.36867654960595,0.8015200171944918
291,291.0,0.7724013521244479,0.969,0.0011575372484674117,0.40553670329233216,0.0,0.11798396334478811,14.0,20.857142857142858,89.52512109981689,0.7952157661658742
292,292.0,0.7741407721149738,0.969,0.001170106208626596,0.4081558089680057,0.0,0.12100456621004574,14.0,20.928571428571427,88.82177237116822,0.7935941510295241
293,293.0,0.7758613226467118,0.969,0.0011826980251896729,0.4107684445158231,0.0,0.12400455062571103,14.0,21.0,91.04128549429333,0.7986261591782718
294,294.0,0.7775631964985383,0.969,0.0011953117684638961,0.41338597943910727,0.0,0.1269841269841271,14.0,21.071428571428573,89.30099661528202,0.7947018059348739
295,295.0,0.7792465866234786,0.9802,0.0012082082434979723,0.4160023716906586,0.0,0.12994350282485878,14.0,21.142857142857142,91.82166645156364,0.8003376104810268
296,296.0,0.7809116860284074,0.9802,0.0012216129363508711,0.4186152207831194,0.0,0.13288288288288286,14.0,21.214285714285715,87.4265181675356,0.7903000860882835
297,297.0,0.7825586876590311,0.9886,0.001235546536066832,0.42123426658455604,0.0,0.13580246913580252,14.0,21.285714285714285,104.02772472283799,0.8237649301455069
298,298.0,0.7841877842900241,0.9886,0.0012495990392201175,0.42385172332770965,1.0,0.13870246085011184,14.0,21.357142857142858,84.65829002859176,0.7834431415146516
299,299.0,0.7586177477439265,0.969,0.001044284000623757,0.3847781156950949,0.0,0.08026755852842815,15.0,20.0,92.73348449612725,0.8023008255006424
300,300.0,0.7604691528474041,0.969,0.0010564274570736254,0.3873255551575584,0.0,0.08333333333333337,15.0,20.066666666666666,90.01429464142196,0.7963286452850027
301,301.0,0.7623011266228062,0.969,0.0010686027702918992,0.3898654131446503,0.0,0.08637873754152825,15.0,20.133333333333333,90.57691576496447,0.797593755776516
302,302.0,0.7641138445623991,0.969,0.0010808089733513086,0.39240476943208213,0.0,0.0894039735099339,15.0,20.2,90.63781990112521,0.7977297627708526
303,303.0,0.7659074832585694,0.969,0.0010930451077152134,0.39494102790226293,0.0,0.09240924092409242,15.0,20.266666666666666,89.56150590173864,0.7952989607672795
304,304.0,0.7676822202590456,0.969,0.0011053102233677062,0.3974808418931908,0.0,0.09539473684210531,15.0,20.333333333333332,87.63819769160831,0.7908065910044517
305,305.0,0.7694382339274035,0.969,0.0011176033789331782,0.40002704218692897,0.0,0.09836065573770503,15.0,20.4,94.11133583236916,0.8051952703552246
306,306.0,0.7711757033087917,0.969,0.0011299236417857423,0.402579302868573,0.0,0.10130718954248374,15.0,20.466666666666665,100.64347699342906,0.8178388318745158
307,307.0,0.7728948080008171,0.969,0.001142270088148838,0.40512928607713844,0.0,0.10423452768729646,15.0,20.533333333333335,102.4002681418521,0.8209640104854344
308,308.0,0.7745957280294775,0.969,0.0011546418031853876,0.40768522685074987,0.0,0.1071428571428572,15.0,20.6,91.35472729159622,0.7993170810437105
309,309.0,0.7762786437300916,0.969,0.0011670378810789072,0.41024657360285827,0.0,0.11003236245954695,15.0,20.666666666666668,97.63813278725729,0.8122318318675794
310,310.0,0.777943735633114,0.969,0.0011794574251058427,0.41280266804974247,0.0,0.11290322580645173,15.0,20.733333333333334,89.45889927945228,0.7950641749339711
311,311.0,0.7795911843547444,0.969,0.001191899547699543,0.41534899666119485,0.0,0.11575562700964637,15.0,20.8,89.44460594202273,0.7950314259842919
312,312.0,0.781221170492247,0.969,0.0012043633705061487,0.417897546605261,0.0,0.11858974358974361,15.0,20.866666666666667,91.42337977605101,0.799467779705341
313,313.0,0.7828338745238632,0.969,0.0012168480244327947,0.4204534763071422,0.0,0.12140575079872218,15.0,20.933333333333334,90.65742706360017,0.7977735092738547
314,314.0,0.7844294767132295,0.969,0.0012293526496883914,0.4230126940506377,0.0,0.12420382165605093,15.0,21.0,94.26342678767595,0.8055095814134964
315,315.0,0.7860081570181902,0.9802,0.0012419594107256904,0.42557768993225104,0.0,0.1269841269841271,15.0,21.066666666666666,88.35230985462476,0.7924974076682424
316,316.0,0.7875700950038971,0.9802,0.001255269959953202,0.4281325349712416,0.0,0.129746835443038,15.0,21.133333333333333,99.01841814429116,0.8148492606030353
317,317.0,0.7891154697600955,0.9886,0.0012688558829315852,0.4306859063978377,0.0,0.13249211356466883,15.0,21.2,95.40008545178618,0.8078268667526641
318,318.0,0.7906444598224837,0.9886,0.0012828229313420357,0.43323187960464155,0.0,0.1352201257861635,15.0,21.266666666666666,96.84620239659742,0.8106964147313075
319,319.0,0.7921572430980329,0.9886,0.001296834309485628,0.4357657333621675,1.0,0.13793103448275867,15.0,21.333333333333332,86.88929046351079,0.7890035327077227
320,320.0,0.7682287333186649,0.969,0.001090599818283235,0.3972754324005641,0.0,0.08333333333333337,16.0,20.0625,90.52132120120343,0.7974694459818644
321,321.0,0.7699456764225885,0.969,0.0011026960730789778,0.39976145547337805,0.0,0.08618899273104885,16.0,20.125,86.84893967249069,0.7889055018694673
322,322.0,0.7716449257537511,0.969,0.0011148207506481585,0.4022532816979998,0.0,0.08902691511387173,16.0,20.1875,93.78196963614455,0.8045111080044167
323,323.0,0.7733266495784322,0.969,0.001126972962535239,0.4047459972380837,0.0,0.09184726522187825,16.0,20.25,88.63996464011647,0.79317079595228
324,324.0,0.7749910164805309,0.969,0.0011391518279704948,0.4072402094184636,0.0,0.094650205761317,16.0,20.3125,97.76386642720199,0.8124733196084782
325,325.0,0.7766381952578895,0.969,0.0011513564739636594,0.4097369973949246,0.0,0.09743589743589753,16.0,20.375,88.08248804968257,0.7918617679941955
326,326.0,0.7782683548228883,0.969,0.001163586035389722,0.41224117369249735,0.0,0.10020449897750516,16.0,20.4375,85.33946838169298,0.7851716951020262
327,327.0,0.7798816641072147,0.969,0.0011758396550671088,0.41474192603492765,0.0,0.1029561671763507,16.0,20.5,92.7018895398283,0.8022334450318122
328,328.0,0.7814782919707365,0.969,0.0011881164838285674,0.41723687680522425,0.0,0.10569105691056913,16.0,20.5625,97.7714995043702,0.8124879599242122
329,329.0,0.7830584071143698,0.969,0.001200415680584997,0.4197279075539853,0.0,0.10840932117527868,16.0,20.625,100.38250522227122,0.8173652541073877
330,330.0,0.7846221779968664,0.969,0.0012127364123825162,0.4222128416408554,0.0,0.11111111111111116,16.0,20.6875,96.26907635461177,0.80956155364157
331,331.0,0.786169772755425,0.969,0.0012250778544530153,0.42470994407971363,0.0,0.1137965760322256,16.0,20.75,95.24729121777295,0.8075185855793412
332,332.0,0.7877013591300228,0.969,0.0012374391902584476,0.4272152371271768,1.0,0.11646586345381527,16.0,20.8125,85.56928971897086,0.7857486793037058
333,333.0,0.7635700292788745,0.969,0.001040337449619837,0.38979043507033195,0.0,0.06406406406406406,17.0,19.647058823529413,99.81594734658468,0.8163286146082885
334,334.0,0.765301472095929,0.969,0.00105214701104221,0.39222312386572783,0.0,0.06686626746506996,17.0,19.705882352941178,89.50805191082463,0.7951767138044907
335,335.0,0.7670155537936213,0.969,0.0010639888322398876,0.39465182748926897,0.0,0.06965174129353247,17.0,19.764705882352942,93.0407682796983,0.8029537623956432
336,336.0,0.7687124305943189,0.969,0.0010758620395680948,0.3970756982080803,0.0,0.072420634920635,17.0,19.823529411764707,89.76983729156012,0.795774016234549
337,337.0,0.7703922592447687,0.969,0.0010877657655740422,0.3995065420361357,0.0,0.0751730959446093,17.0,19.88235294117647,96.0562394140547,0.8091395890036182
338,338.0,0.7720551969142364,0.969,0.0010996991491235663,0.4019374258077066,0.0,0.07790927021696259,17.0,19.941176470588236,102.95266453659848,0.8219246348226757
339,339.0,0.7737014010965657,0.969,0.001111661335519946,0.4043751132900212,0.0,0.08062930186824002,17.0,20.0,95.52470828368581,0.808077578432507
340,340.0,0.7753310295161037,0.969,0.001123651476615183,0.40681967554669884,0.0,0.08333333333333337,17.0,20.058823529411764,96.58035030981665,0.810175327853725
341,341.0,0.7769442400374139,0.969,0.001135668730913916,0.40925860665005837,0.0,0.08602150537634423,17.0,20.11764705882353,88.17087034129234,0.7920704053122244
342,342.0,0.7785411905787111,0.969,0.001147712263670263,0.4117007542475445,0.0,0.08869395711500982,17.0,20.176470588235293,87.13308871987587,0.7895939005183994
343,343.0,0.7801220390289275,0.969,0.0011597812469777758,0.4141477743220973,0.0,0.09135082604470368,17.0,20.235294117647058,88.63946163031983,0.7931696222412268
344,344.0,0.7816869431683421,0.969,0.001171874859852758,0.41659626111936765,0.0,0.09399224806201556,17.0,20.294117647058822,91.15348218267445,0.7988740211087849
345,345.0,0.7832360605926902,0.969,0.0011839922883111714,0.41903857975289843,0.0,0.09661835748792269,17.0,20.352941176470587,89.27671236185557,0.7946459625548841
346,346.0,0.7847695486406789,0.969,0.0011961327254393144,0.42147734741139,0.0,0.09922928709055878,17.0,20.41176470588235,89.37525627449192,0.7948723830561396
347,347.0,0.7862875643248116,0.969,0.0012082953714585365,0.4239147731786026,0.0,0.1018251681075889,17.0,20.470588235294116,90.45272601465324,0.7973158561261785
348,348.0,0.7877902642654501,0.969,0.0012204794337841902,0.426347837733931,0.0,0.10440613026819923,17.0,20.529411764705884,93.70393138608583,0.8043483014837981
349,349.0,0.7892778046280301,0.969,0.0012326841270789677,0.4287886162859327,0.0,0.10697230181470874,17.0,20.58823529411765,87.97350641652218,0.7916039262260192
350,350.0,0.7907503410633425,0.969,0.0012449086733009387,0.4312366879527226,0.0,0.10952380952380958,17.0,20.647058823529413,97.15624121189103,0.8113005082879894
351,351.0,0.7922080286508012,0.969,0.0012571523017463682,0.43368952583506354,0.0,0.11206077872744546,17.0,20.705882352941178,99.98544277956341,0.8166399745435684
352,352.0,0.7936510218446058,0.969,0.0012694142490875969,0.4361418901288746,0.0,0.11458333333333337,17.0,20.764705882352942,92.4790888452503,0.8017569856899068
353,353.0,0.7950794744227238,0.969,0.001281693759406136,0.43858167366020523,0.0,0.11709159584513706,17.0,20.823529411764707,96.22472175063098,0.809473771398948
354,354.0,0.7964935394386072,0.969,0.0012939900842211635,0.44101482226368666,0.0,0.11958568738229758,17.0,20.88235294117647,90.51810512044337,0.7974622501328436
355,355.0,0.7978933691755533,0.969,0.001306302482513601,0.4434551023891391,0.0,0.12206572769953061,17.0,20.941176470588236,94.15678926029787,0.8052893107617491
356,356.0,0.7992791151036411,0.9802,0.001319130074322961,0.4458859411272402,1.0,0.12453183520599254,17.0,21.0,90.77564817986483,0.7980368777206936
357,357.0,0.7772007242132416,0.969,0.001119988476264631,0.4087954838130533,0.0,0.0756302521008404,18.0,19.88888888888889,94.72387619905322,0.8064549924582101
358,358.0,0.7787660717817994,0.969,0.0011318496934962438,0.41118986120486556,0.0,0.07821229050279332,18.0,19.944444444444443,89.52800480572523,0.7952223622863431
359,359.0,0.780316023519885,0.969,0.0011437376700654056,0.41358250796895024,0.0,0.0807799442896937,18.0,20.0,88.4166012563814,0.7926482914653978
360,360.0,0.7818507267671038,0.969,0.0011556516122747603,0.415980375626898,0.0,0.08333333333333337,18.0,20.055555555555557,98.57199033891396,0.8140107218054645
361,361.0,0.7833703286642846,0.969,0.001167590732442136,0.4183737954229464,0.0,0.08587257617728528,18.0,20.11111111111111,92.09096448982437,0.8009214754683226
362,362.0,0.7848749760902801,0.969,0.0011795542489825347,0.4207640697342572,0.0,0.08839779005524873,18.0,20.166666666666668,91.20726828901576,0.7989926277011276
363,363.0,0.7863648156016625,0.969,0.0011915413864846355,0.4231524554727767,0.0,0.09090909090909094,18.0,20.22222222222222,86.8396015964321,0.7888828023586122
364,364.0,0.7878399933752092,0.969,0.0012035513757819253,0.42554171027177207,1.0,0.09340659340659352,18.0,20.27777777777778,82.00347519538894,0.7764322391258338
365,365.0,0.7645826061320575,0.9006,0.0010288118976223073,0.3897439825704727,0.0,0.045662100456621,19.0,19.263157894736842,86.63975181511623,0.7883958235192604
366,366.0,0.7662406337081945,0.9006,0.001036544075932946,0.39205754651756536,0.0,0.04826958105646628,19.0,19.31578947368421,89.6413683036191,0.7954813309939942
367,367.0,0.7678828324287645,0.9194,0.0010452512651140486,0.3943776655073911,0.0,0.050862851952770294,19.0,19.36842105263158,88.97908938447995,0.793959081171142
368,368.0,0.7695093391382122,0.9194,0.0010540005949734354,0.3967069223929098,0.0,0.05344202898550732,19.0,19.42105263157895,93.48809503202436,0.8038965995932076
369,369.0,0.7711202910150812,0.9194,0.0010627276688693797,0.39903717262955296,0.0,0.0560072267389341,19.0,19.473684210526315,95.48722798016088,0.8080022457334043
370,370.0,0.7727158254947116,0.9194,0.0010714316570006879,0.4013559073169451,0.0,0.058558558558558516,19.0,19.526315789473685,89.36366908612946,0.7948457855321103
371,371.0,0.7742960801949186,0.969,0.0010810507811539595,0.4036831378383597,0.0,0.06109613656783475,19.0,19.57894736842105,95.5804541874158,0.808189514381413
372,372.0,0.7758611928446024,0.969,0.0010926748772624078,0.40601627276340585,0.0,0.06362007168458783,19.0,19.63157894736842,82.92992785577044,0.7789298289850416
373,373.0,0.7774113012152141,0.969,0.001104328511116638,0.40834901438186966,0.0,0.06613047363717617,19.0,19.68421052631579,87.21834040765091,0.7897995622521028
374,374.0,0.7789465430550315,0.969,0.0011160109055595602,0.410687921465033,0.0,0.06862745098039214,19.0,19.736842105263158,100.75790772429745,0.8180457122680773
375,375.0,0.7804670560261786,0.969,0.0011277212883516444,0.4130302142222678,0.0,0.07111111111111124,19.0,19.789473684210527,93.94272248499945,0.8048456245638319
376,376.0,0.7819729776443233,0.969,0.001139458892272674,0.4153836313166116,0.0,0.07358156028368812,19.0,19.842105263157894,91.32108123253609,0.799243142044605
377,377.0,0.7834644452209955,0.969,0.0011512229552181246,0.417735828253745,0.0,0.07603890362511057,19.0,19.894736842105264,97.86537492283115,0.8126678271269124
378,378.0,0.7849415958084639,0.969,0.001163012720290379,0.42008083914457084,0.0,0.0784832451499119,19.0,19.94736842105263,97.06466247906569,0.8111224737706438
379,379.0,0.7864045661471053,0.969,0.0011748274358848974,0.42242424267517553,0.0,0.08091468777484612,19.0,20.0,86.09322479680374,0.7870525424433402
380,380.0,0.7878534926151952,0.969,0.001186666355771474,0.42476263708535267,0.0,0.08333333333333337,19.0,20.05263157894737,91.03286445471038,0.7986075309927843
381,381.0,0.7892885111810787,0.969,0.001198528739170736,0.42709906634768025,0.0,0.08573928258967634,19.0,20.105263157894736,96.03172151413152,0.8090908603503948
382,382.0,0.7907097573576202,0.969,0.0012104138508260232,0.4294377705194869,0.0,0.08813263525305426,19.0,20.157894736842106,91.94296166383614,0.800601013915953
383,383.0,0.7921173661589133,0.969,0.0012223209610707753,0.43177125275097317,0.0,0.09051348999129682,19.0,20.210526315789473,94.0578305576371,0.8050844546951467
384,384.0,0.7935114720591494,0.969,0.0012342493458915426,0.4341072516847827,1.0,0.09288194444444453,19.0,20.263157894736842,88.05568990008912,0.7917984249043425
385,385.0,0.771409667090675,0.9006,0.001058112036900837,0.39880889846164586,0.0,0.04761904761904767,20.0,19.3,99.09276733185195,0.8149881789864966
386,386.0,0.7729738795245693,0.9194,0.0010667420918945266,0.40109141126302106,0.0,0.050086355785837755,20.0,19.35,87.35761780633159,0.7901346923862139
387,387.0,0.7745234791112515,0.9194,0.0010753688595853495,0.4033678518533555,0.0,0.052540913006029366,20.0,19.4,93.37898087279795,0.8036674510476053
388,388.0,0.7760585944189815,0.9194,0.0010839726220660503,0.40564286299771685,0.0,0.054982817869415945,20.0,19.45,89.9332702833903,0.796145149892105
389,389.0,0.7775793540285441,0.9194,0.001092552598681397,0.4079279972423984,0.0,0.05741216795201376,20.0,19.5,89.76888416183168,0.7957718478455993
390,390.0,0.7790858864759418,0.9194,0.0011011080214796598,0.41021726151825516,0.0,0.05982905982905995,20.0,19.55,92.26056759231656,0.801287442601208
391,391.0,0.7805783201974682,0.969,0.0011117435538834076,0.4125072950104189,0.0,0.06223358908780907,20.0,19.6,86.30811048280731,0.7875827285433927
392,392.0,0.782056783477105,0.969,0.0011233079576377693,0.41479457659204366,0.0,0.06462585034013613,20.0,19.65,97.01177722178878,0.8110195085755456
393,393.0,0.7835214043961802,0.969,0.001134900023908078,0.4170995909715579,0.0,0.06700593723494497,20.0,19.7,91.10670125505594,0.7987707481362033
394,394.0,0.7849723107852477,0.969,0.0011465190199000728,0.41941427368638123,0.0,0.0693739424703892,20.0,19.75,92.63546070343159,0.8020916267472701
395,395.0,0.7864096301781177,0.969,0.0011581642173052445,0.42172010198641735,0.0,0.0717299578059073,20.0,19.8,94.16465834069965,0.805305582196231
396,396.0,0.7878334897679887,0.969,0.0011698348923903194,0.42402028179036766,0.0,0.07407407407407418,20.0,19.85,100.43932622947358,0.8174685750933136
397,397.0,0.7892440163656281,0.969,0.0011815303260823615,0.4263126778363481,0.0,0.07640638119227539,20.0,19.9,93.84590999284224,0.8046443011237076
398,398.0,0.7906413363595416,0.969,0.0011932498040495652,0.428600738763022,0.0,0.07872696817420433,20.0,19.95,93.79052133561578,0.8045289324309206
399,399.0,0.7920255756780726,0.969,0.0012049926167779132,0.43089220087430796,0.0,0.08103592314118646,20.0,20.0,90.8656074417543,0.7982368263472495
400,400.0,0.7933968597533918,0.969,0.0012167580596437334,0.43317807996229835,1.0,0.08333333333333337,20.0,20.05,86.85788587809844,0.7889272442220914
401,401.0,0.7716540850645824,0.9006,0.0010565283957582486,0.3986260298142813,0.0,0.03990024937655867,21.0,19.142857142857142,90.82957517405889,0.79815678650703
402,402.0,0.7731884217162821,0.9006,0.0010640531190567475,0.40084363969543974,0.0,0.04228855721393043,21.0,19.19047619047619,100.23842391054718,0.817102737472269
403,403.0,0.7747087757732061,0.9006,0.0010715406248908788,0.403068183700764,0.0,0.04466501240694798,21.0,19.238095238095237,84.92302074887652,0.7841182146882608
404,404.0,0.7762152671784736,0.9194,0.001079017780609947,0.40529756909813547,0.0,0.04702970297029718,21.0,19.285714285714285,94.3638219431707,0.8057165028311981
405,405.0,0.7777080158669956,0.9194,0.001087549129239031,0.4075293446794175,0.0,0.049382716049382824,21.0,19.333333333333332,91.95817497061708,0.8006340019341261
406,406.0,0.7791871417154917,0.9194,0.0010960575849922295,0.4097649736369178,0.0,0.051724137931034586,21.0,19.38095238095238,90.60316308844243,0.7976523919431243
407,407.0,0.7806527644945647,0.9194,0.0011045423989665141,0.41200726713762426,0.0,0.05405405405405417,21.0,19.428571428571427,92.34079996210015,0.8014600984520606
408,408.0,0.782105003822777,0.9194,0.0011130028340981001,0.41425578151046266,0.0,0.056372549019607976,21.0,19.476190476190474,89.36135788076727,0.7948404795079875
409,409.0,0.7835439791226911,0.9194,0.0011214381651681355,0.4164993115753032,0.0,0.05867970660146704,21.0,19.523809523809526,85.56137302983402,0.7857288553920148
410,410.0,0.7849698095788264,0.969,0.0011300832325910014,0.41874485372957326,1.0,0.060975609756097726,21.0,19.571428571428573,83.99423438365021,0.7817310501385797
411,411.0,0.7625345728647582,0.891,0.0010133893352398152,0.385558770494268,0.0,0.018653690186537064,22.0,18.727272727272727,88.82016873184129,0.7935904243924163
412,412.0,0.7641230485079006,0.891,0.0010205835463426294,0.3876890287818997,0.0,0.021035598705501757,22.0,18.772727272727273,90.05299539903174,0.796416174141716
413,413.0,0.7656974686336615,0.891,0.0010277386142356465,0.3898340271094181,0.0,0.023405972558514954,22.0,18.818181818181817,89.64759112936143,0.7954955275164244
414,414.0,0.7672579441840088,0.891,0.001034853815671331,0.3919869825194325,0.0,0.025764895330112836,22.0,18.863636363636363,92.02406838802466,0.8007767570541459
415,415.0,0.7688045863807283,0.891,0.0010419284430498985,0.3941441473586375,0.0,0.028112449799196915,22.0,18.90909090909091,90.50998211890435,0.7974440729725418
416,416.0,0.770337506670281,0.891,0.0010489618043923428,0.39631168519048293,0.0,0.030448717948718063,22.0,18.954545454545453,97.04924492639135,0.8110924680842333
417,417.0,0.7718568166706593,0.891,0.001055953223306456,0.3984777347531609,0.0,0.03277378097521988,22.0,19.0,86.26868475362143,0.7874856515351739
418,418.0,0.7733626281202531,0.891,0.0010629020389460188,0.4006420925075436,0.0,0.03508771929824572,22.0,19.045454545454547,82.23837127381394,0.7770708119657159
419,419.0,0.774855052828636,0.891,0.0010698076059635147,0.4028087937493742,0.0,0.03739061256961018,22.0,19.09090909090909,91.16802246640654,0.7989060984613462
420,420.0,0.7763342026292662,0.9006,0.001077161774446567,0.40497989488168185,0.0,0.039682539682539764,22.0,19.136363636363637,88.82112341891322,0.7935926429699998
421,421.0,0.7778001893340473,0.9006,0.0010845530954928019,0.4071575537999284,0.0,0.04196357878068102,22.0,19.181818181818183,91.54924257699521,0.7997434733781162
422,422.0,0.7792531246897004,0.9006,0.0010919067442645353,0.4093400947695456,0.0,0.04423380726698278,22.0,19.227272727272727,95.77599940549798,0.8085811325683654
423,423.0,0.7806931203359285,0.9194,0.0010992978891128764,0.41153072734115115,0.0,0.046493301812450816,22.0,19.272727272727273,91.90358882733499,0.8005155884850448
424,424.0,0.7821202877652987,0.9194,0.0011077156851457012,0.413727204074915,0.0,0.04874213836477992,22.0,19.318181818181817,85.63880347470676,0.7859225889494352
425,425.0,0.7835347382848383,0.9194,0.0011161100038128075,0.4159314644971659,0.0,0.050980392156862786,22.0,19.363636363636363,87.33507877142269,0.7900805313141566
426,426.0,0.7849365829792637,0.9194,0.0011244801358450901,0.41813619612451836,0.0,0.05320813771517996,22.0,19.40909090909091,89.46805949385714,0.7950851573505727
427,427.0,0.786325932675831,0.9194,0.0011328253830533573,0.42034177367800285,0.0,0.05542544886807188,22.0,19.454545454545453,92.61078467855755,0.8020388943148853
428,428.0,0.7877028979107494,0.9194,0.001141145058334102,0.42255957132697464,1.0,0.05763239875389414,22.0,19.5,85.83937511696578,0.7864228006278924
429,429.0,0.7659763872007779,0.891,0.0010273697225831441,0.38994122148400995,0.0,0.017094017094017144,23.0,18.695652173913043,91.25778210544588,0.799103891083506
430,430.0,0.7675072691502509,0.891,0.0010344664282797254,0.3920265310226305,0.0,0.019379844961240345,23.0,18.73913043478261,92.10625772347929,0.8009545302733553
431,431.0,0.7690249116162885,0.891,0.001041524060961334,0.3941263194698599,0.0,0.02165506573859255,23.0,18.782608695652176,89.20425240312575,0.794479154979265
432,432.0,0.7705294185202928,0.891,0.0010485419305488472,0.3962362437152711,0.0,0.023919753086419804,23.0,18.82608695652174,90.61642761344145,0.7976820117921545
433,433.0,0.7720208939229517,0.891,0.0010555193617087348,0.39835049316032073,0.0,0.02617397998460358,23.0,18.869565217391305,89.37636485930487,0.7948749273681758
434,434.0,0.7734994419796547,0.891,0.001062455693830536,0.4004708316551416,0.0,0.028417818740399503,23.0,18.91304347826087,92.85193437297134,0.802553027493307
435,435.0,0.774965166897585,0.891,0.0010693502809980483,0.40258911501688255,0.0,0.03065134099616862,23.0,18.956521739130434,84.96238115742588,0.7842182259538643
436,436.0,0.7764181728944595,0.891,0.001076202491954373,0.4047078470392556,0.0,0.032874617737003065,23.0,19.0,83.07375392705747,0.779312569052425
437,437.0,0.77785856415887,0.891,0.001083011710061051,0.40683419566188456,0.0,0.03508771929824572,23.0,19.043478260869566,93.00165382541873,0.80287088907313
438,438.0,0.7792864448122067,0.9006,0.0010898761717188195,0.408958579149236,0.0,0.03729071537290729,23.0,19.08695652173913,91.94215389966976,0.8005992620823387
439,439.0,0.7807019188720983,0.9006,0.0010971758751700666,0.4110936958001877,0.0,0.039483675018982534,23.0,19.130434782608695,93.90976129425822,0.8047771277376864
440,440.0,0.7821050902173635,0.9006,0.0011044381599266736,0.4132338846905999,0.0,0.04166666666666674,23.0,19.17391304347826,102.81281179053919,0.8216824050033387
441,441.0,0.7834960625544218,0.9006,0.0011116624013201835,0.4153862340254586,0.0,0.04383975812547247,23.0,19.217391304347824,96.9222135285059,0.8108448758452953
442,442.0,0.784874939385122,0.9194,0.001118973755457582,0.41754825452495553,0.0,0.046003016591251944,23.0,19.26086956521739,100.02390802001428,0.8167104875599849
443,443.0,0.7862418239759624,0.9194,0.0011272819728052118,0.41970937919839546,0.0,0.04815650865312271,23.0,19.304347826086957,92.607971299123,0.8020328803649438
444,444.0,0.7875968193286649,0.9194,0.0011355662074001367,0.42187795285327667,0.0,0.050300300300300416,23.0,19.347826086956523,92.33942080950992,0.801457133122442
445,445.0,0.7889400281520589,0.9194,0.001143825785508837,0.42405377752911727,0.0,0.05243445692883908,23.0,19.391304347826086,92.53457026765801,0.8018758472611499
446,446.0,0.7902715528352506,0.9194,0.0011520600438052358,0.42623482328363144,0.0,0.05455904334828099,23.0,19.434782608695652,96.97086262106883,0.8109397726513566
447,447.0,0.791591495422026,0.9194,0.0011602683293770954,0.4284138677141184,1.0,0.05667412378821779,23.0,19.47826086956522,85.5218655328103,0.7856298711549997
448,448.0,0.770684276409529,0.891,0.0010479540614270865,0.3962073340583807,0.0,0.017857142857143016,24.0,18.708333333333332,95.6716686439624,0.8083723886790355
449,449.0,0.772149127389093,0.891,0.0010549185570383993,0.398263778115676,0.0,0.020044543429844186,24.0,18.75,90.62156800001733,0.797693488007956
450,450.0,0.7736015915286295,0.891,0.0010618434203393038,0.4003313485319372,0.0,0.022222222222222254,24.0,18.791666666666668,88.04215926773793,0.7917664277453565
451,451.0,0.7750417658990917,0.891,0.0010687280050639353,0.40240200281436844,0.0,0.024390243902439046,24.0,18.833333333333332,96.71541711494893,0.8104404253197434
452,452.0,0.776469747573844,0.891,0.0010755716788625137,0.4044749290545219,0.0,0.026548672566371723,24.0,18.875,86.58797903389338,0.7882693009135013
453,453.0,0.777885633594035,0.891,0.0010823738232774596,0.4065475710230153,0.0,0.028697571743929395,24.0,18.916666666666668,94.57797613025146,0.8061564215744591
454,454.0,0.7792895209353395,0.891,0.0010891338337139735,0.40862946851505383,0.0,0.03083700440528636,24.0,18.958333333333332,93.36055114586777,0.8036286942577161
455,455.0,0.7806815064760134,0.891,0.0010958511194052074,0.4107100067520388,0.0,0.03296703296703307,24.0,19.0,92.0520749287033,0.8008373700697896
456,456.0,0.782061686966245,0.891,0.001102525103372233,0.41279330988241825,0.0,0.03508771929824572,24.0,19.041666666666668,97.16987710536678,0.8113269885743144
457,457.0,0.7834301589987563,0.9006,0.001109433330554289,0.4148884106560488,0.0,0.03719912472647713,24.0,19.083333333333332,91.37220196203452,0.7993554610739172
458,458.0,0.7847870189806384,0.9006,0.001116608570601858,0.41699414946183333,0.0,0.039301310043668214,24.0,19.125,94.52911140871892,0.806056218448253
459,459.0,0.7861323631063866,0.9006,0.001123746053115417,0.4191089357615353,0.0,0.04139433551198257,24.0,19.166666666666668,93.64513289196672,0.8042254544666673
460,460.0,0.7874662873320781,0.9006,0.0011308451893329871,0.421230777203616,0.0,0.0434782608695653,24.0,19.208333333333332,103.14593786702495,0.8222583098040318
461,461.0,0.7887888873507064,0.9194,0.0011380827375448465,0.4233560194640753,0.0,0.045553145336225676,24.0,19.25,95.1918477937509,0.8074064769384919
462,462.0,0.7901002585686059,0.9194,0.0011462852124441707,0.42549434008343595,0.0,0.04761904761904767,24.0,19.291666666666668,89.77155298133565,0.7957779193466219
463,463.0,0.7914004960829409,0.9194,0.0011544632644023805,0.42763520747308703,0.0,0.049676025917926636,24.0,19.333333333333332,88.30904688587489,0.7923957512866582
464,464.0,0.7926896946602523,0.9194,0.001162616251724825,0.4297745197968197,0.0,0.051724137931034586,24.0,19.375,92.95374182107552,0.8027692809976091
465,465.0,0.7939679487159975,0.9194,0.00117074354252775,0.4319142203830002,1.0,0.05376344086021512,24.0,19.416666666666668,88.19815913118941,0.7921347393876599
466,466.0,0.7736716064607397,0.891,0.0010610706263161256,0.400241047873868,0.0,0.01645207439198859,25.0,18.68,82.70086870892465,0.7783175241138078
467,467.0,0.7750873050733412,0.891,0.0010679460710642376,0.4022563178024532,0.0,0.01855817273376159,25.0,18.72,96.47761826496053,0.8099731972758311
468,468.0,0.7764913093248564,0.891,0.0010747820348186278,0.4042796021919823,0.0,0.02065527065527073,25.0,18.76,103.54433329088467,0.8229421857222265
469,469.0,0.7778837095607737,0.891,0.0010815778976166785,0.4063027757201417,0.0,0.02274342572850052,25.0,18.8,94.5454521754239,0.8060897387288726
470,470.0,0.7792645960656135,0.891,0.001088333052684926,0.4083312492993232,0.0,0.024822695035461084,25.0,18.84,89.89903857303169,0.7960675261455683
471,471.0,0.7806340590350059,0.891,0.0010950469064198182,0.4103684607593334,0.0,0.02689313517338998,25.0,18.88,88.27857906668541,0.7923241002838936
472,472.0,0.7819921885488693,0.891,0.0011017188783633447,0.41240959980945197,0.0,0.028954802259887114,25.0,18.92,88.87278479389724,0.7937126266961283
473,473.0,0.7833390745456817,0.891,0.0011083484011737237,0.4144463185562497,0.0,0.03100775193798455,25.0,18.96,92.30250589528337,0.8013777290712737
474,474.0,0.7846748067977954,0.891,0.0011149349205912906,0.4164947484758301,0.0,0.03305203938115331,25.0,19.0,90.15962945825213,0.7966569578480525
475,475.0,0.7859994748877844,0.891,0.0011214778953997178,0.4185544587436629,0.0,0.03508771929824572,25.0,19.04,93.44917619247624,0.8038149282817393
476,476.0,0.7873131681857929,0.9006,0.0011284401782114724,0.4206248486816879,0.0,0.03711484593837544,25.0,19.08,97.61509865548564,0.8121875244111832
477,477.0,0.7886159758278602,0.9006,0.0011354949713542396,0.4227042960354885,0.0,0.03913347309573734,25.0,19.12,98.1820539873789,0.8132720534071324
478,478.0,0.7899079866951813,0.9006,0.0011425117273416974,0.42478767015498675,0.0,0.04114365411436549,25.0,19.16,92.21146873993358,0.8011816362556884
479,479.0,0.7911892893943046,0.9006,0.0011494898898618915,0.4268808270818297,0.0,0.043145441892832315,25.0,19.2,92.79635443786769,0.8024347675682829
480,480.0,0.792459972238212,0.9194,0.0011566593673109074,0.4289858424914574,0.0,0.04513888888888895,25.0,19.24,97.41354007423723,0.8117989211832174
481,481.0,0.7937201232282702,0.9194,0.0011647597781300144,0.4310896389619867,0.0,0.047124047124047164,25.0,19.28,94.0695086854066,0.8051086522132813
482,482.0,0.7949698300370341,0.9194,0.0011728353799223754,0.43319128909663385,0.0,0.049100968188105165,25.0,19.32,93.48480536703926,0.8038896988515604
483,483.0,0.7962091799918594,0.9194,0.0011808855600383633,0.4352910678189721,1.0,0.05106970324361626,25.0,19.36,86.16135053830965,0.7872209149602194
484,484.0,0.7764850682484609,0.891,0.0010738385109526865,0.40413580474761585,0.0,0.015151515151515138,26.0,18.653846153846153,94.48556262162414,0.8059668289561782
485,485.0,0.7778549366254599,0.891,0.0010806287802456766,0.4061072005263938,0.0,0.0171821305841926,26.0,18.692307692307693,94.91686506343245,0.8068485161084781
486,486.0,0.7792137509370044,0.891,0.0010873797349595692,0.40808634532029386,0.0,0.019204389574760006,26.0,18.73076923076923,99.81863452684162,0.816333559157199
487,487.0,0.7805615951273495,0.891,0.001094090779039272,0.41006383969566035,0.0,0.02121834360027386,26.0,18.76923076923077,91.86963556276417,0.8004418628524086
488,488.0,0.7818985530383815,0.891,0.0011007613289624218,0.4120520634719303,0.0,0.023224043715847076,26.0,18.807692307692307,96.30566842433605,0.8096339121747835
489,489.0,0.7832247083870786,0.891,0.0011073908137243303,0.41405868388125344,0.0,0.025221540558963973,26.0,18.846153846153847,98.1984160191104,0.8133031664200624
490,490.0,0.7845401447438669,0.891,0.0011139786748182417,0.41605469597058886,0.0,0.027210884353741638,26.0,18.884615384615383,95.54318564867722,0.8081146948485995
491,491.0,0.7858449455118725,0.891,0.0011205243662109473,0.41805382104452793,0.0,0.029192124915139228,26.0,18.923076923076923,92.7447755886097,0.8023248941303718
492,492.0,0.7871391939070176,0.891,0.0011270273543139866,0.4200643722975229,0.0,0.031165311653116534,26.0,18.96153846153846,102.50569159381592,0.8211481426223618
493,493.0,0.7884229729389635,0.891,0.0011334871179504982,0.4220930167558025,0.0,0.03313049357674114,26.0,19.0,94.68616694324894,0.8063779121577327
494,494.0,0.7896963653928576,0.9006,0.0011399534288996664,0.4241316040396084,0.0,0.03508771929824572,26.0,19.03846153846154,87.57900655701495,0.7906652055775705
495,495.0,0.7909594538118861,0.9006,0.0011469293584572243,0.42617633950529493,0.0,0.03703703703703709,26.0,19.076923076923077,91.49024556602568,0.7996143389941747
496,496.0,0.7922123204805726,0.9006,0.0011538675580756734,0.4282270611873935,0.0,0.03897849462365599,26.0,19.115384615384617,91.57168047339559,0.799792542426261
497,497.0,0.7934550474088443,0.9006,0.0011607674897787651,0.43028819813903774,1.0,0.04091213950368877,26.0,19.153846153846153,87.9747065102924,0.7916067690298181
498,498.0,0.773724448713426,0.891,0.0010590639051041087,0.4002820711692644,0.0,0.006024096385542244,27.0,18.48148148148148,89.11921685573112,0.7942830516227282
499,499.0,0.7750941491743061,0.891,0.001065923236134793,0.4021804844116957,0.0,0.008016032064128376,27.0,18.51851851851852,90.61837040805764,0.7976863493486177
500,500.0,0.7764530751612243,0.891,0.0010727458461995494,0.40408379313780496,0.0,0.01000000000000012,27.0,18.555555555555557,101.65211264112473,0.8196463127327436
501,501.0,0.7778013048880932,0.891,0.0010795311132945876,0.4059859057840162,0.0,0.0119760479041916,27.0,18.59259259259259,99.47114512815683,0.8156919445361467
502,502.0,0.779138916522204,0.891,0.001086278427352966,0.40789913506725956,0.0,0.01394422310756982,27.0,18.62962962962963,99.64856351710907,0.8160200941563437
503,503.0,0.7804659881628521,0.891,0.0010929871902521455,0.4098260487953205,0.0,0.015904572564612418,27.0,18.666666666666668,86.28624568661597,0.7875289023476768
504,504.0,0.7817825978207843,0.891,0.0010996568158166639,0.4117603505229304,0.0,0.017857142857143016,27.0,18.703703703703702,96.13088050770946,0.8092877831087478
505,505.0,0.7830888233984452,0.891,0.0011062867298160342,0.41370056388019155,0.0,0.01980198019801993,27.0,18.74074074074074,91.84436470069754,0.8003869546805837
506,506.0,0.7843847426709922,0.891,0.0011128763699580168,0.4156514700814491,0.0,0.021739130434782705,27.0,18.77777777777778,91.11643450433773,0.79879224386836
507,507.0,0.7856704332680753,0.891,0.0011194251858773685,0.4176181215148762,0.0,0.023668639053254448,27.0,18.814814814814813,98.21920634772852,0.8133426850505464
508,508.0,0.7869459726563469,0.891,0.001125932639120166,0.4195768005013059,1.0,0.025590551181102428,27.0,18.85185185185185,83.18075296162476,0.7795964489310241
509,509.0,0.7668134078676556,0.891,0.0010230705779558718,0.3912226647029524,0.0,-0.008513425016371867,28.0,18.214285714285715,95.64421741586892,0.8083173888744524
510,510.0,0.7682143023470415,0.891,0.0010300899491468242,0.39303815945743453,0.0,-0.006535947712418277,28.0,18.25,85.30031120548078,0.7850730779965154
511,511.0,0.7696044835512724,0.891,0.0010370772143020982,0.39485973228229687,0.0,-0.004566210045662045,28.0,18.285714285714285,89.822785673984,0.7958944025642333
512,512.0,0.7709840240951967,0.891,0.0010440316945804309,0.3966852643429276,0.0,-0.0026041666666665186,28.0,18.321428571428573,87.35223021297816,0.7901217485960708
513,513.0,0.7723529966603228,0.891,0.0010509527223235297,0.3985135211987952,0.0,-0.0006497725795970855,28.0,18.357142857142858,90.97913455150729,0.7984885938549566
514,514.0,0.7737114739723604,0.891,0.0010578396411004666,0.4003566387844442,0.0,0.0012970168612191912,28.0,18.392857142857142,89.87591213234421,0.7960150512148672
515,515.0,0.775059528779542,0.891,0.001064691805746803,0.4022086765693102,0.0,0.003236245954692629,28.0,18.428571428571427,87.28319806944748,0.7899557562184386
516,516.0,0.7763972338317245,0.891,0.0010715085823985386,0.40406138038345973,0.0,0.0051679586563307955,28.0,18.464285714285715,93.37488947611006,0.8036588483671093
517,517.0,0.7777246618602337,0.891,0.0010782893485209524,0.4059286602670708,0.0,0.007092198581560294,28.0,18.5,93.02725500670448,0.8029251391754809
518,518.0,0.779041885558448,0.891,0.0010850334929325394,0.40779685887597167,0.0,0.009009009009009028,28.0,18.535714285714285,97.09623356069994,0.8111838877676733
519,519.0,0.7803489775631015,0.891,0.0010917404158240173,0.4096644326797191,0.0,0.01091843288375094,28.0,18.571428571428573,91.82416468314624,0.8003430426337621
520,520.0,0.7816460104362779,0.891,0.0010984095287726297,0.41153985918345054,0.0,0.012820512820512775,28.0,18.607142857142858,96.2322610104609,0.8094886980641511
521,521.0,0.7829330566481015,0.891,0.0011050402547517573,0.4134204187490864,0.0,0.014715291106845885,28.0,18.642857142857142,96.30966126109406,0.8096418044329744
522,522.0,0.7842101885600667,0.891,0.001111632028136026,0.41531480468515386,0.0,0.016602809706258048,28.0,18.678571428571427,87.88583732044069,0.791396044091972
523,523.0,0.7854774784090393,0.891,0.0011181842947019563,0.41721730927178763,0.0,0.018483110261312996,28.0,18.714285714285715,92.29717528327912,0.8013662576664503
524,524.0,0.7867349982918753,0.891,0.0011246965116242652,0.41913203314818515,0.0,0.020356234096692183,28.0,18.75,92.99089265776901,0.8028480767379572
525,525.0,0.7879828201506521,0.891,0.0011311681474679854,0.4210555675136523,0.0,0.022222222222222254,28.0,18.785714285714285,95.9519714674146,0.808932187083208
526,526.0,0.7892210157584989,0.891,0.0011375986821764255,0.42298369637955807,0.0,0.02408111533586832,28.0,18.821428571428573,92.93537463973145,0.8027303015197023
527,527.0,0.7904496567060071,0.891,0.0011439876070551164,0.42491375109779056,0.0,0.02593295382669203,28.0,18.857142857142858,98.07372868143585,0.8130658069207926
528,528.0,0.7916688143881999,0.891,0.0011503344247518804,0.4268650383979877,0.0,0.02777777777777779,28.0,18.892857142857142,95.21009838571932,0.8074433947220543
529,529.0,0.7928785599920587,0.891,0.0011566386492330384,0.42882529328452684,0.0,0.02961562696912423,28.0,18.928571428571427,94.26928927698202,0.805521676529603
530,530.0,0.79407896448457,0.891,0.0011628998057559487,0.43080264677372027,0.0,0.03144654088050314,28.0,18.964285714285715,90.75337429338184,0.7979873092755044
531,531.0,0.7952700986013004,0.891,0.001169117430837944,0.43278883400240575,0.0,0.03327055869428752,28.0,19.0,98.78558140614155,0.8144128619544315
532,532.0,0.7964520328354658,0.9006,0.0011757191198661578,0.4347784605631486,1.0,0.03508771929824572,28.0,19.035714285714285,89.43342539081272,0.7950058017657381
533,533.0,0.7776267234060713,0.891,0.0010769077608543975,0.40589832343192794,0.0,0.00250156347717323,29.0,18.413793103448278,86.02042249657315,0.7868723170469932
534,534.0,0.77892432316062,0.891,0.0010836491241534695,0.40772287267410606,0.0,0.004369538077403257,29.0,18.448275862068964,90.05260776192046,0.7964152978023392
535,535.0,0.7802121790530214,0.891,0.001090354567028083,0.40955331968731257,0.0,0.006230529595015688,29.0,18.482758620689655,93.77864073690071,0.8045041686542659
536,536.0,0.7814903585557741,0.891,0.0010970234992069379,0.4113908035898777,0.0,0.008084577114428004,29.0,18.517241379310345,105.0194279417407,0.8254291258994125
537,537.0,0.7827589290652244,0.891,0.0011036553412881714,0.41322500072091223,0.0,0.009931719428926233,29.0,18.551724137931036,93.00841760149939,0.8028852247343494
538,538.0,0.7840179578869467,0.891,0.0011102495247552026,0.41506391723816555,0.0,0.011771995043370564,29.0,18.586206896551722,94.79177143614432,0.8065936203578237
539,539.0,0.7852675122216678,0.891,0.0011168054919881674,0.4169010511743481,0.0,0.013605442176870763,29.0,18.620689655172413,87.59331011523665,0.7906993889234893
540,540.0,0.7865076591517491,0.891,0.0011233226962711563,0.4187588774378826,0.0,0.015432098765432167,29.0,18.655172413793103,94.39700703258686,0.8057848028274406
541,541.0,0.7877384656281678,0.891,0.0011298006017952714,0.4206247842701471,0.0,0.017252002464571925,29.0,18.689655172413794,93.38330734175732,0.8036765471773413
542,542.0,0.7889599984580261,0.891,0.0011362386836576426,0.42249965368849246,0.0,0.019065190651906594,29.0,18.724137931034484,89.36062590975749,0.7948387990047474
543,543.0,0.7901723242925428,0.891,0.001142636427856446,0.4243860088287924,0.0,0.020871700429711537,29.0,18.75862068965517,94.06927113382223,0.8051081600573637
544,544.0,0.791375509615533,0.891,0.001148993331282076,0.4262825365767131,0.0,0.022671568627451122,29.0,18.79310344827586,98.81449185837315,0.8144671597399927
545,545.0,0.7925696207323522,0.891,0.001155308901704532,0.42818588405336006,1.0,0.024464831804281384,29.0,18.82758620689655,87.35845381462723,0.7901367007681217
546,546.0,0.773616126267625,0.891,0.001054971970727965,0.40064541258895137,0.0,-0.0073260073260073,30.0,18.233333333333334,90.67578994067885,0.797814462434491
547,547.0,0.7749233214662034,0.891,0.0010618111512801281,0.4023905779341088,0.0,-0.005484460694698212,30.0,18.266666666666666,91.09386080610426,0.7987423831738087
548,548.0,0.7762209530421539,0.891,0.0010686175222091657,0.4041523761710423,0.0,-0.0036496350364962904,30.0,18.3,97.92383854926888,0.8127796703546379
549,549.0,0.7775090838164136,0.891,0.00107539046089236,0.40592232006026147,0.0,-0.0018214936247722413,30.0,18.333333333333332,95.3902206097381,0.8078069930424111
550,550.0,0.7787877765903064,0.891,0.0010821293549675582,0.4076942137565255,0.0,1.1102230246251565e-16,30.0,18.366666666666667,93.74004611539632,0.8044236791737381
551,551.0,0.7800570941312356,0.891,0.0010888336023718713,0.40947517390025123,0.0,0.001814882032667997,30.0,18.4,90.39338813553645,0.7971828060494401
552,552.0,0.7813170991588549,0.891,0.0010955026113759231,0.41126870204517235,0.0,0.0036231884057972286,30.0,18.433333333333334,87.85198126854088,0.7913156531177931
553,553.0,0.7825678543317653,0.891,0.0011021358006136923,0.413068539771451,0.0,0.005424954792043524,30.0,18.466666666666665,88.16385094707495,0.7920538504569306
554,554.0,0.7838094222346761,0.891,0.0011087325991080272,0.4148724012896602,0.0,0.0072202166064982976,30.0,18.5,86.53159778529265,0.7881313438956358
555,555.0,0.7850418653660441,0.891,0.0011152924462919404,0.4166718524010853,0.0,0.009009009009009028,30.0,18.533333333333335,91.5248292712635,0.7996900570117803
556,556.0,0.7862652461261621,0.891,0.001121814792025729,0.41847515749538766,1.0,0.010791366906474975,30.0,18.566666666666666,85.29806490994609,0.7850674179691081
557,557.0,0.7669576655225798,0.8426,0.0010295551550901622,0.3926212147740296,0.0,-0.02034709754637931,31.0,18.0,94.54623878915164,0.8060913520397289
558,558.0,0.7682924214294863,0.8552,0.0010343448650474575,0.39425897445198355,0.0,-0.01851851851851838,31.0,18.032258064516128,94.14603373982266,0.8052670664385243
559,559.0,0.7696176862580252,0.8552,0.001039310850359824,0.39589955963173173,0.0,-0.016696481812760844,31.0,18.06451612903226,91.14765637603672,0.79886116591196
560,560.0,0.7709335182079601,0.8552,0.0010442242275862578,0.3975499001810256,0.0,-0.014880952380952328,31.0,18.096774193548388,92.68479878476373,0.8021969775657849
561,561.0,0.7722399755380417,0.8552,0.0010490845791587512,0.39921287345269474,0.0,-0.013071895424836555,31.0,18.129032258064516,93.5942330564008,0.8041189853835814
562,562.0,0.7735371165511615,0.8766,0.0010541870168738335,0.4008900190326206,0.0,-0.011269276393831573,31.0,18.161290322580644,84.03101370186482,0.7818265837137405
563,563.0,0.7748249995799787,0.8766,0.0010601873665175815,0.40257945317380184,0.0,-0.009473060982829962,31.0,18.193548387096776,89.09991356794144,0.7942384835272192
564,564.0,0.7761036829730367,0.891,0.0010669719443574088,0.4042774222150806,0.0,-0.0076832151300236795,31.0,18.225806451612904,92.83202573701423,0.8025106832714153
565,565.0,0.7773732250813344,0.891,0.001073741406415636,0.4059966367761862,0.0,-0.005899705014749124,31.0,18.258064516129032,86.52785458545243,0.7881221784456951
566,566.0,0.7786336842453634,0.891,0.0010804780719738851,0.40772408505416474,0.0,-0.0041224970553592755,31.0,18.29032258064516,101.34737367489437,0.8191040115933972
567,567.0,0.7798851187825747,0.891,0.0010871813383879414,0.40945247894289044,0.0,-0.0023515579071133885,31.0,18.322580645161292,96.30070916411962,0.8096241087686186
568,568.0,0.7811275869752923,0.891,0.0010938506128515663,0.41119311445176926,0.0,-0.0005868544600937664,31.0,18.35483870967742,96.07065375337284,0.8091682254978962
569,569.0,0.7823611470590266,0.891,0.0011004853124350238,0.41294281890826917,0.0,0.0011716461628588082,31.0,18.387096774193548,100.74910668205834,0.8180298174634021
570,570.0,0.7835858572112205,0.891,0.0011070848641193797,0.4147059956144046,0.0,0.0029239766081871066,31.0,18.419354838709676,92.19403054211728,0.801144030415743
571,571.0,0.7848017755403773,0.891,0.0011136487048266828,0.41647373101931906,0.0,0.00467016929363695,31.0,18.451612903225808,88.26666852414212,0.7922960768784547
572,572.0,0.7860089600755827,0.891,0.001120176281446112,0.41824241886741226,1.0,0.0064102564102564985,31.0,18.483870967741936,84.9573092235389,0.7842053438263348
573,573.0,0.7669582838596166,0.8426,0.001033815662082032,0.39320442421613605,0.0,-0.023851076207097144,32.0,17.9375,91.76860436544219,0.8002221624693552
574,574.0,0.7682726194603174,0.8426,0.0010381360118590717,0.39477481278596704,0.0,-0.022067363530778206,32.0,17.96875,96.13900777812763,0.809303905282198
575,575.0,0.7695778310914823,0.8426,0.0010423987237204715,0.39636874573495445,0.0,-0.020289855072463725,32.0,18.0,91.95136997445674,0.8006192475606816
576,576.0,0.7708739727619853,0.8552,0.0010471821762045698,0.3979747998210028,0.0,-0.01851851851851838,32.0,18.03125,96.6778014597219,0.8103666709780176
577,577.0,0.7721610985395625,0.8552,0.0010520597558312701,0.3995852574058951,0.0,-0.016753321779318098,32.0,18.0625,93.26515244710735,0.8034278307352732
578,578.0,0.7734392625378861,0.8552,0.0010568849146648902,0.40121199027606236,0.0,-0.014994232987312506,32.0,18.09375,90.11398558267172,0.7965539620205334
579,579.0,0.7747085189040539,0.8552,0.0010616572554880837,0.40283905063398484,0.0,-0.013241220495106454,32.0,18.125,92.18294279155327,0.8011201120494797
580,580.0,0.7759689218064822,0.8766,0.0010664631465637057,0.40448522727659786,0.0,-0.011494252873563093,32.0,18.15625,90.28531054927961,0.7969400202336723
581,581.0,0.7772205254231933,0.8766,0.0010723893459710784,0.40613629106170107,0.0,-0.009753298909925379,32.0,18.1875,91.61940770380068,0.7998968363493054
582,582.0,0.7784633839304886,0.891,0.0010786990246771408,0.40780615257061303,0.0,-0.008018327605956443,32.0,18.21875,89.09579578144276,0.7942289737407354
583,583.0,0.7796975514919963,0.891,0.001085401459553683,0.40949667893351915,0.0,-0.0062893081761006275,32.0,18.25,85.02075451250151,0.7843663769105038
584,584.0,0.78092308224808,0.891,0.0010920711241079295,0.41118348206529903,0.0,-0.004566210045662045,32.0,18.28125,87.45602436929723,0.7903708353364216
585,585.0,0.7821400303056117,0.891,0.0010987074342356962,0.4128785034177034,0.0,-0.002849002849002691,32.0,18.3125,94.89126059722999,0.8067963981303826
586,586.0,0.7833484497280825,0.891,0.0011053098152827158,0.414589991790267,0.0,-0.0011376564277587597,32.0,18.34375,95.59068658127957,0.8082100465117517
587,587.0,0.7845483945260572,0.891,0.0011118777020828917,0.4163057719796003,0.0,0.0005678591709256109,32.0,18.375,96.30613126746141,0.8096348270660152
588,588.0,0.7857399186479509,0.891,0.0011184105389925965,0.4180408884643575,0.0,0.0022675736961452753,32.0,18.40625,87.85682249942545,0.7913271523853116
589,589.0,0.7869230759711369,0.891,0.0011249077799210994,0.4197770055816058,0.0,0.003961516694963252,32.0,18.4375,102.57484133604751,0.8212687137065986
590,590.0,0.7880979202933516,0.891,0.0011313688883571908,0.42150829807867407,0.0,0.005649717514124353,32.0,18.46875,88.09766553638886,0.7918976260981544
591,591.0,0.7892645053244083,0.891,0.0011377933373920388,0.42324220204632457,0.0,0.007332205301748496,32.0,18.5,94.20047440421864,0.8053796071698732
592,592.0,0.7904228846782152,0.891,0.0011441806097383465,0.4249837577485878,0.0,0.009009009009009028,32.0,18.53125,90.52883157822778,0.7974862481518815
593,593.0,0.791573111865058,0.891,0.0011505301977459514,0.42672792142238863,0.0,0.010680157391793288,32.0,18.5625,96.3251176465138,0.8096723494217621
594,594.0,0.7927152402841805,0.891,0.0011568416034137847,0.42847850004643834,0.0,0.012345679012345734,32.0,18.59375,91.45648108273363,0.7995403593458994
595,595.0,0.7938493232166275,0.891,0.0011631143383984102,0.4302424640838983,1.0,0.014005602240896309,32.0,18.625,85.48320316434099,0.7855329157695741
596,596.0,0.7758179903753823,0.8552,0.0010692898677230956,0.40476096333700123,0.0,-0.015100671140939603,33.0,18.09090909090909,90.57666691224814,0.7975931996802785
597,597.0,0.777052267147708,0.8552,0.0010739771320268615,0.4063607771341217,0.0,-0.01340033500837512,33.0,18.12121212121212,86.42054506251863,0.7878590869790213
598,598.0,0.778278120465303,0.8552,0.0010786114274998898,0.4079745774094065,0.0,-0.011705685618728978,33.0,18.151515151515152,89.06073451103269,0.7941479661717563
599,599.0,0.7794956006151423,0.8766,0.0010843392498223296,0.4095944691214306,0.0,-0.01001669449081799,33.0,18.181818181818183,89.3855831526778,0.7948960818209518
600,600.0,0.7807047578719911,0.891,0.0010901676473195035,0.41123457466360114,0.0,-0.008333333333333304,33.0,18.21212121212121,89.80007279573428,0.795842778713157
601,601.0,0.7819056424894445,0.891,0.0010968056097669598,0.4128887454203056,0.0,-0.006655574043261225,33.0,18.242424242424242,86.95072079700883,0.7891526008607394
602,602.0,0.7830983046912554,0.891,0.0011034108388490145,0.4145419573451436,0.0,-0.004983388704318914,33.0,18.272727272727273,97.22567795384333,0.8114352738991766
603,603.0,0.7842827946629509,0.891,0.0011099827677207,0.41620782147430285,0.0,-0.0033167495854062867,33.0,18.303030303030305,90.69704901301337,0.7978618540201585
604,604.0,0.7854591625437221,0.891,0.0011165208386295106,0.41788591809453374,0.0,-0.0016556291390728006,33.0,18.333333333333332,91.06518406523921,0.7986790064554274
605,605.0,0.7866274584185884,0.891,0.0011230245029533446,0.41957703417093667,0.0,1.1102230246251565e-16,33.0,18.363636363636363,86.5195142970289,0.7881017538957347
606,606.0,0.7877877323108141,0.891,0.0011294932212347207,0.42127573168698085,0.0,0.0016501650165017256,33.0,18.393939393939394,90.80306737368043,0.7980978631714449
607,607.0,0.7889400341745945,0.891,0.0011359264632113562,0.4229780424022535,0.0,0.0032948929159802853,33.0,18.424242424242426,92.86794899655317,0.802587076257991
608,608.0,0.7900844138879748,0.891,0.0011423237078431112,0.42467306674251815,0.0,0.004934210526315819,33.0,18.454545454545453,91.09237154230404,0.7987390928249224
609,609.0,0.7912209212460243,0.891,0.0011486844433354188,0.42637858116694927,1.0,0.006568144499178974,33.0,18.484848484848484,85.80247288466197,0.7863309445873722
610,610.0,0.773192528715935,0.8426,0.0010632244122585096,0.4020133093434252,0.0,-0.021857923497267784,34.0,17.970588235294116,94.60586819283556,0.8062135712769485
611,611.0,0.7744264285399436,0.8552,0.0010673248452613825,0.40353993495029333,0.0,-0.02018548827059452,34.0,18.0,86.73303667984783,0.7886234123105131
612,612.0,0.7756521180405708,0.8552,0.0010720858781441633,0.4050835496011784,0.0,-0.01851851851851838,34.0,18.029411764705884,89.37635758812958,0.7948749106803134
613,613.0,0.7768696438669147,0.8552,0.0010767952618428805,0.4066420575426673,0.0,-0.016856987493202746,34.0,18.058823529411764,89.72421210847905,0.7956701663630344
614,614.0,0.7780790526825013,0.8552,0.0010814526230247916,0.4082055864617169,0.0,-0.015200868621063846,34.0,18.08823529411765,87.95567190373,0.7915616703673222
615,615.0,0.77928039115693,0.8552,0.00108605760075867,0.40977930960253117,0.0,-0.013550135501354976,34.0,18.11764705882353,92.75389495280184,0.8023443291231886
616,616.0,0.7804737059577826,0.8552,0.0010906098464745478,0.4113643932036831,0.0,-0.011904761904761862,34.0,18.147058823529413,95.09882981863804,0.8072180975486593
617,617.0,0.7816590437427776,0.8766,0.0010960503362615682,0.4129494759461663,0.0,-0.010264721772015095,34.0,18.176470588235293,90.5985064413739,0.797641991535514
618,618.0,0.782836451152172,0.8766,0.0011017947530885055,0.41456283762184654,0.0,-0.008629989212513456,34.0,18.205882352941178,96.57120537056387,0.8101573521529062
619,619.0,0.7840059748014028,0.891,0.0011079671337903543,0.41618289863048846,0.0,-0.007000538502961673,34.0,18.235294117647058,85.27002374121098,0.7849967370834349
620,620.0,0.7851676612739639,0.891,0.0011145103607739489,0.41781010538076163,0.0,-0.005376344086021501,34.0,18.264705882352942,88.84091187051823,0.7936386182071907
621,621.0,0.786321557114499,0.891,0.0011210203495445584,0.41943927623157806,0.0,-0.0037573805689747886,34.0,18.294117647058822,88.5406683557731,0.7929388418476068
622,622.0,0.7874677088221259,0.891,0.0011274965581336705,0.4210932388951986,1.0,-0.002143622722400762,34.0,18.323529411764707,82.07016451327226,0.7766139078426181
623,623.0,0.7693469745558194,0.8426,0.0010546200389105272,0.398173696403882,0.0,-0.029962546816479252,35.0,17.82857142857143,97.62645498665383,0.8122093715700358
624,624.0,0.7705880651827683,0.8426,0.0010588875897499807,0.3996008383315068,0.0,-0.02831196581196571,35.0,17.857142857142858,89.2456590609834,0.7945745089875376
625,625.0,0.7718211148260578,0.8426,0.0010630995249662982,0.40105001686468095,0.0,-0.026666666666666616,35.0,17.885714285714286,91.61291064577453,0.799882645316008
626,626.0,0.7730461666335122,0.8426,0.0010672555237135888,0.4025136097998229,0.0,-0.025026624068157588,35.0,17.914285714285715,102.19357083039073,0.820601891250469
627,627.0,0.7742632637977883,0.8426,0.0010713552783252688,0.40398863059814255,0.0,-0.023391812865497075,35.0,17.942857142857143,90.47091516569611,0.7973566057140451
628,628.0,0.7754724495484097,0.8426,0.0010753984942562763,0.40547400652656623,0.0,-0.02176220806794049,35.0,17.97142857142857,88.14169646541698,0.7920015830359409
629,629.0,0.7766737671440372,0.8552,0.0010794981696295573,0.40697739711629355,0.0,-0.020137784843667017,35.0,18.0,91.90448740096511,0.8005175388950506
630,630.0,0.7778672598649607,0.8552,0.0010841789477300636,0.4084927465264435,0.0,-0.01851851851851838,35.0,18.02857142857143,95.62707807244043,0.8082830333951512
631,631.0,0.7790529710058209,0.8552,0.001088808266940197,0.4100165185376029,0.0,-0.016904384574748965,35.0,18.057142857142857,101.99934184477573,0.8202602781375462
632,632.0,0.7802309438685423,0.8552,0.001093385770604193,0.411554255406689,0.0,-0.015295358649788815,35.0,18.085714285714285,91.76371999490509,0.8002115287572121
633,633.0,0.7814012217554749,0.8552,0.0010979111140404902,0.413104670466787,0.0,-0.013691416535018375,35.0,18.114285714285714,100.86614294265493,0.8182409597662883
634,634.0,0.7825638479627508,0.8552,0.001102383964503236,0.41466028131476085,0.0,-0.012092534174553027,35.0,18.142857142857142,102.19766220689024,0.820609073266088
635,635.0,0.7837188657738258,0.8766,0.0011075349271113713,0.4162217090685488,0.0,-0.010498687664041828,35.0,18.17142857142857,92.40467803189676,0.8015973463269367
636,636.0,0.7848663184532252,0.8766,0.00111321295348645,0.41779812568402946,0.0,-0.008909853249475796,35.0,18.2,88.8825219982106,0.7937352257657313
637,637.0,0.7860062492404767,0.891,0.0011188983658272772,0.41938502338171,0.0,-0.0073260073260073,35.0,18.228571428571428,89.22885588005808,0.7945358241735487
638,638.0,0.7871387013442225,0.891,0.0011253818988286631,0.42098247653658444,0.0,-0.005747126436781658,35.0,18.257142857142856,88.39565821029264,0.7925991648852428
639,639.0,0.7882637179365122,0.891,0.0011318322620020034,0.42258210796684814,1.0,-0.004173187271778733,35.0,18.285714285714285,86.29702268925223,0.7875554363057228
640,640.0,0.7704613021931462,0.8426,0.0010627659484371032,0.40027585662850235,0.0,-0.03125,36.0,17.805555555555557,90.64962468861086,0.797756103278862
641,641.0,0.7716775092113191,0.8426,0.001067000781693732,0.40167067102842624,0.0,-0.029641185647425905,36.0,17.833333333333332,94.43296500883683,0.805858755662096
642,642.0,0.7728860097216821,0.8426,0.0010711805280506559,0.4030815631747508,0.0,-0.028037383177569986,36.0,17.86111111111111,95.33214606279623,0.8076899126842588
643,643.0,0.7740868437442726,0.8426,0.0010753048715982493,0.4045086075893465,0.0,-0.026438569206842732,36.0,17.88888888888889,92.34071398360797,0.8014599135914434
644,644.0,0.7752800513405518,0.8426,0.0010793735092048163,0.4059407304602665,0.0,-0.024844720496894457,36.0,17.916666666666668,90.78867457404908,0.798065855467685
645,645.0,0.7764656726066962,0.8426,0.0010833861504645564,0.40738759731954727,0.0,-0.02325581395348819,36.0,17.944444444444443,89.89961491059266,0.7960688335365366
646,646.0,0.7776437476670759,0.8426,0.0010873425176415048,0.4088458561081933,0.0,-0.021671826625386803,36.0,17.97222222222222,96.04137246641505,0.8091100443223637
647,647.0,0.7788143166679186,0.8552,0.0010914460538575031,0.41032031714430417,0.0,-0.020092735703245657,36.0,18.0,90.0759802112076,0.796468122907507
648,648.0,0.7799774197711491,0.8552,0.0010960490890278808,0.4118031536989692,0.0,-0.01851851851851838,36.0,18.02777777777778,88.22159180513307,0.7921899508021955
649,649.0,0.7811330971484118,0.8552,0.0011006008599138326,0.4133016788116233,0.0,-0.016949152542372836,36.0,18.055555555555557,90.0015856467479,0.7962998851454592
650,650.0,0.7822813889752546,0.8552,0.0011051010254187034,0.41482265719262346,0.0,-0.01538461538461533,36.0,18.083333333333332,94.56844374818154,0.8061368823816997
651,651.0,0.7834223354254832,0.8552,0.0011095492560225665,0.41634843574107555,0.0,-0.01382488479262678,36.0,18.11111111111111,93.63521138058086,0.8042047103539138
652,652.0,0.7845559766656732,0.8552,0.001113945233745278,0.4178788695266351,0.0,-0.012269938650306678,36.0,18.13888888888889,87.06494615835692,0.7894292233295821
653,653.0,0.7856823528498443,0.8766,0.001118804480511581,0.41940832897771724,0.0,-0.010719754977029039,36.0,18.166666666666668,93.90604085154082,0.8047693932457752
654,654.0,0.7868015041142769,0.8766,0.0011244184207360875,0.42095085573537927,0.0,-0.00917431192660545,36.0,18.194444444444443,104.68910253942649,0.8248783026253482
655,655.0,0.7879134705724845,0.8766,0.0011299907348404842,0.42251060388384926,1.0,-0.007633587786259444,36.0,18.22222222222222,85.02022591056847,0.7843650362371667
656,656.0,0.7703207392349737,0.8426,0.001066538741295106,0.40099795399937727,0.0,-0.03404471544715437,37.0,17.756756756756758,97.70829845900732,0.8123666707692702
657,657.0,0.771520639768631,0.8426,0.0010707969220739187,0.40234913995461347,0.0,-0.03247082699137471,37.0,17.783783783783782,91.81409132367759,0.8003211373219198
658,658.0,0.7727131115854592,0.8426,0.0010750008532556768,0.40371313810121584,0.0,-0.03090172239108413,37.0,17.81081081081081,89.39951898299681,0.7949280539549636
659,659.0,0.7738981917469068,0.8426,0.0010791502110354435,0.405085180351403,0.0,-0.0293373798684875,37.0,17.83783783783784,90.3023850615648,0.7969784151234284
660,660.0,0.7750759173599889,0.8426,0.0010832446840514946,0.4064743177854029,0.0,-0.02777777777777768,37.0,17.864864864864863,89.63131988290093,0.7954584027404152
661,661.0,0.7762463255714716,0.8426,0.0010872839733425982,0.40787251972257244,0.0,-0.02622289460413496,37.0,17.89189189189189,102.6496571350626,0.8213989813018955
662,662.0,0.7774094535622159,0.8426,0.0010912677923012608,0.40928000849404594,0.0,-0.02467270896273921,37.0,17.91891891891892,97.93804907490585,0.8128068354791153
663,663.0,0.7785653385416823,0.8426,0.0010951958666230689,0.4107032668834358,0.0,-0.02312719959778775,37.0,17.945945945945947,92.09024954208756,0.8009199299112059
664,664.0,0.7797140177425703,0.8426,0.0010990679342522149,0.4121310893921697,0.0,-0.02158634538152593,37.0,17.972972972972972,95.03350274847165,0.8070855771584388
665,665.0,0.7808555284156121,0.8552,0.0011031797697407199,0.41357456931454,0.0,-0.020050125313283207,37.0,18.0,88.70354084068828,0.7933190359755758
666,666.0,0.781989907824498,0.8552,0.0011077074534073703,0.41503392659536587,0.0,-0.01851851851851838,37.0,18.027027027027028,94.25423948392614,0.8054906237245716
667,667.0,0.7831171932409501,0.8552,0.0011121840704507349,0.416516921931324,0.0,-0.0169915042478761,37.0,18.054054054054053,89.84536463663059,0.7959456961694081
668,668.0,0.7842374219399122,0.8552,0.0011166092943274103,0.4180080491168106,0.0,-0.015469061876247414,37.0,18.08108108108108,93.15334337082842,0.8031918912416134
669,669.0,0.7853506311948829,0.8552,0.0011209828096999544,0.41950862522543736,0.0,-0.01395117090184339,37.0,18.10810810810811,94.4608645819812,0.8059160964229573
670,670.0,0.7864568582733651,0.8552,0.0011253043124013753,0.4210098049054757,0.0,-0.01243781094527363,37.0,18.135135135135137,98.87933903265233,0.8145888361240033
671,671.0,0.7875561404324384,0.8766,0.001129869658804241,0.4225127496510852,0.0,-0.010928961748633892,37.0,18.16216216216216,88.76644051281635,0.7934654895767019
672,672.0,0.788648514914452,0.8766,0.001135421701675753,0.4240268710541427,0.0,-0.00942460317460303,37.0,18.18918918918919,93.33927326090783,0.8035839288989658
673,673.0,0.789734018942829,0.8766,0.0011409322482427325,0.42555260504224535,0.0,-0.007924715205547272,37.0,18.216216216216218,89.3088962341638,0.7947199651279512
674,674.0,0.790812689717987,0.891,0.0011464856234359047,0.42708396967745355,0.0,-0.006429277942630929,37.0,18.243243243243242,93.05815550497177,0.8029905790218048
675,675.0,0.7918845644133595,0.891,0.0011528232081553704,0.4286344446059275,0.0,-0.004938271604938205,37.0,18.27027027027027,94.37567963219036,0.8057409132863075
676,676.0,0.792949680171531,0.891,0.0011591272744057915,0.4301971167068181,0.0,-0.0034516765285996787,37.0,18.2972972972973,93.37616229005927,0.8036615247006668
677,677.0,0.7940080741004677,0.891,0.001165397329876772,0.43176035117193706,0.0,-0.001969473165928104,37.0,18.324324324324323,90.25422637568657,0.7968700849861573
678,678.0,0.7950597832698532,0.891,0.0011716328902340446,0.43333535752134716,1.0,-0.000491642084562427,37.0,18.35135135135135,88.69075370706196,0.7932892374115257
679,679.0,0.7783068857709177,0.8426,0.001099047863846604,0.41115727833951904,0.0,-0.026018654884634174,38.0,17.894736842105264,86.09329662342162,0.7870527201028824
680,680.0,0.7794415624675877,0.8426,0.0011029492890625805,0.41253883361287946,0.0,-0.02450980392156854,38.0,17.92105263157895,92.14305113024353,0.8010340106122674
681,681.0,0.780569316470711,0.8426,0.0011067952239994074,0.4139298067423911,0.0,-0.023005384238864446,38.0,17.94736842105263,93.02224280074051,0.8029145204270716
682,682.0,0.7816901823269846,0.8426,0.0011105854212638516,0.4153311531094129,0.0,-0.021505376344086002,38.0,17.973684210526315,94.304722634455,0.8055947483733429
683,683.0,0.7828041945998022,0.8552,0.0011147098243304582,0.41674599588079925,0.0,-0.02000976085895556,38.0,18.0,96.15383864392491,0.809333318441659
684,684.0,0.7839113878650615,0.8552,0.0011191644336750535,0.41818661578363986,0.0,-0.01851851851851838,38.0,18.026315789473685,90.99662163995086,0.7985273188946135
685,685.0,0.785011796707076,0.8552,0.0011235681761014122,0.41964514318284707,0.0,-0.017031630170316392,38.0,18.05263157894737,94.73469433952705,0.8064770941506701
686,686.0,0.786105455714589,0.8552,0.0011279207387108348,0.42111150918895995,0.0,-0.01554907677356665,38.0,18.07894736842105,90.63263655358433,0.7977181947863318
687,687.0,0.7871923994768838,0.8552,0.0011322218194638673,0.4225860720421457,0.0,-0.014070839398350188,38.0,18.105263157894736,96.0440623649589,0.8091153905624244
688,688.0,0.7882726625799967,0.8552,0.0011364711271460504,0.4240630488881576,1.0,-0.012596899224806224,38.0,18.13157894736842,83.95145982574589,0.7816198387569796
689,689.0,0.7711710857564769,0.8426,0.0010780795021235552,0.403870299971158,0.0,-0.037735849056603765,39.0,17.692307692307693,90.92984358916422,0.7983793591885376
690,690.0,0.7723329544991528,0.8426,0.001082332921412054,0.4051348362097968,0.0,-0.03623188405797095,39.0,17.71794871794872,94.31290718924703,0.8056116190274369
691,691.0,0.773487944316678,0.8426,0.0010865333929896755,0.4064111905241651,0.0,-0.0347322720694645,39.0,17.743589743589745,97.58812789806196,0.81213561804891
692,692.0,0.7746360869929714,0.8426,0.0010906805900711865,0.4077114795140397,0.0,-0.03323699421965309,39.0,17.76923076923077,96.28088255614627,0.8095849056780069
693,693.0,0.7757774143601034,0.8426,0.001094774197643705,0.4090235740892383,0.0,-0.03174603174603163,39.0,17.794871794871796,91.41830044065976,0.7994566378398861
694,694.0,0.7769119582940759,0.8426,0.001098813912436867,0.410339565486179,0.0,-0.030259365994236287,39.0,17.82051282051282,91.61018717460553,0.7998766960448329
695,695.0,0.7780397507107223,0.8426,0.0011027994428891,0.4116672371024849,0.0,-0.028776978417266008,39.0,17.846153846153847,91.98751734504265,0.8006975961252927
696,696.0,0.7791608235616854,0.8426,0.001106730509110231,0.41300833693495315,0.0,-0.027298850574712485,39.0,17.871794871794872,99.47976736881911,0.8157079191252741
697,697.0,0.7802752088304982,0.8426,0.0011106068428403581,0.4143602979106052,0.0,-0.025824964131994088,39.0,17.897435897435898,98.80318526893815,0.8144459282012947
698,698.0,0.7813829385287615,0.8426,0.0011144281874051543,0.4157145006137541,0.0,-0.024355300859598694,39.0,17.923076923076923,96.80795416969195,0.8106216220498024
699,699.0,0.7824840446924061,0.8426,0.0011181942976676508,0.41707638444558504,0.0,-0.022889842632331847,39.0,17.94871794871795,91.51860811884289,0.7996764405603033
700,700.0,0.7835785593780399,0.8426,0.0011219049399765822,0.4184512109752822,0.0,-0.021428571428571352,39.0,17.974358974358974,89.37114149294892,0.7948629386726612
701,701.0,0.7846665146593815,0.8552,0.0011260460184052293,0.4198506100687474,0.0,-0.0199714693295292,39.0,18.0,91.21443508041003,0.7990084210117445
702,702.0,0.7857479426237813,0.8552,0.001130429722511555,0.4212671435808167,0.0,-0.01851851851851838,39.0,18.025641025641026,86.21409071948966,0.7873510793846501
703,703.0,0.7868228753688118,0.8552,0.001134762760635946,0.4227015637053376,0.0,-0.017069701280227667,39.0,18.05128205128205,92.8656286764766,0.8025821437423029
704,704.0,0.7878913449989418,0.8552,0.0011390448327007314,0.4241445730948179,1.0,-0.015625,39.0,18.076923076923077,85.5293824355304,0.7856487114571127
705,705.0,0.7709802239898489,0.8426,0.0010815686443278255,0.4047230415093588,0.0,-0.04018912529550822,40.0,17.65,86.82189951540913,0.7888397577608914
706,706.0,0.7721274664988534,0.8426,0.0010858472768095857,0.40593723075308796,0.0,-0.03871576959395662,40.0,17.675,86.45498790102002,0.7879436018853803
707,707.0,0.7732680693709714,0.8426,0.0010900737590537057,0.40717515820800915,0.0,-0.037246581801037015,40.0,17.7,100.45620813959152,0.8174992499432412
708,708.0,0.7744020619960341,0.8426,0.0010942477570648362,0.4084178972018395,0.0,-0.03578154425612046,40.0,17.725,87.53157581163663,0.7905517733076609
709,709.0,0.7755294738153898,0.8426,0.0010983689483164247,0.4096765676774192,0.0,-0.03432063939821339,40.0,17.75,91.13756043170311,0.7988388843579809
710,710.0,0.776650334318291,0.8426,0.0011024370217284855,0.4109550017341986,0.0,-0.032863849765258246,40.0,17.775,104.70068932125263,0.8248976826018666
711,711.0,0.777764673038357,0.8426,0.0011064516776416195,0.41224038341807523,0.0,-0.03141115799343641,40.0,17.8,83.0830467276107,0.7793372528400468
712,712.0,0.7788725195501203,0.8426,0.0011104126277873233,0.4135348115199573,0.0,-0.029962546816479252,40.0,17.825,88.13138387280584,0.7919772443401931
713,713.0,0.7799739034656468,0.8426,0.0011143195952546428,0.41484314832225433,0.0,-0.028517999064983535,40.0,17.85,90.89862865553602,0.7983101218962474
714,714.0,0.7810688544312273,0.8426,0.001118172314453306,0.41616040971866747,0.0,-0.027077497665732864,40.0,17.875,92.48682798581548,0.8017735743283889
715,715.0,0.7821574021241461,0.8426,0.0011219705310733434,0.41748309230973274,0.0,-0.02564102564102555,40.0,17.9,99.4890558935778,0.8157251250535107
716,716.0,0.7832395762495094,0.8426,0.0011257140020412876,0.4188123016812107,0.0,-0.024208566108007368,40.0,17.925,91.24254069325502,0.7990703328289871
717,717.0,0.7843154065371513,0.8426,0.0011294024954730487,0.4201538943159413,0.0,-0.022780102278010084,40.0,17.95,98.80687113117779,0.8144528500554008
718,718.0,0.785384922738592,0.8426,0.0011330357906235234,0.42151061670961193,0.0,-0.02135561745589598,40.0,17.975,92.15009765917189,0.8010492251333108
719,719.0,0.7864481546240735,0.8552,0.001137197500888337,0.42289135416714563,0.0,-0.019935095039406603,40.0,18.0,92.9459147108169,0.8027526719127578
720,720.0,0.7875051319796386,0.8552,0.0011415123667599181,0.42428146324051724,0.0,-0.01851851851851838,40.0,18.025,91.48673687611404,0.7996066538239389
721,721.0,0.7885558846042858,0.8552,0.001145776768164929,0.4256886749195982,0.0,-0.01710587147480358,40.0,18.05,100.1338212761829,0.816911677795982
722,722.0,0.7896004423071691,0.8552,0.0011499904170972758,0.4271110330593442,0.0,-0.01569713758079394,40.0,18.075,90.80856961926867,0.7981100967651055
723,723.0,0.7906388349048564,0.8552,0.0011541530357795796,0.428533632011978,1.0,-0.01429230059935449,40.0,18.1,83.73780115100885,0.7810626374070672
724,724.0,0.7741596527019143,0.8426,0.0010977159630474128,0.4091792084360901,0.0,-0.0382136279926335,41.0,17.682926829268293,91.97070341499887,0.800661159993439
725,725.0,0.7752735364584012,0.8426,0.0011018649670980335,0.4103971614355652,0.0,-0.0367816091954023,41.0,17.70731707317073,89.60436585834233,0.7953968742737721
726,726.0,0.7763810909664699,0.8426,0.0011059616197046352,0.41162785327465806,0.0,-0.03535353535353525,41.0,17.73170731707317,91.84717767410346,0.8003930681638957
727,727.0,0.7774823435383807,0.8426,0.0011100056134515245,0.4128664650912792,0.0,-0.03392939018798713,41.0,17.75609756097561,95.07693285152614,0.8071736983568559
728,728.0,0.7785773215316809,0.8426,0.0011139966520384555,0.41411838451762834,0.0,-0.032509157509157394,41.0,17.78048780487805,91.5340616004928,0.799710260718567
729,729.0,0.7796660523462987,0.8426,0.001117934450254631,0.41538341552828373,0.0,-0.031092821216277988,41.0,17.804878048780488,98.56868814993749,0.8140044909043972
730,730.0,0.780748563421697,0.8426,0.0011218187339491485,0.41665835413958635,0.0,-0.029680365296803624,41.0,17.829268292682926,89.70610340435243,0.7956289189076089
731,731.0,0.7818248822340914,0.8426,0.001125649239998016,0.4179397612733887,0.0,-0.028271773825809365,41.0,17.853658536585368,100.87936128403172,0.8182647758671393
732,732.0,0.7828950362937138,0.8426,0.0011294257162677741,0.41923491513928685,0.0,-0.02686703096539156,41.0,17.878048780487806,90.35640430538608,0.7970997908308698
733,733.0,0.7839590531421256,0.8426,0.00113314792157579,0.4205302047367303,0.0,-0.025466120964074523,41.0,17.902439024390244,88.50114654296375,0.7928463748835928
734,734.0,0.7850169603495908,0.8426,0.0011368156256473375,0.42184222868798377,0.0,-0.024069028156221473,41.0,17.926829268292682,96.15424565771097,0.8093341255195723
735,735.0,0.7860687855124876,0.8426,0.0011404286090694344,0.42316705993718995,1.0,-0.0226757369614512,41.0,17.951219512195124,85.39752092122275,0.7853177336348509
736,736.0,0.769445000075459,0.8426,0.001083869052594124,0.4054181984430769,0.0,-0.04619565217391286,42.0,17.547619047619047,99.48500111377298,0.8157176144334866
737,737.0,0.7705704413502764,0.8426,0.0010882490675841133,0.40655073296074257,0.0,-0.04477611940298498,42.0,17.571428571428573,91.50941161819533,0.7996563084699365
738,738.0,0.7716896655244372,0.8426,0.0010925788575020577,0.4076990572695832,0.0,-0.043360433604335835,42.0,17.595238095238095,89.71017513801334,0.7956381948298654
739,739.0,0.7728026976174418,0.8426,0.0010968580640090737,0.4088552731343148,0.0,-0.04194857916102834,42.0,17.61904761904762,94.30472469862546,0.8055947526285441
740,740.0,0.7739095627081282,0.8426,0.001101086339651845,0.410012083194232,0.0,-0.04054054054054057,42.0,17.642857142857142,92.4425643343624,0.801678658901952
741,741.0,0.775010285932005,0.8426,0.0011052633478579555,0.4111755772742523,0.0,-0.03913630229419707,42.0,17.666666666666668,97.81318967669891,0.8125678817557188
742,742.0,0.7761048924786351,0.8426,0.001109388762927506,0.41235235460598235,0.0,-0.037735849056603765,42.0,17.69047619047619,85.06008707568515,0.7844660878724399
743,743.0,0.7771934075890664,0.8426,0.0011134622700210988,0.4135538559613322,0.0,-0.036339165545087315,42.0,17.714285714285715,88.3030743198682,0.7923817095322996
744,744.0,0.7782758565533151,0.8426,0.0011174835651442117,0.41476945043600294,0.0,-0.034946236559139754,42.0,17.738095238095237,89.92298564093169,0.7961218346715097
745,745.0,0.7793522647078905,0.8426,0.0011214523551280316,0.41598361204879,0.0,-0.03355704697986561,42.0,17.761904761904763,83.79549189059433,0.7812133693627596
746,746.0,0.7804226574333596,0.8426,0.0011253683576068416,0.41721052004267206,0.0,-0.03217158176943702,42.0,17.785714285714285,93.95246660321733,0.8048658646636796
747,747.0,0.7814870601519648,0.8426,0.0011292313009919818,0.41846044710528935,0.0,-0.0307898259705488,42.0,17.80952380952381,89.88300148611525,0.7960311401465004
748,748.0,0.7825454983252709,0.8426,0.0011330409244424467,0.419704881329045,0.0,-0.02941176470588225,42.0,17.833333333333332,92.75758671304709,0.8023521958365633
749,749.0,0.7835979974518541,0.8426,0.0011367969778322275,0.4209626749167998,0.0,-0.028037383177569986,42.0,17.857142857142858,85.54370313491894,0.7856845955754554
750,750.0,0.7846445830650337,0.8426,0.0011404992217143787,0.42223415589512414,0.0,-0.026666666666666616,42.0,17.88095238095238,89.27478353255779,0.7946415257714143
751,751.0,0.7856852807306398,0.8426,0.0011441474272819937,0.4235138291397726,0.0,-0.025299600532623145,42.0,17.904761904761905,87.61251878781684,0.7907452771933922
752,752.0,0.7867201160448003,0.8426,0.0011477413763260056,0.42481033395725515,0.0,-0.02393617021276584,42.0,17.928571428571427,89.81874075809876,0.7958852108302324
753,753.0,0.7877491146317849,0.8426,0.0011512808611900465,0.42611264784453123,1.0,-0.02257636122177953,42.0,17.952380952380953,83.25617025102402,0.7797961006606854
754,754.0,0.7714587939663544,0.8426,0.0010957984669634853,0.40864107518492965,0.0,-0.045534924845269664,43.0,17.558139534883722,95.84638818711947,0.8087217089751839
755,755.0,0.7725586014794674,0.8426,0.0011001043117343872,0.40975300537224674,0.0,-0.04415011037527594,43.0,17.58139534883721,82.21268610675524,0.7770011636704457
756,756.0,0.7736524494494101,0.8426,0.0011043599896534717,0.410877261216849,0.0,-0.042768959435625975,43.0,17.6046511627907,96.69384013612095,0.8103981255938895
757,757.0,0.7747403610757091,0.8426,0.0011085651575994872,0.41201279781564754,0.0,-0.0413914575077059,43.0,17.627906976744185,91.92826372828975,0.8005691330413817
758,758.0,0.7758223596141963,0.8426,0.0011127194830450463,0.4131476701540119,0.0,-0.040017590149516336,43.0,17.651162790697676,96.10459955084865,0.8092356305627888
759,759.0,0.7768984683748466,0.8426,0.001116822644050945,0.4142979951691307,0.0,-0.03864734299516903,43.0,17.674418604651162,90.49176974201382,0.7974033065592542
760,760.0,0.7779687107196469,0.8426,0.0011208743292569212,0.4154643646720382,0.0,-0.037280701754385914,43.0,17.697674418604652,90.71761579165909,0.7979076811780699
761,761.0,0.779033110060504,0.8426,0.0011248742378689534,0.4166474819344239,0.0,-0.035917652212001716,43.0,17.72093023255814,87.55196711909116,0.7906005548864972
762,762.0,0.7800916898571761,0.8426,0.0011288220796431294,0.41784219466244926,0.0,-0.03455818022747148,43.0,17.74418604651163,95.73676431606644,0.8085026847908975
763,763.0,0.7811444736152481,0.8426,0.0011327175748661504,0.4190329159778003,0.0,-0.03320227173438184,43.0,17.767441860465116,88.69119192029682,0.7932902587462264
764,764.0,0.7821914848841188,0.8426,0.001136560454332537,0.4202429562261478,0.0,-0.03184991273996496,43.0,17.790697674418606,92.87355349403946,0.8025989892320643
765,765.0,0.7832327472550342,0.8426,0.0011403504593185735,0.4214598819990576,0.0,-0.030501089324618702,43.0,17.813953488372093,89.0967602292391,0.7942312011552038
766,766.0,0.7842682843591339,0.8426,0.001144087341553046,0.4226826129454223,0.0,-0.029155787641427233,43.0,17.837209302325583,89.81227306848808,0.7958705118246713
767,767.0,0.7852981198655319,0.8426,0.001147770863184882,0.4239124856947228,0.0,-0.02781399391568873,43.0,17.86046511627907,90.63714772113771,0.7977282627015218
768,768.0,0.7863222774794195,0.8426,0.0011514007967476868,0.4251744795993672,0.0,-0.02647569444444442,43.0,17.88372093023256,98.35084035789895,0.8135925095645519
769,769.0,0.7873407809401888,0.8426,0.0011549769251212668,0.4264384526693217,0.0,-0.02514087559601208,43.0,17.906976744186046,97.55770984623409,0.8120770427859625
770,770.0,0.7883536540195848,0.8426,0.0011584990414902172,0.42771347442093677,1.0,-0.023809523809523725,43.0,17.930232558139537,82.76232363100804,0.7784821337898674
771,771.0,0.7723077563813591,0.8426,0.0011032547802026736,0.4107035659941033,0.0,-0.046260268050151154,44.0,17.545454545454547,87.45406272191317,0.7903661332277981
772,772.0,0.7733889274590229,0.8426,0.0011075379896951841,0.41178780913552165,0.0,-0.04490500863557845,44.0,17.568181818181817,87.22637915506155,0.7898189342384334
773,773.0,0.7744643590842669,0.8426,0.0011117714390761727,0.4128766186635829,0.0,-0.04355325571366975,44.0,17.59090909090909,93.7115558673018,0.8043642199336243
774,774.0,0.7755340727105368,0.8426,0.0011159547893013079,0.41398349311432997,0.0,-0.042204995693367664,44.0,17.613636363636363,92.83756641206256,0.8025224697084342
775,775.0,0.7765980898475333,0.8426,0.0011200877116469975,0.415101153151889,0.0,-0.04086021505376336,44.0,17.636363636363637,95.53755055255142,0.8081033768680421
776,776.0,0.7776564320594241,0.8426,0.0011241698877071714,0.41622049643228715,0.0,-0.03951890034364247,44.0,17.65909090909091,95.57489457754646,0.8081783567288349
777,777.0,0.7787091209630931,0.8426,0.0011282010093865914,0.4173603009119114,0.0,-0.03818103818103813,44.0,17.681818181818183,93.74259912884919,0.8044290055566502
778,778.0,0.7797561782263979,0.8426,0.001132180778890881,0.41851444036245256,0.0,-0.036846615252784876,44.0,17.704545454545453,87.8454278468479,0.7913000849025841
779,779.0,0.7807976255664624,0.8426,0.001136108908713167,0.41967760268974713,0.0,-0.0355156183140779,44.0,17.727272727272727,90.25877391121419,0.7968803193430538
780,780.0,0.7818334847479768,0.8426,0.001139985121617494,0.4208489287310794,0.0,-0.03418803418803407,44.0,17.75,94.46456205480784,0.8059236931337656
781,781.0,0.7828637775815295,0.8426,0.0011438091506190246,0.42202751148001194,0.0,-0.032863849765258246,44.0,17.772727272727273,94.73400024754719,0.8064756762574479
782,782.0,0.7838885259219406,0.8426,0.0011475807389610664,0.4232063929545144,0.0,-0.0315430520034099,44.0,17.795454545454547,88.88732202472637,0.793746364321411
783,783.0,0.7849077516666357,0.8426,0.0011512996400890314,0.42439326085716034,0.0,-0.030225627926777188,44.0,17.818181818181817,92.57524754367466,0.8019629023980289
784,784.0,0.7859214767540049,0.8426,0.0011549656176213174,0.4255909536943158,0.0,-0.028911564625850206,44.0,17.84090909090909,91.64111094249304,0.7999442265072721
785,785.0,0.7869297231618113,0.8426,0.0011585784453172028,0.4268085624648797,0.0,-0.027600849256900206,44.0,17.863636363636363,93.54060454267442,0.8040066832690884
786,786.0,0.7879325129055856,0.8426,0.0011621379070418166,0.42805685085387113,0.0,-0.026293469041560602,44.0,17.886363636363637,91.08216330849352,0.7987165360660277
787,787.0,0.7889298680370528,0.8426,0.0011656437967282347,0.4293058470286923,1.0,-0.02498941126641241,44.0,17.90909090909091,84.6940768640478,0.7835346459615792
788,788.0,0.7731195713759813,0.8426,0.0011106213927734175,0.4127578317627848,0.0,-0.04695431472081202,45.0,17.533333333333335,86.14879267076886,0.7871898982566471
789,789.0,0.7741828384202875,0.8426,0.0011148832131760678,0.4137981789473172,0.0,-0.04562737642585546,45.0,17.555555555555557,95.26474907829075,0.8075538590012284
790,790.0,0.7752405745035017,0.8426,0.0011190956708215447,0.4148599903353605,0.0,-0.04430379746835422,45.0,17.57777777777778,94.4060022283528,0.8058033080461561
791,791.0,0.7762927994571304,0.8426,0.0011232584305090761,0.4159309049704181,0.0,-0.04298356510745882,45.0,17.6,101.41115424062255,0.8192177825938846
792,792.0,0.7773395331690685,0.8426,0.001127371167098285,0.4170273591642878,0.0,-0.04166666666666652,45.0,17.622222222222224,89.54612485316466,0.7952637999310875
793,793.0,0.7783807955821356,0.8426,0.0011314335655082655,0.4181299636085852,0.0,-0.04035308953341721,45.0,17.644444444444446,94.78435142011146,0.8065784799003927
794,794.0,0.7794166066926403,0.8426,0.0011354453207132905,0.4192338314450096,0.0,-0.03904282115869018,45.0,17.666666666666668,88.63415570852108,0.793157240718537
795,795.0,0.7804469865489441,0.8426,0.001139406137735287,0.42036139894466845,0.0,-0.037735849056603765,45.0,17.68888888888889,86.61381729723655,0.7883324635096268
796,796.0,0.781471955250052,0.8426,0.0011433157316331,0.4214987523003885,0.0,-0.03643216080402012,45.0,17.711111111111112,86.82163610632425,0.7888391171195874
797,797.0,0.7824915329442018,0.8426,0.0011471738274885707,0.42264287591815075,0.0,-0.035131744040150625,45.0,17.733333333333334,97.68037757325847,0.8123130377993915
798,798.0,0.7835057398274657,0.8426,0.0011509801603895487,0.423796926088673,0.0,-0.03383458646616533,45.0,17.755555555555556,98.15118997718893,0.8132133361032695
799,799.0,0.784514596142375,0.8426,0.0011547344754097816,0.4249516702849087,0.0,-0.03254067584480591,45.0,17.77777777777778,93.28249429519236,0.8034643748341729
800,800.0,0.7855181221765336,0.8426,0.001158436527585822,0.4261019704102574,0.0,-0.03125,45.0,17.8,101.04731032701278,0.8185668349409562
801,801.0,0.7865163382612537,0.8426,0.0011620860818909754,0.42725994939092604,0.0,-0.029962546816479252,45.0,17.822222222222223,89.8838002961052,0.7960329528464792
802,802.0,0.7875092647701949,0.8426,0.001165682913206317,0.42844236017458376,0.0,-0.02867830423940143,45.0,17.844444444444445,96.81544653660394,0.810636277689409
803,803.0,0.788496922118012,0.8426,0.0011692268062888668,0.4296515647542815,0.0,-0.02739726027397249,45.0,17.866666666666667,94.92545878986199,0.8068660023659393
804,804.0,0.7894793307590058,0.8426,0.0011727175557369426,0.4308846310156646,0.0,-0.026119402985074647,45.0,17.88888888888889,94.76507856119804,0.8065391427761661
805,805.0,0.7904565111857836,0.8426,0.0011761549659527887,0.4321165014177626,0.0,-0.024844720496894457,45.0,17.91111111111111,95.85285326355769,0.8087346102997699
806,806.0,0.7914284839279245,0.8426,0.0011795388511024773,0.4333577610998231,0.0,-0.023573200992555776,45.0,17.933333333333334,88.73326634925061,0.7933882737825286
807,807.0,0.7923952695506493,0.8426,0.0011828690350731868,0.4346103772634594,1.0,-0.022304832713754497,45.0,17.955555555555556,84.88224803103635,0.7840145170680455
808,808.0,0.7770184936518294,0.8426,0.001130479079205006,0.41786973762079405,0.0,-0.04372937293729362,46.0,17.58695652173913,96.8914957052927,0.810784907386543
809,809.0,0.7780486000526213,0.8426,0.0011345727887926305,0.4189343302569066,0.0,-0.04243922538112899,46.0,17.608695652173914,92.20688127549816,0.8011717446710239
810,810.0,0.7790734283108492,0.8426,0.0011386165587339923,0.42001026381517415,0.0,-0.04115226337448563,46.0,17.630434782608695,88.86810319422541,0.7937017594123172
811,811.0,0.7800929969178965,0.8426,0.0011426100868938173,0.42110015762444336,0.0,-0.03986847513357983,46.0,17.652173913043477,95.17438113888976,0.8073711316643167
812,812.0,0.7811073244182386,0.8426,0.001146553080942598,0.42219209107199507,0.0,-0.03858784893267653,46.0,17.67391304347826,87.21925851835587,0.7898017749202149
813,813.0,0.7821164294082766,0.8426,0.0011504452583482212,0.42330241378487604,0.0,-0.037310373103730976,46.0,17.695652173913043,88.820072583142,0.7935902009517949
814,814.0,0.783120330535181,0.8426,0.0011542863463646121,0.4244255616166914,0.0,-0.03603603603603611,46.0,17.717391304347824,94.0007638451327,0.8049661238547199
815,815.0,0.7841190464957297,0.8426,0.0011580760820172613,0.4255513050036036,0.0,-0.03476482617586907,46.0,17.73913043478261,101.96826196562142,0.8202054935533332
816,816.0,0.7851125960351596,0.8426,0.0011618142120858297,0.42668168851089716,0.0,-0.03349673202614367,46.0,17.76086956521739,93.7192765898333,0.8043803366774799
817,817.0,0.7861009979460117,0.8426,0.0011655004930838063,0.4278087678678245,0.0,-0.032231742146062725,46.0,17.782608695652176,91.86361344411296,0.8004287808198751
818,818.0,0.7870842710669873,0.8426,0.0011691346912352867,0.4289365607585702,0.0,-0.030969845150774278,46.0,17.804347826086957,87.63259332330749,0.7907932124558358
819,819.0,0.7880624342817928,0.8426,0.001172716582448931,0.4300801494376991,0.0,-0.02971102971102968,46.0,17.82608695652174,90.65887150775784,0.7977767312957947
820,820.0,0.7890355065179979,0.8426,0.0011762459522891117,0.4312483625779247,0.0,-0.028455284552845406,46.0,17.847826086956523,87.80153764660031,0.7911957600660174
821,821.0,0.7900035067458883,0.8426,0.0011797225959443317,0.4324453800907902,0.0,-0.027202598457165994,46.0,17.869565217391305,96.93675107103272,0.8108732433182215
822,822.0,0.790966453977324,0.8426,0.001183146318192989,0.4336553136723239,0.0,-0.025952960259529645,46.0,17.891304347826086,88.49592004905612,0.7928341405663608
823,823.0,0.7919243672645816,0.8426,0.0011865169333664788,0.4348719727140188,0.0,-0.02470635884973671,46.0,17.91304347826087,89.0112704701684,0.7940335730914251
824,824.0,0.7928772656992247,0.8426,0.0011898342653097176,0.43609926399735055,0.0,-0.023462783171521062,46.0,17.934782608695652,98.75240946625658,0.8143505213450232
825,825.0,0.7938251684109425,0.8426,0.0011930981473391542,0.43733244161899215,1.0,-0.022222222222222143,46.0,17.956521739130434,83.17535857720972,0.7795821545354092
826,826.0,0.7787270671490285,0.8426,0.0011416953363972894,0.420837696935465,0.0,-0.043179983857949855,47.0,17.595744680851062,93.09797098507939,0.8030748346140478
827,827.0,0.7797360688820547,0.8426,0.0011457215723939436,0.42187901914647014,0.0,-0.041918581217251116,47.0,17.617021276595743,92.73947357355304,0.8023135928327985
828,828.0,0.7807399929506328,0.8426,0.0011496979587483453,0.42294212432347705,0.0,-0.0406602254428341,47.0,17.638297872340427,95.26950142093546,0.8075634588205729
829,829.0,0.7817388565025806,0.8426,0.001153624205625661,0.4240111834402949,0.0,-0.03940490550864495,47.0,17.659574468085108,94.88293188321896,0.8067794389416862
830,830.0,0.7827326767387993,0.8426,0.001157500032759272,0.42508970008022395,0.0,-0.03815261044176688,47.0,17.680851063829788,92.42594952373736,0.801643007966882
831,831.0,0.7837214709123281,0.8426,0.0011613251694416813,0.4261824054233358,0.0,-0.03690332932210194,47.0,17.70212765957447,89.1578560355089,0.7943722051141324
832,832.0,0.7847052563273915,0.8426,0.001165099354512491,0.4272908135224183,0.0,-0.03565705128205132,47.0,17.72340425531915,96.20248933879223,0.8094297407547365
833,833.0,0.7856840503384419,0.8426,0.001168822336343489,0.4283984797176484,0.0,-0.034413765506202454,47.0,17.74468085106383,87.70835180655368,0.7909739157592579
834,834.0,0.7866578703492073,0.8426,0.0011724938728208804,0.42950265859550846,0.0,-0.033173461231015056,47.0,17.76595744680851,97.09945732392923,0.8111901565816964
835,835.0,0.787626733811724,0.8426,0.001176113731324715,0.43060504106939623,0.0,-0.031936127744510934,47.0,17.78723404255319,86.53966137607618,0.7881510853889062
836,836.0,0.788590658225378,0.8426,0.0011796816887055747,0.43172355133819773,0.0,-0.030701754385964897,47.0,17.80851063829787,92.11759057581972,0.8009790180275762
837,837.0,0.789549661135933,0.8426,0.0011831975312585077,0.43285502686578325,0.0,-0.02947033054559922,47.0,17.829787234042552,89.18355616292212,0.7944314611110408
838,838.0,0.7905037601345596,0.8426,0.001186661054694352,0.4340122348919348,0.0,-0.028241845664279897,47.0,17.851063829787233,92.52719148546448,0.8018600474195372
839,839.0,0.7914529728568583,0.8426,0.00119007206410839,0.43518392066412603,0.0,-0.027016289233213975,47.0,17.872340425531913,89.30207131781553,0.7947042765885333
840,840.0,0.7923973169818769,0.8426,0.0011934303739464746,0.43637256877056463,0.0,-0.025793650793650702,47.0,17.893617021276597,96.4466560009864,0.8099121929831778
841,841.0,0.7933368102311272,0.8426,0.0011967358079685987,0.43757611590564893,0.0,-0.02457391993658331,47.0,17.914893617021278,97.58778590611055,0.8121349596867391
842,842.0,0.7942714703675868,0.8426,0.0011999881992100245,0.43878946213809533,1.0,-0.023357086302454366,47.0,17.93617021276596,85.67496999732563,0.7860129588150937
843,843.0,0.7793765883900209,0.8426,0.0011487414030177626,0.4227288435547366,0.0,-0.043890865954922864,48.0,17.583333333333332,97.72056063045012,0.812390215374792
844,844.0,0.7803703360409616,0.8426,0.0011527511481564112,0.4237455252750217,0.0,-0.04265402843601884,48.0,17.604166666666668,94.36633486135382,0.8057216764827279
845,845.0,0.7813591789857662,0.8426,0.001156711426953479,0.4247701074059389,0.0,-0.041420118343195256,48.0,17.625,98.8033555643716,0.8144462480184801
846,846.0,0.782343133074999,0.8426,0.0011606219519273385,0.42581677933180834,0.0,-0.04018912529550822,48.0,17.645833333333332,103.74735728332044,0.8232886715054591
847,847.0,0.7833222142133213,0.8426,0.0011644824449449287,0.42686872558265065,0.0,-0.03896103896103886,48.0,17.666666666666668,92.36327963595201,0.8015084197357024
848,848.0,0.7842964383587127,0.8426,0.0011682926372148324,0.4279379852756968,0.0,-0.037735849056603765,48.0,17.6875,94.329668829093,0.8056461603130425
849,849.0,0.7852658215216988,0.8426,0.001172052269277485,0.4290087252462439,0.0,-0.036513545347467424,48.0,17.708333333333332,87.74870170765003,0.7910700332135511
850,850.0,0.7862303797645724,0.8426,0.0011757610909925824,0.43009836148374486,1.0,-0.0352941176470587,48.0,17.729166666666668,84.56107714592065,0.7831941839896754
851,851.0,0.7709717072944055,0.8286,0.001123606331522533,0.4161534031106782,0.0,-0.05562083822953379,49.0,17.387755102040817,100.51895864705524,0.8176131788461338
852,852.0,0.771994052098405,0.8286,0.0011271829125850754,0.41707099950707055,0.0,-0.0543818466353676,49.0,17.408163265306122,91.33592125152268,0.7992757604880709
853,853.0,0.7730115274730657,0.8286,0.001130707027662758,0.41799080390248683,0.0,-0.05314576006252447,49.0,17.428571428571427,92.03745164032493,0.800805726293047
854,854.0,0.7740241475433048,0.8286,0.0011341784227469924,0.4189079999528128,0.0,-0.051912568306010876,49.0,17.448979591836736,99.11000526502896,0.8150203575884355
855,855.0,0.775031926494099,0.8286,0.0011375968538640015,0.4198351900835083,0.0,-0.050682261208576884,49.0,17.46938775510204,91.34454567472505,0.7992947121482465
856,856.0,0.776034878569945,0.8286,0.0011409620870594585,0.4207653578899735,0.0,-0.049454828660436156,49.0,17.489795918367346,85.68842580483577,0.7860465615847654
857,857.0,0.7770330180743186,0.8286,0.0011442738983800747,0.4217017815993694,0.0,-0.048230260598988606,49.0,17.510204081632654,89.20975109712627,0.7944918228347808
858,858.0,0.7780263593691149,0.8426,0.0011475788418095114,0.4226565030885743,0.0,-0.047008547008547064,49.0,17.53061224489796,90.76057951219678,0.7980033464763232
859,859.0,0.7790149168740954,0.8426,0.0011516703813175277,0.4236330833275896,0.0,-0.045789677920062166,49.0,17.551020408163264,89.22465835953227,0.7945261582346569
860,860.0,0.7799987050663159,0.8426,0.001155713427305719,0.42461963139614683,0.0,-0.04457364341085279,49.0,17.571428571428573,87.07233635148533,0.7894470953515353
861,861.0,0.7809777384795481,0.8426,0.0011597076762361873,0.4256060112912953,0.0,-0.043360433604335835,49.0,17.591836734693878,94.58608818182982,0.806173046314276
862,862.0,0.781952031703699,0.8426,0.0011636528337102398,0.426601207032824,0.0,-0.04215003866976019,49.0,17.612244897959183,89.19019040525377,0.7944467519350267
863,863.0,0.7829215993842068,0.8426,0.001167548614469123,0.42760798459743576,0.0,-0.04094244882193876,49.0,17.632653061224488,97.26424874885664,0.8115100505153612
864,864.0,0.783886456221444,0.8426,0.001171394742391892,0.42863874336688196,0.0,-0.039737654320987525,49.0,17.653061224489797,94.85423738865524,0.8067209875061835
865,865.0,0.7848466169700946,0.8426,0.0011751909504904995,0.42968141627989687,0.0,-0.038535645472061564,49.0,17.6734693877551,86.43618446264422,0.7878974708646864
866,866.0,0.7858020964385342,0.8426,0.0011789369809021154,0.43072821414048285,0.0,-0.03733641262509613,49.0,17.693877551020407,87.68363276485933,0.7909149888611741
867,867.0,0.7867529094881888,0.8426,0.0011826325848786894,0.43178065030921636,0.0,-0.03613994617454819,49.0,17.714285714285715,98.53108345771605,0.8139335051440801
868,868.0,0.7876990710328937,0.8426,0.0011862775227738417,0.4328403492353646,0.0,-0.034946236559139754,49.0,17.73469387755102,88.51717899884228,0.792883895073372
869,869.0,0.7886405960382283,0.8426,0.0011898715640271094,0.43390477789938553,0.0,-0.033755274261603185,49.0,17.755102040816325,94.54854944178194,0.8060960909334517
870,870.0,0.7895774995208543,0.8426,0.0011934144871455397,0.4349804834914624,0.0,-0.03256704980842895,49.0,17.775510204081634,96.54789638054325,0.8101115195604827
871,871.0,0.7905097965478325,0.8426,0.0011969060796827471,0.4360549198190412,0.0,-0.03138155376961338,49.0,17.79591836734694,90.64903100763706,0.7977547787379131
872,872.0,0.7914375022359287,0.8426,0.001200346138215425,0.43715546394842975,0.0,-0.030198776758409762,49.0,17.816326530612244,91.47312289666365,0.7995768292064945
873,873.0,0.7923606317509221,0.8426,0.0012037344683173427,0.438267331460953,0.0,-0.029018709431080536,49.0,17.836734693877553,91.36258074247668,0.7993343315792554
874,874.0,0.7932792003068768,0.8426,0.0012070708845309454,0.4393825007982193,0.0,-0.027841342486651266,49.0,17.857142857142858,90.15617260350731,0.7966491610734137
875,875.0,0.7941932231654307,0.8426,0.001210355210336489,0.44051712519453473,1.0,-0.026666666666666616,49.0,17.877551020408163,86.74288013860664,0.7886473990252749
876,876.0,0.7796254291485541,0.8426,0.0011585855703725586,0.42552463189326084,0.0,-0.04642313546423127,50.0,17.54,97.98681570854757,0.8128999988338831
877,877.0,0.7805948549798913,0.8426,0.0011626137045965496,0.4264889434868801,0.0,-0.0452299505891296,50.0,17.56,93.38507096418321,0.8036802548411097
878,878.0,0.7815596837704546,0.8426,0.0011665934063269784,0.42745921533375997,0.0,-0.044039483675018865,50.0,17.58,105.0495433407853,0.8254791715385263
879,879.0,0.782519928989852,0.8426,0.0011705243834719322,0.42842669882266293,0.0,-0.04285172544558202,50.0,17.6,86.9149726185053,0.789065879203534
880,880.0,0.7834756041637497,0.8426,0.0011744063528751803,0.4294031472094451,0.0,-0.04166666666666652,50.0,17.62,98.50210268440395,0.8138787616334195
881,881.0,0.7844267228734116,0.8426,0.0011782390403158635,0.43039717129037,0.0,-0.04048429814604604,50.0,17.64,92.9073065169192,0.802670704590982
882,882.0,0.785373298755209,0.8426,0.0011820221805054377,0.43141196904667,0.0,-0.039304610733182255,50.0,17.66,91.23587921664709,0.799055662194044
883,883.0,0.7863153455001288,0.8426,0.0011857555170819377,0.4324361268156887,0.0,-0.03812759531898813,50.0,17.68,93.10980569275617,0.8030998647572127
884,884.0,0.7872528768532631,0.8426,0.00118943880260161,0.43346399110897144,0.0,-0.036953242835595645,50.0,17.7,94.09200994431254,0.805155258728305
885,885.0,0.7881859066132859,0.8426,0.0011930717985278716,0.4344937539065787,0.0,-0.03578154425612046,50.0,17.72,90.507827915414,0.7974392518792172
886,886.0,0.7891144486319184,0.8426,0.0011966542752177432,0.43553454155832183,0.0,-0.03461249059443183,50.0,17.74,87.34463536384425,0.7901034991220274
887,887.0,0.7900385168133812,0.8426,0.0012001860119056904,0.4365930208409765,1.0,-0.03344607290492285,50.0,17.76,86.00785232761399,0.7868411681354451
888,888.0,0.775365933024058,0.8286,0.0011493113343435577,0.4228923866984916,0.0,-0.052927927927928,51.0,17.431372549019606,89.84628845058852,0.7959477942885103
889,889.0,0.7763439038594663,0.8286,0.0011526899600332746,0.4237839919197631,1.0,-0.05174353205849269,51.0,17.45098039215686,81.8383616643685,0.7759811785025572
890,890.0,0.7610086809392149,0.802,0.0011212063719892608,0.4126143893986901,0.0,-0.07116104868913853,52.0,17.134615384615383,89.90801241647459,0.7960878809286861
891,891.0,0.7620392111937869,0.802,0.0011237463774833,0.4133560948213921,0.0,-0.06995884773662531,52.0,17.153846153846153,88.2136936102522,0.79217134457226
892,892.0,0.7630652208431794,0.802,0.0011262279948996757,0.41411191811242987,0.0,-0.06875934230194325,52.0,17.173076923076923,90.67974515183849,0.7978232812340272
893,893.0,0.7640867201868888,0.802,0.001128651097934813,0.4148902646658177,0.0,-0.06756252332960067,52.0,17.192307692307693,84.58857430371913,0.7832646609280035
894,894.0,0.7651037195828639,0.802,0.0011310155711448497,0.4156733796579616,0.0,-0.06636838180462323,52.0,17.21153846153846,90.58188457731656,0.7976048586438402
895,895.0,0.7661162294475351,0.802,0.001133321309897161,0.4164721122968167,0.0,-0.06517690875232773,52.0,17.23076923076923,82.56448424598874,0.7779513370578097
896,896.0,0.7671242602558468,0.802,0.0011355682203186897,0.4172717867217132,0.0,-0.06398809523809512,52.0,17.25,93.26725901038441,0.8034322705753356
897,897.0,0.7681278225412582,0.802,0.0011377562192413017,0.41809328340954854,0.0,-0.0628019323671496,52.0,17.26923076923077,87.66257900310703,0.7908647732953015
898,898.0,0.7691269268957552,0.802,0.0011398852341440802,0.4189229261213356,0.0,-0.06161841128433543,52.0,17.28846153846154,97.39397086289985,0.8117611062481381
899,899.0,0.7701215839698322,0.802,0.0011419552030927092,0.4197585089044425,0.0,-0.06043752317389672,52.0,17.307692307692307,88.3583995854075,0.7925117089110212
900,900.0,0.7711118044724753,0.802,0.0011439660746759691,0.4205955591032582,0.0,-0.05925925925925912,52.0,17.326923076923077,94.45998363278706,0.8059142863648577
901,901.0,0.7720975991711243,0.802,0.0011459178079394005,0.4214206834547365,0.0,-0.05808361080281155,52.0,17.346153846153847,96.88480975150651,0.8107718497837246
902,902.0,0.7730789788916254,0.802,0.0011478103723162275,0.4222535896444385,0.0,-0.05691056910569103,52.0,17.365384615384617,93.05169613698384,0.8029769032222223
903,903.0,0.7740559545181659,0.8286,0.0011499020893381093,0.42310590818592975,0.0,-0.05574012550756735,52.0,17.384615384615383,89.38615417870544,0.7948973920873653
904,904.0,0.7750285369932002,0.8286,0.001153365885850322,0.4239744662192705,0.0,-0.054572271386430504,52.0,17.403846153846153,93.96962303404001,0.8049014911266359
905,905.0,0.775996737317358,0.8286,0.0011567779834397985,0.42484694608818496,0.0,-0.05340699815837935,52.0,17.423076923076923,91.9070460402099,0.8005230923719125
906,906.0,0.7769605665493382,0.8286,0.001160138146178618,0.42572613757258937,0.0,-0.05224429727740976,52.0,17.442307692307693,86.07984204990473,0.7870194357152213
907,907.0,0.7779200358057862,0.8286,0.00116344614752439,0.4265972040913949,0.0,-0.051084160235207676,52.0,17.46153846153846,85.99729258504044,0.786814994027818
908,908.0,0.7788751562611559,0.8286,0.0011667017703074543,0.42748131987672755,0.0,-0.04992657856093974,52.0,17.48076923076923,91.58028784928332,0.7998113593669295
909,909.0,0.7798259391475604,0.8286,0.0011699048067152847,0.42837459871807515,0.0,-0.04877154382104876,52.0,17.5,92.8850103372688,0.8026233375356869
910,910.0,0.7807723957545993,0.8286,0.0011730550582741608,0.4292721788802867,0.0,-0.04761904761904745,52.0,17.51923076923077,86.88142807134584,0.788984438443182
911,911.0,0.7817145374291716,0.8426,0.001176207543613761,0.4301812255170192,0.0,-0.0464690815953166,52.0,17.53846153846154,91.48085172097403,0.7995937620995061
912,912.0,0.7826523755752803,0.8426,0.0011801608282466908,0.4311005735813141,0.0,-0.04532163742690054,52.0,17.557692307692307,89.79156656600784,0.7958234382751739
913,913.0,0.7835859216538078,0.8426,0.0011840660994932714,0.4320345492834299,0.0,-0.04417670682730912,52.0,17.576923076923077,91.72325062613187,0.8001233797517618
914,914.0,0.78451518718228,0.8426,0.0011879230780766099,0.4329680038584644,0.0,-0.0430342815463165,52.0,17.596153846153847,99.48096530248317,0.8157101383406489
915,915.0,0.785440183734618,0.8426,0.001191731493273029,0.43390745706283396,0.0,-0.041894353369763104,52.0,17.615384615384617,96.18117274906317,0.8093875047545425
916,916.0,0.7863609229408632,0.8426,0.0011954910829124166,0.4348624153675394,0.0,-0.040756914119359555,52.0,17.634615384615383,93.10764624975442,0.8030952980579542
917,917.0,0.7872774164868995,0.8426,0.0011992015933760317,0.435822557241641,0.0,-0.03962195565248994,52.0,17.653846153846153,92.57093396215767,0.8019536743484962
918,918.0,0.788189676114139,0.8426,0.0012028627795918011,0.43680517513497324,0.0,-0.038489469862018844,52.0,17.673076923076923,86.89194450874075,0.7890099774267438
919,919.0,0.7890977136192076,0.8426,0.00120647440502713,0.43778935980211175,0.0,-0.037359448676097085,52.0,17.692307692307693,91.94953796475048,0.8006152750831489
920,920.0,0.790001540853607,0.8426,0.0012100362416792674,0.43878150000510474,0.0,-0.03623188405797095,52.0,17.71153846153846,104.27174014757692,0.8241773532561558
921,921.0,0.7909011697233559,0.8426,0.001213548070063253,0.4397841787423622,0.0,-0.0351067680057906,52.0,17.73076923076923,90.70471448408047,0.797878936749743
922,922.0,0.7917966121886241,0.8426,0.0012170096791974843,0.4407994797059142,0.0,-0.033984092552422185,52.0,17.75,104.35357062172291,0.824315227317033
923,923.0,0.7926878802633395,0.8426,0.0012204208665869442,0.4418320633365064,0.0,-0.032863849765258246,52.0,17.76923076923077,92.10237504715053,0.8009461392939342
924,924.0,0.7935749860147809,0.8426,0.0012237814382040904,0.4428725933074267,0.0,-0.03174603174603163,52.0,17.78846153846154,89.31693765547872,0.7947384469891892
925,925.0,0.7944579415631622,0.8426,0.0012270912084674916,0.4439160452652943,0.0,-0.03063063063063054,52.0,17.807692307692307,92.25288314191273,0.8012708903077734
926,926.0,0.795336759081186,0.8426,0.0012303500002182135,0.4449667053474685,0.0,-0.029517638588912876,52.0,17.826923076923077,95.99166716556329,0.8090111998814168
927,927.0,0.7962114507935932,0.8426,0.0012335576446939678,0.4460297723723279,0.0,-0.028407047824523524,52.0,17.846153846153847,91.31892674648405,0.7992384055911038
928,928.0,0.7970820289766893,0.8426,0.001236713981501164,0.44710157124397015,0.0,-0.027298850574712485,52.0,17.865384615384617,91.11593673853977,0.7987911446716347
929,929.0,0.7979485059578563,0.8426,0.001239818858584734,0.44818348986585893,1.0,-0.026193039110154137,52.0,17.884615384615383,88.09149898186331,0.7918830585785822
930,930.0,0.7840863466130701,0.8426,0.0011907400708382567,0.4338086190774759,0.0,-0.04480286738351258,53.0,17.566037735849058,93.39761456088793,0.8037066212073175
931,931.0,0.7850030464620307,0.8426,0.0011945857924150483,0.4347283629634758,0.0,-0.04368063014679535,53.0,17.58490566037736,91.43172008771846,0.7994860720574374
932,932.0,0.7859156113124243,0.8426,0.0011983832990371,0.43565441239986336,0.0,-0.04256080114449201,53.0,17.60377358490566,93.71610526397471,0.8043737169647315
933,933.0,0.7868240518950993,0.8426,0.0012021323299669614,0.43658940512743627,0.0,-0.041443372633083175,53.0,17.62264150943396,86.63616767560758,0.7883870694514217
934,934.0,0.787728378997058,0.8426,0.0012058326328410504,0.43752191562068754,0.0,-0.040328336902212714,53.0,17.641509433962263,94.01938299678109,0.805004747436377
935,935.0,0.7886286034612388,0.8426,0.0012094839636666156,0.43846264757319253,0.0,-0.039215686274509665,53.0,17.660377358490567,92.71269002531949,0.8022564836774063
936,936.0,0.7895247361862667,0.8426,0.0012130860868163071,0.43942496556964256,0.0,-0.038105413105413044,53.0,17.67924528301887,97.20343040952815,0.8113921159356918
937,937.0,0.7904167881262113,0.8426,0.0012166387750203167,0.4403983607082491,0.0,-0.03699750978299532,53.0,17.69811320754717,98.44387670727609,0.8137686776817242
938,938.0,0.7913047702902988,0.8426,0.0012201418093562176,0.44138120755069066,1.0,-0.03589196872778966,53.0,17.71698113207547,86.37504460585757,0.7877473358538787
939,939.0,0.7771848214376468,0.8286,0.0011715220001051838,0.4286993589132979,0.0,-0.054313099041533475,54.0,17.40740740740741,87.3289858651929,0.7900658853220403
940,940.0,0.7781217575826507,0.8286,0.001174847913384438,0.42954144468679495,0.0,-0.05319148936170204,54.0,17.425925925925927,93.37107183986238,0.8036508206227275
941,941.0,0.7790546096051636,0.8286,0.0011781223194151857,0.43039070176842703,0.0,-0.0520722635494153,54.0,17.444444444444443,90.00758287536465,0.7963134577370011
942,942.0,0.7799833869460333,0.8286,0.0011813450049292223,0.43124100347671707,0.0,-0.05095541401273884,54.0,17.462962962962962,93.64743190197098,0.8042302606597429
943,943.0,0.7809080991028966,0.8286,0.001184515765639414,0.43210128378667917,0.0,-0.049840933191940495,54.0,17.48148148148148,92.38951494215863,0.8015647842202538
944,944.0,0.7818287556301844,0.8286,0.0011876344062248688,0.4329624467213863,0.0,-0.048728813559322015,54.0,17.5,86.73364777401254,0.7886249015941142
945,945.0,0.7827453661391036,0.8286,0.0011907007403135605,0.4338288425055413,0.0,-0.04761904761904745,54.0,17.51851851851852,98.88923362348507,0.8146073878665455
946,946.0,0.7836579402976102,0.8286,0.0011937145904624077,0.4347024375543123,0.0,-0.046511627906976605,54.0,17.537037037037038,93.98051326218581,0.8049240986566311
947,947.0,0.7845664878303497,0.8426,0.0011973518114064363,0.43558038033439384,0.0,-0.04540654699049629,54.0,17.555555555555557,93.67720628937428,0.8042924841641774
948,948.0,0.7854710185185874,0.8426,0.0012011870534380466,0.4364729438833214,0.0,-0.04430379746835422,54.0,17.574074074074073,89.05488650907301,0.7941344484059781
949,949.0,0.7863715422001242,0.8426,0.0012049744221627676,0.4373865734119722,0.0,-0.043203371970495175,54.0,17.59259259259259,86.6219273507837,0.7883522810674627
950,950.0,0.7872680687691758,0.8426,0.0012087136581995558,0.43830219349602006,0.0,-0.042105263157894646,54.0,17.61111111111111,90.54976072957096,0.7975330560167213
951,951.0,0.7881606081762493,0.8426,0.0012124045103699193,0.43921995001641545,1.0,-0.04100946372239744,54.0,17.62962962962963,86.35499955335194,0.7876980669543445
952,952.0,0.7740082384296377,0.802,0.0011699696993731027,0.42745927777765447,0.0,-0.05917366946778713,55.0,17.327272727272728,96.4274156073948,0.8098742643069717
953,953.0,0.7749482823980502,0.802,0.0011717783311228033,0.42824601013985175,0.0,-0.05806225953130473,55.0,17.345454545454544,95.92410013719794,0.8088766711690638
954,954.0,0.7758843367292334,0.802,0.001173528834962884,0.4290302848037492,0.0,-0.05695317959468893,55.0,17.363636363636363,90.12515817067352,0.7965791827115045
955,955.0,0.7768164098641566,0.8286,0.0011754421339117984,0.4298219072169121,0.0,-0.055846422338568846,55.0,17.381818181818183,88.693773372429,0.793296275079527
956,956.0,0.7777445102995321,0.8286,0.0011788031560211638,0.4306136670769271,0.0,-0.05474198047419798,55.0,17.4,90.29134454845985,0.7969535903467055
957,957.0,0.7786686465879714,0.8286,0.001182113208149344,0.43142048588422377,0.0,-0.05363984674329503,55.0,17.418181818181818,91.94638863045405,0.8006084457866238
958,958.0,0.7795888273381134,0.8286,0.0011853720700042924,0.4322527178549642,0.0,-0.05254001391788443,55.0,17.436363636363637,87.64413493399857,0.7908207623118254
959,959.0,0.7805050612147362,0.8286,0.0011885795301079813,0.43308780000353875,0.0,-0.05144247480013897,55.0,17.454545454545453,91.08744650028552,0.7987282107718777
960,960.0,0.7814173569388526,0.8286,0.0011917353857856582,0.43393325146264045,0.0,-0.0503472222222221,55.0,17.472727272727273,103.15390863932666,0.8222720440246712
961,961.0,0.7823257232877775,0.8286,0.0011948394431526216,0.43477928278363254,0.0,-0.04925424904613229,55.0,17.490909090909092,94.70561536333324,0.8064176737250643
962,962.0,0.7832301690951853,0.8286,0.001197891517098499,0.4356304093241256,0.0,-0.048163548163548064,55.0,17.509090909090908,92.07691646826137,0.800891102389894
963,963.0,0.7841307032511438,0.8286,0.0012008914312690755,0.4364873954688282,0.0,-0.0470751124956732,55.0,17.527272727272727,95.29662281338926,0.8076182262068842
964,964.0,0.7850273347021238,0.8426,0.0012039029700897739,0.4373475077281423,1.0,-0.04598893499308421,55.0,17.545454545454547,83.9887013350944,0.7817166709104382
965,965.0,0.7708499620237416,0.802,0.0011701690655302006,0.4263465468062911,0.0,-0.06390328151986169,56.0,17.25,90.08820499842385,0.7964957417715883
966,966.0,0.7717926408951534,0.802,0.001172182457144459,0.4271125017471532,0.0,-0.0628019323671496,56.0,17.267857142857142,89.3387856704654,0.7947886441958415
967,967.0,0.7727314255136168,0.802,0.0011741381760093704,0.42788235524815943,0.0,-0.06170286108238532,56.0,17.285714285714285,91.15446810443504,0.7988761964764145
968,968.0,0.7736663233848377,0.802,0.0011760361782047412,0.4286525739566807,0.0,-0.06060606060606055,56.0,17.303571428571427,94.44787729634999,0.80588940844262
969,969.0,0.7745973420683574,0.802,0.0011778764294552357,0.4294307879935082,0.0,-0.05951152390780856,56.0,17.321428571428573,88.0894955370104,0.7918783253148423
970,970.0,0.7755244891778387,0.802,0.001179658905071069,0.43020426521717464,0.0,-0.05841924398625431,56.0,17.339285714285715,87.22732912015735,0.7898212232535653
971,971.0,0.7764477723813369,0.802,0.0011813835898863022,0.4309709105886652,0.0,-0.05732921386886369,56.0,17.357142857142858,100.58499197966852,0.8177329144984264
972,972.0,0.7773671994015486,0.802,0.0011830504781947513,0.4317430496734862,0.0,-0.056241426611796985,56.0,17.375,91.57645353634842,0.7998029774536258
973,973.0,0.7782827780160441,0.8286,0.0011860260960410024,0.432518879346794,0.0,-0.05515587529976007,56.0,17.392857142857142,95.62324518198488,0.8082753487560232
974,974.0,0.7791945160574754,0.8286,0.001189321082970184,0.4332979707611217,0.0,-0.054072553045859006,56.0,17.410714285714285,91.71592630130179,0.8001074178425093
975,975.0,0.7801024214137701,0.8286,0.0011925651902618742,0.4340972626031163,0.0,-0.052991452991453025,56.0,17.428571428571427,94.24093314372224,0.8054631599904252
976,976.0,0.7810065020282998,0.8286,0.0011957582081308794,0.4349183398629807,0.0,-0.051912568306010876,56.0,17.446428571428573,88.71753065285304,0.7933516273680938
977,977.0,0.7819067659000345,0.8286,0.0011988999354237606,0.43574502223360645,0.0,-0.050835892186966936,56.0,17.464285714285715,89.57638596928315,0.7953329648773723
978,978.0,0.7828032210836692,0.8286,0.0012019901796071412,0.43657421705493,0.0,-0.04976141785957733,56.0,17.482142857142858,101.28355426313512,0.8189900278805061
979,979.0,0.7836958756897398,0.8286,0.001205028756753527,0.43741488191391503,0.0,-0.04868913857677892,56.0,17.5,93.51931149080337,0.803962058305613
980,980.0,0.7845847378847083,0.8286,0.0012080154915247955,0.4382579114361472,0.0,-0.04761904761904745,56.0,17.517857142857142,95.79215453561984,0.8086134149272509
981,981.0,0.7854698158910369,0.8286,0.0012109502171533035,0.43910644220459044,0.0,-0.04655113829425739,56.0,17.535714285714285,86.7227023629934,0.7885982236047502
982,982.0,0.7863511179872352,0.8426,0.0012142115891527283,0.4399607260998103,0.0,-0.04548540393754252,56.0,17.553571428571427,91.99924615826875,0.8007230048190394
983,983.0,0.7872286525078942,0.8426,0.0012179808625415829,0.44082044758692635,0.0,-0.04442183791115628,56.0,17.571428571428573,96.58228126533854,0.8101791229908254
984,984.0,0.7881024278436899,0.8426,0.0012217026699353722,0.4416840722074795,0.0,-0.043360433604335835,56.0,17.589285714285715,90.80569459465386,0.798103704672144
985,985.0,0.7889724524413776,0.8426,0.0012253767623354353,0.44256444079154067,0.0,-0.042301184433163996,56.0,17.607142857142858,89.02798714092032,0.794072247142756
986,986.0,0.7898387348037597,0.8426,0.0012290028986216334,0.4434476289028976,1.0,-0.041244083840432655,56.0,17.625,84.06168304116107,0.7819061828162974
987,987.0,0.7760791234170453,0.802,0.0011874879624444216,0.43213786846507896,0.0,-0.058763931104356626,57.0,17.333333333333332,93.91481635690837,0.8047876358117935
988,988.0,0.7769900333009452,0.802,0.0011891876713108305,0.4328934398514268,0.0,-0.05769230769230771,57.0,17.350877192982455,101.63694591283388,0.8196193995335475
989,989.0,0.7778972064701091,0.802,0.0011908299138846605,0.43364570920432527,0.0,-0.0566228513650151,57.0,17.36842105263158,87.41825070436163,0.7902802540017125
990,990.0,0.7788006500338366,0.8286,0.0011931924650443212,0.43440612818066937,0.0,-0.05555555555555558,57.0,17.385964912280702,89.57060164970702,0.7953197478227132
991,991.0,0.7797003711556437,0.8286,0.0011964731502025847,0.43516731907263895,0.0,-0.0544904137235116,57.0,17.403508771929825,87.13128795340444,0.7895895519972398
992,992.0,0.7805963770535106,0.8286,0.001199703260294672,0.4359389592960417,0.0,-0.05342741935483852,57.0,17.42105263157895,97.0803996209608,0.8111530916136139
993,993.0,0.7814886750001026,0.8286,0.0012028825871373623,0.4367352100297556,0.0,-0.05236656596173206,57.0,17.43859649122807,92.24435395421033,0.8012525152224068
994,994.0,0.7823772723229664,0.8286,0.001206010931013624,0.43754045114689055,1.0,-0.05130784708249503,57.0,17.45614035087719,83.85646254603525,0.7813724455253671
995,995.0,0.7683589214568155,0.802,0.001177619436139201,0.4274720939384952,0.0,-0.06867671691792299,58.0,17.17241379310345,89.13921315434239,0.7943291994109303
996,996.0,0.7692907214482486,0.802,0.001179807982236856,0.42815618055218374,0.0,-0.06760374832663985,58.0,17.189655172413794,87.70759852979387,0.7909721205386147
997,997.0,0.7702188429229399,0.802,0.0011819397542833703,0.4288674417167596,0.0,-0.06653293212972233,58.0,17.20689655172414,85.69285460627017,0.7860576191846003
998,998.0,0.7711432919053893,0.802,0.0011840146737588841,0.4295918993873712,0.0,-0.06546426185704735,58.0,17.224137931034484,95.55748067432232,0.8081434001403119
999,999.0,0.7720640744699617,0.802,0.0011860326716234008,0.43033239935333994,0.0,-0.06439773106439772,58.0,17.24137931034483,93.69111574038526,0.8043215390439543
1000,1000.0,0.7729811967413392,0.802,0.001187993688271321,0.43107437374614277,0.0,-0.06333333333333324,58.0,17.25862068965517,92.97329472273158,0.8028107599283463
1001,1001.0,0.7738946648949682,0.802,0.0011898976734835073,0.43181208981662367,0.0,-0.06227106227106227,58.0,17.275862068965516,97.02936725412518,0.8110537680275979
1002,1002.0,0.7748044851574826,0.802,0.001191744586376921,0.4325554622704095,0.0,-0.06121091151031277,58.0,17.29310344827586,89.105301709416,0.7942509257965287
1003,1003.0,0.7757106638071051,0.802,0.0011935343953518804,0.43330404202217765,0.0,-0.06015287470920572,58.0,17.310344827586206,85.56676342010435,0.7857423536832547
1004,1004.0,0.7766132071740299,0.802,0.0011952670780369613,0.4340510807174978,0.0,-0.059096945551128766,58.0,17.32758620689655,96.17670519454148,0.8093786505136605
1005,1005.0,0.7775121216407951,0.802,0.001196942621231635,0.43479158709092147,0.0,-0.05804311774461013,58.0,17.344827586206897,99.45500184862827,0.8156620281276864
1006,1006.0,0.7784074136426149,0.802,0.001198561020846636,0.4355285075078302,0.0,-0.05699138502319401,58.0,17.362068965517242,99.26224732941664,0.815304067492131
1007,1007.0,0.779299089667713,0.8286,0.0012003038200249375,0.43627420427529395,0.0,-0.055941741145316026,58.0,17.379310344827587,86.20620952353063,0.7873316384670745
1008,1008.0,0.7801871562576217,0.8286,0.0012035709360145165,0.43701821486641723,0.0,-0.05489417989417977,58.0,17.396551724137932,83.51252575130326,0.7804720529237827
1009,1009.0,0.7810716200074687,0.8286,0.0012067877757057106,0.43776997803393,0.0,-0.053848695077634456,58.0,17.413793103448278,88.40121009096647,0.7926121903255849
1010,1010.0,0.781952487566236,0.8286,0.0012099541324324028,0.43853646483753606,0.0,-0.05280528052805278,58.0,17.43103448275862,93.34198643903682,0.8035896381388119
1011,1011.0,0.7828297656370095,0.8286,0.0012130698078346533,0.4393229363464537,0.0,-0.05176393010220903,58.0,17.448275862068964,94.48610216783851,0.8059679369483643
1012,1012.0,0.7837034609771933,0.8286,0.0012161346118497196,0.4401165469067736,0.0,-0.050724637681159424,58.0,17.46551724137931,91.16837563769309,0.7989068774660332
1013,1013.0,0.7845735803987216,0.8286,0.001219148362700799,0.44092622725499464,0.0,-0.049687397170121717,58.0,17.482758620689655,90.46939228989774,0.7973531946076693
1014,1014.0,0.7854401307682287,0.8286,0.0012221108868835347,0.4417513378368675,0.0,-0.04865220249835622,58.0,17.5,93.26803047599019,0.8034338964833952
1015,1015.0,0.7863031190072219,0.8286,0.0012250220191502464,0.4425757975327591,0.0,-0.04761904761904745,58.0,17.517241379310345,93.15683913720383,0.8031992765841752
1016,1016.0,0.7871625520922111,0.8286,0.0012278816024919907,0.4434032880207153,0.0,-0.04658792650918642,58.0,17.53448275862069,86.83536366816074,0.7888724989579853
1017,1017.0,0.7880184370548377,0.8426,0.0012307624773089075,0.44423138401923584,0.0,-0.04555883316945253,58.0,17.551724137931036,88.77797544577743,0.7934923246303278
1018,1018.0,0.7888707809819703,0.8426,0.0012344695373824055,0.4450522062210856,0.0,-0.04453176162409944,58.0,17.56896551724138,99.6442061676168,0.8160120488842687
1019,1019.0,0.7897195910157854,0.8426,0.0012381295272890802,0.4458739462273253,0.0,-0.043506705920837385,58.0,17.586206896551722,89.0837239460084,0.7942010894779753
1020,1020.0,0.7905648743538262,0.8426,0.00124174220756165,0.4467127539591355,0.0,-0.0424836601307188,58.0,17.603448275862068,95.1333996081201,0.807288151071514
1021,1021.0,0.7914066382490447,0.8426,0.0012453073463110597,0.44755884067906676,1.0,-0.04146261834802467,58.0,17.620689655172413,87.7962267613139,0.7911831292798606
1022,1022.0,0.7780149794560104,0.802,0.0012046498992346626,0.43666855774130836,0.0,-0.05838225701239397,59.0,17.338983050847457,88.6890966297489,0.7932853752037903
1023,1023.0,0.7788987446771578,0.802,0.00120624522786964,0.4373916911572118,0.0,-0.05734767025089593,59.0,17.35593220338983,95.23379274205531,0.8074913031869903
1024,1024.0,0.7797790026777255,0.802,0.001207783733939515,0.4381225477150007,0.0,-0.05631510416666652,59.0,17.372881355932204,89.60861058769909,0.7954065662541361
1025,1025.0,0.7806557594210058,0.8286,0.0012106158860806604,0.43885042609005037,0.0,-0.055284552845528356,59.0,17.389830508474578,86.26149655622594,0.7874679426482762
1026,1026.0,0.78152902092297,0.8286,0.0012138201531801882,0.4395872335184171,0.0,-0.05425601039636119,59.0,17.406779661016948,92.32114005547102,0.8014178191222749
1027,1027.0,0.7823987932525589,0.8286,0.0012169742319645717,0.4403366122194582,1.0,-0.053229470950989954,59.0,17.423728813559322,83.47425678949269,0.7803714098399611
1028,1028.0,0.7686750572069415,0.802,0.001191282600212787,0.4308546949837218,0.0,-0.07003891050583655,60.0,17.15,95.08722164832668,0.8071945628915538
1029,1029.0,0.7695854102665667,0.802,0.0011934756952355046,0.4315103206075462,0.0,-0.06899902818270154,60.0,17.166666666666668,94.13624098322913,0.8052468088607924
1030,1030.0,0.7704923038832309,0.802,0.0011956127000779721,0.43216558785415615,0.0,-0.06796116504854366,60.0,17.183333333333334,83.70349193831022,0.7809728972018866
1031,1031.0,0.7713957429412313,0.802,0.0011976935310792376,0.4328339156238489,0.0,-0.06692531522793388,60.0,17.2,91.9439682948685,0.80060319699779
1032,1032.0,0.7722957323716464,0.802,0.001199718113747575,0.43351707050746335,0.0,-0.06589147286821695,60.0,17.216666666666665,100.35231772540503,0.8173103148100774
1033,1033.0,0.7731922771528833,0.802,0.001201686382720721,0.4342246727098514,0.0,-0.06485963213939971,60.0,17.233333333333334,82.00360005132282,0.7764325795226158
1034,1034.0,0.7740853823111993,0.802,0.0012035982817237274,0.43493735913208287,0.0,-0.06382978723404253,60.0,17.25,88.67692194591524,0.7932569948186183
1035,1035.0,0.7749750529212112,0.802,0.0012054537635244654,0.4356516652045799,0.0,-0.0628019323671496,60.0,17.266666666666666,93.48229935671768,0.8038844416591054
1036,1036.0,0.7758612941063792,0.802,0.0012072527898868554,0.4363681607574918,0.0,-0.06177606177606165,60.0,17.283333333333335,93.98073528429394,0.8049245595081315
1037,1037.0,0.7767441110394787,0.802,0.0012089953315218263,0.4370881200781676,0.0,-0.06075216972034703,60.0,17.3,92.64732484999908,0.8021169703171034
1038,1038.0,0.7776235089430421,0.802,0.0012106813680360547,0.4378069272005851,0.0,-0.059730250481695446,60.0,17.316666666666666,84.9034431556742,0.7840684352492235
1039,1039.0,0.778499493089794,0.802,0.001212310887878531,0.43852362638172937,1.0,-0.05871029836381125,60.0,17.333333333333332,82.18404520335629,0.7769234492173108
1040,1040.0,0.7647261085879783,0.802,0.001187481478704569,0.4297632389368212,0.0,-0.07532051282051277,61.0,17.065573770491802,99.22120922622814,0.8152276768615807
1041,1041.0,0.7656412979987617,0.802,0.0011899271583550924,0.4303572475406758,0.0,-0.07428754402817805,61.0,17.081967213114755,83.10621602477707,0.7793987717132076
1042,1042.0,0.7665531118936648,0.802,0.0011923175814500513,0.4309618256601142,0.0,-0.07325655790147145,61.0,17.098360655737704,93.77502709950684,0.8044966351875387
1043,1043.0,0.7674615544513018,0.802,0.0011946526208451722,0.4315783165522751,0.0,-0.07222754873761583,61.0,17.114754098360656,85.52366500145193,0.7856343816296684
1044,1044.0,0.7683666298926964,0.802,0.0011969321585533516,0.43221792353069177,0.0,-0.07120051085568324,61.0,17.131147540983605,94.93307564379971,0.8068814982659763
1045,1045.0,0.7692683424819394,0.802,0.001199156085718408,0.432857921885895,0.0,-0.07017543859649122,61.0,17.147540983606557,93.08979161496474,0.803057531709136
1046,1046.0,0.7701666965268257,0.802,0.0012013243025864218,0.43349711161022303,0.0,-0.06915232632249846,61.0,17.16393442622951,94.91284267177788,0.8068403303783387
1047,1047.0,0.7710616963794759,0.802,0.001203436718474559,0.4341432618204135,0.0,-0.06813116841770128,61.0,17.18032786885246,94.71108207004464,0.8064288472623012
1048,1048.0,0.771953346436945,0.802,0.001205493251737512,0.43479459107549323,0.0,-0.06711195928753177,61.0,17.19672131147541,93.78635414563799,0.8045202471047754
1049,1049.0,0.7728416511418003,0.802,0.0012074938297315608,0.43545922791033764,0.0,-0.06609469335875429,61.0,17.21311475409836,94.37038514206968,0.8057300147102986
1050,1050.0,0.7737266149826878,0.802,0.001209438388776288,0.43614073139336385,0.0,-0.06507936507936507,61.0,17.229508196721312,86.02274919001746,0.7868780816009908
1051,1051.0,0.7746082424948862,0.802,0.0012113268741139516,0.436834973940388,0.0,-0.06406596891849037,61.0,17.24590163934426,85.06524664470278,0.7844791609209424
1052,1052.0,0.7754865382608296,0.802,0.0012131592398666369,0.43753677894251497,0.0,-0.06305449936628649,61.0,17.262295081967213,94.82605584582545,0.806663546534711
1053,1053.0,0.7763615069106204,0.802,0.0012149354489911278,0.43824214316289184,0.0,-0.06204495093383988,61.0,17.278688524590162,90.45861526075437,0.7973290517383447
1054,1054.0,0.7772331531225176,0.802,0.0012166554732316152,0.4389482711008467,0.0,-0.06103731815306768,61.0,17.295081967213115,91.50436542152431,0.7996452601044886
1055,1055.0,0.7781014816234091,0.802,0.0012183192930702005,0.4396542239430164,0.0,-0.0600315955766193,61.0,17.311475409836067,92.31831597956382,0.8014117443672638
1056,1056.0,0.7789664971892623,0.802,0.0012199268976753274,0.4403552530919412,0.0,-0.05902777777777768,61.0,17.327868852459016,89.37321568393071,0.7948676995335006
1057,1057.0,0.7798282046455591,0.802,0.001221478284848101,0.4410528824668522,0.0,-0.05802585935036264,61.0,17.34426229508197,86.98249204311031,0.7892296150327935
1058,1058.0,0.7806866088677046,0.802,0.0012229734609665696,0.4417595312261736,0.0,-0.057025834908632556,61.0,17.360655737704917,88.85253452683749,0.793665612005746
1059,1059.0,0.7815417147814221,0.8286,0.0012245526904048707,0.44246278422070073,0.0,-0.056027699087189076,61.0,17.37704918032787,94.22714145921384,0.8054346863396158
1060,1060.0,0.7823935273631263,0.8286,0.0012277337970709235,0.443169546378087,0.0,-0.055031446540880546,61.0,17.39344262295082,90.0983789056623,0.7965187214685706
1061,1061.0,0.7832420516402776,0.8286,0.001230865288759662,0.44390051224010224,0.0,-0.05403707194470608,61.0,17.40983606557377,94.748271043572,0.8065048245059547
1062,1062.0,0.7840872926917114,0.8286,0.0012339469707563406,0.44462740240002235,0.0,-0.053044569993722535,61.0,17.42622950819672,90.28648418906164,0.7969426598233355
1063,1063.0,0.7849292556479573,0.8286,0.0012369786561974966,0.4453555874491072,0.0,-0.05205393540294767,61.0,17.442622950819672,91.61668181656871,0.7998908826447174
1064,1064.0,0.7857679456915314,0.8286,0.001239960166063493,0.446093750691373,0.0,-0.051065162907268036,61.0,17.459016393442624,91.67399932391893,0.8000159972452524
1065,1065.0,0.7866033680572084,0.8286,0.001242891329168951,0.4468634875538465,0.0,-0.05007824726134591,61.0,17.475409836065573,88.3306289411543,0.7924464757796872
1066,1066.0,0.7874355280322772,0.8286,0.0012457719821511427,0.44765554910673394,1.0,-0.049093183239524496,61.0,17.491803278688526,86.22367777825026,0.7873747234433338
1067,1067.0,0.7742423045047105,0.802,0.0012171423961734444,0.43804959012865674,0.0,-0.06529209621993126,62.0,17.225806451612904,90.59436067253591,0.7976327312513265
1068,1068.0,0.7751127859207205,0.802,0.0012190081935989576,0.4387213626817856,0.0,-0.0642946317103621,62.0,17.241935483870968,89.35204781772184,0.7948191028510804
1069,1069.0,0.7759800340860388,0.802,0.0012208181630491161,0.4394047857516156,0.0,-0.06329903336451514,62.0,17.258064516129032,92.79851976271752,0.8024393774791774
1070,1070.0,0.7768440531725478,0.802,0.0012225722685938823,0.4400951565101265,0.0,-0.06230529595015577,62.0,17.274193548387096,97.1298230182747,0.8112491841987196
1071,1071.0,0.7777048473991206,0.802,0.0012242704829362977,0.44078677168112734,0.0,-0.0613134142545908,62.0,17.29032258064516,90.07287660239494,0.7964611098825962
1072,1072.0,0.778562421032112,0.802,0.0012259127873647285,0.4414810829618989,0.0,-0.060323383084577076,62.0,17.306451612903224,86.72371879549853,0.7886007013079686
1073,1073.0,0.7794167783858302,0.802,0.0012274991717030283,0.4421669540073769,0.0,-0.05933519726623171,62.0,17.322580645161292,95.79872097638524,0.8086265333557786
1074,1074.0,0.7802679238229826,0.802,0.0012290296342586725,0.4428560517139149,0.0,-0.05834885164494108,62.0,17.338709677419356,88.99986375697878,0.7940071752986728
1075,1075.0,0.7811158617551104,0.802,0.0012305041817689316,0.4435486182927669,0.0,-0.05736434108527111,62.0,17.35483870967742,93.20282408621651,0.803296375264614
1076,1076.0,0.7819605966430061,0.802,0.0012319228293450315,0.44424151365100106,0.0,-0.05638166047087978,62.0,17.370967741935484,87.78774320967418,0.7911629498260868
1077,1077.0,0.7828021329970988,0.8286,0.0012346175468465515,0.4449379847259577,0.0,-0.05540080470442588,62.0,17.387096774193548,95.11768801746639,0.8072563188250875
1078,1078.0,0.7836404753778329,0.8286,0.0012377386788514956,0.4456543377823589,0.0,-0.054421768707483054,62.0,17.403225806451612,92.86256854512597,0.8025756381655073
1079,1079.0,0.7844756283960207,0.8286,0.0012408102813826491,0.4463731213676273,0.0,-0.053444547420450794,62.0,17.419354838709676,98.34074159256883,0.8135733670863562
1080,1080.0,0.7853075967131792,0.8286,0.0012438321685248209,0.4470912600455041,0.0,-0.05246913580246915,62.0,17.43548387096774,96.69447503521475,0.8103993705260141
1081,1081.0,0.7861363850418459,0.8286,0.0012468041620683078,0.44781289719583794,0.0,-0.05149552883132902,62.0,17.451612903225808,86.74651706920243,0.7886562601849728
1082,1082.0,0.7869619981458699,0.8286,0.0012497260915005277,0.44855198473685876,0.0,-0.050523721503388686,62.0,17.467741935483872,87.54785355843838,0.7905907159551799
1083,1083.0,0.787784440840699,0.8286,0.001252597793995612,0.4493227849306252,0.0,-0.0495537088334872,62.0,17.483870967741936,86.39754281404034,0.7878026071552349
1084,1084.0,0.7886037179936285,0.8286,0.0012554191144020415,0.45010434304032415,0.0,-0.048585485854858446,62.0,17.5,88.44984001757487,0.7927262126229904
1085,1085.0,0.7894198345240426,0.8286,0.0012581899052282986,0.45088106082098633,1.0,-0.04761904761904745,62.0,17.516129032258064,83.2686915972924,0.7798292133374957
1086,1086.0,0.7764563409999344,0.802,0.0012284318158096265,0.4412595244190299,0.0,-0.06353591160220984,63.0,17.253968253968253,90.84670635061477,0.7981948485553514
1087,1087.0,0.7773097184939629,0.802,0.0012301645053643992,0.4419324331344849,0.0,-0.062557497700092,63.0,17.26984126984127,87.23696336473121,0.7898444349021752
1088,1088.0,0.7781599647037558,0.802,0.0012318415914761016,0.4426069872441288,0.0,-0.061580882352941124,63.0,17.285714285714285,93.64467910901129,0.8042245057832748
1089,1089.0,0.779007083467748,0.802,0.0012334630561746155,0.443287630545731,0.0,-0.06060606060606055,63.0,17.3015873015873,87.56858724433124,0.790640297962325
1090,1090.0,0.7798510786711772,0.802,0.0012350288898793508,0.44396126639293343,0.0,-0.059633027522935755,63.0,17.317460317460316,103.6220609690078,0.8230749981047315
1091,1091.0,0.7806919542465559,0.802,0.0012365390913490948,0.444640102567658,0.0,-0.05866177818515128,63.0,17.333333333333332,87.20338240348715,0.7897635065517802
1092,1092.0,0.7815297141741108,0.802,0.0012379936676299647,0.44532295540401523,0.0,-0.05769230769230771,63.0,17.349206349206348,92.26564153301477,0.801298370349777
1093,1093.0,0.7823643624822165,0.802,0.0012393926340014212,0.446007806107958,0.0,-0.0567246111619395,63.0,17.365079365079364,87.2896071528539,0.7899711783416598
1094,1094.0,0.7831959032478066,0.8286,0.0012414541339241512,0.4466965955330729,0.0,-0.05575868372943327,63.0,17.38095238095238,97.02677642343095,0.8110487227430342
1095,1095.0,0.7840243405967585,0.8286,0.0012445654971921364,0.44739364277792193,0.0,-0.0547945205479452,63.0,17.396825396825395,92.03287144562916,0.80079581300292
1096,1096.0,0.7848496787042688,0.8286,0.0012476276063973714,0.4480994670896597,0.0,-0.053832116788321116,63.0,17.41269841269841,91.60898287544327,0.7998740652075532
1097,1097.0,0.7856719217952074,0.8286,0.0012506402765200333,0.44881108192316155,0.0,-0.0528714676390154,63.0,17.428571428571427,97.00302009179424,0.8110024480064183
1098,1098.0,0.7864910741444499,0.8286,0.0012536033301115837,0.4495251327578639,0.0,-0.051912568306010876,63.0,17.444444444444443,95.49042177251214,0.8080086673299126
1099,1099.0,0.7873071400771889,0.8286,0.0012565165972875172,0.4502488868678107,0.0,-0.05095541401273884,63.0,17.46031746031746,93.95424681393158,0.8048695619939251
1100,1100.0,0.7881201239692404,0.8286,0.0012593799157181516,0.45098920445740764,1.0,-0.050000000000000044,63.0,17.476190476190474,84.95168189947103,0.7841910492716508
1101,1101.0,0.775221016847857,0.802,0.0012324116905567972,0.44182155448291277,0.0,-0.06569785043899468,64.0,17.21875,89.28797320411563,0.7946718614451842
1102,1102.0,0.7760701397724769,0.802,0.0012342341845703799,0.44246173235835945,0.0,-0.06473079249848745,64.0,17.234375,86.40804318599778,0.7878283935458429
1103,1103.0,0.7769162144576299,0.802,0.0012360014167125957,0.44310812603292105,0.0,-0.06376548806285887,64.0,17.25,88.50295667651761,0.7928506117559155
1104,1104.0,0.7777592442543466,0.802,0.0012377133530602988,0.4437562411972209,0.0,-0.0628019323671496,64.0,17.265625,96.09070667580477,0.8092080496900999
1105,1105.0,0.7785992325582907,0.802,0.0012393699680296156,0.44440969573796146,0.0,-0.06184012066365008,64.0,17.28125,85.7695420818212,0.7862489073820172
1106,1106.0,0.7794361828102738,0.802,0.0012409712443313345,0.44507540677086393,0.0,-0.06088004822182036,64.0,17.296875,93.33653907475481,0.8035781751169297
1107,1107.0,0.7802700984967521,0.802,0.001242517172924409,0.4457392151240028,0.0,-0.05992171032821436,64.0,17.3125,89.63952092067048,0.7954771160640401
1108,1108.0,0.7811009831503021,0.802,0.0012440077529674897,0.44640561292669145,0.0,-0.05896510228640195,64.0,17.328125,86.33624361063137,0.7876519458500534
1109,1109.0,0.7819288403500848,0.802,0.001245442991768558,0.44708117676494336,0.0,-0.058010219416891884,64.0,17.34375,92.158457142819,0.8010672715047523
1110,1110.0,0.7827536737222772,0.802,0.00124682290473272,0.44775815793041435,0.0,-0.05705705705705699,64.0,17.359375,91.28897622328105,0.7991725387686202
1111,1111.0,0.7835754869405067,0.8286,0.0012482446505929412,0.4484394821705592,0.0,-0.05610561056105601,64.0,17.375,94.4092023029562,0.8058098904966675
1112,1112.0,0.7843942837262479,0.8286,0.001251346813778151,0.4491230959855719,0.0,-0.05515587529976007,64.0,17.390625,93.2599709098986,0.8034169091576734
1113,1113.0,0.7852100678492073,0.8286,0.0012543999937011047,0.44981049256012656,0.0,-0.054207846660676795,64.0,17.40625,90.54810259643973,0.7975293484056486
1114,1114.0,0.7860228431276979,0.8286,0.0012574040061877326,0.450516173738643,0.0,-0.05326152004787543,64.0,17.421875,86.50402504299967,0.7880638117796236
1115,1115.0,0.7868326134289816,0.8286,0.0012603586745049697,0.45122734653050517,0.0,-0.05231689088191316,64.0,17.4375,94.74084754217333,0.8064896630234138
1116,1116.0,0.7876393826696031,0.8286,0.0012632638293545897,0.4519372911162429,0.0,-0.05137395459976091,64.0,17.453125,95.28171756403052,0.8075881312591463
1117,1117.0,0.7884431548156994,0.8286,0.0012661193088651251,0.452656559307555,0.0,-0.050432706654729875,64.0,17.46875,90.02960084496631,0.7963632720653301
1118,1118.0,0.789243933883298,0.8286,0.0012689249585818747,0.4533898165565076,1.0,-0.04949314251639825,64.0,17.484375,82.59507805039591,0.7780335854619916
1119,1119.0,0.7765244467960839,0.802,0.0012417812818555601,0.4443125060734436,0.0,-0.06493893357164127,65.0,17.23076923076923,82.4045866926473,0.7775204746586132
1120,1120.0,0.7773603678816511,0.802,0.0012435281241277398,0.4449427191295835,0.0,-0.06398809523809512,65.0,17.246153846153845,97.16214564513818,0.8113119753418012
1121,1121.0,0.7781933306576173,0.802,0.0012452199464296823,0.4455752000362278,0.0,-0.06303895331549203,65.0,17.26153846153846,93.32601313689177,0.8035560213373546
1122,1122.0,0.7790233381513618,0.802,0.0012468567239401142,0.44620716498184937,0.0,-0.06209150326797386,65.0,17.276923076923076,88.72747931827887,0.7933747980423416
1123,1123.0,0.7798503934342316,0.802,0.001248438439993926,0.44684873831353034,0.0,-0.061145740575838436,65.0,17.29230769230769,92.12959997555504,0.8010049610744239
1124,1124.0,0.7806744996220424,0.802,0.0012499650860371954,0.4474990320495832,0.0,-0.06020166073546851,65.0,17.307692307692307,93.4747323564894,0.8038685656417335
1125,1125.0,0.7814956598755728,0.802,0.0012514366615803045,0.4481547727164396,0.0,-0.05925925925925912,65.0,17.323076923076922,86.70245322110716,0.7885488512466888
1126,1126.0,0.7823138774010244,0.802,0.0012528531741492544,0.4488228951684857,0.0,-0.05831853167554746,65.0,17.338461538461537,91.10063287750886,0.7987573438926184
1127,1127.0,0.7831291554504781,0.802,0.0012542146392350926,0.4494913138850512,0.0,-0.05737947352854178,65.0,17.353846153846153,97.95292240607277,0.8128352591938929
1128,1128.0,0.7839414973223238,0.802,0.001255521080241629,0.4501664561152247,0.0,-0.0564420803782506,65.0,17.369230769230768,91.36523821386756,0.7993401681893643
1129,1129.0,0.7847509063616771,0.8286,0.0012580836465303676,0.45084308339653945,0.0,-0.05550634780041319,65.0,17.384615384615383,93.78971939136703,0.8045272610654506
1130,1130.0,0.7855573859607771,0.8286,0.0012611284401681337,0.4515168420584995,0.0,-0.054572271386430504,65.0,17.4,92.7188980076641,0.8022697235700762
1131,1131.0,0.7863609395593619,0.8286,0.0012641243335451073,0.4522066918084722,0.0,-0.05363984674329503,65.0,17.415384615384614,98.08335428157892,0.8130841520702711
1132,1132.0,0.7871615706450354,0.8286,0.0012670711506009018,0.4529123373273671,0.0,-0.05270906949352172,65.0,17.43076923076923,95.86692773427541,0.8087626904645386
1133,1133.0,0.7879592827536075,0.8286,0.0012699687225844532,0.453616056423177,0.0,-0.051779935275080735,65.0,17.446153846153845,92.77827866020951,0.8023962763905418
1134,1134.0,0.7887540794694196,0.8286,0.0012728168880470224,0.45431616338838376,0.0,-0.05085243974132858,65.0,17.46153846153846,93.03896331765287,0.8029499396855937
1135,1135.0,0.7895459644256544,0.8286,0.0012756154928333183,0.4550329164173816,0.0,-0.04992657856093974,65.0,17.476923076923075,103.22786531503826,0.8223993756203101
1136,1136.0,0.7903349413046261,0.8286,0.0012783643900707725,0.4557485479188702,0.0,-0.049002347417840264,65.0,17.49230769230769,103.59714363231653,0.8230324438441915
1137,1137.0,0.7911210138380519,0.8286,0.001281063440157039,0.45646693354440704,0.0,-0.04807974201114029,65.0,17.50769230769231,90.723981241009,0.7979218605427965
1138,1138.0,0.791904185807307,0.8286,0.0012837125107456788,0.45720414285861427,0.0,-0.047158758055067196,65.0,17.523076923076925,92.71897803880856,0.802269894242582
1139,1139.0,0.7926844610436663,0.8286,0.0012863114767300598,0.457945969927355,0.0,-0.046239391278899644,65.0,17.53846153846154,101.04427489780026,0.8185613845823891
1140,1140.0,0.7934618434285152,0.8286,0.0012888602202255493,0.45869345782604914,0.0,-0.04532163742690054,65.0,17.553846153846155,101.93246821713778,0.8201423584261744
1141,1141.0,0.7942363368935621,0.8426,0.00129178560278648,0.45944492413321864,1.0,-0.044405492258253076,65.0,17.56923076923077,88.3753086894372,0.7925514082473064
1142,1142.0,0.7818765984324496,0.802,0.0012588268086168477,0.449889615182796,0.0,-0.05954465849387036,66.0,17.318181818181817,90.50337744498839,0.7974292910286461
1143,1143.0,0.7826854278416437,0.802,0.0012602251847587324,0.45054839784989087,0.0,-0.05861767279090113,66.0,17.333333333333332,91.79560872869008,0.8002809329635898
1144,1144.0,0.7834913988660612,0.802,0.0012615687862744785,0.45120836941955034,0.0,-0.05769230769230771,66.0,17.348484848484848,93.85485910458185,0.804662928395592
1145,1145.0,0.7842945144549697,0.802,0.0012628576364904142,0.4518777988594621,0.0,-0.05676855895196509,66.0,17.363636363636363,97.23979023905376,0.8114626400544184
1146,1146.0,0.7850947776032157,0.8286,0.0012647769644998082,0.45254679012969806,0.0,-0.055846422338568846,66.0,17.37878787878788,88.67397909928259,0.7932501335842088
1147,1147.0,0.785892191351635,0.8286,0.0012678138947890126,0.45321587676363223,0.0,-0.05492589363557099,66.0,17.393939393939394,94.42960547601636,0.8058518486769521
1148,1148.0,0.7866867587874354,0.8286,0.0012708021877017872,0.45389165982524277,0.0,-0.05400696864111487,66.0,17.40909090909091,88.65909243999693,0.7932154184215111
1149,1149.0,0.7874784830445779,0.8286,0.001273741667810298,0.45458080476820173,0.0,-0.053089643167972156,66.0,17.424242424242426,97.57816935191154,0.8121164451526556
1150,1150.0,0.78826736730412,0.8286,0.0012766321668740502,0.4552787376334434,0.0,-0.05217391304347818,66.0,17.439393939393938,87.30219792828883,0.7900014688245012
1151,1151.0,0.7890534147945595,0.8286,0.001279473523833896,0.45596958845546565,1.0,-0.051259774109470024,66.0,17.454545454545453,86.81819772020644,0.7888307542110339
1152,1152.0,0.7765685435077707,0.802,0.001254986947565417,0.4473528757486672,0.0,-0.06626157407407396,67.0,17.208955223880597,93.58424568925759,0.8040980808435603
1153,1153.0,0.7773877580866857,0.802,0.0012567493064214955,0.4479563076552319,0.0,-0.06533680254408791,67.0,17.223880597014926,85.5617834600456,0.7857298832264948
1154,1154.0,0.7782041751143588,0.802,0.0012584572129039529,0.44856824215903796,0.0,-0.06441363373772391,67.0,17.238805970149254,98.59926035630255,0.8140621616522963
1155,1155.0,0.7790177969172394,0.802,0.0012601106356158773,0.4491734786886636,0.0,-0.06349206349206349,67.0,17.253731343283583,83.65770466630276,0.7808530199763181
1156,1156.0,0.7798286258628406,0.802,0.0012617095510921853,0.44977816039296414,0.0,-0.06257208765859268,67.0,17.26865671641791,90.61851316679183,0.7976866680698113
1157,1157.0,0.7806366643602708,0.802,0.0012632539437593907,0.45038612140321066,0.0,-0.06165370210314025,67.0,17.28358208955224,94.5777587111684,0.8061559759591934
1158,1158.0,0.7814419148607444,0.802,0.0012647438058935412,0.4509935828618136,0.0,-0.060736902705814444,67.0,17.29850746268657,85.10072868626055,0.7845690205436133
1159,1159.0,0.7822443798580782,0.802,0.0012661791375763642,0.45161590186081696,0.0,-0.05982168536094323,67.0,17.313432835820894,99.17059493701785,0.8151333735067675
1160,1160.0,0.7830440618891757,0.802,0.0012675599466496143,0.4522569434259878,0.0,-0.05890804597701127,67.0,17.328358208955223,85.21879461811454,0.784867488263718
1161,1161.0,0.7838409635344826,0.802,0.0012688862486677432,0.45291186359425917,0.0,-0.057995980476600595,67.0,17.34328358208955,94.2924332918605,0.8055694111044231
1162,1162.0,0.7846350874184376,0.802,0.0012701580668488027,0.45357434962171195,0.0,-0.05708548479632802,67.0,17.35820895522388,91.90675544298043,0.8005224616518265
1163,1163.0,0.7854264362098994,0.8286,0.0012714276908456184,0.45423789843313783,0.0,-0.05617655488678697,67.0,17.37313432835821,86.7101307749733,0.7885675737139496
1164,1164.0,0.7862150126225637,0.8286,0.0012744572615896099,0.4549000018285453,0.0,-0.055269186712485485,67.0,17.388059701492537,85.98436346370656,0.7867829382597952
1165,1165.0,0.7870008194153545,0.8286,0.0012774384537205742,0.4555623842106864,0.0,-0.05436337625178833,67.0,17.402985074626866,88.45421810745536,0.7927364717524069
1166,1166.0,0.7877838593928074,0.8286,0.001280371092405605,0.45623658718158083,0.0,-0.05345911949685522,67.0,17.417910447761194,89.10742740012456,0.7942558340169553
1167,1167.0,0.7885641354054277,0.8286,0.0012832550098805181,0.4569248897731849,0.0,-0.05255641245358467,67.0,17.432835820895523,95.00396639897106,0.8070256008434202
1168,1168.0,0.7893416503500421,0.8286,0.0012860900454447865,0.4576105094735949,0.0,-0.05165525114155245,67.0,17.44776119402985,88.90691397692723,0.7937918153576771
1169,1169.0,0.7901164071701265,0.8286,0.0012888760454547639,0.45829461451863845,0.0,-0.0507556315939548,67.0,17.46268656716418,96.63033645733798,0.8102735227313687
1170,1170.0,0.7908884088561137,0.8286,0.0012916128633151415,0.4589787935903592,0.0,-0.049857549857549754,67.0,17.47761194029851,88.11399238071114,0.7919361858656782
1171,1171.0,0.7916576584456991,0.8286,0.001294300359468654,0.45966529182451693,0.0,-0.048961001992598785,67.0,17.492537313432837,88.48310769503368,0.7928041429498488
1172,1172.0,0.7924241590241122,0.8286,0.0012969384013840981,0.460360818343335,0.0,-0.04806598407280993,67.0,17.507462686567163,90.93857086569884,0.7983987085039128
1173,1173.0,0.7931879137243845,0.8286,0.0012995268635426428,0.4610607461044047,1.0,-0.04717249218527986,67.0,17.52238805970149,81.0434099828478,0.7737837865260921
1174,1174.0,0.7810098989523323,0.802,0.0012706041749458708,0.45213937239712737,0.0,-0.061896649630891476,68.0,17.279411764705884,84.7674014526098,0.7837218905007629
1175,1175.0,0.7818060815902925,0.802,0.0012720764949566898,0.452733942310252,0.0,-0.06099290780141842,68.0,17.294117647058822,84.26192507435124,0.7824244661256395
1176,1176.0,0.7825995543900123,0.802,0.001273494546916527,0.4533393828248295,0.0,-0.06009070294784569,68.0,17.308823529411764,88.7753810426936,0.7934862895771011
1177,1177.0,0.783390319588538,0.802,0.0012748583387700958,0.45395880571542097,0.0,-0.05919003115264787,68.0,17.323529411764707,88.9771874629839,0.7939546769675055
1178,1178.0,0.7841783794652804,0.802,0.0012761678860540796,0.4546029484349633,0.0,-0.05829088851160136,68.0,17.33823529411765,95.53143618851979,0.8080910947768575
1179,1179.0,0.7849637363424682,0.802,0.0012774232118496086,0.45525740372479107,0.0,-0.05739327113372905,68.0,17.352941176470587,96.65925523336045,0.8103302856092578
1180,1180.0,0.7857463925855812,0.802,0.0012786243467330697,0.45591295861882014,0.0,-0.05649717514124286,68.0,17.36764705882353,90.17480693928209,0.7966911828746379
1181,1181.0,0.7865263506037672,0.8286,0.0012810594023444704,0.45656605679119,0.0,-0.05560259666948908,68.0,17.38235294117647,91.64180967012834,0.7999457518426845
1182,1182.0,0.787303612850244,0.8286,0.0012840339752766097,0.4572206480258498,0.0,-0.0547095318668922,68.0,17.397058823529413,86.74066338091791,0.7886419976658089
1183,1183.0,0.7880781818226873,0.8286,0.0012869602501263248,0.45788089636790585,0.0,-0.053817976894899866,68.0,17.41176470588235,92.9111908750284,0.8026789543792108
1184,1184.0,0.7888500600635934,0.8286,0.0012898380595736444,0.4585543201307529,0.0,-0.052927927927928,68.0,17.426470588235293,88.7633806407324,0.7934583698705996
1185,1185.0,0.789619250160643,0.8286,0.00129266724324775,0.4592339330758956,0.0,-0.052039381153305087,68.0,17.441176470588236,94.22132874831999,0.80542268319836
1186,1186.0,0.7903857547470287,0.8286,0.0012954476477211596,0.4599101587599373,0.0,-0.05115233277121978,68.0,17.455882352941178,91.80939597798006,0.8003109252812155
1187,1187.0,0.7911495765017826,0.8286,0.0012981791265021865,0.46058385664408125,0.0,-0.05026677899466425,68.0,17.470588235294116,95.00995322514996,0.8070377606661073
1188,1188.0,0.7919107181500793,0.8286,0.0013008615400257003,0.4612534868797576,0.0,-0.04938271604938271,68.0,17.485294117647058,100.55726048524073,0.8176826492202997
1189,1189.0,0.7926691824635251,0.8286,0.0013034947556422325,0.46193526739345486,0.0,-0.04850014017381543,68.0,17.5,90.93634448643297,0.7983937727333154
1190,1190.0,0.793424972260435,0.8286,0.001306078647605385,0.4626166664109307,0.0,-0.04761904761904745,68.0,17.514705882352942,91.80832393895909,0.8003085935266319
1191,1191.0,0.7941780904060848,0.8286,0.0013086130970576862,0.4633106060937799,0.0,-0.04673943464875441,68.0,17.529411764705884,89.46362737529392,0.7950750056620639
1192,1192.0,0.7949285398129577,0.8286,0.0013110979920147126,0.46402401041499597,0.0,-0.045861297539149914,68.0,17.544117647058822,89.75897647850003,0.7957493049430581
1193,1193.0,0.795676323440969,0.8286,0.0013135332273477179,0.46474183818610004,0.0,-0.04498463257893248,68.0,17.558823529411764,90.0682121724834,0.7964505690617636
1194,1194.0,0.7964214442976777,0.8426,0.0013163619375804755,0.4654643525535966,1.0,-0.0441094360692349,68.0,17.573529411764707,84.23622249820266,0.782358078394072
1195,1195.0,0.7845041490291378,0.802,0.0012834145174731324,0.456286076259989,0.0,-0.05857740585774063,69.0,17.333333333333332,94.49407780161253,0.8059843139395083
1196,1196.0,0.7852809542810123,0.802,0.0012846538722887035,0.45692581760692413,0.0,-0.05769230769230771,69.0,17.347826086956523,87.13834408875668,0.7896065902439056
1197,1197.0,0.7860551306115849,0.802,0.0012858392933414945,0.45757392421334514,0.0,-0.05680868838763553,69.0,17.36231884057971,92.87325135869901,0.8025983470469279
1198,1198.0,0.7868266801465084,0.8286,0.0012876211391007763,0.45822118908108983,0.0,-0.055926544240400666,69.0,17.3768115942029,87.37769485180965,0.7901829137925165
1199,1199.0,0.7875956050543337,0.8286,0.001290589557130957,0.45886715728864585,0.0,-0.05504587155963292,69.0,17.391304347826086,91.41739684626907,0.7994546556148021
1200,1200.0,0.7883619075468987,0.8286,0.0012935099286027114,0.4595145340664367,1.0,-0.054166666666666696,69.0,17.405797101449274,85.67987852330266,0.7860252179472086
1201,1201.0,0.7761962462984275,0.802,0.0012736178621899138,0.45166338576423226,0.0,-0.06855398279211755,70.0,17.17142857142857,90.89954792344217,0.7983121615877109
1202,1202.0,0.7769929759060721,0.802,0.0012754326040627668,0.4522113257696883,0.0,-0.06766500277315579,70.0,17.185714285714287,91.34176502356279,0.7992886022226086
1203,1203.0,0.7777871278415418,0.802,0.0012771937415108376,0.45276882056153284,0.0,-0.06677750069271271,70.0,17.2,87.34854953671861,0.7901129047869699
1204,1204.0,0.7785787035378484,0.802,0.0012789012299487337,0.4533295863898061,0.0,-0.06589147286821695,70.0,17.214285714285715,90.96474876457462,0.7984567254642594
1205,1205.0,0.779367704464424,0.802,0.0012805550324181526,0.45389169570564925,0.0,-0.06500691562932226,70.0,17.228571428571428,90.27376481331657,0.7969140494888397
1206,1206.0,0.780154132127676,0.802,0.0012821551195549494,0.45446191136565905,0.0,-0.0641238253178551,70.0,17.242857142857144,89.39726698102356,0.7949228879980753
1207,1207.0,0.7809379880715223,0.802,0.001283701469554476,0.45504108002523125,0.0,-0.06324219828776578,70.0,17.257142857142856,92.86809738820412,0.8025873916992512
1208,1208.0,0.7817192738779307,0.802,0.0012851940681351541,0.455612944669019,0.0,-0.06236203090507719,70.0,17.271428571428572,94.54290841586109,0.8060845214038537
1209,1209.0,0.7824979911674185,0.802,0.0012866329085003858,0.4561841451760903,0.0,-0.06148331954783548,70.0,17.285714285714285,94.90186294314273,0.806817982653121
1210,1210.0,0.7832741415995567,0.802,0.0012880179912987645,0.45676725693402526,1.0,-0.06060606060606055,70.0,17.3,84.18283259127554,0.782220046902611
1211,1211.0,0.7710090395380355,0.802,0.0012669098611990046,0.4499467995948882,0.0,-0.07486925406000555,71.0,17.070422535211268,83.90994989723121,0.7815118069336581
1212,1212.0,0.7718144635008766,0.802,0.0012690785538037206,0.45042990070601496,0.0,-0.073982398239824,71.0,17.08450704225352,93.17078967709813,0.8032287437203104
1213,1213.0,0.7726173715692998,0.802,0.0012711944060152538,0.4509131948782295,0.0,-0.07309700467161306,71.0,17.098591549295776,91.74571934511052,0.8001723299550282
1214,1214.0,0.7734177647134123,0.802,0.0012732573207720603,0.4514060755999234,0.0,-0.0722130697418999,71.0,17.112676056338028,94.11956687532326,0.8052123066225025
1215,1215.0,0.7742156439343396,0.802,0.001275267208693178,0.45190449936400773,0.0,-0.07133058984910834,71.0,17.12676056338028,93.25304430650336,0.8034023074563069
1216,1216.0,0.775011010264871,0.802,0.0012772239880590465,0.4524103200407785,0.0,-0.07044956140350878,71.0,17.140845070422536,100.27389854312204,0.8171674423783452
1217,1217.0,0.7758038647700904,0.802,0.0012791275847904276,0.4529270404273833,0.0,-0.06956998082717059,71.0,17.154929577464788,86.24800428832147,0.787434695044697
1218,1218.0,0.7765942085479997,0.802,0.001280977932425488,0.45345868034555364,0.0,-0.06869184455391353,71.0,17.169014084507044,92.65896595329048,0.8021418311253852
1219,1219.0,0.7773820427301231,0.802,0.0012827749720950587,0.4539982778877312,0.0,-0.06781514902925889,71.0,17.183098591549296,94.32094458408133,0.805628183494385
1220,1220.0,0.7781673684820991,0.802,0.0012845186524960903,0.4545473540091665,0.0,-0.06693989071038242,71.0,17.197183098591548,92.48632142766414,0.8017724886196032
1221,1221.0,0.7789501870042659,0.802,0.0012862089298633186,0.45509616364925,0.0,-0.06606606606606613,71.0,17.211267605633804,90.26541409908995,0.7968952614208616
1222,1222.0,0.7797304995322146,0.802,0.0012878457679391766,0.4556497347978922,0.0,-0.06519367157665035,71.0,17.225352112676056,97.64487408958415,0.8122447951900328
1223,1223.0,0.7805083073373515,0.802,0.001289429137941964,0.45620491701593663,0.0,-0.06432270373398752,71.0,17.239436619718308,93.43215845292347,0.8037791951197325
1224,1224.0,0.7812836117274315,0.802,0.0012909590185323236,0.4567677022159872,0.0,-0.06345315904139426,71.0,17.253521126760564,89.93086117988736,0.7961396889476968
1225,1225.0,0.7820564140470784,0.802,0.001292435395778002,0.45732739786526116,0.0,-0.06258503401360538,71.0,17.267605633802816,85.02998079299806,0.7843897744965382
1226,1226.0,0.7828267156782981,0.802,0.0012938582631169745,0.4578963244361198,0.0,-0.061718325176726374,71.0,17.281690140845072,94.4020911993624,0.8057952625793404
1227,1227.0,0.7835945180409706,0.802,0.001295227621318912,0.4584657220279821,0.0,-0.0608530290681879,71.0,17.295774647887324,92.49371123684587,0.8017883260583228
1228,1228.0,0.7843598225933321,0.802,0.0012965434784450564,0.4590459788024386,0.0,-0.059989142236699156,71.0,17.309859154929576,95.21176080655582,0.8074467568078944
1229,1229.0,0.785122630832443,0.802,0.0012978058498064827,0.4596357227349613,0.0,-0.05912666124220234,71.0,17.323943661971832,91.48088839236841,0.7995938424351512
1230,1230.0,0.785882944294636,0.802,0.0012990147579208593,0.46023456527687834,0.0,-0.05826558265582649,71.0,17.338028169014084,92.63356452017572,0.8020875756180115
1231,1231.0,0.7866407645559569,0.802,0.0013001702324675918,0.4608558807932596,0.0,-0.05740590305984283,71.0,17.35211267605634,95.88599430302907,0.808800717283127
1232,1232.0,0.7873960932325885,0.802,0.0013012723102415378,0.46149219556016613,0.0,-0.05654761904761885,71.0,17.366197183098592,97.08331282485571,0.8111587583912819
1233,1233.0,0.7881489319812587,0.8286,0.0013035839398662598,0.462125768599413,0.0,-0.05569072722357382,71.0,17.380281690140844,97.26432123988579,0.8115101909967859
1234,1234.0,0.788899282499635,0.8286,0.0013064938211799209,0.46274996977571325,0.0,-0.05483522420313336,71.0,17.3943661971831,91.18378763174975,0.7989408664687915
1235,1235.0,0.7896471465267068,0.8286,0.0013093559818866177,0.4633779093382107,0.0,-0.0539811066126854,71.0,17.408450704225352,90.97572356638645,0.7984810385162234
1236,1236.0,0.7903925258431516,0.8286,0.001312170262449547,0.4640220032498967,1.0,-0.05312837108953605,71.0,17.422535211267604,87.31229480814416,0.7900257532616899
1237,1237.0,0.7785354979375522,0.802,0.0012918063572276892,0.45630984344838577,0.0,-0.06709781729991904,72.0,17.194444444444443,96.35023446672804,0.8097219645099644
1238,1238.0,0.7793097717715282,0.802,0.0012934799334453492,0.45684759834643274,0.0,-0.06623586429725359,72.0,17.208333333333332,90.47870029538986,0.7973740419183777
1239,1239.0,0.7800816058684393,0.802,0.0012951003129078363,0.45739047155096096,0.0,-0.06537530266343827,72.0,17.22222222222222,95.50862051459032,0.8080452504228909
1240,1240.0,0.7808510012816893,0.802,0.0012966674673728262,0.4579389971142019,0.0,-0.06451612903225801,72.0,17.23611111111111,95.23694833184926,0.8074976817878332
1241,1241.0,0.7816179590998792,0.802,0.0012981813759264204,0.4584855002149861,0.0,-0.06365834004834814,72.0,17.25,91.98109648927827,0.8006836835711091
1242,1242.0,0.7823824804473135,0.802,0.0012996420249490317,0.45902988064802847,0.0,-0.0628019323671496,72.0,17.26388888888889,94.9477917677851,0.8069114300396646
1243,1243.0,0.7831445664845165,0.802,0.0013010494080796778,0.45959157097319925,0.0,-0.06194690265486713,72.0,17.27777777777778,92.01287526566159,0.8007525220747539
1244,1244.0,0.7839042184087183,0.802,0.0013024035261786856,0.4601527670048094,0.0,-0.06109324758842427,72.0,17.291666666666668,94.31911211632365,0.8056244071644477
1245,1245.0,0.7846614374543301,0.802,0.0013037043872887865,0.46072174112096714,0.0,-0.06024096385542155,72.0,17.305555555555557,93.27089211825493,0.8034399273238522
1246,1246.0,0.7854162248934172,0.802,0.001304952006594673,0.4613011005135129,0.0,-0.05939004815409299,72.0,17.319444444444443,91.73997206379727,0.8001598112479904
1247,1247.0,0.7861685820361373,0.802,0.0013061464063810772,0.4618876060067231,0.0,-0.05854049719326371,72.0,17.333333333333332,86.62678092907252,0.7883641393953663
1248,1248.0,0.7869185102311911,0.802,0.0013072876159892655,0.46248556195325086,0.0,-0.05769230769230771,72.0,17.34722222222222,92.03565315376345,0.8008018337990829
1249,1249.0,0.7876660108662348,0.802,0.001308375671772138,0.4631059387995012,1.0,-0.05684547638110482,72.0,17.36111111111111,82.87728012488964,0.7787893943224679
1250,1250.0,0.7758044892712785,0.802,0.0012918994325459832,0.45602616647831007,0.0,-0.07066666666666666,73.0,17.136986301369863,82.9053673832494,0.7788643375936901
1251,1251.0,0.776579933775176,0.802,0.001293768210937154,0.4565201820642397,0.0,-0.06981081801225675,73.0,17.15068493150685,90.80156025000466,0.7980945120011592
1252,1252.0,0.777352999327639,0.802,0.0012955842148636531,0.4570169851509702,0.0,-0.06895633652822153,73.0,17.164383561643834,84.07163510748717,0.7819319998963524
1253,1253.0,0.7781236866491128,0.802,0.001297347387414285,0.45753383890825194,0.0,-0.06810321894120763,73.0,17.17808219178082,96.70662172079079,0.8104231850196885
1254,1254.0,0.778891996491905,0.802,0.001299057679011071,0.4580580075717721,0.0,-0.067251461988304,73.0,17.19178082191781,87.9859598939321,0.7916334224751956
1255,1255.0,0.7796579296407599,0.802,0.0013007150473828277,0.4585875189357051,0.0,-0.06640106241699861,73.0,17.205479452054796,84.48796534713513,0.7830065707227379
1256,1256.0,0.7804214869133995,0.802,0.0013023194575370657,0.4591196904512873,0.0,-0.06555201698513802,73.0,17.21917808219178,91.33961336034046,0.7992838741170581
1257,1257.0,0.7811826691610719,0.802,0.0013038708817302447,0.4596596692940576,0.0,-0.06470432246088564,73.0,17.232876712328768,91.9401231120218,0.8005948576880236
1258,1258.0,0.78194147726907,0.802,0.0013053692994363824,0.46019470120154804,0.0,-0.06385797562268136,73.0,17.246575342465754,101.99307919832188,0.8202492416403585
1259,1259.0,0.7826979121572484,0.802,0.0013068146973140736,0.4607274086447076,0.0,-0.06301297325920041,73.0,17.26027397260274,87.58153498890975,0.7906712489606988
1260,1260.0,0.7834519747805234,0.802,0.0013082070691718996,0.46127523041695606,0.0,-0.062169312169312096,73.0,17.273972602739725,86.26725007556298,0.7874821172892975
1261,1261.0,0.784203666129358,0.802,0.0013095464159323007,0.4618256458156785,0.0,-0.06132698916204071,73.0,17.28767123287671,95.59071028340176,0.8082100940668844
1262,1262.0,0.7849529872302383,0.802,0.0013108327455938708,0.46238805190284515,0.0,-0.06048600105652402,73.0,17.301369863013697,87.61881524929626,0.7907603146519311
1263,1263.0,0.7856999391461325,0.802,0.0013120660731921782,0.46295548220141347,0.0,-0.05964634468197416,73.0,17.315068493150687,92.72269651095921,0.8022778238425534
1264,1264.0,0.7864445229769413,0.802,0.001313246420759054,0.4635320886763247,0.0,-0.05880801687763704,73.0,17.328767123287673,90.5029883291763,0.797428420079881
1265,1265.0,0.7871867398599295,0.802,0.0013143738172804555,0.4641147893300547,0.0,-0.05797101449275366,73.0,17.34246575342466,92.60822657303007,0.8020334260598779
1266,1266.0,0.7879265909701515,0.802,0.001315448298652843,0.46471395663502174,1.0,-0.0571353343865193,73.0,17.356164383561644,86.44287560181223,0.7879138887305944
1267,1267.0,0.7761830116327216,0.802,0.0012991804139573944,0.4578164617444406,0.0,-0.0707708497763746,74.0,17.135135135135137,86.33080731091898,0.7876385741731091
1268,1268.0,0.7769500632632688,0.802,0.0013010325299938033,0.45829550433594607,0.0,-0.06992639327024164,74.0,17.14864864864865,87.96485901769557,0.7915834398183338
1269,1269.0,0.7777147982600082,0.802,0.0013028321033000329,0.45878427920889064,0.0,-0.06908326766482786,74.0,17.16216216216216,87.47543448380034,0.7904173504079194
1270,1270.0,0.7784772171604291,0.802,0.001304579077866721,0.45928536145589677,0.0,-0.06824146981627299,74.0,17.175675675675677,97.61179041100785,0.8121811590983188
1271,1271.0,0.7792373205327842,0.802,0.0013062734049059845,0.459793562524865,0.0,-0.06740099659061105,74.0,17.18918918918919,86.53469041671167,0.788138915791478
1272,1272.0,0.7799951089766574,0.802,0.0013079150428258932,0.4603111675585567,0.0,-0.06656184486373151,74.0,17.2027027027027,90.51484522699242,0.797454955732873
1273,1273.0,0.780750583123494,0.802,0.0013095039572033301,0.46083390274784863,0.0,-0.06572401152134066,74.0,17.216216216216218,96.7191911583094,0.8104478220529632
1274,1274.0,0.7815037436371471,0.802,0.0013110401207552015,0.46136356648466187,0.0,-0.06488749345892186,74.0,17.22972972972973,94.9594125670904,0.8069350595405113
1275,1275.0,0.7822545912143816,0.802,0.0013125235133081043,0.46188985133625926,0.0,-0.06405228758169934,74.0,17.243243243243242,98.14885474968949,0.8132088919418458
1276,1276.0,0.7830031265853876,0.802,0.0013139541217663507,0.4624182165987922,0.0,-0.06321839080459757,74.0,17.256756756756758,93.70957787620127,0.8043600905176064
1277,1277.0,0.7837493505142801,0.802,0.0013153319400785132,0.4629523910492311,0.0,-0.06238580005220573,74.0,17.27027027027027,92.08934548691141,0.8009179755117378
1278,1278.0,0.784493263799571,0.802,0.0013166569692023903,0.4634887285930895,0.0,-0.06155451225873754,74.0,17.283783783783782,89.6617738716753,0.7955278761317821
1279,1279.0,0.7852348672746451,0.802,0.0013179292170684754,0.4640443265010636,0.0,-0.06072452436799569,74.0,17.2972972972973,96.4909571900346,0.8099994666108798
1280,1280.0,0.7859741618082166,0.802,0.0013191486985419624,0.46460200006744123,0.0,-0.05989583333333326,74.0,17.31081081081081,91.36474636551436,0.7993390879673776
1281,1281.0,0.78671114830477,0.802,0.001320315435383281,0.46516563985772136,0.0,-0.05906843611761636,74.0,17.324324324324323,86.9700366848959,0.7891994296868304
1282,1282.0,0.7874458277049972,0.802,0.001321429456207178,0.4657379270163435,0.0,-0.05824232969318777,74.0,17.33783783783784,87.70756391762193,0.7909720380496185
1283,1283.0,0.7881782009862132,0.802,0.0013224907964404196,0.4663243973993458,0.0,-0.05741751104182913,74.0,17.35135135135135,95.81001221437594,0.8086490867748529
1284,1284.0,0.7889082691627621,0.802,0.0013234994982780875,0.4669095055873514,0.0,-0.056593977154724806,74.0,17.364864864864863,94.77053606081569,0.8065502835019467
1285,1285.0,0.7896360332864175,0.8286,0.0013256913034587405,0.46750722913368536,0.0,-0.05577172503242522,74.0,17.37837837837838,88.19376803806851,0.7921243899521356
1286,1286.0,0.7903614944467562,0.8286,0.0013285415092266514,0.46811589268065124,0.0,-0.05495075168481067,74.0,17.39189189189189,98.39077472271693,0.8136681677220248
1287,1287.0,0.7910846537715338,0.8286,0.0013313445492447598,0.4687254155304433,0.0,-0.05413105413105401,74.0,17.405405405405407,91.6068195952347,0.7998693392660144
1288,1288.0,0.7918055124270377,0.8286,0.0013341002709319231,0.4693381199128784,0.0,-0.05331262939958581,74.0,17.41891891891892,91.06632943821093,0.7986815385397452
1289,1289.0,0.7925240716184303,0.8286,0.0013368085280248826,0.46995757066729055,0.0,-0.05249547452805792,74.0,17.43243243243243,92.64657703660448,0.8021153730688845
1290,1290.0,0.7932403325900852,0.8286,0.001339469180574411,0.47058320474798093,1.0,-0.05167958656330751,74.0,17.445945945945947,88.16984256836304,0.792067981531004
1291,1291.0,0.7818146362042903,0.802,0.0013181758919621315,0.4630533001112529,0.0,-0.06506584043377206,75.0,17.226666666666667,91.14520372524272,0.7988557534129916
1292,1292.0,0.7825577051568335,0.802,0.001319644710211408,0.46357239086741003,0.0,-0.06424148606811131,75.0,17.24,91.47464630197533,0.7995801670245164
1293,1293.0,0.7832985207841368,0.802,0.0013210609762669741,0.46409964524927133,0.0,-0.06341840680587763,75.0,17.253333333333334,97.15766065591424,0.8113032651304647
1294,1294.0,0.7840370836733151,0.802,0.0013224246841895936,0.4646227943288876,0.0,-0.06259659969088083,75.0,17.266666666666666,90.2906242019985,0.7969519704247704
1295,1295.0,0.7847733944447574,0.802,0.0013237358349473247,0.4651453793260772,0.0,-0.06177606177606165,75.0,17.28,95.65784875333433,0.8083447038349345
1296,1296.0,0.7855074537525821,0.802,0.0013249944363801676,0.465688009800955,0.0,-0.06095679012345667,75.0,17.293333333333333,96.35441751582417,0.8097302250794836
1297,1297.0,0.7862392622850957,0.802,0.0013262005031631583,0.4662401085445406,0.0,-0.06013878180416343,75.0,17.30666666666667,86.34598962588595,0.7876759139275981
1298,1298.0,0.7869688207652309,0.802,0.0013273540567680991,0.4667923037467532,0.0,-0.05932203389830493,75.0,17.32,92.20187781268605,0.801160954979912
1299,1299.0,0.7876961299509762,0.802,0.0013284551254238895,0.4673529280559565,0.0,-0.058506543494996066,75.0,17.333333333333332,91.04259745092385,0.79862906104787
1300,1300.0,0.7884211906357893,0.802,0.001329503744075412,0.46792978220015913,0.0,-0.05769230769230771,75.0,17.346666666666668,90.9535765896589,0.798431969134705
1301,1301.0,0.7891440036490049,0.802,0.0013304999543411412,0.4685002867485341,0.0,-0.05687932359723269,75.0,17.36,90.50528705986082,0.7974335651661152
1302,1302.0,0.7898645698562263,0.8286,0.0013320187783750618,0.4690756931498582,0.0,-0.05606758832565273,75.0,17.373333333333335,90.48964160395545,0.7973985418842464
1303,1303.0,0.7905828901597036,0.8286,0.0013348657549746422,0.46967408947122474,0.0,-0.055257099002302246,75.0,17.386666666666667,98.31464292765031,0.8135238781589755
1304,1304.0,0.7912989654987037,0.8286,0.0013376657976035692,0.47027558951311615,0.0,-0.05444785276073616,75.0,17.4,95.56599571341202,0.8081604947819282
1305,1305.0,0.7920127968498658,0.8286,0.0013404187537598676,0.4708762768131269,0.0,-0.05363984674329503,75.0,17.413333333333334,94.36540089252875,0.8057197536392298
1306,1306.0,0.79272438522755,0.8286,0.0013431244771649681,0.47148594813582445,0.0,-0.05283307810107196,75.0,17.426666666666666,95.98216334602064,0.8089922888355754
1307,1307.0,0.7934337316841588,0.8286,0.0013457828277606907,0.4720960464667743,0.0,-0.0520275439938791,75.0,17.44,92.84430040708408,0.8025367927492673
1308,1308.0,0.7941408373104696,0.8286,0.0013483936717046828,0.47270910833447394,0.0,-0.051223241590214075,75.0,17.453333333333333,90.45637152559834,0.7973240245642048
1309,1309.0,0.7948457032359332,0.8286,0.001350956881364528,0.47332277147368096,1.0,-0.05042016806722671,75.0,17.466666666666665,87.15145706873231,0.7896382464509494
1310,1310.0,0.7835844726692411,0.802,0.0013281359095653467,0.4657673411238151,0.0,-0.0636132315521627,76.0,17.25,92.41204370469457,0.8016131599478739
1311,1311.0,0.7843155454783567,0.802,0.0013294859362864182,0.46628251729638204,0.0,-0.0628019323671496,76.0,17.263157894736842,95.21268814424512,0.8074486322079392
1312,1312.0,0.7850444226873237,0.802,0.001330783634113254,0.46679587015262486,0.0,-0.061991869918699205,76.0,17.276315789473685,94.59148994661913,0.8061841150437593
1313,1313.0,0.7857711047839115,0.802,0.0013320290107743725,0.46732086318202914,0.0,-0.06118304138106123,76.0,17.289473684210527,90.10069238318121,0.7965239461716328
1314,1314.0,0.7864955922889519,0.802,0.001333222080736216,0.46786525049661687,0.0,-0.0603754439370876,76.0,17.30263157894737,91.65240773460035,0.7999688847627274
1315,1315.0,0.7872178857567681,0.802,0.0013343628651660221,0.4684097306279402,0.0,-0.05956907477820006,76.0,17.31578947368421,89.83641152166292,0.7959253600761593
1316,1316.0,0.7879379857756013,0.802,0.0013354513918932944,0.46896099395998103,1.0,-0.058763931104356626,76.0,17.32894736842105,84.77431868191077,0.7837395378885502
1317,1317.0,0.7765060623282057,0.802,0.001318949339625219,0.4626771878944266,0.0,-0.07188053657301952,77.0,17.116883116883116,89.3705114892508,0.7948614925904457
1318,1318.0,0.7772512313082426,0.802,0.0013208060768122264,0.46312128518416606,0.0,-0.07106727364693977,77.0,17.12987012987013,86.0804616623319,0.7870209687623475
1319,1319.0,0.7779942576083356,0.802,0.0013226110060769358,0.46356890163032693,0.0,-0.07025524387161997,77.0,17.142857142857142,95.33539584667905,0.8076964681321773
1320,1320.0,0.7787351412685476,0.802,0.0013243640669134097,0.4640225527788092,0.0,-0.06944444444444442,77.0,17.155844155844157,87.97477443105247,0.7916069299194223
1321,1321.0,0.7794738823559911,0.802,0.0013260652057407595,0.46448962015482154,0.0,-0.0686348725712842,77.0,17.16883116883117,91.50510331256987,0.7996468757517383
1322,1322.0,0.7802104809653657,0.802,0.0013277143758816663,0.4649582481415016,0.0,-0.06782652546646495,77.0,17.181818181818183,85.17333930975498,0.7847526763432463
1323,1323.0,0.780944937219488,0.802,0.0013293115375394016,0.465432620527175,0.0,-0.06701940035273357,77.0,17.194805194805195,89.399222051477,0.7949273728268372
1324,1324.0,0.7816772512698071,0.802,0.0013308566577732684,0.4659111352399045,0.0,-0.06621349446122848,77.0,17.207792207792206,88.59871998975909,0.7930745124144859
1325,1325.0,0.7824074232969063,0.802,0.0013323497104726042,0.46640539245912893,1.0,-0.06540880503144653,77.0,17.22077922077922,82.21637407733539,0.7770111667039901
1326,1326.0,0.7708738918400206,0.778,0.0013122473701334416,0.4609034878447898,0.0,-0.07843137254901955,78.0,17.012820512820515,90.93127068226521,0.7983825234622067
1327,1327.0,0.7716280606575809,0.782,0.00131300098791793,0.4613428166093067,0.0,-0.07761868877166522,78.0,17.025641025641026,91.49594360612697,0.7996268182963944
1328,1328.0,0.7723801425466142,0.802,0.0013139737675518278,0.46178476895202236,0.0,-0.07680722891566272,78.0,17.03846153846154,88.91406416034847,0.7938083979574837
1329,1329.0,0.7731301372264543,0.802,0.0013161233495467134,0.4622226530933572,0.0,-0.07599699021820916,78.0,17.05128205128205,87.37888193468014,0.7901857642555055
1330,1330.0,0.7738780444379115,0.802,0.001318221843300412,0.46266412181480254,0.0,-0.07518796992481191,78.0,17.064102564102566,93.7885184672855,0.8045247581160139
1331,1331.0,0.774623863943886,0.802,0.0013202691478424978,0.463100827488694,0.0,-0.07438016528925617,78.0,17.076923076923077,90.5694470416215,0.7975770645380204
1332,1332.0,0.775367595529954,0.802,0.0013222651691180251,0.46354043960515756,0.0,-0.07357357357357341,78.0,17.08974358974359,89.6682576646769,0.7955426612403622
1333,1333.0,0.77610923900496,0.802,0.001324209819976133,0.4639863220584495,0.0,-0.0727681920480121,78.0,17.102564102564102,90.85335103987458,0.798209607862598
1334,1334.0,0.7768487942015835,0.802,0.0013261030201571604,0.4644245114405877,0.0,-0.07196401799100438,78.0,17.115384615384617,100.68443307006855,0.8179129307846948
1335,1335.0,0.7775862609769095,0.802,0.001327944696278087,0.46486342169311795,0.0,-0.07116104868913853,78.0,17.128205128205128,87.50780084695852,0.7904948683901186
1336,1336.0,0.7783216392129838,0.802,0.0013297347818164399,0.46530441889820967,0.0,-0.07035928143712566,78.0,17.141025641025642,93.95266249698803,0.8048662715234806
1337,1337.0,0.7790549288173594,0.802,0.0013314732170926539,0.46575181899507273,0.0,-0.0695587135377711,78.0,17.153846153846153,108.92760460042379,0.8316924952073902
1338,1338.0,0.7797861297236327,0.802,0.001333159949250876,0.46620127853767046,0.0,-0.06875934230194325,78.0,17.166666666666668,87.19422794287705,0.789741433970332
1339,1339.0,0.7805152418919671,0.802,0.0013347949322382456,0.4666614182063198,0.0,-0.06796116504854366,78.0,17.17948717948718,93.61246735087329,0.8041571400461297
1340,1340.0,0.7812422653096123,0.802,0.0013363781267826768,0.46712982945908144,0.0,-0.06716417910447747,78.0,17.192307692307693,94.09893028357077,0.8051695882398968
1341,1341.0,0.7819671999914115,0.802,0.0013379095003691421,0.46759313229194766,0.0,-0.06636838180462323,78.0,17.205128205128204,92.93533738259224,0.8027302224356334
1342,1342.0,0.7826900459802958,0.802,0.0013393890272144833,0.4680702390926239,0.0,-0.06557377049180313,78.0,17.21794871794872,87.33212582097396,0.7900734333329335
1343,1343.0,0.7834108033477705,0.802,0.0013408166882407759,0.4685641885966576,0.0,-0.06478034251675346,78.0,17.23076923076923,94.88677114292621,0.8067872569326006
1344,1344.0,0.784129472194394,0.802,0.0013421924710472365,0.46906361082304054,0.0,-0.06398809523809512,78.0,17.243589743589745,94.32681260840516,0.8056402752688825
1345,1345.0,0.784846052650238,0.802,0.0013435163698807412,0.46956104246088853,0.0,-0.0631970260223047,78.0,17.256410256410255,99.12986983402074,0.8150574255365213
1346,1346.0,0.7855605448753497,0.802,0.0013447883856049206,0.4700677934596496,0.0,-0.06240713224368499,78.0,17.26923076923077,95.89503071614901,0.8088187344389062
1347,1347.0,0.7862729490601912,0.802,0.0013460085256678815,0.4705748293905101,0.0,-0.06161841128433543,78.0,17.28205128205128,91.62618602446193,0.7999116395782447
1348,1348.0,0.7869832654260783,0.802,0.0013471768040685657,0.4710913107822106,0.0,-0.060830860534124565,78.0,17.294871794871796,89.96450144507533,0.7962159180693498
1349,1349.0,0.7876914942256036,0.802,0.0013482932413217735,0.47161560938651387,1.0,-0.060044477390659656,78.0,17.307692307692307,84.98186594184797,0.7842677007600821
1350,1350.0,0.7764495148819496,0.802,0.0013313441304077674,0.46572928117024126,0.0,-0.07283950617283952,79.0,17.10126582278481,88.97966948000513,0.7939604244377074
1351,1351.0,0.7771814864091126,0.802,0.0013332224791806947,0.466159224685239,0.0,-0.07204539847026892,79.0,17.11392405063291,87.48997706957837,0.7904521872402214
1352,1352.0,0.7779114219223175,0.802,0.0013350495172604283,0.4665906644424931,0.0,-0.07125246548323472,79.0,17.126582278481013,88.5236861191946,0.7928991195797244
1353,1353.0,0.7786393211824015,0.802,0.0013368251790091732,0.4670283688488512,0.0,-0.07046070460704601,79.0,17.139240506329113,91.15115460604989,0.7988688852865445
1354,1354.0,0.7793651839747302,0.802,0.0013385494055325829,0.4674673622461204,0.0,-0.06967011324470707,79.0,17.151898734177216,83.11767978121642,0.7794291974753073
1355,1355.0,0.7800890101097268,0.802,0.001340222144661213,0.4679052188330259,0.0,-0.06888068880688802,79.0,17.164556962025316,93.98095887875871,0.8049250236211734
1356,1356.0,0.7808107994233857,0.802,0.0013418433509305495,0.46835194029638305,0.0,-0.0680924287118978,79.0,17.17721518987342,88.49653127361131,0.792835571411824
1357,1357.0,0.7815305517777802,0.802,0.0013434129855595372,0.46881131970855217,0.0,-0.06730533038565456,79.0,17.189873417721518,84.96721699639943,0.7842305069953012
1358,1358.0,0.7822482670615538,0.802,0.0013449310164276368,0.469266065953915,0.0,-0.06651939126165929,79.0,17.20253164556962,99.54688973184281,0.8158321833789156
1359,1359.0,0.7829639451904146,0.802,0.001346397418050452,0.4697283422229456,0.0,-0.06573460878096626,79.0,17.21518987341772,94.44572679655228,0.8058849886048779
1360,1360.0,0.7836775861076053,0.802,0.001347812171553965,0.4702113275777628,0.0,-0.06495098039215685,79.0,17.227848101265824,95.15536200741587,0.8073326300634058
1361,1361.0,0.7843891897843744,0.802,0.0013491752646473173,0.47069616383226764,0.0,-0.06416850355131021,79.0,17.240506329113924,92.05267763167468,0.800838674061286
1362,1362.0,0.7850987562204329,0.802,0.001350486691594218,0.47118846615666116,0.0,-0.0633871757219775,79.0,17.253164556962027,88.19667103635742,0.7921312321892993
1363,1363.0,0.7858062854444028,0.802,0.0013517464531830183,0.47168669839936767,0.0,-0.06260699437515282,79.0,17.265822784810126,92.49019779221526,0.8017807965497029
1364,1364.0,0.7865117775142529,0.802,0.0013529545566953794,0.47218955744353136,0.0,-0.06182795698924726,79.0,17.27848101265823,86.49311917504266,0.7880370888667944
1365,1365.0,0.7872152325177306,0.802,0.001354111015873644,0.4726955789622669,0.0,-0.061050061050061055,79.0,17.29113924050633,89.86496883464817,0.7959902109678942
1366,1366.0,0.7879166505727757,0.802,0.0013552158508868962,0.4732080080553396,0.0,-0.06027330405075637,79.0,17.303797468354432,89.01978869038058,0.794053281825927
1367,1367.0,0.7886160318279342,0.802,0.0013562690882957004,0.47372809676088246,0.0,-0.059497683491831266,79.0,17.31645569620253,89.19538677727492,0.7944587271187855
1368,1368.0,0.7893133764627503,0.802,0.0013572707610156013,0.4742501563664482,0.0,-0.05872319688109151,79.0,17.329113924050635,88.1754785071184,0.7920812719847811
1369,1369.0,0.7900086846881602,0.802,0.0013582209082793465,0.4747721556410414,0.0,-0.057949841733625496,79.0,17.341772151898734,90.54955819141168,0.7975326031455757
1370,1370.0,0.7907019567468693,0.802,0.0013591195755978825,0.4753021997670011,0.0,-0.05717761557177603,79.0,17.354430379746834,91.49591940116981,0.7996267652883006
1371,1371.0,0.7913931929137182,0.802,0.0013599668147201596,0.47584739965455364,0.0,-0.056406515925115475,79.0,17.367088607594937,99.9339046563086,0.8165454117260293
1372,1372.0,0.7920823934960431,0.8286,0.0013626144569613941,0.47639846472759695,0.0,-0.05563654033041776,79.0,17.379746835443036,91.25071485083973,0.7990883319292197
1373,1373.0,0.7927695588340254,0.8286,0.0013653597412244323,0.4769593574742201,0.0,-0.05486768633163397,79.0,17.39240506329114,93.51775462795096,0.8039587947094081
1374,1374.0,0.7934546893010286,0.8286,0.0013680586910301005,0.47752020863255656,0.0,-0.05409995147986413,79.0,17.40506329113924,95.26237748680525,0.8075490679846545
1375,1375.0,0.794137785303926,0.8286,0.0013707111657923516,0.47809255413251855,0.0,-0.05333333333333323,79.0,17.417721518987342,94.55102026649362,0.8061011580661898
1376,1376.0,0.7948188472834209,0.8286,0.0013733170307898847,0.4786638192170826,0.0,-0.05256782945736416,79.0,17.430379746835442,93.47276521209905,0.8038644380346172
1377,1377.0,0.7954978757143547,0.8286,0.0013758761571632271,0.4792349753673237,0.0,-0.05180343742435234,79.0,17.443037974683545,91.51750726003905,0.7996740308797883
1378,1378.0,0.7961748711060057,0.8286,0.0013783884219105177,0.4798136013085456,1.0,-0.05104015481373958,79.0,17.455696202531644,87.3981399228955,0.7902319963616229
1379,1379.0,0.7853435066959377,0.802,0.0013574278044040287,0.47280587309824756,0.0,-0.06357263717669803,80.0,17.25,91.18204915919435,0.7989370330850402
1380,1380.0,0.7860442186719891,0.802,0.0013586756873115123,0.47329553994385104,0.0,-0.0628019323671496,80.0,17.2625,89.14137678668311,0.7943341914360901
1381,1381.0,0.7867429427159587,0.802,0.0013598721264331207,0.47379058280412734,0.0,-0.06203234371228561,80.0,17.275,89.59291879777037,0.7953707326500274
1382,1382.0,0.7874396787918819,0.802,0.001361017135240802,0.4742895525662004,0.0,-0.06126386878919421,80.0,17.2875,90.65007176401419,0.7977571007217756
1383,1383.0,0.7881344268929296,0.802,0.0013621107335462152,0.4747892071779123,0.0,-0.06049650518197147,80.0,17.3,88.30027458485836,0.7923751265833876
1384,1384.0,0.7888271870418015,0.802,0.0013631529474665105,0.475298396694777,0.0,-0.059730250481695446,80.0,17.3125,99.95424431958557,0.8165827428526614
1385,1385.0,0.7895179592911313,0.802,0.0013641438093888614,0.47580663878842333,0.0,-0.05896510228640195,80.0,17.325,95.80649063621487,0.8086420532514179
1386,1386.0,0.7902067437238549,0.802,0.0013650833579337703,0.47632087723113914,0.0,-0.05820105820105814,80.0,17.3375,93.34337428451491,0.803592558402137
1387,1387.0,0.7908935404536016,0.802,0.001365971637917151,0.47683982473670256,0.0,-0.057438115837538994,80.0,17.35,91.51102086004873,0.7996598315587453
1388,1388.0,0.791578349625042,0.802,0.001366808700311239,0.4773726140155703,0.0,-0.0566762728146013,80.0,17.3625,92.76165146149368,0.8023608566203277
1389,1389.0,0.7922611714142547,0.8286,0.001368770024373648,0.4779175494797443,0.0,-0.05591552675785927,80.0,17.375,92.47347291531557,0.8017449463575089
1390,1390.0,0.7929420060290628,0.8286,0.001371514182601174,0.47846586496425086,0.0,-0.05515587529976007,80.0,17.3875,89.54239441866136,0.795255270396114
1391,1391.0,0.7936208537093767,0.8286,0.0013742122241755554,0.47901360005804955,0.0,-0.054397316079559,80.0,17.4,95.04069696395499,0.8071001800388058
1392,1392.0,0.7942977147275165,0.8286,0.0013768640083599126,0.47957011445748954,0.0,-0.05363984674329503,80.0,17.4125,96.20802891927866,0.8094407136361194
1393,1393.0,0.7949725893885278,0.8286,0.0013794694001990882,0.4801366313747674,0.0,-0.05288346494376639,80.0,17.425,93.66368639579234,0.8042642347444813
1394,1394.0,0.795645478030493,0.8286,0.0013820282705173704,0.48069591655942356,0.0,-0.05212816834050682,80.0,17.4375,93.45325111630197,0.8038234827109694
1395,1395.0,0.7963163810248234,0.8286,0.0013845404959150168,0.48126781626288395,1.0,-0.05137395459976091,80.0,17.45,84.61722469082298,0.7833380449391926
1396,1396.0,0.7855805966280981,0.802,0.0013643402217936784,0.47441309601984766,0.0,-0.06375358166189105,81.0,17.246913580246915,99.6942552588202,0.8161044155880653
1397,1397.0,0.7862746320118781,0.802,0.0013655765901833476,0.47489387828001406,0.0,-0.06299212598425186,81.0,17.25925925925926,95.74423490074875,0.808517626650438
1398,1398.0,0.7869667270930585,0.802,0.0013667617258903482,0.47537807682257155,0.0,-0.062231759656652175,81.0,17.271604938271604,93.90363648701182,0.8047643944452664
1399,1399.0,0.7876568817211839,0.802,0.0013678956421034128,0.4758706159716422,0.0,-0.061472480343102154,81.0,17.28395061728395,94.3087623662417,0.8056030757551766
1400,1400.0,0.7883450957738943,0.802,0.0013689783582659897,0.4763648315670251,0.0,-0.06071428571428572,81.0,17.296296296296298,99.97598701396518,0.8166226322849662
1401,1401.0,0.7890313691573086,0.802,0.0013700099000430303,0.4768621041192507,0.0,-0.05995717344753748,81.0,17.308641975308642,104.56601167558121,0.8246721564726693
1402,1402.0,0.7897157018064211,0.802,0.0013709902992865147,0.47735827026788014,0.0,-0.05920114122681874,81.0,17.320987654320987,91.79781418484774,0.8002857312439204
1403,1403.0,0.7903980936854754,0.802,0.0013719195939997982,0.4778587803417651,0.0,-0.058446186742694195,81.0,17.333333333333332,91.1161305133849,0.798791572578467
1404,1404.0,0.7910785447883354,0.802,0.0013727978283007577,0.4783715699099403,1.0,-0.05769230769230771,81.0,17.34567901234568,87.53124045716064,0.790550970858159
1405,1405.0,0.7802421968700837,0.802,0.0013595864042399972,0.4725318051031821,0.0,-0.06998813760379585,82.0,17.146341463414632,88.53628515392994,0.7929285907867171
1406,1406.0,0.7809448327103569,0.802,0.0013612195226307992,0.472949885826603,0.0,-0.06922712185870084,82.0,17.158536585365855,93.4029653339457,0.8037178662606079
1407,1407.0,0.7816455773280748,0.802,0.0013628017388529565,0.47336978090148263,0.0,-0.06846718787017303,82.0,17.170731707317074,90.82008373479927,0.7981356922454741
1408,1408.0,0.7823444302654072,0.802,0.0013643330154140467,0.4737880666579151,0.0,-0.06770833333333326,82.0,17.182926829268293,97.66634609379595,0.8122860732833547
1409,1409.0,0.7830413910881764,0.802,0.001365813321206393,0.4742114994568892,0.0,-0.066950555949846,82.0,17.195121951219512,89.80815104536994,0.7958611426698723
1410,1410.0,0.7837364593863082,0.802,0.0013672426314849215,0.474648643955525,0.0,-0.06619385342789585,82.0,17.20731707317073,93.51738130486872,0.8039580121093611
1411,1411.0,0.7844296347742814,0.802,0.001368620927843803,0.4750904602589064,0.0,-0.06543822348216377,82.0,17.21951219512195,93.6708857798353,0.8042792786605635
1412,1412.0,0.7851209168915715,0.802,0.0013699481981917004,0.4755417541664406,0.0,-0.0646836638338053,82.0,17.23170731707317,92.20851065593135,0.8011752580871554
1413,1413.0,0.7858103054030785,0.802,0.0013712244367257477,0.47600576819067786,0.0,-0.06393017221042685,82.0,17.24390243902439,95.26451747674722,0.8075533911373849
1414,1414.0,0.7864977999995507,0.802,0.0013724496439042446,0.47647871582629275,1.0,-0.06317774634606299,82.0,17.25609756097561,83.44309585397474,0.7802893918819044
1415,1415.0,0.7755949943181863,0.802,0.001353777128818616,0.4713312432371449,0.0,-0.07538280329799751,83.0,17.06024096385542,91.70423248231681,0.800081928204693
1416,1416.0,0.7763037636728801,0.802,0.0013557510994551775,0.47174710054328267,0.0,-0.07462335216572491,83.0,17.072289156626507,93.19002100871695,0.8032693507857623
1417,1417.0,0.7770106916284908,0.802,0.0013576748100445034,0.472158579938317,0.0,-0.0738649729475418,83.0,17.08433734939759,82.7304688470075,0.7783968398965929
1418,1418.0,0.7777157774912069,0.802,0.001359548178902084,0.47257021005536903,0.0,-0.07310766337564645,83.0,17.096385542168676,94.2794265507778,0.8055425875606147
1419,1419.0,0.7784190205865942,0.802,0.0013613711307524068,0.47297726365051845,0.0,-0.07235142118863047,83.0,17.10843373493976,89.61792193200843,0.7954278236082899
1420,1420.0,0.7791204202601,0.802,0.0013631435967171005,0.47338865347286,0.0,-0.07159624413145527,83.0,17.120481927710845,91.2969560680486,0.7991900921683687
1421,1421.0,0.7798199758775444,0.802,0.0013648655143016718,0.47379241364557456,0.0,-0.07084212995543027,83.0,17.132530120481928,91.91179099727943,0.8005333903908368
1422,1422.0,0.7805176868256029,0.802,0.0013665368273808648,0.47419909658926107,0.0,-0.07008907641819029,83.0,17.14457831325301,93.173239656559,0.8032339177975256
1423,1423.0,0.7812135525122876,0.802,0.001368157486182653,0.4746078788649331,0.0,-0.06933708128367289,83.0,17.156626506024097,92.23438663951102,0.8012310375631666
1424,1424.0,0.781907572367411,0.802,0.0013697274472708717,0.47501835672940884,0.0,-0.06858614232209725,83.0,17.16867469879518,95.54344975623314,0.8081152252707173
1425,1425.0,0.7825997458430519,0.802,0.0013712466735264824,0.47542795276501787,0.0,-0.06783625730994136,83.0,17.180722891566266,91.63972465303866,0.7999412001427765
1426,1426.0,0.7832900724140112,0.802,0.0013727151341275468,0.47583704989182196,0.0,-0.0670874240299204,83.0,17.19277108433735,92.69621223354012,0.8022213325486905
1427,1427.0,0.7839785515782514,0.802,0.001374132804527848,0.47626222771512744,0.0,-0.06633964027096462,83.0,17.204819277108435,99.3336076072764,0.8154367512170133
1428,1428.0,0.7846651828573414,0.802,0.0013754996664342234,0.47669649174832057,1.0,-0.06559290382819793,83.0,17.216867469879517,81.54139079354287,0.7751653098516303
1429,1429.0,0.7737939631488712,0.782,0.001355740146504324,0.4717971953086197,0.0,-0.07767669699090263,84.0,17.023809523809526,89.06488517820361,0.7941575594393743
1430,1430.0,0.7745011767868173,0.802,0.001356717065143006,0.47220182362857566,0.0,-0.07692307692307687,84.0,17.035714285714285,89.91192634927353,0.796096757374374
1431,1431.0,0.7752065959292519,0.802,0.001358777395587475,0.47261421967352074,0.0,-0.07617051013277432,84.0,17.047619047619047,95.50507211015237,0.8080381185180586
1432,1432.0,0.7759102197529806,0.802,0.0013607878432516398,0.4730287151419802,0.0,-0.07541899441340782,84.0,17.05952380952381,86.96428609248561,0.7891854903076416
1433,1433.0,0.7766120474518726,0.802,0.0013627483147472677,0.4734358797592883,0.0,-0.07466852756454978,84.0,17.071428571428573,97.44214561120727,0.811854170304469
1434,1434.0,0.7773120782373559,0.802,0.0013646587230241778,0.47384051499147406,0.0,-0.07391910739191077,84.0,17.083333333333332,91.87711966239037,0.8004581184009621
1435,1435.0,0.7780103113389232,0.802,0.001366518987361595,0.47424608524708545,0.0,-0.07317073170731714,84.0,17.095238095238095,91.23674162887231,0.7990575616136245
1436,1436.0,0.7787067460046221,0.802,0.0013683290333581489,0.4746537900821138,0.0,-0.0724233983286906,84.0,17.107142857142858,96.49950487520996,0.8100162963836819
1437,1437.0,0.779401381501547,0.802,0.001370088792920497,0.47505633698644767,0.0,-0.07167710508002778,84.0,17.11904761904762,102.96208896460755,0.8219409345935543
1438,1438.0,0.7800942171163143,0.802,0.0013717982042505733,0.47545497423448513,0.0,-0.0709318497913769,84.0,17.13095238095238,87.5509070307247,0.7905980194254353
1439,1439.0,0.7807852521555335,0.802,0.0013734572118314903,0.47585449054436885,0.0,-0.07018763029881869,84.0,17.142857142857142,89.96970189191816,0.7962276972379277
1440,1440.0,0.7814744859462772,0.802,0.0013750657664120872,0.4762543400739353,0.0,-0.06944444444444442,84.0,17.154761904761905,97.47225237289743,0.8119122838857165
1441,1441.0,0.7821619178365361,0.802,0.001376623824990177,0.47665418768135426,1.0,-0.06870229007633588,84.0,17.166666666666668,83.40282312857596,0.7801833002095122
1442,1442.0,0.7713025838204411,0.778,0.001360394325826175,0.4719113741656827,0.0,-0.08067498844197862,85.0,16.976470588235294,87.60422643455246,0.7907254697690889
1443,1443.0,0.7720098656263262,0.778,0.0013608975741107583,0.47230346365650505,0.0,-0.07992607992607992,85.0,16.988235294117647,91.65042434149422,0.7999645559193225
1444,1444.0,0.7727153998976262,0.782,0.0013613991169386579,0.4727001829043627,0.0,-0.07917820867959358,85.0,17.0,100.95630795034556,0.8184032904377762
1445,1445.0,0.7734191856833733,0.782,0.0013620972287446476,0.4730980945426592,0.0,-0.07843137254901955,85.0,17.011764705882353,90.64678572237754,0.7977497692032618
1446,1446.0,0.774121222046865,0.782,0.001362742728449177,0.4734907233826209,0.0,-0.07768556938681415,85.0,17.023529411764706,104.30228409687201,0.8242288412753643
1447,1447.0,0.7748215080661729,0.802,0.0013637226235526706,0.4738937089369329,0.0,-0.07694079705137069,85.0,17.03529411764706,94.21733098877048,0.8054144270387108
1448,1448.0,0.7755200428346638,0.802,0.0013657694320016152,0.47430156565905585,0.0,-0.07619705340699823,85.0,17.04705882352941,87.14380766602721,0.7896197810911063
1449,1449.0,0.7762168254614985,0.802,0.0013677665499475117,0.4747105760639465,0.0,-0.07545433632390153,85.0,17.058823529411764,85.1206765992362,0.7846195064960534
1450,1450.0,0.7769118550721374,0.802,0.0013697138851035996,0.47511012829669663,0.0,-0.07471264367816088,85.0,17.070588235294117,92.99453782752579,0.8028558046351537
1451,1451.0,0.7776051308088264,0.802,0.0013716113514328368,0.475509943627738,0.0,-0.07397197335171146,85.0,17.08235294117647,93.10975901041623,0.8030997660376032
1452,1452.0,0.7782966518310935,0.802,0.0013734588691396397,0.4759096783675077,0.0,-0.0732323232323231,85.0,17.094117647058823,88.75649775450644,0.7934423529864607
1453,1453.0,0.7789864173162158,0.802,0.0013752563646603423,0.476314801715863,0.0,-0.07249369121358096,85.0,17.105882352941176,96.00264440934652,0.8090330381404738
1454,1454.0,0.7796744264597071,0.802,0.0013770037706522403,0.4767111949973543,0.0,-0.07175607519486471,85.0,17.11764705882353,94.09087062195563,0.805152899403023
1455,1455.0,0.7803606784757736,0.802,0.0013787010259813787,0.47710683700702167,0.0,-0.07101947308132872,85.0,17.129411764705882,87.63844095819447,0.7908071716830432
1456,1456.0,0.7810451725977798,0.802,0.001380348075708919,0.47749943078578516,0.0,-0.07028388278388276,85.0,17.141176470588235,89.22359245195483,0.7945237035461727
1457,1457.0,0.7817279080786992,0.802,0.0013819448710763141,0.4778895343934469,0.0,-0.06954930221917177,85.0,17.152941176470588,93.63631257177083,0.8042070129653909
1458,1458.0,0.7824088841915625,0.802,0.0013834913694890595,0.47827825234229054,0.0,-0.06881572930955637,85.0,17.16470588235294,92.1130843683811,0.8009692818447575
1459,1459.0,0.783088100229895,0.802,0.0013849875344992587,0.4786719123853953,0.0,-0.06808316198309328,85.0,17.176470588235293,87.74576673238275,0.791063044793392
1460,1460.0,0.7837655555081506,0.802,0.0013864333357868559,0.479070035149236,0.0,-0.06735159817351577,85.0,17.188235294117646,100.98851849568686,0.8184612111710864
1461,1461.0,0.7844412493621375,0.802,0.0013878287491396293,0.4794726957321551,0.0,-0.06662103582021439,85.0,17.2,88.67152090244764,0.7932444019596457
1462,1462.0,0.7851151811494368,0.802,0.0013891737564319425,0.4798804408958946,0.0,-0.06589147286821695,85.0,17.211764705882352,87.98507877588298,0.7916313358082875
1463,1463.0,0.7857873502498117,0.802,0.0013904683456022308,0.4802963820563267,1.0,-0.06516290726817031,85.0,17.223529411764705,83.65318529732346,0.7808411805459377
1464,1464.0,0.7751332384228729,0.802,0.0013706960330457485,0.47557306590915255,0.0,-0.07695810564663019,86.0,17.03488372093023,84.81999489250883,0.7838559957877043
1465,1465.0,0.7758250303019767,0.802,0.0013727296764450177,0.47597726830339276,0.0,-0.07622298065984068,86.0,17.046511627906977,88.00351117934304,0.7916749787861113
1466,1466.0,0.7765151118189619,0.802,0.00137471381932803,0.47637707305743754,0.0,-0.0754888585720781,86.0,17.058139534883722,87.24812994923522,0.7898713319815511
1467,1467.0,0.7772034820371124,0.802,0.0013766483704686732,0.47677377242346564,0.0,-0.07475573733242435,86.0,17.069767441860463,82.70016063429001,0.7783156260795487
1468,1468.0,0.7778901400357479,0.802,0.0013785332448042588,0.4771680816011698,0.0,-0.07402361489554932,86.0,17.08139534883721,90.92957948878255,0.7983787735915461
1469,1469.0,0.778575084910701,0.802,0.0013803683634276435,0.47756272626446333,0.0,-0.07329248922169285,86.0,17.093023255813954,88.81835262580324,0.7935862038494149
1470,1470.0,0.7792583157747822,0.802,0.00138215365357811,0.47796055860155456,0.0,-0.07256235827664392,86.0,17.1046511627907,96.10515784743798,0.8092367387561388
1471,1471.0,0.7799398317582393,0.802,0.0013838890486308664,0.4783533581511262,0.0,-0.07183322003172443,86.0,17.11627906976744,91.90944572062128,0.8005283005507238
1472,1472.0,0.7806196320092166,0.802,0.001385574488085262,0.4787446194211784,0.0,-0.07110507246376807,86.0,17.127906976744185,89.4250058699474,0.7949865012030766
1473,1473.0,0.7812977156941976,0.802,0.0013872099175517383,0.47913093980346655,1.0,-0.07037791355510303,86.0,17.13953488372093,82.80148363121555,0.7785868980924661
1474,1474.0,0.7705936932474993,0.778,0.0013732907146863514,0.4745454677351755,0.0,-0.08208955223880587,87.0,16.95402298850575,88.07401990833041,0.7918417559183161
1475,1475.0,0.7712905394168814,0.778,0.0013738525271747915,0.47492300920841185,0.0,-0.08135593220338966,87.0,16.96551724137931,87.39446493944662,0.790223175506183
1476,1476.0,0.7719857230053996,0.778,0.0013743616683446315,0.47530360747152833,0.0,-0.08062330623306235,87.0,16.977011494252874,91.41924489877329,0.7994587096662911
1477,1477.0,0.7726792429261504,0.778,0.0013748182077592901,0.47568864879304934,0.0,-0.07989167230873373,87.0,16.988505747126435,86.23005033485589,0.7873904368356534
1478,1478.0,0.7733710981041599,0.782,0.0013753914288418944,0.4760741925143204,0.0,-0.07916102841677941,87.0,17.0,90.84712013268108,0.7981957677188035
1479,1479.0,0.7740612874768901,0.782,0.0013760468831656109,0.47645756278504686,0.0,-0.07843137254901955,87.0,17.011494252873565,92.06595042402992,0.8008673863801422
1480,1480.0,0.7747498099947299,0.782,0.0013766501748512735,0.47684339072176635,0.0,-0.07770270270270263,87.0,17.022988505747126,97.18563380364375,0.8113575781130938
1481,1481.0,0.7754366646214794,0.802,0.0013776378631754345,0.4772403974342162,1.0,-0.07697501688048614,87.0,17.03448275862069,81.29786102169659,0.7744918119255244
1482,1482.0,0.764651800384639,0.778,0.0013730539089043055,0.47301399177295345,0.0,-0.0886189833558253,88.0,16.852272727272727,91.73885001484203,0.8001573670220712
1483,1483.0,0.7653564522413121,0.778,0.0013740666071424398,0.4733657710730264,0.0,-0.0878849179590917,88.0,16.863636363636363,95.7503885018277,0.8085299326698462
1484,1484.0,0.7660594916402909,0.778,0.001375026515123452,0.47372009345852883,0.0,-0.08715184186882285,88.0,16.875,91.287367593056,0.7991689998657832
1485,1485.0,0.7667609173688459,0.778,0.0013759336458629987,0.47407246786518586,0.0,-0.08641975308641969,88.0,16.886363636363637,94.47792815934841,0.8059511497498976
1486,1486.0,0.7674607282210134,0.778,0.0013767880188693832,0.47442102452488094,0.0,-0.08568864961866307,88.0,16.897727272727273,92.57358623341982,0.8019593484570564
1487,1487.0,0.7681589229981206,0.778,0.0013775896601158164,0.4747773671393598,0.0,-0.08495852947769555,88.0,16.90909090909091,82.1109988302905,0.7767249991535821
1488,1488.0,0.7688555005093068,0.778,0.0013783386020113364,0.47513312503380045,0.0,-0.08422939068100366,88.0,16.920454545454547,89.8470623644163,0.7959495519288764
1489,1489.0,0.7695504595720408,0.778,0.0013790348833704455,0.47549586953612694,0.0,-0.08350123125139919,88.0,16.931818181818183,93.06851595867866,0.8030125102513387
1490,1490.0,0.7702437990126325,0.778,0.0013796785493814486,0.47586286200038946,0.0,-0.08277404921700215,88.0,16.943181818181817,96.94935114908998,0.8108978232856856
1491,1491.0,0.7709355176667384,0.778,0.0013802696515735021,0.47623584042351064,0.0,-0.08204784261122278,88.0,16.954545454545453,91.85276635707453,0.8004052130333983
1492,1492.0,0.7716256143798672,0.778,0.0013808082477824368,0.4766039217937362,0.0,-0.0813226094727435,88.0,16.96590909090909,85.94966728806439,0.7866968667617026
1493,1493.0,0.7723140880078733,0.778,0.001381294402115304,0.4769773074287737,0.0,-0.08059834784550102,88.0,16.977272727272727,100.7367584605783,0.8180075117216742
1494,1494.0,0.7730009374174563,0.778,0.001381728184913722,0.47736002063783955,0.0,-0.07987505577867005,88.0,16.988636363636363,90.2694541480964,0.7969043514625047
1495,1495.0,0.7736861614866429,0.782,0.0013823387222549992,0.47774039538290436,1.0,-0.07915273132664424,88.0,17.0,80.9935708322361,0.7736445850583918
1496,1496.0,0.7629436790718241,0.778,0.001376935230625183,0.47369727285266416,0.0,-0.09068627450980382,89.0,16.820224719101123,90.57866204997944,0.7975976580089318
1497,1497.0,0.7636460863006082,0.778,0.001378080857359088,0.4740405175649542,0.0,-0.08995769316410596,89.0,16.831460674157302,97.33167596565636,0.8116406282801266
1498,1498.0,0.7643469234338789,0.778,0.0013791739046151324,0.47439164448267473,0.0,-0.08923008455718717,89.0,16.84269662921348,90.9208201597657,0.7983593493644462
1499,1499.0,0.7650461892060563,0.778,0.0013802143676275482,0.4747418883845713,0.0,-0.0885034467422725,89.0,16.853932584269664,96.36152509206003,0.8097442592796411
1500,1500.0,0.7657438823563425,0.778,0.001381202248103314,0.4750893191154167,0.0,-0.08777777777777773,89.0,16.865168539325843,83.05427580234858,0.7792608128091714
1501,1501.0,0.7664400016292422,0.778,0.0013821375541987974,0.47543480514111,0.0,-0.08705307572729293,89.0,16.876404494382022,93.60048995269483,0.8041320794089978
1502,1502.0,0.7671345457750796,0.778,0.0013830203004950648,0.4757763409807568,0.0,-0.08632933865956494,89.0,16.8876404494382,83.72796447995697,0.7810369158356643
1503,1503.0,0.767827513550508,0.778,0.0013838505079718831,0.4761208778444793,0.0,-0.08560656464848071,89.0,16.89887640449438,90.48564834686006,0.7973896008010477
1504,1504.0,0.7685189037190182,0.778,0.0013846282039804193,0.47647286139031836,0.0,-0.08488475177304955,89.0,16.910112359550563,84.60533837755432,0.7833076058212759
1505,1505.0,0.7692087150514436,0.778,0.0013853534222146283,0.47682250761471745,0.0,-0.08416389811738645,89.0,16.921348314606742,96.5242021072061,0.8100649066959276
1506,1506.0,0.7698969463264559,0.778,0.001386026202681406,0.4771811822993757,0.0,-0.083444001770695,89.0,16.93258426966292,97.8014983540679,0.8125454758682561
1507,1507.0,0.7705835963310645,0.778,0.0013866465916694336,0.4775419548526745,0.0,-0.08272506082725051,89.0,16.9438202247191,90.14711898015791,0.7966287382143777
1508,1508.0,0.7712686638611013,0.778,0.0013872146417168328,0.47790980539810635,0.0,-0.08200707338638358,89.0,16.95505617977528,99.84331241673674,0.8163789552893468
1509,1509.0,0.7719521477217145,0.778,0.001387730411577536,0.47826919509935006,0.0,-0.08129003755246278,89.0,16.96629213483146,98.27106895617747,0.8134411935469145
1510,1510.0,0.7726340467278455,0.778,0.0013881939661864978,0.4786391139903162,0.0,-0.08057395143487844,89.0,16.97752808988764,87.49766882282644,0.790470608188929
1511,1511.0,0.7733143597047063,0.778,0.0013886053766236717,0.47901749459274834,0.0,-0.07985881314802556,89.0,16.98876404494382,98.07500175523063,0.8130682334414991
1512,1512.0,0.7739930854882521,0.782,0.0013892541953334108,0.4793927094458659,0.0,-0.07914462081128737,89.0,17.0,85.59279070407507,0.7858075057195152
1513,1513.0,0.7746702229256526,0.782,0.001389868512396011,0.4797696612199052,0.0,-0.07843137254901955,89.0,17.01123595505618,85.67998919896264,0.786025494345472
1514,1514.0,0.7753457708757497,0.782,0.0013904311048610967,0.48015374380271303,0.0,-0.07771906649053273,89.0,17.02247191011236,90.02022888092695,0.79634207154057
1515,1515.0,0.7760197282095217,0.802,0.0013914289599090076,0.48054075541480407,0.0,-0.0770077007700769,89.0,17.03370786516854,90.52728269420837,0.7974827832261198
1516,1516.0,0.7766920938105293,0.802,0.0013934251495262048,0.48092751446028836,0.0,-0.07629727352682503,89.0,17.04494382022472,90.3294759583582,0.7970393037397341
1517,1517.0,0.7773628665753736,0.802,0.001395372395437487,0.48131176942635406,0.0,-0.07558778290485613,89.0,17.0561797752809,93.28736280849687,0.8034746317036686
1518,1518.0,0.7780320454141275,0.802,0.0013972706093716173,0.48169077305976116,0.0,-0.07487922705313999,89.0,17.06741573033708,91.88928951084372,0.8004845457949716
1519,1519.0,0.7786996292507843,0.802,0.0013991197089734016,0.4820695381968744,0.0,-0.07417160412552115,89.0,17.078651685393258,95.56728178091865,0.8081630764034785
1520,1520.0,0.7793656170236868,0.802,0.001400919617796944,0.48245059408001484,0.0,-0.07346491228070162,89.0,17.089887640449437,93.98470074124172,0.8049327902441421
1521,1521.0,0.7800300076859521,0.802,0.0014026702652976347,0.48283110689864034,0.0,-0.07275914968222641,89.0,17.10112359550562,94.5683986067218,0.8061367898427094
1522,1522.0,0.7806928002058989,0.802,0.0014043715868229402,0.4832117426923569,0.0,-0.07205431449846689,89.0,17.1123595505618,91.78916105313132,0.8002669038153508
1523,1523.0,0.7813539935674625,0.802,0.0014060235236019283,0.483582811361936,0.0,-0.07135040490260436,89.0,17.123595505617978,89.37270986480368,0.7948665385544802
1524,1524.0,0.7820135867706063,0.802,0.0014076260227336422,0.4839480479331668,0.0,-0.07064741907261585,89.0,17.134831460674157,92.69494964136446,0.8022186386176943
1525,1525.0,0.782671578831728,0.802,0.001409179037174207,0.4843135439054157,0.0,-0.06994535519125678,89.0,17.146067415730336,95.27241327561556,0.8075693403472792
1526,1526.0,0.7833279687840611,0.802,0.0014106825257228172,0.4846786704657824,0.0,-0.06924421144604631,89.0,17.15730337078652,86.20426399993256,0.7873268388052397
1527,1527.0,0.7839827556780715,0.802,0.0014121364530064833,0.4850434717303049,0.0,-0.06854398602925116,89.0,17.168539325842698,91.78458724360115,0.8002569507157482
1528,1528.0,0.7846359385818431,0.802,0.0014135407894636473,0.4854060907380805,1.0,-0.06784467713787068,89.0,17.179775280898877,84.37454600746496,0.7827148802470438
1529,1529.0,0.7742921431342612,0.782,0.001396138388747903,0.4810349899289657,0.0,-0.07913669064748197,90.0,17.0,88.21522918751,0.7921749622804464
1530,1530.0,0.7749629476756446,0.782,0.0013967326817367414,0.481409240978276,0.0,-0.07843137254901955,90.0,17.011111111111113,82.72491149783566,0.7783819528919896
1531,1531.0,0.7756321995965662,0.782,0.001397275465045122,0.48179106858982806,0.0,-0.07772697583278898,90.0,17.022222222222222,90.39598716644177,0.7971886373719549
1532,1532.0,0.776299897728733,0.802,0.0013982792649708548,0.4821736032063793,0.0,-0.07702349869451686,90.0,17.033333333333335,94.19264833031988,0.8053634369739663
1533,1533.0,0.7769660409158202,0.802,0.0014002636188037037,0.48255155068481975,0.0,-0.0763209393346378,90.0,17.044444444444444,87.1182821697593,0.7895581400743317
1534,1534.0,0.7776306280138959,0.802,0.0014021992103373287,0.48293145282883965,0.0,-0.07561929595827888,90.0,17.055555555555557,88.85779919742708,0.7936778369606055
1535,1535.0,0.7782936578918562,0.802,0.0014040859522152446,0.48330668753612144,0.0,-0.07491856677524411,90.0,17.066666666666666,89.38048729938801,0.7948843882230785
1536,1536.0,0.7789551294318477,0.802,0.0014059237629182007,0.48367922369180105,0.0,-0.07421875,90.0,17.07777777777778,88.6120005989999,0.7931055251049117
1537,1537.0,0.7796150415296919,0.802,0.0014077125667577481,0.48405428043920035,0.0,-0.07351984385165888,90.0,17.08888888888889,90.0152787414931,0.7963308719402713
1538,1538.0,0.7802733930952922,0.802,0.0014094522938685892,0.4844313904255785,0.0,-0.07282184655396606,90.0,17.1,88.56299034921518,0.792991030891768
1539,1539.0,0.7809301830530524,0.802,0.0014111428801997555,0.4848060713503373,0.0,-0.07212475633528248,90.0,17.11111111111111,96.61575708205665,0.8102448928929609
1540,1540.0,0.7815854103422769,0.802,0.0014127842675045652,0.48516989323916887,0.0,-0.0714285714285714,90.0,17.122222222222224,87.63538068021988,0.7907998665489755
1541,1541.0,0.7822390739175733,0.802,0.0014143764033294108,0.4855306487871947,0.0,-0.07073329007138218,90.0,17.133333333333333,92.63893328470529,0.8020990453658411
1542,1542.0,0.782891172749244,0.802,0.0014159192410013678,0.48588939825770183,0.0,-0.07003891050583655,90.0,17.144444444444446,84.65287818923557,0.7834292970836685
1543,1543.0,0.7835417058236808,0.802,0.0014174127396146272,0.48624949298983955,0.0,-0.06934543097861301,90.0,17.155555555555555,95.28286544822063,0.8075904492681721
1544,1544.0,0.7841906721437452,0.802,0.0014188568640158008,0.4866103401059937,0.0,-0.06865284974093266,90.0,17.166666666666668,86.57820246854416,0.7882453919045703
1545,1545.0,0.7848380707291507,0.802,0.001420251584788059,0.4869691695448215,0.0,-0.06796116504854366,90.0,17.177777777777777,87.95574717288835,0.7915618487408582
1546,1546.0,0.7854839006168315,0.802,0.001421596878234145,0.48732847585687356,0.0,-0.06727037516170764,90.0,17.18888888888889,92.07769372735233,0.8008927831357348
1547,1547.0,0.7861281608613201,0.802,0.0014228927263582557,0.48770275262293317,0.0,-0.06658047834518421,90.0,17.2,86.72641388426207,0.7886072707007177
1548,1548.0,0.7867708505351019,0.802,0.001424139116846825,0.4880801553871439,0.0,-0.06589147286821695,90.0,17.211111111111112,92.75272067808501,0.8023418267485386
1549,1549.0,0.7874119687289776,0.802,0.001425336043048196,0.4884630387791536,0.0,-0.06520335700451896,90.0,17.22222222222222,98.89598255020215,0.8146200395549247
1550,1550.0,0.788051514552414,0.802,0.0014264835039512177,0.48884773100943846,0.0,-0.06451612903225801,90.0,17.233333333333334,91.02315872763398,0.7985860566738664
1551,1551.0,0.7886894871338929,0.802,0.0014275815041627418,0.4892582782164528,0.0,-0.06382978723404253,90.0,17.244444444444444,96.14495939651411,0.8093157098571926
1552,1552.0,0.7893258856212496,0.802,0.0014286300538840838,0.4896751418879868,0.0,-0.06314432989690721,90.0,17.255555555555556,93.80325921982778,0.8045554761549468
1553,1553.0,0.7899607091820104,0.802,0.0014296291688864191,0.4901018778301037,0.0,-0.06245975531229875,90.0,17.266666666666666,88.4400759414972,0.7927033289132319
1554,1554.0,0.7905939570037245,0.802,0.001430578870485132,0.4905232750499207,0.0,-0.06177606177606165,90.0,17.27777777777778,95.36702467671019,0.8077602463169792
1555,1555.0,0.791225628294285,0.802,0.0014314791855131554,0.4909394493516086,0.0,-0.06109324758842427,90.0,17.288888888888888,90.61780929488071,0.7976850966052978
1556,1556.0,0.7918557222822509,0.802,0.0014323301462932966,0.4913594471241549,0.0,-0.06041131105398456,90.0,17.3,90.22059970085752,0.796794375185703
1557,1557.0,0.7924842382171611,0.802,0.0014331317906095533,0.49179669658164066,0.0,-0.059730250481695446,90.0,17.31111111111111,92.85187623122407,0.8025529038564734
1558,1558.0,0.7931111753698394,0.802,0.0014338841616774519,0.49223810110568456,0.0,-0.05905006418485237,90.0,17.322222222222223,92.96751502904569,0.8027985008784468
1559,1559.0,0.7937365330326975,0.802,0.001434587308113424,0.49267973592960884,0.0,-0.05837075048107754,90.0,17.333333333333332,102.09533978312632,0.8204292833318593
1560,1560.0,0.7943603105200366,0.802,0.001435241283903205,0.49313291326421066,0.0,-0.05769230769230771,90.0,17.344444444444445,92.80334411349355,0.8024496476020019
1561,1561.0,0.7949825071683287,0.802,0.001435846148369324,0.49360125103715546,0.0,-0.05701473414477887,90.0,17.355555555555554,93.50466812639921,0.8039313576456909
1562,1562.0,0.7956031223365108,0.8286,0.0014367584723603592,0.49407166341501635,1.0,-0.05633802816901401,90.0,17.366666666666667,87.23481423748787,0.7898392574847158
1563,1563.0,0.7856746212483492,0.802,0.0014282728833448176,0.4888733509507377,0.0,-0.06739176796758373,91.0,17.186813186813186,91.18340851417634,0.7989400305157156
1564,1564.0,0.7863132738521567,0.802,0.0014295597692405462,0.4892366889454135,0.0,-0.06670929241261714,91.0,17.197802197802197,103.0445060271253,0.8220833498051096
1565,1565.0,0.786950390921699,0.802,0.001430797382373858,0.48961081081656427,0.0,-0.06602768903088396,91.0,17.208791208791208,90.49242863897078,0.797404781714102
1566,1566.0,0.7875859715009245,0.802,0.0014319857159343435,0.4899890014189521,0.0,-0.06534695615155384,91.0,17.21978021978022,93.31778429917316,0.8035386987483824
1567,1567.0,0.7882200146516538,0.802,0.001433124768681751,0.49036557650689,0.0,-0.0646670921080621,91.0,17.23076923076923,94.4205807730272,0.805833292029797
1568,1568.0,0.7888525194539174,0.802,0.0014342145449241913,0.49076352074444707,1.0,-0.06398809523809512,91.0,17.24175824175824,83.30894365910353,0.7799355924094715
1569,1569.0,0.7787964624380166,0.802,0.001417631351859459,0.48650416054055107,0.0,-0.07499468876141901,92.0,17.065217391304348,101.41386112213,0.8192226079307345
1570,1570.0,0.7794460548864022,0.802,0.0014194474862783749,0.4868694590905618,0.0,-0.07430997876857748,92.0,17.07608695652174,89.18960744564352,0.7944454084013481
1571,1571.0,0.7800941578214315,0.802,0.0014212149754091656,0.48723530170398976,0.0,-0.07362614046255045,92.0,17.08695652173913,88.35959648765251,0.792514519507847
1572,1572.0,0.7807407700796627,0.802,0.00142293375066406,0.4875981365153559,0.0,-0.07294317217981328,92.0,17.097826086956523,93.93912052118488,0.8048381416430351
1573,1573.0,0.7813858905108081,0.802,0.0014246037491190816,0.4879570186550194,0.0,-0.07226107226107215,92.0,17.108695652173914,94.06151858613538,0.8050920970774582
1574,1574.0,0.7820295179781179,0.802,0.0014262249135048005,0.4883097536806628,0.0,-0.07157983905124943,92.0,17.119565217391305,84.96851338617132,0.7842337990543554
1575,1575.0,0.782671651358755,0.802,0.0014277971921959909,0.48866170527028785,0.0,-0.0708994708994708,92.0,17.130434782608695,91.62236357854361,0.7999032919772145
1576,1576.0,0.783312289544172,0.802,0.0014293205392000967,0.48900991293506657,0.0,-0.07021996615905235,92.0,17.141304347826086,96.95394476697494,0.810906782829757
1577,1577.0,0.7839514314404724,0.802,0.0014307949141446157,0.4893584608361965,1.0,-0.06954132318748663,92.0,17.152173913043477,84.84900830426344,0.7839299044298655
1578,1578.0,0.773835279500264,0.778,0.0014154715332994846,0.48517076252667224,0.0,-0.0804816223067173,93.0,16.978494623655912,93.02182439987142,0.8029136339605195
1579,1579.0,0.774490702623948,0.782,0.0014160211936901897,0.4855332541114362,0.0,-0.07979734008866357,93.0,16.989247311827956,96.28221461070542,0.8095875400512974
1580,1580.0,0.7751446795856901,0.782,0.001416608416330142,0.4859007179362269,0.0,-0.07911392405063289,93.0,17.0,98.84931164256004,0.8145325138972457
1581,1581.0,0.7757972091050281,0.782,0.001417144701300564,0.4862717720995666,0.0,-0.07843137254901955,93.0,17.010752688172044,82.65714053662897,0.7782002472586257
1582,1582.0,0.7764482899109053,0.782,0.0014176301057339503,0.48663552972679797,0.0,-0.07774968394437409,93.0,17.021505376344088,93.90101334372919,0.8047589405002129
1583,1583.0,0.7770979207420754,0.802,0.0014186550583576043,0.48700027161577897,0.0,-0.07706885660138973,93.0,17.032258064516128,93.7206366045001,0.8043831753864438
1584,1584.0,0.7777461003475028,0.802,0.0014206057275717844,0.48736281301687195,0.0,-0.07638888888888884,93.0,17.043010752688172,93.63561056714997,0.8042055450667912
1585,1585.0,0.778392827486753,0.802,0.0014225081668431975,0.4877245303139808,0.0,-0.0757097791798107,93.0,17.053763440860216,85.28805251095176,0.785042185938304
1586,1586.0,0.7790381009303851,0.802,0.0014243622913699273,0.4880849287244592,0.0,-0.07503152585119799,93.0,17.06451612903226,87.2216201375793,0.7898074662633509
1587,1587.0,0.7796819194603413,0.802,0.0014261680219608463,0.48844832570044944,0.0,-0.07435412728418389,93.0,17.0752688172043,93.58105922186647,0.8040914103155449
1588,1588.0,0.7803242818703222,0.802,0.0014279252850301358,0.4888117083800703,0.0,-0.07367758186397988,93.0,17.086021505376344,98.78986186945285,0.8144209032546259
1589,1589.0,0.7809651869661752,0.802,0.0014296340125906349,0.48916775050348915,0.0,-0.07300188797986151,93.0,17.096774193548388,93.01556403668329,0.8029003691672173
1590,1590.0,0.781604633566262,0.802,0.0014312941422461082,0.48951633963207636,0.0,-0.0723270440251571,93.0,17.107526881720432,91.64128975852395,0.7999446168682052
1591,1591.0,0.7822426205018288,0.802,0.0014329056171823696,0.4898642909787536,0.0,-0.07165304839723441,93.0,17.118279569892472,90.10388139022301,0.7965311477101069
1592,1592.0,0.7828791466173761,0.802,0.0014344683861573038,0.49021082000360294,0.0,-0.07097989949748751,93.0,17.129032258064516,88.78123556780626,0.7934999077667563
1593,1593.0,0.7835142107710175,0.802,0.0014359824034897936,0.49055471199884126,0.0,-0.07030759573132439,93.0,17.13978494623656,88.3966347876784,0.7926014561824833
1594,1594.0,0.7841478118348353,0.802,0.0014374476290475423,0.4908943667656159,0.0,-0.0696361355081554,93.0,17.150537634408604,102.41487091741165,0.8209895382466721
1595,1595.0,0.7847799486952393,0.802,0.0014388640282338141,0.4912438762414122,0.0,-0.06896551724137923,93.0,17.161290322580644,90.02984133850751,0.7963638160329423
1596,1596.0,0.7854106202533084,0.802,0.0014402315719731157,0.4915891990641483,0.0,-0.06829573934837074,93.0,17.172043010752688,91.48408354423375,0.7996008417740893
1597,1597.0,0.7860398254251397,0.802,0.001441550236695782,0.49193567547407074,0.0,-0.06762680025046963,93.0,17.182795698924732,91.92098368358369,0.8005533383276063
1598,1598.0,0.7866675631421848,0.802,0.0014428200043215427,0.4922838957550718,0.0,-0.0669586983729662,93.0,17.193548387096776,90.93987267917358,0.7984015944467898
1599,1599.0,0.7872938323515877,0.802,0.0014440408622420197,0.49264800273645654,1.0,-0.0662914321450907,93.0,17.204301075268816,85.74055067982385,0.7861766318507275
1600,1600.0,0.777350531222769,0.802,0.001425390143426754,0.48858477306801196,0.0,-0.07708333333333317,94.0,17.03191489361702,92.83247610305969,0.8025116413680462
1601,1601.0,0.7779929454781713,0.802,0.001427330164582142,0.48894170685737254,0.0,-0.07641057672288154,94.0,17.04255319148936,87.55425934035897,0.7906060370853665
1602,1602.0,0.778633939745044,0.802,0.0014292221294528687,0.4892987874646843,0.0,-0.07573866000832274,94.0,17.0531914893617,89.98622924403574,0.796265123148846
1603,1603.0,0.7792735127686473,0.802,0.0014310659540297914,0.48965592165004795,0.0,-0.07506758161779992,94.0,17.06382978723404,88.64179949971277,0.7931750772569465
1604,1604.0,0.7799116633050337,0.802,0.0014328615598422423,0.4900157224834413,0.0,-0.07439733998337483,94.0,17.074468085106382,94.44767567017676,0.8058889940568188
1605,1605.0,0.7805483901214253,0.802,0.0014346088739528226,0.4903755836090948,0.0,-0.07372793354101748,94.0,17.085106382978722,97.84030593311199,0.8126198282140816
1606,1606.0,0.7811836919965791,0.802,0.0014363078289511089,0.4907245564369241,0.0,-0.0730593607305936,94.0,17.095744680851062,100.75668649725901,0.8180435068809843
1607,1607.0,0.7818175677211449,0.802,0.0014379583629462078,0.49106789080440305,0.0,-0.07239161999585142,94.0,17.106382978723403,91.84525833229019,0.8003888968660252
1608,1608.0,0.7824500160980332,0.802,0.0014395604195582947,0.4914080621954872,0.0,-0.07172470978441114,94.0,17.117021276595743,89.45244373960169,0.7950493852722221
1609,1609.0,0.7830810359427629,0.802,0.0014411139479089848,0.49174998104766965,0.0,-0.07105862854775213,94.0,17.127659574468087,95.60777050307823,0.8082443169957293
1610,1610.0,0.7837106260838135,0.802,0.0014426189026106784,0.4920876481513676,0.0,-0.07039337474120089,94.0,17.138297872340427,88.7221942536966,0.7933624896504464
1611,1611.0,0.7843387853629736,0.802,0.0014440752437548262,0.49242189916555285,0.0,-0.06972894682391884,94.0,17.148936170212767,95.13745507799463,0.8072963658918195
1612,1612.0,0.7849655126356834,0.802,0.001445482936899113,0.4927651697647902,0.0,-0.06906534325889169,94.0,17.159574468085108,94.57031305325279,0.8061407143380208
1613,1613.0,0.7855908067713705,0.802,0.001446841953053624,0.49310691222612224,0.0,-0.06840256251291588,94.0,17.170212765957448,91.3873710322058,0.7993887653593571
1614,1614.0,0.7862146666537878,0.802,0.001448152268665929,0.4934524403621613,0.0,-0.06774060305658813,94.0,17.180851063829788,89.82812738070821,0.7959065398788369
1615,1615.0,0.7868370911813412,0.802,0.001449413865605157,0.4937968647758222,0.0,-0.06707946336429305,94.0,17.19148936170213,91.56941558055621,0.7997875904623964
1616,1616.0,0.787458079267416,0.802,0.0014506267311450395,0.49415566500140107,0.0,-0.06641914191419152,94.0,17.20212765957447,100.761114045126,0.8180515022380288
1617,1617.0,0.7880776298406985,0.802,0.001451790857945937,0.49451894336078456,0.0,-0.06575963718820854,94.0,17.21276595744681,94.09145779642002,0.8051541153395662
1618,1618.0,0.788695741845495,0.802,0.0014529062440358672,0.49488568937919714,0.0,-0.06510094767202301,94.0,17.22340425531915,93.57429359820476,0.8040772457011093
1619,1619.0,0.7893124142420408,0.802,0.0014539728927905242,0.49525394979184356,0.0,-0.0644430718550546,94.0,17.23404255319149,102.65436999045106,0.8214071808629413
1620,1620.0,0.7899276460068125,0.802,0.0014549908129123414,0.4956231167838663,1.0,-0.06378600823045266,94.0,17.24468085106383,87.01950663520775,0.7893192682625974
1621,1621.0,0.7801354844894807,0.802,0.0014395284971141498,0.49157152710964114,0.0,-0.0744396463088628,95.0,17.073684210526316,89.09497446665193,0.794227076857231
1622,1622.0,0.7807666774910204,0.802,0.0014412661318802759,0.4919261559085692,0.0,-0.073777229757501,95.0,17.08421052631579,88.16897480045083,0.7920659350431781
1623,1623.0,0.7813964769721876,0.802,0.001442955582009245,0.4922694811081299,0.0,-0.07311562949270889,95.0,17.094736842105263,91.53796279150899,0.7997187967238231
1624,1624.0,0.7820248816993235,0.802,0.0014445967860941735,0.4926075701408174,0.0,-0.07245484400656799,95.0,17.105263157894736,86.98777161133478,0.7892424073667793
1625,1625.0,0.7826518904504175,0.802,0.0014461896881696656,0.4929428444536437,0.0,-0.07179487179487176,95.0,17.11578947368421,92.58128943726545,0.8019758263816763
1626,1626.0,0.7832775020154467,0.802,0.0014477342377026074,0.49327775482809266,0.0,-0.0711357113571136,95.0,17.126315789473683,96.10578697892454,0.8092379875381102
1627,1627.0,0.7839017151967196,0.802,0.0014492303895818925,0.49360863998567395,0.0,-0.07047736119647618,95.0,17.13684210526316,88.11119169923155,0.7919295723985399
1628,1628.0,0.7845245288092091,0.802,0.0014506781041070927,0.49393828297000075,0.0,-0.06981981981981966,95.0,17.147368421052633,100.96635565390592,0.8184213621002958
1629,1629.0,0.7851459416808888,0.802,0.0014520773469761086,0.49427424936969444,0.0,-0.06916308573767127,95.0,17.157894736842106,90.99743303227137,0.7985291153561267
1630,1630.0,0.7857659526530572,0.802,0.0014534280892717672,0.4946153077710499,0.0,-0.06850715746421265,95.0,17.16842105263158,98.981452971881,0.8147801150328483
1631,1631.0,0.7863845605806666,0.802,0.0014547303074474173,0.4949572151466665,0.0,-0.06785203351726965,95.0,17.178947368421053,91.96491569798545,0.8006486148093654
1632,1632.0,0.7870017643326417,0.802,0.0014559839833114898,0.49529975641342117,0.0,-0.06719771241830053,95.0,17.189473684210526,86.99511104381973,0.789260188148978
1633,1633.0,0.7876175627921955,0.802,0.0014571891040110736,0.49565409712286884,1.0,-0.0665441926923862,95.0,17.2,85.8160005415376,0.7863646264374738
1634,1634.0,0.7778369367329399,0.802,0.0014387776335632603,0.4917233075739659,0.0,-0.07711138310893517,96.0,17.03125,93.08074833276001,0.8030383977168685
1635,1635.0,0.7784681339832492,0.802,0.0014406971823537908,0.4920691935173742,0.0,-0.07645259938837912,96.0,17.041666666666668,88.32677455264866,0.7924374185949081
1636,1636.0,0.7790979733409165,0.802,0.001442569016755637,0.4924183621769967,0.0,-0.07579462102689472,96.0,17.052083333333332,93.36265137665247,0.8036331117100428
1637,1637.0,0.7797264535103297,0.802,0.0014443930542644564,0.49276851755957074,0.0,-0.07513744654856436,96.0,17.0625,87.26443139844457,0.789910585108561
1638,1638.0,0.7803535732055632,0.802,0.0014461692177742177,0.4931185176155765,0.0,-0.07448107448107444,96.0,17.072916666666668,92.69078046061419,0.802209742519932
1639,1639.0,0.7809793311507274,0.802,0.0014478974355725258,0.4934636166535427,0.0,-0.0738255033557047,96.0,17.083333333333332,88.32128453293362,0.7924245165784798
1640,1640.0,0.7816037260803077,0.802,0.0014495776413349331,0.4938020734206249,0.0,-0.07317073170731714,96.0,17.09375,94.69509020144619,0.806396157453015
1641,1641.0,0.7822267567395096,0.802,0.001451209774118147,0.4941368208386048,0.0,-0.07251675807434488,96.0,17.104166666666668,86.63412903571552,0.7883820898600448
1642,1642.0,0.782848421884591,0.802,0.0014527937783522385,0.4944658386168785,0.0,-0.07186358099878176,96.0,17.114583333333332,91.5952078736619,0.7998439682715643
1643,1643.0,0.7834687202832002,0.802,0.001454329603831783,0.4947928354211737,1.0,-0.07121119902617168,96.0,17.125,81.56492841864548,0.77523019159369
1644,1644.0,0.7736538755282949,0.778,0.001441618666142735,0.490876021382644,0.0,-0.08171127331711259,97.0,16.95876288659794,91.84412397995182,0.8003864315006671
1645,1645.0,0.7742888749179891,0.778,0.0014419646902543966,0.4911995599003627,0.0,-0.08105369807497453,97.0,16.969072164948454,86.21550951520727,0.7873545788174043
1646,1646.0,0.7749225555141035,0.782,0.0014424162093485088,0.49153824627497267,0.0,-0.08039692183070057,97.0,16.97938144329897,92.12142128251696,0.8009872939638125
1647,1647.0,0.7755549159505754,0.782,0.0014429799643953685,0.4918894668862179,0.0,-0.07974094312892133,97.0,16.989690721649485,92.48467263156309,0.8017689546637747
1648,1648.0,0.7761859548680681,0.782,0.001443493531381047,0.4922423586770868,0.0,-0.07908576051779925,97.0,17.0,89.90890695061621,0.7960899097193653
1649,1649.0,0.7768156709143215,0.782,0.001443956963701117,0.49259038867629296,0.0,-0.07843137254901955,97.0,17.010309278350515,87.52749236202914,0.7905420018489341
1650,1650.0,0.7774440627445073,0.782,0.0014443703202164984,0.49293240917570447,0.0,-0.07777777777777772,97.0,17.02061855670103,95.83526533827751,0.8086995088016851
1651,1651.0,0.7780711290215796,0.802,0.0014454308518645261,0.4932775458704819,0.0,-0.07712497476277003,97.0,17.030927835051546,94.58841964832074,0.8061778238657906
1652,1652.0,0.7786968684166262,0.802,0.0014473405617621954,0.49361747061728783,0.0,-0.07647296206618237,97.0,17.04123711340206,90.1196525016839,0.7965667551482095
1653,1653.0,0.7793212796092125,0.802,0.001449202725593699,0.49396277321009785,0.0,-0.0758217382536801,97.0,17.051546391752577,93.98592468547132,0.8049353305328775
1654,1654.0,0.7799443612877242,0.802,0.0014510172615689932,0.4943119704479175,0.0,-0.07517130189439736,97.0,17.061855670103093,86.8742477319076,0.7889669975628488
1655,1655.0,0.7805661121497042,0.802,0.0014527840932283982,0.49465587674362044,0.0,-0.07452165156092638,97.0,17.072164948453608,90.67385611463769,0.7978101503684286
1656,1656.0,0.7811865309021904,0.802,0.0014545031494381689,0.49499025411515063,0.0,-0.07387278582930756,97.0,17.082474226804123,100.89196721098098,0.818287482738884
1657,1657.0,0.7818056162620517,0.802,0.0014561743643850954,0.4953242925658649,0.0,-0.07322470327901831,97.0,17.09278350515464,93.96654449222571,0.8048950992887672
1658,1658.0,0.7824233669563103,0.802,0.0014577976775700273,0.4956538108518688,0.0,-0.0725774024929633,97.0,17.103092783505154,94.52625309026988,0.8060503539072312
1659,1659.0,0.7830397817224758,0.802,0.0014593730338004003,0.4959785286504659,0.0,-0.07193088205746423,97.0,17.11340206185567,91.55432161124361,0.799754582736356
1660,1660.0,0.7836548593088608,0.802,0.001460900383181728,0.49629991861663064,0.0,-0.071285140562249,97.0,17.123711340206185,97.0286952234555,0.811052459366665
1661,1661.0,0.7842685984749064,0.802,0.0014623796811080861,0.4966199944448754,0.0,-0.07064017660044142,97.0,17.1340206185567,94.01462387610836,0.8049948765684279
1662,1662.0,0.7848809979914975,0.802,0.0014638108882515841,0.496940597442525,0.0,-0.06999598876855195,97.0,17.144329896907216,85.48219179537533,0.7855303783363544
1663,1663.0,0.7854920566412713,0.802,0.001465193970550857,0.49726751012318265,0.0,-0.06935257566646613,97.0,17.15463917525773,93.89048502962446,0.8047370473424568
1664,1664.0,0.7861017732189327,0.802,0.001466528899198538,0.4975984170618596,0.0,-0.0687099358974359,97.0,17.164948453608247,88.83398666892886,0.7936225309615006
1665,1665.0,0.7867101465315564,0.802,0.0014678156506277797,0.49793467690721227,0.0,-0.06806806806806787,97.0,17.175257731958762,89.48533788725302,0.7951247236007266
1666,1666.0,0.7873171753988895,0.802,0.00146905420649779,0.4982763757974623,0.0,-0.06742697078831528,97.0,17.185567010309278,99.5518509169662,0.8158413614165273
1667,1667.0,0.7879228586536533,0.802,0.001470244553678376,0.4986229976055297,0.0,-0.06678664267146561,97.0,17.195876288659793,91.62790623402296,0.7999153960092797
1668,1668.0,0.7885271951418353,0.802,0.0014713866842335963,0.49897485101511935,0.0,-0.06614708233413258,97.0,17.20618556701031,87.44679041036002,0.7903486995085718
1669,1669.0,0.7891301837229819,0.802,0.0014724805954043864,0.49932538017922107,1.0,-0.06550828839624523,97.0,17.216494845360824,86.73962316118107,0.7886394629676219
1670,1670.0,0.7795390229318611,0.802,0.001455810446114766,0.4954978936978693,0.0,-0.07584830339321358,98.0,17.051020408163264,96.3547603639075,0.8097309020945828
1671,1671.0,0.7801568009139294,0.802,0.0014576157326757593,0.4958447389647873,1.0,-0.07520446838220618,98.0,17.06122448979592,81.19959607551694,0.7742189097063606
1672,1672.0,0.770410918318431,0.778,0.0014520203001217138,0.4921983632928851,0.0,-0.08552631578947345,99.0,16.8989898989899,90.828642779084,0.7981547144998722
1673,1673.0,0.7710424318872524,0.778,0.0014526289863972047,0.49250128780145797,0.0,-0.08487746563060372,99.0,16.90909090909091,96.90110721991866,0.8108036754242082
1674,1674.0,0.7716726920449917,0.778,0.0014531872362505262,0.49280731428133806,0.0,-0.08422939068100366,99.0,16.91919191919192,93.0836497684583,0.8030445370488078
1675,1675.0,0.7723016973796499,0.778,0.001453695093753977,0.493111577801546,0.0,-0.08358208955223878,99.0,16.92929292929293,88.91416443941347,0.793808630504246
1676,1676.0,0.772929446483065,0.778,0.0014541526084751088,0.49341120269160327,0.0,-0.0829355608591884,99.0,16.939393939393938,98.25369101125298,0.8134081972428535
1677,1677.0,0.7735559379512543,0.778,0.001454559835450256,0.4937126784534986,0.0,-0.08228980322003565,99.0,16.949494949494948,95.07833983261864,0.8071765518244388
1678,1678.0,0.7741811703847596,0.778,0.0014549168351571356,0.49402150813130224,0.0,-0.08164481525625744,99.0,16.95959595959596,93.96523718335486,0.8048923848554822
1679,1679.0,0.7748051423889957,0.778,0.0014552236734864182,0.4943342508765374,0.0,-0.08100059559261452,99.0,16.96969696969697,97.30305817286431,0.8115852299239851
1680,1680.0,0.7754278525745834,0.782,0.001455762096004383,0.4946566767568061,0.0,-0.0803571428571428,99.0,16.97979797979798,85.80124167311482,0.7863278785267516
1681,1681.0,0.7760492995576921,0.782,0.0014562904304946918,0.4949964790700333,0.0,-0.07971445568114222,99.0,16.98989898989899,96.63145763002004,0.8102757240449843
1682,1682.0,0.7766694819603758,0.782,0.001456768964097107,0.4953388104443955,0.0,-0.0790725326991677,99.0,17.0,90.95360644827444,0.7984320353062685
1683,1683.0,0.7772883984108977,0.782,0.0014571977510675967,0.4956789338837096,0.0,-0.07843137254901955,99.0,17.01010101010101,89.22752319287095,0.7945327553953877
1684,1684.0,0.7779060475440754,0.782,0.001457576850987036,0.4960181237864804,0.0,-0.07779097387173395,99.0,17.02020202020202,92.07422842950015,0.8008852895534075
1685,1685.0,0.7785224280015928,0.802,0.0014586581698854428,0.4963528944815817,0.0,-0.0771513353115727,99.0,17.03030303030303,83.66724006537488,0.780877995748297
1686,1686.0,0.7791375384323377,0.802,0.001460548961897911,0.49668878484483203,0.0,-0.07651245551601416,99.0,17.04040404040404,89.43582558874411,0.7950113032149315
1687,1687.0,0.7797513774927155,0.802,0.001462392539438794,0.49702615903872943,0.0,-0.07587433313574388,99.0,17.050505050505052,89.53629745394481,0.7952413283253807
1688,1688.0,0.7803639438469729,0.802,0.0014641888220757317,0.4973647707286055,0.0,-0.07523696682464442,99.0,17.060606060606062,86.47007889354342,0.7879806105427035
1689,1689.0,0.7809752361675167,0.802,0.0014659377345748387,0.49769690169322506,0.0,-0.07460035523978692,99.0,17.07070707070707,95.59542268497577,0.8082195484008808
1690,1690.0,0.7815852531352239,0.802,0.0014676392068968063,0.49802248518302517,0.0,-0.07396449704142016,99.0,17.08080808080808,86.30125844764486,0.7875658633129278
1691,1691.0,0.7821939934397545,0.802,0.0014692931741920252,0.4983414767107781,0.0,-0.07332939089296264,99.0,17.09090909090909,88.91221856321383,0.7938041179312278
1692,1692.0,0.7828014557798604,0.802,0.0014708995767947223,0.4986553716168123,1.0,-0.07269503546099276,99.0,17.1010101010101,82.18013687248609,0.7769128401212078
1693,1693.0,0.77319472025772,0.778,0.0014607976363693943,0.49498164593582766,0.0,-0.08289033274266577,100.0,16.94,95.01970762607952,0.807057569515174
1694,1694.0,0.7738157900043096,0.778,0.0014611853165071222,0.4952785844794855,0.0,-0.08225108225108224,100.0,16.95,100.0448794746046,0.8167489087936073
1695,1695.0,0.7744356279772684,0.778,0.0014615229680151123,0.49558203365745174,0.0,-0.08161258603736465,100.0,16.96,89.28728427160272,0.794670277152061
1696,1696.0,0.7750542327772858,0.782,0.0014618331027250935,0.4958901923730894,0.0,-0.08097484276729561,100.0,16.97,87.87369666648064,0.7913672233123821
1697,1697.0,0.7756716030098901,0.782,0.0014623938126399252,0.49620677814998465,0.0,-0.08033785110980163,100.0,16.98,84.78807739730372,0.7837746308667174
1698,1698.0,0.7762877372857713,0.782,0.001462904862729914,0.4965363622480502,0.0,-0.0797016097369454,100.0,16.99,94.80395081390019,0.806618467100368
1699,1699.0,0.7769026342211074,0.782,0.0014633663023629828,0.4968697675085542,0.0,-0.079066117323916,100.0,17.0,95.23921695981451,0.8075022672533212
1700,1700.0,0.7775162924378836,0.782,0.0014637781861907267,0.49720891186396055,0.0,-0.07843137254901955,100.0,17.01,88.06685552187396,0.7918248218959093
1701,1701.0,0.778128710564211,0.782,0.0014641405741216246,0.49754665767953193,0.0,-0.07779737409367038,100.0,17.02,86.57174998250481,0.7882296091156954
1702,1702.0,0.7787398872346444,0.802,0.0014652330067668007,0.49788028864724904,0.0,-0.07716412064238143,100.0,17.03,94.67402578846881,0.8063530817386418
1703,1703.0,0.7793498210904947,0.802,0.0014671147065893361,0.4982117950194542,0.0,-0.07653161088275584,100.0,17.04,100.104247198002,0.8168575875000511
1704,1704.0,0.7799585107801406,0.802,0.0014689493552883556,0.49854408423384194,0.0,-0.07589984350547718,100.0,17.05,91.93420919271435,0.8005820304071727
1705,1705.0,0.7805659549593383,0.802,0.0014707368730768242,0.4988745623041654,0.0,-0.07526881720430101,100.0,17.06,94.94716778053697,0.8069101610728462
1706,1706.0,0.7811721522915259,0.802,0.001472477185302195,0.49920299315882366,0.0,-0.07463853067604531,100.0,17.07,93.53285603222726,0.8039904466616898
1707,1707.0,0.7817771014481284,0.802,0.0014741702224427317,0.49952430214324606,0.0,-0.07400898262058186,100.0,17.08,93.58367026272627,0.8040968762833897
1708,1708.0,0.7823808011088602,0.802,0.0014758159201029282,0.4998368666998567,0.0,-0.07338017174082756,100.0,17.09,90.60119433260145,0.7976479949477182
1709,1709.0,0.7829832499620207,0.802,0.0014774142190078618,0.5001449607308412,0.0,-0.07275209674273442,100.0,17.1,102.04912556548521,0.8203479624960747
1710,1710.0,0.7835844467047883,0.802,0.0014789650649966834,0.5004524269769695,0.0,-0.07212475633528248,100.0,17.11,95.17994030688723,0.807382382524916
1711,1711.0,0.7841843900435223,0.802,0.0014804684090150668,0.5007583741226566,0.0,-0.07149814923046938,100.0,17.12,94.18287798337235,0.8053432457588521
1712,1712.0,0.7847830786940414,0.802,0.001481924207106762,0.5010640601185576,0.0,-0.0708722741433021,100.0,17.13,90.14805137942614,0.7966308416787651
1713,1713.0,0.7853805113819206,0.802,0.0014833324204041563,0.5013722302958337,0.0,-0.07024712979178815,100.0,17.14,96.2537531201463,0.8095312365591686
1714,1714.0,0.7859766868427679,0.802,0.0014846930151179423,0.5016796925953856,0.0,-0.06962271489692728,100.0,17.15,91.57537602462381,0.7998006218570846
1715,1715.0,0.7865716038225148,0.802,0.0014860059625258267,0.5020012550652873,1.0,-0.06899902818270154,100.0,17.16,84.65433277893737,0.7834330183523128
1716,1716.0,0.7771302800654397,0.782,0.0014699372229114644,0.49839472332048634,0.0,-0.079059829059829,101.0,17.0,93.45071684929485,0.8038181626482443
1717,1717.0,0.7777387708443688,0.782,0.0014703324741181527,0.4987298327194277,0.0,-0.07843137254901955,101.0,17.00990099009901,92.06299830637597,0.8008610009384886
1718,1718.0,0.7783460479845491,0.782,0.0014706784184979871,0.49906614383064213,0.0,-0.07780364765230874,101.0,17.019801980198018,85.97179367820901,0.7867517641663416
1719,1719.0,0.7789521101155192,0.802,0.0014717824344730466,0.4993979697194017,0.0,-0.07717665309288346,101.0,17.02970297029703,93.31523289896153,0.8035333271558779
1720,1720.0,0.7795569558731479,0.802,0.001473655278161908,0.49972665559998,0.0,-0.07655038759689914,101.0,17.03960396039604,91.35084002587729,0.7993085413539713
1721,1721.0,0.7801605838999336,0.802,0.0014754812324909777,0.500052639863757,0.0,-0.07592484989347281,101.0,17.04950495049505,87.17001978257461,0.789683042644001
1722,1722.0,0.7807629928453048,0.802,0.00147726021829744,0.5003741899598618,0.0,-0.07530003871467272,101.0,17.059405940594058,91.36961925293427,0.7993497895336302
1723,1723.0,0.7813641813659163,0.802,0.0014789921614902113,0.5006982787145046,0.0,-0.07467595279551165,101.0,17.06930693069307,87.27885728922735,0.7899453097491896
1724,1724.0,0.7819641481259393,0.802,0.0014806769930465194,0.5010151331049416,0.0,-0.07405259087393645,101.0,17.07920792079208,92.43573125717738,0.801663998499392
1725,1725.0,0.782562891797355,0.802,0.0014823146490075302,0.5013240395088695,0.0,-0.07342995169082123,101.0,17.08910891089109,94.48338057670708,0.8059623478602221
1726,1726.0,0.7831604110602427,0.802,0.0014839050704730263,0.5016278460145333,0.0,-0.0728080339899575,101.0,17.099009900990097,93.71097407572606,0.8043630053560374
1727,1727.0,0.7837567046030649,0.802,0.0014854482035951302,0.5019236297038735,0.0,-0.0721868365180467,101.0,17.10891089108911,92.651558114769,0.8021260116249364
1728,1728.0,0.7843517711229513,0.802,0.0014869439995711005,0.5022255888991543,0.0,-0.07156635802469125,101.0,17.11881188118812,87.64226764451213,0.7908163055787694
1729,1729.0,0.7849456093259803,0.802,0.0014883924146351921,0.5025299074112972,0.0,-0.07094659726238661,101.0,17.128712871287128,85.61296993903395,0.78585799153576
1730,1730.0,0.7855382179274535,0.802,0.0014897934100495894,0.5028330340075429,1.0,-0.07032755298651239,101.0,17.138613861386137,85.29212700477105,0.7850524546971632
1731,1731.0,0.776142205538503,0.782,0.0014755767257358906,0.49927686412679706,0.0,-0.08030040439052577,102.0,16.980392156862745,95.91224557017746,0.8088530486973207
1732,1732.0,0.7767479888494488,0.782,0.0014760540242171696,0.49958805844376286,0.0,-0.079676674364896,102.0,16.99019607843137,91.70049675044335,0.8000737838615395
1733,1733.0,0.7773525869898888,0.782,0.0014764820870213145,0.4999105586748747,0.0,-0.07905366416618587,102.0,17.0,97.16123252560668,0.8113102020551086
1734,1734.0,0.7779559985753537,0.782,0.0014768609695269535,0.5002424383906551,0.0,-0.07843137254901955,102.0,17.00980392156863,85.35759258434572,0.7852173101623346
1735,1735.0,0.7785582222267005,0.782,0.0014771907322376784,0.5005743526590214,0.0,-0.07780979827089318,102.0,17.019607843137255,89.061923148318,0.7941507135119665
1736,1736.0,0.7791592565704174,0.802,0.0014783067935429464,0.5009063791986059,0.0,-0.07718894009216593,102.0,17.029411764705884,91.74795037816618,0.8001771891604433
1737,1737.0,0.7797591002389124,0.802,0.0014801710110720337,0.5012323334575178,0.0,-0.07656879677605066,102.0,17.03921568627451,95.71778296979852,0.8084647098531526
1738,1738.0,0.7803577518708011,0.802,0.0014819884994554907,0.501549241007362,0.0,-0.07594936708860756,102.0,17.04901960784314,89.51165549578509,0.7951849596369424
1739,1739.0,0.7809552101111986,0.802,0.0014837591801344805,0.5018655884504646,0.0,-0.07533064979873494,102.0,17.058823529411764,91.58302379551431,0.7998173397914026
1740,1740.0,0.7815514736120005,0.802,0.0014854829795603707,0.5021838019155229,0.0,-0.07471264367816088,102.0,17.068627450980394,90.54052682437603,0.7975124071357017
1741,1741.0,0.7821465410321734,0.802,0.001487159829191499,0.5024949040729244,0.0,-0.07409534750143587,102.0,17.07843137254902,91.88903162472738,0.8004839858558285
1742,1742.0,0.7827404110380273,0.802,0.0014887896654890835,0.5028007090964683,0.0,-0.07347876004592413,102.0,17.08823529411765,99.22908614192878,0.8152423442949892
1743,1743.0,0.7833330823035018,0.802,0.0014903724299121486,0.5030988820484436,0.0,-0.07286288009179565,102.0,17.098039215686274,91.3837386698295,0.7993807913728297
1744,1744.0,0.7839245535104354,0.802,0.0014919080689115086,0.5033885133310516,0.0,-0.07224770642201839,102.0,17.107843137254903,94.29844844263963,0.8055818135280854
1745,1745.0,0.7845148233488475,0.802,0.0014933965339228997,0.503686696055533,0.0,-0.07163323782234943,102.0,17.11764705882353,99.21339083845568,0.815213116108645
1746,1746.0,0.7851038905172024,0.802,0.001494837781359131,0.5039887038718155,0.0,-0.07101947308132872,102.0,17.127450980392158,89.95937867336929,0.7962043135057739
1747,1747.0,0.7856917537226824,0.802,0.0014962317726013611,0.5042874469227728,0.0,-0.07040641099026912,102.0,17.137254901960784,91.65501970159964,0.7999745852107065
1748,1748.0,0.7862784116814581,0.802,0.001497578473989448,0.5045881023351253,0.0,-0.06979405034324926,102.0,17.147058823529413,91.76244785149227,0.8002087590012433
1749,1749.0,0.7868638631189435,0.802,0.0014988778568114473,0.5049029453287387,0.0,-0.0691823899371069,102.0,17.15686274509804,94.16238766287205,0.8053008872399047
1750,1750.0,0.7874481067700662,0.802,0.0015001298972921746,0.5052323428456075,0.0,-0.0685714285714285,102.0,17.166666666666668,98.43111161226719,0.813744526166171
1751,1751.0,0.7880311413795239,0.802,0.0015013345765808987,0.5055685839864238,0.0,-0.06796116504854366,102.0,17.176470588235293,90.51220372477371,0.7974490446715817
1752,1752.0,0.7886129657020391,0.802,0.0015024918807381848,0.505905004174574,0.0,-0.06735159817351577,102.0,17.186274509803923,94.6919618437671,0.8063897613233357
1753,1753.0,0.789193578502616,0.802,0.0015036018007218313,0.5062334497387896,0.0,-0.06674272675413562,102.0,17.19607843137255,95.32054945503727,0.8076665164211924
1754,1754.0,0.7897729785567933,0.802,0.0015046643323719665,0.5065591452791816,0.0,-0.06613454960091203,102.0,17.205882352941178,91.88105497111987,0.800466664873451
1755,1755.0,0.7903511646508882,0.802,0.0015056794763952965,0.5068841779768781,0.0,-0.06552706552706544,102.0,17.215686274509803,94.40733055901313,0.8058060404337634
1756,1756.0,0.7909281355822477,0.802,0.001506647238348507,0.5072162429346115,0.0,-0.06492027334851924,102.0,17.225490196078432,91.54589446119775,0.7997361493791071
1757,1757.0,0.7915038901594929,0.802,0.0015075676286207906,0.5075432443832814,1.0,-0.06431417188389288,102.0,17.235294117647058,83.696473498945,0.7809545304968623
1758,1758.0,0.7823244225013747,0.802,0.0014936190319582569,0.5039660361066507,0.0,-0.07413727720894947,103.0,17.07766990291262,87.50073746729345,0.790477956369384
1759,1759.0,0.7829134989252496,0.802,0.001495241264913462,0.5042676468341694,0.0,-0.07352662497631224,103.0,17.0873786407767,93.89132554276435,0.8047387953322364
1760,1760.0,0.7835014015717104,0.802,0.0014968165870137898,0.5045585666554894,0.0,-0.07291666666666674,103.0,17.097087378640776,103.67135533089161,0.8231591236092345
1761,1761.0,0.7840881291179294,0.802,0.0014983449449951398,0.5048471418481723,0.0,-0.07230740109786105,103.0,17.106796116504853,93.14711785121325,0.8031787375040661
1762,1762.0,0.7846736802487785,0.802,0.0014998262905192362,0.5051377645362245,1.0,-0.07169882709042752,103.0,17.116504854368934,81.7004315059232,0.775602980358749
1763,1763.0,0.7753964310248704,0.778,0.0014876704456830302,0.5017226679772807,0.0,-0.08148988466628837,104.0,16.96153846153846,97.83050573128459,0.8126010573461583
1764,1764.0,0.7759944800511969,0.782,0.0014881612068876786,0.5020130309613114,0.0,-0.08087679516250934,104.0,16.971153846153847,92.66449121295535,0.802153628716302
1765,1765.0,0.776591395960741,0.782,0.001488654719507648,0.5023052061938353,1.0,-0.08026440037771487,104.0,16.98076923076923,81.86043112701343,0.7760415736769379
1766,1766.0,0.7672037407223269,0.778,0.001486225383702776,0.4992886843794575,0.0,-0.09003397508493771,105.0,16.82857142857143,99.23350172305791,0.8152505654340585
1767,1767.0,0.7678122523797748,0.778,0.00148711185875718,0.4995682324515513,0.0,-0.08941709111488394,105.0,16.83809523809524,92.47869935317347,0.8017561507507922
1768,1768.0,0.7684196742077843,0.778,0.0014879488400536595,0.4998454645181968,0.0,-0.08880090497737547,105.0,16.847619047619048,96.18417567568532,0.8093934557889249
1769,1769.0,0.7690260047944849,0.778,0.0014887363347589478,0.5001285338790259,0.0,-0.08818541548897674,105.0,16.857142857142858,86.63497087636651,0.7883841461723795
1770,1770.0,0.7696312427278271,0.778,0.0014894743552832798,0.5004060620860127,0.0,-0.08757062146892647,105.0,16.866666666666667,90.86229992477362,0.7982294818806942
1771,1771.0,0.7702353865958684,0.778,0.0014901629192635105,0.5006846881407284,0.0,-0.08695652173913038,105.0,16.876190476190477,99.43876998747034,0.8156319377679008
1772,1772.0,0.7708384349870631,0.778,0.0014908020495452974,0.5009596827051085,0.0,-0.08634311512415338,105.0,16.885714285714286,101.5307185826928,0.8194306748809076
1773,1773.0,0.771440386490545,0.778,0.0014913917741643417,0.5012424660735428,0.0,-0.0857304004512125,105.0,16.895238095238096,87.24607149902059,0.7898663742866733
1774,1774.0,0.7720412396964136,0.778,0.001491932126326768,0.5015315706812127,0.0,-0.08511837655016907,105.0,16.904761904761905,88.36919084779947,0.7925370464813998
1775,1775.0,0.77264099319601,0.778,0.0014924231443885112,0.5018210501724286,0.0,-0.08450704225352101,105.0,16.914285714285715,91.0292792206004,0.7985995990487377
1776,1776.0,0.7732396455822051,0.778,0.0014928648718338811,0.5021072254456103,0.0,-0.08389639639639634,105.0,16.923809523809524,94.34287049480123,0.8056733567976014
1777,1777.0,0.7738371954496761,0.778,0.0014932573572531862,0.5023925544167996,0.0,-0.08328643781654455,105.0,16.933333333333334,89.2017789569516,0.7944734561607687
1778,1778.0,0.7744336413951822,0.778,0.00149360065431949,0.5026798610193359,0.0,-0.08267716535433056,105.0,16.942857142857143,81.87883500222019,0.7760919127288973
1779,1779.0,0.7750289820178428,0.778,0.0014938948217644945,0.5029612975572947,0.0,-0.08206857785272614,105.0,16.952380952380953,92.52016643270076,0.8018450026603766
1780,1780.0,0.7756232159194132,0.782,0.001494151747773407,0.5032393001311617,0.0,-0.08146067415730318,105.0,16.961904761904762,99.24937137751355,0.8152801062729247
1781,1781.0,0.7762163417045567,0.782,0.0014946778897989429,0.5035227832706655,0.0,-0.08085345311622683,105.0,16.97142857142857,91.55094401687859,0.7997471950703933
1782,1782.0,0.7768083579811158,0.782,0.0014951552460188114,0.5038063256414489,0.0,-0.08024691358024683,105.0,16.98095238095238,89.85067315247058,0.795957752011241
1783,1783.0,0.777399263360384,0.782,0.001495583862808909,0.5041071759678761,0.0,-0.07964105440269198,105.0,16.99047619047619,92.11915041446984,0.8009823880176213
1784,1784.0,0.7779890564573744,0.782,0.0014959637915300966,0.5044154154890811,0.0,-0.07903587443946192,105.0,17.0,89.43545608665254,0.7950104563052659
1785,1785.0,0.7785777358910829,0.782,0.001496295088504471,0.5047271195981883,0.0,-0.07843137254901955,105.0,17.00952380952381,90.04073469925476,0.7963884524646702
1786,1786.0,0.7791653002847599,0.782,0.0014965778149908212,0.5050458055213399,0.0,-0.07782754759238508,105.0,17.01904761904762,92.55074760299932,0.8019104782170425
1787,1787.0,0.7797517482661667,0.802,0.0014977327117293873,0.5053643772927038,0.0,-0.077224398433128,105.0,17.02857142857143,100.95965771117962,0.8184093156716079
1788,1788.0,0.780337078467843,0.802,0.0014995723726292528,0.5056798530330495,0.0,-0.07662192393736,105.0,17.038095238095238,85.22168168140142,0.7848747763289637
1789,1789.0,0.7809212895273641,0.802,0.0015013657760589029,0.5059890400037305,0.0,-0.07602012297372829,105.0,17.047619047619047,91.69713730977185,0.8000664593115971
1790,1790.0,0.7815043800876006,0.802,0.0015031128451581247,0.5062873743694474,0.0,-0.07541899441340782,105.0,17.057142857142857,91.8789356219042,0.8004620622862046
1791,1791.0,0.7820863487969713,0.802,0.0015048135078992004,0.5065794972656914,0.0,-0.0748185371300949,105.0,17.066666666666666,99.09594837265121,0.81499411797957
1792,1792.0,0.7826671943097036,0.802,0.0015064676970843087,0.50687782477093,0.0,-0.07421875,105.0,17.076190476190476,102.25397101392954,0.8207078595428252
1793,1793.0,0.783246915286083,0.802,0.001508075350342099,0.507166803434838,0.0,-0.07361963190184051,105.0,17.085714285714285,91.11383773448354,0.7987865093910452
1794,1794.0,0.7838255103927019,0.802,0.0015096364101233552,0.5074538910642851,0.0,-0.0730211817168338,105.0,17.095238095238095,89.21979779934249,0.7945149643292686
1795,1795.0,0.7844029783027153,0.802,0.0015111508236957739,0.507738889338091,0.0,-0.0724233983286906,105.0,17.104761904761904,90.05698260565853,0.7964251876657769
1796,1796.0,0.7849793176960815,0.802,0.0015126185431379273,0.5080164333481926,0.0,-0.07182628062360807,105.0,17.114285714285714,100.87315772895742,0.8182535994105157
1797,1797.0,0.7855545272598088,0.802,0.0015140395253323323,0.5083034296645353,0.0,-0.07122982749026163,105.0,17.123809523809523,95.66363337618056,0.808356292916027
1798,1798.0,0.786128605688204,0.802,0.0015154137319576487,0.508599816998537,0.0,-0.07063403781979982,105.0,17.133333333333333,96.92003692882238,0.8108406278590541
1799,1799.0,0.786701551683105,0.802,0.0015167411294800708,0.5089019630707755,0.0,-0.07003891050583655,105.0,17.142857142857142,93.17606074624013,0.8032398752801628
1800,1800.0,0.7872733639541278,0.802,0.001518021689143815,0.5092136588064153,0.0,-0.06944444444444442,105.0,17.152380952380952,96.52030222135414,0.8100572324018556
1801,1801.0,0.7878440412188985,0.802,0.001519255386960849,0.5095280176382679,1.0,-0.06885063853414763,105.0,17.16190476190476,84.55994566713306,0.7831912829568057
1802,1802.0,0.7787754905820711,0.782,0.001502723751853019,0.5062053796003995,0.0,-0.07843137254901955,106.0,17.00943396226415,95.56087694917267,0.8081502188067555
1803,1803.0,0.7793583281543649,0.782,0.0015029912826489877,0.5065138090044283,0.0,-0.07783324089480503,106.0,17.0188679245283,88.21513212251354,0.7921747336061128
1804,1804.0,0.7799400722910743,0.802,0.001504160001189873,0.5068284079405508,0.0,-0.0772357723577235,106.0,17.028301886792452,87.48421113016676,0.7904383762910615
1805,1805.0,0.7805207216278744,0.802,0.0015059918987241224,0.5071412308862374,0.0,-0.07663896583564167,106.0,17.037735849056602,99.26198362599119,0.8153035768214
1806,1806.0,0.7811002748051128,0.802,0.0015077776931288174,0.5074461554524171,0.0,-0.07604282022886655,106.0,17.047169811320753,92.85236502675033,0.8025539432619558
1807,1807.0,0.7816787304680608,0.802,0.0015095173080747247,0.5077403114148634,0.0,-0.07544733444014007,106.0,17.056603773584907,94.79922037209566,0.8066088174420284
1808,1808.0,0.782256087267157,0.802,0.0015112106720080447,0.5080273698720671,0.0,-0.07485250737463112,106.0,17.066037735849058,89.83612627194418,0.7959247120937044
1809,1809.0,0.7828323438582587,0.802,0.0015128577181480493,0.5083178061324597,0.0,-0.07425833793992975,106.0,17.07547169811321,89.14133076964632,0.794334085266135
1810,1810.0,0.7834074989028816,0.802,0.0015144583844838282,0.5086034533098456,0.0,-0.07366482504604055,106.0,17.08490566037736,96.75216814376617,0.8105124289711892
1811,1811.0,0.7839815510684423,0.802,0.001516012613770197,0.5088871315685636,0.0,-0.07307196760537438,106.0,17.09433962264151,99.62213500237195,0.815971286573041
1812,1812.0,0.7845544990284993,0.802,0.0015175203535227587,0.5091683344947912,0.0,-0.07247976453274463,106.0,17.10377358490566,88.14348909537537,0.7920058132314707
1813,1813.0,0.785126341462995,0.802,0.0015189815560120636,0.5094414004901333,0.0,-0.07188821474535745,106.0,17.11320754716981,94.39319807246444,0.8057769658438835
1814,1814.0,0.7856970770584845,0.802,0.0015203961782570133,0.5097249076262195,0.0,-0.07129731716280774,106.0,17.12264150943396,94.70963146410575,0.8064258824586227
1815,1815.0,0.7862667045083777,0.802,0.001521764182017328,0.5100229849965037,0.0,-0.07070707070707072,106.0,17.132075471698112,99.48032620959017,0.8157089544046353
1816,1816.0,0.7868352225131731,0.802,0.001523085533785259,0.5103260954477346,0.0,-0.07011747430249637,106.0,17.141509433962263,93.48795844222735,0.8038963130779804
1817,1817.0,0.7874026297806817,0.802,0.0015243602047764326,0.5106372755707141,0.0,-0.06952852687580258,106.0,17.150943396226417,86.81695829400186,0.7888277394924584
1818,1818.0,0.7879689250262655,0.802,0.0015255881709198597,0.5109475536095194,0.0,-0.06894022735606886,106.0,17.160377358490567,87.82588444674957,0.7912536440842886
1819,1819.0,0.7885341069730596,0.802,0.0015267694128471795,0.5112615421450312,0.0,-0.06835257467472977,106.0,17.169811320754718,114.17551038932422,0.8394284967869295
1820,1820.0,0.7890981743521995,0.802,0.0015279039158810346,0.5115734866808216,1.0,-0.06776556776556775,106.0,17.17924528301887,86.0552347636336,0.7869585344379203
1821,1821.0,0.7801240347710517,0.802,0.0015105637780263776,0.5082822721740933,0.0,-0.07724693391909199,107.0,17.02803738317757,88.99398182806675,0.7939935604999371
1822,1822.0,0.7807000782730407,0.802,0.0015123881144858786,0.5085910241757322,0.0,-0.0766556897182582,107.0,17.037383177570092,90.88409381344277,0.7982778661911285
1823,1823.0,0.7812750479779385,0.802,0.0015141665007639277,0.5088917706017485,0.0,-0.0760650941671237,107.0,17.046728971962615,103.90746877305202,0.8235609667927162
1824,1824.0,0.7818489425348024,0.802,0.0015158988610458177,0.5091818314926362,0.0,-0.07547514619883033,107.0,17.05607476635514,90.89622574841263,0.798304790079213
1825,1825.0,0.7824217605974936,0.802,0.0015175851242362822,0.5094664480773616,0.0,-0.07488584474885851,107.0,17.065420560747665,92.9848330609718,0.802835228823696
1826,1826.0,0.7829935008249097,0.802,0.0015192252239573214,0.5097465467914095,0.0,-0.0742971887550199,107.0,17.074766355140188,91.27632981886347,0.7991447139722252
1827,1827.0,0.7835641618812268,0.802,0.0015208190985451613,0.5100292700967648,0.0,-0.07370917715745295,107.0,17.08411214953271,98.58729048050026,0.8140395861983902
1828,1828.0,0.7841337424361267,0.802,0.0015223666910463669,0.5103092658982076,0.0,-0.07312180889861408,107.0,17.093457943925234,96.1417601007813,0.8093093644830791
1829,1829.0,0.7847022411650348,0.802,0.0015238679492131481,0.510586751025063,0.0,-0.07253508292327315,107.0,17.102803738317757,91.87234752712577,0.800447753575467
1830,1830.0,0.7852696567493442,0.802,0.0015253228254977986,0.5108572618942357,0.0,-0.0719489981785062,107.0,17.11214953271028,95.07376063381876,0.8071672645416325
1831,1831.0,0.78583598787665,0.802,0.0015267312770463357,0.5111415336171726,0.0,-0.07136355361369007,107.0,17.121495327102803,88.58584936807856,0.7930444482486426
1832,1832.0,0.7864012332409737,0.802,0.0015280932656912747,0.5114388028800504,0.0,-0.0707787481804949,107.0,17.130841121495326,87.92575538037312,0.7914907497351371
1833,1833.0,0.7869653915429872,0.802,0.0015294087579436598,0.5117411789367523,0.0,-0.07019458083287877,107.0,17.14018691588785,96.5993180500124,0.8102126008400845
1834,1834.0,0.7875284614902393,0.802,0.001530677724984184,0.5120508371197129,0.0,-0.06961105052708105,107.0,17.149532710280372,98.57712501966274,0.8140204096064227
1835,1835.0,0.7880904417973759,0.802,0.00153190014265361,0.51236064940421,0.0,-0.06902815622161662,107.0,17.1588785046729,97.04509744128552,0.8110843946091618
1836,1836.0,0.7886513311863623,0.802,0.0015330759914422697,0.5126692786409134,0.0,-0.06844589687726943,107.0,17.16822429906542,90.80482902920458,0.7981017801659317
1837,1837.0,0.7892111283866975,0.802,0.001534205256478894,0.5129736496637308,0.0,-0.06786427145708562,107.0,17.177570093457945,93.86091492133987,0.8046755313572472
1838,1838.0,0.7897698321356345,0.802,0.0015352879275185517,0.5132865721568703,0.0,-0.06728327892636932,107.0,17.186915887850468,95.72714888797275,0.8084834496137725
1839,1839.0,0.7903274411783946,0.802,0.0015363239989298475,0.5136010322807218,0.0,-0.0667029182526735,107.0,17.19626168224299,95.10602182080719,0.8072326758880121
1840,1840.0,0.7908839542683803,0.802,0.0015373134696813509,0.513916316431944,0.0,-0.0661231884057969,107.0,17.205607476635514,92.0216106768689,0.8007714362041513
1841,1841.0,0.7914393701673841,0.802,0.001538256343327237,0.5142289592971324,1.0,-0.06554408835777648,107.0,17.214953271028037,86.09083413314912,0.7870466290873802
1842,1842.0,0.7825834888429962,0.802,0.0015239371292765339,0.5108952714120214,0.0,-0.07491856677524411,108.0,17.064814814814813,96.04058441909979,0.8091084780020628
1843,1843.0,0.7831507833948842,0.802,0.0015255704742826754,0.5111677377204078,0.0,-0.07433532284319044,108.0,17.074074074074073,94.88024069357164,0.8067739584204547
1844,1844.0,0.7837170205572855,0.802,0.001527157747405368,0.5114440379877813,0.0,-0.07375271149674623,108.0,17.083333333333332,101.14297357047096,0.8187384384090739
1845,1845.0,0.7842821990034893,0.802,0.0015286988919711894,0.5117233141724374,0.0,-0.07317073170731714,108.0,17.09259259259259,97.22026464304362,0.8114247744475243
1846,1846.0,0.784846317412138,0.802,0.0015301938559582064,0.5119942707921694,0.0,-0.0725893824485373,108.0,17.10185185185185,90.53144694908036,0.7974920985892895
1847,1847.0,0.7854093744674486,0.802,0.0015316425919906886,0.5122669893469997,1.0,-0.07200866269626416,108.0,17.11111111111111,85.39146576018655,0.7853025103841094
1848,1848.0,0.7764812867701694,0.782,0.0015200301850227319,0.5092054365326698,0.0,-0.08134920634920628,109.0,16.96330275229358,92.9827501611301,0.8028308121499586
1849,1849.0,0.7770555140837124,0.782,0.0015204933930051349,0.5094747574642422,0.0,-0.08076437714079665,109.0,16.972477064220183,87.539658224155,0.7905711113654477
1850,1850.0,0.7776287200220969,0.782,0.001520908517066292,0.5097453497670312,0.0,-0.08018018018018025,109.0,16.98165137614679,93.1635897400028,0.8032135366992914
1851,1851.0,0.7782009032231936,0.782,0.0015212756050724044,0.5100204735631958,0.0,-0.07959661444264343,109.0,16.990825688073393,91.48201065212763,0.7995963009268757
1852,1852.0,0.7787720623274127,0.782,0.0015215947096370649,0.5103054760155713,0.0,-0.07901367890568745,109.0,17.0,91.14162740445744,0.7988478606819708
1853,1853.0,0.7793421959779285,0.782,0.00152186588809911,0.5105938806232488,0.0,-0.07843137254901955,109.0,17.009174311926607,98.54570198645368,0.813961106737527
1854,1854.0,0.7799113028209049,0.782,0.0015220892024996786,0.510879850209587,0.0,-0.07784969435454858,109.0,17.01834862385321,88.85487298450943,0.7936710422564052
1855,1855.0,0.7804793815057246,0.802,0.001523301924539403,0.5111675774009101,0.0,-0.07726864330637917,109.0,17.027522935779817,89.27005417779276,0.7946306462767442
1856,1856.0,0.7810464306852125,0.802,0.0015251117257163115,0.5114570600706515,0.0,-0.07668821839080464,109.0,17.03669724770642,95.48212636295776,0.8079919872789328
1857,1857.0,0.7816124490158609,0.802,0.0015268758785426224,0.511752781304104,0.0,-0.07610841859630213,109.0,17.045871559633028,85.87467753913495,0.7865106005786346
1858,1858.0,0.7821774351580488,0.802,0.0015285943081859883,0.512039003243478,0.0,-0.07552924291352703,109.0,17.05504587155963,85.42567351432707,0.7853884835890866
1859,1859.0,0.7827413877762697,0.802,0.0015302669444245225,0.5123146867645987,0.0,-0.07495069033530566,109.0,17.06422018348624,92.93217826714012,0.8027235164914259
1860,1860.0,0.7833043055393412,0.802,0.0015318937216450446,0.5125836931330848,0.0,-0.07437275985663083,109.0,17.073394495412845,91.09565419418057,0.7987463453058498
1861,1861.0,0.7838661871206336,0.802,0.0015334745788403404,0.5128534462781726,0.0,-0.07379545047465519,109.0,17.08256880733945,99.04348242582248,0.8148961154807548
1862,1862.0,0.7844270311982785,0.802,0.0015350094596058004,0.5131270851450408,0.0,-0.07321876118868587,109.0,17.091743119266056,89.29771529393253,0.7946942620761651
1863,1863.0,0.7849868364553916,0.802,0.0015364983121351,0.5133961775671837,0.0,-0.07264269100017895,109.0,17.10091743119266,93.86166509416772,0.8046770924536634
1864,1864.0,0.7855456015802831,0.802,0.001537941089215172,0.5136720588155917,0.0,-0.07206723891273237,109.0,17.110091743119266,96.0247996885778,0.8090770989078763
1865,1865.0,0.7861033252666707,0.802,0.0015393377482203392,0.5139555989518094,0.0,-0.07149240393208212,109.0,17.119266055045873,93.36054961307391,0.8036286910336913
1866,1866.0,0.7866600062138923,0.802,0.0015406882511056828,0.5142525812947276,0.0,-0.07091818506609493,109.0,17.128440366972477,90.73857258081311,0.7979543559933633
1867,1867.0,0.7872156431271171,0.802,0.0015419925643995929,0.5145537361940988,0.0,-0.0703445813247634,109.0,17.137614678899084,96.31681133718949,0.8096559356688905
1868,1868.0,0.7877702347175514,0.802,0.0015432506591955635,0.5148553540949012,0.0,-0.06977159172019975,109.0,17.146788990825687,89.43401587485896,0.7950071552306636
1869,1869.0,0.788323779702647,0.802,0.0015444625111432023,0.5151605975366754,0.0,-0.06919921526663098,109.0,17.155963302752294,92.69859695995272,0.8022264205222693
1870,1870.0,0.7888762768063063,0.802,0.0015456281004384697,0.5154588749220735,0.0,-0.06862745098039214,109.0,17.165137614678898,96.23766851079228,0.8094994027076061
1871,1871.0,0.7894277247590905,0.802,0.001546747411813125,0.5157591892118875,1.0,-0.06805629787992151,109.0,17.174311926605505,86.51779275026695,0.788097537505928
1872,1872.0,0.7806510077507322,0.802,0.0015296368399094365,0.5126026436312858,0.0,-0.07727920227920215,110.0,17.027272727272727,92.95953637108568,0.8027815751990371
1873,1873.0,0.7812136647473747,0.802,0.0015314396572479322,0.5128799137295885,0.0,-0.0767040398647445,110.0,17.036363636363635,94.10948418500118,0.8051914374826078
1874,1874.0,0.7817753115205995,0.802,0.0015331969751724804,0.5131689333655828,0.0,-0.07612949128424029,110.0,17.045454545454547,87.81192423161497,0.7912204578847758
1875,1875.0,0.782335946738136,0.802,0.001534908719319775,0.513451288352414,0.0,-0.07555555555555538,110.0,17.054545454545455,89.8783723388219,0.7960206348172322
1876,1876.0,0.7828955690714984,0.802,0.0015365748198839942,0.5137233727781604,0.0,-0.07498223169864948,110.0,17.063636363636363,94.32155961427405,0.8056294509091336
1877,1877.0,0.7834541771961966,0.802,0.0015381952116151382,0.5139905373522068,0.0,-0.07440951873557089,110.0,17.072727272727274,88.83395169295065,0.7936224497059252
1878,1878.0,0.7840117697919431,0.802,0.0015397698338165474,0.5142538664466663,0.0,-0.07383741569045066,110.0,17.081818181818182,89.43555527200581,0.795010683641701
1879,1879.0,0.784568345542865,0.802,0.0015412986303416677,0.5145202031011514,0.0,-0.07326592158949796,110.0,17.09090909090909,94.39120404469163,0.805772862854329
1880,1880.0,0.7851239031377136,0.802,0.0015427815495900232,0.514791891149329,0.0,-0.07269503546099276,110.0,17.1,87.42749573526449,0.7903024308411197
1881,1881.0,0.785678441270068,0.802,0.0015442185445023583,0.5150716575044734,0.0,-0.07212475633528248,110.0,17.10909090909091,89.62025250121395,0.7954331434952719
1882,1882.0,0.7862319586385389,0.802,0.0015456095725550777,0.5153552675128671,0.0,-0.07155508324477489,110.0,17.118181818181817,96.0887827108587,0.8092042295040799
1883,1883.0,0.7867844539469794,0.802,0.0015469545957538114,0.5156522053479425,0.0,-0.07098601522393344,110.0,17.12727272727273,97.64872498746843,0.8122521995480626
1884,1884.0,0.7873359259046816,0.802,0.0015482535806263119,0.5159490508400315,0.0,-0.07041755130927108,110.0,17.136363636363637,93.79482921169367,0.8045379101660791
1885,1885.0,0.7878863732265778,0.802,0.0015495064982145028,0.5162487919590689,0.0,-0.06984969053934575,110.0,17.145454545454545,90.9882646495852,0.798508814252708
1886,1886.0,0.7884357946334458,0.802,0.0015507133240657916,0.5165471983164975,0.0,-0.06928243195475425,110.0,17.154545454545456,99.65814270053585,0.8160377783838153
1887,1887.0,0.7889841888521032,0.802,0.00155187403822365,0.5168431750185917,0.0,-0.0687157745981275,110.0,17.163636363636364,91.27441738367008,0.7991405055343213
1888,1888.0,0.7895315546156059,0.802,0.0015529886252173997,0.517140320792347,0.0,-0.06814971751412413,110.0,17.172727272727272,87.76562213334175,0.7911103130394311
1889,1889.0,0.7900778906634425,0.802,0.0015540570740512818,0.5174383658033812,0.0,-0.0675842597494265,110.0,17.181818181818183,97.46326379482919,0.8118949374409726
1890,1890.0,0.7906231957417322,0.802,0.0015550793781927638,0.517739740807153,1.0,-0.06701940035273357,110.0,17.19090909090909,85.71427393979154,0.7861110817293832
1891,1891.0,0.7819344315708606,0.802,0.001539496015956952,0.5145747771344208,0.0,-0.07615018508725524,111.0,17.045045045045047,86.47634630846758,0.7879959767502553
1892,1892.0,0.7824907824164936,0.802,0.0015412012550434192,0.5148532299100963,0.0,-0.07558139534883712,111.0,17.054054054054053,88.00913511109765,0.791688291105345
1893,1893.0,0.783046140479032,0.802,0.001542860999056862,0.5151255261959942,0.0,-0.07501320655044896,111.0,17.063063063063062,96.46057145040668,0.809939615143592
1894,1894.0,0.7836005044417098,0.802,0.0015444751830983646,0.5153900217355476,0.0,-0.07444561774023217,111.0,17.07207207207207,87.18100575515354,0.7897095453931535
1895,1895.0,0.7841538729916326,0.802,0.0015460437467706607,0.5156497798278199,0.0,-0.07387862796833766,111.0,17.08108108108108,97.92736324655577,0.8127864089715686
1896,1896.0,0.7847062448199871,0.802,0.0015475666341750313,0.5159091695883019,0.0,-0.07331223628691985,111.0,17.09009009009009,95.01072910355288,0.8070393364379753
1897,1897.0,0.7852576186222318,0.802,0.0015490437939075028,0.5161859798188686,0.0,-0.07274644175013156,111.0,17.0990990990991,86.64541461355074,0.7884096531235696
1898,1898.0,0.7858079930983051,0.802,0.0015504751790542412,0.5164671912254672,0.0,-0.07218124341412002,111.0,17.10810810810811,88.93335945042328,0.7938531340025065
1899,1899.0,0.786357366952815,0.802,0.0015518607471861894,0.516750595427564,0.0,-0.07161664033701953,111.0,17.117117117117118,89.99366209523069,0.7962819502340829
1900,1900.0,0.786905738895246,0.802,0.001553200460352936,0.5170424402557683,0.0,-0.07105263157894726,111.0,17.126126126126128,89.87021548669904,0.796002121124916
1901,1901.0,0.7874531076401424,0.802,0.0015544942850758425,0.5173376109295318,0.0,-0.070489216201999,111.0,17.135135135135137,101.48088022894886,0.8193419953396947
1902,1902.0,0.7879994719073125,0.802,0.0015557421923403892,0.5176321380030446,0.0,-0.06992639327024164,111.0,17.144144144144143,93.48747149480415,0.8038952916343206
1903,1903.0,0.7885448304220165,0.802,0.001556944157587809,0.5179253548501647,0.0,-0.06936416184971095,111.0,17.153153153153152,87.38870503290735,0.7902093488348445
1904,1904.0,0.7890891819151612,0.802,0.0015581001607059496,0.5182195496687301,0.0,-0.06880252100840334,111.0,17.16216216216216,98.25306947650976,0.8134070168900276
1905,1905.0,0.7896325251234886,0.802,0.0015592101860193873,0.5185132132612986,0.0,-0.06824146981627299,111.0,17.17117117117117,89.7922290853304,0.7958249447631933
1906,1906.0,0.7901748587897641,0.802,0.0015602742222788747,0.51880904920841,0.0,-0.06768100734522542,111.0,17.18018018018018,89.3772225792557,0.7948768958771777
1907,1907.0,0.7907161816629689,0.802,0.0015612922626499512,0.5191072847297119,0.0,-0.06712113266911368,111.0,17.18918918918919,88.86027963509062,0.7936835962184665
1908,1908.0,0.791256492498483,0.802,0.0015622643047009397,0.5193982735602627,0.0,-0.06656184486373151,111.0,17.1981981981982,90.91014032785093,0.7983356612670766
1909,1909.0,0.7917957900582707,0.802,0.0015631903503901512,0.5196907844868449,0.0,-0.06600314300680976,111.0,17.207207207207208,91.7754491723649,0.8002370623226129
1910,1910.0,0.7923340731110681,0.802,0.0015640704060524099,0.51999235702499,0.0,-0.0654450261780104,111.0,17.216216216216218,89.37462556608305,0.794870935489651
1911,1911.0,0.7928713404325604,0.802,0.0015649044823848846,0.5202913931878288,0.0,-0.06488749345892186,111.0,17.225225225225227,90.12856030064873,0.796586861343647
1912,1912.0,0.7934075908055672,0.802,0.0015656925944321893,0.5205899427578693,1.0,-0.06433054393305437,111.0,17.234234234234233,83.80766954036062,0.7812451600923678
1913,1913.0,0.7848408282301129,0.802,0.0015538136949681698,0.5172969658160276,0.0,-0.07335772782714756,112.0,17.089285714285715,93.68909803487949,0.8043173248769241
1914,1914.0,0.785388080546935,0.802,0.001555285264666784,0.5175741703837399,0.0,-0.07279693486590033,112.0,17.098214285714285,90.87940399963857,0.7982674563600104
1915,1915.0,0.7859343531577601,0.802,0.001556711208195194,0.5178561287291132,0.0,-0.07223672758920796,112.0,17.107142857142858,90.45555287973905,0.7973221902948561
1916,1916.0,0.7864796447742161,0.802,0.0015580914832117655,0.5181395726060302,0.0,-0.07167710508002778,112.0,17.116071428571427,98.9438608221269,0.8147097436768564
1917,1917.0,0.7870239541124485,0.802,0.001559426051803779,0.518425550317419,1.0,-0.07111806642323071,112.0,17.125,82.1547259191272,0.776843837914077
1918,1918.0,0.7783794372740395,0.782,0.0015462781690614882,0.5155503744640441,0.0,-0.08011817865832449,113.0,16.98230088495575,88.29537840481223,0.7923636133107717
1919,1919.0,0.7789340547900593,0.782,0.0015465872727433866,0.5158074667056525,0.0,-0.07955532395344789,113.0,16.991150442477878,83.24400241210017,0.7797639132898248
1920,1920.0,0.7794877273438048,0.782,0.0015468490705480985,0.5160616538294931,0.0,-0.07899305555555536,113.0,17.0,95.35158910291342,0.8077291264276039
1921,1921.0,0.7800404536192853,0.782,0.0015470636205958362,0.5163232228677351,0.0,-0.07843137254901955,113.0,17.008849557522122,86.33598318491921,0.7876513053188265
1922,1922.0,0.7805922323024328,0.782,0.0015472309854917506,0.5165881184488461,0.0,-0.07787027402011781,113.0,17.01769911504425,90.89366927004772,0.7982991171930306
1923,1923.0,0.7811430620812901,0.802,0.0015485080740348966,0.5168510464212358,0.0,-0.07730975905702886,113.0,17.02654867256637,91.83426199941854,0.8003649952187843
1924,1924.0,0.781692941646208,0.802,0.0015502910202300694,0.5171154316647658,0.0,-0.07674982674982678,113.0,17.035398230088497,91.63169218241251,0.7999236629087139
1925,1925.0,0.7822418696900296,0.802,0.0015520289062113148,0.5173730601371545,0.0,-0.07619047619047614,113.0,17.04424778761062,87.8213944776518,0.791242971688423
1926,1926.0,0.782789844908289,0.802,0.00155372165894095,0.5176334450145493,1.0,-0.0756317064728278,113.0,17.053097345132745,82.22925983615357,0.7770461102305489
1927,1927.0,0.7741207969864266,0.778,0.0015499445731068648,0.5149015358309175,0.0,-0.08458744161909704,114.0,16.912280701754387,87.70301808732869,0.7909612036945154
1928,1928.0,0.7746785548754637,0.778,0.0015502766214232943,0.5151550084207859,0.0,-0.08402489626556009,114.0,16.92105263157895,88.59156702712008,0.7930578050648879
1929,1929.0,0.7752353967782201,0.778,0.0015505609794609237,0.5154061457394854,0.0,-0.08346293416277861,114.0,16.92982456140351,91.89053076774935,0.8004872408488933
1930,1930.0,0.7757913213842579,0.778,0.0015507977008685262,0.5156626842722846,0.0,-0.08290155440414493,114.0,16.93859649122807,90.43576952737982,0.7972778533411734
1931,1931.0,0.7763463273833074,0.778,0.001550986843843933,0.5159297610018526,0.0,-0.08234075608492986,114.0,16.94736842105263,88.81059235352129,0.7935681674055806
1932,1932.0,0.7769004134654585,0.782,0.0015513940257085113,0.5161966343060633,0.0,-0.08178053830227738,114.0,16.95614035087719,89.58105747322608,0.7953436379246496
1933,1933.0,0.7774535783213522,0.782,0.0015518308763971277,0.5164620477596896,0.0,-0.08122090015519912,114.0,16.964912280701753,93.32169986773411,0.8035469418225625
1934,1934.0,0.7780058206423714,0.782,0.0015522204385720034,0.5167225865734935,0.0,-0.08066184074457072,114.0,16.973684210526315,89.54142343569437,0.7952530501539355
1935,1935.0,0.7785571391208267,0.782,0.0015525627570930976,0.516980776315421,0.0,-0.08010335917312661,114.0,16.982456140350877,96.3530677798322,0.8097275597366013
1936,1936.0,0.779107532450148,0.782,0.0015528578813147839,0.5172335732298711,0.0,-0.07954545454545436,114.0,16.99122807017544,90.5739614854639,0.7975871538281383
1937,1937.0,0.779656999325072,0.782,0.0015531058650660858,0.5174825672582198,0.0,-0.07898812596799165,114.0,17.0,84.72740040693323,0.783619782440143
1938,1938.0,0.7802055384418249,0.782,0.001553306766630283,0.5177367724074975,0.0,-0.07843137254901955,114.0,17.00877192982456,90.55099524025505,0.7975358163133349
1939,1939.0,0.7807531484983152,0.782,0.0015534606487237,0.517995280901218,0.0,-0.077875193398659,114.0,17.017543859649123,91.51183812143054,0.7996616207292642
1940,1940.0,0.7812998281943132,0.802,0.0015547548077424085,0.518250328901696,0.0,-0.07731958762886593,114.0,17.026315789473685,84.36805858847013,0.7826981722696794
1941,1941.0,0.7818455762316386,0.802,0.001556531475884069,0.5185101940139254,0.0,-0.07676455435342588,114.0,17.035087719298247,90.51258634279212,0.7974499009021712
1942,1942.0,0.7823903913143421,0.802,0.0015582632277552706,0.5187650956666119,1.0,-0.07621009268795054,114.0,17.04385964912281,84.12457582344501,0.7820692329931018
1943,1943.0,0.773774310187349,0.778,0.0015558991087786004,0.5160965851316369,0.0,-0.08509178246697546,115.0,16.904347826086955,83.39009074959357,0.7801497375942994
1944,1944.0,0.7743286605198475,0.778,0.0015562622118839072,0.5163470024850668,0.0,-0.08453360768175577,115.0,16.91304347826087,90.94138878097496,0.7984049553335094
1945,1945.0,0.7748821140821192,0.778,0.0015565777449936984,0.5165969622046221,0.0,-0.08397600685518425,115.0,16.921739130434784,93.38718344074944,0.8036846957166759
1946,1946.0,0.7754346695783654,0.778,0.0015568457577001572,0.5168412573742469,0.0,-0.08341897910243223,115.0,16.930434782608696,90.65415308281031,0.7977662058506433
1947,1947.0,0.7759863257126047,0.778,0.0015570663041107923,0.5170950412279882,0.0,-0.08286252354048962,115.0,16.93913043478261,95.47330099521389,0.807974238428685
1948,1948.0,0.7765370811888556,0.778,0.0015572394428282803,0.5173607186797043,0.0,-0.08230663928815884,115.0,16.94782608695652,84.4668455109026,0.7829523143377368
1949,1949.0,0.7770869347113193,0.782,0.0015576983376801821,0.5176226157636983,0.0,-0.0817513254660509,115.0,16.956521739130434,98.10729767710396,0.8131297694726748
1950,1950.0,0.7776358849845664,0.782,0.0015581209161471508,0.5178861328534943,0.0,-0.08119658119658113,115.0,16.965217391304346,94.50555313349058,0.8060078722841058
1951,1951.0,0.7781839307137105,0.782,0.0015584963692112112,0.5181467018724285,0.0,-0.08064240560396385,115.0,16.973913043478262,95.06452889685451,0.8071485385129811
1952,1952.0,0.7787310706045979,0.782,0.0015588247420383235,0.5184008504332931,0.0,-0.08008879781420752,115.0,16.982608695652175,85.17398505822173,0.7847543082456298
1953,1953.0,0.7792773033639829,0.782,0.0015591060842369765,0.5186488645793665,0.0,-0.07953575695511184,115.0,16.991304347826087,101.84894884877158,0.8199948694555972
1954,1954.0,0.7798226276997117,0.782,0.0015593404498387008,0.5188994141914204,0.0,-0.0789832821562606,115.0,17.0,92.46037527768581,0.8017168621880139
1955,1955.0,0.7803670423208953,0.782,0.0015595278972779872,0.5191480194794716,0.0,-0.07843137254901955,115.0,17.008695652173913,93.13525990372406,0.8031536782923578
1956,1956.0,0.7809105459380966,0.782,0.0015596684893714199,0.5193945138890688,0.0,-0.07788002726653032,115.0,17.017391304347825,89.35988584834773,0.7948370998990895
1957,1957.0,0.7814531372635012,0.802,0.0015609800996299848,0.5196432247813801,0.0,-0.07732924544370623,115.0,17.026086956521738,88.41586075180598,0.7926465548438507
1958,1958.0,0.7819948150110984,0.802,0.0015627506556281767,0.519895307927323,0.0,-0.07677902621722832,115.0,17.034782608695654,88.0555839212009,0.7917981743243058
1959,1959.0,0.7825355778968542,0.802,0.0015644764381092526,0.5201485065398186,1.0,-0.0762293687255402,115.0,17.043478260869566,83.43149506260269,0.780258842064655
1960,1960.0,0.7739822497812611,0.778,0.0015622087083347266,0.5175341293489101,0.0,-0.08503401360544216,116.0,16.905172413793103,87.11520654548981,0.789550710371558
1961,1961.0,0.774532344140196,0.778,0.0015625553397473578,0.5177815001615286,0.0,-0.08448070712221645,116.0,16.913793103448278,86.87387178036963,0.7889660843057301
1962,1962.0,0.7750815591677419,0.778,0.0015628545690589072,0.5180276072771016,0.0,-0.08392796466190955,116.0,16.92241379310345,82.49091697416118,0.7777533090209686
1963,1963.0,0.7756298935832532,0.778,0.001563106446355525,0.5182730153729224,0.0,-0.08337578536254031,116.0,16.93103448275862,105.28660309801596,0.82587211673772
1964,1964.0,0.7761773461057426,0.778,0.001563311026185534,0.5185234584777031,0.0,-0.08282416836388329,116.0,16.939655172413794,91.74044880860767,0.8001608497514437
1965,1965.0,0.7767239154540672,0.782,0.0015635242014654562,0.5187810303777447,0.0,-0.08227311280746386,116.0,16.948275862068964,99.47991701384171,0.815708196351004
1966,1966.0,0.7772696003470927,0.782,0.0015639797100131824,0.5190388146968585,0.0,-0.08172261783655466,116.0,16.95689655172414,95.13155079560282,0.8072844058568555
1967,1967.0,0.7778143995038813,0.782,0.001564388213755682,0.5193017623865083,0.0,-0.08117268259617005,116.0,16.96551724137931,92.3442459943827,0.8014675074129843
1968,1968.0,0.7783583116438526,0.782,0.001564749753740903,0.5195599832542152,1.0,-0.08062330623306235,116.0,16.974137931034484,80.09468246496529,0.7711042385197965
1969,1969.0,0.7697879404692366,0.778,0.0015641458466691789,0.516964802036126,0.0,-0.0893854748603351,117.0,16.837606837606838,95.78890385850856,0.8086069200623298
1970,1970.0,0.7703406968167453,0.778,0.0015648553850196897,0.5172056380409393,0.0,-0.08883248730964466,117.0,16.846153846153847,89.47467502884103,0.795100308244497
1971,1971.0,0.770892600902618,0.778,0.0015655174441029384,0.5174518674791819,0.0,-0.08828006088280049,117.0,16.854700854700855,85.82069059977238,0.7863763015048266
1972,1972.0,0.7714436514718154,0.778,0.0015661320385799123,0.5177014198482818,0.0,-0.08772819472616633,117.0,16.863247863247864,90.21173423552041,0.7967744053620612
1973,1973.0,0.7719938472674511,0.778,0.0015666991876530391,0.5179522792452239,0.0,-0.08717688798783563,117.0,16.871794871794872,83.87625250115018,0.7814240290112874
1974,1974.0,0.7725431870309659,0.778,0.0015672189150522267,0.518201257726981,0.0,-0.08662613981762912,117.0,16.88034188034188,86.78033714423779,0.7887386251696458
1975,1975.0,0.7730916695022952,0.778,0.0015676912490202293,0.5184537000502237,0.0,-0.0860759493670884,117.0,16.88888888888889,98.66722390957042,0.8141902385929493
1976,1976.0,0.7736392934200458,0.778,0.0015681162222972447,0.5187116469148131,0.0,-0.08552631578947345,117.0,16.897435897435898,88.42093939576918,0.7926584646282263
1977,1977.0,0.7741860575216607,0.778,0.0015684938721048456,0.5189611857486733,0.0,-0.08497723823975711,117.0,16.905982905982906,94.1563245463744,0.8052883497560093
1978,1978.0,0.7747319605435925,0.778,0.0015688242401291279,0.5192062601944434,0.0,-0.08442871587462064,117.0,16.914529914529915,97.32063967873322,0.8116192680827643
1979,1979.0,0.7752770012214752,0.778,0.0015691073725032226,0.5194491247555139,0.0,-0.08388074785245081,117.0,16.923076923076923,96.81437877384519,0.8106341892028319
1980,1980.0,0.775821178290287,0.778,0.0015693433197890615,0.5196964718516909,0.0,-0.08333333333333326,117.0,16.931623931623932,92.61124421279231,0.8020398765919942
1981,1981.0,0.7763644904845288,0.778,0.0015695321369584643,0.5199412805846456,0.0,-0.08278647147905094,117.0,16.94017094017094,98.96281618999781,0.8147452342288306
1982,1982.0,0.7769069365383829,0.782,0.0015697969336591494,0.5201904093326184,1.0,-0.08224016145307766,117.0,16.94871794871795,81.65292032490895,0.7754724110248316
1983,1983.0,0.76837085530569,0.778,0.001568180650290009,0.5177129975605594,0.0,-0.0909396537233147,118.0,16.8135593220339,85.29827996231901,0.785067959852975
1984,1984.0,0.7689218516983989,0.778,0.0015690148390620196,0.5179358082427352,0.0,-0.0903897849462365,118.0,16.822033898305083,89.05950074611495,0.794145114448858
1985,1985.0,0.7694720159486483,0.778,0.001569801688504308,0.5181643297369775,0.0,-0.08984047019311503,118.0,16.83050847457627,92.73797783739053,0.8023104044226678
1986,1986.0,0.7700213468250635,0.778,0.001570541200613341,0.5184006224872049,0.0,-0.08929170862705593,118.0,16.838983050847457,87.30720881405618,0.790013521422051
1987,1987.0,0.7705698430938468,0.778,0.0015712333819111214,0.5186397148752794,0.0,-0.08874349941284998,118.0,16.847457627118644,96.51127819795774,0.8100394723223002
1988,1988.0,0.7711175035189495,0.778,0.0015718782434335217,0.5188833700319702,0.0,-0.08819584171696837,118.0,16.85593220338983,88.83618637991393,0.7936276411626947
1989,1989.0,0.7716643268622274,0.778,0.0015724758007180032,0.5191320851963575,0.0,-0.08764873470755807,118.0,16.864406779661017,85.81182046263685,0.7863542197975416
1990,1990.0,0.7722103118836174,0.778,0.001573026073790521,0.5193793144146726,0.0,-0.08710217755443872,118.0,16.872881355932204,91.62764420187462,0.7999148238173491
1991,1991.0,0.7727554573412921,0.778,0.001573529087151767,0.5196237877446255,0.0,-0.0865561694290975,118.0,16.88135593220339,90.70284443566274,0.7978747695576679
1992,1992.0,0.773299761991828,0.778,0.001573984869762675,0.519876524698889,0.0,-0.08601070950468537,118.0,16.889830508474578,93.4181642111399,0.8037498008214218
1993,1993.0,0.7738432245903695,0.778,0.0015743934550291978,0.5201320349472801,0.0,-0.08546579695601264,118.0,16.89830508474576,96.01908201800593,0.809065729977554
1994,1994.0,0.7743858438907895,0.778,0.0015747548807864404,0.5203798255605873,0.0,-0.08492143095954519,118.0,16.906779661016948,88.8546352230998,0.7936704901516813
1995,1995.0,0.7749276186458546,0.778,0.001575069189282016,0.5206212705233995,0.0,-0.0843776106934,118.0,16.915254237288135,91.8931036626448,0.8004928269629665
1996,1996.0,0.775468547607386,0.778,0.0015753364271587798,0.5208652809702662,0.0,-0.08383433533734119,118.0,16.923728813559322,96.25021661552807,0.8095242381992145
1997,1997.0,0.7760086295264212,0.778,0.001575556645436823,0.5211089737382915,0.0,-0.0832916040727758,118.0,16.93220338983051,99.69068509494655,0.8160978298436563
1998,1998.0,0.776547863153377,0.778,0.0015757298994948461,0.5213482267802624,0.0,-0.08274941608274933,118.0,16.940677966101696,87.92841654076186,0.7914970602838689
1999,1999.0,0.7770862472382082,0.782,0.0015760470454749959,0.5215901872542112,0.0,-0.08220777055194262,118.0,16.949152542372882,82.72568608652414,0.7783840279770154
