,t,hat_beta_t,argmax_Wit,top_agent_wealth_ratio,top_10p_wealth_ratio,state_t,k_ast_t,Gamma_t,gamma_period_t,gamma_star_t,r_bar_t
0,0.0,0.49999999999999994,0.0,9.999000099990002e-05,0.0999900009999,0.0,-1.0,0.0,0.0,92.69174873566702,0.8022118086733343
1,1.0,0.5046738317756996,1.0,0.00010279345897185975,0.10251339352046099,0.0,1.0,0.0,0.0,94.34378873644364,0.8056752481655273
2,2.0,0.5093452143200187,1.0,0.00010564782996071318,0.10507319150688627,0.0,1.0,0.0,0.0,90.25745193252617,0.7968773442990746
3,3.0,0.5140126827121804,1.0,0.00010855303352801939,0.10766898094462034,0.0,1.0,0.0,0.0,92.01780078274012,0.8007631873682843
4,4.0,0.5186747781714431,1.0,0.00011150895747885804,0.11030031983984714,0.0,1.0,0.0,0.0,96.08533002886413,0.8091973735446818
5,5.0,0.5233300502190074,1.0,0.00011451545811224002,0.1129667388669535,0.0,1.0,0.0,0.0,90.60345957096436,0.7976530540870361
6,6.0,0.527977058812277,1.0,0.00011757236054104397,0.11566774207591868,0.0,1.0,0.0,0.0,98.9518814724398,0.8147247625762472
7,7.0,0.5326143764445916,1.0,0.00012067945908009455,0.11840280765706268,0.0,1.0,0.0,0.0,92.9164866637306,0.8026902007209702
8,8.0,0.5372405902037517,1.0,0.00012383651770070178,0.12117138876035788,0.0,1.0,0.0,0.0,92.2282227323786,0.8012177531976116
9,9.0,0.5418543037829394,1.0,0.00012704327054969245,0.12397291436626384,0.0,1.0,0.0,0.0,90.92099601106801,0.798359739359855
10,10.0,0.5464541394377426,1.0,0.0001302994225307114,0.1268067902048668,0.0,1.0,0.0,0.0,83.20678626518448,0.7796654076399007
11,11.0,0.5510387398835258,1.0,0.0001336046499453243,0.129672399719929,0.0,1.0,0.0,0.0,98.64002140579527,0.8141389968082852
12,12.0,0.555606770127508,1.0,0.00013695860119121146,0.1325691050742767,0.0,1.0,0.0,0.0,92.1952854522958,0.8011467371309408
13,13.0,0.5601569192303939,1.0,0.0001403608975145361,0.13549624819284248,0.0,1.0,0.0,0.0,88.75158228435903,0.7934309128755187
14,14.0,0.5646879019927091,1.0,0.00014381113381337855,0.13845315183954818,0.0,1.0,0.0,0.0,97.09232583195971,0.8111762883807797
15,15.0,0.5691984605614532,1.0,0.00014730887948894792,0.14143912072413836,0.0,1.0,0.0,0.0,95.78614200227379,0.8086014015169529
16,16.0,0.5736873659530451,1.0,0.00015085367934113738,0.14445344263499543,0.0,1.0,0.0,0.0,82.87143747528901,0.7787737984055115
17,17.0,0.5781534194889933,1.0,0.0001544450545048552,0.14749538959393715,0.0,1.0,0.0,0.0,90.06036329073257,0.7964328294551763
18,18.0,0.5825954541411978,1.0,0.00015808250342346224,0.15056421902897274,0.0,1.0,0.0,0.0,97.43465595369551,0.8118397078135525
19,19.0,0.5870123357841535,1.0,0.00016176550285555564,0.1536591749609911,0.0,1.0,0.0,0.0,86.8997998111204,0.7890290498576356
20,20.0,0.5914029643518932,1.0,0.00016549350891127275,0.15677948920038667,0.0,1.0,0.0,0.0,86.2231388849466,0.7873733945385966
21,21.0,0.5957662748978659,1.0,0.00016926595811427055,0.15992438254967628,0.0,1.0,0.0,0.0,89.87740451004463,0.7960184383018714
22,22.0,0.6001012385564687,1.0,0.00017308226848549015,0.16309306600822027,0.0,1.0,0.0,0.0,83.8743299515017,0.7814190188591177
23,23.0,0.6044068634053628,1.0,0.0001769418406448397,0.16628474197525236,0.0,1.0,0.0,0.0,91.6564409697427,0.7999776868994349
24,24.0,0.608682195228153,1.0,0.000180844058926954,0.16949860544752668,0.0,1.0,0.0,0.0,88.67571306616323,0.7932541763757303
25,25.0,0.6129263181774662,1.0,0.00018478829250721514,0.17273384520800858,0.0,1.0,0.0,0.0,95.41480353129417,0.807856510155467
26,26.0,0.6171383553388272,1.0,0.00018877389653431577,0.17598964500217806,0.0,1.0,0.0,0.0,98.02349854230965,0.8129700163127705
27,27.0,0.6213174691961963,1.0,0.0001928002132656939,0.1792651846986629,0.0,1.0,0.0,0.0,90.2593985612463,0.7968817250550025
28,28.0,0.62546286200037,1.0,0.00019686657320228956,0.1825596414310734,0.0,1.0,0.0,0.0,88.21092961925989,0.7921648324933824
29,29.0,0.6295737760418327,1.0,0.00020097229621918874,0.1858721907181074,0.0,1.0,0.0,0.0,92.20923758960893,0.8011768255266507
30,30.0,0.6336494938299753,1.0,0.0002051166926888349,0.18920200755915517,0.0,1.0,0.0,0.0,87.4981223369606,0.7904716942069848
31,31.0,0.6376893381809441,1.0,0.00020929906459364237,0.19254826750283655,0.0,1.0,0.0,0.0,97.5397329028822,0.8120424078709816
32,32.0,0.6416926722166544,1.0,0.00021351870662499002,0.1959101476860943,0.0,1.0,0.0,0.0,88.90978484403557,0.7937984737507414
33,33.0,0.6456588992777657,1.0,0.00021777490726575336,0.19928682784169205,0.0,1.0,0.0,0.0,90.3562773602492,0.7970995057682756
34,34.0,0.6495874627536985,1.0,0.00022206694985367137,0.20267749127212167,0.0,1.0,0.0,0.0,95.64022666167662,0.8083093905853366
35,35.0,0.6534778458329739,1.0,0.0002263941136230688,0.20608132578820457,0.0,1.0,0.0,0.0,88.151901826022,0.7920256630479023
36,36.0,0.6573295711773292,1.0,0.00023075567472258596,0.2094975246108007,0.0,1.0,0.0,0.0,91.55074379103743,0.7997467571079623
37,37.0,0.6611422005232609,1.0,0.0002351509072068002,0.2129252872343106,0.0,1.0,0.0,0.0,87.18870131264934,0.7897281063105647
38,38.0,0.6649153342147973,1.0,0.00023957908399979054,0.21636382025082154,0.0,1.0,0.0,0.0,81.67055052685734,0.7755208797410467
39,39.0,0.6686486106713424,1.0,0.0002440394778288826,0.21981233813396456,0.0,1.0,0.0,0.0,93.16434498582302,0.8032151319678881
40,40.0,0.6723417057946528,1.0,0.0002485313621270201,0.2232700639817373,0.0,1.0,0.0,0.0,83.62413968336783,0.7807650589560602
41,41.0,0.6759943323189429,1.0,0.00025305401190238897,0.22673623021775233,0.0,1.0,0.0,0.0,91.44669790414663,0.79951891371135
42,42.0,0.6796062391082428,1.0,0.0002576067045740974,0.2302100792505325,0.0,1.0,0.0,0.0,96.36770326751824,0.8097564566581014
43,43.0,0.6831772104051338,1.0,0.0002621887207729244,0.23369086409067633,0.0,1.0,0.0,0.0,87.59878042955462,0.7907124591982571
44,44.0,0.6867070650349396,1.0,0.00026679934510630564,0.23717784892586738,0.0,1.0,0.0,0.0,91.50666306899511,0.7996502908262518
45,45.0,0.6901956555695359,1.0,0.0002714378668869054,0.24067030965386454,0.0,1.0,0.0,0.0,86.73878965108958,0.7886374319139114
46,46.0,0.6936428674547637,1.0,0.0002761035808242966,0.24416753437376273,0.0,1.0,0.0,0.0,93.37704883788096,0.8036633887930723
47,47.0,0.6970486181054942,1.0,0.00028079578767943776,0.2476688238359736,0.0,1.0,0.0,0.0,85.47933117294421,0.7855232009684211
48,48.0,0.7004128559722447,1.0,0.00028551379488176744,0.251173491851463,0.0,1.0,0.0,0.0,93.00621472037712,0.802880556009591
49,49.0,0.7037355595832016,1.0,0.0002902569171089104,0.25468086566095055,0.0,1.0,0.0,0.0,93.34069154684472,0.8035869133867257
50,50.0,0.7070167365653628,1.0,0.00029502447682911294,0.25819028626487284,0.0,1.0,0.0,0.0,97.1150811393898,0.8112205321950007
51,51.0,0.7102564226484418,1.0,0.0002998158048066506,0.26170110871498187,0.0,1.0,0.0,0.0,87.92320171644005,0.7914846937392029
52,52.0,0.7134546806550246,1.0,0.00030463024057059997,0.26521270236861677,0.0,1.0,0.0,0.0,89.80626325685239,0.7958568515327413
53,53.0,0.7166115994803284,1.0,0.0003094671328474293,0.2687244511066708,0.0,1.0,0.0,0.0,94.0244931528073,0.8050153452724467
54,54.0,0.7197272930648094,1.0,0.00031432583995803136,0.2722357535164442,0.0,1.0,0.0,0.0,91.14063595519882,0.7988456725017227
55,55.0,0.7228018993626897,1.0,0.00031920573017985254,0.2757460230405591,0.0,1.0,0.0,0.0,103.26019719141121,0.8224549842825767
56,56.0,0.7258355793093076,1.0,0.00032410618207490637,0.27925468809321974,0.0,1.0,0.0,0.0,86.16606908012922,0.7872325669599196
57,57.0,0.7288285157900852,1.0,0.0003290265847845034,0.2827611921451021,0.0,1.0,0.0,0.0,94.945086403613,0.8069059281762296
58,58.0,0.7317809126137024,1.0,0.00033396633829163195,0.2862649937782433,0.0,1.0,0.0,0.0,91.35290638619699,0.7993130809015682
59,59.0,0.7346929934919366,1.0,0.0003389248536519442,0.2897655667122669,0.0,1.0,0.0,0.0,86.84747686251987,0.7889019463126704
60,60.0,0.7375650010284374,1.0,0.0003439015531943888,0.29326239980336377,0.0,1.0,0.0,0.0,92.21464501814135,0.8011884844351282
61,61.0,0.7403971957185881,1.0,0.00034889587069255457,0.29675499701739994,0.0,1.0,0.0,0.0,99.58386252911721,0.8159005599127783
62,62.0,0.7431898549623873,1.0,0.00035390725150784367,0.30024287737858657,0.0,1.0,0.0,0.0,87.05025635860744,0.7893936893441377
63,63.0,0.7459432720921608,1.0,0.0003589351527055945,0.3037255748950949,0.0,1.0,0.0,0.0,92.8404889717217,0.8025286861757321
64,64.0,0.7486577554167871,1.0,0.00036397904314533285,0.3072026384630267,0.0,1.0,0.0,0.0,83.58571138831576,0.7806642663102811
65,65.0,0.7513336272838795,1.0,0.0003690384035463175,0.3106736317501211,0.0,1.0,0.0,0.0,89.62640802820722,0.7954471931134017
66,66.0,0.753971223161315,1.0,0.0003741127265295746,0.3141381330605808,0.0,1.0,0.0,0.0,86.83987545262542,0.7888834681328523
67,67.0,0.7565708907392892,1.0,0.00037920151663759703,0.31759573518232936,0.0,1.0,0.0,0.0,90.343087958998,0.7970698838448618
68,68.0,0.7591329890539796,1.0,0.00038430429033291334,0.3210460452180628,0.0,1.0,0.0,0.0,89.47043843900761,0.7950906058671966
69,69.0,0.761657887633723,1.0,0.00038942057597671567,0.3244886844013634,0.0,1.0,0.0,0.0,94.81519465638716,0.8066413996219295
70,70.0,0.7641459656685322,1.0,0.000394549913788697,0.32792328789912994,0.0,1.0,0.0,0.0,86.89059495265087,0.7890067003992356
71,71.0,0.7665976112035965,1.0,0.00039969185578927916,0.33134950460155593,0.0,1.0,0.0,0.0,99.45313207345437,0.8156585624694791
72,72.0,0.7690132203573755,1.0,0.00040484596572536505,0.33476699690083817,0.0,1.0,0.0,0.0,94.26642085151552,0.8055157587640754
73,73.0,0.7713931965646568,1.0,0.0004100118189807329,0.3381754404597542,0.0,1.0,0.0,0.0,93.82082614101638,0.8045920709994856
74,74.0,0.7737379498449984,1.0,0.00041518900247218906,0.3415745239712235,0.0,1.0,0.0,0.0,92.47524850153023,0.8017487529862657
75,75.0,0.7760478960967437,1.0,0.0004203771145324996,0.34496394890988075,0.0,1.0,0.0,0.0,91.12039237685404,0.7988009834559242
76,76.0,0.7783234564167747,1.0,0.00042557576478120785,0.3483434292767105,0.0,1.0,0.0,0.0,87.13413369031102,0.7895964238481672
77,77.0,0.780565056446067,1.0,0.0004307845739842885,0.35171269133768807,0.0,1.0,0.0,0.0,88.16965531669747,0.7920675399321723
78,78.0,0.7827731257410215,1.0,0.00043600317390364747,0.3550714733573583,0.0,1.0,0.0,0.0,96.220699725861,0.8094658074035401
79,79.0,0.7849480971704812,1.0,0.00044123120713738905,0.358419525328219,1.0,1.0,0.0,0.0,82.69313214607197,0.7782967840551896
80,80.0,0.7509290659196894,1.0,0.0003580677938867015,0.30542794731086487,0.0,0.7708333333333334,1.0,81.0,92.24547144453548,0.8012549229112387
81,81.0,0.753516085814733,1.0,0.0003629993900955202,0.30883721183525936,0.0,0.7736625514403292,1.0,82.0,89.01624934982122,0.7940450932583563
82,82.0,0.7560666710897379,1.0,0.00036794627213363243,0.3122406379968515,0.0,0.7764227642276422,1.0,83.0,97.92694954842696,0.812785618076798
83,83.0,0.7585811631316505,1.0,0.00037290798225114453,0.3156378414903813,0.0,0.7791164658634538,1.0,84.0,94.45359371705034,0.8059011561989528
84,84.0,0.7610599128947162,1.0,0.00037788407316466203,0.31902845096782995,0.0,0.7817460317460317,1.0,85.0,93.43295028218024,0.8037808580595586
85,85.0,0.7635032801448813,1.0,0.00038287410804060175,0.3224121078742973,0.0,0.7843137254901961,1.0,86.0,90.52696614940838,0.7974820750860527
86,86.0,0.765911632726084,1.0,0.0003878776604626662,0.3257884662722955,0.0,0.7868217054263567,1.0,87.0,97.10520272839881,0.8112013278566415
87,87.0,0.7682853458488818,1.0,0.00039289431438441837,0.32915719265544824,0.0,0.789272030651341,1.0,88.0,96.52719636823815,0.8100707984577304
88,88.0,0.7706248014018092,1.0,0.00039792366406794826,0.3325179657526502,0.0,0.7916666666666667,1.0,89.0,92.72631012078182,0.8022855292154619
89,89.0,0.7729303872857206,1.0,0.0004029653140095372,0.3358704763236117,0.0,0.7940074906367042,1.0,90.0,94.00635889961212,0.804977731847787
90,90.0,0.7752024967713208,1.0,0.00040801887885324556,0.3392144269467347,0.0,0.7962962962962963,1.0,91.0,82.42549247507644,0.7775769026933396
91,91.0,0.7774415278799954,1.0,0.0004130839832933225,0.3425495318002275,0.0,0.7985347985347986,1.0,92.0,85.22636514937165,0.784886598164764
92,92.0,0.7796478827879717,1.0,0.0004181602619662969,0.34587551643729403,0.0,0.8007246376811594,1.0,93.0,87.95605189122996,0.791562570862036
93,93.0,0.781821967253779,1.0,0.00042324735933358147,0.34919211755622026,0.0,0.8028673835125448,1.0,94.0,89.69054839332965,0.7955934748783764
94,94.0,0.7839641900689099,1.0,0.0004283449295554307,0.35249908276615466,0.0,0.8049645390070922,1.0,95.0,92.17725464998743,0.80110783942364
95,95.0,0.7860749625315145,1.0,0.0004334526363570015,0.3557961703492943,0.0,0.8070175438596492,1.0,96.0,91.24312215013292,0.799071613275493
96,96.0,0.7881546979429366,1.0,0.0004385701528873094,0.35908314902020577,0.0,0.8090277777777778,1.0,97.0,90.72290700749734,0.7979194677721442
97,97.0,0.7902038111267866,1.0,0.0004436971615717662,0.36235979768293064,0.0,0.8109965635738832,1.0,98.0,93.52391123709974,0.8039716999553721
98,98.0,0.7922227179702916,1.0,0.0004488333539590268,0.3656259051864912,0.0,0.8129251700680272,1.0,99.0,90.81888292988793,0.7981330232008398
99,99.0,0.7942118349875242,1.0,0.00045397843056279696,0.36888127007941995,1.0,0.8148148148148148,1.0,100.0,84.2289734184704,0.7823393472665422
100,100.0,0.7628210918205899,1.0,0.0003714280859759442,0.31691270576014796,0.0,0.6333333333333333,2.0,50.5,90.16913920200847,0.796678403547131
101,101.0,0.7651876583694265,1.0,0.00037629624226093427,0.3202397642764832,0.0,0.636963696369637,2.0,51.0,96.3520633666012,0.8097255762590314
102,102.0,0.7675209290892248,1.0,0.0003811783539999304,0.32356023848897997,0.0,0.6405228758169935,2.0,51.5,92.79563861275902,0.8024332435510328
103,103.0,0.7698212650508389,1.0,0.00038607403396643684,0.3268738104910238,0.0,0.6440129449838188,2.0,52.0,87.75446600557802,0.7910837571256146
104,104.0,0.772089032823802,1.0,0.00039098290397868575,0.3301801734704897,0.0,0.6474358974358974,2.0,52.5,89.45200114159942,0.7950483712006364
105,105.0,0.7743246038918763,1.0,0.00039590459483974553,0.33347903153038766,0.0,0.6507936507936507,2.0,53.0,86.38769369089212,0.7877784143777157
106,106.0,0.776528354089672,1.0,0.00040083874626734803,0.33677009950293535,0.0,0.6540880503144655,2.0,53.5,88.3401308801802,0.7924688004119025
107,107.0,0.778700663060329,1.0,0.0004057850068141745,0.3400531027578035,0.0,0.6573208722741434,2.0,54.0,102.76628402295128,0.821601671135264
108,108.0,0.7808419137342445,1.0,0.0004107430337793358,0.34332777700527356,0.0,0.6604938271604939,2.0,54.5,92.54234303091388,0.801892487991048
109,109.0,0.7829524918286985,1.0,0.0004157124931117252,0.3465938680949837,0.0,0.6636085626911314,2.0,55.0,89.64803445614976,0.7954965388304095
110,110.0,0.7850327853682849,1.0,0.0004206930593059428,0.3498511318109338,0.0,0.6666666666666667,2.0,55.5,89.61250358763373,0.795415454324353
111,111.0,0.7870831842259106,1.0,0.0004256844152914325,0.3530993336633716,0.0,0.6696696696696697,2.0,56.0,91.72354179944288,0.8001240142533976
112,112.0,0.789104079684123,1.0,0.0004306862523154702,0.3563382486781561,0.0,0.6726190476190477,2.0,56.5,98.955254560707,0.8147310780542107
113,113.0,0.7910958640165169,1.0,0.00043569826982058893,0.35956766118415046,1.0,0.6755162241887906,2.0,57.0,85.13077892481186,0.784645065335001
114,114.0,0.75974363496319,1.0,0.0003554931592393414,0.3081456125962881,0.0,0.5175438596491229,3.0,38.333333333333336,96.15865994943248,0.8093428782912075
115,115.0,0.7621021872040896,1.0,0.00036021372138495916,0.311429144472553,0.0,0.5217391304347827,3.0,38.666666666666664,93.99110439155292,0.8049460802486222
116,116.0,0.7644284002448342,1.0,0.00036494939388973554,0.3147074207632279,0.0,0.5258620689655173,3.0,39.0,91.8418609945046,0.8003815130180091
117,117.0,0.7667226095004827,1.0,0.0003696997997031114,0.31798011687132544,0.0,0.52991452991453,3.0,39.333333333333336,92.05406944157389,0.8008416852774838
118,118.0,0.768985155973921,1.0,0.0003744645697577075,0.3212469185594342,0.0,0.5338983050847458,3.0,39.666666666666664,98.754747752033,0.8143549170985968
119,119.0,0.7712163857054667,1.0,0.000379243342942312,0.32450752180692477,0.0,0.5378151260504203,3.0,40.0,83.44141266870983,0.7802849598661187
120,120.0,0.7734166492414193,1.0,0.0003840357660647851,0.3277616326600965,0.0,0.5416666666666667,3.0,40.333333333333336,96.0857685802124,0.8091982443994433
121,121.0,0.7755863011216039,1.0,0.0003888414938055372,0.33100896707596816,0.0,0.5454545454545454,3.0,40.666666666666664,92.92835727966396,0.8027154049634178
122,122.0,0.7777256993859291,1.0,0.0003936601886622,0.33424925076035783,0.0,0.5491803278688525,3.0,41.0,86.61595128253886,0.7883376784314184
123,123.0,0.7798352050998805,1.0,0.00039849152088614244,0.3374822190009235,0.0,0.5528455284552846,3.0,41.333333333333336,93.08987453819124,0.8030577071428766
124,124.0,0.7819151818988923,1.0,0.0004033351684113773,0.3407076164957372,0.0,0.5564516129032259,3.0,41.666666666666664,85.86675973901067,0.7864909146559516
125,125.0,0.783965995551418,1.0,0.0004081908167764995,0.34392519717801884,0.0,0.56,3.0,42.0,89.63087030692796,0.7954573767882261
126,126.0,0.7859880135405364,1.0,0.00041305815904018727,0.34713472403755863,0.0,0.5634920634920635,3.0,42.333333333333336,87.25070040690613,0.7898775224974331
127,127.0,0.7879816046638692,1.0,0.0004179368956908137,0.35033596893937496,0.0,0.5669291338582678,3.0,42.666666666666664,89.80879986289723,0.795862617457074
128,128.0,0.7899471386515515,1.0,0.000422826734550705,0.353528712440107,1.0,0.5703125,3.0,43.0,86.26861072514812,0.7874854691732158
129,129.0,0.759030938619942,1.0,0.0003446422064222371,0.30273102991644646,0.0,0.4315245478036176,4.0,32.5,89.27137299671487,0.7946336802279496
130,130.0,0.7613492377272836,1.0,0.00034923243618685936,0.30596530371985076,0.0,0.4358974358974359,4.0,32.75,91.53121424483122,0.7997040300995611
131,131.0,0.7636364586360823,1.0,0.0003538384626688959,0.30919527872823693,0.0,0.440203562340967,4.0,33.0,95.9123172827114,0.8088531916156926
132,132.0,0.7658929179217312,1.0,0.0003584599276472097,0.3124206351692991,0.0,0.4444444444444444,4.0,33.25,89.04714416197422,0.7941165490946512
133,133.0,0.7681189372826409,1.0,0.0003630964798698576,0.31564106278102877,0.0,0.4486215538847118,4.0,33.5,92.69655327273296,0.8022220601947003
134,134.0,0.7703148430400756,1.0,0.0003677477750456513,0.3188562606951168,0.0,0.45273631840796025,4.0,33.75,87.20342729182252,0.78976361477191
135,135.0,0.7724809656550699,1.0,0.0003724134758265164,0.3220659373135997,0.0,0.45679012345679015,4.0,34.0,88.32282881497379,0.7924281459356384
136,136.0,0.7746176392624595,1.0,0.0003770932517812392,0.32526981017937423,0.0,0.4607843137254902,4.0,34.25,95.20134937954137,0.8074256987656402
137,137.0,0.7767252012220339,1.0,0.0003817867793611005,0.3284676058411574,0.0,0.46472019464720205,4.0,34.5,91.5401415443425,0.7997235636297048
138,138.0,0.7788039916867381,1.0,0.00038649374185795193,0.3316590597134525,0.0,0.4685990338164252,4.0,34.75,87.1509523672164,0.7896370282210503
139,139.0,0.7808543531878586,1.0,0.0003912138293552419,0.33484391593208024,0.0,0.47242206235011996,4.0,35.0,88.4037950559957,0.7926182544344296
140,140.0,0.7828766302370294,1.0,0.00039594673867249155,0.33802192720577195,0.0,0.4761904761904763,4.0,35.25,91.18115663548465,0.7989350649868965
141,141.0,0.7848711689449126,1.0,0.0004006921733036913,0.34119285466434,0.0,0.4799054373522459,4.0,35.5,85.61929323616916,0.7858738067042514
142,142.0,0.7868383166563526,1.0,0.0004054498433501301,0.3443564677039039,0.0,0.4835680751173709,4.0,35.75,90.34526945906302,0.7970747838475319
143,143.0,0.7887784216017587,1.0,0.0004102194654480524,0.3475125438295882,1.0,0.4871794871794872,4.0,36.0,86.31896603361551,0.7876094423305103
144,144.0,0.758285414170689,1.0,0.0003340224877893651,0.29733937699630214,0.0,0.36342592592592593,5.0,29.0,91.84814739870399,0.8003951755961926
145,145.0,0.7605648024982905,1.0,0.0003384852231819516,0.3005248825191682,0.0,0.367816091954023,5.0,29.2,94.91038327893156,0.8068353250723516
146,146.0,0.7628143247126842,1.0,0.0003429643727635168,0.3037070043584149,0.0,0.3721461187214613,5.0,29.4,93.69627489306285,0.8043323135924296
147,147.0,0.7650342792745464,1.0,0.00034745959671341934,0.306885427816149,0.0,0.3764172335600907,5.0,29.6,96.1218828610698,0.809269931178611
148,148.0,0.7672249693486837,1.0,0.00035197056125520876,0.31005984690926286,0.0,0.38063063063063063,5.0,29.8,92.45956466107731,0.8017151237891226
149,149.0,0.7693867023497061,1.0,0.000356496938663821,0.31322996427626265,0.0,0.3847874720357942,5.0,30.0,83.55632577430933,0.7805871289403896
150,150.0,0.7715197895030627,1.0,0.0003610384072644205,0.31639549107765785,0.0,0.38888888888888895,5.0,30.2,92.33252957855987,0.8014423148914742
151,151.0,0.7736245454214948,1.0,0.00036559465142335277,0.31955614689044504,0.0,0.39293598233995586,5.0,30.4,88.4695933200124,0.7927724922729331
152,152.0,0.7757012876968722,1.0,0.00037016536153167763,0.3227116595972069,0.0,0.3969298245614036,5.0,30.6,85.84451924601413,0.7864355989833961
153,153.0,0.7777503365073671,1.0,0.00037475023398171717,0.3258617652703184,0.0,0.40087145969498916,5.0,30.8,93.56941692306528,0.804067034548186
154,154.0,0.7797720142398842,1.0,0.0003793489711370712,0.3290062080517452,1.0,0.4047619047619049,5.0,31.0,81.97024304035634,0.7763416008867108
155,155.0,0.7482501051571385,1.0,0.0003064588828497192,0.27940679582702344,0.0,0.29032258064516125,6.0,26.0,93.34527303949041,0.8035965535654143
156,156.0,0.7506093727792039,1.0,0.0003107257100218817,0.28255077409127743,0.0,0.2948717948717948,6.0,26.166666666666668,95.21860444427531,0.807460596168866
157,157.0,0.7529388668028538,1.0,0.0003150108419190202,0.2856935615788385,0.0,0.2993630573248408,6.0,26.333333333333332,93.65340927455108,0.8042427555457381
158,158.0,0.755238846601985,1.0,0.00031931393626110965,0.28883481645187287,0.0,0.30379746835443044,6.0,26.5,92.47660808897884,0.8017516676682883
159,159.0,0.7575095776633268,1.0,0.00032363465580480233,0.291974205060154,0.0,0.30817610062893086,6.0,26.666666666666668,91.0307375969233,0.7986028256245506
160,160.0,0.7597513311195931,1.0,0.00032797266839796815,0.29511140189821033,0.0,0.3125000000000001,6.0,26.833333333333332,87.73938828562122,0.7910478555691297
161,161.0,0.7619643832959709,1.0,0.00033232764702505494,0.298246089554353,0.0,0.31677018633540377,6.0,27.0,94.37696751069105,0.8057435641672156
162,162.0,0.7641490152701553,1.0,0.0003366992698436561,0.30137795865209044,0.0,0.32098765432098775,6.0,27.166666666666668,87.75628445145865,0.791088086193141
163,163.0,0.7663055124460404,1.0,0.00034108722021270724,0.3045067077844463,0.0,0.32515337423312884,6.0,27.333333333333332,91.58585185171255,0.7998235211807934
164,164.0,0.768434164141191,1.0,0.000345491186712702,0.30763204344167094,0.0,0.3292682926829269,6.0,27.5,93.17712515362744,0.8032421229662761
165,165.0,0.7705352631881318,1.0,0.0003499108631583389,0.3107536799328325,0.0,0.33333333333333337,6.0,27.666666666666668,90.03286674477307,0.7963706588916576
166,166.0,0.7726091055494824,1.0,0.00035434594860398063,0.3138713393017424,0.0,0.33734939759036153,6.0,27.833333333333332,97.92150392591698,0.812775206687966
167,167.0,0.7746559899469113,1.0,0.00035879614734232046,0.3169847512376796,0.0,0.3413173652694611,6.0,28.0,96.93555919407497,0.8108709178988888
168,168.0,0.7766762175038643,1.0,0.00036326116889663385,0.32009365298134984,0.0,0.34523809523809534,6.0,28.166666666666668,88.39135224864494,0.7925890614077081
169,169.0,0.7786700914019834,1.0,0.00036774072800698377,0.3231977892264962,0.0,0.34911242603550297,6.0,28.333333333333332,90.77838450265794,0.7980429654727272
170,170.0,0.7806379165510929,1.0,0.0003722345446107483,0.3262969120175624,0.0,0.3529411764705883,6.0,28.5,92.97511770655765,0.8028146262616642
171,171.0,0.7825799992726391,1.0,0.00037674234381783873,0.3293907806438365,0.0,0.35672514619883045,6.0,28.666666666666668,91.22536690127238,0.7990325064609016
172,172.0,0.7844966469963968,1.0,0.0003812638558809091,0.33247916153038237,0.0,0.36046511627906985,6.0,28.833333333333332,94.81999315217362,0.8066511847990672
173,173.0,0.7863881679702752,1.0,0.00038579881616095395,0.33556182812618707,0.0,0.36416184971098275,6.0,29.0,90.93571508156418,0.79839237733063
174,174.0,0.7882548709830131,1.0,0.00039034696508858036,0.33863856078983817,0.0,0.367816091954023,6.0,29.166666666666668,88.95730390017859,0.7939086221193746
175,175.0,0.7900970650995461,1.0,0.000394908048121269,0.34170914667303653,0.0,0.37142857142857144,6.0,29.333333333333332,99.48995064536254,0.8157267823090644
176,176.0,0.7919150594087995,1.0,0.00039948181569695034,0.3447733796023001,0.0,0.3750000000000001,6.0,29.5,93.87808945198988,0.8047112649996018
177,177.0,0.7937091627836659,1.0,0.00040406802318417186,0.3478310599591236,0.0,0.37853107344632775,6.0,29.666666666666668,95.94061620906913,0.8089095728405348
178,178.0,0.795479683652906,1.0,0.00040866643082915227,0.3508819945588927,0.0,0.3820224719101124,6.0,29.833333333333332,92.05512196545641,0.8008439623792699
179,179.0,0.7972269297846712,1.0,0.00041327680369996874,0.3539259965287911,0.0,0.3854748603351956,6.0,30.0,100.86524290899027,0.8182393379067622
180,180.0,0.798951208081408,1.0,0.0004178989116281774,0.3569628851849963,0.0,0.38888888888888895,6.0,30.166666666666668,98.67968567996093,0.8142137035905018
181,181.0,0.8006528243858123,1.0,0.00042253252914807837,0.35999248590935706,1.0,0.39226519337016585,6.0,30.333333333333332,90.50329797946685,0.7974291131634479
182,182.0,0.7735912534488371,1.0,0.0003476789969917461,0.31129006913674584,0.0,0.2948717948717948,7.0,26.142857142857142,90.61846103962714,0.7976865516915341
183,183.0,0.7755835297910728,1.0,0.00035202637059093367,0.314357892702989,0.0,0.29872495446265945,7.0,26.285714285714285,92.04622137343995,0.800824704591041
184,184.0,0.7775504309768635,1.0,0.0003563888907850241,0.317421811728951,0.0,0.302536231884058,7.0,26.428571428571427,99.51409043802742,0.8157714826851535
185,185.0,0.7794922435225505,1.0,0.00036076628927045725,0.320481578768438,0.0,0.3063063063063063,7.0,26.571428571428573,94.18143161993189,0.8053402563754043
186,186.0,0.781409255279875,1.0,0.000365158302251656,0.3235369530759119,0.0,0.3100358422939068,7.0,26.714285714285715,87.48941926690446,0.7904508512348936
187,187.0,0.7833017551595208,1.0,0.0003695646704260555,0.32658770051698827,0.0,0.31372549019607854,7.0,26.857142857142858,88.28837474503324,0.792347142120603
188,188.0,0.7851700328664152,1.0,0.0003739851389647889,0.32963359347605664,0.0,0.31737588652482274,7.0,27.0,99.41521135758356,0.8155882476838406
189,189.0,0.7870143786465652,1.0,0.00037841945748925054,0.3326744107612868,0.0,0.32098765432098775,7.0,27.142857142857142,94.09746196458684,0.8051665480602123
190,190.0,0.7888350830452786,1.0,0.0003828673800438659,0.3357099375073657,0.0,0.32456140350877205,7.0,27.285714285714285,91.18527250393625,0.7989441405404373
191,191.0,0.7906324366765242,1.0,0.0003873286650652855,0.3387399650761909,0.0,0.3280977312390926,7.0,27.428571428571427,94.11541771803229,0.8052037192433275
192,192.0,0.7924067300032297,1.0,0.00039180307534828325,0.34176429095583555,0.0,0.3315972222222222,7.0,27.571428571428573,89.88520506780559,0.7960361405472297
193,193.0,0.7941582531282677,1.0,0.0003962903780085965,0.3447827186580053,0.0,0.3350604490500865,7.0,27.714285714285715,97.77003935808014,0.8124851595263454
194,194.0,0.795887295595911,1.0,0.0004007903444429303,0.3477950576142395,0.0,0.3384879725085912,7.0,27.857142857142858,93.11529822576018,0.8031114791805344
195,195.0,0.7975941462034836,1.0,0.00040530275028638696,0.35080112307109323,0.0,0.341880341880342,7.0,28.0,91.38528159207303,0.7993841785686021
196,196.0,0.799279092822959,1.0,0.000409827375367502,0.353800735984509,0.0,0.34523809523809534,7.0,28.142857142857142,92.59526725111354,0.802005719324571
197,197.0,0.8009424222322373,1.0,0.0004143640036611222,0.35679372291357786,0.0,0.3485617597292724,7.0,28.285714285714285,96.55647141679117,0.8101283832732814
198,198.0,0.8025844199558626,1.0,0.0004189124232393141,0.35977991591389286,1.0,0.35185185185185197,7.0,28.428571428571427,84.01238810970119,0.7817782145486194
199,199.0,0.776414801358626,1.0,0.00034529292410928787,0.31168128504448195,0.0,0.26298157453936355,8.0,25.0,93.5680723193634,0.8040642189275994
200,200.0,0.7783313497861277,1.0,0.0003495559534155072,0.3147017362296932,0.0,0.2666666666666667,8.0,25.125,95.07128869823072,0.8071622507240241
201,201.0,0.7802240034625071,1.0,0.00035383416846219247,0.3177186216664637,0.0,0.2703150912106137,8.0,25.25,88.45856560843839,0.7927466581983051
202,202.0,0.7820930336986155,1.0,0.00035812732057675966,0.32073170723883543,0.0,0.2739273927392739,8.0,25.375,102.2422391953072,0.8206872866084998
203,203.0,0.7839387125803319,1.0,0.000362435164973871,0.32374076486784276,0.0,0.277504105090312,8.0,25.5,91.59110672715934,0.7998350059471769
204,204.0,0.7857613127374947,1.0,0.0003667574607451085,0.3267455724339895,0.0,0.28104575163398704,8.0,25.625,88.23852911817818,0.7922298397701141
205,205.0,0.7875611071230136,1.0,0.00037109397084501096,0.32974591369731127,0.0,0.2845528455284553,8.0,25.75,97.38586721663818,0.8117454425645745
206,206.0,0.7893383688019852,1.0,0.00037544446207372434,0.33274157821528727,0.0,0.28802588996763767,8.0,25.875,88.36892823060583,0.7925364299373302
207,207.0,0.7910933707505988,1.0,0.00037980870505647363,0.3357323612588437,0.0,0.29146537842190023,8.0,26.0,89.77021853575943,0.7957748835597369
208,208.0,0.7928263856646437,1.0,0.0003841864742200658,0.3387180637266569,0.0,0.2948717948717948,8.0,26.125,98.39118409712735,0.8136689429894909
209,209.0,0.7945376857773886,1.0,0.00038857754776663276,0.3416984920580049,1.0,0.29824561403508776,8.0,26.25,84.31893557234469,0.7825715753064323
210,210.0,0.7674616503330337,1.0,0.00031801110612799733,0.2940315643088598,0.0,0.2142857142857143,9.0,23.444444444444443,88.33954849434946,0.7924674322451851
211,211.0,0.7694482556238259,1.0,0.00032209654977074934,0.2970213694453685,0.0,0.2180094786729858,9.0,23.555555555555557,96.48685103949245,0.8099913808376913
212,212.0,0.7714108317297889,1.0,0.00032619867744887866,0.30000939330669607,0.0,0.2216981132075473,9.0,23.666666666666668,94.5993363368419,0.806200190791472
213,213.0,0.7733496279169969,1.0,0.00033031723795926514,0.30299537947206456,0.0,0.22535211267605637,9.0,23.77777777777778,99.40364192070751,0.8155667842838444
214,214.0,0.7752648951483543,1.0,0.0003344519834037574,0.3059790773160737,0.0,0.2289719626168225,9.0,23.88888888888889,108.3289209085602,0.8307623377065817
215,215.0,0.7771568858348799,1.0,0.00033860266920559255,0.3089602419591912,0.0,0.2325581395348838,9.0,24.0,92.72779756206413,0.8022887007419479
216,216.0,0.7790258535966353,1.0,0.00034276905412158524,0.3119386342147724,0.0,0.23611111111111116,9.0,24.11111111111111,90.56977705947199,0.797577802126035
217,217.0,0.7808720530331819,1.0,0.0003469509002503142,0.3149140205328944,0.0,0.23963133640553003,9.0,24.22222222222222,85.63275422557224,0.7859074661426865
218,218.0,0.782695739503452,1.0,0.0003511479730364811,0.31788617294122823,0.0,0.24311926605504586,9.0,24.333333333333332,93.9441602747265,0.8048486113482725
219,219.0,0.7844971689148774,1.0,0.0003553600412716753,0.3208548689832107,0.0,0.24657534246575352,9.0,24.444444444444443,89.14003412560017,0.7943310936194922
220,220.0,0.786276597521639,1.0,0.0003595868770917291,0.32381989165375197,0.0,0.25,9.0,24.555555555555557,89.4951065212058,0.7951470862936035
221,221.0,0.7880342817318566,1.0,0.00036382825597084864,0.32678102933267683,0.0,0.25339366515837103,9.0,24.666666666666668,101.9904995718258,0.8202446952382828
222,222.0,0.7897704779235609,1.0,0.0003680839567127177,0.32973807571614266,0.0,0.2567567567567568,9.0,24.77777777777778,94.58359569887295,0.8061679385535161
223,223.0,0.7914854422692598,1.0,0.0003723537614387517,0.332690829746219,0.0,0.2600896860986548,9.0,24.88888888888889,90.1338632725902,0.7965988290340095
224,224.0,0.7931794305689168,1.0,0.0003766374555736854,0.33563909553884935,0.0,0.2633928571428571,9.0,25.0,104.31645820870199,0.8242527243720782
225,225.0,0.794852698091138,1.0,0.00038093482782864833,0.3385826823103495,0.0,0.2666666666666667,9.0,25.11111111111111,89.6574219218656,0.7955179511038092
226,226.0,0.7965054994223801,1.0,0.0003852456701819148,0.34152140430265804,0.0,0.26991150442477885,9.0,25.22222222222222,93.79429459956077,0.804536796064148
227,227.0,0.7981380883239784,1.0,0.0003895697778574741,0.344455080707486,1.0,0.27312775330396477,9.0,25.333333333333332,88.27854256611622,0.7923240144160447
228,228.0,0.7722118098181917,1.0,0.00031984097119049776,0.2973742431305025,0.0,0.19590643274853814,10.0,22.9,89.39412161449145,0.7949156722810579
229,229.0,0.7741023312472399,1.0,0.00032386493155167086,0.30031791691984866,0.0,0.19941775836972353,10.0,23.0,95.88731746958416,0.808803355676847
230,230.0,0.7759704309069362,1.0,0.0003279052790853313,0.30325981651420014,0.0,0.2028985507246378,10.0,23.1,93.86147205965867,0.804676690754641
231,231.0,0.777816346595949,1.0,0.00033196178392578125,0.3061997042620538,0.0,0.2063492063492064,10.0,23.2,93.75921221166674,0.8044636585475484
232,232.0,0.779640317059941,1.0,0.00033603421904153104,0.3091373476966111,0.0,0.20977011494252873,10.0,23.3,91.18134912696199,0.7989354894518419
233,233.0,0.7814425817909004,1.0,0.0003401223602487267,0.31207251949074427,0.0,0.2131616595135909,10.0,23.4,93.38415294801665,0.8036783249130204
234,234.0,0.7832233808347486,1.0,0.00034422598622121757,0.31500499740924426,0.0,0.2165242165242166,10.0,23.5,93.16900451087021,0.8032249734814506
235,235.0,0.7849829546070973,1.0,0.00034834487849744634,0.3179345642585768,1.0,0.2198581560283689,10.0,23.6,84.80677876990836,0.7838223123286641
236,236.0,0.7573739433069075,1.0,0.00028269734971194315,0.2714622763028161,0.0,0.14548022598870058,11.0,21.545454545454547,90.90466502272045,0.7983235147640536
237,237.0,0.7593976959206217,1.0,0.000286488784847636,0.27436630558229763,0.0,0.14908579465541494,11.0,21.636363636363637,83.06339145549293,0.779285037462542
238,238.0,0.7613983321984571,1.0,0.00029029859452290305,0.2772710719420104,0.0,0.15266106442577032,11.0,21.727272727272727,97.42686026474261,0.8118246520157244
239,239.0,0.7633760627521103,1.0,0.0002941265445634967,0.28017630580392383,0.0,0.15620641562064153,11.0,21.818181818181817,93.66687598416848,0.8042709000305293
240,240.0,0.7653311006063358,1.0,0.00029797240291820886,0.2830817424802612,0.0,0.15972222222222232,11.0,21.90909090909091,96.3375348223392,0.8096968812089417
241,241.0,0.7672636609618543,1.0,0.00030183593970556344,0.28598712216544453,0.0,0.1632088520055326,11.0,22.0,86.3829270823148,0.7877667039939108
242,242.0,0.7691739609661734,1.0,0.0003057169272563799,0.2888921899239214,0.0,0.16666666666666674,11.0,22.09090909090909,94.29398940902519,0.8055726197583216
243,243.0,0.7710622194923047,1.0,0.00030961514015235837,0.2917966956740887,0.0,0.17009602194787377,11.0,22.181818181818183,95.23583293245912,0.8074954272061099
244,244.0,0.7729286569253058,1.0,0.00031353035526082284,0.29470039416853094,0.0,0.17349726775956287,11.0,22.272727272727273,87.02054057941344,0.7893217714890813
245,245.0,0.7747734949566014,1.0,0.000317462351765793,0.29760304497078405,0.0,0.1768707482993198,11.0,22.363636363636363,95.11641651134731,0.8072537422480989
246,246.0,0.7765969563859995,1.0,0.0003214109111955048,0.3005044124288177,0.0,0.18021680216802172,11.0,22.454545454545453,95.20266349323876,0.8074283569321004
247,247.0,0.7783992649312893,1.0,0.00032537581744655655,0.3034042656454583,0.0,0.18353576248313097,11.0,22.545454545454547,91.66309939891342,0.7999922165674592
248,248.0,0.7801806450453722,1.0,0.00032935685680480364,0.30630237844592384,0.0,0.18682795698924737,11.0,22.636363636363637,94.41171252222816,0.8058150536246553
249,249.0,0.7819413217407613,1.0,0.00033335381796314827,0.3091985293426686,0.0,0.19009370816599735,11.0,22.727272727272727,92.58226499640047,0.8019779130047626
250,250.0,0.7836815204213711,1.0,0.00033736649203637017,0.31209250149772255,0.0,0.19333333333333347,11.0,22.818181818181817,94.75998974984648,0.8065287535200157
251,251.0,0.7854014667214622,1.0,0.0003413946725731307,0.3149840826826929,0.0,0.19654714475431612,11.0,22.90909090909091,92.67255891501108,0.8021708524295027
252,252.0,0.7871013863515927,1.0,0.00034543815556528065,0.3178730652366047,0.0,0.19973544973544988,11.0,23.0,87.3323953384501,0.7900740811896446
253,253.0,0.7887815049514597,1.0,0.0003494967394546184,0.32075924602175004,0.0,0.2028985507246378,11.0,23.09090909090909,89.61941458042647,0.7954312308425024
254,254.0,0.7904420479494674,1.0,0.00035357022513720775,0.32364242637768903,0.0,0.20603674540682426,11.0,23.181818181818183,91.04827898357587,0.79864162685996
255,255.0,0.7920832404289,1.0,0.00035765841596538877,0.32652241207355986,0.0,0.20915032679738566,11.0,23.272727272727273,91.79219721781155,0.8002735102872568
256,256.0,0.7937053070005079,1.0,0.00036176111774762143,0.3293990132588741,0.0,0.21223958333333337,11.0,23.363636363636363,93.85073152123958,0.804654337412551
257,257.0,0.7953084716813927,1.0,0.00036587813874623177,0.3322720444128643,1.0,0.21530479896238652,11.0,23.454545454545453,88.10987469598835,0.7919264623109485
258,258.0,0.7699023709539962,1.0,0.0002996380898975473,0.28626519480763,0.0,0.1472868217054264,12.0,21.583333333333332,89.56663945476225,0.7953106933012373
259,259.0,0.7717453498641519,1.0,0.0003034465811078211,0.28912896313980135,0.0,0.15057915057915072,12.0,21.666666666666668,87.9674072298071,0.7915894771635236
260,260.0,0.7735675205993466,1.0,0.00030727219790947443,0.29199237857054267,0.0,0.15384615384615385,12.0,21.75,85.31597070789071,0.7851125272183334
261,261.0,0.7753690917524496,1.0,0.0003111147332049839,0.2948552078819876,0.0,0.1570881226053641,12.0,21.833333333333332,97.04183466331065,0.81107804281585
262,262.0,0.7771502728080194,1.0,0.0003149739818385146,0.29771722220257946,0.0,0.16030534351145043,12.0,21.916666666666668,95.4009019221053,0.807828511429562
263,263.0,0.778911273975674,1.0,0.00031884974062286166,0.3005781969857743,0.0,0.16349809885931565,12.0,22.0,87.72775370399947,0.7910201440334209
264,264.0,0.7806523060300744,1.0,0.00032274180836354687,0.3034379119861037,0.0,0.16666666666666674,12.0,22.083333333333332,91.73813640671939,0.800155812495985
265,265.0,0.7823735801573911,1.0,0.00032664998588017175,0.3062961512327494,0.0,0.16981132075471705,12.0,22.166666666666668,84.56817643009327,0.7832123842886899
266,266.0,0.7840753078081542,1.0,0.00033057407602516065,0.3091527030007917,0.0,0.17293233082706772,12.0,22.25,95.58605352058544,0.8082007504433159
267,267.0,0.7857577005563728,1.0,0.0003345138836999871,0.31200735978027566,0.0,0.17602996254681658,12.0,22.333333333333332,94.50143345950835,0.8059994154354416
268,268.0,0.7874209699647964,1.0,0.00033846921586900506,0.3148599182432439,0.0,0.17910447761194037,12.0,22.416666666666668,93.45444835346623,0.8038259959120143
269,269.0,0.7890653274562004,1.0,0.0003424398815709902,0.3177101792088771,1.0,0.18215613382899642,12.0,22.5,85.44975139445746,0.7854489564433947
270,270.0,0.7631511569191229,0.9986,0.000278907286862175,0.2723146449879283,0.0,0.11728395061728403,13.0,20.846153846153847,91.8384031042825,0.8003739970030203
271,271.0,0.7650325690706308,1.0,0.0002825534325723736,0.2751361720856434,0.0,0.12054120541205415,13.0,20.923076923076923,89.78007703176988,0.7957973089414276
272,272.0,0.7668933557205357,1.0,0.0002862217667473945,0.2779587250911516,0.0,0.12377450980392168,13.0,21.0,93.19974429034944,0.8032898751715599
273,273.0,0.7687337084433902,1.0,0.0002899079192311401,0.28078206171069703,0.0,0.1269841269841271,13.0,21.076923076923077,89.7466345055384,0.7957212163515507
274,274.0,0.7705538201724597,1.0,0.00029361169124892945,0.2836059436260836,0.0,0.13017031630170328,13.0,21.153846153846153,97.51450570120213,0.8119937828582222
275,275.0,0.7723538850298818,1.0,0.00029733288550619303,0.2864301364918738,0.0,0.13333333333333341,13.0,21.23076923076923,89.95710888316627,0.7961991713501582
276,276.0,0.7741340981629239,1.0,0.0003010713062257164,0.2892544099295722,0.0,0.13647342995169087,13.0,21.307692307692307,96.83003817244865,0.8106648135294263
277,277.0,0.7758946555862777,1.0,0.0003048267591820834,0.2920785375189406,0.0,0.13959085439229846,13.0,21.384615384615383,93.5906716017343,0.8041115314211122
278,278.0,0.7776357540303152,1.0,0.00030859905173341806,0.29490229678658936,0.0,0.14268585131894485,13.0,21.46153846153846,99.26044691443494,0.8153007174233545
279,279.0,0.7793575907952168,1.0,0.0003123879928505195,0.2977254691919854,0.0,0.14575866188769415,13.0,21.53846153846154,87.40958142707343,0.7902594540092954
280,280.0,0.78106036361088,1.0,0.0003161933931434905,0.30054784011102276,0.0,0.14880952380952384,13.0,21.615384615384617,87.27659487679564,0.7899398646428214
281,281.0,0.7827442705025358,1.0,0.0003200150648859546,0.3033691988172981,0.0,0.15183867141162521,13.0,21.692307692307693,97.11110986858824,0.8112128122298037
282,282.0,0.7844095096619302,1.0,0.00032385282203694314,0.30618933846119717,0.0,0.15484633569739958,13.0,21.76923076923077,99.74076574214357,0.8161901686144071
283,283.0,0.7860562793240103,1.0,0.000327706480260562,0.30900805604695725,0.0,0.15783274440518258,13.0,21.846153846153847,98.14363863303404,0.8131989644088604
284,284.0,0.7876847776489664,1.0,0.0003315758569435157,0.3118251524078057,0.0,0.16079812206572774,13.0,21.923076923076923,100.0932721614453,0.8168375062835131
285,285.0,0.7892952026095559,1.0,0.0003354607712105852,0.3146404321793036,0.0,0.16374269005847952,13.0,22.0,92.17352459736654,0.8010997907108661
286,286.0,0.7908877518835459,1.0,0.00033936104393814245,0.3174537037710157,0.0,0.16666666666666674,13.0,22.076923076923077,93.48710350455977,0.8038945197137364
287,287.0,0.7924626227512099,1.0,0.0003432764977657796,0.32026477933660225,0.0,0.1695702671312428,13.0,22.153846153846153,96.44339917243407,0.8099057738461228
288,288.0,0.7940200119977039,1.0,0.0003472069571061611,0.3230734747424755,1.0,0.17245370370370372,13.0,22.23076923076923,84.19734655733433,0.7822575878819504
289,289.0,0.769355412373213,0.993,0.00028414338770422153,0.2781335232019113,0.0,0.11188004613610159,14.0,20.714285714285715,89.17608252058822,0.7944142328846898
290,290.0,0.7711339019127174,0.9962,0.00028767827562302276,0.2809185077425029,0.0,0.11494252873563227,14.0,20.785714285714285,89.24537750371204,0.7945738608974926
291,291.0,0.772893259562211,0.9994,0.00029127946782106403,0.2837042097401818,0.0,0.11798396334478811,14.0,20.857142857142858,84.9204911430818,0.7841117840163729
292,292.0,0.7746336685989166,1.0,0.00029493197147435345,0.28649040562179334,0.0,0.12100456621004574,14.0,20.928571428571427,94.0091511156898,0.8049835243084802
293,293.0,0.7763553130065843,1.0,0.00029860260641735847,0.2892768754014362,0.0,0.12400455062571103,14.0,21.0,100.78607074852414,0.818096556427151
294,294.0,0.7780583773425761,1.0,0.00030229018425217215,0.2920634026752558,0.0,0.1269841269841271,14.0,21.071428571428573,84.24243460259105,0.7823741274831407
295,295.0,0.7797430466100901,1.0,0.00030599452542473895,0.2948497746138651,0.0,0.12994350282485878,14.0,21.142857142857142,84.83860531577642,0.7839034097143025
296,296.0,0.7814095061354606,1.0,0.0003097154517053057,0.2976357819525065,0.0,0.13288288288288286,14.0,21.214285714285715,87.74520623510872,0.7910617101496107
297,297.0,0.783057941450442,1.0,0.0003134527862148655,0.3004212189790773,0.0,0.13580246913580252,14.0,21.285714285714285,102.38603161302323,0.8209391159662703
298,298.0,0.7846885381793628,1.0,0.0003172063534495387,0.30320588352012373,0.0,0.13870246085011184,14.0,21.357142857142858,88.00482637944425,0.7916780921277342
299,299.0,0.7863014819310886,1.0,0.00032097597930297723,0.3059895769249238,0.0,0.14158305462653298,14.0,21.428571428571427,92.57239506528042,0.8019568001842775
300,300.0,0.7878969581956687,1.0,0.0003247614910868552,0.308772104047756,1.0,0.1444444444444445,14.0,21.5,85.46590269119355,0.785489502175206
301,301.0,0.7627668265082794,0.9662,0.00026689844593866463,0.26448658176975276,0.0,0.08637873754152825,15.0,20.133333333333333,92.61254912084917,0.8020426658442329
302,302.0,0.7645805779144766,0.9693,0.0002699217748144744,0.26722704525927343,0.0,0.0894039735099339,15.0,20.2,91.49320382495893,0.7996208180838446
303,303.0,0.7663753820734801,0.9725,0.0002729992394982546,0.2699695144899191,0.0,0.09240924092409242,15.0,20.266666666666666,95.52702840549244,0.8080822397666121
304,304.0,0.7681514073618488,0.9756,0.00027613186611392964,0.27271375940460607,0.0,0.09539473684210531,15.0,20.333333333333332,87.36669163804724,0.7901564888220013
305,305.0,0.7699088232447456,0.9787,0.0002793207208695236,0.2754595531695201,0.0,0.09836065573770503,15.0,20.4,89.44208532912242,0.7950256496606527
306,306.0,0.7716478001407446,0.9818,0.00028256689289197476,0.2782066721841486,0.0,0.10130718954248374,15.0,20.466666666666665,96.29514634904737,0.8096131110608702
307,307.0,0.7733685092914047,0.9849,0.00028587148985708213,0.28095489608870317,0.0,0.10423452768729646,15.0,20.533333333333335,94.78294211347337,0.806575603958518
308,308.0,0.7750711226355727,0.988,0.0002892356381770219,0.2837040077690271,0.0,0.1071428571428572,15.0,20.6,90.57892703143872,0.797598250120913
309,309.0,0.7767558126883043,0.991,0.00029266050407203865,0.2864537933590991,0.0,0.11003236245954695,15.0,20.666666666666668,99.24335994050892,0.8152689172925707
310,310.0,0.7784227524243936,0.994,0.00029614726855394267,0.2892040422412546,0.0,0.11290322580645173,15.0,20.733333333333334,91.90446116670064,0.8005174819524868
311,311.0,0.7800721151663798,0.997,0.0002996971492187651,0.2919545470441969,0.0,0.11575562700964637,15.0,20.8,84.22050240530659,0.7823174546608003
312,312.0,0.7817040744770113,1.0,0.0003033113851170262,0.294705103638935,0.0,0.11858974358974361,15.0,20.866666666666667,91.9986614089171,0.8007217382017653
313,313.0,0.783318804056037,1.0,0.0003069664501353974,0.29745551113271673,0.0,0.12140575079872218,15.0,20.933333333333334,91.30572309117413,0.7992093736005308
314,314.0,0.7849164776412879,1.0,0.0003106378711587512,0.30020557186106794,1.0,0.12420382165605093,15.0,21.0,83.12865758286641,0.7794583256074136
315,315.0,0.75981487027117,0.9477,0.00025845242778340207,0.25656812082570885,0.0,0.06878306878306883,16.0,19.75,95.78164065352806,0.8085924065588864
316,316.0,0.7616243559309778,0.9508,0.0002611580982266439,0.25924236091186365,0.0,0.0717299578059073,16.0,19.8125,99.79312999713434,0.8162866187896923
317,317.0,0.763415439338817,0.9538,0.00026391023915428726,0.2619419266291446,0.0,0.07465825446898011,16.0,19.875,94.61359634231754,0.8062293999796577
318,318.0,0.7651882764361366,0.9569,0.0002667097173038664,0.2646440808341071,0.0,0.07756813417190778,16.0,19.9375,90.78168211620778,0.7980503014929244
319,319.0,0.7669430243347,0.9599,0.0002695573842009231,0.26734858202360645,0.0,0.08045977011494265,16.0,20.0,89.30332348885979,0.7947071551528501
320,320.0,0.7686798411895582,0.963,0.00027245414721709246,0.2700552075827168,0.0,0.08333333333333337,16.0,20.0625,92.77916657766424,0.8023981675025423
321,321.0,0.7703988860763067,0.966,0.00027540090932181915,0.2727637377924763,0.0,0.08618899273104885,16.0,20.125,96.95524931656125,0.8109093271115775
322,322.0,0.7721003188725635,0.9689,0.00027839860092617277,0.27547395584380974,0.0,0.08902691511387173,16.0,20.1875,89.97998465950052,0.7962509840081684
323,323.0,0.7737843001436348,0.9719,0.0002814481805328123,0.2781856478490606,0.0,0.09184726522187825,16.0,20.25,102.89590234326296,0.8218264001206488
324,324.0,0.7754509910322994,0.9749,0.00028455060229422524,0.2808986028512255,0.0,0.094650205761317,16.0,20.3125,91.34377741463932,0.7992930240873187
325,325.0,0.777100553152659,0.9778,0.0002877068809563227,0.283612612830999,0.0,0.09743589743589753,16.0,20.375,91.08941526431437,0.798732560966217
326,326.0,0.7787331484879919,0.9807,0.00029091801572110767,0.28632747271168957,0.0,0.10020449897750516,16.0,20.4375,89.48240613055043,0.7951180111698617
327,327.0,0.7803489392925581,0.9836,0.00029418504543096967,0.28904298036211157,0.0,0.1029561671763507,16.0,20.5,92.15218187714432,0.8010537248290549
328,328.0,0.7819480879972451,0.9864,0.0002975090264045703,0.29175893659754343,0.0,0.10569105691056913,16.0,20.5625,87.93020457991467,0.7915013001400306
329,329.0,0.7835307571190313,0.9893,0.00030089105796772753,0.29447514517882045,0.0,0.10840932117527868,16.0,20.625,98.71308619713274,0.8142765661614392
330,330.0,0.7850971091741672,0.9921,0.0003043322209606059,0.297191412809658,0.0,0.11111111111111116,16.0,20.6875,98.77559473328289,0.8143940982300577
331,331.0,0.7866473065949944,0.995,0.0003078336652061092,0.2999075491322729,0.0,0.1137965760322256,16.0,20.75,96.85934032202312,0.8107220917220634
332,332.0,0.7881815116503477,0.9978,0.00031139653680436607,0.30262336672139706,1.0,0.11646586345381527,16.0,20.8125,82.3022922561009,0.7772439523763772
333,333.0,0.763997477286515,0.9427,0.00026153789332485495,0.259532435254831,0.0,0.06406406406406406,17.0,19.647058823529413,90.10126185961087,0.7965252322226188
334,334.0,0.7657314226872087,0.9457,0.000264142041549489,0.2621048476845538,0.0,0.06686626746506996,17.0,19.705882352941178,91.18735309632406,0.7989487279670542
335,335.0,0.7674480898832438,0.9486,0.00026678939999016444,0.2647198596312897,0.0,0.06965174129353247,17.0,19.764705882352942,90.2570162385611,0.7968763637734718
336,336.0,0.7691476272490018,0.9515,0.00026948073340580283,0.2673772248293752,0.0,0.072420634920635,17.0,19.823529411764707,91.35915779128979,0.79932681324388
337,337.0,0.7708301839403715,0.9544,0.0002722168328725635,0.2700494110724301,0.0,0.0751730959446093,17.0,19.88235294117647,92.44160684415003,0.8016766047323038
338,338.0,0.7724959097907872,0.9573,0.0002749985015954813,0.2727236303805265,0.0,0.07790927021696259,17.0,19.941176470588236,84.15221408082314,0.7821408083722519
339,339.0,0.7741449552109676,0.9601,0.0002778265697494107,0.27539967504757495,0.0,0.08062930186824002,17.0,20.0,92.32500732463284,0.801426137245029
340,340.0,0.7757774710922275,0.963,0.00028070186807143646,0.2780773400096016,0.0,0.08333333333333337,17.0,20.058823529411764,86.46004096021109,0.7879559952814464
341,341.0,0.7773936087133573,0.9658,0.00028362526406416254,0.2807564228556839,0.0,0.08602150537634423,17.0,20.11764705882353,90.9576482497828,0.7984409921968589
342,342.0,0.7789935196509906,0.9686,0.00028659762493318087,0.28343672383695634,0.0,0.08869395711500982,17.0,20.176470588235293,88.60540273661128,0.7930901190322326
343,343.0,0.7805773556934097,0.9714,0.00028961984679354806,0.2861180458737093,0.0,0.09135082604470368,17.0,20.235294117647058,96.79134695864141,0.8105891289934513
344,344.0,0.7821452687577195,0.9742,0.00029269284009710716,0.2888001945607135,0.0,0.09399224806201556,17.0,20.294117647058822,91.57657472175588,0.7998032423789937
345,345.0,0.7836974108103401,0.9769,0.00029581754802896626,0.29148297817079066,0.0,0.09661835748792269,17.0,20.352941176470587,89.62548945780416,0.7954450966545104
346,346.0,0.7852339337907277,0.9797,0.0002989949081629093,0.29416620765672996,0.0,0.09922928709055878,17.0,20.41176470588235,99.40787125786265,0.8155746310493168
347,347.0,0.7867549895382825,0.9824,0.0003022259065987547,0.2968496966516057,0.0,0.1018251681075889,17.0,20.470588235294116,95.05310832183594,0.8071253675233918
348,348.0,0.7882607297223553,0.9851,0.0003055115249024115,0.2995332614675807,0.0,0.10440613026819923,17.0,20.529411764705884,88.86588619597849,0.7936966127485376
349,349.0,0.7897513057753043,0.9878,0.00030885277962835,0.30221672109322606,0.0,0.10697230181470874,17.0,20.58823529411765,88.90123332868595,0.7937786389807296
350,350.0,0.7912268688284924,0.9905,0.00031225070430044666,0.3048998971894642,0.0,0.10952380952380958,17.0,20.647058823529413,91.62121444354997,0.7999007823168625
351,351.0,0.7926875696512086,0.9931,0.00031570635527739465,0.30758261408416615,0.0,0.11206077872744546,17.0,20.705882352941178,100.3003897760967,0.8172157319202913
352,352.0,0.7941335585923955,0.9958,0.00031922082246153036,0.3102646987654794,0.0,0.11458333333333337,17.0,20.764705882352942,101.14946842116434,0.8187500772915847
353,353.0,0.7955649855251241,0.9984,0.00032279519129233014,0.3129459808739489,1.0,0.11709159584513706,17.0,20.823529411764707,85.88263268258854,0.7865303756920093
354,354.0,0.7728386981293707,0.9466,0.0002722319930250495,0.2700055247659747,0.0,0.06779661016949157,18.0,19.72222222222222,98.01447499847957,0.8129527977003629
355,355.0,0.7744544800893061,0.9494,0.0002748659354339411,0.27260563153427364,0.0,0.07042253521126762,18.0,19.77777777777778,87.52547603863023,0.7905371765674061
356,356.0,0.7760544514463797,0.9521,0.0002775423437216227,0.27524314809073963,0.0,0.0730337078651686,18.0,19.833333333333332,87.09221210227008,0.7894951466865374
357,357.0,0.7776387537016838,0.9549,0.0002802619826163531,0.27788809680637755,0.0,0.0756302521008404,18.0,19.88888888888889,91.73206679664482,0.8001425894613781
358,358.0,0.7792075285985727,0.9576,0.00028302560521129764,0.2805346143109669,0.0,0.07821229050279332,18.0,19.944444444444443,96.72288464918785,0.8104550603528007
359,359.0,0.7807609180469327,0.9603,0.0002858339885355823,0.2831825084121569,0.0,0.0807799442896937,18.0,20.0,92.91510980216869,0.8026872768878176
360,360.0,0.7822990640504214,0.963,0.0002886879254104615,0.28583158934160474,0.0,0.08333333333333337,18.0,20.055555555555557,90.88401631873711,0.7982776941873151
361,361.0,0.7838221086365544,0.9656,0.0002915882324928029,0.288481669762443,1.0,0.08587257617728528,18.0,20.11111111111111,83.854456012593,0.7813672140383322
362,362.0,0.7598994032534055,0.9151,0.0002516023386026699,0.2495601311654216,0.0,0.037753222836095834,19.0,19.105263157894736,96.0650451093865,0.8091570840105504
363,363.0,0.7616092448330025,0.9179,0.0002537796503182908,0.25170877679619746,0.0,0.04040404040404044,19.0,19.157894736842106,88.78789588203561,0.7935153981158517
364,364.0,0.7633029132834118,0.9206,0.00025599056577466144,0.25389053124953487,0.0,0.04304029304029311,19.0,19.210526315789473,87.20703433764834,0.7897723105414833
365,365.0,0.7649805365583751,0.9234,0.0002582356463197961,0.2561059365155058,0.0,0.045662100456621,19.0,19.263157894736842,91.66022021941474,0.7999859340349903
366,366.0,0.7666422434412254,0.9261,0.00026051545595836027,0.2583555730100386,0.0,0.04826958105646628,19.0,19.31578947368421,88.4966942952317,0.7928359530337716
367,367.0,0.7682881634562659,0.9289,0.0002628305800175691,0.2606399974730727,0.0,0.050862851952770294,19.0,19.36842105263158,88.48225870109671,0.7928021548899938
368,368.0,0.7699184267830126,0.9316,0.00026518162088291623,0.2629597987805911,0.0,0.05344202898550732,19.0,19.42105263157895,93.95326878497298,0.8048675307370935
369,369.0,0.7715331641733427,0.9343,0.0002675691754162809,0.2653155740832965,0.0,0.0560072267389341,19.0,19.473684210526315,86.66596949283884,0.7884598367661692
370,370.0,0.7731325068714281,0.9369,0.00026999386754659706,0.2677079288813703,0.0,0.058558558558558516,19.0,19.526315789473685,96.12162376552597,0.809269417066292
371,371.0,0.7747165865364803,0.9396,0.00027245632744634307,0.27013747709768254,0.0,0.06109613656783475,19.0,19.57894736842105,89.2450625580785,0.7945731359490902
372,372.0,0.7762855351682207,0.9423,0.0002749571856918604,0.2726048674460909,0.0,0.06362007168458783,19.0,19.63157894736842,87.1080897288917,0.789533516457627
373,373.0,0.7778394850350545,0.9449,0.000277497119181487,0.27511072236421846,0.0,0.06613047363717617,19.0,19.68421052631579,89.2264426674006,0.7945302672026
374,374.0,0.7793785686049057,0.9475,0.0002800767783358109,0.27765571114199966,0.0,0.06862745098039214,19.0,19.736842105263158,93.69132208614813,0.8043219700061865
375,375.0,0.7809029184786329,0.9501,0.0002826968501913772,0.28024050268684164,0.0,0.07111111111111124,19.0,19.789473684210527,101.08430580884576,0.8186332370130497
376,376.0,0.7824126673260201,0.9527,0.00028535803197158113,0.28285564544737013,0.0,0.07358156028368812,19.0,19.842105263157894,92.17826721552767,0.801110024226567
377,377.0,0.7839079478242644,0.9553,0.0002880610311999543,0.2854736965066379,0.0,0.07603890362511057,19.0,19.894736842105264,91.43313974630827,0.7994891853850664
378,378.0,0.7853888925989106,0.9579,0.000290806565812274,0.2880929136023287,0.0,0.0784832451499119,19.0,19.94736842105263,96.95131880842366,0.8109016611773987
379,379.0,0.7868556341672049,0.9604,0.0002935953818048537,0.2907131181167804,0.0,0.08091468777484612,19.0,20.0,95.5449644895718,0.8081182673385753
380,380.0,0.7883083048837737,0.963,0.0002964282213071737,0.2933341336599664,0.0,0.08333333333333337,19.0,20.05263157894737,92.72079657475406,0.8022737723294634
381,381.0,0.7897470368886157,0.9655,0.0002993058620249777,0.2959557860747375,0.0,0.08573928258967634,19.0,20.105263157894736,91.48703565980274,0.7996073082801985
382,382.0,0.7911719620573244,0.968,0.00030222907460705425,0.2985779034408124,1.0,0.08813263525305426,19.0,20.157894736842106,86.68887971023534,0.7885157427963772
383,383.0,0.7686312113475869,0.9202,0.0002614747810797657,0.25921953208148685,0.0,0.0426457789382072,20.0,19.2,90.33451284750119,0.7970506204612752
384,384.0,0.7702292506020496,0.9228,0.00026368334865772223,0.26139758144946035,0.0,0.04513888888888895,20.0,19.25,97.80361623076693,0.8125495350798076
385,385.0,0.7718124323626363,0.9254,0.00026592514808119837,0.2636083502006542,0.0,0.04761904761904767,20.0,19.3,91.41901892841729,0.7994582139665198
386,386.0,0.7733808793181732,0.928,0.0002682007276149216,0.265852376155811,0.0,0.050086355785837755,20.0,19.35,92.05315566320982,0.800839708304965
387,387.0,0.774934714514157,0.9306,0.0002705106429000987,0.26813020435683477,0.0,0.052540913006029366,20.0,19.4,95.01265887824606,0.8070432556063232
388,388.0,0.7764740612872549,0.9332,0.0002728554570184845,0.2704423945838774,0.0,0.054982817869415945,20.0,19.45,95.65356035962407,0.8083361114379184
389,389.0,0.7779990432021529,0.9357,0.0002752357508256438,0.27278952061422146,0.0,0.05741216795201376,20.0,19.5,93.1079494919394,0.8030959393545607
390,390.0,0.7795097839907035,0.9383,0.00027765211870303154,0.27517215187796606,0.0,0.05982905982905995,20.0,19.55,89.8453137623076,0.7959455806249893
391,391.0,0.7810064074933485,0.9408,0.00028010516074182236,0.27759087923068126,0.0,0.06223358908780907,20.0,19.6,91.23750036372525,0.7990592326593111
392,392.0,0.782489037602739,0.9433,0.00028259548523810806,0.28004631454108414,0.0,0.06462585034013613,20.0,19.65,91.60380755245006,0.7998627587304586
393,393.0,0.7839577982095637,0.9458,0.00028512371962974287,0.28253906237133597,0.0,0.06700593723494497,20.0,19.7,95.49618153904574,0.8080202471149347
394,394.0,0.7854128131504687,0.9483,0.00028769050032604487,0.2850697503101712,0.0,0.0693739424703892,20.0,19.75,87.50754365909224,0.7904942526468864
395,395.0,0.7868542061580895,0.9508,0.0002902964728074339,0.28763901833601463,0.0,0.0717299578059073,20.0,19.8,99.6763682670003,0.8160714154008466
396,396.0,0.7882821008131174,0.9532,0.0002929423008134138,0.29022962823184556,0.0,0.07407407407407418,20.0,19.85,89.7802350155899,0.7957976682713089
397,397.0,0.7896966204983512,0.9557,0.0002956286632179952,0.2928212428335075,0.0,0.07640638119227539,20.0,19.9,97.46790666241078,0.811903897794455
398,398.0,0.7910978883546983,0.9581,0.00029835623593244047,0.2954136712865261,0.0,0.07872696817420433,20.0,19.95,93.65552886347129,0.8042471858756015
399,399.0,0.7924860272390761,0.9605,0.0003011257182869802,0.29800674690503487,0.0,0.08103592314118646,20.0,20.0,88.88702862894725,0.7937456835252693
400,400.0,0.7938611596841636,0.963,0.00030393783839892033,0.30060030505608165,0.0,0.08333333333333337,20.0,20.05,90.19000033254771,0.7967254322459825
401,401.0,0.7952234078599657,0.9654,0.00030679330956008625,0.3031941831634868,0.0,0.08561928512053207,20.0,20.1,90.3111345079979,0.7969980840877406
402,402.0,0.7965728935371227,0.9678,0.00030969287226196294,0.30578822071065487,0.0,0.08789386401326704,20.0,20.15,94.31616017429896,0.8056183235253342
403,403.0,0.7979097380519441,0.9701,0.00031263729187516704,0.3083822592423754,1.0,0.09015715467328367,20.0,20.2,90.26623412031482,0.7968971065205064
404,404.0,0.7766231247770747,0.9248,0.0002711642271756634,0.26868759156517974,0.0,0.04702970297029718,21.0,19.285714285714285,93.659623346473,0.8042557435287431
405,405.0,0.7781204317431555,0.9273,0.00027340182039130577,0.2708928045878506,0.0,0.049382716049382824,21.0,19.333333333333332,92.38624416083164,0.8015577589514566
406,406.0,0.779604089098122,0.9298,0.000275672302923194,0.27313039654020316,0.0,0.051724137931034586,21.0,19.38095238095238,93.7429082538703,0.8044296504682378
407,407.0,0.7810742124481171,0.9322,0.0002779762270412509,0.2754008745511221,0.0,0.05405405405405417,21.0,19.428571428571427,92.29723420303952,0.8013663844682186
408,408.0,0.7825309174411981,0.9346,0.00028031411448884184,0.27770478751665745,0.0,0.056372549019607976,21.0,19.476190476190474,95.92487247282288,0.8088782099916008
409,409.0,0.7839743197195332,0.9371,0.00028268653562197053,0.28004266557966523,0.0,0.05867970660146704,21.0,19.523809523809526,96.21861655429582,0.8094616822619987
410,410.0,0.7854045348734511,0.9395,0.00028509404917790784,0.2824150665879556,0.0,0.060975609756097726,21.0,19.571428571428573,87.20623546886885,0.7897703847120195
411,411.0,0.7868216783973092,0.9419,0.00028753722596530857,0.28482255614354113,1.0,0.06326034063260344,21.0,19.61904761904762,78.5083014923494,0.7664790476314163
412,412.0,0.7644847494575637,0.8975,0.00025398014215933574,0.2516737667839359,0.0,0.021035598705501757,22.0,18.772727272727273,93.79186903916718,0.8045317411717492
413,413.0,0.7660641707029376,0.9,0.0002558645963718895,0.2535302246659216,0.0,0.023405972558514954,22.0,18.818181818181817,90.1506854621032,0.7966367838540712
414,414.0,0.7676296462389144,0.9025,0.0002577756546152397,0.2554128559061311,0.0,0.025764895330112836,22.0,18.863636363636363,91.50450148882648,0.7996455580322243
415,415.0,0.76918128192492,0.905,0.00025971372544004225,0.25732207071536456,0.0,0.028112449799196915,22.0,18.90909090909091,89.45633963150492,0.7950583110280016
416,416.0,0.7707191840561982,0.9074,0.00026167924708953185,0.25925828204732637,0.0,0.030448717948718063,22.0,18.954545454545453,88.14668586923005,0.7920133564575333
417,417.0,0.7722434593076098,0.9098,0.0002636726221814638,0.2612219036826941,0.0,0.03277378097521988,22.0,19.0,91.90150311504154,0.8005110611696544
418,418.0,0.7737542146793057,0.9123,0.00026569431339275063,0.26321336380260013,0.0,0.03508771929824572,22.0,19.045454545454547,96.98169031121839,0.8109608806105474
419,419.0,0.7752515574442076,0.9147,0.00026774474566581007,0.2652331084677055,0.0,0.03739061256961018,22.0,19.09090909090909,87.58852478548664,0.7906879539502056
420,420.0,0.776735595097306,0.9171,0.00026982437437871547,0.2672815698778528,0.0,0.039682539682539764,22.0,19.136363636363637,98.81690007905122,0.8144716812744875
421,421.0,0.7782064353067077,0.9195,0.0002719336607490913,0.26935920001517544,0.0,0.04196357878068102,22.0,19.181818181818183,92.38683584554283,0.8015590298602285
422,422.0,0.7796641858664342,0.9219,0.0002740730718292169,0.27146645656893476,0.0,0.04423380726698278,22.0,19.227272727272727,85.8966981480253,0.786565331047538
423,423.0,0.7811089546509041,0.9243,0.0002762430805615272,0.2736038178319174,0.0,0.046493301812450816,22.0,19.272727272727273,88.03706246983467,0.7917543723177368
424,424.0,0.7825408495711001,0.9266,0.00027844418217895755,0.27577174846099134,0.0,0.04874213836477992,22.0,19.318181818181817,88.09421886909308,0.7918894841376999
425,425.0,0.7839599785323604,0.929,0.00028067686099598734,0.27797073006939627,1.0,0.050980392156862786,22.0,19.363636363636363,83.55780549425528,0.7805910145091858
426,426.0,0.7616463139356967,0.8861,0.0002502881816870822,0.24796287670366426,0.0,0.010172143974960912,23.0,18.565217391304348,91.15400096863613,0.7988751657797074
427,427.0,0.7632229064909326,0.8885,0.00025202655744100945,0.24967450304196545,0.0,0.012490241998438845,23.0,18.608695652173914,98.88145274231617,0.8145927995100378
428,428.0,0.7647859447476871,0.891,0.0002537887390781967,0.25140953709978414,0.0,0.014797507788162023,23.0,18.652173913043477,86.69048805299458,0.788519666400701
429,429.0,0.7663355265995098,0.8934,0.0002555750800793855,0.2531683346583482,0.0,0.017094017094017144,23.0,18.695652173913043,86.14037859884733,0.7871691112630116
430,430.0,0.7678717504305608,0.8958,0.0002573859440739903,0.254951247879444,0.0,0.019379844961240345,23.0,18.73913043478261,86.36418762975326,0.7877206532419541
431,431.0,0.7693947150628878,0.8982,0.00025922170348878677,0.25675864165296347,0.0,0.02165506573859255,23.0,18.782608695652176,96.3219571150804,0.809666104360508
432,432.0,0.770904519705381,0.9005,0.000261082735775365,0.2585908957046498,0.0,0.023919753086419804,23.0,18.82608695652174,98.54101135103876,0.8139522511289907
433,433.0,0.7724012639043311,0.9029,0.00026296943978841494,0.26044838206048265,0.0,0.02617397998460358,23.0,18.869565217391305,92.98833013402711,0.8028426437284237
434,434.0,0.7738850474956311,0.9053,0.00026488218925364653,0.2623314756676759,0.0,0.028417818740399503,23.0,18.91304347826087,91.02553575184282,0.798591316360781
435,435.0,0.7753559705585343,0.9076,0.0002668213925165516,0.26424059015787144,0.0,0.03065134099616862,23.0,18.956521739130434,93.52268721215219,0.8039691343369448
436,436.0,0.7768141333709817,0.91,0.0002687874475054186,0.2661761006967928,0.0,0.032874617737003065,23.0,19.0,91.92350747429637,0.8005588142025619
437,437.0,0.7782596363664618,0.9123,0.0002707807825091081,0.2681384210872068,0.0,0.03508771929824572,23.0,19.043478260869566,85.89793094224399,0.7865683942298879
438,438.0,0.7796925800923582,0.9146,0.00027280180368869365,0.2701279699419953,0.0,0.03729071537290729,23.0,19.08695652173913,89.60908333793348,0.7954076456267862
439,439.0,0.7811130651697881,0.9169,0.0002748509410660808,0.2721451569983223,0.0,0.039483675018982534,23.0,19.130434782608695,88.93563625015072,0.7938584114722375
440,440.0,0.782521192254872,0.9192,0.00027692862999704744,0.2741904086600931,0.0,0.04166666666666674,23.0,19.17391304347826,89.5941917256173,0.795373639962295
441,441.0,0.7839170620014269,0.9215,0.0002790353112258155,0.27626416255286707,0.0,0.04383975812547247,23.0,19.217391304347824,96.54618214567193,0.8101081479776029
442,442.0,0.7853007750250413,0.9237,0.00028117143278949476,0.2783668632111553,0.0,0.046003016591251944,23.0,19.26086956521739,91.23839014547808,0.7990611922886721
443,443.0,0.7866724318685101,0.926,0.00028333746864340554,0.2804989468294672,0.0,0.04815650865312271,23.0,19.304347826086957,91.40479499340978,0.799427006705117
444,444.0,0.7880321329685981,0.9283,0.00028553385962379216,0.2826608803092931,0.0,0.050300300300300416,23.0,19.347826086956523,88.15728301173696,0.7920383579551505
445,445.0,0.7893799786240921,0.9305,0.0002877611015211032,0.28485312059024664,0.0,0.05243445692883908,23.0,19.391304347826086,96.0219778714123,0.8090714882182036
446,446.0,0.7907160689651345,0.9327,0.00029001965696409367,0.28707615241500944,0.0,0.05455904334828099,23.0,19.434782608695652,94.89696551993273,0.806808012955035
447,447.0,0.7920405039237814,0.935,0.0002923100282777332,0.2893304435619101,0.0,0.05667412378821779,23.0,19.47826086956522,89.41213514158297,0.7949569898503963
448,448.0,0.7933533832057775,0.9372,0.00029463271740882903,0.29161648721131134,0.0,0.058779761904761973,23.0,19.52173913043478,93.46917322374581,0.8038569006120645
449,449.0,0.7946548062635059,0.9394,0.0002969882242102813,0.29393478313883314,0.0,0.06087602078693399,23.0,19.565217391304348,93.39336827867973,0.8036976964078664
450,450.0,0.7959448722700837,0.9416,0.0002993770657556235,0.2962858377980698,1.0,0.062962962962963,23.0,19.608695652173914,88.45131304191302,0.7927296644579374
451,451.0,0.7754278355048088,0.901,0.000266150525060109,0.2634984036284943,0.0,0.024390243902439046,24.0,18.833333333333332,85.4130770164365,0.7853568332422288
452,452.0,0.7768612082791889,0.9033,0.00026801341285456775,0.26533130631475926,0.0,0.026548672566371723,24.0,18.875,89.7979819949086,0.79583802524234
453,453.0,0.7782824306797942,0.9056,0.00026990145176385106,0.26718892466473276,0.0,0.028697571743929395,24.0,18.916666666666668,99.9520267806998,0.8165786735514862
454,454.0,0.7796915964580423,0.9078,0.0002718150346908275,0.26907165193085353,0.0,0.03083700440528636,24.0,18.958333333333332,98.4958910483694,0.8138670239113813
455,455.0,0.7810887994358685,0.9101,0.00027375453164479,0.2709798425247691,0.0,0.03296703296703307,24.0,19.0,96.19372121582545,0.8094123701462835
456,456.0,0.7824741334714864,0.9123,0.00027572035625397713,0.2729138875681437,0.0,0.03508771929824572,24.0,19.041666666666668,85.63648451614334,0.7859167919267247
457,457.0,0.783847692426365,0.9145,0.0002777128888072556,0.274874187198249,0.0,0.03719912472647713,24.0,19.083333333333332,89.66095734864672,0.7955260140481866
458,458.0,0.7852095701334044,0.9167,0.0002797325375931112,0.27686112697879756,0.0,0.039301310043668214,24.0,19.125,96.2715316798494,0.8095664106155415
459,459.0,0.7865598603662995,0.9189,0.000281779715898856,0.27887511146953203,1.0,0.04139433551198257,24.0,19.166666666666668,84.13652174106383,0.7821001753583838
460,460.0,0.7652683287843624,0.8792,0.00025394316383756484,0.25141294351738847,0.0,0.0036231884057972286,25.0,18.44,92.77896932736049,0.802397747396329
461,461.0,0.7667620324582936,0.8815,0.00025555807167806135,0.25300109442947655,0.0,0.005784526391901745,25.0,18.48,85.92922851307065,0.7866461313504676
462,462.0,0.7682434618275135,0.8838,0.00025719400562949766,0.254609902798273,0.0,0.00793650793650802,25.0,18.52,90.80094124267755,0.7980931355729555
463,463.0,0.7697127028433992,0.886,0.00025885129011033153,0.25623968942075814,0.0,0.010079193664506936,25.0,18.56,91.59244926350142,0.7998379399093222
464,464.0,0.7711698417708154,0.8883,0.000260530212746578,0.25789073464336604,0.0,0.012212643678160995,25.0,18.6,100.99122408980402,0.8184660746657466
465,465.0,0.7726149651498235,0.8905,0.0002622311169962164,0.25956336941636193,0.0,0.014336917562724039,25.0,18.64,88.70285017050664,0.7933174266881776
466,466.0,0.7740481597585692,0.8927,0.0002639543039178586,0.26125789813585026,0.0,0.01645207439198859,25.0,18.68,93.64735505499105,0.8042301000111777
467,467.0,0.7754695125773731,0.8949,0.0002657001040602646,0.262974640011601,0.0,0.01855817273376159,25.0,18.72,91.32029483893623,0.7992414132513669
468,468.0,0.7768791107539634,0.8971,0.000267468851636281,0.26471392213979855,0.0,0.02065527065527073,25.0,18.76,91.591664987661,0.7998362259731477
469,469.0,0.7782770415698678,0.8993,0.00026926088455740395,0.266476075230976,0.0,0.02274342572850052,25.0,18.8,88.32455950158756,0.7924322132282606
470,470.0,0.7796633924079222,0.9015,0.00027107654446807526,0.26826143364429805,0.0,0.024822695035461084,25.0,18.84,88.03211727409288,0.7917426741395815
471,471.0,0.7810382507208696,0.9037,0.00027291617677965873,0.2700703354215971,0.0,0.02689313517338998,25.0,18.88,92.30860337121298,0.8013908491323714
472,472.0,0.7824017040010535,0.9058,0.0002747801390407766,0.2719031446960904,0.0,0.028954802259887114,25.0,18.92,92.13980987980837,0.8010270114812672
473,473.0,0.7837538397511513,0.908,0.0002766687982802847,0.27376019328883167,0.0,0.03100775193798455,25.0,18.96,95.47175670444011,0.8079711323413754
474,474.0,0.7850947454559578,0.9101,0.0002785825018069551,0.27564185115340184,0.0,0.03305203938115331,25.0,19.0,93.57736087448917,0.8040836676520194
475,475.0,0.7864245085551766,0.9123,0.00028052164389821144,0.27754847122375254,0.0,0.03508771929824572,25.0,19.04,93.68725277103434,0.804313470711551
476,476.0,0.7877432164171941,0.9144,0.0002824865871923298,0.27948044386122606,0.0,0.03711484593837544,25.0,19.08,92.97556089869721,0.8028155661969206
477,477.0,0.7890509563138429,0.9165,0.00028447771580610953,0.2814381279068457,0.0,0.03913347309573734,25.0,19.12,102.78794979133589,0.8216392741508045
478,478.0,0.7903478153960941,0.9186,0.00028649542415603896,0.28342190922086485,0.0,0.04114365411436549,25.0,19.16,98.4215724382659,0.8137264739919415
479,479.0,0.7916338806706891,0.9207,0.0002885401114631348,0.28543217835422735,0.0,0.043145441892832315,25.0,19.2,89.76839382017506,0.7957707322907119
480,480.0,0.7929092389776665,0.9228,0.00029061218180944623,0.28746933060447943,0.0,0.04513888888888895,25.0,19.24,90.79824450980084,0.798087138883457
481,481.0,0.7941739769687812,0.9249,0.00029271204419453474,0.2895337660716997,1.0,0.047124047124047164,25.0,19.28,87.27983735212963,0.7899476684475513
482,482.0,0.7740851276953113,0.887,0.00026378193437529907,0.26100983387980264,0.0,0.011065006915629283,26.0,18.576923076923077,88.65138878866084,0.7931974492014016
483,483.0,0.7754831928502534,0.8892,0.0002654431705053382,0.2626424612995402,0.0,0.013112491373361013,26.0,18.615384615384617,92.90291872162027,0.8026613847486492
484,484.0,0.7768699675486026,0.8913,0.00026712569803645866,0.26429599818781585,0.0,0.015151515151515138,26.0,18.653846153846153,94.96274827434924,0.8069418412326487
485,485.0,0.7782455331099816,0.8935,0.00026882984190031254,0.2659707505588587,0.0,0.0171821305841926,26.0,18.692307692307693,96.60615245237504,0.810226027349849
486,486.0,0.779609970953008,0.8956,0.0002705559080685515,0.2676670318051,0.0,0.019204389574760006,26.0,18.73076923076923,96.15170796621877,0.809329093355529
487,487.0,0.7809633625675007,0.8977,0.00027230420897332715,0.26938514118200646,0.0,0.02121834360027386,26.0,18.76923076923077,97.83346935554643,0.8126067341360825
488,488.0,0.7823057894876094,0.8998,0.00027407506908581604,0.2711253960601646,0.0,0.023224043715847076,26.0,18.807692307692307,88.65500038833244,0.7932058738590213
489,489.0,0.7836373332658705,0.9019,0.0002758688164628691,0.27288811731155066,0.0,0.025221540558963973,26.0,18.846153846153847,85.68202931533153,0.7860305891465055
490,490.0,0.7849580754481418,0.904,0.0002776857827840872,0.2746736293464481,0.0,0.027210884353741638,26.0,18.884615384615383,86.51466005581447,0.7880898645211611
491,491.0,0.7862680975494164,0.9061,0.00027952630338871253,0.27648226015024663,0.0,0.029192124915139228,26.0,18.923076923076923,96.8607514870637,0.810724849313379
492,492.0,0.7875674810304993,0.9082,0.00028139071731234425,0.27831435057712706,0.0,0.031165311653116534,26.0,18.96153846153846,93.43247667909351,0.8037798634376176
493,493.0,0.7888563072755036,0.9102,0.00028327938644807417,0.28017024462645523,0.0,0.03313049357674114,26.0,19.0,90.2872142030487,0.7969443016360751
494,494.0,0.7901346575701875,0.9123,0.00028519265275213986,0.2820502699602983,0.0,0.03508771929824572,26.0,19.03846153846154,92.65133431829439,0.8021255336663474
495,495.0,0.7914026130810756,0.9143,0.0002871308757252167,0.28395480632881165,0.0,0.03703703703703709,26.0,19.076923076923077,91.2919650443012,0.7991791136882996
496,496.0,0.792660254835361,0.9164,0.00028909442383910785,0.28588418249497555,0.0,0.03897849462365599,26.0,19.115384615384617,89.43346415541218,0.7950058906197042
497,497.0,0.7939076637015855,0.9184,0.0002910836720466092,0.28783878183989847,0.0,0.04091213950368877,26.0,19.153846153846153,93.51692301953496,0.80395705139375
498,498.0,0.7951449203710504,0.9204,0.000293098986393655,0.289818967978232,0.0,0.04283801874163329,26.0,19.192307692307693,90.33820013332539,0.7970589041371631
499,499.0,0.7963721053399594,0.9224,0.0002951407541768503,0.2918251107383853,0.0,0.04475617902471618,26.0,19.23076923076923,91.81219282533108,0.8003170083497325
500,500.0,0.7975892988922717,0.9244,0.00029720936742415284,0.2938575933825664,0.0,0.046666666666666745,26.0,19.26923076923077,96.64439772154076,0.8103011269607501
501,501.0,0.7987965810832454,0.9264,0.00029930522295407435,0.2959168038473731,0.0,0.04856952761144384,26.0,19.307692307692307,95.57224756593408,0.8081730439510131
502,502.0,0.7999940317236549,0.9284,0.0003014287224350085,0.2980031348023944,1.0,0.05046480743691906,26.0,19.346153846153847,87.84576605685429,0.7913008884063019
503,503.0,0.7808659402472553,0.8921,0.00027189185756041755,0.26889758969704997,0.0,0.015904572564612418,27.0,18.666666666666668,97.42661587970916,0.8118241799964687
504,504.0,0.782188141553913,0.8942,0.0002735773033472638,0.27055293628984867,0.0,0.017857142857143016,27.0,18.703703703703702,98.01057115815001,0.8129453474589936
505,505.0,0.7834998723849967,0.8962,0.000275284018941869,0.2722291606981923,0.0,0.01980198019801993,27.0,18.74074074074074,90.42326956064697,0.7972498293590551
506,506.0,0.7848012087321392,0.8983,0.00027701230447588877,0.27392654342990813,0.0,0.021739130434782705,27.0,18.77777777777778,90.89554372929952,0.7983032766938197
507,507.0,0.786092226570129,0.9003,0.0002787624815936657,0.2756454038379568,0.0,0.023668639053254448,27.0,18.814814814814813,87.28143320091804,0.7899515090325018
508,508.0,0.7873730018361009,0.9023,0.00028053484670636294,0.2773860377377503,0.0,0.025590551181102428,27.0,18.85185185185185,90.99126825785979,0.7985154654468759
509,509.0,0.7886436104094969,0.9043,0.00028232971977914075,0.2791487527047287,0.0,0.027504911591355707,27.0,18.88888888888889,93.67667743335484,0.804291379288336
510,510.0,0.7899041280926844,0.9063,0.00028414742434149125,0.28093386497552664,0.0,0.02941176470588247,27.0,18.925925925925927,90.39499333209922,0.797186407592519
511,511.0,0.7911546305923104,0.9083,0.00028598828752772725,0.2827416943047602,0.0,0.03131115459882594,27.0,18.962962962962962,95.12341999460716,0.8072679332348153
512,512.0,0.79239519350129,0.9103,0.0002878526401174832,0.28457256400522174,0.0,0.03320312500000011,27.0,19.0,96.66967438613239,0.8103507283979916
513,513.0,0.7936258922814804,0.9123,0.0002897408165761402,0.28642680098808876,0.0,0.03508771929824572,27.0,19.037037037037038,95.84568608713721,0.8087203078011695
514,514.0,0.7948468022469888,0.9143,0.0002916531550951835,0.2883047555715512,0.0,0.03696498054474717,27.0,19.074074074074073,92.95711304123745,0.8027764338464305
515,515.0,0.7960579985481083,0.9162,0.0002935900245574347,0.2902067521495615,1.0,0.03883495145631066,27.0,19.11111111111111,88.21791985836006,0.7921813010013299
516,516.0,0.7767783043900306,0.8808,0.0002669521007988982,0.2639674062516057,0.0,0.0051679586563307955,28.0,18.464285714285715,97.35028785741173,0.8116766397220516
517,517.0,0.7781116902116699,0.8829,0.00026850108120150335,0.26548786952215553,0.0,0.007092198581560294,28.0,18.5,87.63068784422074,0.7907886633741353
518,518.0,0.7794347856235538,0.8849,0.00027006907315639436,0.2670269820008046,0.0,0.009009009009009028,28.0,18.535714285714285,93.10286788961919,0.8030851922298575
519,519.0,0.780747661316696,0.8869,0.00027165634308112937,0.26858500297217675,1.0,0.01091843288375094,28.0,18.571428571428573,83.3386104960233,0.7800139308273186
520,520.0,0.7601415268153556,0.8519,0.00025062443729651385,0.24787193119862228,0.0,-0.022435897435897356,29.0,17.96551724137931,88.21883709115329,0.792183461743095
521,521.0,0.7615789089182906,0.8539,0.0002519090705944285,0.2491322152675075,0.0,-0.020473448496481028,29.0,18.0,91.38863663408527,0.7993915435379683
522,522.0,0.7630056109887593,0.856,0.00025320881025210753,0.2504073290995063,0.0,-0.01851851851851838,29.0,18.03448275862069,94.09539226149653,0.8051622625432716
523,523.0,0.7644216964440141,0.858,0.00025452387683290206,0.25169746485188244,0.0,-0.016571064372211453,29.0,18.06896551724138,93.13052173365632,0.8031436634086001
524,524.0,0.7658272290309099,0.8601,0.00025585446039441527,0.2530028299555747,0.0,-0.014631043256997378,29.0,18.103448275862068,90.72328702336314,0.7979203142340718
525,525.0,0.7672222728000007,0.8621,0.00025720079679477856,0.25432363497057553,0.0,-0.012698412698412653,29.0,18.137931034482758,86.09714967345933,0.7870622499947307
526,526.0,0.7686068920803205,0.8641,0.0002585630784230255,0.2556600784500607,0.0,-0.010773130544993625,29.0,18.17241379310345,88.79150557581055,0.7935237924569231
527,527.0,0.769981151454869,0.8661,0.0002599415250486984,0.25701237514807895,0.0,-0.008855154965211831,29.0,18.20689655172414,92.7486417775905,0.8023331341358473
528,528.0,0.7713451157367734,0.8681,0.0002613363584077896,0.25838074173787673,0.0,-0.00694444444444442,29.0,18.24137931034483,94.15839921930443,0.8052926400051349
529,529.0,0.77269884994611,0.8701,0.00026274780221938974,0.25976539682870353,0.0,-0.00504095778197855,29.0,18.275862068965516,95.45921312343863,0.8079458992645745
530,530.0,0.7740424192873949,0.8721,0.00026417608220223403,0.2611665609825512,0.0,-0.0031446540880502027,29.0,18.310344827586206,93.79647223694168,0.8045413340597605
531,531.0,0.7753758891277128,0.8741,0.0002656214260911433,0.2625844567308147,0.0,-0.0012554927809165228,29.0,18.344827586206897,87.85994309796338,0.7913345640015751
532,532.0,0.7766993249754894,0.8761,0.0002670840636532768,0.2640193085908237,0.0,0.0006265664160401974,29.0,18.379310344827587,89.16966713097189,0.7943994418370381
533,533.0,0.7780127924598771,0.878,0.00026856422761958545,0.2654713435446421,0.0,0.00250156347717323,29.0,18.413793103448278,90.97019220551056,0.7984687853366679
534,534.0,0.7793163573107635,0.88,0.0002700621785766115,0.26694081787349244,0.0,0.004369538077403257,29.0,18.448275862068964,96.99265745241512,0.8109822556173624
535,535.0,0.7806100853393769,0.882,0.0002715781309994746,0.2684279398879106,0.0,0.006230529595015688,29.0,18.482758620689655,90.14658048984461,0.796627523376789
536,536.0,0.781894042419486,0.8839,0.00027311235102493443,0.2699329722499175,0.0,0.008084577114428004,29.0,18.517241379310345,87.16093864012585,0.7896611300960301
537,537.0,0.7831682944691697,0.8859,0.0002746650696999463,0.27145613706624905,1.0,0.009931719428926233,29.0,18.551724137931036,84.26760881298361,0.782439141307299
538,538.0,0.7631199813447979,0.852,0.00025404561790261937,0.2511596003683011,0.0,-0.022304832713754497,30.0,17.966666666666665,91.60911704385356,0.7998743583069673
539,539.0,0.7645129272480887,0.854,0.00025530719933631566,0.2523964863826876,0.0,-0.020408163265305923,30.0,18.0,87.74776702818626,0.7910678077147614
540,540.0,0.7658957345996871,0.856,0.00025658335149685013,0.25364765669929884,0.0,-0.01851851851851838,30.0,18.033333333333335,92.71357473305551,0.8022583706202746
541,541.0,0.7672684629545504,0.8579,0.00025787426995951547,0.25491329877316266,0.0,-0.01663585951940849,30.0,18.066666666666666,89.57161232260685,0.7953220573131716
542,542.0,0.7686311721276443,0.8599,0.00025918016207554127,0.25619361593005713,0.0,-0.014760147601476037,30.0,18.1,90.3321992051197,0.7970454224002301
543,543.0,0.769983922172311,0.8619,0.00026050121065383656,0.2574887968766557,0.0,-0.012891344383056946,30.0,18.133333333333333,97.14548378388243,0.811279612605367
544,544.0,0.7713267733592455,0.8638,0.0002618376236555938,0.258799029436753,0.0,-0.011029411764705843,30.0,18.166666666666668,92.33304553630214,0.8014434244332891
545,545.0,0.7726597861560314,0.8658,0.00026318961429372325,0.26012453877231184,0.0,-0.00917431192660545,30.0,18.2,91.3535408816462,0.7993144747713148
546,546.0,0.7739830212072413,0.8677,0.0002645573802831899,0.26146550305920907,0.0,-0.0073260073260073,30.0,18.233333333333334,95.49360857633903,0.8080150744468161
547,547.0,0.7752965393150922,0.8697,0.00026594113480296193,0.2628221435841187,0.0,-0.005484460694698212,30.0,18.266666666666666,93.91963863626927,0.8047976589397408
548,548.0,0.7766004014206406,0.8716,0.0002673411041812499,0.26419467014817666,0.0,-0.0036496350364962904,30.0,18.3,96.82867665552122,0.8106621512699569
549,549.0,0.7778946685855163,0.8735,0.00026875749102540485,0.26558328685415317,0.0,-0.0018214936247722413,30.0,18.333333333333332,89.00694340544725,0.7940235600517057
550,550.0,0.7791794019741753,0.8754,0.00027019051883557066,0.2669882119447793,0.0,1.1102230246251565e-16,30.0,18.366666666666667,91.79537733051558,0.8002804295109229
551,551.0,0.7804546628366748,0.8773,0.00027164041317588686,0.2684096656754405,0.0,0.001814882032667997,30.0,18.4,88.2616290998629,0.79228421772512
552,552.0,0.7817205124919538,0.8792,0.000273107401695275,0.2698478703349767,0.0,0.0036231884057972286,30.0,18.433333333333334,84.71146183651625,0.783579070224114
553,553.0,0.7829770123115852,0.8811,0.0002745917141481968,0.27130305026648854,0.0,0.005424954792043524,30.0,18.466666666666665,98.08748586065795,0.8130920252214694
554,554.0,0.7842242237040591,0.883,0.00027609358241535893,0.2727754318881255,0.0,0.0072202166064982976,30.0,18.5,98.33229665657258,0.8135573564668905
555,555.0,0.7854622080995046,0.8849,0.0002776132405243405,0.2742652437138174,0.0,0.009009009009009028,30.0,18.533333333333335,89.56148954439067,0.795298923381053
556,556.0,0.786691026934891,0.8868,0.00027915092467013547,0.27577271637396894,0.0,0.010791366906474975,30.0,18.566666666666666,93.2288223650083,0.8033512290699661
557,557.0,0.787910741639691,0.8886,0.00028070689564232976,0.2772981102733072,1.0,0.01256732495511681,30.0,18.6,81.85805633758862,0.7760350764043881
558,558.0,0.7686325432563466,0.856,0.00025988437694348586,0.25681285691118816,0.0,-0.01851851851851838,31.0,18.032258064516128,93.26111021378124,0.8034193106718538
559,559.0,0.7699645718947761,0.8579,0.00026115196267733406,0.25805482853095596,0.0,-0.016696481812760844,31.0,18.06451612903226,96.4658492845643,0.8099500137167518
560,560.0,0.7712870783519163,0.8598,0.0002624339822491609,0.2593109422060755,0.0,-0.014880952380952328,31.0,18.096774193548388,91.64651242598644,0.7999560174410423
561,561.0,0.772600118837671,0.8617,0.000263730626851727,0.26058138460807045,0.0,-0.013071895424836555,31.0,18.129032258064516,90.29047196181628,0.7969516280623001
562,562.0,0.7739037497328811,0.8636,0.00026504208924143255,0.26186634393468816,0.0,-0.011269276393831573,31.0,18.161290322580644,91.73267835114936,0.8001439218513385
563,563.0,0.7751980275721974,0.8655,0.000266368563751256,0.26316600992306366,0.0,-0.009473060982829962,31.0,18.193548387096776,92.88357945660894,0.8026202969288253
564,564.0,0.7764830090274308,0.8673,0.00026771024660266564,0.26448057386282176,0.0,-0.0076832151300236795,31.0,18.225806451612904,91.3765884173628,0.7993650928441781
565,565.0,0.7777587508913374,0.8692,0.00026906735560138303,0.2658102435163597,0.0,-0.005899705014749124,31.0,18.258064516129032,90.99380346489174,0.7985210790709841
566,566.0,0.7790253100618734,0.8711,0.00027044007494276813,0.26715521010652804,0.0,-0.0041224970553592755,31.0,18.29032258064516,105.47509493406325,0.8261832962104064
567,567.0,0.7802827435268689,0.873,0.00027182860550840703,0.2685156635199163,0.0,-0.0023515579071133885,31.0,18.322580645161292,94.3033992144761,0.8055920201599789
568,568.0,0.7815311083491497,0.8748,0.00027323318681569985,0.2698918347911335,0.0,-0.0005868544600937664,31.0,18.35483870967742,94.65907462397165,0.8063224956913897
569,569.0,0.7827704616520721,0.8767,0.0002746539924730521,0.2712838996353713,0.0,0.0011716461628588082,31.0,18.387096774193548,87.07516529464856,0.7894539359035813
570,570.0,0.7840008606054852,0.8785,0.00027609127542245373,0.2726921008083407,0.0,0.0029239766081871066,31.0,18.419354838709676,91.98003171198711,0.8006813762497966
571,571.0,0.7852223624120767,0.8803,0.0002775452227169538,0.27411662363058475,0.0,0.00467016929363695,31.0,18.451612903225808,89.37297874011732,0.7948671556909409
572,572.0,0.7864350242941539,0.8822,0.00027901606465022684,0.27555769069135755,0.0,0.0064102564102564985,31.0,18.483870967741936,95.58111219709669,0.8081908348636038
573,573.0,0.7876389034807836,0.884,0.0002805040397150645,0.2770155375436401,0.0,0.00814426992437478,31.0,18.516129032258064,87.0024891373068,0.7892780595690799
574,574.0,0.7888340571953325,0.8858,0.00028200935916248806,0.27849036960506107,1.0,0.009872241579558683,31.0,18.548387096774192,86.3269526631997,0.7876290918682151
575,575.0,0.7699246898106299,0.8541,0.00026188455416674715,0.25870128202282167,0.0,-0.020289855072463725,32.0,18.0,85.79917669475742,0.7863227359563515
576,576.0,0.7712275743919275,0.856,0.0002631158010940511,0.25990688223687564,0.0,-0.01851851851851838,32.0,18.03125,92.70998881556072,0.8022507221977335
577,577.0,0.7725213473140993,0.8578,0.0002643608155302696,0.2611259521360114,0.0,-0.016753321779318098,32.0,18.0625,99.64378411957773,0.8160112695907616
578,578.0,0.7738060609729331,0.8597,0.0002656197653909121,0.2623586803951785,0.0,-0.014994232987312506,32.0,18.09375,102.4244375221303,0.8210062581073765
579,579.0,0.7750817679149927,0.8615,0.0002668928412756769,0.2636052301049811,0.0,-0.013241220495106454,32.0,18.125,88.66094276512598,0.7932197339486831
580,580.0,0.7763485208228535,0.8633,0.0002681802102410464,0.26486578236950964,0.0,-0.011494252873563093,32.0,18.15625,90.07071357513432,0.7964562219434377
581,581.0,0.7776063725007273,0.8652,0.00026948208366774643,0.26614053322958975,0.0,-0.009753298909925379,32.0,18.1875,91.72161970952502,0.8001198257140081
582,582.0,0.7788553758604608,0.867,0.0002707986324330955,0.26742965056181073,0.0,-0.008018327605956443,32.0,18.21875,96.2819318320829,0.8095869808126935
583,583.0,0.7800955839079143,0.8688,0.0002721300477324577,0.26873332395148003,0.0,-0.0062893081761006275,32.0,18.25,93.930628871097,0.8048204983435961
584,584.0,0.7813270497297012,0.8706,0.0002734765255724857,0.2700517446178546,0.0,-0.004566210045662045,32.0,18.28125,95.356474585785,0.8077389772118702
585,585.0,0.7825498264802987,0.8724,0.0002748382636543397,0.27138510543153305,0.0,-0.002849002849002691,32.0,18.3125,95.89602735235955,0.808820721363467
586,586.0,0.7837639673695003,0.8742,0.0002762154613910797,0.2727336009318961,0.0,-0.0011376564277587597,32.0,18.34375,91.74406825938495,0.8001687337267396
587,587.0,0.7849695256502308,0.876,0.00027760831992506283,0.27409742734455855,0.0,0.0005678591709256109,32.0,18.375,90.22504676245103,0.7968043908959976
588,588.0,0.7861665546066842,0.8778,0.00027901704214531003,0.2754767825988299,0.0,0.0022675736961452753,32.0,18.40625,90.85415594846586,0.7982113955939194
589,589.0,0.7873551075428167,0.8796,0.0002804418327048492,0.27687186634515937,0.0,0.003961516694963252,32.0,18.4375,96.16896439139295,0.8093633070777442
590,590.0,0.788535237771145,0.8814,0.0002818828980379747,0.2782828799725535,0.0,0.005649717514124353,32.0,18.46875,93.91880571168372,0.8047959277760213
591,591.0,0.7897069986018855,0.8831,0.00028334046983220584,0.27971005200393106,0.0,0.007332205301748496,32.0,18.5,91.35927862510232,0.7993270786586971
592,592.0,0.7908704433323998,0.8849,0.0002848147456643225,0.2811535709299318,0.0,0.009009009009009028,32.0,18.53125,104.7141195044781,0.82492014047304
593,593.0,0.7920256252369433,0.8866,0.00028630594092639766,0.2826136536565989,1.0,0.010680157391793288,32.0,18.5625,87.39887349039047,0.7902337570134804
594,594.0,0.7736913104836908,0.856,0.0002662812755791058,0.26293341959414446,0.0,-0.01851851851851838,33.0,18.03030303030303,97.74642064744208,0.8124398498492426
595,595.0,0.7749490768160517,0.8578,0.0002675044494698467,0.26413034108628763,0.0,-0.01680672268907557,33.0,18.060606060606062,91.92697116276447,0.8005663288865178
596,596.0,0.7761982152250975,0.8596,0.000268741094401307,0.2653404473409264,0.0,-0.015100671140939603,33.0,18.09090909090909,96.3546405003631,0.8097306654030405
597,597.0,0.7774387747893704,0.8613,0.00026999138708500687,0.26656390566948607,0.0,-0.01340033500837512,33.0,18.12121212121212,84.62654815814525,0.7833619149977257
598,598.0,0.7786708046974169,0.8631,0.000271255506573305,0.2678008961526236,0.0,-0.011705685618728978,33.0,18.151515151515152,87.98122406814002,0.7916222065842768
599,599.0,0.77989435423566,0.8649,0.00027253362088906975,0.26905158778892074,0.0,-0.01001669449081799,33.0,18.181818181818183,90.88418429447515,0.7982780670184458
600,600.0,0.7811094727765916,0.8667,0.00027382590562056996,0.270316146373319,0.0,-0.008333333333333304,33.0,18.21212121212121,95.67203334528153,0.8083731191625445
601,601.0,0.7823162097672604,0.8684,0.00027513255560729523,0.271594755261257,0.0,-0.006655574043261225,33.0,18.242424242424242,94.23299191695143,0.8054467659321408
602,602.0,0.7835146147180769,0.8702,0.00027645375103646155,0.272887604207459,0.0,-0.004983388704318914,33.0,18.272727272727273,96.24105952320578,0.8095061149143649
603,603.0,0.7847047371918996,0.8719,0.0002777896691657944,0.2741948542792686,0.0,-0.0033167495854062867,33.0,18.303030303030305,98.48384733181007,0.8138442614699547
604,604.0,0.7858866267934179,0.8737,0.0002791405162647736,0.2755167161926787,0.0,-0.0016556291390728006,33.0,18.333333333333332,93.3086942881041,0.8035195597451347
605,605.0,0.7870603331588215,0.8754,0.0002805064698354367,0.27685335553740414,0.0,1.1102230246251565e-16,33.0,18.363636363636363,88.74095133079051,0.793406166393303
606,606.0,0.7882259059457402,0.8772,0.0002818877219560519,0.27820496510124315,0.0,0.0016501650165017256,33.0,18.393939393939394,96.52797124061122,0.8100723231027553
607,607.0,0.7893833948234724,0.8789,0.0002832844915590268,0.2795717547573513,1.0,0.0032948929159802853,33.0,18.424242424242426,86.99744119990426,0.789265832644357
608,608.0,0.7710547883152907,0.8489,0.00026470316379457456,0.26131831734506233,0.0,-0.025219298245614086,34.0,17.91176470588235,91.37119542035141,0.7993532507811549
609,609.0,0.7723119785003107,0.8507,0.0002658546799620768,0.2624443805909797,0.0,-0.023535851122058027,34.0,17.941176470588236,91.90347544957993,0.8005153423888592
610,610.0,0.7735607607763956,0.8525,0.00026701857983434693,0.2635825593750354,0.0,-0.021857923497267784,34.0,17.970588235294116,95.89586029850761,0.8088203883226579
611,611.0,0.7748011804849355,0.8542,0.0002681950431794593,0.26473301384425146,0.0,-0.02018548827059452,34.0,18.0,98.88792605891916,0.8146049364771791
612,612.0,0.7760332831019,0.856,0.00026938420640062436,0.26589590784170863,0.0,-0.01851851851851838,34.0,18.029411764705884,93.9104613579631,0.8047785830435731
613,613.0,0.7772571142264981,0.8577,0.0002705862471872378,0.2670713856965876,0.0,-0.016856987493202746,34.0,18.058823529411764,91.30381842509412,0.7992051849575815
614,614.0,0.7784727195701249,0.8595,0.0002718013078616948,0.2682596132678411,1.0,-0.015200868621063846,34.0,18.08823529411765,81.10029143531446,0.773942448185208
615,615.0,0.7594142916516214,0.8299,0.00025611687798042255,0.25285811988762447,0.0,-0.043360433604335835,35.0,17.6,85.5679365746977,0.7857452912011148
616,616.0,0.7607289042616164,0.8316,0.0002571268345994862,0.2538450248144263,0.0,-0.04166666666666652,35.0,17.62857142857143,90.52276036080993,0.7974726658769633
617,617.0,0.7620350408849597,0.8334,0.00025814727697240884,0.25484216611076865,0.0,-0.03997839005942727,35.0,17.65714285714286,93.59948380638669,0.8041299739295958
618,618.0,0.7633327419152659,0.8352,0.0002591783162913116,0.25584968892913795,0.0,-0.038295577130528446,35.0,17.685714285714287,88.78896022446149,0.7935178733145872
619,619.0,0.7646220479817873,0.837,0.0002602200806979319,0.2568677071716435,0.0,-0.03661820140010774,35.0,17.714285714285715,93.47162008024058,0.80386203515468
620,620.0,0.7659029999370897,0.8387,0.00026127273211326227,0.2578963500762102,0.0,-0.034946236559139754,35.0,17.742857142857144,91.46263244195208,0.7995538413464229
621,621.0,0.7671756388450067,0.8405,0.00026233637490374504,0.25893576707702826,0.0,-0.03327965646806219,35.0,17.771428571428572,99.69868648177919,0.8161125890391353
622,622.0,0.7684400059688268,0.8422,0.0002634111737702899,0.2599860727731495,0.0,-0.031618435155412516,35.0,17.8,86.57961643082362,0.7882488501438267
623,623.0,0.7696961427597758,0.8439,0.0002644972409527052,0.2610474169491746,0.0,-0.029962546816479252,35.0,17.82857142857143,92.30207256900574,0.8013767966084706
624,624.0,0.7709440908457286,0.8457,0.000265594747286021,0.262119935380408,0.0,-0.02831196581196571,35.0,17.857142857142858,103.3803025079225,0.8226612527862514
625,625.0,0.7721838920201799,0.8474,0.0002667038155302898,0.2632037576653384,0.0,-0.026666666666666616,35.0,17.885714285714286,90.17454076057518,0.7966905827442953
626,626.0,0.7734155882314631,0.8491,0.0002678245899609267,0.2642990303154759,0.0,-0.025026624068157588,35.0,17.914285714285715,83.43440781669668,0.7802665133836485
627,627.0,0.7746392215722084,0.8508,0.0002689572200647099,0.26540590864475605,0.0,-0.023391812865497075,35.0,17.942857142857143,85.35199396064628,0.7852032215933188
628,628.0,0.7758548342690414,0.8526,0.0002701018647298432,0.26652452350397454,0.0,-0.02176220806794049,35.0,17.97142857142857,96.82203107359466,0.8106491556720379
629,629.0,0.7770624686725185,0.8543,0.0002712586647298201,0.2676550226312605,0.0,-0.020137784843667017,35.0,18.0,89.87630196494645,0.7960159359862882
630,630.0,0.7782621672472863,0.856,0.0002724277707504703,0.26879755484532497,0.0,-0.01851851851851838,35.0,18.02857142857143,89.76910794804162,0.7957723569677815
631,631.0,0.7794539725624722,0.8577,0.0002736093366181946,0.26995227005613187,0.0,-0.016904384574748965,35.0,18.057142857142857,88.66137600283521,0.7932207443662157
632,632.0,0.7806379272823027,0.8594,0.00027480351728951483,0.2711193192755934,0.0,-0.015295358649788815,35.0,18.085714285714285,92.19095351756764,0.8011373932710243
633,633.0,0.7818140741569304,0.861,0.0002760104797075976,0.27229885462826386,0.0,-0.013691416535018375,35.0,18.114285714285714,96.92486503430048,0.8108500504298314
634,634.0,0.7829824560134843,0.8627,0.0002772303780137777,0.27349104708692384,0.0,-0.012092534174553027,35.0,18.142857142857142,91.18073139529008,0.7989341272789973
635,635.0,0.7841431157473231,0.8644,0.00027846336800186976,0.27469603936335424,0.0,-0.010498687664041828,35.0,18.17142857142857,91.87043374620696,0.8004435966419908
636,636.0,0.7852960963135134,0.8661,0.00027970960934559395,0.27591398594705163,0.0,-0.008909853249475796,35.0,18.2,86.87901313488501,0.7889785729394773
637,637.0,0.7864414407184903,0.8677,0.0002809692862584722,0.27714505857160066,0.0,-0.0073260073260073,35.0,18.228571428571428,88.64622752136837,0.7931854084945235
638,638.0,0.7875791920119355,0.8694,0.00028224255300537347,0.27838942367543196,0.0,-0.005747126436781658,35.0,18.257142857142856,91.60016644330165,0.7998548032695854
639,639.0,0.7887093932788374,0.871,0.0002835295751105641,0.2796472287090746,0.0,-0.004173187271778733,35.0,18.285714285714285,91.94825319070479,0.8006124891213628
640,640.0,0.7898320876317668,0.8727,0.00028483054174769463,0.280918669432074,1.0,-0.0026041666666665186,35.0,18.314285714285713,84.63252591563875,0.7833772165608303
641,641.0,0.7720417366507567,0.8443,0.00026761277035063064,0.26402164126237504,0.0,-0.029641185647425905,36.0,17.833333333333332,88.95304325083809,0.7938987508090612
642,642.0,0.7732568894662398,0.846,0.00026869300679900594,0.2650765951189617,0.0,-0.028037383177569986,36.0,17.86111111111111,97.44827171034687,0.811865998118192
643,643.0,0.7744642653427105,0.8476,0.00026978445959986903,0.2661425097923691,0.0,-0.026438569206842732,36.0,17.88888888888889,96.5641451573754,0.8101434719537507
644,644.0,0.7756639034735369,0.8493,0.00027088728194558085,0.26721952319945086,0.0,-0.024844720496894457,36.0,17.916666666666668,88.67904454770725,0.7932619433729867
645,645.0,0.7768558431765112,0.851,0.00027200159502288585,0.2683077844115263,0.0,-0.02325581395348819,36.0,17.944444444444443,100.1189622945503,0.8168845050611231
646,646.0,0.7780401238851088,0.8527,0.00027312753623861153,0.26940741026206927,0.0,-0.021671826625386803,36.0,17.97222222222222,89.49577379514957,0.7951486136619453
647,647.0,0.7792167851399311,0.8543,0.00027426527724894715,0.2705185516119522,0.0,-0.020092735703245657,36.0,18.0,101.14433031665271,0.8187408698447344
648,648.0,0.7803858665803287,0.856,0.00027541493318563627,0.27164135387057187,0.0,-0.01851851851851838,36.0,18.02777777777778,93.48553568388152,0.8038912308816741
649,649.0,0.781547407936227,0.8576,0.0002765766718153207,0.27277594921333753,0.0,-0.016949152542372836,36.0,18.055555555555557,92.54194412022217,0.8018916340301181
650,650.0,0.7827014490201134,0.8593,0.0002777506236021559,0.2739224940127499,0.0,-0.01538461538461533,36.0,18.083333333333332,91.39506411005507,0.7994056515868635
651,651.0,0.7838480297192078,0.8609,0.0002789369639140172,0.2750811316148734,0.0,-0.01382488479262678,36.0,18.11111111111111,90.12599138734521,0.7965810633412066
652,652.0,0.7849871899878188,0.8625,0.00028013581870125234,0.27625199912072623,0.0,-0.012269938650306678,36.0,18.13888888888889,90.2272222307311,0.7968092901447091
653,653.0,0.7861189698398592,0.8642,0.00028134735609511394,0.2774352701356529,0.0,-0.010719754977029039,36.0,18.166666666666668,92.94959026237545,0.8027604717612792
654,654.0,0.7872434093415288,0.8658,0.0002825717403552468,0.2786310833784527,0.0,-0.00917431192660545,36.0,18.194444444444443,90.70122897525506,0.7978711695479341
655,655.0,0.7883605486041781,0.8674,0.0002838091151585655,0.27983959004497566,0.0,-0.007633587786259444,36.0,18.22222222222222,98.39767048129274,0.8136812259511891
656,656.0,0.7894704277773194,0.869,0.00028505964319403644,0.2810609485196671,0.0,-0.0060975609756097615,36.0,18.25,88.69263401096897,0.7932936197264592
657,657.0,0.7905730870418038,0.8706,0.00028632348847085144,0.2822953184709001,0.0,-0.004566210045662045,36.0,18.27777777777778,98.57868422707371,0.8140233512236487
658,658.0,0.7916685666031584,0.8722,0.0002876008163334276,0.28354286086592256,0.0,-0.003039513677811412,36.0,18.305555555555557,94.62513514433792,0.8062530288028831
659,659.0,0.7927569066850737,0.8738,0.00028889179347645874,0.2848037379858815,0.0,-0.0015174506828528056,36.0,18.333333333333332,89.6726997975632,0.7955527894808456
660,660.0,0.7938381475230474,0.8754,0.0002901965879600064,0.2860781134408985,0.0,1.1102230246251565e-16,36.0,18.36111111111111,89.1510810961648,0.7943565786537387
661,661.0,0.7949123293581709,0.877,0.00029151536922462375,0.2873661521851933,0.0,0.001512859304084846,36.0,18.38888888888889,89.77773196204875,0.795791974995723
662,662.0,0.7959794924310721,0.8786,0.0002928483081065111,0.28866802053225094,0.0,0.0030211480362538623,36.0,18.416666666666668,91.6162403791016,0.7998899184525442
663,663.0,0.7970396769759879,0.8802,0.0002941955768526809,0.2899838861700261,0.0,0.004524886877828038,36.0,18.444444444444443,100.30088581654017,0.8172166358842858
664,664.0,0.7980929232149997,0.8817,0.0002955573499426615,0.29131392116736726,1.0,0.006024096385542244,36.0,18.47222222222222,90.57254152254265,0.7975839804741447
665,665.0,0.7812714753179884,0.8544,0.0002772176557131077,0.27332643527882644,0.0,-0.020050125313283207,37.0,18.0,87.70652105556162,0.7909695526320185
666,666.0,0.7824115902060483,0.856,0.0002783484610181723,0.2744300991639991,0.0,-0.01851851851851838,37.0,18.027027027027028,87.53957961503617,0.7905709233017116
667,667.0,0.783544495078732,0.8576,0.00027949097231462624,0.2755451974515011,0.0,-0.0169915042478761,37.0,18.054054054054053,92.98761925563238,0.8028411364857816
668,668.0,0.7846702270868186,0.8592,0.0002806453326820817,0.27667186942641014,0.0,-0.015469061876247414,37.0,18.08108108108108,98.66212176651982,0.8141806297586173
669,669.0,0.785788823447865,0.8608,0.0002818116862398573,0.27781025538631904,0.0,-0.01395117090184339,37.0,18.10810810810811,93.30361414273834,0.8035088618830294
670,670.0,0.7869003214396209,0.8624,0.00028299017815761263,0.2789604966520659,0.0,-0.01243781094527363,37.0,18.135135135135137,96.51544766936,0.8100476786250925
671,671.0,0.7880047583935996,0.8639,0.00028418096458732346,0.2801227355784643,0.0,-0.010928961748633892,37.0,18.16216216216216,89.0792837515957,0.7941908313446119
672,672.0,0.7891021716887717,0.8655,0.00028538419260111736,0.2812971343349344,0.0,-0.00942460317460303,37.0,18.18918918918919,92.21471929002365,0.8011886445625526
673,673.0,0.7901925987453957,0.8671,0.000286600005874511,0.28248382445367215,0.0,-0.007924715205547272,37.0,18.216216216216218,98.12353962876821,0.8131607012680747
674,674.0,0.7912760770189842,0.8687,0.0002878285539699413,0.28368295047264036,0.0,-0.006429277942630929,37.0,18.243243243243242,93.7031186128462,0.8043466044168573
675,675.0,0.7923526439944075,0.8702,0.0002890700046177127,0.28489466910536093,0.0,-0.004938271604938205,37.0,18.27027027027027,100.92881630151771,0.8183538259423969
676,676.0,0.7934223371801018,0.8718,0.0002903245147955348,0.2861191468119653,0.0,-0.0034516765285996787,37.0,18.2972972972973,98.45194944397458,0.8137839480388739
677,677.0,0.7944851941024297,0.8734,0.0002915922204819531,0.2873565088445728,1.0,-0.001969473165928104,37.0,18.324324324324323,87.02219212033576,0.7893257698222347
678,678.0,0.7775651462164267,0.8465,0.00027472163334906364,0.27081761671531185,0.0,-0.027531956735496577,38.0,17.86842105263158,86.73999150704486,0.7886403605210829
679,679.0,0.7787128446777759,0.8481,0.00027577933465350877,0.27184920946366903,0.0,-0.026018654884634174,38.0,17.894736842105264,90.00626544988098,0.7963104763685362
680,680.0,0.7798534696632782,0.8497,0.00027684773369571376,0.2728912477428818,0.0,-0.02450980392156854,38.0,17.92105263157895,92.82638293779813,0.8024986781439251
681,681.0,0.7809870554489092,0.8513,0.0002779269573438117,0.27394385505940605,0.0,-0.023005384238864446,38.0,17.94736842105263,95.44395859589919,0.8079152038218055
682,682.0,0.7821136364020571,0.8528,0.0002790171533984675,0.2750071569320243,0.0,-0.021505376344086002,38.0,17.973684210526315,99.03542565456945,0.8148810568323392
683,683.0,0.7832332469752459,0.8544,0.0002801184385881618,0.27608130424287386,0.0,-0.02000976085895556,38.0,18.0,89.0483256879689,0.7941192808321347
684,684.0,0.7843459216999836,0.856,0.0002812309388358462,0.2771664006420538,0.0,-0.01851851851851838,38.0,18.026315789473685,93.1716188375592,0.8032304948431053
685,685.0,0.7854516951807325,0.8575,0.00028235480522895867,0.27826257773659263,0.0,-0.017031630170316392,38.0,18.05263157894737,86.68816907898795,0.7885140091420262
686,686.0,0.7865506020889849,0.8591,0.00028349016998681934,0.2793699955346371,0.0,-0.01554907677356665,38.0,18.07894736842105,87.47609709882599,0.7904189379571739
687,687.0,0.7876426771574689,0.8606,0.00028463715896607085,0.28048875027965814,1.0,-0.014070839398350188,38.0,18.105263157894736,85.27134579414147,0.7850000705091145
688,688.0,0.7703655214654482,0.8342,0.0002696849425242647,0.26583739238597603,0.0,-0.03924418604651159,39.0,17.666666666666668,96.58843169878794,0.8101912101595559
689,689.0,0.7715410360989857,0.8358,0.00027064759026795306,0.2667755573816985,0.0,-0.037735849056603765,39.0,17.692307692307693,85.69890326570989,0.7860727193148466
690,690.0,0.772709525532077,0.8374,0.0002716196872737587,0.2677229462381853,0.0,-0.03623188405797095,39.0,17.71794871794872,93.14680891526167,0.8031780847155838
691,691.0,0.7738710208894182,0.8389,0.0002726013588740261,0.2686796665362256,0.0,-0.0347322720694645,39.0,17.743589743589745,95.08755001975501,0.8071952287179082
692,692.0,0.7750255534263395,0.8405,0.0002735927146422513,0.2696458416960101,0.0,-0.03323699421965309,39.0,17.76923076923077,94.43185719116738,0.8058564781139544
693,693.0,0.7761731545225495,0.8421,0.000274593857753683,0.2706215823493202,0.0,-0.03174603174603163,39.0,17.794871794871796,86.04719361317342,0.7869386256133915
694,694.0,0.7773138556759978,0.8436,0.00027560491690063456,0.2716069854010877,0.0,-0.030259365994236287,39.0,17.82051282051282,86.0464422854973,0.7869367652354021
695,695.0,0.7784476884968388,0.8452,0.0002766260145032985,0.27260219338238856,0.0,-0.028776978417266008,39.0,17.846153846153847,93.6579620394733,0.8042522714127975
696,696.0,0.7795746847015083,0.8467,0.00027765725013129605,0.27360729782553206,0.0,-0.027298850574712485,39.0,17.871794871794872,93.97592377412289,0.8049145717641609
697,697.0,0.7806948761068989,0.8483,0.00027869877622659154,0.2746224354792824,0.0,-0.025824964131994088,39.0,17.897435897435898,99.25868273975384,0.8152974346697561
698,698.0,0.7818082946246503,0.8498,0.0002797506826955435,0.2756477053255744,0.0,-0.024355300859598694,39.0,17.923076923076923,100.83889193310675,0.8181918406491905
699,699.0,0.7829149722555248,0.8514,0.0002808131172474839,0.2766832565468399,0.0,-0.022889842632331847,39.0,17.94871794871795,96.79875272119762,0.8106036202125714
700,700.0,0.7840149410838966,0.8529,0.00028188619547488857,0.27772918168275446,0.0,-0.021428571428571352,39.0,17.974358974358974,91.51430288844075,0.7996670164697388
701,701.0,0.7851082332723328,0.8544,0.0002829700339401731,0.27878561680016856,0.0,-0.0199714693295292,39.0,18.0,97.86352539637777,0.8126642867291197
702,702.0,0.7861948810562772,0.856,0.0002840647821127764,0.27985269765001136,1.0,-0.01851851851851838,39.0,18.025641025641026,80.70214906678986,0.7728271979701495
703,703.0,0.7690243941150635,0.8301,0.0002698943597360142,0.2659746314734737,0.0,-0.04314841156946425,40.0,17.6,94.19562161060882,0.805369580667765
704,704.0,0.7701918293590748,0.8316,0.0002708164541322587,0.2668726324195055,0.0,-0.04166666666666652,40.0,17.625,91.5924319922632,0.7998379021655201
705,705.0,0.7713524512900745,0.8332,0.0002717474511562422,0.26777928845338506,0.0,-0.04018912529550822,40.0,17.65,95.01748015404914,0.8070530464119863
706,706.0,0.772506288599353,0.8347,0.00027268740879469176,0.2686947184258941,0.0,-0.03871576959395662,40.0,17.675,81.47301867509643,0.7749766286868021
707,707.0,0.7736533701131554,0.8363,0.0002736364813520552,0.2696190117782953,0.0,-0.037246581801037015,40.0,17.7,89.34777598541622,0.7948092928879865
708,708.0,0.7747937247870523,0.8378,0.0002745947361446002,0.2705522762979196,0.0,-0.03578154425612046,40.0,17.725,87.3572049539598,0.790133700557434
709,709.0,0.7759273817003972,0.8394,0.00027556230330725223,0.271494631337556,0.0,-0.03432063939821339,40.0,17.75,88.95398148076755,0.7939009246337431
710,710.0,0.777054370050876,0.8409,0.0002765392941913621,0.27244616403739774,0.0,-0.032863849765258246,40.0,17.775,90.52088417110681,0.7974684681749373
711,711.0,0.7781747191491412,0.8424,0.0002775258063486863,0.27340698637905636,0.0,-0.03141115799343641,40.0,17.8,92.91003837564674,0.8026765067170739
712,712.0,0.7792884584135374,0.8439,0.00027852195558993764,0.2743772307093027,0.0,-0.029962546816479252,40.0,17.825,92.88561683459488,0.8026246263080727
713,713.0,0.7803956173649136,0.8455,0.0002795278712294982,0.2753569866047362,0.0,-0.028517999064983535,40.0,17.85,100.13777122539436,0.8169188997419576
714,714.0,0.7814962256215147,0.847,0.0002805436586791089,0.2763463680637978,0.0,-0.027077497665732864,40.0,17.875,95.9679255397096,0.8089639509218383
715,715.0,0.7825903128939569,0.8485,0.0002815694309777483,0.27734548982463136,0.0,-0.02564102564102555,40.0,17.9,94.52842116926006,0.8060548022852708
716,716.0,0.7836779089802902,0.85,0.00028260530690635743,0.2783544673731101,0.0,-0.024208566108007368,40.0,17.925,91.18613747891432,0.7989460477194498
717,717.0,0.7847590437611367,0.8515,0.00028365140602282945,0.2793734169509141,0.0,-0.022780102278010084,40.0,17.95,89.19490646398609,0.7944576202819864
718,718.0,0.7858337471949132,0.853,0.00028470784867001874,0.2804024555636299,0.0,-0.02135561745589598,40.0,17.975,88.31418403227033,0.7924078274149681
719,719.0,0.7869020493131212,0.8545,0.0002857747559837812,0.2814417009888845,0.0,-0.019935095039406603,40.0,18.0,97.52363721862336,0.8120113866114875
720,720.0,0.787963980215732,0.856,0.00028685224990103615,0.28249127178450195,0.0,-0.01851851851851838,40.0,18.025,93.96588006340554,0.8048937197101489
721,721.0,0.7890195700666318,0.8575,0.00028794045316782866,0.283551287296688,0.0,-0.01710587147480358,40.0,18.05,92.67912239652787,0.802184862574614
722,722.0,0.7900688490891515,0.8589,0.0002890395098256564,0.2846218719541676,0.0,-0.01569713758079394,40.0,18.075,95.93634674406904,0.8089010687238126
723,723.0,0.7911118475616677,0.8604,0.0002901495296418651,0.28570316430856885,1.0,-0.01429230059935449,40.0,18.1,80.38170814748187,0.771921575743378
724,724.0,0.7745536401769584,0.8353,0.0002756399873143954,0.27150070046271063,0.0,-0.0382136279926335,41.0,17.682926829268293,91.88371532794139,0.8004724420654956
725,725.0,0.7756737347369125,0.8368,0.00027657578387048766,0.2724114588034743,0.0,-0.0367816091954023,41.0,17.70731707317073,88.80257090827733,0.7935495206296502
726,726.0,0.7767873822775169,0.8383,0.00027752053539774406,0.27333094989959017,0.0,-0.03535353535353525,41.0,17.73170731707317,91.30657469808617,0.7992112463537896
727,727.0,0.7778946099633064,0.8398,0.0002784743468360613,0.27425927578343273,0.0,-0.03392939018798713,41.0,17.75609756097561,94.26463370726017,0.8055120715764122
728,728.0,0.7789954450674128,0.8413,0.00027943732372806205,0.2751965390748647,0.0,-0.032509157509157394,41.0,17.78048780487805,91.67699812082728,0.8000225388142552
729,729.0,0.7800899149669401,0.8428,0.00028040957222457585,0.27614284298687697,0.0,-0.031092821216277988,41.0,17.804878048780488,88.50966240465615,0.7928663059461756
730,730.0,0.7811780471384158,0.8442,0.0002813912079691348,0.2770982913312273,0.0,-0.029680365296803624,41.0,17.829268292682926,91.08697433911539,0.7987271674533988
731,731.0,0.7822598691532968,0.8457,0.00028238234194785785,0.27806299285297514,0.0,-0.028271773825809365,41.0,17.853658536585368,92.14226187847228,0.8010323063534796
732,732.0,0.7833354086735463,0.8472,0.00028338307423003315,0.2790370695772769,0.0,-0.02686703096539156,41.0,17.878048780487806,88.27949393491738,0.7923262524947268
733,733.0,0.7844046934472801,0.8487,0.00028439351352043795,0.28002061022548586,0.0,-0.025466120964074523,41.0,17.902439024390244,90.63121571075679,0.797715023575951
734,734.0,0.7854677513044719,0.8501,0.0002854137838979832,0.28101372112411943,0.0,-0.024069028156221473,41.0,17.926829268292682,88.66845046876524,0.7932372423741462
735,735.0,0.786524610152723,0.8516,0.00028644400512865364,0.28201653997413817,0.0,-0.0226757369614512,41.0,17.951219512195124,86.45972035462064,0.7879552089905233
736,736.0,0.7875752979730951,0.8531,0.00028748426813336535,0.2830291559007466,1.0,-0.02128623188405787,41.0,17.975609756097562,84.65627681482657,0.783437991568719
737,737.0,0.7709476428420369,0.8284,0.0002740580066874578,0.2698939842290941,0.0,-0.04477611940298498,42.0,17.571428571428573,93.23650553357437,0.8033674339421535
738,738.0,0.7720733917106679,0.8299,0.0002749387119272986,0.27075046406701314,0.0,-0.043360433604335835,42.0,17.595238095238095,89.81775466067441,0.7958829698805602
739,739.0,0.7731928310094164,0.8314,0.00027582764690390265,0.27161496614131597,0.0,-0.04194857916102834,42.0,17.61904761904762,95.9171639064815,0.8088628501233815
740,740.0,0.7743059855476412,0.8328,0.00027672492313791393,0.2724875816837827,0.0,-0.04054054054054057,42.0,17.642857142857142,94.46427107690349,0.8059230953213185
741,741.0,0.7754128802564112,0.8343,0.0002776306253768007,0.2733684117562878,0.0,-0.03913630229419707,42.0,17.666666666666668,88.4563877548631,0.7927415554867555
742,742.0,0.7765135401842215,0.8358,0.0002785448446604581,0.2742575595616969,0.0,-0.037735849056603765,42.0,17.69047619047619,91.6671692079629,0.8000010964477262
743,743.0,0.7776079904927672,0.8372,0.000279467680057428,0.27515510160278384,0.0,-0.036339165545087315,42.0,17.714285714285715,100.9614930663312,0.8184126167657958
744,744.0,0.7786962564527821,0.8387,0.0002803992585688174,0.2760611419832818,0.0,-0.034946236559139754,42.0,17.738095238095237,88.44027057741248,0.7927037851237009
745,745.0,0.7797783634399086,0.8402,0.00028133964606241117,0.2769757947177368,0.0,-0.03355704697986561,42.0,17.761904761904763,94.88242631097492,0.806778409383775
746,746.0,0.7808543369306515,0.8416,0.00028228896661988033,0.2778991270147145,0.0,-0.03217158176943702,42.0,17.785714285714285,87.9565113323254,0.7915636596355596
747,747.0,0.7819242024983689,0.8431,0.00028324731521407775,0.2788312823880676,0.0,-0.0307898259705488,42.0,17.80952380952381,93.73355845096064,0.8044101425752983
748,748.0,0.7829879858093035,0.8445,0.0002842147979563246,0.2797723146072145,0.0,-0.02941176470588225,42.0,17.833333333333332,90.12202513581481,0.7965721109162293
749,749.0,0.7840457126187003,0.846,0.000285191517558393,0.28072237477812734,0.0,-0.028037383177569986,42.0,17.857142857142858,103.84925570973175,0.8234620632758631
750,750.0,0.7850974087669418,0.8474,0.0002861775915969671,0.28168152561537335,0.0,-0.026666666666666616,42.0,17.88095238095238,88.73133513320921,0.7933837769282954
751,751.0,0.7861431001757536,0.8488,0.00028717310402753983,0.28264989175457644,0.0,-0.025299600532623145,42.0,17.904761904761905,99.89892915812887,0.8164811826529821
752,752.0,0.7871828128444538,0.8503,0.0002881781966325811,0.28362758317589176,0.0,-0.02393617021276584,42.0,17.928571428571427,90.44305872833402,0.7972941916040057
753,753.0,0.7882165728462487,0.8517,0.00028919295810802187,0.2846146902618005,0.0,-0.02257636122177953,42.0,17.952380952380953,90.76813306860807,0.7980201562647996
754,754.0,0.7892444063245844,0.8531,0.00029021749598668505,0.28561132434837827,0.0,-0.021220159151193574,42.0,17.976190476190474,95.21931615176457,0.8074620352858564
755,755.0,0.7902663394895452,0.8545,0.0002912519257225619,0.286617616886935,0.0,-0.01986754966887405,42.0,18.0,106.50053436115527,0.8278568887629902
756,756.0,0.7912823986142952,0.856,0.00029229638294994833,0.28763365959853154,0.0,-0.01851851851851838,42.0,18.023809523809526,97.75478911671972,0.8124559062631372
757,757.0,0.7922926100315701,0.8574,0.00029335096138335937,0.2886595640345884,0.0,-0.01717305151915438,42.0,18.047619047619047,93.09088860697547,0.803059852498179
758,758.0,0.7932970001302216,0.8588,0.0002944157787183114,0.28969544456005725,1.0,-0.01583113456464358,42.0,18.071428571428573,86.86283376613656,0.7889392673661474
759,759.0,0.7773154495782415,0.8348,0.0002805022614069815,0.27609092074288116,0.0,-0.03864734299516903,43.0,17.674418604651162,93.3149781048218,0.8035327907086975
760,760.0,0.7783914648456876,0.8363,0.00028140404722259093,0.2769673856168846,0.0,-0.037280701754385914,43.0,17.697674418604652,98.285460976601,0.8134685115055015
761,761.0,0.779461518963392,0.8377,0.000282314253590723,0.2778520251599231,0.0,-0.035917652212001716,43.0,17.72093023255814,97.04370970294174,0.8110816930901232
762,762.0,0.7805256355402104,0.8391,0.0002832329502519199,0.2787449366486054,0.0,-0.03455818022747148,43.0,17.74418604651163,99.99735411188041,0.8166618157434308
763,763.0,0.7815838382831908,0.8405,0.00028416023800223667,0.2796462387675507,0.0,-0.03320227173438184,43.0,17.767441860465116,95.67539899092579,0.8083798601658078
764,764.0,0.7826361509940238,0.842,0.00028509623193426165,0.28055600915126144,0.0,-0.03184991273996496,43.0,17.790697674418606,85.80093668562616,0.7863271190091258
765,765.0,0.7836825975655695,0.8434,0.0002860410256182739,0.28147434314265535,0.0,-0.030501089324618702,43.0,17.813953488372093,99.24095638815814,0.8152644432241591
766,766.0,0.7847232019783931,0.8448,0.0002869947125443944,0.2824013403454674,0.0,-0.029155787641427233,43.0,17.837209302325583,92.48316647334025,0.8017657263214684
767,767.0,0.78575798829736,0.8462,0.0002879573959312848,0.28333710097333326,0.0,-0.02781399391568873,43.0,17.86046511627907,93.17523935789596,0.8032381407370143
768,768.0,0.786786980668267,0.8476,0.00028892917963245843,0.2842817258565597,0.0,-0.02647569444444442,43.0,17.88372093023256,90.29733492224598,0.7969670605547776
769,769.0,0.7878102033145058,0.849,0.0002899101681430465,0.28523531644893296,0.0,-0.02514087559601208,43.0,17.906976744186046,95.79109294929539,0.8086112939223105
770,770.0,0.7888276805337687,0.8504,0.0002909004666065892,0.28619797483457393,0.0,-0.023809523809523725,43.0,17.930232558139537,98.27736186272118,0.8134531393003582
771,771.0,0.7898394366947993,0.8518,0.0002919001808218589,0.28716980373481577,0.0,-0.02248162559446598,43.0,17.953488372093023,91.0126782583108,0.7985628630628807
772,772.0,0.7908454962341683,0.8532,0.0002929094172496905,0.28815090651511793,0.0,-0.021157167530224452,43.0,17.976744186046513,94.8931050935864,0.806800153549065
773,773.0,0.7918458836530936,0.8546,0.0002939282830198508,0.2891413871920033,0.0,-0.019836136265631632,43.0,18.0,93.5080968465096,0.8039385470177317
774,774.0,0.7928406235142991,0.856,0.0002949568859378915,0.29014135044001654,0.0,-0.01851851851851838,43.0,18.023255813953487,100.8696917613313,0.8182473544510079
775,775.0,0.793829740438913,0.8573,0.00029599533724234593,0.2911509015987191,0.0,-0.017204301075268713,43.0,18.046511627906977,91.63186804515291,0.7999240469014631
776,776.0,0.7948132591033862,0.8587,0.00029704376789510144,0.29217015828873855,0.0,-0.01589347079037795,43.0,18.069767441860463,95.28895586994136,0.80760274718136
777,777.0,0.7957912042364713,0.8601,0.0002981022678029467,0.29319923534396064,0.0,-0.014586014586014606,43.0,18.093023255813954,98.25921879310752,0.8134186943625554
778,778.0,0.7967636006162184,0.8615,0.0002991709476096875,0.2942382248034619,0.0,-0.013281919451585189,43.0,18.11627906976744,98.34659719147167,0.8135844670086547
779,779.0,0.7977304730670165,0.8628,0.0003002499373004421,0.29528723872299956,0.0,-0.011981172443303212,43.0,18.13953488372093,96.31665998751676,0.809655636566826
780,780.0,0.7986918464566654,0.8642,0.0003013393568941094,0.29634642218593205,0.0,-0.010683760683760646,43.0,18.162790697674417,96.07684416879837,0.8091805211553024
781,781.0,0.7996477456934881,0.8656,0.00030243929744645456,0.2974158491608011,0.0,-0.009389671361502261,43.0,18.186046511627907,91.51815886531492,0.7996754571918994
782,782.0,0.800598195723476,0.8669,0.000303549918193706,0.2984956628730503,0.0,-0.008098891730605295,43.0,18.209302325581394,93.86682152408922,0.8046878222181155
783,783.0,0.8015432215274622,0.8683,0.00030467130135354743,0.29958596594125747,1.0,-0.00681140911025957,43.0,18.232558139534884,84.66265097086152,0.7834542962794403
784,784.0,0.786388228332833,0.845,0.0002897328126131764,0.2849872326110013,0.0,-0.028911564625850206,44.0,17.84090909090909,88.10144162199381,0.7919065455024681
785,785.0,0.7874011492849663,0.8464,0.0002906818184979094,0.2859090585037147,0.0,-0.027600849256900206,44.0,17.863636363636363,91.3760604399548,0.7993639335613449
786,786.0,0.7884084990264923,0.8478,0.00029163968427374265,0.28683953615788665,0.0,-0.026293469041560602,44.0,17.886363636363637,87.79095047898626,0.7911705792760312
787,787.0,0.7894103002023594,0.8492,0.0002926065065706017,0.28777873292349027,0.0,-0.02498941126641241,44.0,17.90909090909091,101.20634222879706,0.8188519323039342
788,788.0,0.7904065755292513,0.8505,0.0002935823993450677,0.2887267431710795,0.0,-0.02368866328257191,44.0,17.931818181818183,91.3840545931169,0.7993814849323373
789,789.0,0.7913973477927109,0.8519,0.00029456747090840616,0.2896836971376856,0.0,-0.022391212505280977,44.0,17.954545454545453,90.687596890019,0.7978407857078074
790,790.0,0.7923826398442881,0.8533,0.00029556179681522997,0.29064966702837525,1.0,-0.021097046413502074,44.0,17.977272727272727,85.61268069986785,0.7858572680651777
791,791.0,0.7767147719494575,0.8303,0.00028268242055529163,0.2780699821219926,0.0,-0.04298356510745882,45.0,17.6,95.25360997117417,0.8075313540465143
792,792.0,0.7777671803901762,0.8316,0.0002835291099222921,0.2788916798066362,0.0,-0.04166666666666652,45.0,17.622222222222224,93.51007387696767,0.8039426922338365
793,793.0,0.7788139998245664,0.833,0.0002843834571548753,0.2797208089608442,0.0,-0.04035308953341721,45.0,17.644444444444446,90.78693113894016,0.7980619776069308
794,794.0,0.7798552504891357,0.8344,0.0002852455277699991,0.2805574633984319,0.0,-0.03904282115869018,45.0,17.666666666666668,86.76632508501653,0.788704508167544
795,795.0,0.7808909527196788,0.8358,0.00028611540614001716,0.2814017310373462,0.0,-0.037735849056603765,45.0,17.68888888888889,90.14630071444257,0.7966268921959645
796,796.0,0.781921126948473,0.8371,0.0002869931785389031,0.28225367995326717,0.0,-0.03643216080402012,45.0,17.711111111111112,94.72202036817168,0.8064512004487009
797,797.0,0.7829457937015195,0.8385,0.000287878966545325,0.2831133990952565,0.0,-0.035131744040150625,45.0,17.733333333333334,92.06750771054453,0.8008707546317819
798,798.0,0.783964973595765,0.8399,0.00028877282231634974,0.2839810017801873,0.0,-0.03383458646616533,45.0,17.755555555555556,93.23628417190217,0.8033669670969331
799,799.0,0.7849786873363794,0.8412,0.0002896748475091359,0.2848565394735261,0.0,-0.03254067584480591,45.0,17.77777777777778,94.3722204808901,0.8057337928480157
800,800.0,0.7859869557140439,0.8426,0.0002905851496634891,0.2857401306983799,0.0,-0.03125,45.0,17.8,88.45476459725697,0.7927377522645981
801,801.0,0.7869897996022563,0.8439,0.00029150378954406986,0.2866318458493009,0.0,-0.029962546816479252,45.0,17.822222222222223,97.14896621190171,0.8112863775272235
802,802.0,0.787987239954671,0.8453,0.00029243090365040374,0.2875317890519264,0.0,-0.02867830423940143,45.0,17.844444444444445,100.96593965779421,0.8184206139667412
803,803.0,0.7889792978024448,0.8466,0.0002933665417120059,0.28844003834498605,0.0,-0.02739726027397249,45.0,17.866666666666667,93.31270737865509,0.8035280097603619
804,804.0,0.7899659942516203,0.848,0.0002943108374723809,0.289356707573754,0.0,-0.026119402985074647,45.0,17.88888888888889,93.23611958541292,0.8033666199874577
805,805.0,0.7909473504805178,0.8493,0.00029526386180215886,0.2902818595643713,0.0,-0.024844720496894457,45.0,17.91111111111111,96.10549375572866,0.8092374055126217
806,806.0,0.7919233877371562,0.8507,0.00029622571313389336,0.29121562556639874,0.0,-0.023573200992555776,45.0,17.933333333333334,91.72741184313345,0.8001324471610965
807,807.0,0.7928941273366947,0.852,0.00029719651651046066,0.29215807684487605,0.0,-0.022304832713754497,45.0,17.955555555555556,94.68512667397786,0.8063757849059112
808,808.0,0.7938595906588942,0.8533,0.00029817634033078443,0.2931093055928821,0.0,-0.021039603960395947,45.0,17.977777777777778,100.24928513867417,0.8171225529641138
809,809.0,0.7948197991455958,0.8546,0.0002991652884420295,0.2940694272445056,1.0,-0.01977750309023496,45.0,18.0,88.34641696901247,0.7924835668234994
810,810.0,0.7795144839369941,0.8322,0.0002863078617768735,0.2815179600398377,1.0,-0.04115226337448563,46.0,17.630434782608695,82.54294532404461,0.7778933952337067
811,811.0,0.7633224332139674,0.8098,0.00027594589213360575,0.27140958735488563,0.0,-0.062474311549527206,47.0,17.27659574468085,96.74714159209135,0.8105025840388033
812,812.0,0.7644165934242255,0.8112,0.000276664948164906,0.2721061215641385,0.0,-0.06116584564860417,47.0,17.29787234042553,86.94418138336384,0.789136742199044
813,813.0,0.765505308984945,0.8125,0.0002773900997683035,0.2728085702538208,0.0,-0.059860598605985915,47.0,17.319148936170212,94.539810384707,0.8060781668724504
814,814.0,0.7665885958337031,0.8139,0.0002781214201399609,0.27351699754593933,0.0,-0.058558558558558405,47.0,17.340425531914892,92.03796327128505,0.8008068335965323
815,815.0,0.7676664700339264,0.8153,0.00027885895793824397,0.27423150539714125,0.0,-0.05725971370143146,47.0,17.361702127659573,91.55003486193733,0.7997452064220287
816,816.0,0.768738947772581,0.8166,0.0002796028019026573,0.27495212625245047,0.0,-0.0559640522875815,47.0,17.382978723404257,99.8661832477418,0.8164210072207011
817,817.0,0.7698060453578383,0.818,0.00028035302242560245,0.2756789429775363,0.0,-0.05467156262749895,47.0,17.404255319148938,89.23771314507897,0.7945562174646076
818,818.0,0.7708677792167767,0.8193,0.0002811096732733243,0.27641203221183713,0.0,-0.053382233088834496,47.0,17.425531914893618,87.05019137203334,0.7893935321178019
819,819.0,0.771924165893085,0.8207,0.00028187286089155717,0.2771514478575189,0.0,-0.05209605209605206,47.0,17.4468085106383,91.83545129832063,0.8003675805568934
820,820.0,0.7729752220447809,0.822,0.0002826426191019735,0.27789728258753804,0.0,-0.05081300813008127,47.0,17.46808510638298,101.3699234250294,0.8191442519250575
821,821.0,0.7740209644419366,0.8234,0.00028341906055866684,0.2786495898382864,0.0,-0.04953308972797399,47.0,17.48936170212766,84.75518661123847,0.7836907206938726
822,822.0,0.775061409964418,0.8247,0.00028420222935098937,0.2794084495197191,0.0,-0.04825628548256278,47.0,17.51063829787234,87.80803833856727,0.7912112184690394
823,823.0,0.7760965755996315,0.8261,0.0002849922137975175,0.2801739437466655,0.0,-0.0469825840421223,47.0,17.53191489361702,89.70004170831989,0.7956151080403246
824,824.0,0.7771264784402842,0.8274,0.00028578909917834766,0.28094612414698733,0.0,-0.04571197411003225,47.0,17.5531914893617,98.46684585650354,0.8138121194615024
825,825.0,0.7781511356821488,0.8287,0.0002865929398504683,0.2817250895228067,0.0,-0.04444444444444429,47.0,17.574468085106382,88.05750202460511,0.7918027094589781
826,826.0,0.7791705646218516,0.8301,0.0002874038290209977,0.2825109086708018,0.0,-0.043179983857949855,47.0,17.595744680851062,89.36017661443816,0.7948377674717894
827,827.0,0.7801847826546513,0.8314,0.00028822185441051626,0.2833036467219124,0.0,-0.041918581217251116,47.0,17.617021276595743,91.59522965168523,0.7998440158614087
828,828.0,0.7811938072722429,0.8327,0.00028904707637684827,0.2841033831593282,0.0,-0.0406602254428341,47.0,17.638297872340427,93.02743102410268,0.8029255120612402
829,829.0,0.7821976560605641,0.834,0.0002898795773541379,0.2849102077468763,0.0,-0.03940490550864495,47.0,17.659574468085108,87.09059891354339,0.7894912474820249
830,830.0,0.7831963466976151,0.8353,0.00029071944021678885,0.2857241980569764,0.0,-0.03815261044176688,47.0,17.680851063829788,93.83568421249859,0.8046230121601075
831,831.0,0.7841898969512842,0.8367,0.00029156675286357594,0.28654542424835394,0.0,-0.03690332932210194,47.0,17.70212765957447,89.23021324830012,0.7945389496905344
832,832.0,0.7851783246771913,0.838,0.00029242160127647193,0.2873739674797269,0.0,-0.03565705128205132,47.0,17.72340425531915,102.53386440416024,0.8211972850153352
833,833.0,0.7861616478165245,0.8393,0.00029328405911703624,0.2882099093499882,0.0,-0.034413765506202454,47.0,17.74468085106383,86.47423058328255,0.7879907897454298
834,834.0,0.7871398843939046,0.8406,0.00029415421102082216,0.28905333190293797,0.0,-0.033173461231015056,47.0,17.76595744680851,89.68238747788463,0.7955748742989891
835,835.0,0.7881130525152575,0.8419,0.00029503214208613087,0.28990431763203445,0.0,-0.031936127744510934,47.0,17.78723404255319,89.93326039019853,0.7961451274668631
836,836.0,0.7890811703656772,0.8432,0.0002959179378787373,0.29076294948518444,0.0,-0.030701754385964897,47.0,17.80851063829787,95.41528941012156,0.8078574885987974
837,837.0,0.7900442562073255,0.8445,0.00029681168443662913,0.29162931086954896,0.0,-0.02947033054559922,47.0,17.829787234042552,95.58304849487054,0.8081947204862671
838,838.0,0.7910023283773168,0.8458,0.000297713468274764,0.2925034856563809,0.0,-0.028241845664279897,47.0,17.851063829787233,97.3426895857654,0.8116619397784315
839,839.0,0.7919554052856393,0.847,0.00029862338900190055,0.2933855581858743,0.0,-0.027016289233213975,47.0,17.872340425531913,101.56807376576468,0.8194970855151443
840,840.0,0.7929035054130585,0.8483,0.000299541528995473,0.29427561680453823,0.0,-0.025793650793650702,47.0,17.893617021276597,89.43369894375569,0.7950064287862783
841,841.0,0.7938466473090544,0.8496,0.00030046797288601086,0.29517376374931803,0.0,-0.02457391993658331,47.0,17.914893617021278,89.5098821287051,0.7951809018475516
842,842.0,0.7947848495897509,0.8509,0.00030140280919740335,0.29608006832247463,0.0,-0.023357086302454366,47.0,17.93617021276596,92.65125596952151,0.8021253663375675
843,843.0,0.7957181309358755,0.8522,0.00030234612695543894,0.2969946168389302,0.0,-0.022143139580862004,47.0,17.95744680851064,92.94256388580818,0.8027455606253968
844,844.0,0.7966465100907089,0.8534,0.0003032980398016252,0.29791749610799395,1.0,-0.02093206951026838,47.0,17.97872340425532,89.4834666631569,0.7951204393729447
845,845.0,0.7818202771737703,0.8319,0.00029093350575374693,0.28586042446317855,0.0,-0.041420118343195256,48.0,17.625,89.70831423034575,0.7956339555522303
846,846.0,0.7828090479368673,0.8332,0.00029174832813585533,0.28664954221064576,0.0,-0.04018912529550822,48.0,17.645833333333332,98.29480965598037,0.8134862522497605
847,847.0,0.7837928321698597,0.8345,0.0002925702646368899,0.28744557388513614,0.0,-0.03896103896103886,48.0,17.666666666666668,86.0846421831825,0.78703131164417
848,848.0,0.7847716464017385,0.8358,0.0002933993922693613,0.2882485941551626,0.0,-0.037735849056603765,48.0,17.6875,93.30042017802674,0.8035021353778316
849,849.0,0.7857455072476722,0.8371,0.0002942357884226981,0.2890586780570674,0.0,-0.036513545347467424,48.0,17.708333333333332,95.32899613336782,0.8076835582356862
850,850.0,0.786714431407096,0.8383,0.0002950795381947057,0.2898759009985417,0.0,-0.0352941176470587,48.0,17.729166666666668,103.63047902985151,0.8230893699907313
851,851.0,0.7876784356617994,0.8396,0.0002959307331808426,0.2907003387621507,0.0,-0.034077555816686145,48.0,17.75,95.76841682023452,0.8085659767379619
852,852.0,0.788637536874027,0.8409,0.00029678943529134593,0.2915320977453377,0.0,-0.032863849765258246,48.0,17.770833333333332,94.64847688457571,0.806300809724694
853,853.0,0.7895917519845814,0.8422,0.000297655723507676,0.2923712294764074,0.0,-0.03165298944900341,48.0,17.791666666666668,92.46604643434355,0.8017290233518192
854,854.0,0.7905410980109261,0.8434,0.00029852969238489834,0.29321780968391914,0.0,-0.030444964871194413,48.0,17.8125,94.97065500508853,0.8069579141856921
855,855.0,0.7914855920453091,0.8447,0.00029941143561788765,0.29407194099626516,1.0,-0.029239766081871288,48.0,17.833333333333332,87.90884244027785,0.7914506342659631
856,856.0,0.7764727681179023,0.8235,0.000288164416230628,0.283111301322061,0.0,-0.049454828660436156,49.0,17.489795918367346,89.38256211837232,0.7948891495294811
857,857.0,0.7774762407743435,0.8248,0.00028892244484472914,0.28384474290776884,0.0,-0.048230260598988606,49.0,17.510204081632654,90.37213705780947,0.7971351134298637
858,858.0,0.7784748000244851,0.826,0.0002896869253881232,0.28458443824154683,0.0,-0.047008547008547064,49.0,17.53061224489796,90.6430956397121,0.7977415355913636
859,859.0,0.7794684606994144,0.8273,0.0002904579219223276,0.2853304542241147,0.0,-0.045789677920062166,49.0,17.551020408163264,103.72999040824253,0.8232590858132718
860,860.0,0.7804572377250796,0.8286,0.0002912354978964008,0.2860828788117231,0.0,-0.04457364341085279,49.0,17.571428571428573,90.16459584042646,0.7966681582449533
861,861.0,0.7814411461205817,0.8299,0.0002920197229278264,0.2868417696613032,0.0,-0.043360433604335835,49.0,17.591836734693878,89.62273421601634,0.7954388080914294
862,862.0,0.7824202009964706,0.8311,0.0002928106770274942,0.28760718746102404,0.0,-0.04215003866976019,49.0,17.612244897959183,96.74012608240528,0.8104888418512437
863,863.0,0.7833944175530388,0.8324,0.000293608450351651,0.28837920696538827,0.0,-0.04094244882193876,49.0,17.632653061224488,89.18168186509624,0.794427140754467
864,864.0,0.7843638110786163,0.8337,0.00029441308755091334,0.2891579261360569,0.0,-0.039737654320987525,49.0,17.653061224489797,91.1932266717716,0.798961677282022
865,865.0,0.7853283969478677,0.8349,0.000295224673689237,0.2899433814670806,0.0,-0.038535645472061564,49.0,17.6734693877551,87.73279813385072,0.7910321598843475
866,866.0,0.7862881906200941,0.8362,0.00029604330368823896,0.2907356665440415,0.0,-0.03733641262509613,49.0,17.693877551020407,92.68318758563744,0.8021935389695818
867,867.0,0.7872432076375243,0.8375,0.0002968690154147403,0.2915348560187042,0.0,-0.03613994617454819,49.0,17.714285714285715,87.72505695923219,0.7910137198103702
868,868.0,0.7881934636236247,0.8387,0.00029770193346332946,0.29234100733260754,0.0,-0.034946236559139754,49.0,17.73469387755102,98.65137142597183,0.814160380455626
869,869.0,0.7891389742813941,0.84,0.00029854208905909777,0.293154225600667,1.0,-0.033755274261603185,49.0,17.755102040816325,84.91359468840547,0.7840942501538372
870,870.0,0.7741411951515251,0.8191,0.00028793491150119744,0.28282340344072326,0.0,-0.05363984674329503,50.0,17.42,98.64148124151426,0.8141417474414652
871,871.0,0.7751439859473942,0.8203,0.00028865947606171937,0.2835238690364137,0.0,-0.052430156907768755,50.0,17.44,86.58319610339964,0.7882576047269121
872,872.0,0.7761419848947686,0.8216,0.0002893900897376406,0.28423017830666375,0.0,-0.051223241590214075,50.0,17.46,90.15820469568445,0.7966537444349656
873,873.0,0.7771352054770622,0.8229,0.0002901267877613737,0.28494243262740215,0.0,-0.05001909125620463,50.0,17.48,90.9492588139223,0.7984223997818121
874,874.0,0.7781236612742796,0.8241,0.00029086964866205373,0.28566065844828314,0.0,-0.048817696414950484,50.0,17.5,93.36231765419923,0.803632409799022
875,875.0,0.7791073659615267,0.8254,0.0002916187562617113,0.2863849320714514,0.0,-0.04761904761904745,50.0,17.52,92.48556085030648,0.8017708584477641
876,876.0,0.7800863333075105,0.8267,0.0002923741415536866,0.2871153342440342,0.0,-0.04642313546423127,50.0,17.54,91.16549171215942,0.7989005160942045
877,877.0,0.7810605771730553,0.8279,0.0002931359240709963,0.28785190165319163,0.0,-0.0452299505891296,50.0,17.56,91.94325780025407,0.8006016561522941
878,878.0,0.7820301115095932,0.8292,0.00029390411994096113,0.2885947422991358,1.0,-0.044039483675018865,50.0,17.58,83.70555681912762,0.7809783002465618
879,879.0,0.7667503926940937,0.8085,0.0002844469882693507,0.2793906001540017,0.0,-0.06370875995449365,51.0,17.254901960784313,88.02968554669343,0.7917369212501751
880,880.0,0.7677757213543654,0.8098,0.0002851129802448655,0.280033769707325,0.0,-0.0625,51.0,17.274509803921568,87.09231593290752,0.7894953976484377
881,881.0,0.7687963193292733,0.811,0.00028578433141066115,0.280682118708626,0.0,-0.061293984108967026,51.0,17.294117647058822,91.88742872380855,0.8004805054624076
882,882.0,0.7698121983281568,0.8123,0.0002864610957306485,0.2813357094653349,0.0,-0.06009070294784569,51.0,17.313725490196077,94.52763011624394,0.8060531792578721
883,883.0,0.770823370163933,0.8136,0.0002871433113045376,0.2819946267229042,0.0,-0.058890147225368006,51.0,17.333333333333332,91.05615200013777,0.7986590369719819
884,884.0,0.7718298467518493,0.8148,0.00028783107852667334,0.2826588897179385,0.0,-0.05769230769230771,51.0,17.352941176470587,94.85266968495088,0.8067177930339049
885,885.0,0.7728316401082246,0.8161,0.0002885244213881738,0.2833285944715053,0.0,-0.05649717514124286,51.0,17.372549019607842,94.90700920121321,0.8068284577963608
886,886.0,0.7738287623491826,0.8173,0.00028922342255454427,0.28400377099759144,0.0,-0.055304740406320496,51.0,17.392156862745097,94.4603356999731,0.8059150097500812
887,887.0,0.7748212256893813,0.8186,0.0002899281340559279,0.28468450220208474,0.0,-0.054114994363021474,51.0,17.41176470588235,94.68967638558833,0.8063850882890582
888,888.0,0.7758090424407328,0.8198,0.0002906386256997805,0.28537082703297195,0.0,-0.052927927927928,51.0,17.431372549019606,91.00216312073934,0.7985395873611363
889,889.0,0.7767922250111317,0.8211,0.0002913549490497267,0.28606283405635385,0.0,-0.05174353205849269,51.0,17.45098039215686,94.32637906491908,0.8056393819515152
890,890.0,0.7777707859031522,0.8223,0.00029207718987655736,0.2867605483081556,0.0,-0.05056179775280878,51.0,17.470588235294116,95.61280031819742,0.8082544045115259
891,891.0,0.7787447377127645,0.8235,0.0002928053778814626,0.28746407813832103,0.0,-0.04938271604938271,51.0,17.49019607843137,93.08570690153265,0.8030488896353702
892,892.0,0.7797140931280291,0.8248,0.00029353962109290003,0.2881734495466483,0.0,-0.04820627802690569,51.0,17.50980392156863,86.46824995471901,0.7879761260007693
893,893.0,0.780678864927792,0.826,0.00029427995398308577,0.2888887265832255,0.0,-0.04703247480403139,51.0,17.529411764705884,91.37958162686606,0.7993716647971253
894,894.0,0.7816390659803775,0.8272,0.00029502643830680805,0.2896100099830106,0.0,-0.045861297539149914,51.0,17.54901960784314,86.80898473936858,0.7888083429569357
895,895.0,0.7825947092422699,0.8285,0.00029577917167000344,0.29033732897107745,0.0,-0.04469273743016755,51.0,17.568627450980394,87.94756783319549,0.7915424634811392
896,896.0,0.7835458077567874,0.8297,0.00029653820191347547,0.2910707513914385,0.0,-0.04352678571428559,51.0,17.58823529411765,90.88484763798975,0.7982795393313723
897,897.0,0.7844923746527614,0.8309,0.00029730359071712627,0.2918103489671347,0.0,-0.04236343366778139,51.0,17.607843137254903,89.05194048058513,0.7941276379336134
898,898.0,0.7854344231432066,0.8321,0.00029807540890407333,0.29255620676878324,0.0,-0.04120267260579058,51.0,17.627450980392158,87.31564502929794,0.7900338097808044
899,899.0,0.7863719665239752,0.8334,0.0002988537329755803,0.2933083703220156,0.0,-0.04004449388209119,51.0,17.647058823529413,91.7329011491185,0.8001444072554604
900,900.0,0.7873050181724238,0.8346,0.00029963864285136136,0.2940669088089158,0.0,-0.03888888888888875,51.0,17.666666666666668,88.18657798513051,0.7921074413792926
901,901.0,0.788233591546067,0.8358,0.00030043019323202676,0.29483189176340385,0.0,-0.037735849056603765,51.0,17.686274509803923,90.45215732359694,0.7973145818098627
902,902.0,0.7891577001812254,0.837,0.00030122845634944023,0.29560338907500067,1.0,-0.03658536585365857,51.0,17.705882352941178,84.67974296676802,0.7834980044692846
903,903.0,0.7744964133774732,0.8169,0.0002912170897496348,0.2858643456092773,0.0,-0.05574012550756735,52.0,17.384615384615383,82.62955231138304,0.7781261931052755
904,904.0,0.7754742585049511,0.8181,0.00029190836338318694,0.28653156467675345,0.0,-0.054572271386430504,52.0,17.403846153846153,92.36265959647149,0.8015070872424973
905,905.0,0.7764476083057157,0.8193,0.00029260522348467714,0.28720421601276297,0.0,-0.05340699815837935,52.0,17.423076923076923,96.21273884833155,0.8094500421380401
906,906.0,0.7774164742770068,0.8205,0.00029330773333506805,0.28788236304883674,0.0,-0.05224429727740976,52.0,17.442307692307693,89.33770922965888,0.7947861715795269
907,907.0,0.77838086800754,0.8218,0.00029401596541712136,0.2885660501060596,0.0,-0.051084160235207676,52.0,17.46153846153846,90.40833397766411,0.7972163347478266
908,908.0,0.7793408011763809,0.823,0.00029472998721551965,0.28925533892848193,0.0,-0.04992657856093974,52.0,17.48076923076923,91.89050597481113,0.8004871870184409
909,909.0,0.7802962855518152,0.8242,0.00029544984690385703,0.2899502915369313,0.0,-0.04877154382104876,52.0,17.5,105.95033695971269,0.826962953970552
910,910.0,0.7812473329902067,0.8254,0.00029617560886586054,0.2906509702317645,0.0,-0.04761904761904745,52.0,17.51923076923077,91.7770733315827,0.8002405974845529
911,911.0,0.7821939554348509,0.8266,0.0002969073377760088,0.2913574375956565,0.0,-0.0464690815953166,52.0,17.53846153846154,84.32133422186004,0.7825777603910296
912,912.0,0.7831361649148244,0.8278,0.00029764509860228544,0.29206975649640543,1.0,-0.04532163742690054,52.0,17.557692307692307,82.13989603883446,0.776803548367463
913,913.0,0.7682692296289516,0.8079,0.00028859703067443145,0.2832742916943201,0.0,-0.06425702811244971,53.0,17.245283018867923,92.37990132352863,0.8015441338357011
914,914.0,0.7692636911400274,0.8091,0.0002892389118843801,0.2838932072983045,0.0,-0.06309263311451496,53.0,17.264150943396228,104.84708314844377,0.8251421710284799
915,915.0,0.7702537296686347,0.8104,0.0002898858300118423,0.28451698928037333,0.0,-0.06193078324225865,53.0,17.28301886792453,82.95934341261535,0.779008215600879
916,916.0,0.771239355218156,0.8116,0.0002905378336812236,0.2851456929732593,0.0,-0.060771470160116525,53.0,17.30188679245283,88.47325381811206,0.7927810661171798
917,917.0,0.7722205778869216,0.8128,0.00029119496952486565,0.2857793739267774,0.0,-0.05961468556888394,53.0,17.32075471698113,92.1654580795401,0.8010823825395474
918,918.0,0.7731974078673107,0.814,0.00029185729517143533,0.28641809348133856,0.0,-0.058460421205519086,53.0,17.339622641509433,89.52237712266681,0.7952094892630885
919,919.0,0.7741698554448395,0.8152,0.0002925248684767836,0.28706190798252496,0.0,-0.057308668842945165,53.0,17.358490566037737,95.61306026075191,0.8082549258089278
920,920.0,0.7751379309972297,0.8164,0.000293197747525839,0.28771086448441274,0.0,-0.05615942028985499,53.0,17.37735849056604,94.05014703180088,0.8050685308643447
921,921.0,0.7761016449934827,0.8176,0.0002938759906345295,0.2883650193937423,0.0,-0.055012667390517356,53.0,17.39622641509434,93.74641358639279,0.8044369631651231
922,922.0,0.7770610079929302,0.8188,0.00029455965635171274,0.2890244293437652,0.0,-0.053868402024584094,53.0,17.41509433962264,88.50409367727516,0.7928532729775786
923,923.0,0.7780160306442788,0.82,0.00029524880346110853,0.2896891511962538,0.0,-0.05272661610689777,53.0,17.433962264150942,101.71177338604862,0.8197521022099489
924,924.0,0.7789667236846528,0.8212,0.00029594349098325016,0.29035924204353203,0.0,-0.051587301587301626,53.0,17.452830188679247,88.46441681878811,0.7927603663415583
925,925.0,0.7799130979386136,0.8224,0.00029664377817743707,0.2910347592105179,0.0,-0.05045045045045038,53.0,17.471698113207548,93.15613937205113,0.8031977982673493
926,926.0,0.78085516431718,0.8236,0.00029734972454370225,0.2917157602567711,0.0,-0.049316054715622615,53.0,17.49056603773585,99.2851140627136,0.8153466055167842
927,927.0,0.781792933816835,0.8248,0.00029806138982477626,0.292402312914673,0.0,-0.04818410643653359,53.0,17.50943396226415,92.0836332482389,0.8009056258248373
928,928.0,0.7827264175185197,0.826,0.0002987788340080574,0.2930944740886046,0.0,-0.04705459770114939,53.0,17.528301886792452,96.599431678551,0.8102128240843048
929,929.0,0.7836556265866313,0.8272,0.00029950211732760417,0.2937922967774045,0.0,-0.045927520631503294,53.0,17.547169811320753,93.38805196018463,0.8036865214711875
930,930.0,0.7845805722679927,0.8284,0.0003002313002661041,0.29449583953551295,0.0,-0.04480286738351258,53.0,17.566037735849058,99.293704330559,0.8153625805690583
931,931.0,0.7855012658908322,0.8295,0.0003009664658563219,0.29520516116295725,0.0,-0.04368063014679535,53.0,17.58490566037736,99.15357763573108,0.8151016456442343
932,932.0,0.786417718863738,0.8307,0.00030170766396625303,0.295920326575461,0.0,-0.04256080114449201,53.0,17.60377358490566,98.8261816456806,0.8144891057405876
933,933.0,0.787329942674617,0.8319,0.00030245494854271347,0.29664141948111666,0.0,-0.041443372633083175,53.0,17.62264150943396,86.45365851962472,0.7879403411346471
934,934.0,0.788237948889642,0.8331,0.00030320838112418415,0.29736847285804907,0.0,-0.040328336902212714,53.0,17.641509433962263,94.36650201027017,0.8057220206028399
935,935.0,0.7891417491521842,0.8342,0.0003039680599093145,0.2981015465482061,0.0,-0.039215686274509665,53.0,17.660377358490567,99.27150254713865,0.8153212869460918
936,936.0,0.7900413551817455,0.8354,0.00030473402277107493,0.29884073768114205,0.0,-0.038105413105413044,53.0,17.67924528301887,91.32553709502335,0.7992529371685198
937,937.0,0.7909367787728838,0.8366,0.0003055063238684971,0.29958608314287866,0.0,-0.03699750978299532,53.0,17.69811320754717,89.41679489369038,0.7949676751987114
938,938.0,0.7918280317941282,0.8377,0.0003062850749709713,0.300337638882566,0.0,-0.03589196872778966,53.0,17.71698113207547,90.39986940057169,0.7971973471322582
939,939.0,0.7927151261868775,0.8389,0.0003070703009219508,0.3010955134840839,0.0,-0.03478878239261629,53.0,17.735849056603772,95.01204790100441,0.8070420147933731
940,940.0,0.7935980739643166,0.84,0.0003078620850882004,0.30185971938135747,0.0,-0.03368794326241131,53.0,17.754716981132077,92.22748804420597,0.801216169689606
941,941.0,0.7944768872102994,0.8412,0.0003086605046891482,0.30263036920200714,1.0,-0.03258944385405593,53.0,17.77358490566038,87.51551330154658,0.7905133313888779
942,942.0,0.7804627959758244,0.8219,0.00029854706150002786,0.292802665531324,0.0,-0.05095541401273884,54.0,17.462962962962962,88.91237563436312,0.7938044821935023
943,943.0,0.7813918739299959,0.8231,0.0002992395287323246,0.2934701741974094,0.0,-0.049840933191940495,54.0,17.48148148148148,101.7980955093597,0.8199049477143932
944,944.0,0.7823167888388503,0.8242,0.00029993755088772266,0.2941430403396127,0.0,-0.048728813559322015,54.0,17.5,86.86734661994382,0.7889502322023936
945,945.0,0.783237550979199,0.8254,0.00030064117829343653,0.29482133693617635,0.0,-0.04761904761904745,54.0,17.51851851851852,86.87736521259097,0.788974570206276
946,946.0,0.7841541707090166,0.8266,0.00030135044862655017,0.2955051296552335,0.0,-0.046511627906976605,54.0,17.537037037037038,85.31604758324674,0.785112720846044
947,947.0,0.7850666584665522,0.8277,0.000302065459193218,0.296194445107625,0.0,-0.04540654699049629,54.0,17.555555555555557,94.86087871326932,0.8067345192031324
948,948.0,0.7859750247694239,0.8289,0.00030278624306803986,0.2968893839579687,0.0,-0.04430379746835422,54.0,17.574074074074073,93.87398024072911,0.8047027164894938
949,949.0,0.7868792802137019,0.83,0.00030351286294455493,0.29758996922508074,0.0,-0.043203371970495175,54.0,17.59259259259259,91.54758240708746,0.7997398418255336
950,950.0,0.7877794354729907,0.8312,0.00030424540095257493,0.29829628040842304,1.0,-0.042105263157894646,54.0,17.61111111111111,82.35325615154024,0.7773818038281605
951,951.0,0.7735126341515489,0.8121,0.00029519143113181676,0.2895048471960695,0.0,-0.06028741675429372,55.0,17.30909090909091,88.86312493203249,0.793690202236803
952,952.0,0.7744617451618696,0.8133,0.00029582985555035436,0.29011957311901776,0.0,-0.05917366946778713,55.0,17.327272727272728,85.8967018284736,0.7865653401926536
953,953.0,0.7754067478200262,0.8144,0.000296473233984293,0.29073906595021676,0.0,-0.05806225953130473,55.0,17.345454545454544,92.28829933145589,0.8013471537980272
954,954.0,0.7763476509946837,0.8156,0.0002971215984327128,0.2913633912553535,0.0,-0.05695317959468893,55.0,17.363636363636363,88.79719864959857,0.7935370303101762
955,955.0,0.7772844636392559,0.8168,0.00029777498653009557,0.29199261281567296,0.0,-0.055846422338568846,55.0,17.381818181818183,93.53724312870506,0.8039996399283749
956,956.0,0.7782171947912211,0.8179,0.000298433498969532,0.2926267492963829,0.0,-0.05474198047419798,55.0,17.4,90.21105945201585,0.7967728852238454
957,957.0,0.7791458535714288,0.8191,0.0002990971443595842,0.2932658961146751,0.0,-0.05363984674329503,55.0,17.418181818181818,86.063367704962,0.7869786667402707
958,958.0,0.780070449183375,0.8202,0.0002997659997736918,0.2939100693894567,0.0,-0.05254001391788443,55.0,17.436363636363637,91.76970586863301,0.8002245603840419
959,959.0,0.7809909909124899,0.8214,0.00030044011837634704,0.29455934536145867,0.0,-0.05144247480013897,55.0,17.454545454545453,89.2475805226694,0.7945789317092292
960,960.0,0.7819074881253989,0.8225,0.0003011195470458824,0.2952137650775968,0.0,-0.0503472222222221,55.0,17.472727272727273,93.12173204493497,0.8031250822902782
961,961.0,0.7828199502691717,0.8237,0.00030180435646729044,0.2958733935886188,0.0,-0.04925424904613229,55.0,17.490909090909092,93.61873623929758,0.8041702540560711
962,962.0,0.7837283868705682,0.8248,0.0003024945906365673,0.29653827105565,0.0,-0.048163548163548064,55.0,17.509090909090908,84.79568800827482,0.7837940375984181
963,963.0,0.7846328075352674,0.826,0.00030319031019634615,0.29720847741154516,0.0,-0.0470751124956732,55.0,17.527272727272727,96.59888817581637,0.8102117562681938
964,964.0,0.785533221947084,0.8271,0.0003038915841086134,0.29788403001226765,1.0,-0.04598893499308421,55.0,17.545454545454547,82.65135065408208,0.778184709768831
965,965.0,0.7712906924962729,0.8083,0.00029531718363208325,0.2895639923011913,0.0,-0.06390328151986169,56.0,17.25,94.66737034022749,0.8063394676809476
966,966.0,0.7722385949213888,0.8094,0.00029593013206146584,0.2901536445119559,0.0,-0.0628019323671496,56.0,17.267857142857142,94.49813333285813,0.8059926404180239
967,967.0,0.7731824928850091,0.8106,0.00029654774887698986,0.29074775885966403,0.0,-0.06170286108238532,56.0,17.285714285714285,94.05203579601898,0.805072445501394
968,968.0,0.7741223943289826,0.8118,0.000297170022599156,0.2913464433541015,0.0,-0.06060606060606055,56.0,17.303571428571427,87.71414626137074,0.7909877241613498
969,969.0,0.7750583072785147,0.8129,0.00029779706442466616,0.29194968168428104,0.0,-0.05951152390780856,56.0,17.321428571428573,101.10626876468804,0.8186726346711317
970,970.0,0.7759902398416483,0.8141,0.0002984288629598109,0.29255758772254464,0.0,-0.05841924398625431,56.0,17.339285714285715,88.44651543204242,0.7927184214801578
971,971.0,0.7769182002086944,0.8152,0.00029906553542551013,0.2931701506922636,0.0,-0.05732921386886369,56.0,17.357142857142858,90.32350914530848,0.7970258960616834
972,972.0,0.7778421966516691,0.8163,0.0002997070715223128,0.2937874707198919,0.0,-0.056241426611796985,56.0,17.375,97.66475848305845,0.8122830218587644
973,973.0,0.7787622375237151,0.8175,0.00030035356995188896,0.2944095638435004,0.0,-0.05515587529976007,56.0,17.392857142857142,93.59296779236317,0.8041163373085252
974,974.0,0.7796783312585006,0.8186,0.0003010050574228666,0.29503648832794893,0.0,-0.054072553045859006,56.0,17.410714285714285,95.24757704366947,0.8075191631916495
975,975.0,0.7805904863696158,0.8198,0.00030166157904097516,0.29566831735518884,0.0,-0.052991452991453025,56.0,17.428571428571427,89.59274514522276,0.7953703360286991
976,976.0,0.7814987114499595,0.8209,0.0003023232316609348,0.2963050694964153,0.0,-0.051912568306010876,56.0,17.446428571428573,95.85913235859911,0.8087471388250185
977,977.0,0.7824030151710948,0.822,0.0003029900247225993,0.2969468117373685,0.0,-0.050835892186966936,56.0,17.464285714285715,90.68914536426706,0.797844237480741
978,978.0,0.7833034062826155,0.8231,0.0003036620154953835,0.29759361457654504,0.0,-0.04976141785957733,56.0,17.482142857142858,87.43998293616121,0.7903323775037987
979,979.0,0.7841998936114825,0.8243,0.00030433929530019054,0.2982455034818086,0.0,-0.04868913857677892,56.0,17.5,91.36428860130799,0.7993380825922518
980,980.0,0.7850924860613582,0.8254,0.00030502189057916894,0.29890253421450896,0.0,-0.04761904761904745,56.0,17.517857142857142,86.30762995047394,0.787581545874292
981,981.0,0.7859811926119229,0.8265,0.0003057098537962566,0.2995647721803214,0.0,-0.04655113829425739,56.0,17.535714285714285,97.752878694943,0.812452241017412
982,982.0,0.786866022318187,0.8276,0.0003064032432364865,0.3002322815705531,0.0,-0.04548540393754252,56.0,17.553571428571427,91.46469684969182,0.7995583655247734
983,983.0,0.7877469843097816,0.8288,0.0003071021257990201,0.30090509857650977,0.0,-0.04442183791115628,56.0,17.571428571428573,94.20158322453733,0.8053818979917322
984,984.0,0.7886240877902471,0.8299,0.0003078065664853137,0.30158327996063916,1.0,-0.043360433604335835,56.0,17.589285714285715,86.60004321620052,0.7882987969467472
985,985.0,0.7747095087979231,0.8114,0.0002991360781500377,0.29317446311595985,0.0,-0.060913705583756306,57.0,17.29824561403509,84.26734260066937,0.7824384540021355
986,986.0,0.7756326351192864,0.8126,0.00029975202979747295,0.29376659634925345,0.0,-0.05983772819472599,57.0,17.31578947368421,95.70499738671724,0.8084391219483196
987,987.0,0.7765519034485766,0.8137,0.00030037264340044195,0.2943632151610106,0.0,-0.058763931104356626,57.0,17.333333333333332,91.29974303521122,0.7991962219842964
988,988.0,0.7774673213438333,0.8148,0.0003009979429467316,0.2949643848261887,0.0,-0.05769230769230771,57.0,17.350877192982455,88.9513672654059,0.7938948675332689
989,989.0,0.7783788964418688,0.8159,0.0003016279807282794,0.29557015755354665,0.0,-0.0566228513650151,57.0,17.36842105263158,90.73517935187041,0.7979468000802997
990,990.0,0.7792866364577874,0.8171,0.0003022628233489832,0.29618056439739704,0.0,-0.05555555555555558,57.0,17.385964912280702,96.75302800565012,0.810514112981945
991,991.0,0.7801905491844805,0.8182,0.0003029025236563634,0.29679565623330506,0.0,-0.0544904137235116,57.0,17.403508771929825,92.91703014746017,0.8026913548115112
992,992.0,0.7810906424921148,0.8193,0.00030354711720781516,0.29741548414620317,0.0,-0.05342741935483852,57.0,17.42105263157895,94.75879833292002,0.8065263209763164
993,993.0,0.7819869243276023,0.8204,0.00030419665712868855,0.29804010185291313,0.0,-0.05236656596173206,57.0,17.43859649122807,93.01887519983151,0.8029073852597334
994,994.0,0.7828794027140671,0.8215,0.00030485119676432936,0.2986695722765279,0.0,-0.05130784708249503,57.0,17.45614035087719,93.56051518179285,0.8040483926610416
995,995.0,0.7837680857502848,0.8226,0.00030551078968206913,0.29930393024723223,0.0,-0.05025125628140703,57.0,17.473684210526315,93.95040507059507,0.8048615828792061
996,996.0,0.7846529816101174,0.8237,0.0003061754896732,0.29994322768007403,0.0,-0.04919678714859432,57.0,17.49122807017544,87.65620870977182,0.7908495746828992
997,997.0,0.7855340985419412,0.8248,0.0003068453507549762,0.300587516709138,1.0,-0.04814443329989948,57.0,17.50877192982456,84.14656411611126,0.7821261803626857
998,998.0,0.7715945723256796,0.8067,0.0002987132667131498,0.2927066901455099,0.0,-0.06546426185704735,58.0,17.224137931034484,95.63970534138511,0.8083083457033597
999,999.0,0.772520334673778,0.8078,0.00029930090948113446,0.29327102136309974,0.0,-0.06439773106439772,58.0,17.24137931034483,92.68627506835571,0.8022001281223937
1000,1000.0,0.7734423290656728,0.8089,0.00029989287062517347,0.2938395304482039,0.0,-0.06333333333333324,58.0,17.25862068965517,91.82583352267426,0.8003466711924119
1001,1001.0,0.7743605621623975,0.81,0.0003004891980732892,0.2944122693275208,0.0,-0.06227106227106227,58.0,17.275862068965516,87.04877000956269,0.7893900932624397
1002,1002.0,0.7752750407024129,0.8111,0.00030108993992921637,0.2949892913480268,0.0,-0.06121091151031277,58.0,17.29310344827586,95.62192024529396,0.8082726922205308
1003,1003.0,0.776185771501268,0.8122,0.00030169514447382775,0.29557062760847663,0.0,-0.06015287470920572,58.0,17.310344827586206,94.1603019164425,0.8052965744565872
1004,1004.0,0.7770927614512295,0.8133,0.00030230486016651683,0.29615632488273913,0.0,-0.059096945551128766,58.0,17.32758620689655,90.7377478230477,0.7979525195061475
1005,1005.0,0.7779960175209133,0.8144,0.00030291913564663554,0.2967464301195068,0.0,-0.05804311774461013,58.0,17.344827586206897,96.37295607670401,0.8097668258848293
1006,1006.0,0.778895546754886,0.8156,0.0003035380214576468,0.2973409904437828,0.0,-0.05699138502319401,58.0,17.362068965517242,90.30057013605192,0.7969743346502541
1007,1007.0,0.779791356273266,0.8167,0.00030416156720538233,0.29794005315836936,0.0,-0.055941741145316026,58.0,17.379310344827587,94.49252197978849,0.8059811194662077
1008,1008.0,0.7806834532713056,0.8178,0.0003047898164433272,0.29854366574538166,0.0,-0.05489417989417977,58.0,17.396551724137932,97.10190020529564,0.8111949066437169
1009,1009.0,0.7815718450189576,0.8189,0.0003054228185151441,0.29915187586775377,0.0,-0.053848695077634456,58.0,17.413793103448278,96.20620308359237,0.8094370971339163
1010,1010.0,0.7824565388604328,0.8199,0.0003060606250131343,0.29976473137077186,0.0,-0.05280528052805278,58.0,17.43103448275862,87.25643912711367,0.7898913419257729
1011,1011.0,0.7833375422137397,0.821,0.00030670329090247444,0.30038228028361486,0.0,-0.05176393010220903,58.0,17.448275862068964,88.82729487718439,0.7936069835439477
1012,1012.0,0.7842148625702151,0.8221,0.0003073508622143751,0.3010045708208914,0.0,-0.050724637681159424,58.0,17.46551724137931,88.78570918332584,0.7935103126171078
1013,1013.0,0.7850885074940409,0.8232,0.00030800338907992317,0.3016316513842002,0.0,-0.049687397170121717,58.0,17.482758620689655,94.0810423033324,0.8051325444054529
1014,1014.0,0.7859584846217442,0.8243,0.00030866092182329374,0.30226357056369346,0.0,-0.04865220249835622,58.0,17.5,94.72726662687143,0.8064619197179211
1015,1015.0,0.786824801661688,0.8254,0.00030932351096324976,0.30290039842536653,1.0,-0.04761904761904745,58.0,17.517241379310345,84.82395626964652,0.7838660899633875
1016,1016.0,0.7731020328698146,0.8075,0.00030127347160941397,0.2951037247974026,0.0,-0.06463254593175849,59.0,17.23728813559322,88.32952904329272,0.792443891279578
1017,1017.0,0.7740116639933119,0.8086,0.0003018553727265739,0.29566212966828526,0.0,-0.0635857096034087,59.0,17.25423728813559,89.93064894904082,0.7961392078497964
1018,1018.0,0.7749176476431753,0.8097,0.00030244151982285753,0.2962246367225131,0.0,-0.06254092992796334,59.0,17.271186440677965,100.57927610826792,0.8177225563485013
1019,1019.0,0.775819990016913,0.8108,0.00030303195767673765,0.29679128919771725,0.0,-0.061498200850506946,59.0,17.28813559322034,89.43326442140139,0.7950054328001678
1020,1020.0,0.7767186973861733,0.8119,0.0003036267312162817,0.29736213047801147,0.0,-0.06045751633986929,59.0,17.305084745762713,85.38938646817543,0.7852972823482441
1021,1021.0,0.777613776096449,0.813,0.0003042258855201107,0.2979372066045951,0.0,-0.059418870388507905,59.0,17.322033898305083,86.44485969031746,0.7879187565459509
1022,1022.0,0.7785052325667822,0.8141,0.0003048294658184145,0.29851657331629977,0.0,-0.05838225701239397,59.0,17.338983050847457,95.3876210827171,0.8078017553510927
1023,1023.0,0.7793930732894405,0.8152,0.0003054375174939263,0.29910026310381854,0.0,-0.05734767025089593,59.0,17.35593220338983,96.67723726040755,0.810365564295646
1024,1024.0,0.7802773048295961,0.8163,0.00030605008608291666,0.2996883199753989,0.0,-0.05631510416666652,59.0,17.372881355932204,103.54041106965154,0.822935478583328
1025,1025.0,0.7811579338249733,0.8173,0.0003066672263794583,0.3002807880915427,0.0,-0.055284552845528356,59.0,17.389830508474578,89.94649798709885,0.796175129175536
1026,1026.0,0.782034966985493,0.8184,0.0003072889966590736,0.30087771176609995,0.0,-0.05425601039636119,59.0,17.406779661016948,92.37065617877148,0.8015242708912717
1027,1027.0,0.7829084110929058,0.8195,0.00030791542494731027,0.3014791416114195,0.0,-0.053229470950989954,59.0,17.423728813559322,93.14366739402419,0.8031714463659873
1028,1028.0,0.7837782730004009,0.8206,0.0003085465574366708,0.3020851462630331,0.0,-0.05220492866407245,59.0,17.440677966101696,96.31061361429026,0.8096436867617144
1029,1029.0,0.784644559632212,0.8217,0.0003091824404786092,0.30269574374121483,0.0,-0.051182377712989835,59.0,17.45762711864407,101.92878060327618,0.8201358514756522
1030,1030.0,0.7855072779832063,0.8227,0.0003098231594000224,0.3033109790140675,1.0,-0.05016181229773453,59.0,17.47457627118644,81.1931776404587,0.7742010613931459
1031,1031.0,0.7718570880097303,0.8051,0.00030210160141146304,0.29583768858553666,0.0,-0.06692531522793388,60.0,17.2,90.68567311656133,0.7978364971744888
1032,1032.0,0.7727618180791758,0.8062,0.00030266561384879545,0.2963784160611281,0.0,-0.06589147286821695,60.0,17.216666666666665,100.24377685508746,0.8171125040526354
1033,1033.0,0.7736629985379915,0.8073,0.0003032336611234065,0.29692305889993703,0.0,-0.06485963213939971,60.0,17.233333333333334,93.98483101990405,0.8049330606398525
1034,1034.0,0.7745606349362661,0.8084,0.000303805784471164,0.2974716454830823,0.0,-0.06382978723404253,60.0,17.25,86.29851670696122,0.7875591141897983
1035,1035.0,0.7754547328957966,0.8094,0.00030438202971663824,0.2980242109971855,0.0,-0.0628019323671496,60.0,17.266666666666666,91.55849095260699,0.7997637014045684
1036,1036.0,0.7763452981098905,0.8105,0.00030496246426333756,0.2985807955511304,0.0,-0.06177606177606165,60.0,17.283333333333335,92.81834488422267,0.8024815745615644
1037,1037.0,0.7772323363431608,0.8116,0.0003055471028441366,0.2991414414791693,0.0,-0.06075216972034703,60.0,17.3,91.66190067927761,0.7999896009413863
1038,1038.0,0.7781158534312995,0.8127,0.0003061359872142061,0.29970622507882155,0.0,-0.059730250481695446,60.0,17.316666666666666,82.9620115329489,0.7790153228619326
1039,1039.0,0.7789958552808434,0.8137,0.000306729166500874,0.3002751521396212,0.0,-0.05871029836381125,60.0,17.333333333333332,93.01060503280907,0.8028898604963774
1040,1040.0,0.77987234786892,0.8148,0.0003073267167368207,0.30084826329067194,0.0,-0.05769230769230771,60.0,17.35,89.19477007047416,0.7944573059737933
1041,1041.0,0.7807453372429873,0.8159,0.00030792864241751367,0.3014256329830322,0.0,-0.0566762728146013,60.0,17.366666666666667,96.08213988211853,0.809191038461194
1042,1042.0,0.7816148295205563,0.8169,0.00030853498987890965,0.30200728790251413,0.0,-0.05566218809980805,60.0,17.383333333333333,86.92642572878736,0.7890936711175288
1043,1043.0,0.7824808308888888,0.818,0.0003091458523647309,0.30259325302458895,0.0,-0.05465004793863848,60.0,17.4,90.43186891548523,0.7972691092952299
1044,1044.0,0.7833433476047018,0.8191,0.00030976122127387106,0.30318362229011564,0.0,-0.05363984674329503,60.0,17.416666666666668,96.3281820049013,0.809678404058321
1045,1045.0,0.7842023859938467,0.8201,0.00031038116979024207,0.3037783945650956,0.0,-0.05263157894736836,60.0,17.433333333333334,86.92101229886637,0.7890805358973892
1046,1046.0,0.7850579524509732,0.8212,0.00031100574938379487,0.3043776349775364,0.0,-0.05162523900573612,60.0,17.45,100.72974652546026,0.8179948429762063
1047,1047.0,0.7859100534391875,0.8222,0.0003116349784008503,0.30498139380055456,0.0,-0.050620821394460336,60.0,17.466666666666665,90.42068469884627,0.7972440333271745
1048,1048.0,0.786758695489691,0.8233,0.0003122689552814323,0.30558969743470416,0.0,-0.04961832061068683,60.0,17.483333333333334,90.45627806120879,0.7973238151482668
1049,1049.0,0.7876038852014097,0.8243,0.0003129076649654038,0.3062026235931841,0.0,-0.04861773117254531,60.0,17.5,92.7775252069608,0.8023946716358646
1050,1050.0,0.7884456292406119,0.8254,0.0003135512271732707,0.30682018413016277,0.0,-0.04761904761904745,60.0,17.516666666666666,91.04173908087697,0.7986271624595516
1051,1051.0,0.7892839343405113,0.8264,0.0003141996193666032,0.30744245982768653,1.0,-0.04662226450999052,60.0,17.533333333333335,84.83792596582771,0.7839016792947306
1052,1052.0,0.7759727218044361,0.8092,0.00030631109378681726,0.2998113143698761,0.0,-0.06305449936628649,61.0,17.262295081967213,88.73900990679061,0.7934016465521732
1053,1053.0,0.776851851926736,0.8102,0.0003068817714755822,0.300358128384751,0.0,-0.06204495093383988,61.0,17.278688524590162,91.78722822955004,0.8002626979051636
1054,1054.0,0.7777275586395838,0.8113,0.0003074565675498909,0.300908869280858,0.0,-0.06103731815306768,61.0,17.295081967213115,90.79195760194027,0.7980731573856764
1055,1055.0,0.7785998473032686,0.8124,0.00030803546991427705,0.3014636385996298,0.0,-0.0600315955766193,61.0,17.311475409836067,90.89752896728302,0.7983076818300298
1056,1056.0,0.7794687233463073,0.8134,0.0003086185786667752,0.30202241171997063,0.0,-0.05902777777777768,61.0,17.327868852459016,92.3232930878402,0.8014224501731081
1057,1057.0,0.7803341922652594,0.8145,0.00030920588663562007,0.3025852858863329,0.0,-0.05802585935036264,61.0,17.34426229508197,87.3131189263138,0.7900277351355941
1058,1058.0,0.7811962596245091,0.8155,0.0003097974777768392,0.3031522558174229,0.0,-0.057025834908632556,61.0,17.360655737704917,89.89778643776431,0.7960646856858329
1059,1059.0,0.7820549310560635,0.8166,0.0003103933612001169,0.30372340965066086,0.0,-0.056027699087189076,61.0,17.37704918032787,91.00820132903456,0.7985529538480791
1060,1060.0,0.7829102122592977,0.8176,0.000310993618038249,0.30429874094588777,0.0,-0.055031446540880546,61.0,17.39344262295082,97.6986064739466,0.8123480569989265
1061,1061.0,0.7837621090007254,0.8187,0.00031159824793048865,0.3048783517739,0.0,-0.05403707194470608,61.0,17.40983606557377,94.62301926235095,0.8062486963927615
1062,1062.0,0.7846106271137268,0.8197,0.00031220735516537254,0.3054622256836021,0.0,-0.053044569993722535,61.0,17.42622950819672,88.997953821103,0.794002754600565
1063,1063.0,0.7854557724982834,0.8207,0.00031282092368858526,0.3060504566524472,0.0,-0.05205393540294767,61.0,17.442622950819672,88.69040068142613,0.7932884146144943
1064,1064.0,0.7862975511206854,0.8218,0.0003134390474665899,0.3066430589742507,0.0,-0.051065162907268036,61.0,17.459016393442624,89.62201613861176,0.7954371690882459
1065,1065.0,0.787135969013233,0.8228,0.0003140617491640493,0.3072400712379323,0.0,-0.05007824726134591,61.0,17.475409836065573,94.8086370793461,0.8066280256935872
1066,1066.0,0.7879710322739298,0.8238,0.000314689058836654,0.30784158279616847,0.0,-0.049093183239524496,61.0,17.491803278688526,97.86751120794494,0.8126719162769
1067,1067.0,0.7888027470661484,0.8249,0.00031532107908464744,0.3084475919969059,0.0,-0.04810996563573866,61.0,17.508196721311474,87.94848162816312,0.7915446293792231
1068,1068.0,0.7896311196183033,0.8259,0.0003159578081285654,0.3090581481178608,0.0,-0.04712858926342056,61.0,17.524590163934427,95.09673860684373,0.8072138582046603
1069,1069.0,0.7904561562234919,0.8269,0.00031659929368356226,0.3096733434507467,0.0,-0.046149048955409944,61.0,17.540983606557376,89.032697332591,0.7940831415581262
1070,1070.0,0.7912778632391373,0.828,0.00031724561755102666,0.310293180061186,0.0,-0.04517133956386288,61.0,17.557377049180328,92.57703494346383,0.8019667259323073
1071,1071.0,0.7920962470866152,0.829,0.00031789681218098107,0.31091770715486533,0.0,-0.044195455960161834,61.0,17.57377049180328,90.28599495421386,0.7969415595117427
1072,1072.0,0.7929113142508674,0.83,0.00031855291375613764,0.31154697757905886,1.0,-0.04322139303482575,61.0,17.59016393442623,80.13519229972792,0.7712199495976554
1073,1073.0,0.7799246269188606,0.8131,0.000310497922467131,0.30375866018831554,0.0,-0.05933519726623171,62.0,17.322580645161292,90.95336093744875,0.7984314912129339
1074,1074.0,0.7807793817076863,0.8141,0.0003110753055957456,0.3043115561521617,0.0,-0.05834885164494108,62.0,17.338709677419356,86.72025865487849,0.7885922664703447
1075,1075.0,0.7816308325103463,0.8152,0.0003116568295571954,0.30486845482221386,0.0,-0.05736434108527111,62.0,17.35483870967742,88.71709967698528,0.7933506234977911
1076,1076.0,0.7824789845056411,0.8162,0.00031224256305103696,0.30542937881573395,0.0,-0.05638166047087978,62.0,17.370967741935484,89.82392335944994,0.7958969877104063
1077,1077.0,0.783323842937427,0.8172,0.000312832510835306,0.30599439809962214,0.0,-0.05540080470442588,62.0,17.387096774193548,97.00683703532584,0.8110098845233239
1078,1078.0,0.7841654131144223,0.8183,0.0003134267199622187,0.3065635495007314,0.0,-0.054421768707483054,62.0,17.403225806451612,91.15552618310417,0.7988785310008836
1079,1079.0,0.7850037004099999,0.8193,0.0003140252798194819,0.30713685687073894,0.0,-0.053444547420450794,62.0,17.419354838709676,100.4335213528915,0.8174580251058228
1080,1080.0,0.7858387102619713,0.8203,0.0003146281901244356,0.3077143650011794,0.0,-0.05246913580246915,62.0,17.43548387096774,96.63847743017487,0.8102895055793911
1081,1081.0,0.7866704481723431,0.8213,0.00031523549758367535,0.3082961444819615,0.0,-0.05149552883132902,62.0,17.451612903225808,90.836487549345,0.7981721461502556
1082,1082.0,0.7874989197070819,0.8223,0.00031584724909748587,0.308882221551792,0.0,-0.050523721503388686,62.0,17.467741935483872,87.29080377410261,0.7899740575103691
1083,1083.0,0.788324130495845,0.8234,0.00031646351650582,0.3094726320897533,0.0,-0.0495537088334872,62.0,17.483870967741936,94.47498886087232,0.8059451125172215
1084,1084.0,0.7891460862317182,0.8244,0.0003170843271303421,0.31006742161667405,0.0,-0.048585485854858446,62.0,17.5,90.82833376661587,0.7981540277900399
1085,1085.0,0.7899647926709236,0.8254,0.0003177097206773334,0.3106666358453645,0.0,-0.04761904761904745,62.0,17.516129032258064,92.08562248588223,0.8009099266702134
1086,1086.0,0.7907802556325304,0.8264,0.00031833974481396685,0.311270320682395,0.0,-0.04665438919582554,62.0,17.532258064516128,101.5448728186181,0.8194558442543842
1087,1087.0,0.7915924809981411,0.8274,0.00031897444740959323,0.3118785369601735,1.0,-0.045691505673106425,62.0,17.548387096774192,86.04985109275025,0.7869452055928319
1088,1088.0,0.7786659900215468,0.8107,0.0003112439123249143,0.3044092446188736,0.0,-0.061580882352941124,63.0,17.285714285714285,86.25459118046071,0.7874509277427728
1089,1089.0,0.7795167607709378,0.8118,0.000311803701767573,0.3049447944469754,0.0,-0.06060606060606055,63.0,17.3015873015873,99.029934802019,0.8148707926549139
1090,1090.0,0.7803643119222352,0.8128,0.00031236746195731016,0.3054841439714317,0.0,-0.059633027522935755,63.0,17.317460317460316,90.83011324128987,0.798157982203205
1091,1091.0,0.7812086481051298,0.8138,0.000312935201889118,0.30602733433837487,0.0,-0.05866177818515128,63.0,17.333333333333332,93.34656190946366,0.8035992653793212
1092,1092.0,0.7820497740123662,0.8148,0.0003135069644478897,0.3065744239975279,0.0,-0.05769230769230771,63.0,17.349206349206348,84.63924940575072,0.7833944244301427
1093,1093.0,0.7828876943996101,0.8158,0.0003140827926813549,0.3071254454776611,0.0,-0.0567246111619395,63.0,17.365079365079364,90.41147193074353,0.7972233728549744
1094,1094.0,0.7837224140853276,0.8168,0.0003146627298013954,0.30768042938793244,0.0,-0.05575868372943327,63.0,17.38095238095238,95.61351962018288,0.8082558470166035
1095,1095.0,0.7845539379506217,0.8179,0.000315246834553276,0.30823941748656764,0.0,-0.0547945205479452,63.0,17.396825396825395,90.71630225811703,0.7979047549670939
1096,1096.0,0.7853822709390856,0.8189,0.0003158351387662299,0.3088024516933026,0.0,-0.053832116788321116,63.0,17.41269841269841,90.49252432691061,0.7974049959408483
1097,1097.0,0.7862074180566244,0.8199,0.00031642767945168533,0.30936957409076316,0.0,-0.0528714676390154,63.0,17.428571428571427,87.3871491119992,0.7902056135297819
1098,1098.0,0.7870293843712662,0.8209,0.00031702450046679133,0.3099408269258635,0.0,-0.051912568306010876,63.0,17.444444444444443,89.72950665564424,0.7956822229760904
1099,1099.0,0.7878481750129667,0.8219,0.0003176256458393074,0.31051625261121923,0.0,-0.05095541401273884,63.0,17.46031746031746,91.88555757571582,0.8004764424678357
1100,1100.0,0.7886637951734005,0.8229,0.0003182311597689945,0.31109589372656765,0.0,-0.050000000000000044,63.0,17.476190476190474,98.50730238970549,0.8138885860379701
1101,1101.0,0.7894762501057346,0.8239,0.000318841086629003,0.31167979302020443,1.0,-0.049046321525885395,63.0,17.49206349206349,85.66814835801641,0.7859959193151186
1102,1102.0,0.7765705316810328,0.8074,0.0003114930755640469,0.30458553207321926,0.0,-0.06473079249848745,64.0,17.234375,92.21562416941755,0.8011905954282592
1103,1103.0,0.7774203960185676,0.8084,0.0003120324226096599,0.3051009995584074,0.0,-0.06376548806285887,64.0,17.25,96.85464843984651,0.8107129226252924
1104,1104.0,0.7782671192400108,0.8094,0.00031257548935596763,0.30562005202348097,0.0,-0.0628019323671496,64.0,17.265625,90.53244225020867,0.7974943249331035
1105,1105.0,0.7791107054018602,0.8105,0.00031312232830730066,0.30614272764997547,0.0,-0.06184012066365008,64.0,17.28125,90.1903124200783,0.7967261356414601
1106,1106.0,0.7799511586215283,0.8115,0.00031367296829274316,0.3066690647538665,0.0,-0.06088004822182036,64.0,17.296875,92.59842213640167,0.8020124651116894
1107,1107.0,0.7807884830773075,0.8125,0.0003142274443289131,0.3071991017866095,0.0,-0.05992171032821436,64.0,17.3125,90.15801656786957,0.796653320123427
1108,1108.0,0.7816226830083121,0.8135,0.00031478579646597427,0.3077328773361798,0.0,-0.05896510228640195,64.0,17.328125,89.18726785352055,0.7944400162202115
1109,1109.0,0.7824537627144129,0.8145,0.0003153480648951567,0.30827043012812677,0.0,-0.058010219416891884,64.0,17.34375,87.3706453614639,0.7901659847253513
1110,1110.0,0.7832817265561562,0.8155,0.0003159142899497874,0.3088117990266411,0.0,-0.05705705705705699,64.0,17.359375,100.01574709898946,0.8166955318027258
1111,1111.0,0.7841065789546705,0.8165,0.00031648451210628193,0.3093570230356202,0.0,-0.05610561056105601,64.0,17.375,96.05917899017163,0.8091454296605104
1112,1112.0,0.7849283243915659,0.8175,0.0003170587719851893,0.3099061412997432,0.0,-0.05515587529976007,64.0,17.390625,91.04934502850506,0.7986439844504793
1113,1113.0,0.7857469674088084,0.8185,0.0003176371103522133,0.3104591931055654,0.0,-0.054207846660676795,64.0,17.40625,92.51683983794365,0.8018378776723593
1114,1114.0,0.7865625126085952,0.8195,0.0003182195681192487,0.3110162178826054,0.0,-0.05326152004787543,64.0,17.421875,98.80234735945471,0.8144443545796085
1115,1115.0,0.7873749646532078,0.8205,0.000318806186345429,0.3115772552044445,0.0,-0.05231689088191316,64.0,17.4375,92.07355340198094,0.800883829764966
1116,1116.0,0.7881843282648624,0.8215,0.00031939700623816154,0.3121423447898424,0.0,-0.05137395459976091,64.0,17.453125,93.45880447426389,0.8038351395947735
1117,1117.0,0.7889906082255397,0.8224,0.0003199920851009085,0.31271152650384104,0.0,-0.050432706654729875,64.0,17.46875,98.82981038928372,0.81449591716184
1118,1118.0,0.7897938093767976,0.8234,0.00032059145585204893,0.3132848403588995,0.0,-0.04949314251639825,64.0,17.484375,90.1506212665472,0.7966366390407073
1119,1119.0,0.7905939366195966,0.8244,0.00032119515613172076,0.3138623265160139,1.0,-0.04855525767053903,64.0,17.5,86.946071614972,0.7891413264245011
1120,1120.0,0.7778700578817254,0.8082,0.00031391854693295113,0.3068412825574227,0.0,-0.06398809523809512,65.0,17.246153846153845,90.4825218112161,0.7973825997955247
1121,1121.0,0.7787065648487209,0.8092,0.00031445291284480924,0.30735157905567567,0.0,-0.06303895331549203,65.0,17.26153846153846,89.72853568913602,0.7956800120214927
1122,1122.0,0.7795400227908831,0.8102,0.0003149909356626885,0.3078654030937794,0.0,-0.06209150326797386,65.0,17.276923076923076,88.90236068065558,0.7937812540300461
1123,1123.0,0.7803704354655888,0.8112,0.0003155326525668249,0.30838278809100594,0.0,-0.061145740575838436,65.0,17.29230769230769,101.41319485500796,0.8192214202545853
1124,1124.0,0.7811978066887921,0.8122,0.0003160781008572182,0.3089037700072345,0.0,-0.06020166073546851,65.0,17.307692307692307,96.25220243222891,0.8095281679788905
1125,1125.0,0.7820221403349985,0.8132,0.00031662731795437235,0.30942838492096625,0.0,-0.05925925925925912,65.0,17.323076923076922,101.99928451909284,0.8202601771201484
1126,1126.0,0.7828434403372451,0.8142,0.00031718034139999884,0.3099566690301119,0.0,-0.05831853167554746,65.0,17.338461538461537,92.14908661001816,0.8010470422683474
1127,1127.0,0.7836617106870453,0.8151,0.0003177372204963441,0.31048865865279957,0.0,-0.05737947352854178,65.0,17.353846153846153,97.9298094686506,0.8127910854436797
1128,1128.0,0.7844769554343478,0.8161,0.0003182979970018215,0.31102439022816447,0.0,-0.0564420803782506,65.0,17.369230769230768,94.91836600032394,0.8068515703981802
1129,1129.0,0.7852891786874554,0.8171,0.0003188626965272488,0.3115639003171612,0.0,-0.05550634780041319,65.0,17.384615384615383,94.95970511902009,0.8069356543351225
1130,1130.0,0.7860983846129531,0.8181,0.0003194313571328695,0.31210724873344653,0.0,-0.054572271386430504,65.0,17.4,92.37550741910343,0.8015346941461892
1131,1131.0,0.786904577435614,0.8191,0.00032000401700411885,0.31265446164102045,0.0,-0.05363984674329503,65.0,17.415384615384614,92.57520295769726,0.8019628070195984
1132,1132.0,0.7877077614382958,0.82,0.0003205807149386148,0.31320556664522087,0.0,-0.05270906949352172,65.0,17.43076923076923,98.0887050710244,0.8130943484261672
1133,1133.0,0.7885079409618226,0.821,0.0003211615318325206,0.3137606008268852,0.0,-0.051779935275080735,65.0,17.446153846153845,100.75409167385236,0.818038820768892
1134,1134.0,0.7893051204048597,0.822,0.00032174646674991653,0.31431961630138366,0.0,-0.05085243974132858,65.0,17.46153846153846,92.03004174975074,0.8007896879674838
1135,1135.0,0.7900993042237714,0.823,0.0003223355584125001,0.31488266840730417,0.0,-0.04992657856093974,65.0,17.476923076923075,95.87165750953429,0.8087721250515554
1136,1136.0,0.7908904969324714,0.8239,0.00032292885729277653,0.31544976495089855,0.0,-0.049002347417840264,65.0,17.49230769230769,102.91900204886286,0.8218663903811542
1137,1137.0,0.7916787031022614,0.8249,0.0003235264358391419,0.3160209435485582,0.0,-0.04807974201114029,65.0,17.50769230769231,88.27801580571219,0.7923227752005382
1138,1138.0,0.7924639273616501,0.8259,0.0003241282916275846,0.3165962956788356,1.0,-0.047158758055067196,65.0,17.523076923076925,87.23004590907418,0.7898277692935824
1139,1139.0,0.7799545965031374,0.8099,0.00031684992190447254,0.30957755928597763,0.0,-0.0623353819139596,66.0,17.272727272727273,90.8691811836218,0.7982447613752932
1140,1140.0,0.7807752335970487,0.8109,0.0003173829733055414,0.3100862137024795,0.0,-0.06140350877192979,66.0,17.28787878787879,89.39678027653795,0.7949217714930961
1141,1141.0,0.7815929132111733,0.8119,0.00031791964778217567,0.3105983701927212,0.0,-0.060473269062226054,66.0,17.303030303030305,99.52691430521779,0.8157952202043484
1142,1142.0,0.7824076388796123,0.8129,0.0003184599801678205,0.3111140757004422,0.0,-0.05954465849387036,66.0,17.318181818181817,92.83188114031286,0.8025103756583043
1143,1143.0,0.7832194141928266,0.8138,0.0003190040185629388,0.31163333926585396,0.0,-0.05861767279090113,66.0,17.333333333333332,104.0515606195349,0.8238053016776051
1144,1144.0,0.7840282427976233,0.8148,0.0003195518223009803,0.31215619470984646,0.0,-0.05769230769230771,66.0,17.348484848484848,95.84880380573277,0.8087265296446318
1145,1145.0,0.7848341283971351,0.8158,0.00032010339250004307,0.3126827089458799,0.0,-0.05676855895196509,66.0,17.363636363636363,87.83344892474857,0.7912716219416541
1146,1146.0,0.7856370747507873,0.8168,0.000320658764431111,0.31321290448611905,0.0,-0.055846422338568846,66.0,17.37878787878788,90.88311037508021,0.7982756833731753
1147,1147.0,0.7864370856742482,0.8177,0.0003212180266870847,0.31374679723514554,0.0,-0.05492589363557099,66.0,17.393939393939394,88.91692008391799,0.7938150206278995
1148,1148.0,0.7872341650393776,0.8187,0.00032178117221252006,0.314284456329595,0.0,-0.05400696864111487,66.0,17.40909090909091,98.20545311925612,0.8133165445398415
1149,1149.0,0.7880283167741531,0.8196,0.000322348229570923,0.31482591008437055,0.0,-0.053089643167972156,66.0,17.424242424242426,89.66771675401867,0.79554142787391
1150,1150.0,0.78881954486259,0.8206,0.00032291930461398515,0.31537116746600447,0.0,-0.05217391304347818,66.0,17.439393939393938,87.47576286972746,0.79041813718577
1151,1151.0,0.7896078533446527,0.8216,0.00032349436651339506,0.31592032603835185,0.0,-0.051259774109470024,66.0,17.454545454545453,97.06621537831073,0.8111254954993343
1152,1152.0,0.7903932463161458,0.8225,0.00032407348689249315,0.3164733677372128,0.0,-0.0503472222222221,66.0,17.46969696969697,88.2358868939395,0.7922236180912399
1153,1153.0,0.7911757279286009,0.8235,0.00032465671107835873,0.3170303590680381,0.0,-0.049436253252384876,66.0,17.484848484848484,91.30467604478592,0.7992070710119968
1154,1154.0,0.7919553023891516,0.8244,0.00032524404684246505,0.31759133738999396,0.0,-0.048526863084922045,66.0,17.5,95.38331284797556,0.8077930742188261
1155,1155.0,0.792731973960394,0.8254,0.0003258355921339672,0.31815632562212126,0.0,-0.04761904761904745,66.0,17.515151515151516,100.7401167048164,0.8180135785721517
1156,1156.0,0.7935057469602386,0.8263,0.00032643131483656553,0.3187253940435382,0.0,-0.04671280276816603,66.0,17.53030303030303,95.32946225180673,0.8076844985770821
1157,1157.0,0.7942766257617534,0.8273,0.00032703134126206904,0.319298544669013,0.0,-0.04580812445980986,66.0,17.545454545454547,89.88652920378735,0.7960391451785985
1158,1158.0,0.7950446147929876,0.8282,0.00032763562386722606,0.3198758578558007,0.0,-0.04490500863557845,66.0,17.560606060606062,92.4555797880026,0.8017065776303494
1159,1159.0,0.7958097185367947,0.8292,0.0003282442926827066,0.3204573377395475,0.0,-0.04400345125107852,66.0,17.575757575757574,89.89660570266047,0.7960620071243606
1160,1160.0,0.7965719415306441,0.8301,0.00032885730958874976,0.32104305156649005,0.0,-0.0431034482758621,66.0,17.59090909090909,94.43270291902236,0.8058582168398327
1161,1161.0,0.7973312883664109,0.8311,0.00032947478329648134,0.3216330289704265,1.0,-0.042204995693367664,66.0,17.606060606060606,88.57514486742659,0.7930194372160108
1162,1162.0,0.7851786518632683,0.8155,0.00032190083649438967,0.31433216724756186,0.0,-0.05708548479632802,67.0,17.35820895522388,89.41925317506958,0.7949733118723392
1163,1163.0,0.7859725562718878,0.8164,0.00032244719523552687,0.3148532556534499,0.0,-0.05617655488678697,67.0,17.37313432835821,97.13139357189705,0.81125223618085
1164,1164.0,0.7867636041127474,0.8174,0.00032299727164889955,0.3153779963400116,0.0,-0.055269186712485485,67.0,17.388059701492537,93.88030814793471,0.8047158803053348
1165,1165.0,0.7875517989276564,0.8183,0.0003235511658255741,0.31590634893933234,0.0,-0.05436337625178833,67.0,17.402985074626866,99.210788382547,0.8152082688563888
1166,1166.0,0.7883371443126184,0.8193,0.0003241088621821341,0.31643842100145564,0.0,-0.05345911949685522,67.0,17.417910447761194,92.7911095966442,0.802423600568773
1167,1167.0,0.7891196439177838,0.8202,0.00032467044981368065,0.3169741782765798,0.0,-0.05255641245358467,67.0,17.432835820895523,95.53681904485995,0.8081019075512155
1168,1168.0,0.7898993014473837,0.8212,0.00032523591247823517,0.31751373412583733,0.0,-0.05165525114155245,67.0,17.44776119402985,95.97787845951683,0.8089837613876173
1169,1169.0,0.7906761206596624,0.8221,0.00032580535278274765,0.31805705020583513,1.0,-0.0507556315939548,67.0,17.46268656716418,87.2608227336569,0.7899018968765454
1170,1170.0,0.7783196277677011,0.8066,0.00031901120962981325,0.3115148816363398,0.0,-0.06552706552706544,68.0,17.220588235294116,91.52617113379452,0.7996929937500242
1171,1171.0,0.7791298776217898,0.8075,0.00031951746100146287,0.3119970822842446,0.0,-0.06461713635069732,68.0,17.235294117647058,88.130235494876,0.7919745337070017
1172,1172.0,0.7799373201389258,0.8085,0.0003200270751880801,0.3124824650127506,0.0,-0.06370875995449365,68.0,17.25,94.80206910930985,0.8066146287145441
1173,1173.0,0.7807419580823581,0.8094,0.00032054002389445257,0.31297112325489646,0.0,-0.0628019323671496,68.0,17.264705882352942,95.01271162673977,0.807043362730701
1174,1174.0,0.7815437942673238,0.8104,0.00032105641732123075,0.3134630200750647,0.0,-0.061896649630891476,68.0,17.279411764705884,97.60646088035939,0.8121709037703424
1175,1175.0,0.7823428315611308,0.8113,0.0003215762074676338,0.3139582632589754,0.0,-0.06099290780141842,68.0,17.294117647058822,89.24790779656195,0.7945796849924635
1176,1176.0,0.7831390728832309,0.8123,0.00032209951273450606,0.31445681312496265,0.0,-0.06009070294784569,68.0,17.308823529411764,86.54056916098494,0.7881533076212013
1177,1177.0,0.78393252120527,0.8132,0.0003226262894231514,0.3149587694119098,0.0,-0.05919003115264787,68.0,17.323529411764707,95.29407351467971,0.807613079626519
1178,1178.0,0.7847231795511419,0.8142,0.0003231566399582153,0.31546411225247833,0.0,-0.05829088851160136,68.0,17.33823529411765,85.86851263836532,0.7864952731795408
1179,1179.0,0.7855110509970137,0.8151,0.00032369054930165534,0.31597291062770405,0.0,-0.05739327113372905,68.0,17.352941176470587,101.54121510964346,0.8194493407082323
1180,1180.0,0.786296138671357,0.8161,0.0003242280793703826,0.3164851873603331,0.0,-0.05649717514124286,68.0,17.36764705882353,90.19237159247552,0.796730776565334
1181,1181.0,0.7870784457549607,0.817,0.00032476926850513645,0.31700095764335384,0.0,-0.05560259666948908,68.0,17.38235294117647,96.70880701672496,0.8104274688223303
1182,1182.0,0.7878579754809275,0.8179,0.0003253141165938828,0.3175203101885502,0.0,-0.0547095318668922,68.0,17.397058823529413,87.874302451854,0.7913686615790994
1183,1183.0,0.788634731134669,0.8189,0.0003258627303199411,0.3180432222165487,1.0,-0.053817976894899866,68.0,17.41176470588235,85.52017429188804,0.7856256317864833
1184,1184.0,0.7763018035145369,0.8036,0.00031938979531465387,0.31181555413378353,0.0,-0.06841216216216206,69.0,17.17391304347826,97.29692877964212,0.8115733604001558
1185,1185.0,0.7771109901173304,0.8045,0.0003198787941837835,0.31228076464583504,0.0,-0.06751054852320659,69.0,17.18840579710145,95.38335342348329,0.807793155982502
1186,1186.0,0.7779174379487603,0.8054,0.0003203709024440592,0.3127490402292557,0.0,-0.06661045531197285,69.0,17.202898550724637,90.40299643647828,0.7972043620676306
1187,1187.0,0.7787211493519404,0.8064,0.00032086623151762755,0.3132203412446836,0.0,-0.06571187868576223,69.0,17.217391304347824,93.0378313617789,0.8029475422525283
1188,1188.0,0.7795221267195339,0.8073,0.00032136474665661244,0.31369476116214695,0.0,-0.06481481481481466,69.0,17.231884057971016,90.83239121092822,0.7981630441638355
1189,1189.0,0.7803203724939085,0.8083,0.0003218665212232929,0.3141722878337405,0.0,-0.063919259882254,69.0,17.246376811594203,96.68111367784579,0.8103731676651718
1190,1190.0,0.7811158891672438,0.8092,0.000322371577761585,0.3146529636921025,0.0,-0.06302521008403361,69.0,17.26086956521739,85.92821193901115,0.78664360726666
1191,1191.0,0.7819086792816525,0.8102,0.00032287992039494264,0.31513684575305156,0.0,-0.06213266162888331,69.0,17.27536231884058,91.55243425141472,0.7997504546630879
1192,1192.0,0.7826987454292792,0.8111,0.00032339165371709556,0.31562392311461146,0.0,-0.06124161073825496,69.0,17.28985507246377,89.47428908301482,0.7950994244131568
1193,1193.0,0.7834860902523935,0.812,0.0003239067436270837,0.316114264141028,0.0,-0.06035205364626983,69.0,17.304347826086957,89.36048996960042,0.7948384869020956
1194,1194.0,0.7842707164434692,0.813,0.0003244252340456881,0.3166078957722936,0.0,-0.0594639865996649,69.0,17.318840579710145,93.4493189678092,0.8038152280205629
1195,1195.0,0.7850526267452542,0.8139,0.00032494720835357985,0.3171048265451467,0.0,-0.05857740585774063,69.0,17.333333333333332,98.92038138676511,0.8146657637554741
1196,1196.0,0.7858318239508292,0.8148,0.0003254726477761675,0.31760511151127935,0.0,-0.05769230769230771,69.0,17.347826086956523,88.05626964525477,0.7917997956625762
1197,1197.0,0.7866083109036578,0.8157,0.0003260015896269581,0.3181087974971824,0.0,-0.05680868838763553,69.0,17.36231884057971,90.53735824557425,0.7975053205815233
1198,1198.0,0.7873820904976206,0.8167,0.00032653410975140367,0.3186158875891139,0.0,-0.055926544240400666,69.0,17.3768115942029,88.2064684714411,0.7921543209807886
1199,1199.0,0.7881531656770465,0.8176,0.0003270702181247731,0.3191264178644358,0.0,-0.05504587155963292,69.0,17.391304347826086,96.76886917054786,0.8105451320194492
1200,1200.0,0.7889215394367237,0.8185,0.0003276099390355776,0.31964044631254135,0.0,-0.054166666666666696,69.0,17.405797101449274,92.44397818793479,0.8016816920615162
1201,1201.0,0.7896872148219067,0.8194,0.0003281533103585039,0.3201580048863122,1.0,-0.05328892589508727,69.0,17.420289855072465,86.06934573774583,0.7869934623507516
1202,1202.0,0.7775176733239882,0.8043,0.00032173928017048927,0.3139908822420582,0.0,-0.06766500277315579,70.0,17.185714285714287,88.67733763343863,0.7932579639556052
1203,1203.0,0.7783149336627272,0.8053,0.00032222404082364386,0.31445171555480494,0.0,-0.06677750069271271,70.0,17.2,92.95248131522403,0.8027666064000957
1204,1204.0,0.77910953103795,0.8062,0.0003227119018450967,0.3149155158018679,0.0,-0.06589147286821695,70.0,17.214285714285715,92.31259503084917,0.8013994371276566
1205,1205.0,0.7799014675934438,0.8071,0.00032320287541773307,0.3153823549705177,0.0,-0.06500691562932226,70.0,17.228571428571428,91.34034866137789,0.7992854899065505
1206,1206.0,0.7806907455206544,0.8081,0.0003236970121165425,0.31585221838400473,0.0,-0.0641238253178551,70.0,17.242857142857144,96.62940280725152,0.8102716895611662
1207,1207.0,0.7814773670588305,0.809,0.0003241943642646086,0.3163251390375928,0.0,-0.06324219828776578,70.0,17.257142857142856,93.00728441728802,0.8028828231229858
1208,1208.0,0.7822613344951566,0.8099,0.0003246949294752636,0.31680116540966585,0.0,-0.06236203090507719,70.0,17.271428571428572,95.3859685980404,0.8077984256721175
1209,1209.0,0.7830426501648693,0.8108,0.00032519874236524253,0.31728034060125604,0.0,-0.06148331954783548,70.0,17.285714285714285,87.85938499262876,0.7913332385052381
1210,1210.0,0.7838213164513763,0.8118,0.00032570584528217355,0.31776267021730975,0.0,-0.06060606060606055,70.0,17.3,88.65820712892584,0.7932133535401501
1211,1211.0,0.7845973357863507,0.8127,0.000326216297098538,0.31824818771603886,0.0,-0.059730250481695446,70.0,17.314285714285713,87.68764163850814,0.7909245477382958
1212,1212.0,0.7853707106498292,0.8136,0.00032673009846458757,0.3187369266775596,0.0,-0.05885588558855881,70.0,17.32857142857143,97.9917203847445,0.8129093635528467
1213,1213.0,0.7861414435702843,0.8145,0.000327247284481511,0.3192289311667127,0.0,-0.0579829623522945,70.0,17.34285714285714,86.60676301142477,0.7883152227856053
1214,1214.0,0.7869095371246985,0.8154,0.000327767890378399,0.3197242415833682,0.0,-0.057111477210323836,70.0,17.357142857142858,88.17125696404311,0.7920713170641335
1215,1215.0,0.7876749939386213,0.8163,0.0003282919515131658,0.3202228723416029,0.0,-0.056241426611796985,70.0,17.37142857142857,99.05062108218513,0.8149094560636663
1216,1216.0,0.7884378166862228,0.8173,0.0003288195062770394,0.32072485750127216,0.0,-0.05537280701754366,70.0,17.385714285714286,89.934016233522,0.7961468407490094
1217,1217.0,0.7891980080903314,0.8182,0.0003293506063969968,0.3212302312486838,0.0,-0.054505614900027366,70.0,17.4,95.69797939549969,0.8084250738715651
1218,1218.0,0.7899555709224584,0.8191,0.0003298852657603471,0.3217390278975696,0.0,-0.05363984674329503,70.0,17.414285714285715,93.10680055167035,0.803093509553482
1219,1219.0,0.790710508002824,0.82,0.00033042352022950297,0.3222512818900709,0.0,-0.05277549904293144,70.0,17.428571428571427,90.01872685790723,0.7963386733710183
1220,1220.0,0.7914628222003635,0.8209,0.0003309654058002372,0.3227670277977271,0.0,-0.051912568306010876,70.0,17.442857142857143,93.33341311930029,0.8035715964881798
1221,1221.0,0.7922125164327245,0.8218,0.00033151095860266483,0.3232863003224809,0.0,-0.05105105105105112,70.0,17.457142857142856,96.37857188994332,0.8097779104439465
1222,1222.0,0.7929595936662568,0.8227,0.0003320602149022105,0.32380913429769176,0.0,-0.05019094380796507,70.0,17.47142857142857,95.95511079673335,0.8089384381810597
1223,1223.0,0.7937040569159952,0.8236,0.00033261321110062184,0.3243355646891462,1.0,-0.04933224311801565,70.0,17.485714285714284,86.42546401694449,0.7878711610997088
1224,1224.0,0.7818268928323867,0.8088,0.0003260085815086045,0.3179878361562982,0.0,-0.06345315904139426,71.0,17.253521126760564,94.42347085530308,0.8058392350199899
1225,1225.0,0.7826022519999598,0.8097,0.0003265015516448281,0.3184562256488952,0.0,-0.06258503401360538,71.0,17.267605633802816,90.8024586902207,0.7980965097445339
1226,1226.0,0.7833750290078278,0.8106,0.00032699769157336865,0.31892766181986604,0.0,-0.061718325176726374,71.0,17.281690140845072,96.2625863197521,0.8095487142591813
1227,1227.0,0.7841452259976415,0.8115,0.0003274970340201004,0.31940217610266536,0.0,-0.0608530290681879,71.0,17.295774647887324,93.05616390375113,0.8029863625982296
1228,1228.0,0.7849128451574314,0.8124,0.00032799961182264614,0.319879800039545,0.0,-0.059989142236699156,71.0,17.309859154929576,91.88559927167776,0.8004765330078847
1229,1229.0,0.7856778887217362,0.8133,0.00032850545793110616,0.320360574597353,0.0,-0.05912666124220234,71.0,17.323943661971832,88.5032814471933,0.7928513719090499
1230,1230.0,0.7864403589716795,0.8142,0.0003290146054087992,0.32084452029421706,0.0,-0.05826558265582649,71.0,17.338028169014084,85.88258176442702,0.7865302491298988
1231,1231.0,0.7872002582350759,0.8151,0.0003295270874329812,0.32133166823495674,0.0,-0.05740590305984283,71.0,17.35211267605634,95.51654190019175,0.8080611696297547
1232,1232.0,0.7879575888865051,0.816,0.0003300429372956064,0.32182205038682804,1.0,-0.05654761904761885,71.0,17.366197183098592,85.01536832120426,0.7843527153341675
1233,1233.0,0.7759385318283162,0.8013,0.0003240376207067727,0.3160569283521495,0.0,-0.07055961070559591,72.0,17.13888888888889,102.17375457813833,0.8205670975973312
1234,1234.0,0.7767256724989108,0.8022,0.0003244995383541948,0.31649519395774506,0.0,-0.06969205834683945,72.0,17.15277777777778,90.03453814026804,0.7963744390539198
1235,1235.0,0.7775102844055742,0.8031,0.00032496430508844215,0.31693619361370184,0.0,-0.06882591093117396,72.0,17.166666666666668,94.6626472745027,0.8063298052486284
1236,1236.0,0.7782923691133373,0.804,0.00032543195089871816,0.3173799561134446,0.0,-0.06796116504854366,72.0,17.180555555555557,88.68338151074225,0.7932720536698005
1237,1237.0,0.7790719282304441,0.8049,0.00032590250586859786,0.31782651034251486,0.0,-0.06709781729991904,72.0,17.194444444444443,94.1269248285209,0.8052275332830352
1238,1238.0,0.7798489634085589,0.8058,0.0003263760001765422,0.3182758852791355,0.0,-0.06623586429725359,72.0,17.208333333333332,95.45741537019273,0.8079422823021662
1239,1239.0,0.7806234763429485,0.8067,0.0003268524640964578,0.3187281099947857,0.0,-0.06537530266343827,72.0,17.22222222222222,87.2631984797926,0.7899076168107825
1240,1240.0,0.781395468772677,0.8076,0.00032733192799822036,0.31918321365477376,0.0,-0.06451612903225801,72.0,17.23611111111111,103.52200362326667,0.8229039944005402
1241,1241.0,0.7821649424807676,0.8085,0.0003278144223482138,0.3196412255188162,0.0,-0.06365834004834814,72.0,17.25,87.12479442363515,0.7895738698195438
1242,1242.0,0.782931899294376,0.8094,0.000328299977709889,0.32010217494161985,0.0,-0.0628019323671496,72.0,17.26388888888889,92.66390238600579,0.802152371513958
1243,1243.0,0.7836963410849385,0.8103,0.00032878862474429546,0.3205660913734715,0.0,-0.06194690265486713,72.0,17.27777777777778,96.44232217099513,0.8099036510047136
1244,1244.0,0.7844582697683186,0.8112,0.0003292803942106403,0.32103300436082977,0.0,-0.06109324758842427,72.0,17.291666666666668,91.86498769538919,0.8004317662989955
1245,1245.0,0.7852176873049406,0.8121,0.00032977531696682673,0.3215029435469095,0.0,-0.06024096385542155,72.0,17.305555555555557,97.74166863212044,0.812430731028992
1246,1246.0,0.7859745956999182,0.813,0.0003302734239700288,0.3219759386722876,0.0,-0.05939004815409299,72.0,17.319444444444443,96.61047043804827,0.8102345092596394
1247,1247.0,0.7867289970031695,0.8139,0.00033077474627722544,0.3224520195755028,0.0,-0.05854049719326371,72.0,17.333333333333332,94.19075275661012,0.805359519944523
1248,1248.0,0.7874808933095211,0.8148,0.00033127931504577107,0.32293121619365744,0.0,-0.05769230769230771,72.0,17.34722222222222,98.52325364670543,0.813918718122375
1249,1249.0,0.7882302867588116,0.8157,0.00033178716153395413,0.32341355894961715,0.0,-0.05684547638110482,72.0,17.36111111111111,97.5138675354652,0.811992552478081
1250,1250.0,0.7889771795359698,0.8166,0.0003322983171015521,0.3238991009452804,0.0,-0.05599999999999983,72.0,17.375,92.24027258484989,0.8012437212122407
1251,1251.0,0.7897215738711036,0.8175,0.0003328128132104045,0.3243878519275239,0.0,-0.05515587529976007,72.0,17.38888888888889,93.254717932924,0.8034058357613597
1252,1252.0,0.7904634720395629,0.8184,0.0003333306814249734,0.3248798422529509,0.0,-0.054313099041533475,72.0,17.40277777777778,89.82946460565404,0.7959095780675576
1253,1253.0,0.7912028763620012,0.8192,0.0003338519562918649,0.3253751023800284,0.0,-0.05347166799680747,72.0,17.416666666666668,93.0683294037136,0.8030121153909764
1254,1254.0,0.7919397892044253,0.8201,0.0003343767003512666,0.3258736628697235,0.0,-0.05263157894736836,72.0,17.430555555555557,93.87411437176105,0.8047029955379444
1255,1255.0,0.7926742129782364,0.821,0.0003349049150079541,0.3263755543861177,0.0,-0.05179282868525892,72.0,17.444444444444443,88.61553766446302,0.7931137832424906
1256,1256.0,0.7934061501402699,0.8219,0.0003354366322653455,0.3268808405361279,0.0,-0.05095541401273884,72.0,17.458333333333332,94.07937170054338,0.8051290840707491
1257,1257.0,0.7941356031928029,0.8228,0.000335971884232627,0.3273895301081671,0.0,-0.05011933174224348,72.0,17.47222222222222,91.38606119549534,0.7993858899978826
1258,1258.0,0.7948625746835828,0.8236,0.00033651070909880885,0.32790164632238633,1.0,-0.049284578696343395,72.0,17.48611111111111,85.02216901699214,0.7843699643834149
1259,1259.0,0.7832507207916746,0.8092,0.0003300904165010647,0.32173917785989226,0.0,-0.06301297325920041,73.0,17.26027397260274,96.53858845814355,0.8100932111589537
1260,1260.0,0.7840070228866168,0.8101,0.00033057176606094617,0.3221957507476993,0.0,-0.062169312169312096,73.0,17.273972602739725,85.11186133008289,0.7845971989470122
1261,1261.0,0.7847608764455635,0.811,0.0003310561520555653,0.3226552452643878,0.0,-0.06132698916204071,73.0,17.28767123287671,90.18110906126196,0.7967053906946397
1262,1262.0,0.7855122832163147,0.8119,0.00033154360337249645,0.3231177034140741,0.0,-0.06048600105652402,73.0,17.301369863013697,91.14427972496038,0.7988537142576964
1263,1263.0,0.7862612449895994,0.8128,0.00033203414898546187,0.3235831323995657,0.0,-0.05964634468197416,73.0,17.315068493150687,91.29324554988675,0.7991819304603957
1264,1264.0,0.7870077635992073,0.8136,0.0003325278330394571,0.32405156018779496,0.0,-0.05880801687763704,73.0,17.328767123287673,91.08563540436595,0.7987242087959945
1265,1265.0,0.7877518409221139,0.8145,0.00033302469784636193,0.3245230148323275,0.0,-0.05797101449275366,73.0,17.34246575342466,89.79067214367508,0.7958214044327683
1266,1266.0,0.7884934788785893,0.8154,0.00033352474756622667,0.32499753318367236,0.0,-0.0571353343865193,73.0,17.356164383561644,99.2527958496567,0.8152864795758119
1267,1267.0,0.7892326794323107,0.8163,0.0003340280115432126,0.32547517291337597,0.0,-0.056300973428045076,73.0,17.36986301369863,92.35911228373656,0.8014994635611972
1268,1268.0,0.7899694445904423,0.8172,0.00033453451920979754,0.32595592715616756,0.0,-0.05546792849631954,73.0,17.383561643835616,99.74868863167166,0.8162047683550976
1269,1269.0,0.7907037764037386,0.818,0.0003350443523641326,0.32643982433642715,0.0,-0.05463619648016804,73.0,17.397260273972602,91.89236931124061,0.8004912326154296
1270,1270.0,0.7914356769666101,0.8189,0.0003355574948372317,0.3269269109173967,0.0,-0.0538057742782152,73.0,17.410958904109588,89.24113070643556,0.7945640851006022
1271,1271.0,0.7921651484171981,0.8198,0.0003360739731149485,0.3274172378853194,1.0,-0.052976658798846055,73.0,17.424657534246574,82.803689671119,0.7785927969375525
1272,1272.0,0.7805418460336385,0.8055,0.00033000512215454274,0.32159753067172786,0.0,-0.06656184486373151,74.0,17.2027027027027,92.85185373580993,0.8025528560205496
1273,1273.0,0.7812997559104703,0.8064,0.00033046778433005417,0.3220358900469872,0.0,-0.06572401152134066,74.0,17.216216216216218,88.37082661925335,0.7925408866851196
1274,1274.0,0.782055273802974,0.8073,0.0003309332837274982,0.3224769718295385,0.0,-0.06488749345892186,74.0,17.22972972972973,97.30829954792799,0.8115953786212914
1275,1275.0,0.7828084010970473,0.8081,0.0003314016811049997,0.3229208016684112,0.0,-0.06405228758169934,74.0,17.243243243243242,86.65773083760094,0.7884397253871034
1276,1276.0,0.7835591392191467,0.809,0.0003318729851507409,0.32336740528548,0.0,-0.06321839080459757,74.0,17.256756756756758,93.5127823562253,0.8039483707853459
1277,1277.0,0.7843074896364743,0.8099,0.0003323472097100546,0.32381684029266256,0.0,-0.06238580005220573,74.0,17.27027027027027,86.06100588780957,0.786972820684516
1278,1278.0,0.785053453857136,0.8108,0.0003328243816550704,0.3242691221167358,1.0,-0.06155451225873754,74.0,17.283783783783782,78.8197476002362,0.7674017756778709
1279,1279.0,0.7732445421306369,0.7966,0.0003273933974703929,0.31906827460519915,0.0,-0.07505863956215775,75.0,17.066666666666666,90.02044980501384,0.7963425713485801
1280,1280.0,0.7740178070718718,0.7975,0.00032782314623517787,0.319474774650901,0.0,-0.07421875,75.0,17.08,88.08935231406217,0.7918779869334255
1281,1281.0,0.7747887309819167,0.7983,0.00032825542571118175,0.3198836708139298,0.0,-0.07338017174082756,75.0,17.093333333333334,93.29147137748114,0.8034832867073992
1282,1282.0,0.775557314691463,0.7992,0.00032869023905767223,0.32029498632057196,0.0,-0.07254290171606859,75.0,17.106666666666666,94.99510183137318,0.8070075932348909
1283,1283.0,0.7763235590677223,0.8001,0.0003291276028687658,0.3207087478960479,0.0,-0.07170693686671847,75.0,17.12,91.52401838876125,0.7996882823101156
1284,1284.0,0.7770874650146992,0.801,0.00032956754139204476,0.3211250176104148,0.0,-0.0708722741433021,75.0,17.133333333333333,88.22636532355936,0.7922011944377615
1285,1285.0,0.7778490334734506,0.8018,0.0003300100900728482,0.3215437795842053,0.0,-0.07003891050583655,75.0,17.14666666666667,92.21210224759511,0.8011830021605275
1286,1286.0,0.7786082654223465,0.8027,0.0003304553050837727,0.321965057301744,0.0,-0.06920684292379464,75.0,17.16,86.29744539489488,0.7875564769102901
1287,1287.0,0.779365161877311,0.8036,0.00033090317105926166,0.3223888840175713,0.0,-0.06837606837606836,75.0,17.173333333333332,87.02793823548066,0.7893396798195207
1288,1288.0,0.780119723892061,0.8045,0.00033135371250452695,0.32281532059379947,0.0,-0.06754658385093149,75.0,17.186666666666667,89.92544975763359,0.7961274212945813
1289,1289.0,0.7808719525583376,0.8053,0.00033180699002377306,0.323244346677384,0.0,-0.06671838634600458,75.0,17.2,94.96512521644833,0.8069466734072401
1290,1290.0,0.7816218490061302,0.8062,0.00033226302237083203,0.32367598601510683,0.0,-0.06589147286821695,75.0,17.213333333333335,97.69091841588255,0.8123332892082555
1291,1291.0,0.7823694144038859,0.8071,0.00033272180729637234,0.3241103209467913,0.0,-0.06506584043377206,75.0,17.226666666666667,88.57221719633264,0.7930125956687417
1292,1292.0,0.7831146499587168,0.8079,0.0003331834016816708,0.3245473262932512,0.0,-0.06424148606811131,75.0,17.24,89.02049363778426,0.7940549127043725
1293,1293.0,0.783857556916598,0.8088,0.00033364784146907477,0.32498702039484983,0.0,-0.06341840680587763,75.0,17.253333333333334,94.82945821507289,0.8066704832189023
1294,1294.0,0.7845981365625582,0.8097,0.00033411511160994883,0.3254294990243767,0.0,-0.06259659969088083,75.0,17.266666666666666,97.1455411812566,0.8112797241087315
1295,1295.0,0.7853363902208536,0.8105,0.00033458529100709655,0.3258747166768075,0.0,-0.06177606177606165,75.0,17.28,94.9194729949021,0.8068538229840575
1296,1296.0,0.7860723192551501,0.8114,0.00033505838148385953,0.32632272972089915,0.0,-0.06095679012345667,75.0,17.293333333333333,87.27647468439699,0.789939575359465
1297,1297.0,0.7868059250686804,0.8122,0.000335534392003582,0.3267735801086894,0.0,-0.06013878180416343,75.0,17.30666666666667,90.50172824805996,0.797425599618576
1298,1298.0,0.7875372091044044,0.8131,0.00033601341601500106,0.32722724544739895,0.0,-0.05932203389830493,75.0,17.32,89.06266656474247,0.7941524317598749
1299,1299.0,0.788266172845155,0.814,0.0003364954026413243,0.32768383760490005,0.0,-0.058506543494996066,75.0,17.333333333333332,98.200261923867,0.8133066758259071
1300,1300.0,0.7889928178137778,0.8148,0.0003369804536468527,0.3281432965018794,0.0,-0.05769230769230771,75.0,17.346666666666668,90.28700219211758,0.7969438248229499
1301,1301.0,0.7897171455732636,0.8157,0.00033746854189536317,0.32860571853509285,0.0,-0.05687932359723269,75.0,17.36,96.88600113844986,0.8107741766828105
1302,1302.0,0.7904391577268712,0.8165,0.0003379597344597992,0.3290710812482987,0.0,-0.05606758832565273,75.0,17.373333333333335,95.77680739985755,0.8085827474203259
1303,1303.0,0.791158855918241,0.8174,0.0003384540393601058,0.32953945387166256,0.0,-0.055257099002302246,75.0,17.386666666666667,95.2883610817225,0.8076015462412031
1304,1304.0,0.7918762418315072,0.8182,0.00033895150019148013,0.3300108312482627,0.0,-0.05444785276073616,75.0,17.4,91.92348309230808,0.8005587613023399
1305,1305.0,0.792591317191387,0.8191,0.0003394521375356524,0.3304852762110836,0.0,-0.05363984674329503,75.0,17.413333333333334,97.83390938680283,0.8126075769818273
1306,1306.0,0.7933040837632832,0.8199,0.0003399559942574335,0.3309627798529548,0.0,-0.05283307810107196,75.0,17.426666666666666,90.58839007382406,0.7976193934079988
1307,1307.0,0.7940145433533544,0.8208,0.0003404630806087156,0.33144341979559655,0.0,-0.0520275439938791,75.0,17.44,100.54284429873302,0.817656507917547
1308,1308.0,0.794722697808602,0.8216,0.00034097346177200513,0.3319271620687811,0.0,-0.051223241590214075,75.0,17.453333333333333,96.00622339299709,0.8090401571334946
1309,1309.0,0.7954285490169228,0.8225,0.00034148711447361317,0.3324141205352381,0.0,-0.05042016806722671,75.0,17.466666666666665,95.04531350712253,0.8071095495733257
1310,1310.0,0.796132098907182,0.8233,0.0003420041495695451,0.33290424187177076,0.0,-0.04961832061068683,75.0,17.48,95.60069446142806,0.8082301238854466
1311,1311.0,0.796833349449252,0.8241,0.00034252451450154003,0.33339761603019263,0.0,-0.048817696414950484,75.0,17.493333333333332,92.66142552888836,0.8021470830100959
1312,1312.0,0.7975323026540595,0.825,0.00034304830622587044,0.3338942453966554,1.0,-0.0480182926829269,75.0,17.506666666666668,87.21868846188187,0.7898004010763616
1313,1313.0,0.7863385039004078,0.8111,0.00033680512102288233,0.3279132774110865,0.0,-0.06118304138106123,76.0,17.289473684210527,88.00006188026197,0.7916668131633959
1314,1314.0,0.7870646871054842,0.812,0.0003372741829164692,0.32835707735609054,0.0,-0.0603754439370876,76.0,17.30263157894737,95.46782684705387,0.807963227625317
1315,1315.0,0.7877886061825411,0.8128,0.0003377460964879346,0.3288036914173662,0.0,-0.05956907477820006,76.0,17.31578947368421,92.08976692208262,0.8009188865811202
1316,1316.0,0.7885102624363739,0.8137,0.000338220974992032,0.329253077749634,0.0,-0.058763931104356626,76.0,17.32894736842105,93.59668097348279,0.8041241084336376
1317,1317.0,0.7892296572102131,0.8145,0.0003386987769088353,0.32970531569423434,0.0,-0.05796001012401919,76.0,17.342105263157894,104.56423078085298,0.8246691703613585
1318,1318.0,0.789946791885875,0.8154,0.00033917957912159925,0.3301604020277375,0.0,-0.05715730905412242,76.0,17.355263157894736,93.85969147057584,0.8046729853242628
1319,1319.0,0.7906616678838928,0.8162,0.0003396633884236444,0.33061836713686105,0.0,-0.05635582512004045,76.0,17.36842105263158,89.58731617805593,0.7953579355263238
1320,1320.0,0.7913742866636451,0.8171,0.00034015022210489817,0.3310792678736795,0.0,-0.05555555555555558,76.0,17.38157894736842,88.35272327721759,0.7924983786203145
1321,1321.0,0.792084649723474,0.8179,0.00034064015864772876,0.33154307896471485,0.0,-0.05475649760282608,76.0,17.394736842105264,93.64302089487272,0.8042210390252676
1322,1322.0,0.7927927586007976,0.8187,0.00034113316130241416,0.3320098944302867,0.0,-0.05395864851235488,76.0,17.407894736842106,94.06690020661354,0.8051032478686443
1323,1323.0,0.7934986148722116,0.8196,0.0003416293166897728,0.3324796955013593,1.0,-0.0531620055429578,76.0,17.42105263157895,86.85913132376831,0.7889302707277184
1324,1324.0,0.7822359628953618,0.8059,0.0003358294477813779,0.3269294930813873,0.0,-0.06621349446122848,77.0,17.207792207792206,92.11301264590044,0.8009691268723337
1325,1325.0,0.7829681576412059,0.8067,0.0003362753060078261,0.3273507723671796,0.0,-0.06540880503144653,77.0,17.22077922077922,89.48834456410245,0.7951316071088926
1326,1326.0,0.7836981379343695,0.8076,0.0003367237884617922,0.3277746305813232,0.0,-0.06460532931121166,77.0,17.233766233766232,91.20113728968707,0.7989791149741896
1327,1327.0,0.7844259046953895,0.8084,0.00033717500769097475,0.32820102605423745,0.0,-0.06380306455664408,77.0,17.246753246753247,86.19056513806814,0.7872930371907264
1328,1328.0,0.7851514588806396,0.8092,0.00033762890269925505,0.3286300622103179,0.0,-0.06300200803212852,77.0,17.25974025974026,95.35624995326748,0.8077385242989505
1329,1329.0,0.7858748014825291,0.8101,0.00033808556382518393,0.32906169936592955,0.0,-0.06220215701028331,77.0,17.272727272727273,92.35459599309979,0.801489756560647
1330,1330.0,0.7865959335296894,0.8109,0.00033854498738481614,0.32949598796457275,0.0,-0.06140350877192979,77.0,17.285714285714285,102.75483496888343,0.8215817938018674
1331,1331.0,0.7873148560871612,0.8118,0.0003390071833922803,0.32993297268145844,0.0,-0.06060606060606055,77.0,17.2987012987013,107.33119286152149,0.8291891402251816
1332,1332.0,0.7880315702565709,0.8126,0.0003394722463747374,0.3303726341381928,0.0,-0.05980980980980988,77.0,17.31168831168831,88.24636506367484,0.7922482889793276
1333,1333.0,0.7887460771762893,0.8134,0.0003399401314607592,0.33081504794166783,0.0,-0.05901475368842202,77.0,17.324675324675326,94.68899457632267,0.8063836941625141
1334,1334.0,0.789458378021604,0.8143,0.0003404108906330127,0.33126021956256496,0.0,-0.05822088955522231,77.0,17.337662337662337,94.51095580716583,0.8060189617514872
1335,1335.0,0.7901684740048646,0.8151,0.00034088458548589545,0.331708153224369,0.0,-0.057428214731585436,77.0,17.350649350649352,96.24541045860065,0.8095147265103171
1336,1336.0,0.7908763663756319,0.8159,0.00034136119193324505,0.3321589178039282,0.0,-0.0566367265469061,77.0,17.363636363636363,95.43495197040362,0.8078970759159717
1337,1337.0,0.7915820564208089,0.8168,0.0003418407497357158,0.33261252591331514,0.0,-0.055846422338568846,77.0,17.376623376623378,100.78915959337095,0.8181021311488429
1338,1338.0,0.7922855454647856,0.8176,0.00034232333803007996,0.33306898227746917,0.0,-0.05505729945191806,77.0,17.38961038961039,93.67126196852023,0.8042800646852121
1339,1339.0,0.7929868348695467,0.8184,0.0003428089283604112,0.33352832539831906,0.0,-0.05426935524022891,77.0,17.4025974025974,97.43167317080756,0.8118339474557401
1340,1340.0,0.793685926034798,0.8192,0.00034329755191110195,0.3339906222058991,0.0,-0.05348258706467646,77.0,17.415584415584416,90.17492710190643,0.7966914537938591
1341,1341.0,0.7943828203980677,0.8201,0.0003437892685030048,0.3344558544132502,0.0,-0.05269699229430769,77.0,17.428571428571427,95.0319657247855,0.8070824570079184
1342,1342.0,0.7950775194348112,0.8209,0.0003442841079733797,0.33492405205255454,1.0,-0.051912568306010876,77.0,17.441558441558442,89.45847606877534,0.7950632054223824
1343,1343.0,0.7839761028870613,0.8074,0.0003384827645219012,0.32937569974352576,0.0,-0.06478034251675346,78.0,17.23076923076923,85.78148751453708,0.7862786731201595
1344,1344.0,0.78469654795717,0.8082,0.0003389275937660859,0.3297956866053834,0.0,-0.06398809523809512,78.0,17.243589743589745,91.16117906495526,0.798891002492736
1345,1345.0,0.7854148349717142,0.809,0.00033937504748604645,0.33021824816027684,0.0,-0.0631970260223047,78.0,17.256410256410255,94.3437309979287,0.805675129238467
1346,1346.0,0.7861309647735881,0.8099,0.0003398251809810993,0.3306433492930762,0.0,-0.06240713224368499,78.0,17.26923076923077,94.08988434700605,0.8051508569643948
1347,1347.0,0.7868449382403986,0.8107,0.0003402780339872598,0.3310710173304768,0.0,-0.06161841128433543,78.0,17.28205128205128,99.34859798233971,0.8154645993434927
1348,1348.0,0.7875567562846482,0.8115,0.0003407335948181173,0.3315013130760382,0.0,-0.060830860534124565,78.0,17.294871794871796,90.16488147743064,0.7966688023881849
1349,1349.0,0.7882664198539227,0.8123,0.00034119189225899376,0.33193425094443507,0.0,-0.060044477390659656,78.0,17.307692307692307,95.92390676436501,0.8088762858838854
1350,1350.0,0.7889739299310669,0.8132,0.0003416529979655242,0.33236983600081105,0.0,-0.05925925925925912,78.0,17.32051282051282,92.68553658506285,0.8021985521278416
1351,1351.0,0.789679287534352,0.814,0.0003421169096951734,0.3328080959559251,0.0,-0.05847520355292368,78.0,17.333333333333332,90.39938932507323,0.7971962701273648
1352,1352.0,0.7903824937176419,0.8148,0.0003425836425177074,0.33324908144934606,0.0,-0.05769230769230771,78.0,17.346153846153847,89.87985050242166,0.7960239894609151
1353,1353.0,0.7910835495705393,0.8156,0.0003430532256213991,0.3336928185948051,0.0,-0.05691056910569103,78.0,17.358974358974358,93.73736591920942,0.8044180871357692
1354,1354.0,0.7917824562185404,0.8165,0.0003435257022562551,0.33413931203584596,0.0,-0.056129985228951185,78.0,17.371794871794872,92.64734471882147,0.8021170127543992
1355,1355.0,0.792479214823175,0.8173,0.0003440011174914072,0.33458858987732276,1.0,-0.05535055350553497,78.0,17.384615384615383,86.11703159058196,0.7871114111260388
1356,1356.0,0.7813711473566219,0.8039,0.0003385053538905108,0.3293377627419998,0.0,-0.0680924287118978,79.0,17.17721518987342,93.94941546366563,0.8048595274078779
1357,1357.0,0.782092856099886,0.8047,0.00033893387371835415,0.32974188753143185,0.0,-0.06730533038565456,79.0,17.189873417721518,94.66502992693253,0.8063346797916404
1358,1358.0,0.782812457033588,0.8055,0.00033936485952158036,0.3301483860654607,0.0,-0.06651939126165929,79.0,17.20253164556962,87.8496932570091,0.791310218014101
1359,1359.0,0.7835299507302621,0.8064,0.00033979837511424445,0.33055726877268504,0.0,-0.06573460878096626,79.0,17.21518987341772,86.88367500967365,0.7889898956128168
1360,1360.0,0.7842453377948313,0.8072,0.0003402344259716242,0.33096856122973556,0.0,-0.06495098039215685,79.0,17.227848101265824,89.54127874563102,0.7952527193026281
1361,1361.0,0.784958618864829,0.808,0.00034067302060284506,0.3313823145631511,0.0,-0.06416850355131021,79.0,17.240506329113924,88.60661007096027,0.7930929383411559
1362,1362.0,0.785669794610622,0.8088,0.000341114185936083,0.3317985463568542,0.0,-0.0633871757219775,79.0,17.253164556962027,93.06454587010911,0.803004106860186
1363,1363.0,0.786378865735611,0.8097,0.0003415579533844665,0.33221726283602127,0.0,-0.06260699437515282,79.0,17.265822784810126,91.262662668992,0.7991146346471613
1364,1364.0,0.7870858329764414,0.8105,0.00034200438365888545,0.33263848992045236,1.0,-0.06182795698924726,79.0,17.27848101265823,80.76696866452498,0.7730095156909631
1365,1365.0,0.7758705328555987,0.7972,0.00033697621296404696,0.3278409398704593,0.0,-0.07448107448107444,80.0,17.075,90.04915956325978,0.7964075020549846
1366,1366.0,0.7766014871427865,0.798,0.00033738039996924883,0.32822149522647154,0.0,-0.07369448511469012,80.0,17.0875,89.07291821635981,0.7941761233330055
1367,1367.0,0.7773303826453893,0.7988,0.0003377868059205738,0.3286042003380885,0.0,-0.07290904657400632,80.0,17.1,89.58668467006237,0.7953564929782486
1368,1368.0,0.7780572195728777,0.7997,0.00033819546325913506,0.32898904950489066,0.0,-0.07212475633528248,80.0,17.1125,90.37909631756838,0.7971507341817756
1369,1369.0,0.7787819981636269,0.8005,0.00033860643260454087,0.32937606633204813,0.0,-0.07134161188215238,80.0,17.125,93.56206841355736,0.8040516456701507
1370,1370.0,0.7795047186852068,0.8013,0.00033901969251959004,0.32976528011457223,0.0,-0.07055961070559591,80.0,17.1375,91.24290481927667,0.7990711346855313
1371,1371.0,0.7802253814346385,0.8021,0.00033943526784646004,0.3301567448996992,0.0,-0.06977875030391445,80.0,17.15,86.59772519799523,0.7882931302015569
1372,1372.0,0.7809439867386684,0.8029,0.0003398531835078054,0.3305504463161367,0.0,-0.06899902818270154,80.0,17.1625,91.54666594112507,0.7997378370379566
1373,1373.0,0.781660534954025,0.8038,0.0003402734758835198,0.33094640826838034,0.0,-0.06822044185481912,80.0,17.175,86.76277065082986,0.7886958519672633
1374,1374.0,0.7823750264676644,0.8046,0.00034069618581359414,0.331344654739814,0.0,-0.0674429888403687,80.0,17.1875,89.09721091459566,0.7942322420069154
1375,1375.0,0.7830874616970254,0.8054,0.00034112130879590714,0.33174520979315303,0.0,-0.06666666666666665,80.0,17.2,87.75490504995498,0.7910848023492593
1376,1376.0,0.783797841090261,0.8062,0.0003415488700650894,0.3321481046433309,0.0,-0.06589147286821695,80.0,17.2125,86.90506959897147,0.7890418428069436
1377,1377.0,0.7845061651264781,0.807,0.00034197889493834207,0.33255337630218906,0.0,-0.06511740498668606,80.0,17.225,100.37113960764128,0.8173445733006541
1378,1378.0,0.7852124343159617,0.8078,0.0003424114088158809,0.3329610268254215,0.0,-0.06434446057087562,80.0,17.2375,90.40777596134131,0.7972150831232401
1379,1379.0,0.7859166492003952,0.8086,0.0003428464371814172,0.3333710805849676,0.0,-0.06357263717669803,80.0,17.25,89.75331642298546,0.7957364244131904
1380,1380.0,0.7866188103530769,0.8094,0.0003432840056025961,0.3337835620343459,0.0,-0.0628019323671496,80.0,17.2625,105.39239495283255,0.8260469046031428
1381,1381.0,0.7873189183791255,0.8103,0.00034372415282677885,0.3341984957091368,0.0,-0.06203234371228561,80.0,17.275,97.08845420192242,0.8111687585919941
1382,1382.0,0.7880169739156849,0.8111,0.00034416689556890985,0.33461590622745896,0.0,-0.06126386878919421,80.0,17.2875,97.44561147346317,0.8118608621145966
1383,1383.0,0.7887129776321191,0.8119,0.0003446122529180128,0.335035818290469,0.0,-0.06049650518197147,80.0,17.3,88.81249484614332,0.7935725894752358
1384,1384.0,0.7894069302301983,0.8127,0.00034506025076653417,0.3354582566828484,0.0,-0.059730250481695446,80.0,17.3125,88.79506625997047,0.7935320721575029
1385,1385.0,0.790098832444284,0.8135,0.00034551091509305227,0.3358832462732922,1.0,-0.05896510228640195,80.0,17.325,86.82080471860685,0.7888370950631807
1386,1386.0,0.7790914380777441,0.8004,0.0003403891422949876,0.33099853210729663,0.0,-0.0714285714285714,81.0,17.123456790123456,98.54691714014498,0.8139634007296115
1387,1387.0,0.7798068943010109,0.8012,0.00034079694077561765,0.33138225056680554,0.0,-0.07065609228550818,81.0,17.135802469135804,96.57815421174098,0.8101710114159072
1388,1388.0,0.7805203430521486,0.802,0.0003412070047430608,0.3317681527254876,0.0,-0.0698847262247837,81.0,17.14814814814815,93.59074329371232,0.8041116814747531
1389,1389.0,0.781231784547705,0.8028,0.0003416193577355618,0.33215624077271416,0.0,-0.06911447084233258,81.0,17.160493827160494,89.42577210106082,0.7949882578300282
1390,1390.0,0.7819412190328097,0.8036,0.00034203402336457407,0.3325465372959535,0.0,-0.06834532374100721,81.0,17.17283950617284,93.41852210806513,0.8037505526781337
1391,1391.0,0.7826486467814302,0.8044,0.0003424510253151229,0.33293906495458153,0.0,-0.06757728253055362,81.0,17.185185185185187,95.41376945027223,0.8078544277313318
1392,1392.0,0.7833540680966192,0.8052,0.0003428703873461656,0.3333338464802649,0.0,-0.06681034482758608,81.0,17.19753086419753,101.29751951920342,0.8190149825943388
1393,1393.0,0.7840574833107536,0.806,0.0003432921332909387,0.33373090467734956,0.0,-0.0660445082555634,81.0,17.209876543209877,89.51740142588247,0.7951981062753174
1394,1394.0,0.7847588927857789,0.8068,0.0003437162870573313,0.3341302624232466,0.0,-0.06527977044476319,81.0,17.22222222222222,92.51016297600262,0.8018235754477154
1395,1395.0,0.7854582969134325,0.8076,0.00034414287262826167,0.3345319426688263,0.0,-0.06451612903225801,81.0,17.234567901234566,95.18906480801887,0.8074008461968952
1396,1396.0,0.7861556961154681,0.8084,0.0003445719140620149,0.33493596843880596,0.0,-0.06375358166189105,81.0,17.246913580246915,98.98200231256384,0.814781142985564
1397,1397.0,0.7868510908438776,0.8092,0.00034500343549263303,0.33534236283214514,0.0,-0.06299212598425186,81.0,17.25925925925926,91.23768169320452,0.7990596320171645
1398,1398.0,0.7875444815811008,0.81,0.0003454374611302791,0.3357511490224406,0.0,-0.062231759656652175,81.0,17.271604938271604,89.31948089133435,0.7947442914985413
1399,1399.0,0.7882358688402308,0.8108,0.0003458740152615985,0.33616235025832875,0.0,-0.061472480343102154,81.0,17.28395061728395,92.30019703232657,0.8013727605921318
1400,1400.0,0.7889252531652199,0.8116,0.00034631312225009314,0.3365759898638787,1.0,-0.06071428571428572,81.0,17.296296296296298,84.44187212274379,0.7828881232443047
1401,1401.0,0.7779693108943336,0.7987,0.0003413654853714776,0.33186168544961125,0.0,-0.073043064477754,82.0,17.097560975609756,99.87611354541188,0.8164392597735844
1402,1402.0,0.7786815753014208,0.7995,0.0003417635896797722,0.3322358709435462,0.0,-0.07227769852591526,82.0,17.109756097560975,90.44776242824906,0.7973047332389576
1403,1403.0,0.779391880753262,0.8003,0.00034216386268310744,0.3326121310943218,0.0,-0.07151342361606083,82.0,17.121951219512194,91.88453392714639,0.8004742196562753
1404,1404.0,0.780100227310374,0.8011,0.0003425663264213369,0.33299048376538554,1.0,-0.070750237416904,82.0,17.134146341463413,83.32769202055017,0.7799851059259869
1405,1405.0,0.7689335135719839,0.7882,0.0003382168541574084,0.3288541563697992,0.0,-0.08303677342823246,83.0,16.93975903614458,101.46066326399749,0.8193059975802586
1406,1406.0,0.7696635608921603,0.789,0.0003385842044157123,0.32919874272797195,0.0,-0.08226647700331902,83.0,16.951807228915662,88.66993418982646,0.7932407021518145
1407,1407.0,0.770391699139202,0.7898,0.00033895340675074405,0.3295450939794515,0.0,-0.08149727552712616,83.0,16.96385542168675,85.26177952434122,0.7849759477738864
1408,1408.0,0.7711179279771715,0.7906,0.0003393244811320345,0.3298932292331217,0.0,-0.08072916666666674,83.0,16.97590361445783,93.02495410548214,0.80292026467925
1409,1409.0,0.7718422470916603,0.7914,0.00033969744758422654,0.3302431676524569,0.0,-0.07996214809557611,83.0,16.987951807228917,88.06010908152955,0.7918088732281764
1410,1410.0,0.7725646561901107,0.7922,0.0003400723261873209,0.3305949284557874,0.0,-0.0791962174940899,83.0,17.0,86.29613233432478,0.7875532444222747
1411,1411.0,0.7732851550021381,0.793,0.0003404491370768789,0.33094853091652976,0.0,-0.07843137254901955,83.0,17.012048192771083,90.26448356206649,0.7968931676130712
1412,1412.0,0.7740037432798617,0.7938,0.0003408279004442208,0.33130399436343483,0.0,-0.07766761095372976,83.0,17.02409638554217,86.15935683797201,0.7872159913193143
1413,1413.0,0.7747204207982007,0.7946,0.00034120863653667067,0.3316613381808374,0.0,-0.07690493040811508,83.0,17.03614457831325,97.15572092645421,0.8112994977700648
1414,1414.0,0.7754351873551956,0.7954,0.00034159136565773497,0.3320205818088896,0.0,-0.07614332861857598,83.0,17.048192771084338,87.74367946839705,0.7910580745598147
1415,1415.0,0.7761480427723093,0.7962,0.00034197610816734094,0.33238174474381416,0.0,-0.07538280329799751,83.0,17.06024096385542,95.00407139821687,0.8070258141202417
1416,1416.0,0.7768589868947233,0.797,0.00034236288448201966,0.3327448465381366,0.0,-0.07462335216572491,83.0,17.072289156626507,92.44524577295397,0.8016844113502591
1417,1417.0,0.777568019591637,0.7978,0.0003427517150751413,0.3331099068009333,0.0,-0.0738649729475418,83.0,17.08433734939759,90.08903347486856,0.7964976132367139
1418,1418.0,0.7782751407565582,0.7986,0.0003431426204770904,0.3334769451980712,0.0,-0.07310766337564645,83.0,17.096385542168676,85.33630698522003,0.7851637365030502
1419,1419.0,0.7789803503075833,0.7994,0.0003435356212754868,0.33384598145243805,0.0,-0.07235142118863047,83.0,17.10843373493976,98.66734470577543,0.8141904660756498
1420,1420.0,0.7796836481876825,0.8002,0.0003439307381154005,0.3342170353441988,0.0,-0.07159624413145527,83.0,17.120481927710845,83.63480357137823,0.7807930125920995
1421,1421.0,0.780385034364973,0.801,0.000344327991699521,0.33459012671102,0.0,-0.07084212995543027,83.0,17.132530120481928,88.16720035028047,0.7920617501690354
1422,1422.0,0.7810845088329882,0.8018,0.0003447274027883881,0.3349652828357235,0.0,-0.07008907641819029,83.0,17.14457831325301,90.14719563792849,0.796628911153618
1423,1423.0,0.7817820716109466,0.8026,0.00034512899220057495,0.33534253223413535,0.0,-0.06933708128367289,83.0,17.156626506024097,90.79661397339022,0.7980835129082425
1424,1424.0,0.7824777227440061,0.8034,0.0003455327808128852,0.3357218815398998,0.0,-0.06858614232209725,83.0,17.16867469879518,93.19980640753255,0.8032900062778284
1425,1425.0,0.7831714623035285,0.8042,0.0003459387895605471,0.3361033508365664,0.0,-0.06783625730994136,83.0,17.180722891566266,88.98362601590175,0.7939695857071829
1426,1426.0,0.7838632903873174,0.8049,0.0003463470511043156,0.33648696026650654,0.0,-0.0670874240299204,83.0,17.19277108433735,95.22943390798747,0.8074824916942449
1427,1427.0,0.7845532071198736,0.8057,0.00034675759838117404,0.33687273003114454,0.0,-0.06633964027096462,83.0,17.204819277108435,95.17132875246368,0.807364953566872
1428,1428.0,0.7852412126526257,0.8065,0.0003471704318183534,0.33726068039120916,0.0,-0.06559290382819793,83.0,17.216867469879517,89.37365251910909,0.7948687021668555
1429,1429.0,0.7859273071641731,0.8073,0.00034758557260302286,0.3376508325805279,1.0,-0.06484721250291581,83.0,17.228915662650603,85.60649973740122,0.7858418065267122
1430,1430.0,0.7750528179184936,0.7946,0.0003430020556435768,0.33329221225062794,0.0,-0.07692307692307687,84.0,17.035714285714285,95.87626109909044,0.8087813070392327
1431,1431.0,0.7757604467471377,0.7954,0.000343380044092847,0.33364665636721635,0.0,-0.07617051013277432,84.0,17.047619047619047,96.94952284547865,0.8108981581832682
1432,1432.0,0.7764662106149279,0.7962,0.0003437599943302687,0.3340029693583954,0.0,-0.07541899441340782,84.0,17.05952380952381,103.05619653504117,0.8221035323470371
1433,1433.0,0.7771701092876446,0.797,0.0003441419254704399,0.3343611936683045,0.0,-0.07466852756454978,84.0,17.071428571428573,93.65052014115354,0.8042367164037033
1434,1434.0,0.7778721425538515,0.7978,0.00034452585667790086,0.334721328838427,0.0,-0.07391910739191077,84.0,17.083333333333332,102.53111309312395,0.8211924870387189
1435,1435.0,0.7785723102251777,0.7986,0.0003449118071672355,0.335083390598383,0.0,-0.07317073170731714,84.0,17.095238095238095,83.30009352871505,0.7799122118990959
1436,1436.0,0.7792706121366005,0.7993,0.00034529982113428495,0.33544739744296836,0.0,-0.0724233983286906,84.0,17.107142857142858,90.74019621903717,0.7979579712492728
1437,1437.0,0.7799670481467289,0.8001,0.0003456899070652734,0.33581336791809707,0.0,-0.07167710508002778,84.0,17.11904761904762,89.31892685744857,0.794743018323619
1438,1438.0,0.7806616181380728,0.8009,0.0003460820730786145,0.3361813206209736,0.0,-0.0709318497913769,84.0,17.13095238095238,88.66362066002723,0.7932259793040612
1439,1439.0,0.7813543220173118,0.8017,0.00034647633860616033,0.33655128946412227,0.0,-0.07018763029881869,84.0,17.142857142857142,89.01275450811957,0.7940370070037435
1440,1440.0,0.7820451597155669,0.8025,0.00034687272313060815,0.3369233071171187,1.0,-0.06944444444444442,84.0,17.154761904761905,83.06550354892522,0.7792906495470159
1441,1441.0,0.7711340758207181,0.7899,0.0003425862300302427,0.33285262564909907,0.0,-0.08142493638676829,85.0,16.96470588235294,92.08658137312497,0.8009119997728157
1442,1442.0,0.7718456304705447,0.7907,0.0003429484709088908,0.333191827336122,0.0,-0.08067498844197862,85.0,16.976470588235294,94.80655072962743,0.8066237702749364
1443,1443.0,0.7725553671375872,0.7915,0.0003433125102333602,0.3335327430930029,0.0,-0.07992607992607992,85.0,16.988235294117647,91.63881730004253,0.7999392192796794
1444,1444.0,0.7732632853909945,0.7922,0.0003436783806125273,0.33387538977884945,0.0,-0.07917820867959358,85.0,17.0,91.5153239852213,0.7996692517168604
1445,1445.0,0.7739693848197177,0.793,0.0003440461069630373,0.33421978429653076,0.0,-0.07843137254901955,85.0,17.011764705882353,93.25526236990652,0.803406983504992
1446,1446.0,0.7746736650328101,0.7938,0.00034441568736612364,0.33456594359280617,0.0,-0.07768556938681415,85.0,17.023529411764706,91.79150392926844,0.8002720017806833
1447,1447.0,0.7753761256597369,0.7946,0.0003447871395191541,0.33491388465845584,0.0,-0.07694079705137069,85.0,17.03529411764706,86.98708016944813,0.7892407320992891
1448,1448.0,0.776076766350678,0.7954,0.00034516048116242187,0.3352636593526062,0.0,-0.07619705340699823,85.0,17.04705882352941,88.22467782620004,0.7921972198136054
1449,1449.0,0.7767755867768196,0.7962,0.00034553573007923844,0.335615260604642,0.0,-0.07545433632390153,85.0,17.058823529411764,97.47418960930614,0.8119160220072966
1450,1450.0,0.7774725866306552,0.7969,0.0003459129411830221,0.3359686974910638,0.0,-0.07471264367816088,85.0,17.070588235294117,96.12804396447898,0.8092821555787838
1451,1451.0,0.7781677656262682,0.7977,0.000346292112110912,0.33632398719321643,0.0,-0.07397197335171146,85.0,17.08235294117647,98.07166329991132,0.813061870101372
1452,1452.0,0.778861123499619,0.7985,0.00034667324682522647,0.3366811540793312,0.0,-0.0732323232323231,85.0,17.094117647058823,97.63591565085456,0.8122275679894966
1453,1453.0,0.7795526600088261,0.7993,0.00034705636329776524,0.33704025669152277,0.0,-0.07249369121358096,85.0,17.105882352941176,94.0010550772068,0.8049667281045363
1454,1454.0,0.780242374934443,0.8,0.0003474415024191742,0.3374012666109896,0.0,-0.07175607519486471,85.0,17.11764705882353,95.03371047332344,0.8070859988311241
1455,1455.0,0.7809302680797271,0.8008,0.00034782870153404836,0.3377642012124991,0.0,-0.07101947308132872,85.0,17.129411764705882,89.33465187517426,0.7947791484210385
1456,1456.0,0.7816163392709126,0.8016,0.00034821793954881955,0.33812909580302886,0.0,-0.07028388278388276,85.0,17.141176470588235,85.70818313654196,0.7860958818351517
1457,1457.0,0.7823005883574676,0.8024,0.0003486092346258862,0.33849599788472734,0.0,-0.06954930221917177,85.0,17.152941176470588,90.82898249494058,0.7981554694356006
1458,1458.0,0.7829830152123542,0.8031,0.0003490026559392075,0.3388648797768553,0.0,-0.06881572930955637,85.0,17.16470588235294,93.09815717784758,0.8030752284568776
1459,1459.0,0.7836636197322859,0.8039,0.0003493981961705916,0.3392357590503714,0.0,-0.06808316198309328,85.0,17.176470588235293,89.53664858361245,0.7952421313132686
1460,1460.0,0.7843424018379744,0.8047,0.00034979585124315525,0.33960872114541424,0.0,-0.06735159817351577,85.0,17.188235294117646,89.08229713622536,0.7941977932461951
1461,1461.0,0.7850193614743737,0.8054,0.0003501956769199819,0.33998372434914464,0.0,-0.06662103582021439,85.0,17.2,98.40173930068543,0.8136889300573
1462,1462.0,0.7856944986109222,0.8062,0.00035059770164973085,0.34036078070964654,0.0,-0.06589147286821695,85.0,17.211764705882352,96.87252993661039,0.8107478627291973
1463,1463.0,0.7863678132417804,0.807,0.0003510018994948492,0.34073998162617697,0.0,-0.06516290726817031,85.0,17.223529411764705,94.8715377696923,0.8067562330670884
1464,1464.0,0.7870393053860518,0.8077,0.000351408336569981,0.3411212817722337,0.0,-0.06443533697632065,85.0,17.235294117647058,94.91283553192363,0.8068403158478289
1465,1465.0,0.7877089750880241,0.8085,0.00035181702970655393,0.3415047035733315,0.0,-0.06370875995449365,85.0,17.24705882352941,87.25890388398976,0.7898972767557635
1466,1466.0,0.7883768224173788,0.8093,0.0003522279547331017,0.34189032973700717,0.0,-0.06298317417007726,85.0,17.258823529411764,95.45039717486027,0.8079281608462289
1467,1467.0,0.7890428474694089,0.81,0.00035264121226586916,0.34227810408775616,0.0,-0.06225857759600095,85.0,17.270588235294117,88.93571886508434,0.7938586029630565
1468,1468.0,0.7897070503652381,0.8108,0.00035305675936364925,0.3426680989991115,0.0,-0.06153496821071758,85.0,17.28235294117647,91.75977098858382,0.8002029305891113
1469,1469.0,0.7903694312520225,0.8115,0.0003534746305012225,0.34306032114008966,1.0,-0.06081234399818469,85.0,17.294117647058822,83.67992111255103,0.780911201999406
1470,1470.0,0.779826780175483,0.7992,0.0003488053693484064,0.3386246940883288,0.0,-0.07256235827664392,86.0,17.1046511627907,94.38024710326101,0.80575031432928
1471,1471.0,0.7805099101135969,0.8,0.0003491856761845251,0.3389808638965239,0.0,-0.07183322003172443,86.0,17.11627906976744,87.05232732381143,0.7893986996448903
1472,1472.0,0.7811912611233367,0.8007,0.0003495680028131542,0.3393388989697379,0.0,-0.07110507246376807,86.0,17.127906976744185,92.55891547125209,0.8019279586413532
1473,1473.0,0.7818708329564803,0.8015,0.00034995232957278735,0.33969883031987497,0.0,-0.07037791355510303,86.0,17.13953488372093,86.53736016945915,0.7881454518899971
1474,1474.0,0.7825486253868889,0.8023,0.0003503386488823048,0.34006073108292934,0.0,-0.06965174129353224,86.0,17.151162790697676,105.94464355956106,0.8269536550658504
1475,1475.0,0.7832246382107649,0.803,0.00035072707116345973,0.3404245482751976,0.0,-0.06892655367231626,86.0,17.162790697674417,86.67975371067963,0.78849347686743
1476,1476.0,0.7838988712468984,0.8038,0.00035111752639454895,0.3407903509461638,0.0,-0.06820234869015351,86.0,17.174418604651162,93.80054088862028,0.8045498121902888
1477,1477.0,0.7845713243369246,0.8045,0.00035151006966430024,0.34115814525889815,0.0,-0.06747912435116232,86.0,17.186046511627907,87.88317536275515,0.791389725534394
1478,1478.0,0.785241997345562,0.8053,0.00035190474057781744,0.3415279201162577,0.0,-0.06675687866486246,86.0,17.197674418604652,93.11368043111051,0.8031080583599408
1479,1479.0,0.7859108901608569,0.8061,0.00035230149519461677,0.341899768112755,0.0,-0.06603560964615718,86.0,17.209302325581394,88.96778718365319,0.7939329063508295
1480,1480.0,0.7865780026944125,0.8068,0.00035270046169623567,0.34227362040657555,0.0,-0.0653153153153152,86.0,17.22093023255814,92.9920957632443,0.8028506274338674
1481,1481.0,0.7872433348816258,0.8076,0.000353101549695137,0.34264957992669504,1.0,-0.06459599369795166,86.0,17.232558139534884,81.92796548166481,0.7762261857041199
1482,1482.0,0.7766838151656149,0.7953,0.00034869729514734187,0.3384710132138319,0.0,-0.07624831309041835,87.0,17.04597701149425,83.85407868896284,0.7813662302422216
1483,1483.0,0.7773691733023705,0.7961,0.00034906349885634224,0.33881342771951656,0.0,-0.07552258934592038,87.0,17.057471264367816,95.94659493996862,0.8089214802796906
1484,1484.0,0.7780527959229198,0.7968,0.0003494315223064584,0.3391576354607118,0.0,-0.07479784366576814,87.0,17.06896551724138,95.95288878841446,0.8089340137141662
1485,1485.0,0.7787346826093063,0.7976,0.00034980145811493385,0.33950358073001174,0.0,-0.07407407407407396,87.0,17.080459770114942,101.00214358067012,0.8184857005664384
1486,1486.0,0.7794148329632093,0.7984,0.0003501732357081604,0.33985134361788855,0.0,-0.07335127860026924,87.0,17.091954022988507,94.6376412590588,0.8062786319541914
1487,1487.0,0.780093246606225,0.7991,0.0003505469387080389,0.34020090710946044,0.0,-0.07262945527908538,87.0,17.103448275862068,87.55788959682481,0.7906147188134355
1488,1488.0,0.7807699231801316,0.7999,0.00035092255561094737,0.34055228718276714,1.0,-0.07190860215053752,87.0,17.114942528735632,81.37579334316287,0.7747077775817016
1489,1489.0,0.7700937203448738,0.7877,0.00034693097256578004,0.33677214494458096,0.0,-0.08350123125139919,88.0,16.931818181818183,87.09204006965577,0.7894947308770075
1490,1490.0,0.7707894699509527,0.7885,0.0003472757296317556,0.33709394300745305,0.0,-0.08277404921700215,88.0,16.943181818181817,88.42213373908262,0.792661265250264
1491,1491.0,0.771483530309584,0.7892,0.0003476221313371515,0.3374172937852711,0.0,-0.08204784261122278,88.0,16.954545454545453,93.99777375631477,0.80495991978638
1492,1492.0,0.7721759007743091,0.79,0.0003479701831070432,0.33774217322566613,0.0,-0.0813226094727435,88.0,16.96590909090909,92.76258860813523,0.8023628532965982
1493,1493.0,0.7728665807143592,0.7908,0.0003483198577975977,0.3380686782111928,0.0,-0.08059834784550102,88.0,16.977272727272727,94.25996044674415,0.8055024291709578
1494,1494.0,0.7735555695149681,0.7915,0.00034867126622348883,0.338396749419433,0.0,-0.07987505577867005,88.0,16.988636363636363,91.31554046090282,0.7992309606798764
1495,1495.0,0.774242866577669,0.7923,0.0003490243331486609,0.33872643517835666,0.0,-0.07915273132664424,88.0,17.0,86.2998047579455,0.7875622849350026
1496,1496.0,0.7749284713205851,0.793,0.0003493791228457652,0.33905776240917174,0.0,-0.07843137254901955,88.0,17.011363636363637,91.15782132253997,0.7988835947662104
1497,1497.0,0.7756123831787324,0.7938,0.00034973564928985604,0.33939070245759734,0.0,-0.07771097751057665,88.0,17.022727272727273,91.21574760129549,0.7990113131181205
1498,1498.0,0.776294601604306,0.7945,0.00035009389766692094,0.3397253503349291,0.0,-0.07699154428126387,88.0,17.03409090909091,90.66767611359631,0.7977963689025872
1499,1499.0,0.7769751260669703,0.7953,0.0003504539512823709,0.34006162942655566,0.0,-0.07627307093617963,88.0,17.045454545454547,94.07440811500899,0.8051188022259971
1500,1500.0,0.7776539560541424,0.796,0.00035081573621519014,0.34039965216220025,0.0,-0.07555555555555538,88.0,17.056818181818183,85.08191399759855,0.7845213809617542
1501,1501.0,0.7783310910712702,0.7968,0.0003511793850251129,0.3407393469552136,0.0,-0.07483899622473889,88.0,17.068181818181817,99.10789965730703,0.8150164275832108
1502,1502.0,0.7790065306421168,0.7976,0.0003515447948698631,0.34108080768942173,0.0,-0.07412339103417653,88.0,17.079545454545453,100.00739208749049,0.8166802178253524
1503,1503.0,0.7796802743090311,0.7983,0.0003519120972614344,0.3414239837203644,0.0,-0.07340873807939663,88.0,17.09090909090909,89.63989822969614,0.7954779769343846
1504,1504.0,0.7803523216332167,0.7991,0.0003522812021612649,0.341768957555411,0.0,-0.07269503546099276,88.0,17.102272727272727,101.73976042874291,0.8198016856332806
1505,1505.0,0.7810226721950032,0.7998,0.0003526522355857313,0.34211568074018006,0.0,-0.07198228128460671,88.0,17.113636363636363,91.84486564047087,0.8003880434089844
1506,1506.0,0.7816913255941091,0.8006,0.0003530251044725359,0.34246424324678837,0.0,-0.07127047366091177,88.0,17.125,94.840395902596,0.8066927793915767
1507,1507.0,0.7823582814498975,0.8013,0.00035339994845001087,0.34281457988355046,0.0,-0.07055961070559591,88.0,17.136363636363637,92.09129228590946,0.8009221840821269
1508,1508.0,0.7830235394016445,0.802,0.0003537766678520424,0.34316680710534836,0.0,-0.06984969053934575,88.0,17.147727272727273,89.73717504468584,0.7956996827211911
1509,1509.0,0.7836870991087771,0.8028,0.00035415538517037594,0.3435208424190969,0.0,-0.06914071128782862,88.0,17.15909090909091,91.01160254230501,0.7985604821669695
1510,1510.0,0.7843489602511327,0.8035,0.0003545360376599477,0.3438767923354254,0.0,-0.06843267108167761,88.0,17.170454545454547,100.69841679907655,0.8179382167456136
1511,1511.0,0.7850091225292055,0.8043,0.00035491869593343167,0.34423460949026086,0.0,-0.06772556805647478,88.0,17.181818181818183,94.86610789249981,0.8067451723210963
1512,1512.0,0.7856675856643773,0.805,0.00035530336227673656,0.3445943430111971,0.0,-0.06701940035273357,88.0,17.193181818181817,93.02195462069602,0.8029139098604317
1513,1513.0,0.7863243493991662,0.8058,0.0003556900318026605,0.3449560192737384,0.0,-0.06631416611588459,88.0,17.204545454545453,95.90864049731272,0.8088458637483552
1514,1514.0,0.7869794134974589,0.8065,0.00035607879326223315,0.345319606603548,0.0,-0.06560986349625697,88.0,17.21590909090909,87.60436231636608,0.7907257943716767
1515,1515.0,0.787632777744736,0.8072,0.00035646958124053654,0.34568521720987794,0.0,-0.06490649064906484,88.0,17.227272727272727,91.86814532480814,0.8004386257226139
1516,1516.0,0.7882844419483007,0.808,0.0003568624830635531,0.3460527826818849,0.0,-0.06420404573438865,88.0,17.238636363636363,92.61916128267904,0.8020567981891032
1517,1517.0,0.788934405937504,0.8087,0.0003572574914209442,0.3464223496279853,0.0,-0.06350252691716096,88.0,17.25,98.90080473050514,0.8146290782639247
1518,1518.0,0.7895826695639561,0.8094,0.00035765459272022604,0.3467939717619577,0.0,-0.0628019323671496,88.0,17.261363636363637,89.53722651647328,0.7952434529568512
1519,1519.0,0.7902292327017479,0.8102,0.00035805389630560563,0.34716760966028554,0.0,-0.06210226025894228,88.0,17.272727272727273,97.12213769180822,0.8112342482461683
1520,1520.0,0.7908740952476554,0.8109,0.00035845534446447326,0.34754332157007173,0.0,-0.06140350877192979,88.0,17.28409090909091,90.98724443606375,0.7985065549906166
1521,1521.0,0.7915172571213487,0.8116,0.00035885895265634193,0.3479211371215093,0.0,-0.060705676090291316,88.0,17.295454545454547,100.19989258818362,0.8170324053271955
1522,1522.0,0.7921587182655907,0.8124,0.00035926482900807105,0.34830103250349626,0.0,-0.06000876040297842,88.0,17.306818181818183,91.33368760811238,0.7992708516051974
1523,1523.0,0.7927984786464408,0.8131,0.0003596729117751206,0.348683053748657,0.0,-0.059312759903698664,88.0,17.318181818181817,93.11764313846929,0.8031164372784757
1524,1524.0,0.7934365382534412,0.8138,0.00036008322234458553,0.34906724898579433,0.0,-0.05861767279090113,88.0,17.329545454545453,89.7865772710898,0.7958120925137833
1525,1525.0,0.7940728970998086,0.8146,0.0003604958440229868,0.34945358877828,0.0,-0.05792349726775958,88.0,17.34090909090909,92.84448919547566,0.8025371942675654
1526,1526.0,0.7947075552226228,0.8153,0.00036091075813592355,0.34984209553333934,0.0,-0.05723023154215823,88.0,17.352272727272727,91.05858944140931,0.7986644264336016
1527,1527.0,0.7953405126830025,0.816,0.00036132796850950056,0.3502328483738454,1.0,-0.0565378738266753,88.0,17.363636363636363,84.74840065728685,0.7836734004282712
1528,1528.0,0.7852184555469041,0.8041,0.0003566132720398433,0.3457618781483601,0.0,-0.06784467713787068,89.0,17.179775280898877,93.20453828396978,0.8032999929952287
1529,1529.0,0.7858709877962338,0.8049,0.0003569931319335857,0.3461167346402111,0.0,-0.06714628297362113,89.0,17.191011235955056,93.85420500953383,0.8046615670393137
1530,1530.0,0.7865218592304422,0.8056,0.00035737494266649845,0.34647349386566056,0.0,-0.06644880174291945,89.0,17.202247191011235,89.76191634293174,0.7957559945212
1531,1531.0,0.7871710695475461,0.8063,0.0003577587250181982,0.3468321638454417,0.0,-0.06575223165686905,89.0,17.213483146067414,93.79758513062802,0.8045436531462803
1532,1532.0,0.7878186184661148,0.8071,0.0003581445780126622,0.3471927309811702,0.0,-0.0650565709312445,89.0,17.224719101123597,94.60810069985644,0.8062181441365607
1533,1533.0,0.7884645057255035,0.8078,0.00035853244969676653,0.34755523853940407,0.0,-0.0643618177864751,89.0,17.235955056179776,93.77195209376097,0.8044902241663675
1534,1534.0,0.7891087310860679,0.8085,0.0003589223560003352,0.34791973232914664,0.0,-0.0636679704476315,89.0,17.247191011235955,98.02269907468077,0.8129684909067268
1535,1535.0,0.789751294329392,0.8093,0.000359314360427099,0.3482861834418823,0.0,-0.06297502714440828,89.0,17.258426966292134,96.03479870411074,0.8090969775464466
1536,1536.0,0.7903921952584934,0.81,0.0003597084754283005,0.3486546127500971,0.0,-0.06228298611111116,89.0,17.269662921348313,90.27167951507587,0.7969093581528904
1537,1537.0,0.7910314336980336,0.8107,0.0003601046886635992,0.34902508371663965,1.0,-0.06159184558664044,89.0,17.280898876404493,84.86868747737493,0.7839800063100917
1538,1538.0,0.7808492922024908,0.7989,0.00035572838842486034,0.34488111324371307,0.0,-0.07282184655396606,90.0,17.1,87.80459488455803,0.7912030303489553
1539,1539.0,0.7815073566563271,0.7997,0.00035609045471518634,0.34521886168935334,0.0,-0.07212475633528248,90.0,17.11111111111111,90.6392347075142,0.7977329200484362
1540,1540.0,0.7821638008034717,0.8004,0.0003564543753035608,0.34555830186644926,0.0,-0.0714285714285714,90.0,17.122222222222224,94.96166397773808,0.8069396368451249
1541,1541.0,0.7828186241506222,0.8011,0.00035682009307450225,0.34589950284116916,0.0,-0.07073329007138218,90.0,17.133333333333333,92.99623217213342,0.802859396503303
1542,1542.0,0.7834718262223688,0.8018,0.0003571876282023683,0.34624245527110487,0.0,-0.07003891050583655,90.0,17.144444444444446,90.19590007369422,0.7967387284970364
1543,1543.0,0.7841234065614431,0.8026,0.0003575570636168326,0.3465871549703316,0.0,-0.06934543097861301,90.0,17.155555555555555,99.57244205352276,0.8158794446009601
1544,1544.0,0.7847733647289608,0.8033,0.00035792836919586814,0.34693363215144374,1.0,-0.06865284974093266,90.0,17.166666666666668,82.65818370811557,0.7782030464391474
1545,1545.0,0.7744797251787746,0.7916,0.00035395694067229087,0.34318006600490364,0.0,-0.07982740021574974,91.0,16.98901098901099,92.14472719435172,0.8010376296989338
1546,1546.0,0.7751476245089273,0.7923,0.0003542980390662131,0.3434975886592963,0.0,-0.07912893488572648,91.0,17.0,88.46794249813351,0.7927686253840466
1547,1547.0,0.775813946543855,0.793,0.0003546407028735118,0.34381666292742047,0.0,-0.07843137254901955,91.0,17.01098901098901,86.85730204931741,0.788925825454218
1548,1548.0,0.7764786905851933,0.7938,0.0003549849778717095,0.34413724150503616,0.0,-0.07773471145564148,91.0,17.021978021978022,96.7225104011384,0.8104543269472713
1549,1549.0,0.7771418559489203,0.7945,0.00035533091120509635,0.3444593434822214,0.0,-0.07703894986012472,91.0,17.032967032967033,92.29895934880454,0.8013700970988165
1550,1550.0,0.7778034419656287,0.7952,0.00035567846361841347,0.3447830559914665,0.0,-0.07634408602150522,91.0,17.043956043956044,89.14201437243906,0.7943356624550136
1551,1551.0,0.7784634479808001,0.796,0.00035602765395105176,0.34510832404115643,0.0,-0.07565011820330958,91.0,17.054945054945055,90.30744950124722,0.7969898005692195
1552,1552.0,0.7791218733550608,0.7967,0.00035637857660206977,0.34543516548496195,0.0,-0.07495704467353947,91.0,17.065934065934066,94.92425748057593,0.8068635581681023
1553,1553.0,0.7797787174644617,0.7974,0.00035673117247823574,0.3457636299163182,0.0,-0.07426486370465768,91.0,17.076923076923077,93.57255175435975,0.8040735986183134
1554,1554.0,0.7804339797007279,0.7981,0.00035708546047336814,0.34609373554026146,0.0,-0.07357357357357341,91.0,17.087912087912088,88.2175134420842,0.7921803435848441
1555,1555.0,0.7810876594715224,0.7989,0.00035744147785690943,0.3464254664281526,0.0,-0.07288317256162902,91.0,17.0989010989011,97.16699249017557,0.8113213874023425
1556,1556.0,0.7817397562007047,0.7996,0.00035779927339686776,0.3467588406606546,0.0,-0.0721936589545844,91.0,17.10989010989011,92.45481308231858,0.8017049332303559
1557,1557.0,0.782390269328577,0.8003,0.0003581588158595105,0.3470939016432575,0.0,-0.0715050310426033,91.0,17.12087912087912,89.0946449923557,0.7942263159036513
1558,1558.0,0.7830391983121462,0.801,0.0003585201243744708,0.3474306718952298,0.0,-0.07081728712023949,91.0,17.13186813186813,95.73304718739828,0.8084952493213167
1559,1559.0,0.7836865426253588,0.8017,0.00035888321813363854,0.3477691380125456,0.0,-0.07013042548642279,91.0,17.142857142857142,96.19425815500134,0.8094134339724086
1560,1560.0,0.7843323017593536,0.8025,0.0003592481690234318,0.348109318307285,0.0,-0.06944444444444442,91.0,17.153846153846153,92.01876375191343,0.8007652723659623
1561,1561.0,0.784976475222701,0.8032,0.00035961494553204596,0.3484512311523376,0.0,-0.06875934230194325,91.0,17.164835164835164,89.52866979994353,0.7952238833180464
1562,1562.0,0.785619062541639,0.8039,0.00035998356293607126,0.3487949224174372,0.0,-0.068075117370892,91.0,17.175824175824175,92.60693656653868,0.8020306684028932
1563,1563.0,0.7862600632603174,0.8046,0.00036035404066858765,0.34914039955041376,0.0,-0.06739176796758373,91.0,17.186813186813186,87.21998411898916,0.7898035236016298
1564,1564.0,0.7868994769410131,0.8053,0.0003607263982263665,0.3494876625924011,0.0,-0.06670929241261714,91.0,17.197802197802197,93.53456907274965,0.8039940364821271
1565,1565.0,0.7875373031643795,0.8061,0.000361100678688639,0.34983673015334765,0.0,-0.06602768903088396,91.0,17.208791208791208,103.0434285853547,0.822081489474633
1566,1566.0,0.7881735415296569,0.8068,0.0003614768968370235,0.35018762090552974,0.0,-0.06534695615155384,91.0,17.21978021978022,88.33181170414346,0.792449254921448
1567,1567.0,0.7888081916549017,0.8075,0.00036185505132747586,0.35054035358386876,0.0,-0.0646670921080621,91.0,17.23076923076923,91.09140160976939,0.7987369498180263
1568,1568.0,0.7894412531772055,0.8082,0.00036223516190336363,0.35089495079360716,0.0,-0.06398809523809512,91.0,17.24175824175824,89.23294244665624,0.7945452337370466
1569,1569.0,0.7900727257529074,0.8089,0.00036261724837323813,0.3512514541468608,1.0,-0.06330996388357746,91.0,17.252747252747252,86.08896981294907,0.7870420174249114
1570,1570.0,0.7800224561380773,0.7974,0.00035844574139118406,0.3473087276764255,0.0,-0.07430997876857748,92.0,17.07608695652174,89.7421449276418,0.7957109967884619
1571,1571.0,0.7806717913604556,0.7981,0.0003587959184856103,0.34763462456258004,0.0,-0.07362614046255045,92.0,17.08695652173913,87.01141254868007,0.7892996700510243
1572,1572.0,0.7813195798214869,0.7988,0.0003591477741534114,0.34796211745371625,0.0,-0.07294317217981328,92.0,17.097826086956523,92.10710613111726,0.8009563637008064
1573,1573.0,0.7819658209012065,0.7995,0.0003595013264428718,0.34829126204186334,0.0,-0.07226107226107215,92.0,17.108695652173914,92.02934310521289,0.8007881756542184
1574,1574.0,0.7826105139951914,0.8002,0.00035985659345933975,0.3486220339503956,0.0,-0.07157983905124943,92.0,17.119565217391305,91.53878054871448,0.7997205859261275
1575,1575.0,0.7832536585148084,0.8009,0.0003602135933654789,0.34895445046092166,0.0,-0.0708994708994708,92.0,17.130434782608695,93.7913240068561,0.8045306052829239
1576,1576.0,0.7838952538874593,0.8017,0.00036057235677213275,0.34928852891112355,0.0,-0.07021996615905235,92.0,17.141304347826086,92.70114172936587,0.8022318496695958
1577,1577.0,0.7845352995568263,0.8024,0.00036093291328758966,0.3496242866950316,0.0,-0.06954132318748663,92.0,17.152173913043477,88.73400859313323,0.7933900020521323
1578,1578.0,0.7851737949831025,0.8031,0.0003612952551583729,0.34996174126330604,0.0,-0.06886354034642994,92.0,17.16304347826087,94.58553600193143,0.8061719147739569
1579,1579.0,0.7858107396432322,0.8038,0.00036165940076798457,0.35030091012350734,0.0,-0.06818661600168885,92.0,17.17391304347826,90.112108211848,0.7965497234818566
1580,1580.0,0.7864461330311413,0.8045,0.00036202536855847983,0.350641820059126,0.0,-0.06751054852320659,92.0,17.184782608695652,92.15741772897739,0.8010650278065602
1581,1581.0,0.78707997465797,0.8052,0.0003623931770307521,0.3509844929022605,0.0,-0.06683533628505156,92.0,17.195652173913043,98.59155665767264,0.8140476329328087
1582,1582.0,0.7877122640522984,0.8059,0.00036276284474478934,0.3513289307006619,0.0,-0.06616097766540241,92.0,17.206521739130434,87.0938000487776,0.7894989847375404
1583,1583.0,0.788343000760368,0.8066,0.0003631343903199321,0.3516751511825828,0.0,-0.06548747104653607,92.0,17.217391304347824,100.9789267858899,0.818443967302145
1584,1584.0,0.7889721843463046,0.8073,0.0003635078324351693,0.35202317213450085,0.0,-0.06481481481481466,92.0,17.22826086956522,94.92263206542741,0.8068602509810653
1585,1585.0,0.789599814392338,0.808,0.0003638831898293722,0.35237301140139876,0.0,-0.0641430073606728,92.0,17.23913043478261,93.11936227953036,0.80312007208233
1586,1586.0,0.7902258904990109,0.8087,0.00036426048130159253,0.3527246868870469,0.0,-0.06347204707860432,92.0,17.25,95.78045503299536,0.8085900372156544
1587,1587.0,0.7908504122853963,0.8094,0.00036463972571131617,0.3530782165542926,0.0,-0.0628019323671496,92.0,17.26086956521739,89.77682958643445,0.7957899224355818
1588,1588.0,0.7914733793892988,0.8102,0.0003650209425510537,0.35343361842534093,0.0,-0.06213266162888331,92.0,17.27173913043478,100.22087657518743,0.817070714607257
1589,1589.0,0.7920947914674679,0.8109,0.00036540415593599865,0.35379091058203527,0.0,-0.061464233270400515,92.0,17.282608695652176,99.25384408954159,0.8152884303725912
1590,1590.0,0.7927146481957944,0.8116,0.0003657893766902448,0.35415011116615275,1.0,-0.06079664570230614,92.0,17.293478260869566,84.91700436915943,0.7841029194384568
1591,1591.0,0.7828247405065449,0.8001,0.00036154780358198105,0.35014277556308854,0.0,-0.07165304839723441,93.0,17.118279569892472,91.70743007656077,0.8000888988162902
1592,1592.0,0.783462207128712,0.8009,0.0003619006114847734,0.3504709372378015,0.0,-0.07097989949748751,93.0,17.129032258064516,88.91774781742043,0.7938169399996708
1593,1593.0,0.7840981590864438,0.8016,0.00036225513479859364,0.35080072518741595,1.0,-0.07030759573132439,93.0,17.13978494623656,84.08793599328142,0.781974273517688
1594,1594.0,0.7740315241152003,0.7902,0.00035851805391808186,0.34727838276330414,0.0,-0.08113759933082387,94.0,16.96808510638298,91.49900790822868,0.7996335287949654
1595,1595.0,0.7746840778900513,0.7909,0.00035884494766388203,0.34758174766267785,0.0,-0.08045977011494232,94.0,16.97872340425532,94.95154340930766,0.8069190591847062
1596,1596.0,0.7753351608574237,0.7916,0.00035917329429895306,0.34788649383538556,0.0,-0.07978279030910596,94.0,16.98936170212766,99.57517030262868,0.8158844892997451
1597,1597.0,0.7759847721958422,0.7923,0.00035950310951606874,0.34819263047966686,0.0,-0.07910665831767894,94.0,17.0,89.417056037733,0.7949682739991253
1598,1598.0,0.77663291109517,0.793,0.00035983440905423727,0.34850017257938226,0.0,-0.07843137254901955,94.0,17.01063829787234,95.46298969328657,0.8079534970333888
1599,1599.0,0.7772795767568651,0.7937,0.0003601672086988935,0.34880913516421486,0.0,-0.07775693141546802,94.0,17.02127659574468,97.67952304700925,0.8123113958643079
1600,1600.0,0.7779247683942351,0.7944,0.0003605015242821008,0.34911953330988077,0.0,-0.07708333333333317,94.0,17.03191489361702,98.17892175645792,0.8132660961707148
1601,1601.0,0.7785684852327026,0.7952,0.0003608373750024278,0.34943138213833724,0.0,-0.07641057672288154,94.0,17.04255319148936,91.45234180638691,0.7995312862283319
1602,1602.0,0.779210726510053,0.7959,0.00036117478668036204,0.3497446968179982,0.0,-0.07573866000832274,94.0,17.0531914893617,89.72706030937364,0.7956766523931457
1603,1603.0,0.7798514914766865,0.7966,0.00036151375965313797,0.35005949256394187,0.0,-0.07506758161779992,94.0,17.06382978723404,93.1765443092877,0.8032408964161821
1604,1604.0,0.7804907793958717,0.7973,0.0003618543099302606,0.3503757846381271,0.0,-0.07439733998337483,94.0,17.074468085106382,94.60993053287638,0.806221892035291
1605,1605.0,0.7811285895439898,0.798,0.0003621964535687231,0.3506935883495916,0.0,-0.07372793354101748,94.0,17.085106382978722,91.93159731287898,0.8005763647188913
1606,1606.0,0.7817649212107851,0.7987,0.00036254020667321214,0.35101291905466864,0.0,-0.0730593607305936,94.0,17.095744680851062,93.41868261319154,0.8037508898595354
1607,1607.0,0.7823997736996022,0.7994,0.00036288558539629553,0.351333792157194,0.0,-0.07239161999585142,94.0,17.106382978723403,87.58691614109958,0.7906841096699997
1608,1608.0,0.783033146327633,0.8001,0.0003632326059386024,0.3516562231087095,0.0,-0.07172470978441114,94.0,17.117021276595743,93.4362932473425,0.8037878783910901
1609,1609.0,0.7836650384261514,0.8008,0.00036358128454901085,0.3519802274086742,0.0,-0.07105862854775213,94.0,17.127659574468087,88.18017167466726,0.7920923379354204
1610,1610.0,0.7842954493407546,0.8015,0.0003639316375248342,0.35230582060466603,0.0,-0.07039337474120089,94.0,17.138297872340427,88.260285106159,0.792281054709011
1611,1611.0,0.7849243784315915,0.8022,0.0003642836812119951,0.3526330182925884,0.0,-0.06972894682391884,94.0,17.148936170212767,93.47823773047101,0.8038759204447729
1612,1612.0,0.7855518250735988,0.8029,0.0003646374320052337,0.3529618361168791,0.0,-0.06906534325889169,94.0,17.159574468085108,89.5243529648109,0.7952140090804167
1613,1613.0,0.7861777886567312,0.8036,0.0003649929063482587,0.35329228977071025,0.0,-0.06840256251291588,94.0,17.170212765957448,96.00044241871957,0.809028657874618
1614,1614.0,0.7868022685861789,0.8043,0.00036535012073393914,0.35362439499619197,0.0,-0.06774060305658813,94.0,17.180851063829788,87.72069973210961,0.7910033391283753
1615,1615.0,0.7874252642826062,0.805,0.00036570909170449527,0.3539581675845779,0.0,-0.06707946336429305,94.0,17.19148936170213,96.67109634369675,0.8103535179930881
1616,1616.0,0.7880467751823624,0.8056,0.000366069843913586,0.3542936233764685,0.0,-0.06641914191419152,94.0,17.20212765957447,100.92766591918131,0.8183517555234666
1617,1617.0,0.788666800737703,0.8063,0.00036643239886492094,0.35463077826201006,0.0,-0.06575963718820854,94.0,17.21276595744681,87.96148514558742,0.7915754457420843
1618,1618.0,0.7892853404170083,0.807,0.0003667967629220443,0.354969648181098,0.0,-0.06510094767202301,94.0,17.22340425531915,91.11649079510417,0.7987923681723
1619,1619.0,0.7899023937049964,0.8077,0.00036716295283878203,0.3553102491235778,0.0,-0.0644430718550546,94.0,17.23404255319149,96.53052013511603,0.8100773381551064
1620,1620.0,0.790517960102932,0.8084,0.0003675309854193016,0.3556525971294528,1.0,-0.06378600823045266,94.0,17.24468085106383,87.13903554459021,0.7896082597339292
1621,1621.0,0.780715776849944,0.7972,0.000363548494378621,0.3518979799673924,0.0,-0.0744396463088628,95.0,17.073684210526316,84.74444570378138,0.7836633046439847
1622,1622.0,0.7813479823771532,0.7979,0.0003638867536479705,0.35221185808738864,0.0,-0.073777229757501,95.0,17.08421052631579,89.98924875980985,0.7962719593063078
1623,1623.0,0.7819787420766608,0.7986,0.00036422658597657536,0.35252722532092834,0.0,-0.07311562949270889,95.0,17.094736842105263,93.32496026539089,0.8035538050999614
1624,1624.0,0.7826080552184936,0.7993,0.00036456800658965673,0.35284409619696233,0.0,-0.07245484400656799,95.0,17.105263157894736,90.22836282465099,0.7968118587171733
1625,1625.0,0.7832359210857266,0.8,0.0003649110307561573,0.3531624852882849,0.0,-0.07179487179487176,95.0,17.11578947368421,95.29899180464194,0.8076230085317615
1626,1626.0,0.7838623389747178,0.8007,0.0003652556737888934,0.3534824127961669,0.0,-0.0711357113571136,95.0,17.126315789473683,88.18782063901659,0.7921103707916988
1627,1627.0,0.7844873081953337,0.8014,0.0003656019510446966,0.3538039056226894,0.0,-0.07047736119647618,95.0,17.13684210526316,90.49862263941618,0.7974186479458268
1628,1628.0,0.7851108280711949,0.8021,0.0003659498779245578,0.35412696299201146,0.0,-0.06981981981981966,95.0,17.147368421052633,94.9447515919714,0.8069052472524072
1629,1629.0,0.7857328979398824,0.8028,0.0003662994698737779,0.3544515996641474,0.0,-0.06916308573767127,95.0,17.157894736842106,90.20269436984394,0.7967540386525036
1630,1630.0,0.7863535171531858,0.8035,0.0003666507423820963,0.35477783044389005,0.0,-0.06850715746421265,95.0,17.16842105263158,90.0101884415529,0.7963193539447162
1631,1631.0,0.78697268507731,0.8041,0.0003670037346055972,0.35510567018098127,0.0,-0.06785203351726965,95.0,17.178947368421053,96.44161559817626,0.8099022582769754
1632,1632.0,0.787590401093108,0.8048,0.00036735845217589035,0.35543513377028263,0.0,-0.06719771241830053,95.0,17.189473684210526,92.22053349070464,0.8012011789632377
1633,1633.0,0.7882066645962921,0.8055,0.00036771489969193017,0.3557662361519352,0.0,-0.0665441926923862,95.0,17.2,95.73156487359122,0.8084922840492413
1634,1634.0,0.7888214749976518,0.8062,0.00036807309283522747,0.35609899231152875,0.0,-0.06589147286821695,95.0,17.210526315789473,95.84324651431643,0.8087154390101464
1635,1635.0,0.7894348317232733,0.8069,0.00036843304733252813,0.35643345027077294,0.0,-0.06523955147808347,95.0,17.221052631578946,98.30037158625102,0.8134968053783271
1636,1636.0,0.7900467342147395,0.8076,0.00036879477895595614,0.3567696034497926,0.0,-0.0645884270578645,95.0,17.231578947368423,95.1256743002422,0.8072725006345983
1637,1637.0,0.7906571819293488,0.8083,0.0003691583035231213,0.35710745807420063,1.0,-0.06393809814701679,95.0,17.242105263157896,86.91106999160522,0.7890564074852127
1638,1638.0,0.7809349265262687,0.7972,0.00036523606480907576,0.353412742505425,0.0,-0.07448107448107444,96.0,17.072916666666668,85.47303159273967,0.7855073934818685
1639,1639.0,0.7815616285631005,0.7979,0.000365570509955981,0.35372278946795555,0.0,-0.0738255033557047,96.0,17.083333333333332,98.19395474207731,0.8132946841637159
1640,1640.0,0.7821869164837103,0.7986,0.0003659064871755428,0.35403428818574084,0.0,-0.07317073170731714,96.0,17.09375,87.14369835473252,0.7896195171944099
1641,1641.0,0.78281078952788,0.7992,0.0003662440353159264,0.35434725233408076,0.0,-0.07251675807434488,96.0,17.104166666666668,87.3134609666053,0.7900285576774323
1642,1642.0,0.7834332469476691,0.7999,0.0003665831604441354,0.3546616956284243,0.0,-0.07186358099878176,96.0,17.114583333333332,95.40197445127872,0.807830671862079
1643,1643.0,0.7840542880076492,0.8006,0.0003669238632917955,0.3549776318244958,0.0,-0.07121119902617168,96.0,17.125,94.81494022049598,0.8066408807441272
1644,1644.0,0.7846739119851338,0.8013,0.0003672661582853843,0.35529507471843863,0.0,-0.07055961070559591,96.0,17.135416666666668,88.37050222976194,0.7925401251464324
1645,1645.0,0.7852921181703998,0.802,0.0003676100598911602,0.3556140760159315,0.0,-0.06990881458966558,96.0,17.145833333333332,100.43968822488065,0.8174692329561428
1646,1646.0,0.7859089058669149,0.8027,0.00036795558261527915,0.35593462131576514,0.0,-0.06925880923450789,96.0,17.15625,90.8576123324767,0.7982190719887523
1647,1647.0,0.7865242743915681,0.8033,0.00036830275247281316,0.3562567173717583,0.0,-0.06860959319975701,96.0,17.166666666666668,87.35889562600568,0.7901377621367763
1648,1648.0,0.7871382230748712,0.804,0.00036865161733736103,0.35658037815363497,0.0,-0.06796116504854366,96.0,17.177083333333332,93.95106349483085,0.8048629504407683
1649,1649.0,0.787750751261192,0.8047,0.00036900214979224485,0.35690561767229545,0.0,-0.0673135233474833,96.0,17.1875,92.5681670594424,0.801947754657812
1650,1650.0,0.7883618583089653,0.8054,0.00036935436451699516,0.35723247838600025,0.0,-0.06666666666666665,96.0,17.197916666666668,96.72915037058995,0.8104673383039711
1651,1651.0,0.7889715435909084,0.8061,0.0003697082762316249,0.3575609767168604,0.0,-0.06602059357964873,96.0,17.208333333333332,96.20075288560129,0.8094263009029179
1652,1652.0,0.7895798064942233,0.8067,0.0003700639183994297,0.3578910985429369,1.0,-0.06537530266343827,96.0,17.21875,82.81095413589541,0.7786122195470934
1653,1653.0,0.7799016749008323,0.7958,0.00036626010514648937,0.3543118619579761,0.0,-0.0758217382536801,97.0,17.051546391752577,85.2717735193011,0.7850011489536615
1654,1654.0,0.7805257358440725,0.7965,0.000366587857425892,0.3546153451703783,0.0,-0.07517130189439736,97.0,17.061855670103093,88.48611385001958,0.7928111820527275
1655,1655.0,0.7811484150838127,0.7971,0.00036691711505744927,0.35492021313836003,0.0,-0.07452165156092638,97.0,17.072164948453608,88.33940736782716,0.7924671007017616
1656,1656.0,0.7817697118100525,0.7978,0.0003672478600092137,0.3552264786124332,0.0,-0.07387278582930756,97.0,17.082474226804123,84.99187084856898,0.7842930959126897
1657,1657.0,0.7823896252238796,0.7985,0.00036758009662515536,0.355534154379317,0.0,-0.07322470327901831,97.0,17.09278350515464,88.77504652037169,0.7934855113916918
1658,1658.0,0.7830081545377027,0.7992,0.00036791383829310695,0.3558432954379925,0.0,-0.0725774024929633,97.0,17.103092783505154,89.32995559071527,0.7947683594814319
1659,1659.0,0.7836252989754766,0.7999,0.00036824909843604986,0.3561538879265324,0.0,-0.07193088205746423,97.0,17.11340206185567,89.2336766274298,0.79454692414077
1660,1660.0,0.7842410577729284,0.8005,0.00036858593406223164,0.35646593173261476,0.0,-0.071285140562249,97.0,17.123711340206185,92.39951981938694,0.801586270478792
1661,1661.0,0.7848554301777808,0.8012,0.00036892433914420417,0.35677943979933,0.0,-0.07064017660044142,97.0,17.1340206185567,88.73571121275674,0.7933939663888363
1662,1662.0,0.7854684154499789,0.8019,0.0003692643059217165,0.3570944404128771,0.0,-0.06999598876855195,97.0,17.144329896907216,92.828957312093,0.802504155339198
1663,1663.0,0.7860800128619078,0.8026,0.00036960584797184553,0.35741098290909584,0.0,-0.06935257566646613,97.0,17.15463917525773,88.45615641526364,0.7927410134432451
1664,1664.0,0.7866902216986081,0.8032,0.0003699490069032068,0.3577290312030024,0.0,-0.0687099358974359,97.0,17.164948453608247,92.50069793491774,0.8018032972439578
1665,1665.0,0.7872990412580021,0.8039,0.0003702938183402317,0.358048598396423,1.0,-0.06806806806806787,97.0,17.175257731958762,83.06210495562055,0.7792816189388808
1666,1666.0,0.7776321271019134,0.793,0.00036665927813557043,0.3546332956714998,0.0,-0.07843137254901955,98.0,17.010204081632654,91.37740836331172,0.7993668931773489
1667,1667.0,0.7782562165301444,0.7937,0.00036697786816485163,0.3549278310010293,0.0,-0.07778444311137767,98.0,17.020408163265305,95.33777094906816,0.8077012588942586
1668,1668.0,0.7788789576636643,0.7944,0.0003672978278689248,0.3552236697849264,0.0,-0.07713828936850509,98.0,17.03061224489796,93.67083066619165,0.8042791635032406
1669,1669.0,0.7795003496299043,0.7951,0.0003676191695279844,0.35552086454213316,0.0,-0.07649290992610336,98.0,17.040816326530614,95.29774534336919,0.8076204923078071
1670,1670.0,0.7801203915657664,0.7957,0.0003679419298976546,0.3558193787459984,1.0,-0.07584830339321358,98.0,17.051020408163264,82.50892137245253,0.7778018058123066
1671,1671.0,0.7703398211233263,0.7849,0.00036466649913359414,0.3527488113638187,0.0,-0.08617594254937155,99.0,16.88888888888889,88.05916766813115,0.7918066475210597
1672,1672.0,0.7709742749784262,0.7856,0.00036496650559204955,0.35302560535345306,0.0,-0.08552631578947345,99.0,16.8989898989899,98.32488660197468,0.8135433055972104
1673,1673.0,0.7716074210377241,0.7863,0.0003652676972095603,0.3533035407343022,0.0,-0.08487746563060372,99.0,16.90909090909091,85.37899686230115,0.7852711555875826
1674,1674.0,0.7722392583225319,0.7869,0.0003655701221788251,0.35358260589327956,0.0,-0.08422939068100366,99.0,16.91919191919192,89.18391538215471,0.7944322891098169
1675,1675.0,0.7728697858601831,0.7876,0.0003658737768145812,0.35386281146664905,0.0,-0.08358208955223878,99.0,16.92929292929293,94.3040138744813,0.8055932872832432
1676,1676.0,0.7734990026842874,0.7883,0.0003661786524989614,0.35414416811843136,0.0,-0.0829355608591884,99.0,16.939393939393938,92.24469641404036,0.8012532530754488
1677,1677.0,0.7741269078349541,0.789,0.000366484760373372,0.3544267185930868,0.0,-0.08228980322003565,99.0,16.949494949494948,92.88996547648864,0.8026338664322824
1678,1678.0,0.7747535003590404,0.7897,0.00036679211160528036,0.35471047135997497,0.0,-0.08164481525625744,99.0,16.95959595959596,91.06357380682807,0.7986754465377827
1679,1679.0,0.7753787793103787,0.7903,0.0003671007792616729,0.3549954097838556,0.0,-0.08100059559261452,99.0,16.96969696969697,99.42192038705035,0.8156006918598885
1680,1680.0,0.7760027437500197,0.791,0.0003674107231105336,0.35528154465040496,0.0,-0.0803571428571428,99.0,16.97979797979798,86.47915101241244,0.7880028524944477
1681,1681.0,0.7766253927464635,0.7917,0.00036772194668655917,0.3555689091226977,0.0,-0.07971445568114222,99.0,16.98989898989899,85.92226877076601,0.7866288495914225
1682,1682.0,0.7772467253758895,0.7924,0.00036803446127372207,0.355857540411521,0.0,-0.0790725326991677,99.0,17.0,91.68850071378942,0.8000476265768396
1683,1683.0,0.7778667407223954,0.793,0.0003683483436269261,0.35614740312643245,0.0,-0.07843137254901955,99.0,17.01010101010101,96.66194624036872,0.810335565893284
1684,1684.0,0.778485437878224,0.7937,0.0003686635567829788,0.35643850817670103,0.0,-0.07779097387173395,99.0,17.02020202020202,88.43907358386856,0.79270097943815
1685,1685.0,0.7791028159439931,0.7944,0.00036898009771673047,0.35673091415607217,0.0,-0.0771513353115727,99.0,17.03030303030303,96.71518949359302,0.8104399791870558
1686,1686.0,0.7797188740289265,0.795,0.0003692979955856657,0.35702461714182415,0.0,-0.07651245551601416,99.0,17.04040404040404,92.65910522035848,0.8021421285071373
1687,1687.0,0.7803336112510765,0.7957,0.000369617316574897,0.35731959785789397,0.0,-0.07587433313574388,99.0,17.050505050505052,86.48101299577186,0.7880074169086148
1688,1688.0,0.7809470267375573,0.7964,0.0003699380024181838,0.35761588846032477,0.0,-0.07523696682464442,99.0,17.060606060606062,86.49474447877776,0.7880410718152757
1689,1689.0,0.7815591196247648,0.7971,0.0003702600646097748,0.35791354517163965,0.0,-0.07460035523978692,99.0,17.07070707070707,84.58578884110027,0.7832575236985299
1690,1690.0,0.7821698890585977,0.7977,0.0003705836040834223,0.3582125153283514,0.0,-0.07396449704142016,99.0,17.08080808080808,93.5005086121434,0.8039226352298977
1691,1691.0,0.782779334194687,0.7984,0.0003709085544315872,0.3585128241007428,0.0,-0.07332939089296264,99.0,17.09090909090909,97.19001776477958,0.8113660872281773
1692,1692.0,0.7833874541986098,0.7991,0.00037123491861051786,0.3588145490379294,0.0,-0.07269503546099276,99.0,17.1010101010101,89.62517085063668,0.795444369485371
1693,1693.0,0.7839942482461115,0.7997,0.00037156280071151866,0.35911762345947285,0.0,-0.0720614294152393,99.0,17.11111111111111,86.3028894862034,0.7875698781062928
1694,1694.0,0.7845997155233225,0.8004,0.0003718921362037399,0.35942208523223024,0.0,-0.0714285714285714,99.0,17.12121212121212,87.70022724274499,0.7909545515476419
1695,1695.0,0.7852038552269723,0.801,0.0003722229269267636,0.3597279939542193,0.0,-0.07079646017699104,99.0,17.13131313131313,88.89843668596424,0.7937721514935493
1696,1696.0,0.7858066665646088,0.8017,0.00037255529128419024,0.3600352885270383,0.0,-0.07016509433962259,99.0,17.141414141414142,90.78840394603574,0.7980652535291777
1697,1697.0,0.7864081487548049,0.8024,0.0003728891336144851,0.36034403943223253,0.0,-0.06953447259870349,99.0,17.151515151515152,96.46759060762976,0.8099534442826302
1698,1698.0,0.7870083010273731,0.803,0.00037322450847844876,0.3606542485693121,0.0,-0.0689045936395758,99.0,17.161616161616163,94.21049074468529,0.8054002989643956
1699,1699.0,0.7876071226235714,0.8037,0.00037356146408772724,0.3609658802547146,0.0,-0.06827545615067687,99.0,17.171717171717173,87.59862851077922,0.7907120962392993
1700,1700.0,0.78820461279632,0.8044,0.00037389993601555594,0.36127905774419455,0.0,-0.0676470588235294,99.0,17.181818181818183,88.65910024381536,0.7932154366227936
1701,1701.0,0.788800770810392,0.805,0.0003742400405357832,0.3615936850104494,0.0,-0.06701940035273357,99.0,17.19191919191919,92.94159603300014,0.8027435065046242
1702,1702.0,0.7893955959426341,0.8057,0.0003745817109080011,0.3619098358597139,1.0,-0.06639247943595761,99.0,17.2020202020202,85.00817674129806,0.7843344718576141
1703,1703.0,0.7799319802266622,0.795,0.0003709703995281907,0.35852110547951016,0.0,-0.07653161088275584,100.0,17.04,90.88910440589798,0.7982889868574429
1704,1704.0,0.7805415052109582,0.7957,0.0003712862977868541,0.3588126244588141,1.0,-0.07589984350547718,100.0,17.05,80.97171851936699,0.7735834971941675
1705,1705.0,0.7709225245015243,0.7851,0.0003680988552827626,0.3558301168344205,0.0,-0.08602150537634401,101.0,16.89108910891089,92.079488626056,0.8008966643180782
1706,1706.0,0.7715458025732439,0.7857,0.00036839301844455253,0.3561009291525711,0.0,-0.08538491598280573,101.0,16.900990099009903,96.04268500477691,0.8091126530623183
1707,1707.0,0.7721678290765337,0.7864,0.00036868830848598463,0.35637278839670966,0.0,-0.08474907244678764,101.0,16.91089108910891,93.24357841025578,0.8033823492630259
1708,1708.0,0.7727886030163249,0.7871,0.00036898472008026434,0.35664577790764274,0.0,-0.08411397345823568,101.0,16.92079207920792,90.54463985086382,0.7975216052156131
1709,1709.0,0.7734081234025164,0.7877,0.00036928233878787484,0.3569198523507051,0.0,-0.08347961771016177,101.0,16.93069306930693,90.43224196618804,0.7972699455998444
1710,1710.0,0.7740263892501942,0.7884,0.00036958112732240214,0.35719500350988176,0.0,-0.08284600389863539,101.0,16.940594059405942,91.97553726935682,0.8006716364195527
1711,1711.0,0.7746433995798647,0.7891,0.00036988106851480545,0.35747132752501676,0.0,-0.08221313072277403,101.0,16.95049504950495,90.9653986190975,0.7984581652843503
1712,1712.0,0.7752591534176732,0.7897,0.00037018226533405127,0.3577487607078454,0.0,-0.08158099688473519,101.0,16.96039603960396,93.22084443548398,0.803334399679018
1713,1713.0,0.775873649795627,0.7904,0.0003704846537191714,0.35802731430638957,0.0,-0.08094960108970617,101.0,16.97029702970297,97.80667652048389,0.8125554002492484
1714,1714.0,0.7764868877518237,0.791,0.00037078824025520504,0.35830707590388455,0.0,-0.08031894204589651,101.0,16.980198019801982,95.50581670778044,0.8080396151217898
1715,1715.0,0.7770988663306698,0.7917,0.00037109312467687263,0.3585879652798264,0.0,-0.0796890184645287,101.0,16.99009900990099,88.12108998827432,0.7919529441161834
1716,1716.0,0.7777095845831032,0.7924,0.0003713992150831078,0.35887005039535375,0.0,-0.079059829059829,101.0,17.0,85.79759202940188,0.7863187893775538
1717,1717.0,0.778319041566813,0.793,0.00037170658844985245,0.35915333600928206,0.0,-0.07843137254901955,101.0,17.00990099009901,91.63545647090149,0.7999318818348985
1718,1718.0,0.7789272363464577,0.7937,0.00037201524612754744,0.3594377861138279,0.0,-0.07780364765230874,101.0,17.019801980198018,89.43708848764196,0.7950141977635312
1719,1719.0,0.7795341679938916,0.7943,0.00037232515274554756,0.35972351505833255,0.0,-0.07717665309288346,101.0,17.02970297029703,89.17539959034741,0.7944126584511791
1720,1720.0,0.7801398355883686,0.795,0.0003726364272344065,0.3600104235905171,0.0,-0.07655038759689914,101.0,17.03960396039604,94.4583516583007,0.8059109331099337
1721,1721.0,0.7807442382167729,0.7957,0.0003729489617458088,0.3602986052907942,0.0,-0.07592484989347281,101.0,17.04950495049505,95.22109208118376,0.8074656262322357
1722,1722.0,0.781347374973828,0.7963,0.0003732628670528531,0.3605880259975134,0.0,-0.07530003871467272,101.0,17.059405940594058,93.79681900209938,0.8045420566669431
1723,1723.0,0.7819492449623069,0.797,0.0003735780906113241,0.36087871021961176,0.0,-0.07467595279551165,101.0,17.06930693069307,93.40424617945912,0.8037205578629777
1724,1724.0,0.7825498472932577,0.7976,0.00037389467489131893,0.36117069091036164,0.0,-0.07405259087393645,101.0,17.07920792079208,99.38563732044288,0.8155333725513847
1725,1725.0,0.7831491810862025,0.7983,0.0003742126377455814,0.3614639340128887,0.0,-0.07342995169082123,101.0,17.08910891089109,98.33767095036872,0.8135675458229409
1726,1726.0,0.7837472454693591,0.7989,0.0003745319607230893,0.3617585227951978,0.0,-0.0728080339899575,101.0,17.099009900990097,86.62997172467891,0.7883719344662953
1727,1727.0,0.7843440395798422,0.7996,0.0003748527134176443,0.3620543814998729,0.0,-0.0721868365180467,101.0,17.10891089108911,95.00739163786314,0.8070325580222857
1728,1728.0,0.7849395625638792,0.8002,0.00037517483519183055,0.36235162678180083,0.0,-0.07156635802469125,101.0,17.11881188118812,100.36241256769574,0.8173286904500501
1729,1729.0,0.7855338135770126,0.8009,0.00037549842856911925,0.3626501581768875,0.0,-0.07094659726238661,101.0,17.128712871287128,98.24594549077837,0.8133934867057272
1730,1730.0,0.7861267917843041,0.8015,0.00037582340961703995,0.36295010866949523,1.0,-0.07032755298651239,101.0,17.138613861386137,85.1424045133115,0.7846744705164272
1731,1731.0,0.7767204260888347,0.7911,0.00037246698402900054,0.3598085913332147,0.0,-0.08030040439052577,102.0,16.980392156862745,99.93123760503806,0.8165405155313612
1732,1732.0,0.7773272088054702,0.7917,0.00037276875702357435,0.36008635846424236,0.0,-0.079676674364896,102.0,16.99019607843137,99.1889169988515,0.8151675218558379
1733,1733.0,0.7779327580394229,0.7924,0.0003730717370630304,0.3603652605868805,0.0,-0.07905366416618587,102.0,17.0,97.00524197213728,0.8110067769471757
1734,1734.0,0.7785370728380068,0.793,0.0003733759545658717,0.360645356646709,0.0,-0.07843137254901955,102.0,17.00980392156863,91.31658221304764,0.7992332510807243
1735,1735.0,0.7791401522549524,0.7937,0.0003736814303243197,0.3609265909615933,0.0,-0.07780979827089318,102.0,17.019607843137255,89.80864335830013,0.7958622617180536
1736,1736.0,0.7797419953506326,0.7943,0.0003739881479407916,0.36120906016604937,0.0,-0.07718894009216593,102.0,17.029411764705884,98.2145010264922,0.8133337425561208
1737,1737.0,0.7803426011922627,0.795,0.0003742961658331868,0.3614926794749671,0.0,-0.07656879677605066,102.0,17.03921568627451,97.25214049419323,0.8114865828127661
1738,1738.0,0.7809419688541251,0.7956,0.0003746054395071124,0.36177756630874525,0.0,-0.07594936708860756,102.0,17.04901960784314,91.16533570247242,0.7989001719560812
1739,1739.0,0.7815400974177659,0.7963,0.00037491604621195856,0.3620636237465469,0.0,-0.07533064979873494,102.0,17.058823529411764,95.32320776622961,0.8076718800914259
1740,1740.0,0.7821369859722167,0.7969,0.00037522793222863327,0.36235097296548235,0.0,-0.07471264367816088,102.0,17.068627450980394,94.09170583691842,0.805154628983887
1741,1741.0,0.782732633614194,0.7976,0.0003755411746898635,0.3626395220032255,0.0,-0.07409534750143587,102.0,17.07843137254902,97.14354321187699,0.8112758426636032
1742,1742.0,0.7833270394483127,0.7982,0.000375855729679024,0.3629293786364988,0.0,-0.07347876004592413,102.0,17.08823529411765,93.3369457236321,0.8035790308843211
1743,1743.0,0.7839202025872882,0.7989,0.00037617165510783177,0.3632204730845846,0.0,-0.07286288009179565,102.0,17.098039215686274,89.17299085035852,0.7944071051278457
1744,1744.0,0.7845121221521406,0.7995,0.0003764889360466139,0.3635128824368917,0.0,-0.07224770642201839,102.0,17.107843137254903,88.88833333664238,0.7937487109371214
1745,1745.0,0.7851027972724077,0.8002,0.00037680759192321503,0.3638065764481679,0.0,-0.07163323782234943,102.0,17.11764705882353,85.67268805917452,0.7860072591550948
1746,1746.0,0.7856922270863353,0.8008,0.0003771276561390719,0.3641015841018354,0.0,-0.07101947308132872,102.0,17.127450980392158,91.25536279551581,0.7990985650408897
1747,1747.0,0.7862804107410872,0.8015,0.00037744909021438075,0.3643979321746749,0.0,-0.07040641099026912,102.0,17.137254901960784,90.38170378094811,0.7971565862736272
1748,1748.0,0.7868673473929435,0.8021,0.00037777199538795907,0.36469558399172386,1.0,-0.06979405034324926,102.0,17.147058823529413,85.7883917721104,0.7862958734319874
1749,1749.0,0.7775501805183144,0.7917,0.0003744378758110102,0.3615774507466328,0.0,-0.0796645702306078,103.0,16.990291262135923,92.77770551413803,0.8023950556684161
1750,1750.0,0.7781506494380669,0.7924,0.00037473781112169166,0.3618532351883774,0.0,-0.07904761904761903,103.0,17.0,91.08557222122418,0.7987240691774299
1751,1751.0,0.7787499100100251,0.793,0.00037503893636326043,0.36213020552004593,0.0,-0.07843137254901955,103.0,17.009708737864077,96.70477114030079,0.8104195572032837
1752,1752.0,0.7793479612787361,0.7937,0.0003753412919581116,0.3624082862654791,0.0,-0.07781582952815813,103.0,17.019417475728154,95.05226974032355,0.807123665921721
1753,1753.0,0.7799448022948529,0.7943,0.00037564488066614505,0.36268755623263216,0.0,-0.0772009887811369,103.0,17.02912621359223,90.20486266195455,0.7967589241609063
1754,1754.0,0.7805404321153464,0.795,0.0003759496998641945,0.36296798343879394,0.0,-0.07658684910680336,103.0,17.038834951456312,102.69342050497153,0.8214750931151836
1755,1755.0,0.7811348498037081,0.7956,0.00037625580513421845,0.363249594662161,0.0,-0.07597340930674257,103.0,17.04854368932039,90.53362422995022,0.79749696878623
1756,1756.0,0.7817280544301555,0.7963,0.0003765631314915159,0.36353241879791603,0.0,-0.07536066818526943,103.0,17.058252427184467,86.72972157005002,0.7886153327665668
1757,1757.0,0.7823200450718384,0.7969,0.00037687180673582493,0.3638164131464834,0.0,-0.07474862454942133,103.0,17.067961165048544,87.82899284812423,0.7912610319346856
1758,1758.0,0.7829108208130354,0.7975,0.00037718171875754543,0.3641016849953625,0.0,-0.07413727720894947,103.0,17.07766990291262,95.52180515394018,0.8080717454638984
1759,1759.0,0.783500380745369,0.7982,0.00037749298299721124,0.3643881399870477,0.0,-0.07352662497631224,103.0,17.0873786407767,96.39583711456467,0.8098119806611098
1760,1760.0,0.7840887239679922,0.7988,0.00037780554787052574,0.3646758752512647,0.0,-0.07291666666666674,103.0,17.097087378640776,93.71608759529606,0.8043736800825054
1761,1761.0,0.784675849587803,0.7995,0.000378119432006513,0.3649648566913418,0.0,-0.07230740109786105,103.0,17.106796116504853,89.03897427397665,0.7940976579882771
1762,1762.0,0.7852617567196358,0.8001,0.00037843470396527337,0.3652550833579417,1.0,-0.07169882709042752,103.0,17.116504854368934,77.70720257573609,0.7640716339587049
1763,1763.0,0.7759744299260286,0.7898,0.0003752167974066462,0.36224959695855136,0.0,-0.08148988466628837,104.0,16.96153846153846,90.74906086911326,0.7979777073420586
1764,1764.0,0.7765734479110398,0.7905,0.0003755102256426629,0.36251909305238916,0.0,-0.08087679516250934,104.0,16.971153846153847,89.34589172749209,0.7948049655237579
1765,1765.0,0.7771712858367177,0.7911,0.0003758048490932443,0.36278965525456003,0.0,-0.08026440037771487,104.0,16.98076923076923,90.69186030366167,0.7978502891885974
1766,1766.0,0.777767942724457,0.7917,0.00037610057076221774,0.3630613360102333,0.0,-0.07965269913174766,104.0,16.990384615384617,95.69495733901411,0.8084190239159136
1767,1767.0,0.7783634176006392,0.7924,0.0003763975254109205,0.36333406649577893,0.0,-0.07904169024712315,104.0,17.0,92.2478572155792,0.8012600629791418
1768,1768.0,0.778957709496851,0.793,0.0003766956204426493,0.3636079733587213,0.0,-0.07843137254901955,104.0,17.009615384615383,93.62338542335748,0.804179978640684
1769,1769.0,0.7795508174500798,0.7937,0.0003769949160971781,0.36388296121045416,0.0,-0.07782174486527227,104.0,17.01923076923077,90.0941903745404,0.7965092615060102
1770,1770.0,0.7801427405029122,0.7943,0.00037729543447520607,0.3641590909218392,0.0,-0.07721280602636527,104.0,17.028846153846153,90.47276852692534,0.7973607569234802
1771,1771.0,0.7807334777037425,0.7949,0.00037759711985762347,0.36443638368439035,0.0,-0.07660455486542439,104.0,17.03846153846154,94.29691566146373,0.8055786532917788
1772,1772.0,0.7813230281069704,0.7956,0.0003779001033849462,0.3647147913501981,0.0,-0.07599699021820916,104.0,17.048076923076923,94.69559584115983,0.8063971912264511
1773,1773.0,0.7819113907732039,0.7962,0.0003782042898198953,0.3649944205451352,0.0,-0.07539011092310566,104.0,17.057692307692307,90.7852173343826,0.7980581655071938
1774,1774.0,0.7824985647694525,0.7969,0.0003785097182002386,0.36527520696982513,0.0,-0.07478391582111965,104.0,17.067307692307693,90.60344494520325,0.797653021422957
1775,1775.0,0.7830845491693313,0.7975,0.00037881645641909607,0.3655571589395717,1.0,-0.07417840375586837,104.0,17.076923076923077,84.4452761534656,0.7828968751311148
1776,1776.0,0.773814347204462,0.7873,0.0003757304743020265,0.3626791342282456,0.0,-0.08389639639639634,105.0,16.923809523809524,89.09973821954102,0.7942380785882878
1777,1777.0,0.7744129925933274,0.7879,0.00037601668229026905,0.3629416456076462,0.0,-0.08328643781654455,105.0,16.933333333333334,88.32563869191715,0.7924347493565189
1778,1778.0,0.7750104865854307,0.7886,0.0003763039723422389,0.36320512094908125,0.0,-0.08267716535433056,105.0,16.942857142857143,86.82630908142069,0.7888504817573048
1779,1779.0,0.7756068281814015,0.7892,0.0003765923685485043,0.36346963252700526,0.0,-0.08206857785272614,105.0,16.952380952380953,89.14382329815483,0.7943398358401708
1780,1780.0,0.7762020163856024,0.7898,0.0003768818134036139,0.3637351860880339,0.0,-0.08146067415730318,105.0,16.961904761904762,88.78134155876674,0.7935001542953931
1781,1781.0,0.7767960502063275,0.7905,0.00037717243126656364,0.3640017404049347,0.0,-0.08085345311622683,105.0,16.97142857142857,94.80559637373374,0.8066218236625886
1782,1782.0,0.7773889286560013,0.7911,0.0003774641361999095,0.36426940467744506,0.0,-0.08024691358024683,105.0,16.98095238095238,93.40263192701327,0.8037171656184231
1783,1783.0,0.7779806507513835,0.7918,0.00037775695371186705,0.36453810549607796,0.0,-0.07964105440269198,105.0,16.99047619047619,96.42596395599526,0.8098714020458235
1784,1784.0,0.7785712155137595,0.7924,0.00037805096552127356,0.36480785647701164,0.0,-0.07903587443946192,105.0,17.0,87.10136435256382,0.7895172656638909
1785,1785.0,0.7791606219691409,0.793,0.0003783460908903074,0.36507874834542003,0.0,-0.07843137254901955,105.0,17.00952380952381,97.45165856195916,0.8118725365594767
1786,1786.0,0.7797488691484693,0.7937,0.0003786423853418563,0.3653507024817259,0.0,-0.07782754759238508,105.0,17.01904761904762,88.2977051100967,0.7923690846724288
1787,1787.0,0.7803359560878043,0.7943,0.0003789398904996299,0.36562374944409043,0.0,-0.077224398433128,105.0,17.02857142857143,93.41434894914774,0.8037417855011385
1788,1788.0,0.7809218818285255,0.7949,0.0003792385490191744,0.3658979639660282,0.0,-0.07662192393736,105.0,17.038095238095238,94.84911451845662,0.8067105483650471
1789,1789.0,0.7815066454175239,0.7956,0.0003795384125088439,0.3661732784787343,0.0,-0.07602012297372829,105.0,17.047619047619047,88.9220091538285,0.7938268207411056
1790,1790.0,0.7820902459074021,0.7962,0.0003798395243828172,0.36644970989605147,0.0,-0.07541899441340782,105.0,17.057142857142857,96.82154342315235,0.8106482019894201
1791,1791.0,0.7826726823566651,0.7968,0.000380141829787477,0.36672735478302954,0.0,-0.0748185371300949,105.0,17.066666666666666,88.07618742153409,0.7918468785939871
1792,1792.0,0.7832539538299156,0.7975,0.0003804453551890839,0.36700613774383134,0.0,-0.07421875,105.0,17.076190476190476,100.39076615025675,0.817380282705548
1793,1793.0,0.7838340593980432,0.7981,0.00038075018817519554,0.36728607215216674,1.0,-0.07361963190184051,105.0,17.085714285714285,82.83047338817337,0.7786643902490241
1794,1794.0,0.7746502709682184,0.788,0.0003776835945466013,0.3644284394100184,0.0,-0.08324043106651802,106.0,16.933962264150942,90.40853580293424,0.7972167874359235
1795,1795.0,0.7752427924397182,0.7886,0.00037796816112458797,0.36468915698315224,0.0,-0.0826369545032497,106.0,16.943396226415093,89.8191500214799,0.795886140884778
1796,1796.0,0.775834185535505,0.7892,0.0003782537532573615,0.3649508684168171,0.0,-0.0820341499628805,106.0,16.952830188679247,93.77879178793407,0.8045044835425981
1797,1797.0,0.7764244492579503,0.7899,0.00037854047027692907,0.3652135568250819,0.0,-0.08143201632350205,106.0,16.962264150943398,95.43485664892624,0.8078968840412712
1798,1798.0,0.777013582612932,0.7905,0.0003788282581100551,0.36547729410180846,0.0,-0.08083055246570248,106.0,16.971698113207548,84.95717102429506,0.7842049927946567
1799,1799.0,0.7776015846100234,0.7911,0.0003791171086817994,0.36574206490038486,0.0,-0.08022975727255877,106.0,16.9811320754717,87.65795120864232,0.7908537322564547
1800,1800.0,0.7781884542626943,0.7918,0.00037940710004857994,0.36600784791097163,0.0,-0.0796296296296295,106.0,16.99056603773585,93.00973120553601,0.8028880086448189
1801,1801.0,0.7787741905884997,0.7924,0.0003796982145875864,0.3662746858520566,0.0,-0.07903016842494903,106.0,17.0,85.43242452151932,0.7854054425352823
1802,1802.0,0.7793587926092747,0.793,0.00037999042938191346,0.3665426162204322,0.0,-0.07843137254901955,106.0,17.00943396226415,84.98444110748095,0.7842742377966936
1803,1803.0,0.7799422593513201,0.7937,0.00038028377992656726,0.3668115943672804,0.0,-0.07783324089480503,106.0,17.0188679245283,97.36895744036443,0.8117127489573671
1804,1804.0,0.780524589845604,0.7943,0.00038057832754938943,0.3670816328233397,0.0,-0.0772357723577235,106.0,17.028301886792452,90.2978770706266,0.7969682795643812
1805,1805.0,0.7811057831279473,0.7949,0.0003808740132817086,0.3673528057296452,0.0,-0.07663896583564167,106.0,17.037735849056602,88.3068125535892,0.7923904984996746
1806,1806.0,0.7816858382392139,0.7955,0.0003811708504846154,0.36762508048083303,0.0,-0.07604282022886655,106.0,17.047169811320753,87.34282155881552,0.7900991403055613
1807,1807.0,0.7822647542255006,0.7962,0.0003814688965447282,0.3678984515604773,0.0,-0.07544733444014007,106.0,17.056603773584907,95.48161973660282,0.8079909684826465
1808,1808.0,0.7828425301383302,0.7968,0.0003817681608742673,0.36817293166028503,0.0,-0.07485250737463112,106.0,17.066037735849058,96.4449030562897,0.8099087380218201
1809,1809.0,0.7834191650348397,0.7974,0.00038206861499365464,0.3684485931608023,0.0,-0.07425833793992975,106.0,17.07547169811321,88.35030393999166,0.7924926965074676
1810,1810.0,0.783994657977959,0.798,0.00038237027243101187,0.36872539961953565,0.0,-0.07366482504604055,106.0,17.08490566037736,86.08148686508297,0.7870235052739332
1811,1811.0,0.784569008036616,0.7987,0.00038267317525181055,0.36900335157920255,0.0,-0.07307196760537438,106.0,17.09433962264151,90.42885738353205,0.7972623577938517
1812,1812.0,0.7851422142859056,0.7993,0.0003829773552503544,0.369282461895597,0.0,-0.07247976453274463,106.0,17.10377358490566,88.77334779738835,0.7934815596323305
1813,1813.0,0.7857142758072898,0.7999,0.00038328277735942285,0.3695627675305297,0.0,-0.07188821474535745,106.0,17.11320754716981,98.78776934237582,0.8144169723096572
1814,1814.0,0.786285191688772,0.8005,0.0003835894552771567,0.3698442954166137,0.0,-0.07129731716280774,106.0,17.12264150943396,92.62756448511067,0.8020747556600141
1815,1815.0,0.7868549610250858,0.8011,0.0003838974027466182,0.37012701861029634,0.0,-0.07070707070707072,106.0,17.132075471698112,95.10016340453305,0.8072208009217842
1816,1816.0,0.7874235829178837,0.8018,0.0003842066750140443,0.3704109501345491,0.0,-0.07011747430249637,106.0,17.141509433962263,92.47577376549462,0.8017498790567132
1817,1817.0,0.7879910564759097,0.8024,0.00038451726716487764,0.370696103056239,0.0,-0.06952852687580258,106.0,17.150943396226417,90.36433463004249,0.7971175972424165
1818,1818.0,0.788557380815188,0.803,0.00038482916826937624,0.37098249885708473,0.0,-0.06894022735606886,106.0,17.160377358490567,93.92760288897072,0.804814210419011
1819,1819.0,0.7891225550592045,0.8036,0.00038514239224438307,0.37127018608866924,0.0,-0.06835257467472977,106.0,17.169811320754718,93.04476340336365,0.8029622230984085
1820,1820.0,0.7896865783390778,0.8042,0.00038545695305264906,0.37155913227342724,0.0,-0.06776556776556775,106.0,17.17924528301887,100.85237943299023,0.8182161547758561
1821,1821.0,0.7902494497937511,0.8048,0.00038577286470307845,0.37184935064926045,0.0,-0.06717920556470802,106.0,17.18867924528302,89.7996869755462,0.7958419015611293
1822,1822.0,0.7908111685701601,0.8055,0.0003860901899855574,0.3721408544989808,0.0,-0.06659348701061107,106.0,17.19811320754717,89.75174721530065,0.7957328530958346
1823,1823.0,0.7913717338234147,0.8061,0.0003864088963400547,0.372433657150522,0.0,-0.0660084110440664,106.0,17.20754716981132,92.4461013477839,0.8016862467313467
1824,1824.0,0.7919311447169692,0.8067,0.00038672899369199764,0.3727277719771658,0.0,-0.065423976608187,106.0,17.21698113207547,96.07160527622885,0.8091701155547405
1825,1825.0,0.7924894004228081,0.8073,0.0003870504962285153,0.3730232341037121,0.0,-0.06484018264840175,106.0,17.22641509433962,94.65769617899616,0.8063196752785394
1826,1826.0,0.793046500121603,0.8079,0.00038737341818385695,0.37332005165830073,0.0,-0.06425702811244971,106.0,17.235849056603772,93.32992217898284,0.8035642492214372
1827,1827.0,0.793602443002901,0.8085,0.0003876977738396103,0.37361821982195537,0.0,-0.06367451195037388,106.0,17.245283018867923,94.4990238903574,0.8059944687407078
1828,1828.0,0.7941572282652879,0.8091,0.00038802357752490207,0.3739177521444164,1.0,-0.06309263311451496,106.0,17.254716981132077,87.98464482370038,0.7916303081058197
1829,1829.0,0.7852898107958108,0.7992,0.00038458566674734744,0.3707091500578922,0.0,-0.07253508292327315,107.0,17.102803738317757,98.45727269444967,0.8137940161086055
1830,1830.0,0.7858574033166896,0.7998,0.0003848879188648683,0.3709862862326701,0.0,-0.0719489981785062,107.0,17.11214953271028,96.374160929414,0.8097692041463171
1831,1831.0,0.7864238734815933,0.8005,0.00038519141690963426,0.37126458408728624,0.0,-0.07136355361369007,107.0,17.121495327102803,88.91408010954459,0.7938084349436426
1832,1832.0,0.7869892203763577,0.8011,0.0003854962022148248,0.3715440559996397,1.0,-0.0707787481804949,107.0,17.130841121495326,80.12041887104722,0.7711777647737889
1833,1833.0,0.778012516427607,0.7912,0.00038240452439410136,0.3686664663434084,0.0,-0.0801963993453354,108.0,16.98148148148148,98.77746185281359,0.8143976066053258
1834,1834.0,0.7785899195597513,0.7918,0.0003826889639879606,0.3689266069660425,0.0,-0.07960741548527794,108.0,16.99074074074074,90.71877873173027,0.7979102718352515
1835,1835.0,0.7791662354507733,0.7924,0.00038297446044623145,0.36918778283343634,0.0,-0.07901907356948223,108.0,17.0,90.82958344835971,0.7981568048943374
1836,1836.0,0.7797414631179389,0.793,0.00038326102573407316,0.36944996197514807,0.0,-0.07843137254901955,108.0,17.00925925925926,92.35089968471952,0.8014818112663521
1837,1837.0,0.7803156015821416,0.7936,0.00038354867185413845,0.3697131557275669,0.0,-0.07784431137724535,108.0,17.01851851851852,87.94093212980583,0.7915267340324266
1838,1838.0,0.7808886498680804,0.7943,0.0003838374489237216,0.369977375463934,0.0,-0.07725788900979325,108.0,17.02777777777778,92.02502292519051,0.8007788235137201
1839,1839.0,0.7814606070044405,0.7949,0.00038412734588676693,0.3702426325945457,0.0,-0.07667210440456773,108.0,17.037037037037038,94.38611947716373,0.8057623998646433
1840,1840.0,0.7820314720240754,0.7955,0.0003844183577990907,0.3705089385669283,0.0,-0.07608695652173902,108.0,17.046296296296298,87.63100737366574,0.7907894262226325
1841,1841.0,0.7826012439641863,0.7961,0.00038471049680734827,0.37077634699886763,0.0,-0.0755024443237371,108.0,17.055555555555557,86.97180364124469,0.7892037124013477
1842,1842.0,0.783169921866503,0.7967,0.00038500377509653576,0.37104482537722855,0.0,-0.07491856677524411,108.0,17.064814814814813,89.69495594704995,0.7956035192864565
1843,1843.0,0.7837375047774624,0.7973,0.0003852982048902007,0.3713143852359305,0.0,-0.07433532284319044,108.0,17.074074074074073,95.14131318737995,0.8073041802857398
1844,1844.0,0.7843039917483864,0.7979,0.0003855937984506019,0.37158503816679833,1.0,-0.07375271149674623,108.0,17.083333333333332,84.24140252373333,0.7823714612518674
1845,1845.0,0.7753312029101641,0.7881,0.0003826457500244413,0.368845708774301,0.0,-0.08310749774164394,109.0,16.93577981651376,90.98760042563967,0.7985073433350252
1846,1846.0,0.7759092985641913,0.7887,0.0003829223998561318,0.3690983746671164,0.0,-0.08252076561935717,109.0,16.94495412844037,87.09797079034466,0.7895090647121518
1847,1847.0,0.7764863340584122,0.7893,0.0003832000348986626,0.3693519637489755,0.0,-0.08193466883234057,109.0,16.954128440366972,93.31359244709641,0.8035298732740644
1848,1848.0,0.7770623083960299,0.79,0.0003834787115152041,0.36960648659152295,0.0,-0.08134920634920628,109.0,16.96330275229358,90.72649629397283,0.797927462403822
1849,1849.0,0.7776372205825975,0.7906,0.0003837584002089431,0.3698619538001065,0.0,-0.08076437714079665,109.0,16.972477064220183,88.71382358555364,0.793342992192721
1850,1850.0,0.7782110696261881,0.7912,0.00038403910567474443,0.37011838480270803,0.0,-0.08018018018018025,109.0,16.98165137614679,92.17225124928507,0.801097042929441
1851,1851.0,0.7787838545375744,0.7918,0.00038432083920054077,0.3703758118236588,0.0,-0.07959661444264343,109.0,16.990825688073393,91.2939026468283,0.7991833758684183
1852,1852.0,0.7793555743304112,0.7924,0.0003846036121089515,0.37063421330843943,0.0,-0.07901367890568745,109.0,17.0,98.57501107891119,0.8140164212747879
1853,1853.0,0.7799262280214065,0.793,0.0003848874357574673,0.3708935999926583,0.0,-0.07843137254901955,109.0,17.009174311926607,91.61346388111447,0.7998838537845895
1854,1854.0,0.7804958146305018,0.7936,0.00038517232153861526,0.3711539826464786,0.0,-0.07784969435454858,109.0,17.01834862385321,92.61697072672983,0.8020521164806115
1855,1855.0,0.781064333181042,0.7942,0.0003854582808801395,0.3714153720747918,0.0,-0.07726864330637917,109.0,17.027522935779817,92.84950965068583,0.8025478712563355
1856,1856.0,0.7816317826999599,0.7949,0.0003857453584648475,0.3716777791173941,0.0,-0.07668821839080464,109.0,17.03669724770642,93.12544480125895,0.8031329313652257
1857,1857.0,0.7821981622179471,0.7955,0.0003860335311813144,0.371941214649157,0.0,-0.07610841859630213,109.0,17.045871559633028,102.29584650621106,0.8207812539855155
1858,1858.0,0.7827634707696295,0.7961,0.00038632280977057685,0.37220568958020706,0.0,-0.07552924291352703,109.0,17.05504587155963,88.07476586039965,0.7918435189212759
1859,1859.0,0.7833277073937447,0.7967,0.0003866132057947739,0.3724712148560902,0.0,-0.07495069033530566,109.0,17.06422018348624,89.74450107784715,0.7957163601875681
1860,1860.0,0.7838908711333115,0.7973,0.00038690473085204564,0.3727378014579546,0.0,-0.07437275985663083,109.0,17.073394495412845,89.74555199951435,0.7957187523518431
1861,1861.0,0.7844529610358121,0.7979,0.0003871973965766656,0.37300547819163665,0.0,-0.07379545047465519,109.0,17.08256880733945,94.02992624996442,0.8050266115853699
1862,1862.0,0.7850139761533562,0.7985,0.0003874912146392179,0.373274237634469,1.0,-0.07321876118868587,109.0,17.091743119266056,83.53730023164661,0.7805371578624697
1863,1863.0,0.7761218120092328,0.7888,0.0003845613460961118,0.37055408922789407,0.0,-0.08248344963320808,110.0,16.945454545454545,84.47991319850613,0.7829858881334939
1864,1864.0,0.7766942172064155,0.7894,0.00038483645593541177,0.3708050645359482,0.0,-0.08190271816881256,110.0,16.954545454545453,92.65030829967964,0.8021233423850709
1865,1865.0,0.7772655827776269,0.79,0.0003851125434084684,0.3710569678843608,0.0,-0.0813226094727435,110.0,16.963636363636365,83.7478210893673,0.7810888319856127
1866,1866.0,0.7778359077303443,0.7906,0.00038538961914162814,0.37130981365254534,0.0,-0.08074312254376559,110.0,16.972727272727273,87.84550922975733,0.791300278248908
1867,1867.0,0.7784051910742208,0.7912,0.0003856676937932066,0.371563594753297,0.0,-0.08016425638278868,110.0,16.98181818181818,87.7317181445541,0.7910295874620191
1868,1868.0,0.7789734318212469,0.7918,0.0003859467780536831,0.3718183213003809,0.0,-0.07958600999286225,110.0,16.990909090909092,92.696344128325,0.8022216139618902
1869,1869.0,0.7795406289859296,0.7924,0.00038622688264583726,0.37207400343970315,0.0,-0.07900838237916874,110.0,17.0,87.18901953781929,0.7897288737674011
1870,1870.0,0.7801067815854595,0.793,0.000386508018324909,0.37233065134948024,0.0,-0.07843137254901955,110.0,17.009090909090908,100.729872623195,0.8179950708176342
1871,1871.0,0.7806718886398857,0.7936,0.00038679019587874793,0.37258827524040156,0.0,-0.0778549795118475,110.0,17.01818181818182,90.40770524243459,0.7972149245003928
1872,1872.0,0.7812359491722844,0.7942,0.00038707342612798325,0.37284688535579175,0.0,-0.07727920227920215,110.0,17.027272727272727,98.5386925143953,0.8139478730078029
1873,1873.0,0.7817989622089302,0.7948,0.00038735771992615587,0.3731064919717707,0.0,-0.0767040398647445,110.0,17.036363636363635,93.96213995361339,0.8048859536151048
1874,1874.0,0.7823609267794707,0.7954,0.0003876430881598912,0.3733671053974236,0.0,-0.07612949128424029,110.0,17.045454545454547,92.78645553781409,0.8024136903703387
1875,1875.0,0.7829218419170941,0.796,0.0003879295417490144,0.3736287359749419,0.0,-0.07555555555555538,110.0,17.054545454545455,95.2469229905151,0.8075178414408305
1876,1876.0,0.7834817066586981,0.7967,0.0003882170975575206,0.37389139407980515,0.0,-0.07498223169864948,110.0,17.063636363636363,92.08379469696521,0.8009059748931313
1877,1877.0,0.7840405200450634,0.7973,0.00038850576059765054,0.374155090120924,0.0,-0.07440951873557089,110.0,17.072727272727274,97.97637798817006,0.8128800665039184
1878,1878.0,0.7845982811210204,0.7979,0.0003887955396870036,0.374419834540796,0.0,-0.07383741569045066,110.0,17.081818181818182,89.9742190318623,0.7962379275907802
1879,1879.0,0.7851549889356213,0.7985,0.0003890864458713164,0.3746856378156713,0.0,-0.07326592158949796,110.0,17.09090909090909,91.18168362106248,0.7989362270439758
1880,1880.0,0.7857106425423055,0.7991,0.0003893784902302298,0.3749525104556992,0.0,-0.07269503546099276,110.0,17.1,96.74066157800605,0.8104898908661029
1881,1881.0,0.7862652409990725,0.7997,0.0003896716838774156,0.3752204630050841,0.0,-0.07212475633528248,110.0,17.10909090909091,91.98885153223135,0.8007004867659464
1882,1882.0,0.7868187833686441,0.8003,0.00038996603796071335,0.3754895060422396,0.0,-0.07155508324477489,110.0,17.118181818181817,93.33215925731443,0.8035689575895401
1883,1883.0,0.787371268718638,0.8008,0.00039026156471685757,0.37575965017994145,0.0,-0.07098601522393344,110.0,17.12727272727273,89.74847088065864,0.7957253961717995
1884,1884.0,0.7879226961217277,0.8014,0.00039055828345156853,0.37603090606547396,0.0,-0.07041755130927108,110.0,17.136363636363637,89.02653670788973,0.7940688921384427
1885,1885.0,0.7884730646558149,0.802,0.0003908561985993752,0.3763032843807787,0.0,-0.06984969053934575,110.0,17.145454545454545,96.04263311849643,0.8091125499369238
1886,1886.0,0.789022373404196,0.8026,0.0003911553214551016,0.37657679584261466,0.0,-0.06928243195475425,110.0,17.154545454545456,100.39242199533909,0.8173832947850935
1887,1887.0,0.7895706214557204,0.8032,0.0003914556633484954,0.37685145120269153,1.0,-0.0687157745981275,110.0,17.163636363636364,85.28950184030812,0.785045838728666
1888,1888.0,0.7808439429020012,0.7936,0.00038840236464289117,0.3740161071830707,0.0,-0.0778601694915253,111.0,17.01801801801802,106.26350182885487,0.8274729044516103
1889,1889.0,0.781403615321768,0.7942,0.000388682915130983,0.3742719877477493,0.0,-0.07728957120169389,111.0,17.027027027027028,89.3469668781001,0.7948074347241548
1890,1890.0,0.7819622612185944,0.7948,0.000388964506160945,0.37452884238295997,0.0,-0.07671957671957674,111.0,17.036036036036037,96.5129334877424,0.8100427303283476
1891,1891.0,0.7825198796221225,0.7954,0.0003892471480128195,0.37478668083875116,0.0,-0.07615018508725524,111.0,17.045045045045047,86.7574054140668,0.7886827845319498
1892,1892.0,0.7830764695651589,0.796,0.00038953085099740093,0.37504551289618526,0.0,-0.07558139534883712,111.0,17.054054054054053,96.93988551937613,0.8108793585312322
1893,1893.0,0.7836320300838412,0.7966,0.00038981562545639453,0.3753053483674958,0.0,-0.07501320655044896,111.0,17.063063063063062,86.23288901895766,0.7873974356894979
1894,1894.0,0.784186560217806,0.7972,0.0003901014817625452,0.37556619709622546,0.0,-0.07444561774023217,111.0,17.07207207207207,102.7092638641229,0.8215026313732806
1895,1895.0,0.7847400590103459,0.7978,0.00039038843031974916,0.3758280689573721,0.0,-0.07387862796833766,111.0,17.08108108108108,95.27745084566108,0.8075795146636395
1896,1896.0,0.7852925255085906,0.7984,0.00039067648156320355,0.3760909738575267,0.0,-0.07331223628691985,111.0,17.09009009009009,90.6116523480102,0.797671349564172
1897,1897.0,0.7858439587636463,0.799,0.0003909656459595228,0.3763549217350226,0.0,-0.07274644175013156,111.0,17.0990990990991,88.92604400773631,0.7938361754657793
1898,1898.0,0.7863943578307844,0.7996,0.00039125593400685614,0.37661992256006366,0.0,-0.07218124341412002,111.0,17.10810810810811,95.08969737490716,0.8071995827155588
1899,1899.0,0.7869437217695913,0.8002,0.00039154735623503584,0.37688600905837766,0.0,-0.07161664033701953,111.0,17.117117117117118,92.80387815342931,0.8024507844055451
1900,1900.0,0.7874920496441362,0.8008,0.00039183992320567554,0.37715317152258765,0.0,-0.07105263157894726,111.0,17.126126126126128,91.81759412929524,0.800328754993114
1901,1901.0,0.7880393405231342,0.8014,0.0003921336455122994,0.3774214191522277,0.0,-0.070489216201999,111.0,17.135135135135137,96.113748878485,0.8092537899389206
1902,1902.0,0.788585593480104,0.802,0.00039242853378046645,0.37769076205367486,0.0,-0.06992639327024164,111.0,17.144144144144143,94.60451134060303,0.8062107919216649
1903,1903.0,0.7891308075935365,0.8026,0.00039272459866788307,0.3779612103659009,0.0,-0.06936416184971095,111.0,17.153153153153152,91.97236877702923,0.800664769461584
1904,1904.0,0.7896749819470507,0.8031,0.0003930218748284024,0.378232774260623,0.0,-0.06880252100840334,111.0,17.16216216216216,101.70614899699581,0.8197421344320601
1905,1905.0,0.7902181156295593,0.8037,0.00039332036416973414,0.3785054639424296,0.0,-0.06824146981627299,111.0,17.17117117117117,95.53098886224227,0.8080901961585429
1906,1906.0,0.790760207735423,0.8043,0.00039362006471832387,0.3787792896489002,0.0,-0.06768100734522542,111.0,17.18018018018018,92.85766982547028,0.8025652230150555
1907,1907.0,0.7913012573646147,0.8049,0.00039392098727097187,0.3790542616507568,0.0,-0.06712113266911368,111.0,17.18918918918919,97.11362602350317,0.8112177035908807
1908,1908.0,0.7918412636228788,0.8055,0.0003942231426572477,0.3793303916861245,0.0,-0.06656184486373151,111.0,17.1981981981982,92.24481793327477,0.8012535148956038
1909,1909.0,0.7923802256218822,0.8061,0.0003945265417396285,0.37960773167239864,0.0,-0.06600314300680976,111.0,17.207207207207208,95.05994062647989,0.8071392301266975
1910,1910.0,0.7929181424793839,0.8067,0.00039483119541358115,0.3798862511465419,0.0,-0.0654450261780104,111.0,17.216216216216218,93.28978718301357,0.8034797389196798
1911,1911.0,0.7934550133193828,0.8073,0.00039513711460768586,0.3801659605208202,0.0,-0.06488749345892186,111.0,17.225225225225227,91.08160256792932,0.7987152968717234
1912,1912.0,0.7939908372722754,0.8078,0.0003954443426643506,0.3804468702413173,0.0,-0.06433054393305437,111.0,17.234234234234233,91.13955502383979,0.798843286775563
1913,1913.0,0.7945256134750153,0.8084,0.000395752883883911,0.3807289907880531,1.0,-0.06377417668583374,111.0,17.243243243243242,86.78484233495739,0.7887495922090467
1914,1914.0,0.7859739642715582,0.7989,0.00039254756857760317,0.37775148588324753,0.0,-0.07279693486590033,112.0,17.098214285714285,94.42126494861706,0.8058346989599205
1915,1915.0,0.7865202272400414,0.7995,0.0003928350247991626,0.3780136113137642,0.0,-0.07223672758920796,112.0,17.107142857142858,98.00940446379244,0.8129431207787187
1916,1916.0,0.7870654755036067,0.8001,0.00039312358759251403,0.378276773063485,1.0,-0.07167710508002778,112.0,17.116071428571427,85.55972985742379,0.7857247403201963
1917,1917.0,0.7784061949737832,0.7907,0.00039024777038350556,0.3756134235057779,0.0,-0.08068162058772388,113.0,16.97345132743363,89.45579513737059,0.7950570636012994
1918,1918.0,0.7789622103380669,0.7913,0.00039051826059540503,0.37585949169923366,0.0,-0.08011817865832449,113.0,16.98230088495575,90.46901671748475,0.7973523533412065
1919,1919.0,0.7795172443773102,0.7918,0.0003907897021520506,0.37610644236235163,0.0,-0.07955532395344789,113.0,16.991150442477878,101.71682984377563,0.819761062535167
1920,1920.0,0.7800712961140079,0.7924,0.0003910621206526489,0.37635428401410476,0.0,-0.07899305555555536,113.0,17.0,90.47443048076488,0.7973644792687471
1921,1921.0,0.7806243645723364,0.793,0.00039133550204685817,0.3766030251997917,0.0,-0.07843137254901955,113.0,17.008849557522122,86.75738111135037,0.7886827253371897
1922,1922.0,0.7811764487783067,0.7936,0.00039160985534027735,0.3768526744911522,0.0,-0.07787027402011781,113.0,17.01769911504425,87.64539608342366,0.790823772239182
1923,1923.0,0.7817275477599259,0.7942,0.00039188518956416517,0.37710324048649874,0.0,-0.07730975905702886,113.0,17.02654867256637,96.07089947799781,0.8091687135964409
1924,1924.0,0.7822776605473545,0.7948,0.00039216151377552644,0.37735473181084345,0.0,-0.07674982674982678,113.0,17.035398230088497,94.59985200665639,0.8062012472065672
1925,1925.0,0.7828267861730612,0.7954,0.00039243883705723386,0.3776071855965464,0.0,-0.07619047619047614,113.0,17.04424778761062,96.35818385670817,0.8097376621315697
1926,1926.0,0.7833749236719791,0.796,0.0003927171685181101,0.37786059760894336,0.0,-0.0756317064728278,113.0,17.053097345132745,89.07828174061592,0.7941885162679995
1927,1927.0,0.783922072081665,0.7966,0.00039299651729305643,0.37811496313327875,0.0,-0.07507351669261353,113.0,17.061946902654867,93.43336216899995,0.8037817230619139
1928,1928.0,0.7844682304424542,0.7971,0.00039327692389046323,0.37837029090973673,0.0,-0.07451590594744117,113.0,17.07079646017699,90.11594801967685,0.7965583924242772
1929,1929.0,0.7850133977976178,0.7977,0.0003935583899142616,0.37862658970584356,0.0,-0.0739588733367893,113.0,17.079646017699115,88.32607631125182,0.7924357777568587
1930,1930.0,0.785557573193519,0.7983,0.00039384090326003666,0.37888386831658366,0.0,-0.07340241796200342,113.0,17.088495575221238,98.81137990168149,0.8144613165854457
1931,1931.0,0.7861007556797662,0.7989,0.0003941244731770478,0.37914213556451215,0.0,-0.07284653892629023,113.0,17.097345132743364,92.74865976398127,0.8023331724686221
1932,1932.0,0.7866429443093732,0.7995,0.0003944091089411625,0.3794014507209816,0.0,-0.07229123533471338,113.0,17.106194690265486,94.82899388392543,0.8066695365789277
1933,1933.0,0.7871841381389081,0.8001,0.000394694819854962,0.3796617805051548,0.0,-0.0717365062941886,113.0,17.115044247787612,90.62019174245263,0.7976904155595076
1934,1934.0,0.7877243362286593,0.8006,0.00039498163974700795,0.3799231277568064,1.0,-0.07118235091347813,113.0,17.123893805309734,83.75198441091631,0.7810997140869685
1935,1935.0,0.7791398288714537,0.7913,0.0003921236625250725,0.3772784624856972,0.0,-0.08010335917312661,114.0,16.982456140350877,92.91837584125562,0.8026942123412217
1936,1936.0,0.7796905967429315,0.7919,0.00039239264124098873,0.3775229255975114,0.0,-0.07954545454545436,114.0,16.99122807017544,88.23013499854078,0.792210072741739
1937,1937.0,0.7802404016882075,0.7924,0.00039266257052604996,0.37776825555730537,0.0,-0.07898812596799165,114.0,17.0,93.43418063912,0.803783441906084
1938,1938.0,0.7807892427354093,0.793,0.000392933466409609,0.378014460378809,0.0,-0.07843137254901955,114.0,17.00877192982456,100.73114728666101,0.8179973739288378
1939,1939.0,0.7813371189141982,0.7936,0.00039320530784736467,0.37826154810026613,0.0,-0.077875193398659,114.0,17.017543859649123,96.48079860357524,0.8099794612121508
1940,1940.0,0.7818840292559174,0.7942,0.0003934781032844725,0.3785095267845432,0.0,-0.07731958762886593,114.0,17.026315789473685,86.20701267538676,0.7873336198022816
1941,1941.0,0.7824299727937468,0.7948,0.0003937518611895095,0.3787584421642804,0.0,-0.07676455435342588,114.0,17.035087719298247,88.17559985730895,0.7920815581294436
1942,1942.0,0.7829749485628529,0.7954,0.00039402659005458745,0.37900828658277935,0.0,-0.07621009268795054,114.0,17.04385964912281,93.4467679973296,0.8038098724414178
1943,1943.0,0.7835189556005414,0.7959,0.00039430232213330237,0.3792590484842355,0.0,-0.0756562017498712,114.0,17.05263157894737,94.32878538106927,0.8056443400678768
1944,1944.0,0.7840619929464148,0.7965,0.00039457908871002857,0.3795107360383688,0.0,-0.07510288065843618,114.0,17.06140350877193,92.10066678463933,0.8009424472875696
1945,1945.0,0.7846040596425189,0.7971,0.00039485685434934037,0.3797633574401142,0.0,-0.07455012853470433,114.0,17.07017543859649,99.13737218961266,0.8150714213175982
1946,1946.0,0.7851451547334953,0.7977,0.0003951356276474849,0.3800169440476401,0.0,-0.07399794450154151,114.0,17.07894736842105,96.4870316076272,0.809991736424358
1947,1947.0,0.7856852772667375,0.7983,0.0003954154172247161,0.38027152779842427,1.0,-0.0734463276836157,114.0,17.087719298245613,81.27524989127862,0.7744290745601187
1948,1948.0,0.7771179180484764,0.789,0.0003926659935920033,0.37773145053883306,0.0,-0.08230663928815884,115.0,16.94782608695652,89.43368140042868,0.7950063885747025
1949,1949.0,0.777668251504826,0.7895,0.00039292902090264174,0.3779701291523376,0.0,-0.0817513254660509,115.0,16.956521739130434,89.38801918895095,0.7949016713908851
1950,1950.0,0.7782176447923413,0.7901,0.00039319294398392824,0.37820961731225666,0.0,-0.08119658119658113,115.0,16.965217391304346,92.06574900504148,0.800866950723125
1951,1951.0,0.7787660969403433,0.7907,0.0003934577433380752,0.3784499224106708,0.0,-0.08064240560396385,115.0,16.973913043478262,86.11192233507693,0.7870987798647086
1952,1952.0,0.7793136069788004,0.7913,0.00039372342671595756,0.37869105591315944,0.0,-0.08008879781420752,115.0,16.982608695652175,94.33881548924815,0.8056650039725929
1953,1953.0,0.7798601739384778,0.7919,0.0003939900018891184,0.3789330817134247,0.0,-0.07953575695511184,115.0,16.991304347826087,89.05950066932446,0.7941451142713621
1954,1954.0,0.7804057968510798,0.7924,0.0003942574821321907,0.3791759489454545,1.0,-0.0789832821562606,115.0,17.0,82.20867472891523,0.7769902824271542
1955,1955.0,0.7717929814933621,0.7832,0.00039170741613463167,0.37682602296320267,0.0,-0.08780903665814144,116.0,16.862068965517242,92.24093980769914,0.8012451589114978
1956,1956.0,0.7723482691129177,0.7838,0.00039196001506141306,0.37705481772052324,0.0,-0.08725289706884798,116.0,16.870689655172413,88.89283757066133,0.7937591617686849
1957,1957.0,0.7729026445701996,0.7843,0.00039221339762460645,0.37728432539700923,0.0,-0.08669732583886902,116.0,16.879310344827587,92.46186438694915,0.8017200555614034
1958,1958.0,0.7734561069048609,0.7849,0.00039246759600200396,0.37751455266218736,0.0,-0.08614232209737827,116.0,16.887931034482758,87.93042166018675,0.7915018148760417
1959,1959.0,0.7740086551555257,0.7855,0.00039272257544277755,0.37774550620472713,0.0,-0.08558788497532754,116.0,16.896551724137932,98.99923487326144,0.8148133835902508
1960,1960.0,0.7745602883599294,0.7861,0.00039297834295312905,0.3779771927325634,0.0,-0.08503401360544216,116.0,16.905172413793103,96.36049162515965,0.8097422187855825
1961,1961.0,0.7751110055550583,0.7867,0.0003932349055568604,0.3782096586670476,0.0,-0.08448070712221645,116.0,16.913793103448278,94.78036023517912,0.8065703349529089
1962,1962.0,0.7756608057772894,0.7873,0.0003934922702954818,0.37844289697664796,1.0,-0.08392796466190955,116.0,16.92241379310345,80.8560333388619,0.773259550632423
1963,1963.0,0.7670195752361911,0.778,0.00039110448675180176,0.37624791483827186,0.0,-0.09271523178807928,117.0,16.786324786324787,93.7455417388395,0.8044351443996436
1964,1964.0,0.7675785440052659,0.7786,0.00039134856947633595,0.37646854972577,0.0,-0.09215885947046831,117.0,16.794871794871796,99.1338533097855,0.8150648570469352
1965,1965.0,0.7681366269183977,0.7792,0.00039159333284484736,0.3766898152884327,0.0,-0.09160305343511443,117.0,16.803418803418804,94.37526501543466,0.8057400598521763
1966,1966.0,0.7686938230414951,0.7798,0.0003918387831322019,0.3769117383708333,0.0,-0.0910478128179042,117.0,16.811965811965813,86.3939275467414,0.7877937274768008
1967,1967.0,0.7692501314380311,0.7804,0.00039208492662762994,0.3771343417727907,0.0,-0.09049313675648185,117.0,16.82051282051282,91.34959586076985,0.7993058079723088
1968,1968.0,0.7698055511691826,0.7809,0.00039233180881516756,0.3773575960628749,0.0,-0.08993902439024382,117.0,16.82905982905983,93.78361154369976,0.8045145305073833
1969,1969.0,0.7703600812939593,0.7815,0.00039257942667475867,0.37758150730622825,0.0,-0.0893854748603351,117.0,16.837606837606838,90.57960147230602,0.7975997571711706
1970,1970.0,0.7709137208693336,0.7821,0.000392827759127805,0.37780608158468887,0.0,-0.08883248730964466,117.0,16.846153846153847,95.2197520997247,0.8074629167892327
1971,1971.0,0.7714664689503812,0.7827,0.00039307681253043764,0.37803132710652176,0.0,-0.08828006088280049,117.0,16.854700854700855,97.20070465762356,0.8113868268968827
1972,1972.0,0.7720183245904071,0.7833,0.00039332659325371053,0.3782573144493168,0.0,-0.08772819472616633,117.0,16.863247863247864,85.56316873534112,0.7857333522787018
1973,1973.0,0.7725692868410796,0.7838,0.00039357714103373725,0.37848398534172856,0.0,-0.08717688798783563,117.0,16.871794871794872,89.89481380346894,0.7960579419696637
1974,1974.0,0.7731193547525735,0.7844,0.0003938284762070971,0.37871134594026284,0.0,-0.08662613981762912,117.0,16.88034188034188,94.49142861526553,0.8059788744651121
1975,1975.0,0.7736685273736922,0.785,0.0003940805603752857,0.3789394024187345,0.0,-0.0860759493670884,117.0,16.88888888888889,87.69159968989469,0.7909339845758794
1976,1976.0,0.7742168037520158,0.7856,0.0003943333999785346,0.37916819334118074,0.0,-0.08552631578947345,117.0,16.897435897435898,88.21252487957906,0.7921685910434988
1977,1977.0,0.7747641829340246,0.7862,0.000394587001472505,0.379397739241712,0.0,-0.08497723823975711,117.0,16.905982905982906,98.81550632617316,0.8144690644723499
1978,1978.0,0.775310663965249,0.7867,0.0003948414542547959,0.3796280018486841,0.0,-0.08442871587462064,117.0,16.914529914529915,84.66192636600654,0.7834524429071515
1979,1979.0,0.7758562458903884,0.7873,0.0003950966914025633,0.3798589874130998,0.0,-0.08388074785245081,117.0,16.923076923076923,93.17265584934542,0.8032326848879651
1980,1980.0,0.776400927753467,0.7879,0.00039535271241329076,0.380090727177552,0.0,-0.08333333333333326,117.0,16.931623931623932,86.93608718250468,0.7891171097354978
1981,1981.0,0.7769447085979573,0.7885,0.00039560952381393515,0.3803232648731145,0.0,-0.08278647147905094,117.0,16.94017094017094,97.88369291416574,0.812702884540637
1982,1982.0,0.7774875874669209,0.789,0.0003958672190904146,0.38055654661330457,0.0,-0.08224016145307766,117.0,16.94871794871795,87.37189339647146,0.790168982030167
1983,1983.0,0.7780295634031498,0.7896,0.00039612573282103686,0.38079057872824346,0.0,-0.0816944024205748,117.0,16.957264957264957,95.40979304426695,0.8078464196560275
1984,1984.0,0.7785706354493006,0.7902,0.000396385059163455,0.3810254165349804,0.0,-0.08114919354838701,117.0,16.965811965811966,97.05375098605778,0.8111012387767784
1985,1985.0,0.7791108026480331,0.7907,0.0003966452223032702,0.38126106427622136,0.0,-0.08060453400503764,117.0,16.974358974358974,93.57966065064556,0.8040884824131187
1986,1986.0,0.7796500640421533,0.7913,0.0003969063026105369,0.38149748374633075,0.0,-0.08006042296072513,117.0,16.982905982905983,96.47719198618805,0.8099723576536308
1987,1987.0,0.7801884186747443,0.7919,0.00039716821794858956,0.3817346840336,0.0,-0.07951685958731747,117.0,16.99145299145299,96.30015133605085,0.8096230059976024
1988,1988.0,0.780725865589311,0.7925,0.00039743097497524046,0.38197276827721155,0.0,-0.07897384305834998,117.0,17.0,96.11754845022733,0.8092613302260107
1989,1989.0,0.7812624038299153,0.793,0.0003976946638702907,0.3822116458130294,0.0,-0.07843137254901955,117.0,17.00854700854701,102.16490447312994,0.8205515540989409
1990,1990.0,0.7817980324413203,0.7936,0.000397959242925434,0.38245132311585206,0.0,-0.07788944723618085,117.0,17.017094017094017,94.1544344894389,0.8052844411126515
1991,1991.0,0.7823327504691262,0.7942,0.00039822468634724035,0.3826918886969319,0.0,-0.07734806629834257,117.0,17.025641025641026,94.08526507285796,0.805141290518379
1992,1992.0,0.7828665569599071,0.7947,0.00039849106089761763,0.3829332956999474,0.0,-0.07680722891566272,117.0,17.034188034188034,96.94901386593666,0.8108971654040227
1993,1993.0,0.7833994509613562,0.7953,0.00039875837906932615,0.38317552431066254,0.0,-0.07626693426994469,117.0,17.042735042735043,92.55024219807945,0.8019093964757471
1994,1994.0,0.7839314315224215,0.7959,0.0003990265844898418,0.3834186578578079,0.0,-0.07572718154463387,117.0,17.05128205128205,88.65017777668972,0.793194624160652
1995,1995.0,0.7844624976934463,0.7964,0.00039929574023295374,0.3836626664315314,0.0,-0.07518796992481191,117.0,17.05982905982906,92.05451826201545,0.8008426562925349
1996,1996.0,0.7849926485263092,0.797,0.0003995658736087504,0.38390751867059536,0.0,-0.07464929859719427,117.0,17.068376068376068,94.80829724566303,0.8066273325653258
1997,1997.0,0.7855218830745648,0.7976,0.00039983691732243593,0.38415331035975125,0.0,-0.07411116675012508,117.0,17.076923076923077,87.04190355043035,0.7893734789162629
1998,1998.0,0.786050200393579,0.7981,0.00040010895069322806,0.3843999933205102,0.0,-0.07357357357357341,117.0,17.085470085470085,87.56402642677692,0.7906293933540837
1999,1999.0,0.7865775995406735,0.7987,0.00040038197605843704,0.38464754222436953,1.0,-0.07303651825912949,117.0,17.094017094017094,85.57267141818954,0.7857571461835144
