,0
0,5.949399963049248e+264
1,7.503215680318471e+289
2,3.319342191466783e+289
3,5.260977409613539e+239
4,3.9986373119850705e+261
5,1.0118349774816044e+263
6,6.263497870291855e+226
7,2.876578509133978e+288
8,3.137640854578387e+223
9,9.232524412353716e+289
10,1.86478746746377e+248
11,3.179825292216323e+200
12,2.1190063968235556e+278
13,1.041910480396374e+202
14,2.5764631968860586e+289
15,9.057769232984702e+257
16,8.394377449419224e+204
17,3.320273210343446e+174
18,6.881582160063057e+281
19,3.7846841366024235e+265
20,3.4859361434796824e+193
21,2.208875088823928e+216
22,1.0968019255179165e+289
23,1.4313408589530598e+285
24,4.427939045413782e+282
25,1.1839851789335491e+275
26,1.4665465207618266e+244
27,3.741828643908533e+280
28,2.268354497387188e+230
29,3.420393976766173e+214
30,1.1652488155847635e+180
31,1.236030995836728e+286
32,2.3814152337754802e+229
33,4.182264590335319e+220
34,2.4618902367776392e+206
35,1.5265480513054736e+276
36,2.5766951968214945e+252
37,1.0032888421924163e+287
38,4.1631097871463635e+177
39,1.4345971001438903e+215
40,1.4832425444880382e+237
41,5.6738104839861084e+271
42,1.0668373159617233e+234
43,7.403738369565961e+244
44,6.58246398426718e+235
45,1.1047126337442327e+282
46,8.519920935466269e+284
47,7.625084840071621e+285
48,2.1403223003381716e+203
49,6.278464405831175e+278
50,6.511667392295355e+246
51,3.2530264380592786e+282
52,2.0418170513438137e+236
53,3.95834709003457e+286
54,7.2772479486494165e+264
55,2.9732361693699122e+143
56,1.3800719602513266e+257
57,8.9045326547911e+192
58,3.620623504519921e+209
59,1.3732436725809238e+207
60,2.170795744884568e+243
61,7.302535766006657e+221
62,1.2049170091416737e+285
63,1.4720148914792688e+235
64,5.4875015503846015e+277
65,3.854785265087701e+186
66,4.9184310825094995e+289
67,9.52838556651968e+264
68,7.099004185043454e+284
69,1.8448137181108964e+287
70,4.986538863803067e+288
71,3.849090745910856e+221
72,2.1390518281086196e+231
73,6.317948130514093e+173
74,9.179771148779676e+197
75,7.73767356365684e+289
76,4.359364972442228e+289
77,6.1196142946722055e+200
78,9.182143591793417e+289
79,8.87560162670788e+283
80,2.585951676775195e+266
81,3.9353305042948355e+195
82,2.7754028293434504e+273
83,6.459154512792522e+185
84,2.5154116863292995e+288
85,4.285195986134336e+265
86,1.2413056419339366e+180
87,1.36958792615492e+248
88,1.1663585952018076e+288
89,3.99461674764466e+284
90,9.231081524442487e+223
91,1.6536028474535832e+201
92,6.60042517984433e+222
93,4.6343434536209525e+285
94,3.2161239146239956e+201
95,2.135182437014085e+288
96,8.565601402558946e+254
97,2.93534399486275e+212
98,1.660057395670898e+175
99,5.213705736402205e+184
100,1.4687461461533732e+245
101,7.80518857478449e+256
102,7.619348789814754e+256
103,5.746557831639527e+176
104,3.1821669250648523e+192
105,2.873826022622877e+250
106,6.8236309170560255e+217
107,1.1124818057902297e+282
108,3.0388087693762997e+217
109,3.7044722571472717e+185
110,2.671523216003537e+279
111,1.9631277282741913e+289
112,1.814501540814077e+266
113,1.9057149751092566e+262
114,3.389106697371149e+281
115,3.2499809082816823e+273
116,1.199081027855352e+270
117,5.84311274740453e+202
118,8.875968768839678e+289
119,5.584160670833953e+282
120,6.722003281822262e+211
121,5.60985636321122e+218
122,8.067170922114247e+286
123,1.3256506028188351e+247
124,2.0151712903532938e+286
125,3.175018418163596e+239
126,2.3636735041637302e+206
127,1.3049907098182882e+286
128,1.0399354579587527e+240
129,1.360707259444907e+242
130,4.30419790321757e+250
131,2.0322084912431162e+280
132,2.0723496610860697e+262
133,5.517307072788745e+240
134,2.639925002837407e+199
135,2.0922814424509542e+195
136,2.3018275558528377e+273
137,4.186823706231009e+268
138,8.617229701818241e+238
139,7.632937725230396e+289
140,2.1323245519933478e+272
141,5.940984529320512e+244
142,1.4485707138436267e+194
143,3.0295514239525113e+234
144,2.7176189177285043e+289
145,1.1345963025525536e+203
146,1.189858358475681e+208
147,9.292472573925535e+252
148,3.239596495372687e+195
149,4.6895158719975556e+263
150,2.0657608043695808e+242
151,2.2558686577821372e+198
152,2.839994453035013e+260
153,8.28256509150644e+283
154,2.8832341098231896e+289
155,1.5193916378677944e+260
156,4.0495802068308894e+266
157,1.775979592093228e+181
158,8.14959575833849e+289
159,1.5698334304705833e+203
160,1.648769538960035e+196
161,4.373094092522409e+212
162,9.34903786933017e+218
163,1.1234653876469285e+282
164,5.544547735072555e+263
165,2.9458533469601483e+227
166,3.3645492797546824e+172
167,6.247656438437273e+173
168,1.5275176601811234e+243
169,5.34254903320975e+245
170,1.7158328040399163e+289
171,1.686383165049824e+192
172,2.791577917332131e+176
173,1.3084064169717548e+179
174,1.3474534730911075e+182
175,8.415176506355121e+271
176,1.1582880589402074e+263
177,4.561910312168838e+254
178,4.0185328561158185e+280
179,4.1204103279245925e+240
180,1.5273699622177606e+227
181,3.0752462727828222e+262
182,1.0996035990825723e+274
183,8.751038724553547e+288
184,5.542190045748218e+256
185,9.54378386607718e+223
186,2.7527675378977567e+199
187,1.620951125169666e+262
188,1.941933985941909e+177
189,1.5378761420568909e+237
190,2.8935182457726446e+257
191,1.0739005176685723e+238
192,7.624602801899034e+280
193,1.73438904507714e+272
194,1.2295926173838323e+204
195,2.865190898063874e+204
196,3.625533888693938e+188
197,6.236976713829529e+279
198,2.221617575779496e+277
199,3.007604734449401e+222
200,3.2509958658448465e+273
201,1.572982881238478e+278
202,1.5138906388424874e+230
203,5.3956169383868776e+250
204,1.3226267941696282e+280
205,1.946434920087464e+215
206,8.582349788996443e+288
207,8.727293487127333e+248
208,2.606374019785797e+267
209,1.3772463182040456e+203
210,7.654759521350244e+269
211,8.484488086726372e+254
212,2.852313313006844e+244
213,3.1308073506219234e+271
214,2.924988035984744e+204
215,4.946233773207086e+198
216,7.62540531955843e+289
217,4.926802432903442e+262
218,2.255901000960118e+268
219,7.94259684741656e+237
220,1.3853692609491953e+249
221,4.5706485822543905e+180
222,3.0097258348860713e+260
223,7.013132822294926e+223
224,2.664597140497685e+257
225,3.9131396431995106e+244
226,4.8767846886738166e+289
227,7.28918784636277e+189
228,8.68798224408165e+289
229,3.4043169700714105e+182
230,6.838271897652703e+270
231,2.291049878699061e+219
232,5.772087767160491e+206
233,8.837486348597343e+214
234,5.875233471627202e+289
235,1.3353242824821954e+282
236,7.49643545969974e+208
237,1.861327014530594e+288
238,1.5551475831120842e+205
239,1.6465651761221033e+272
240,1.4541949271434928e+278
241,7.950732635565997e+205
242,3.0375657410612627e+240
243,2.366636744739702e+283
244,1.968895095921278e+232
245,4.33646730493841e+289
246,4.205904476475921e+273
247,2.1137797831242015e+229
248,7.559490429763389e+288
249,1.0067136287036866e+206
250,4.3765376414394835e+284
251,1.828009281935103e+113
252,1.9019313991556951e+236
253,4.5219609619100615e+250
254,1.82373778354556e+273
255,6.5972617425714555e+255
256,3.076520538200233e+174
257,4.238941574466451e+283
258,8.358651312073304e+281
259,2.7461702849069015e+272
260,9.021395264324787e+287
261,1.1792947293777304e+222
262,2.3159117316323716e+255
263,1.0755665210518747e+242
264,1.651640063585911e+257
265,1.1627720974950122e+252
266,1.1420264860920478e+253
267,6.5150583932696326e+289
268,1.3229404054974816e+219
269,9.639062367927891e+187
270,7.318555877997772e+230
271,8.732484032317985e+227
272,1.0667041639865515e+219
273,7.2463794278381125e+276
274,1.06716727158422e+286
275,9.981477182704822e+244
276,1.3377839958047376e+188
277,6.066884002719524e+289
278,2.6069654776319966e+279
279,1.688118751833429e+203
280,5.470541715488972e+197
281,2.2959889489372195e+203
282,8.794818175605297e+263
283,8.912041456074085e+194
284,1.8039529700990541e+279
285,4.772184226308335e+245
286,3.938867056807383e+289
287,1.087921435659735e+283
288,5.284789487772254e+278
289,6.875439825290856e+288
290,8.674527351443232e+242
291,1.2831753226224167e+248
292,6.419600497099854e+232
293,9.195837882211976e+203
294,2.795920281275768e+203
295,3.5120871173641774e+288
296,2.7444785475054973e+286
297,2.48843015588123e+264
298,6.89433918071347e+288
299,7.985938226777433e+208
300,1.2455055578360836e+225
301,2.384477646710779e+215
302,2.492766840470233e+166
303,5.233663355497469e+271
304,3.9584264948940336e+267
305,5.292900322422829e+233
306,1.3993690079891415e+241
307,6.93295165183975e+288
308,1.4581274959943668e+285
309,2.6752412525529355e+284
310,2.677254342915347e+199
311,2.4208219228236286e+221
312,4.316520857155467e+183
313,1.6877102947692908e+239
314,2.854030309352026e+288
315,2.7542216118317927e+289
316,7.729620660851323e+193
317,2.0482488134248766e+211
318,2.767992495202481e+178
319,1.4024691950414892e+259
320,2.4085777973017267e+204
321,4.223992179245267e+238
322,3.0017738795669905e+239
323,7.297157606149283e+237
324,2.8611583640160946e+225
325,6.526976529482138e+289
326,1.1115451235634723e+265
327,9.304974760938941e+256
328,2.4941453203946824e+289
329,1.4083344134069108e+282
330,2.0800753812809813e+284
331,6.849268015388743e+268
332,5.286939938608784e+273
333,1.2611530828526892e+259
334,9.229511572704796e+289
335,1.0978987910337091e+253
336,2.379760937272017e+197
337,8.266600705246332e+289
338,3.9443585539873154e+238
339,3.7184529936703614e+261
340,1.4838471428897974e+258
341,4.766145310774903e+230
342,1.3737931344876726e+276
343,4.4936908010028217e+269
344,6.315210459490379e+284
345,3.109418204492766e+176
346,8.010844697189376e+267
347,2.5484823816094915e+262
348,2.0157248012840676e+193
349,6.05423349197994e+277
350,1.3831052371603873e+267
351,1.4547393414156346e+289
352,1.5265064061968725e+179
353,8.471468811246813e+260
354,2.4724207706841285e+254
355,1.8989370875047647e+272
356,4.148836795079877e+258
357,1.8230942470732523e+186
358,8.946728212341508e+289
359,6.256296897821156e+284
360,5.695023801671494e+279
361,3.968136863230001e+287
362,3.686415720821051e+228
363,8.118829314623797e+249
364,3.4711946729777456e+243
365,4.626859384092433e+289
366,1.0638921517300647e+288
367,3.736742796589405e+172
368,1.3376190705718723e+289
369,5.619616632345659e+289
370,2.1075934347970182e+227
371,5.917764297323028e+256
372,1.01528530093986e+289
373,1.2373209363705694e+190
374,8.380147367306018e+289
375,1.5689903899031733e+285
376,3.229888264915515e+288
377,1.1425023757747637e+285
378,1.609872513612422e+278
379,3.671578244016893e+227
380,1.8308582765050153e+183
381,1.8321552077473381e+285
382,4.271939834379422e+200
383,1.362241978557463e+282
384,4.565209951689169e+269
385,5.173161812776387e+224
386,3.8724905388188173e+264
387,2.730037356530289e+245
388,4.625768819766345e+271
389,1.133624806990938e+222
390,8.681153558695609e+285
391,1.5299015321562193e+246
392,7.104840549529905e+240
393,4.486353977722843e+285
394,3.293138546048415e+286
395,4.821950924667189e+286
396,3.220828533666658e+188
397,4.8477803598151957e+288
398,2.5321524770820196e+213
399,3.5621141473581343e+289
400,2.1065888100469955e+187
401,2.1931785776397618e+130
402,2.7884051597877704e+261
403,1.0753575455187046e+285
404,6.184995389261148e+287
405,6.422447549743598e+244
406,4.617548040527044e+202
407,5.1177480177087274e+289
408,1.428428202520006e+259
409,2.5172253627855333e+289
410,4.28086855280274e+289
411,5.443977143809536e+203
412,8.986578313100494e+259
413,8.976214316891423e+184
414,1.171333514758161e+289
415,8.547044349740666e+229
416,1.896397421494223e+216
417,4.958254369356819e+288
418,2.9503654453024625e+278
419,1.6946303305295068e+258
420,5.731989536006253e+289
421,1.4172880694511824e+279
422,2.4935430424226065e+80
423,6.0099434644512395e+283
424,8.192219612186182e+197
425,1.5196589670705015e+178
426,3.659214139985032e+233
427,3.1701152020513497e+199
428,1.688285070338552e+284
429,4.664780521464804e+223
430,8.178592680354003e+232
431,2.435609928781915e+266
432,7.399203284355711e+260
433,2.4613914322456518e+194
434,6.423856809963672e+283
435,3.780250844075533e+274
436,6.616767152540697e+231
437,2.584880353273033e+225
438,2.5768166568937097e+252
439,6.026766090077387e+283
440,2.635099975215401e+228
441,6.089667478158781e+174
442,6.566490122710708e+267
443,7.83335756076491e+275
444,8.889574580570075e+264
445,1.3658959693425636e+178
446,2.3107366270652973e+287
447,2.2804430966680453e+239
448,8.105206923727227e+283
449,2.695002853820314e+248
450,8.593931680045666e+276
451,2.485472890010157e+186
452,9.180644370397744e+288
453,1.1752574149561222e+217
454,3.937615430420265e+275
455,8.186367251037404e+250
456,3.187425132518245e+284
457,3.584604933824469e+228
458,5.293717153341678e+289
459,5.2370402167676076e+246
460,1.9835583857203194e+235
461,2.2942364019249603e+286
462,1.1161194747244626e+219
463,1.4335900691423826e+183
464,8.541264876622124e+289
465,3.032077096266915e+263
466,4.005405576741477e+223
467,1.1258815304136745e+285
468,1.0200842044445563e+280
469,1.405208429858024e+248
470,2.6238055142317965e+179
471,1.8104247647249932e+232
472,4.402733569254892e+239
473,3.023854751188425e+177
474,2.273192001495964e+277
475,8.609726054341623e+237
476,1.9923732966537897e+284
477,5.888300023983829e+190
478,1.159299408228018e+201
479,3.9687920870910413e+270
480,3.556469989127714e+272
481,4.006914368633257e+205
482,2.2495409783583444e+197
483,6.3270296895876975e+274
484,8.61241155571452e+209
485,6.334475993573168e+289
486,2.80090208985135e+285
487,1.287003386502568e+285
488,1.0239266570170642e+279
489,5.879096180371437e+263
490,3.56268775752291e+249
491,8.196431446536548e+289
492,2.0013576508650472e+251
493,4.993965608660379e+251
494,1.1375926674291093e+278
495,1.4232426751998463e+240
496,5.560605321368245e+249
497,5.730049165121149e+289
498,1.601227306544073e+244
499,8.692874836157593e+182
500,8.293492129192964e+178
501,1.4291999754097399e+183
502,7.809637257996488e+284
503,1.1042682230611525e+219
504,2.656942037019109e+209
505,5.311466665438747e+285
506,4.408082168625237e+275
507,7.035014848749021e+287
508,7.3597331374053e+272
509,6.397935535777358e+275
510,2.5619224214973453e+251
511,2.2084585939774113e+281
512,4.736111008957245e+214
513,9.56762407902863e+282
514,1.612206943115098e+276
515,5.408310224615845e+244
516,8.037480570002032e+289
517,2.2746307389340786e+263
518,5.2302011976665104e+219
519,5.0657204677456926e+259
520,1.2569614391797736e+231
521,6.816804332828328e+279
522,1.2266727214041729e+236
523,8.989026886802451e+173
524,3.7652060063750455e+278
525,3.2345180902877555e+179
526,9.09384034772671e+275
527,3.313255223816988e+248
528,1.542103784513798e+253
529,4.763530409086149e+184
530,4.85991477032505e+172
531,1.5586431233498924e+229
532,1.2596311089002603e+174
533,6.403638171969382e+146
534,7.595374352710195e+261
535,3.003133203972954e+265
536,4.4325758779485916e+275
537,3.12349632943934e+258
538,8.313369466953685e+219
539,7.281721461063449e+191
540,8.35644363659565e+280
541,5.395574470689922e+197
542,3.158776085671617e+276
543,1.856628833173168e+201
544,9.574971925947445e+219
545,1.7534886247161341e+261
546,5.010560968547632e+184
547,5.338547712496289e+273
548,1.618863567312003e+247
549,2.2641721367921147e+282
550,3.686426660678757e+256
551,9.427235638795243e+229
552,7.164236844667921e+258
553,1.988559914583746e+178
554,9.409716587784361e+204
555,7.634310628972211e+282
556,8.407235609225273e+289
557,2.0007997012613778e+288
558,5.369042446083158e+258
559,1.8105981700995523e+233
560,4.0246327169516037e+270
561,2.815634730565428e+272
562,3.4298185595287116e+257
563,8.442320353003777e+288
564,9.135810027673318e+289
565,1.0117728607292096e+249
566,9.918215164370588e+223
567,2.4459114571924505e+277
568,1.1860138353670086e+288
569,1.91963080925333e+288
570,1.8625732212935107e+274
571,3.1970230517752284e+289
572,2.923866718049329e+172
573,7.056965922611171e+286
574,1.450164571901424e+282
575,7.693038644959708e+274
576,1.6955128201076603e+199
577,8.086562918236527e+181
578,3.823484478937491e+286
579,2.729444951364254e+178
580,3.5265622627962907e+261
581,6.610291063009001e+289
582,9.293910799922274e+182
583,6.126769212972226e+195
584,6.581057911069681e+265
585,3.215988618246139e+227
586,1.1325201261968373e+203
587,2.5331636202414837e+285
588,7.708459824694186e+289
589,1.0688896566284846e+271
590,1.0460559240932873e+281
591,1.0944433339875169e+289
592,6.678428680615528e+266
593,4.0892532998512436e+276
594,8.741603465485212e+190
595,1.6007177233653435e+277
596,1.5847687992793932e+289
597,4.273326684072799e+287
598,9.15226391764428e+206
599,4.449869838693531e+238
600,1.976520189671853e+177
601,3.1940007494352417e+286
602,4.6817521673117625e+289
603,5.3324319227424655e+289
604,1.6185277922279767e+173
605,1.4341739022152553e+182
606,8.072527110612512e+244
607,4.993800979952541e+289
608,8.477721099328062e+219
609,1.8850924127166902e+227
610,1.1779239954984895e+283
611,6.198384632142853e+288
612,9.22996049511319e+179
613,9.353907657479455e+183
614,1.1805254611672258e+249
615,1.5926259828204776e+260
616,2.0484080579345046e+176
617,2.2589799459984152e+282
618,1.2041578963411029e+227
619,3.669936503567049e+248
620,3.23892050064318e+262
621,6.383674905465387e+253
622,6.074698607837946e+272
623,3.0929648871005822e+231
624,8.356572954175195e+250
625,1.184041732994861e+215
626,1.6847679996314133e+272
627,3.0136346464298793e+252
628,1.0219131882856475e+225
629,2.037817835720053e+280
630,2.0897026017689794e+275
631,9.443297856164269e+272
632,1.2854183261712502e+242
633,1.4726602848055379e+239
634,8.869444378684275e+289
635,1.250861970453812e+229
636,2.3427241632704815e+225
637,9.452865519861433e+197
638,8.1094978213236e+285
639,1.5306746370138734e+281
640,1.3434620768398615e+289
641,1.626859686050063e+261
642,9.381606710248192e+263
643,5.012548386702214e+289
644,9.080867313447498e+289
645,2.9895190860829346e+172
646,3.296911708529534e+187
647,9.287006631591792e+261
648,5.553551023093128e+256
649,5.328223165401006e+178
650,1.881740448737263e+220
651,5.960288484951189e+286
652,2.8376802060806593e+265
653,4.8781274498996614e+281
654,7.33518762915584e+175
655,1.0294374919046243e+191
656,2.9401781462446447e+286
657,1.8882450870602487e+202
658,1.5361385907740727e+279
659,7.420732525018011e+269
660,1.3486455108671773e+261
661,8.923289074951784e+222
662,1.816011591929302e+264
663,1.5102252241484515e+280
664,1.4597722403978574e+289
665,8.375540572829387e+288
666,1.024145838611941e+283
667,1.6293486676349983e+212
668,5.120437466065191e+201
669,4.744744065779759e+248
670,1.248498437799334e+258
671,1.12269510679481e+280
672,2.136595979061227e+208
673,1.5607468820339274e+218
674,5.797117802737004e+183
675,3.9300867347719624e+232
676,6.020625562574711e+268
677,8.298497368150925e+175
678,3.914866730572465e+230
679,5.541567735028685e+286
680,2.4426088589516855e+280
681,5.600472005770451e+277
682,8.78681770955047e+237
683,5.819723358023185e+288
684,3.887842806729852e+289
685,3.702092793212096e+191
686,3.4243097003674193e+192
687,2.0450406774734635e+286
688,2.0849272867917036e+263
689,9.803307064709642e+236
690,3.1545302556482937e+277
691,5.130542678090864e+287
692,3.3682109660975066e+170
693,8.416984895036382e+289
694,4.380434800788609e+286
695,3.5369591209342997e+263
696,1.6978179952686568e+288
697,1.4305215198926275e+286
698,1.2834158653426387e+181
699,1.6779150122387174e+245
700,3.983986752418068e+175
701,2.442847960972179e+181
702,6.187675013310229e+260
703,2.4066579794905753e+263
704,5.242959916118214e+245
705,2.2427313546969086e+274
706,2.04712420126188e+223
707,9.196907247034871e+284
708,2.516204118723485e+241
709,3.844870732085708e+233
710,2.119612872599897e+192
711,5.1239544019032706e+271
712,6.331458843333381e+260
713,6.7429447674462255e+264
714,2.291558134090617e+186
715,1.8189498171401105e+287
716,9.205275488787035e+252
717,6.996149840946406e+258
718,2.2816189263789683e+268
719,6.641794456357917e+251
720,5.092413097973988e+246
721,9.635011500402796e+196
722,1.6485703604704413e+254
723,2.2455957432432385e+202
724,2.4853730887513263e+258
725,6.957317766720576e+259
726,4.468007379198969e+289
727,2.912818785904993e+269
728,3.1604973384384967e+239
729,1.1221311040797326e+245
730,4.3172363359553025e+255
731,2.317344568883354e+284
732,7.379609520945785e+211
733,1.1174290674261029e+282
734,1.1568057689452456e+289
735,3.5397188591199674e+236
736,6.509553714380748e+289
737,3.8044051694143944e+234
738,6.293662762611884e+184
739,1.6316661209528195e+259
740,1.4963372938220307e+177
741,5.2412750961963045e+289
742,4.580760579901299e+231
743,1.2258283249099786e+256
744,8.132891208039936e+217
745,1.6084865029462957e+288
746,1.2986006110242056e+219
747,4.617352914329937e+197
748,7.721602203900115e+180
749,5.8513421351475106e+231
750,2.3965248615126025e+235
751,2.3803321957263524e+197
752,5.91221386488927e+288
753,2.3249271414669333e+283
754,1.3307074704595904e+241
755,2.960383989082163e+288
756,8.97876702348124e+243
757,1.590256414897633e+287
758,1.5970654342311543e+286
759,7.121606755503453e+289
760,1.502149323505497e+229
761,3.949337383137261e+285
762,1.0118893514424294e+289
763,9.076749625766361e+279
764,3.5026372732499386e+288
765,3.4495269418076407e+176
766,5.512934994474885e+176
767,4.756179752665146e+186
768,2.6130723612147092e+191
769,6.821847200307899e+272
770,3.384039159117286e+289
771,4.0582451796933625e+202
772,3.4154281969952935e+192
773,1.2669960803751188e+233
774,6.354560955332571e+38
775,1.4194814893492357e+238
776,4.680021604278087e+175
777,6.54951886443478e+247
778,6.036871583388435e+263
779,1.889387689948689e+179
780,9.258707819211284e+272
781,1.1332442955936359e+234
782,6.772904753552488e+269
783,3.5457827547482814e+249
784,2.496288679619601e+289
785,1.8922644341503207e+203
786,7.062594509756286e+271
787,5.903964007147851e+282
788,2.4552761258746774e+218
789,8.904373844155487e+280
790,4.499273920263985e+190
791,7.588129251404068e+286
792,1.6394978998124655e+289
793,9.745631680720043e+256
794,5.131011546751222e+214
795,6.371805139296262e+272
796,6.676894503298461e+262
797,1.8329307251265957e+213
798,3.667600784060941e+284
799,3.382912739668762e+218
800,8.578851363373873e+289
801,2.309174032934983e+289
802,8.906065574851363e+255
803,4.0769717884555974e+210
804,2.306981212070592e+246
805,1.8148787957720247e+226
806,9.166013298995581e+245
807,4.41816628247262e+201
808,4.3835709313762914e+266
809,3.1318717173735633e+276
810,2.995249385615279e+199
811,3.9558862250136556e+274
812,1.4942301607452256e+209
813,4.300361332844467e+155
814,6.3952325509688645e+289
815,1.8131495811676438e+269
816,1.330656542249086e+261
817,3.9562145125429607e+39
818,5.186910569522274e+196
819,1.4076887034294268e+277
820,4.867810433965727e+284
821,6.082153662089234e+289
822,2.3290465620261784e+263
823,8.799421232699086e+252
824,1.5209210409455305e+270
825,2.849536870338835e+270
826,8.713830900668707e+289
827,6.697421477331484e+201
828,4.841602317443344e+239
829,3.1691521905852283e+255
830,2.0249374616489944e+182
831,5.727610987989392e+247
832,3.453295211629314e+275
833,3.6073918663314833e+250
834,5.7279542520733355e+240
835,5.885454545315342e+286
836,2.2665632124881575e+199
837,3.37165143560441e+198
838,4.910825495752138e+285
839,2.085196588423915e+242
840,3.587140119552198e+216
841,1.2054426225648103e+288
842,3.2065088012155014e+274
843,2.940480256209955e+210
844,1.339892744152926e+267
845,1.5339332789365332e+211
846,7.785649583231273e+285
847,1.2387197944870536e+261
848,1.5724376005052394e+243
849,4.410053057753866e+289
850,1.4665419706707448e+222
851,4.468745562828005e+279
852,1.3107435630804176e+214
853,1.359243703675556e+272
854,6.745223643368939e+185
855,6.156436671939781e+201
856,8.055224048508734e+274
857,1.1632206905705437e+246
858,6.969046902421647e+271
859,1.3653385905075316e+226
860,1.0349999798662826e+209
861,6.799603520328859e+191
862,7.90605411531073e+248
863,3.470949892244075e+276
864,7.025678035673015e+247
865,3.403491735242602e+287
866,4.460842275633928e+217
867,1.1548677176570642e+278
868,2.2828880247902086e+254
869,1.574903687419668e+276
870,1.5510612160500215e+285
871,2.9242538232369476e+251
872,2.851257298216473e+248
873,7.398834103609648e+187
874,4.286657162550871e+209
875,1.756917052419049e+287
876,1.723255659815305e+178
877,1.1965187597184665e+192
878,7.181105384444964e+289
879,1.3980942131461347e+229
880,2.88960989307502e+288
881,1.0130475944562851e+262
882,9.231092615521556e+289
883,5.915443604811272e+284
884,3.2830830463995245e+232
885,5.092146912483589e+220
886,2.265551502047724e+268
887,4.595286462652126e+277
888,2.1801269854528045e+267
889,7.426928958955786e+289
890,2.4722829209657174e+280
891,1.2362432182862235e+257
892,1.0077806488533647e+252
893,1.0591247727807861e+289
894,3.0739574534071726e+233
895,3.990929976870468e+228
896,1.49837138555957e+211
897,3.895288959005214e+258
898,1.253069336077396e+267
899,3.6744292205129023e+224
900,4.712846263201095e+259
901,5.481252705355811e+199
902,8.54414147664322e+235
903,1.1024717585342611e+247
904,8.504392275961965e+254
905,5.977288539505251e+234
906,4.04967118445818e+276
907,2.0317709154932003e+276
908,2.136664199984612e+208
909,2.2989934937985482e+266
910,6.261386510677379e+240
911,3.954994893240655e+278
912,2.5745271540170305e+191
913,3.584852556570829e+287
914,6.318582246812882e+225
915,1.0598665645265434e+207
916,3.5442002474411546e+257
917,1.826803313440629e+234
918,9.786817409474757e+286
919,2.5871282544308705e+276
920,2.1170153595725293e+289
921,2.6436623571058283e+289
922,6.759518681124527e+283
923,1.3968030031222308e+242
924,2.368397931226704e+282
925,8.317996052429309e+185
926,5.7513663117852895e+277
927,3.7664661542019664e+265
928,7.992135976705047e+282
929,6.778458030188506e+289
930,8.53223074828184e+273
931,3.9553756234125434e+253
932,1.041943051005038e+234
933,1.1071263720184987e+222
934,7.904485249590932e+264
935,1.4425960282906742e+245
936,7.784018468940114e+288
937,4.8661689336514525e+268
938,6.011026890671447e+253
939,1.4664807758591694e+282
940,8.047291970119725e+289
941,3.1387536811016536e+187
942,9.850811626122513e+248
943,2.2739561593893043e+269
944,8.215166962522277e+271
945,5.102260228339035e+277
946,1.1564462820728417e+196
947,7.257061406801437e+259
948,8.925573180797635e+205
949,1.0537266198258346e+208
950,2.1023115104693733e+119
951,1.3628493338339607e+260
952,8.62308556259205e+289
953,4.780187133757659e+255
954,5.823458967588023e+289
955,1.057696271784196e+201
956,6.247825753769608e+173
957,1.2132471883844903e+174
958,1.9323483984171007e+270
959,1.8090203710468789e+280
960,6.419144573903789e+287
961,1.7274126982587977e+264
962,8.998967255703533e+289
963,1.4585811735613636e+274
964,1.7986505471182442e+192
965,4.220256616721779e+195
966,3.3070846431202824e+262
967,3.4256962892116264e+222
968,1.2748172123007183e+283
969,1.685073101755078e+205
970,2.1969236762237433e+192
971,4.068780542688145e+286
972,1.8126822116221348e+185
973,4.674580835138899e+178
974,7.208566720099783e+266
975,8.98889468112998e+289
976,1.842877158940032e+235
977,5.9286754041817926e+262
978,1.4173816799639939e+285
979,1.7888455389557485e+289
980,9.371181323133822e+223
981,8.044036310158249e+262
982,3.75227210222881e+280
983,1.8902989007944213e+281
984,1.949472238967853e+252
985,5.0792338336858764e+200
986,1.649069845029282e+234
987,2.7401246813721687e+228
988,1.7654171692393065e+178
989,3.931192907018935e+277
990,9.639010872086647e+277
991,8.424208248026932e+183
992,2.3012655128338417e+289
993,3.2171590683305616e+259
994,1.7802417868845818e+281
995,6.542238554910065e+261
996,7.876507168882505e+289
997,1.8928118156598621e+288
998,1.5200962976343328e+204
999,1.5587037622069793e+279
1000,1.8051794249565285e+283
1001,3.078906314422955e+182
1002,1.7929814360657708e+245
1003,8.737997028606816e+284
1004,3.595791552304254e+217
1005,1.859648960815489e+241
1006,8.109849751170044e+254
1007,1.2870003105004104e+210
1008,3.4095788457272664e+175
1009,3.941207849327027e+289
1010,2.7110608312479635e+206
1011,2.3189551860070913e+212
1012,1.0653064627431844e+274
1013,5.740113777502705e+266
1014,9.984288311590344e+226
1015,1.641304302105471e+262
1016,7.608482340494982e+176
1017,2.5113704687578354e+273
1018,2.4429657985176075e+269
1019,1.2416208269853507e+188
1020,1.143740049496654e+268
1021,7.798384900864845e+260
1022,4.112873767685492e+289
1023,1.8645107364268787e+289
1024,3.6101476672250703e+177
1025,1.292760565695977e+282
1026,6.600990792097501e+186
1027,8.465381734461234e+289
1028,4.777006753207932e+192
1029,9.041808435627826e+289
1030,4.376962238019405e+268
1031,9.265074605999039e+264
1032,3.2654906777466116e+249
1033,8.96625563988846e+289
1034,1.1058753942586471e+222
1035,5.162728706035039e+287
1036,4.812038247093849e+276
1037,2.7313437588706836e+191
1038,9.911375905594999e+266
1039,6.485192540878234e+187
1040,2.076208449539449e+285
1041,1.2248141942272076e+267
1042,2.551375107818887e+282
1043,1.538429518977236e+245
1044,2.056971562636341e+264
1045,3.2587974576631564e+229
1046,4.22228471059441e+259
1047,5.9720054487249215e+287
1048,1.2108378665295082e+254
1049,8.07306008915329e+246
1050,6.560995527650717e+270
1051,1.9161457720367715e+250
1052,1.9647292496586185e+229
1053,7.467520154586119e+269
1054,6.537467539757791e+252
1055,8.77816406733148e+284
1056,9.173945898054103e+208
1057,2.7136459179977568e+215
1058,1.6765074059053599e+255
1059,2.8954635026722867e+180
1060,2.3378179507330224e+158
1061,1.0984220543030716e+287
1062,5.212773066866721e+253
1063,3.010146429803567e+204
1064,7.535649134979737e+289
1065,3.6885942215465376e+263
1066,8.982084613812631e+289
1067,6.962875528962436e+217
1068,1.299795877563117e+282
1069,4.5989785727748086e+178
1070,8.894395660365554e+242
1071,5.979385652502888e+220
1072,2.6065777970112382e+197
1073,3.286981622880835e+237
1074,9.646762399840723e+258
1075,1.1111514191294636e+176
1076,1.1455021701315114e+232
1077,1.1202242574832933e+214
1078,7.718347222155228e+177
1079,3.2079742409889045e+221
1080,7.820877011080816e+281
1081,6.471596807576456e+288
1082,2.388198373200596e+257
1083,6.165961846143669e+272
1084,6.323044494520226e+174
1085,3.674165120962861e+196
1086,9.110888221632257e+285
1087,1.9146249873320925e+285
1088,9.654894909235445e+193
1089,3.26175820190114e+282
1090,8.925792002113461e+212
1091,1.1803471194252585e+182
1092,4.989965282784049e+289
1093,1.7439759285415114e+198
1094,6.919151986848014e+248
1095,1.7228087517407957e+242
1096,1.0024127293922205e+247
1097,5.969527900470659e+207
1098,1.3296558551040596e+289
1099,5.0493946307642746e+283
1100,6.350059777000331e+247
1101,2.1786291985150097e+268
1102,1.6581700132059669e+283
1103,6.997524645480933e+230
1104,1.7547106279897773e+176
1105,3.170942871487163e+275
1106,1.805600670954443e+273
1107,2.7154617156826984e+185
1108,4.8489692532498967e+201
1109,3.4161087078459194e+254
1110,4.0863396329857244e+257
1111,3.394492807539568e+199
1112,1.0704331048348273e+289
1113,6.810796003804961e+192
1114,3.576765103991003e+196
1115,8.10365328572278e+205
1116,6.129695221429572e+283
1117,8.56177244646609e+229
1118,2.366914772968827e+233
1119,8.6680022338849e+213
1120,2.500295928290917e+289
1121,9.284775157908537e+204
1122,7.60581086282814e+277
1123,1.095927024741069e+283
1124,1.499067993251088e+286
1125,2.968339258905748e+269
1126,7.661475224715412e+241
1127,3.543544231936313e+266
1128,5.849600431692366e+209
1129,7.622312175024179e+288
1130,4.963402403550651e+284
1131,2.6671232001385982e+200
1132,1.1200776320386778e+283
1133,4.49479022678667e+217
1134,1.575383235651633e+200
1135,9.929145526355735e+287
1136,3.302911706881773e+242
1137,2.3213436963021393e+182
1138,7.60375235972302e+287
1139,5.2138282507994075e+177
1140,8.003664465347482e+272
1141,1.203641137853969e+267
1142,8.746118634889287e+244
1143,1.2639116741770638e+282
1144,4.098834857904117e+252
1145,1.2356274881470426e+248
1146,6.770934840527266e+192
1147,1.9029436717496714e+221
1148,9.928811295741946e+215
1149,6.033737023037948e+287
1150,2.620606555774511e+203
1151,2.2154506000947834e+237
1152,7.61187690543485e+283
1153,1.8546111626317715e+247
1154,4.363573827560111e+219
1155,6.273303134944652e+287
1156,2.1085369754490657e+280
1157,7.150401993565562e+197
1158,3.765125446095112e+213
1159,3.2324215277862996e+239
1160,2.365983438768644e+203
1161,6.56791531318286e+277
1162,5.0252445210043105e+275
1163,7.260227756935888e+273
1164,1.509704948180982e+245
1165,1.2808537265935605e+273
1166,2.9537335872886065e+248
1167,9.195923554514514e+289
1168,2.956322461626488e+278
1169,6.062571181059809e+279
1170,3.525447537675222e+198
1171,1.4381809905913147e+282
1172,7.840188162112756e+284
1173,5.563790791629066e+283
1174,2.18376270294883e+289
1175,2.7477851436943056e+289
1176,4.0940936298714775e+253
1177,1.2118317994870517e+181
1178,8.581740176731697e+266
1179,4.447298285421934e+251
1180,2.9709672140167015e+261
1181,5.9996356163811246e+287
1182,6.323159467880867e+268
1183,5.433118050408036e+190
1184,9.256122959880511e+189
1185,3.8294666615328244e+183
1186,9.804017443614244e+284
1187,2.6280608119967573e+191
1188,2.087672745369774e+216
1189,6.264876735961347e+224
1190,6.811965112211052e+285
1191,3.2192319683290293e+214
1192,6.1413003875544e+206
1193,2.7803777534735245e+172
1194,5.312464996749051e+267
1195,5.349643518089623e+188
1196,3.3455035203788324e+288
1197,1.4275992171495227e+286
1198,2.278607199671451e+282
1199,4.165011606687932e+228
1200,1.9459124299188315e+279
1201,5.31265279158755e+173
1202,6.20255567110653e+238
1203,6.487973126006302e+196
1204,6.889165894118213e+283
1205,1.3904869414964379e+206
1206,1.154899326704352e+250
1207,1.1324661956636474e+203
1208,2.1326882136329368e+253
1209,2.6287679003458034e+206
1210,2.5723543137537207e+287
1211,6.288045716398296e+287
1212,5.258145862806271e+259
1213,1.663446860380288e+239
1214,3.396555752520567e+288
1215,4.667487331567923e+289
1216,4.762122544889011e+236
1217,4.868087271141384e+289
1218,1.833879344051546e+281
1219,1.5918573806556564e+262
1220,1.4684644332550093e+177
1221,1.1668020639377547e+288
1222,6.855531378890103e+285
1223,2.208025379217993e+280
1224,2.5489595454798955e+289
1225,6.111501362184236e+288
1226,3.736952624586127e+287
1227,7.361008761339994e+226
1228,3.8412093401804056e+286
1229,3.522798058285039e+279
1230,1.2749369329754903e+263
1231,4.307326280388298e+180
1232,9.598216451314028e+217
1233,4.954833230232423e+187
1234,4.240951506768411e+202
1235,3.21490098515046e+272
1236,8.098632408405416e+260
1237,9.062948364630907e+289
1238,4.056121591401458e+216
1239,7.320475380000792e+206
1240,3.399376365196503e+266
1241,2.3385535674457265e+287
1242,4.716996909988336e+288
1243,4.603553093673006e+246
1244,1.059433891597952e+180
1245,2.1441719750753238e+188
1246,3.1273222777252367e+289
1247,2.7753999564092537e+264
1248,6.363702123772322e+281
1249,1.042937445022782e+289
1250,8.5606408096516e+219
1251,5.680442717744969e+289
1252,1.93940727777118e+254
1253,7.550921674098109e+180
1254,4.635003696352898e+289
1255,6.64797658600194e+260
1256,1.9783550543080822e+264
1257,4.602246183791215e+247
1258,6.728033003974745e+266
1259,1.8957669196762331e+208
1260,1.0425956137138375e+204
1261,2.6341302007856176e+202
1262,5.890154026016518e+213
1263,1.4303856628093035e+258
1264,2.5181248561168392e+287
1265,1.0933323989061976e+274
1266,2.0350820379917887e+178
1267,1.5854061567604872e+276
1268,1.6951983277727532e+181
1269,3.922156566780287e+137
1270,2.0822386411570594e+238
1271,1.1725608960939173e+242
1272,6.663077820322907e+248
1273,5.325186572881627e+289
1274,7.368006704950533e+195
1275,9.985797918446978e+223
1276,1.6395105894336316e+221
1277,1.7944499702568835e+281
1278,6.516346364321474e+221
1279,4.2349342338395724e+275
1280,1.5975833429083602e+259
1281,1.262021422197659e+246
1282,9.592895109430785e+217
1283,3.8577005438801634e+285
1284,1.115443052747173e+175
1285,2.5338639773719615e+216
1286,1.9832359639840143e+271
1287,1.5017592196871624e+232
1288,4.3155007958697387e+222
1289,2.868524540613962e+198
1290,3.4275651696642535e+194
1291,6.119707360401839e+270
1292,5.683070640798789e+226
1293,1.3875676680410004e+203
1294,3.316235126461086e+277
1295,1.2339602088692016e+191
1296,4.230284453426251e+276
1297,9.095625645130813e+289
1298,1.304862181845403e+280
1299,2.9695274972377405e+281
1300,6.728618787960689e+204
1301,8.711836867966407e+272
1302,3.157957601589565e+183
1303,1.3203582036770037e+231
1304,1.237671355049641e+224
1305,1.0505732884856536e+251
1306,3.6596344858214745e+247
1307,1.1295015763674019e+271
1308,3.870867424601655e+194
1309,3.027035946970928e+191
1310,1.2033517090020044e+152
1311,3.46446807390284e+287
1312,1.0574840362685614e+196
1313,1.5143882097430722e+284
1314,4.300245332608537e+232
1315,6.52336366261398e+192
1316,8.219884074873658e+272
1317,5.753544513223928e+239
1318,1.0071032674515888e+219
1319,9.962782043502563e+265
1320,5.515691398117978e+255
1321,8.131804393837946e+219
1322,4.00228784178151e+265
1323,5.314848087197877e+213
1324,1.712620469829879e+281
1325,5.922737364143873e+288
1326,4.290688281813717e+276
1327,9.014426900690218e+198
1328,5.264731886639943e+267
1329,8.060886733054006e+223
1330,8.460708382447503e+285
1331,7.778287289454766e+283
1332,2.611202367464449e+266
1333,7.269353297825749e+277
1334,9.674508127581148e+238
1335,8.426225711774836e+266
1336,5.574179101018127e+286
1337,5.7203470788223834e+274
1338,1.015582282979324e+271
1339,1.9966949459604456e+176
1340,1.1619633039665433e+256
1341,4.985658861706649e+229
1342,4.506591523843686e+221
1343,3.3376723058840796e+175
1344,2.3702216848486645e+271
1345,1.2657612475836975e+254
1346,6.529540687928417e+253
1347,1.9537921911400155e+205
1348,2.3056753101291878e+240
1349,2.96740878150013e+289
1350,3.5007604005475633e+179
1351,9.176738685608709e+289
1352,6.640756940696782e+286
1353,2.4360835216330012e+227
1354,1.9358606004168633e+287
1355,8.949405853825651e+173
1356,9.181005578979236e+285
1357,3.2843250779985466e+187
1358,7.897597067904229e+203
1359,1.4788121490090724e+268
1360,9.053185561025248e+289
1361,7.329151206637241e+245
1362,6.0535540118151706e+274
1363,7.8502040299588e+237
1364,1.7610172011583879e+242
1365,1.0419919721051123e+192
1366,1.2067272487536721e+238
1367,2.1585771250337413e+279
1368,1.8513538056453278e+188
1369,8.671326692029877e+285
1370,7.06659766709924e+243
1371,8.681174850054294e+218
1372,9.829832904952452e+175
1373,1.509787689946869e+254
1374,2.8652253639096254e+285
1375,1.6564681437011487e+215
1376,1.899874560438854e+266
1377,7.372601659607794e+174
1378,3.6618419893878255e+211
1379,1.1016753861723626e+259
1380,1.0546238230653852e+178
1381,8.77349959783072e+281
1382,3.62032418399218e+223
1383,4.901874242015397e+251
1384,1.4305685557496609e+273
1385,2.8154264113637293e+246
1386,2.0264538826121028e+214
1387,6.411744541316729e+279
1388,6.329952630825927e+270
1389,5.651515399682284e+277
1390,1.7973578542349174e+215
1391,3.3560827900493027e+281
1392,1.101465000843799e+277
1393,8.411215660076285e+277
1394,4.443018794380001e+238
1395,4.6123462402279304e+203
1396,1.9078651138792507e+225
1397,1.2274630124112172e+231
1398,4.073957113759843e+260
1399,1.4667795001885728e+275
1400,5.658472233532012e+288
1401,6.0274983770037236e+271
1402,7.328475465775984e+288
1403,1.5799422553047593e+285
1404,8.794066096968891e+255
1405,3.16015864668099e+263
1406,3.6074597964966164e+272
1407,1.4013778208862166e+284
1408,6.492856346027422e+182
1409,1.332729295412972e+214
1410,4.178366891229609e+284
1411,7.14261352246132e+289
1412,1.3101929043966013e+272
1413,2.0743618484481982e+204
1414,7.317784413838668e+207
1415,2.408074950357143e+236
1416,8.012106647222376e+289
1417,2.2911978891491225e+257
1418,2.5669131080735376e+217
1419,6.451069306135388e+230
1420,1.7058419183622014e+287
1421,2.211027204806337e+288
1422,7.240992242209728e+253
1423,2.344128358161362e+289
1424,5.0881139170369604e+289
1425,8.150367564332963e+210
1426,1.7244228821598964e+237
1427,3.0130453959238048e+286
1428,5.588128047695882e+272
1429,2.1828460283409348e+278
1430,8.48128431108215e+261
1431,1.9432770616614988e+282
1432,2.8067057891685974e+288
1433,9.471435431627587e+269
1434,4.399494716353178e+284
1435,1.291847151186581e+275
1436,1.9874196111064716e+253
1437,1.8622990188382334e+224
1438,2.27068255028597e+241
1439,1.3101097396296197e+258
1440,8.932798951527528e+258
1441,1.850787390591593e+278
1442,1.845621808899916e+282
1443,5.79863300800035e+285
1444,8.322945739603292e+285
1445,4.634603820560133e+246
1446,3.8114814605794474e+247
1447,1.0456776263550694e+285
1448,2.600377267155054e+279
1449,6.177143051195764e+277
1450,1.8123584280380697e+289
1451,5.1980666174628264e+185
1452,5.408496985132355e+186
1453,1.914722867672746e+189
1454,1.648974662816847e+263
1455,7.87430644699622e+238
1456,2.398559810314823e+284
1457,1.0996627562874708e+239
1458,3.6286486161215725e+278
1459,1.4302601200076154e+274
1460,2.824835573728484e+261
1461,1.2442619948849426e+270
1462,8.199096456949533e+187
1463,4.449149710374721e+244
1464,1.5480892109235337e+285
1465,2.9529119678178695e+281
1466,1.1883722491314935e+271
1467,1.2127451253323725e+227
1468,1.0256952930153691e+226
1469,6.285264087052262e+245
1470,6.05462797284567e+190
1471,1.290870579586255e+285
1472,2.6140974944638493e+277
1473,8.972457281701922e+220
1474,1.6028138216940865e+258
1475,2.0162006238166624e+188
1476,8.246194827399224e+253
1477,5.1746465023660595e+286
1478,6.085619489694592e+253
1479,3.0015466508293467e+285
1480,6.785536332965969e+281
1481,4.887782625464639e+195
1482,1.1876142126812548e+282
1483,1.8579603564464518e+272
1484,4.599247954577947e+265
1485,2.2025996840373624e+200
1486,6.237245294860856e+241
1487,1.3368423984570217e+223
1488,1.4222807801622923e+248
1489,1.3060433783823448e+235
1490,4.2966222918359094e+241
1491,1.776637640717443e+277
1492,2.64511595837467e+283
1493,5.105304015124832e+286
1494,7.5293997968486475e+289
1495,3.585274996586289e+289
1496,8.222919337222677e+230
1497,6.067067555420644e+204
1498,1.0269134218358532e+264
1499,3.1992588005661656e+281
1500,4.6156680042645464e+287
1501,1.2975544653760453e+218
1502,1.2857431294986592e+276
1503,1.1488654369808737e+254
1504,9.066750826374948e+243
1505,6.164875662124e+237
1506,3.49443256885572e+267
1507,8.751953375207434e+289
1508,6.811252446416438e+271
1509,3.750725769157258e+202
1510,2.6233759986608903e+288
1511,6.739136090207755e+214
1512,2.5365483942978822e+283
1513,2.19231194113398e+239
1514,9.197380591306275e+222
1515,4.330191210452065e+279
1516,1.3315901794934086e+287
1517,6.624879095118092e+202
1518,1.0685832002393883e+204
1519,2.357312857580067e+278
1520,8.81001553129252e+241
1521,4.237156128973091e+252
1522,5.211501797911811e+252
1523,9.937549929935958e+174
1524,2.1494365798275788e+256
1525,5.6120872065911225e+289
1526,2.628064632523551e+248
1527,8.629998200117294e+289
1528,7.855632485490931e+246
1529,6.58123132731244e+188
1530,7.364781550501089e+243
1531,7.309946564944908e+205
1532,4.532145214436731e+242
1533,3.306038974384717e+250
1534,5.321987760642712e+262
1535,2.8419519091128707e+226
1536,4.340038610030341e+280
1537,3.8370824961988785e+260
1538,4.8053298768605385e+289
1539,1.955093231499009e+223
1540,4.777536189094098e+258
1541,5.27535181925241e+281
1542,1.2494619661139177e+270
1543,3.799321468035783e+261
1544,3.7153549814742975e+251
1545,2.805407199429834e+227
1546,2.5044200406190826e+287
1547,4.120831647409833e+280
1548,3.0726841617447022e+218
1549,2.8328925260206746e+213
1550,9.437035608131783e+184
1551,5.496333969472937e+282
1552,7.656176082588516e+178
1553,2.4206415499652584e+174
1554,6.121545417769362e+266
1555,2.376611651972037e+287
1556,5.727491682124375e+247
1557,6.289089475231585e+281
1558,8.075449211810229e+235
1559,7.770032226825963e+282
1560,2.3143380982047984e+285
1561,9.28875705587823e+185
1562,1.125865803421995e+246
1563,1.2046704977408184e+189
1564,5.913747462855241e+256
1565,9.155007734913594e+285
1566,1.3163853831191708e+189
1567,8.09890041001545e+269
1568,1.519315287463471e+196
1569,1.2202066773584843e+281
1570,3.650861765503481e+277
1571,2.028541460145002e+259
1572,2.794399543410492e+288
1573,3.0106661443648293e+288
1574,6.886615903839687e+289
1575,4.1100809805809993e+192
1576,4.89435139679931e+260
1577,3.83548189269885e+230
1578,1.859516288594609e+270
1579,2.433546559255531e+289
1580,2.011622392343419e+210
1581,4.572051625471723e+179
1582,1.7601095306560638e+271
1583,2.56748816091758e+211
1584,1.1150193051604107e+289
1585,3.286839838821426e+200
1586,9.870395692421302e+229
1587,2.5135851362319425e+288
1588,8.858916752365517e+289
1589,2.413822768353835e+250
1590,8.596759427736646e+286
1591,1.5597375914403452e+182
1592,4.960658020147125e+256
1593,1.825799504464421e+282
1594,8.053775777277148e+173
1595,6.734726451638179e+244
1596,8.406159841414124e+232
1597,9.785285399013497e+246
1598,1.3556837531823029e+236
1599,8.59016714239368e+259
1600,6.747239889478633e+204
1601,1.6389009180971686e+255
1602,3.993644001343644e+252
1603,1.155225868726648e+87
1604,1.1246683702367468e+231
1605,2.634865246275313e+281
1606,6.827411036845705e+289
1607,4.2174272970636715e+235
1608,1.6439844852027033e+272
1609,1.9702946222183423e+281
1610,1.1766923006573522e+289
1611,7.707320620170869e+271
1612,4.18036480314971e+261
1613,1.5097931064941394e+289
1614,1.3512925767766957e+275
1615,8.574689119980263e+284
1616,2.4699330604152502e+194
1617,2.976072451503788e+289
1618,2.88212677030504e+199
1619,2.4443487649918414e+289
1620,3.651819751397917e+231
1621,1.1677219535803263e+194
1622,1.0022050421598577e+173
1623,4.6449009000498834e+277
1624,3.4651048036188964e+280
1625,1.837600608653039e+242
1626,4.058618761715859e+274
1627,1.153567336579465e+272
1628,1.6728976748313254e+263
1629,9.219427302832578e+289
1630,1.1326503707582387e+234
1631,9.861964265112438e+228
1632,3.5020777011515e+175
1633,7.239022776850684e+288
1634,1.055545497669669e+235
1635,7.427449878059742e+239
1636,7.22594353652378e+253
1637,1.3766080366506891e+289
1638,4.694727398026187e+205
1639,6.388927533984848e+289
1640,1.0236935184942257e+258
1641,2.4262614000208427e+264
1642,7.71166684573035e+221
1643,2.811384373132859e+223
1644,1.9758933245160842e+280
1645,4.143328512585401e+193
1646,5.369200135835293e+289
1647,6.640553697224688e+282
1648,2.208906179285513e+288
1649,3.694399736392842e+215
1650,2.0868670705358216e+227
1651,4.9733181313773017e+213
1652,6.353159927433607e+288
1653,1.5908066287450086e+174
1654,2.6613490128774406e+286
1655,9.339010853062872e+279
1656,2.1025619094045847e+284
1657,4.900676046678779e+282
1658,4.2432758838994e+207
1659,1.2589507957390254e+280
1660,1.1835703949076576e+184
1661,2.4096588541362734e+233
1662,1.6364790657373726e+261
1663,1.098867173214091e+254
1664,1.911948149960941e+276
1665,3.5442541330341184e+213
1666,5.547380161144525e+262
1667,1.453149583439603e+220
1668,1.0788549885067601e+218
1669,4.3626998613197325e+267
1670,1.2486580507664122e+197
1671,8.499726677586701e+263
1672,2.7640809044435114e+284
1673,2.605857150666964e+234
1674,6.566720424295493e+221
1675,3.4475278420791014e+186
1676,4.6661097484249176e+195
1677,1.16239519725826e+227
1678,2.411221049378235e+266
1679,2.2153564857276988e+268
1680,3.4824067071757656e+279
1681,1.3506673790569298e+276
1682,3.3630142142548083e+199
1683,1.963592811163243e+229
1684,6.424967806372205e+287
1685,8.910692747544486e+289
1686,1.1407130967538668e+276
1687,4.55444477442172e+285
1688,3.0571294756043154e+248
1689,1.0335888437667021e+235
1690,1.4300561870304774e+273
1691,9.781726201237583e+282
1692,3.3753488857349546e+221
1693,6.013704236752053e+278
1694,3.8366159552889284e+192
1695,9.0405970341796e+286
1696,8.903501956639707e+263
1697,9.176244672456602e+289
1698,1.006469488054313e+256
1699,7.834229747494428e+249
1700,2.2665966971664846e+174
1701,7.215368570214472e+283
1702,4.535217589175928e+214
1703,5.5955304192911656e+234
1704,9.099887383509573e+275
1705,2.0537720643384683e+240
1706,1.1947936237497568e+244
1707,3.5287542284241787e+214
1708,1.0152766401681732e+288
1709,3.5141507457192636e+274
1710,5.222974630330276e+208
1711,4.910100765150792e+275
1712,2.2966169265512678e+177
1713,1.1390762339108718e+206
1714,1.7995972643024928e+227
1715,8.385999577686353e+240
1716,1.1960457329980662e+284
1717,1.5221043428258278e+284
1718,4.675551239578297e+215
1719,3.6102196595417165e+279
1720,4.942272768031234e+288
1721,9.058441344833119e+280
1722,3.459839354117035e+286
1723,1.2065905421564391e+286
1724,1.880412711928408e+264
1725,5.27466111817161e+196
1726,1.636194571560221e+265
1727,1.9104058937188562e+246
1728,3.422214990129916e+193
1729,6.021362781437132e+283
1730,1.2048666115004112e+270
1731,2.819931138359036e+193
1732,3.9184625797320216e+220
1733,1.1254128765459257e+267
1734,1.2897919824225145e+289
1735,2.475660496430372e+218
1736,5.240128088397593e+264
1737,3.4874152615593655e+277
1738,9.624867433765637e+263
1739,5.5687948815859495e+256
1740,7.38899772055986e+204
1741,1.0003195875401745e+244
1742,8.455079527869663e+224
1743,6.029339074356656e+227
1744,7.968170691539844e+254
1745,1.8928376145363786e+206
1746,1.25652896015258e+277
1747,3.8123933545683553e+272
1748,4.203674127436184e+216
1749,1.3430555776562352e+202
1750,2.779428025806972e+218
1751,3.474720700916243e+238
1752,2.807822960362861e+173
1753,1.0310499499297355e+285
1754,6.625358631485776e+178
1755,5.356502158988019e+242
1756,1.0192687929235771e+175
1757,9.18996737329536e+289
1758,6.432619429401664e+286
1759,2.8092161308640743e+284
1760,1.8659977460306704e+268
1761,1.802941621241019e+151
1762,1.0091879552108057e+211
1763,7.361228406957411e+176
1764,3.793609706836527e+180
1765,2.055039965650638e+208
1766,3.735197081548708e+252
1767,1.7660479236073113e+268
1768,3.0321455788538635e+221
1769,2.828532133035808e+226
1770,1.3781537728397795e+275
1771,2.1486217097975055e+192
1772,8.852847317740451e+197
1773,1.6093490528366884e+228
1774,2.449682469954387e+107
1775,1.7144580573501646e+199
1776,1.6908143425824241e+218
1777,4.511906339996791e+259
1778,3.997251092328904e+184
1779,4.0931606329872925e+288
1780,2.29707017119656e+258
1781,2.742544265648811e+236
1782,4.419717181926704e+238
1783,2.9473285106455195e+213
1784,2.5814528694843773e+194
1785,2.0729412761076535e+227
1786,3.772346329804877e+279
1787,1.4532591071158481e+255
1788,1.4040973274413897e+287
1789,2.9894555817946984e+276
1790,5.600495890888368e+250
1791,1.8874749173751853e+176
1792,1.0621210329846732e+288
1793,5.849745486427902e+258
1794,2.9176734378049324e+218
1795,1.6749103037691036e+276
1796,3.044816874887343e+253
1797,2.4404137384364617e+251
1798,1.0111601544124178e+270
1799,3.0727520199996725e+288
1800,4.76254441692216e+288
1801,9.144642908998129e+288
1802,1.5554612642706538e+239
1803,5.117070598480366e+225
1804,1.805980160927865e+175
1805,1.3407785099186224e+179
1806,1.4671979905393637e+241
1807,6.645217692542456e+285
1808,2.329138925530353e+285
1809,1.233495303075039e+220
1810,6.335504426024981e+289
1811,3.392837082804675e+196
1812,1.0641698179525234e+256
1813,3.52575701666648e+230
1814,1.1481547454835408e+286
1815,2.5001034037572447e+223
1816,3.3853404935477798e+218
1817,7.489788761446671e+262
1818,1.4997042845357272e+255
1819,1.4006059112465054e+247
1820,1.1135032924181051e+229
1821,1.851859042268365e+289
1822,1.1295857624453382e+197
1823,1.253069092813632e+182
1824,6.683722646531188e+236
1825,8.048824854265946e+253
1826,4.698278048922687e+105
1827,2.6218857278115343e+190
1828,3.2307584128170324e+211
1829,1.625925599487887e+237
1830,7.436339226025436e+277
1831,3.766256004955197e+228
1832,5.375589409776244e+212
1833,7.256543268616e+234
1834,8.571748239506383e+197
1835,9.642625490332688e+286
1836,1.2275804067230188e+230
1837,6.89900615629616e+179
1838,3.4526112775925234e+259
1839,6.117539236006665e+177
1840,2.13100064573677e+286
1841,8.850618631813597e+289
1842,3.776480846484512e+288
1843,7.669327407312979e+289
1844,7.904484528315607e+274
1845,2.933096251963017e+268
1846,1.5920806372753151e+195
1847,1.974770688413427e+202
1848,3.0520617871007624e+213
1849,1.4342429953264984e+243
1850,7.899281164409908e+285
1851,1.2870953243257918e+283
1852,2.3533343801756525e+206
1853,1.5510754091997828e+277
1854,2.1031388026112746e+244
1855,1.4647666536037977e+289
1856,1.0545872732419061e+235
1857,4.199979581022082e+239
1858,1.2147447383913731e+284
1859,1.5888271449492993e+287
1860,5.988435409900907e+282
1861,1.3673586080400982e+289
1862,9.935896237383586e+223
1863,1.2870373069113178e+279
1864,1.2375493730181762e+226
1865,1.2428039478059806e+265
1866,3.056916729357605e+190
1867,5.38325013398188e+278
1868,1.0892622278134813e+265
1869,8.5264661713276e+279
1870,2.4093551239051005e+258
1871,1.0385348104533886e+274
1872,8.259417742175408e+238
1873,4.673609436852868e+289
1874,3.0888375062544253e+288
1875,3.620897648953896e+228
1876,6.69320881327679e+193
1877,6.021966901718322e+279
1878,5.3183282955672355e+177
1879,4.892771763356547e+268
1880,1.9878551981357317e+281
1881,1.7704938912911895e+229
1882,5.111871489682664e+277
1883,3.2011297819426043e+289
1884,1.4847234819776423e+285
1885,3.4235762183090195e+240
1886,5.058181696331879e+272
1887,2.5966045298584174e+243
1888,3.1924234435385446e+188
1889,9.050093221854302e+270
1890,2.8861169229885532e+289
1891,8.343757657827137e+220
1892,5.517501052907566e+193
1893,5.8588979267213875e+239
1894,5.3063168931372696e+259
1895,2.981460402398702e+289
1896,7.698545754039252e+249
1897,2.376318149728482e+182
1898,2.510311178478886e+288
1899,1.9489314070403653e+278
1900,2.685247284577148e+232
1901,1.1174785771148062e+263
1902,1.4782352927939823e+289
1903,9.305244527547652e+265
1904,3.3686511615947923e+255
1905,1.2427275325823633e+270
1906,8.591450908575408e+265
1907,7.192751415504188e+260
1908,7.746242742238627e+264
1909,1.039305237651141e+284
1910,4.895160862432172e+279
1911,7.633120053177254e+245
1912,4.501572143722535e+283
1913,6.540968430060007e+248
1914,3.0724205139934588e+174
1915,3.0386831735368803e+270
1916,2.5605898139891207e+241
1917,4.8772212954422547e+250
1918,8.150387661152441e+287
1919,2.369675896178869e+228
1920,7.048715367515367e+176
1921,4.199114586167971e+271
1922,4.651505238616592e+281
1923,1.2115656011988776e+258
1924,1.27716211233829e+257
1925,7.346161298329517e+247
1926,9.71642656446808e+280
1927,1.7010569764700468e+216
1928,6.345089879108923e+179
1929,9.07480783755528e+289
1930,3.2994891824385676e+289
1931,1.5291962278071158e+209
1932,1.0577290456595314e+280
1933,1.1385969059755714e+248
1934,7.025163381107456e+267
1935,4.669292133198182e+230
1936,2.542282923286046e+283
1937,2.9082941927000833e+240
1938,4.4462851522181174e+226
1939,2.4381195843260455e+253
1940,2.494167170695215e+288
1941,9.764031642508023e+251
1942,4.7011141895847474e+283
1943,2.5213704480525003e+238
1944,6.7375378395115755e+180
1945,1.87500678032867e+213
1946,2.850829349499241e+278
1947,7.681356078736374e+200
1948,3.374672663513974e+286
1949,9.032659017607821e+274
1950,1.0628588630785875e+275
1951,4.381735759960941e+265
1952,2.6298363266670618e+247
1953,2.1272509900505096e+234
1954,9.60064151431475e+203
1955,1.617772804692356e+254
1956,4.320240469401487e+216
1957,2.0072205334307565e+218
1958,3.6411620398392605e+281
1959,6.099939846869727e+196
1960,1.2178886942546481e+247
1961,4.862392636263471e+257
1962,8.095887803274584e+286
1963,1.1273300482684576e+266
1964,3.944792731338628e+243
1965,5.015382426874323e+186
1966,1.37935531186483e+277
1967,6.787009520658066e+288
1968,5.0174032615993e+229
1969,2.5455495172098156e+256
1970,8.672219024702307e+289
1971,7.682493353386021e+216
1972,1.8695362172805102e+215
1973,1.323571752697827e+279
1974,6.911883625632446e+225
1975,6.455220545924656e+256
1976,2.2951899228975493e+219
1977,6.21396961508681e+228
1978,8.30654166041426e+276
1979,3.247209719433296e+80
1980,2.0883497732272337e+286
1981,8.43250050857621e+210
1982,3.0229440660435753e+207
1983,1.96218265625752e+272
1984,1.8221788211640742e+285
1985,8.504476106327225e+276
1986,1.1300356876587378e+228
1987,2.577695373719884e+211
1988,2.260461533533677e+211
1989,1.1997970133109273e+265
1990,6.62844858245079e+288
1991,1.0026713559259291e+286
1992,5.649161511531284e+286
1993,1.5542184532408328e+244
1994,2.3589336932432077e+186
1995,6.734286298556932e+257
1996,8.933519095051161e+288
1997,1.4934625344650937e+214
1998,4.237128602570252e+236
1999,1.1750374916222032e+174
2000,5.1664646081996825e+281
2001,5.30532035355552e+175
2002,1.9827109624097358e+176
2003,4.412762177368334e+284
2004,3.013479959251585e+253
2005,8.93022578628654e+289
2006,4.005304376368184e+195
2007,2.6777666583505187e+259
2008,6.757241859539411e+289
2009,4.393078943895615e+278
2010,9.84650547336713e+176
2011,2.791309927771296e+257
2012,2.7125789013548715e+216
2013,1.07367049332256e+205
2014,5.904979855055404e+270
2015,2.0705147971402156e+225
2016,1.3861102238687693e+275
2017,2.061239088237789e+233
2018,4.822402787805469e+272
2019,1.4123282901564208e+193
2020,6.334634633470656e+285
2021,8.661111914570414e+289
2022,6.951551110472913e+286
2023,2.820662728691164e+280
2024,2.447710176594353e+251
2025,6.905215389241337e+289
2026,3.4998679300761925e+194
2027,3.810546232435288e+219
2028,4.470443038687673e+230
2029,3.0690470417191213e+261
2030,1.0581436977255115e+274
2031,5.377002404231501e+261
2032,9.937211028978529e+226
2033,1.508155213894527e+272
2034,5.051043089770906e+179
2035,2.6899639490202573e+275
2036,1.79183201953123e+269
2037,3.2453658421954937e+220
2038,5.057225905093873e+288
2039,1.5828631277425082e+264
2040,3.5637913107240683e+245
2041,6.090755176697254e+288
2042,3.5289475721725747e+239
2043,4.416254367344751e+287
2044,2.022879468781809e+254
2045,3.216063794231094e+287
2046,2.8142711816126137e+265
2047,7.063885622972118e+281
2048,2.8524154763040627e+264
2049,6.370455206653944e+288
2050,4.077727244688253e+227
2051,2.469477903478356e+263
2052,5.5709720693886734e+271
2053,8.869416042714135e+277
2054,1.0568641362029351e+278
2055,1.06293544780118e+250
2056,3.0712920087206136e+278
2057,8.088207749599763e+185
2058,2.5312052595633666e+244
2059,3.3423740336860233e+193
2060,4.2852462063147706e+191
2061,4.257078775744985e+287
2062,4.711252797349878e+230
2063,1.6438495237827057e+240
2064,1.0651516124380859e+151
2065,7.250692798117424e+220
2066,1.164854502106661e+278
2067,4.660202018021545e+217
2068,1.830398826357409e+187
2069,5.000949859976095e+270
2070,9.921801431250835e+210
2071,1.0331093871934465e+287
2072,1.1687666124653134e+248
2073,8.570737699358501e+278
2074,4.429778017632396e+264
2075,5.619660998780763e+270
2076,5.728485549997451e+231
2077,4.157021427932969e+223
2078,2.7157468491080434e+280
2079,2.800534688146046e+199
2080,1.12697537102378e+269
2081,5.617628701598946e+289
2082,3.474737944890377e+194
2083,4.0978828836311354e+213
2084,8.689688962318836e+289
2085,1.8819010994464703e+257
2086,1.9268793048331616e+237
2087,2.8855667219150765e+250
2088,7.869601844375633e+263
2089,6.362930245333449e+206
2090,5.264382730907294e+212
2091,1.7336713333949567e+288
2092,2.111866713530275e+249
2093,6.3566057280379526e+274
2094,5.291689212043842e+245
2095,2.6250588309744118e+284
2096,2.2069316797727876e+233
2097,1.8267806554612191e+289
2098,4.876517654365458e+229
2099,1.6870455366024564e+280
2100,4.6935674290552987e+285
2101,3.628673568142279e+281
2102,1.0576337100289906e+239
2103,1.4029838827352522e+191
2104,1.4070440155498017e+196
2105,9.037038956710364e+228
2106,1.2313100951677865e+245
2107,1.9619084290573453e+220
2108,2.01291048512288e+218
2109,3.5612657057410656e+281
2110,2.555173051217218e+289
2111,2.534870327638822e+207
2112,7.698439689509978e+217
2113,1.2714568101746368e+187
2114,4.1275537641543205e+179
2115,1.1808482676560894e+289
2116,1.2784278904480923e+288
2117,2.317916493658313e+211
2118,9.103638180917414e+182
2119,1.6410825691683876e+216
2120,2.08989060243735e+174
2121,1.2864888507551676e+289
2122,3.3748868140842954e+219
2123,2.7128643977531294e+208
2124,5.80869360141672e+202
2125,1.1551405115922456e+229
2126,3.736998320858794e+268
2127,1.7253277022693797e+228
2128,2.3837513947932666e+213
2129,5.211485595687146e+186
2130,9.939252991669412e+230
2131,7.848324482588022e+228
2132,1.635747491699879e+176
2133,6.429251718006682e+282
2134,2.826180921085381e+282
2135,6.707861044467963e+264
2136,8.348266020682307e+251
2137,6.544883615470988e+289
2138,2.455120304923988e+288
2139,3.2055278732857485e+279
2140,4.0595784274083075e+280
2141,3.054627153895143e+179
2142,5.692589172802402e+275
2143,4.4272705945575535e+275
2144,7.539606264274364e+210
2145,2.1302375957044276e+282
2146,9.138544469772385e+264
2147,1.7282667020125587e+279
2148,1.4193698891713856e+194
2149,1.4190711526051813e+271
2150,4.766452943519686e+246
2151,3.182753798971031e+226
2152,1.3670879863257607e+285
2153,7.846689743323322e+172
2154,7.231761958426649e+212
2155,7.862047441202982e+242
2156,4.966978149035849e+287
2157,1.6629250191159942e+289
2158,8.837454240093062e+287
2159,2.531671964534972e+239
2160,2.0689386709771794e+254
2161,1.5053180283731696e+286
2162,1.8899226873546991e+251
2163,1.4437127237481434e+261
2164,1.5876360797988333e+253
2165,1.3144770863766204e+261
2166,1.0364126371263604e+267
2167,5.604736336232442e+289
2168,6.889430955962575e+193
2169,6.582143292161723e+240
2170,3.270609844262642e+221
2171,7.805819234078262e+281
2172,1.104240208253867e+214
2173,1.3223205640094787e+194
2174,4.605996531139409e+289
2175,1.9152002339916366e+218
2176,6.276093427605174e+289
2177,2.0434930994805667e+276
2178,4.288177400392375e+283
2179,2.0199579063153675e+284
2180,9.016135091985921e+289
2181,2.69591653637554e+205
2182,8.109174254841446e+210
2183,9.195995685131786e+289
2184,5.71720566593861e+213
2185,2.9212697227529576e+234
2186,1.2922350741387356e+287
2187,4.0412359321320103e+192
2188,8.733834925028814e+289
2189,1.5105272925955735e+289
2190,1.4916175970106782e+182
2191,1.9198641752946775e+243
2192,2.1173628196837333e+188
2193,2.904096398155957e+188
2194,3.6083749860470407e+267
2195,1.1656674495817091e+240
2196,9.614727471224758e+288
2197,7.47138563221979e+267
2198,6.18213853555711e+226
2199,5.38919787286099e+230
2200,3.8722562077379215e+284
2201,4.4003197917224513e+288
2202,7.132545113815485e+259
2203,2.2881205567463e+268
2204,3.585277032194975e+286
2205,8.360717738233438e+235
2206,4.81983497495991e+251
2207,2.9198627247760706e+184
2208,7.082237294795686e+172
2209,7.342778462619771e+246
2210,7.462242054079135e+286
2211,1.7577666428216985e+289
2212,9.19128142251875e+289
2213,5.978588257637739e+259
2214,4.302302455325173e+188
2215,1.1146144378119393e+253
2216,7.003339383955911e+188
2217,8.50470897140054e+267
2218,2.523483490629234e+217
2219,1.0243262401464205e+287
2220,5.463784148655927e+217
2221,8.223555122132603e+289
2222,3.917585408685225e+246
2223,3.9095270214710066e+218
2224,1.5084602715686806e+289
2225,1.2760003446104823e+274
2226,1.960923917574406e+183
2227,1.1049854272084157e+281
2228,8.213404201701151e+213
2229,5.71791648170766e+224
2230,3.967401461695193e+258
2231,9.932520145461635e+284
2232,3.3565378645171912e+289
2233,2.2806002005799723e+182
2234,1.5415813798526828e+286
2235,5.56175012963711e+181
2236,7.230208456796418e+281
2237,6.264999061698073e+252
2238,5.3962742771871645e+188
2239,1.8521836255284751e+242
2240,1.725220917546921e+285
2241,8.075796821415032e+270
2242,5.968284253280089e+224
2243,4.787415084973592e+289
2244,7.03298888911742e+197
2245,5.833019271692205e+277
2246,7.352404989686432e+243
2247,3.297142475568801e+263
2248,8.057149943429807e+247
2249,1.378131428865515e+218
2250,1.0201236619613935e+237
2251,8.471205007011495e+210
2252,8.898800364568925e+289
2253,1.8421436402614938e+264
2254,2.3207354902253873e+284
2255,1.2567170596076032e+188
2256,2.62665814333497e+269
2257,3.887566706791869e+280
2258,1.2727757266575925e+257
2259,3.9210323030347716e+208
2260,1.4401791261853607e+237
2261,1.8051308419275318e+279
2262,2.518609415702517e+196
2263,1.6155826153156953e+258
2264,3.60629619655016e+268
2265,2.722455852779523e+264
2266,2.570630236259634e+255
2267,3.375641523223562e+280
2268,2.9489538129344586e+249
2269,1.3714025267813705e+242
2270,7.44881412537104e+265
2271,2.82231304235629e+283
2272,1.6862098769942103e+227
2273,1.5702162271952685e+237
2274,1.3000458835783401e+259
2275,1.0983848332914855e+249
2276,9.355864694935638e+284
2277,1.8380516216829404e+243
2278,6.557213059220939e+219
2279,1.1193814426475184e+174
2280,4.191895261257116e+249
2281,2.839300394573677e+289
2282,3.7322074964717576e+186
2283,2.883379324519898e+277
2284,6.912682035859205e+277
2285,2.260296138948635e+254
2286,1.72416734912095e+278
2287,4.554458939411506e+278
2288,6.111019281537986e+261
2289,2.6472840083821886e+270
2290,8.803186280043326e+283
2291,2.6147059329580926e+189
2292,2.5181670735834012e+289
2293,3.1233607761011443e+280
2294,2.9002832028150686e+206
2295,2.0403227218396482e+287
2296,7.2051270380134095e+289
2297,8.515367172462065e+191
2298,1.4019446267812202e+184
2299,1.3250564259965627e+195
2300,2.012650934899932e+254
2301,3.026912008442838e+219
2302,1.5599527560532338e+247
2303,1.7312961636551606e+207
2304,1.6882498885018877e+266
2305,1.1411396521459642e+261
2306,6.94529644269237e+203
2307,6.939252520140004e+212
2308,1.1427157071058727e+267
2309,4.667591282092322e+269
2310,1.1281557442043756e+280
2311,6.426935783714092e+289
2312,2.2273923592019243e+198
2313,1.3558331699452965e+246
2314,1.854496904021775e+182
2315,1.233326869307868e+288
2316,8.866105009644669e+289
2317,1.2151805509064037e+233
2318,3.5420535218341086e+283
2319,1.0494737601729655e+279
2320,7.13003130985253e+278
2321,3.228924577265958e+281
2322,1.228674515691102e+288
2323,8.848173211504294e+270
2324,5.848075054536782e+268
2325,7.54939668274069e+262
2326,3.001218651192679e+289
2327,1.7156446769560543e+289
2328,1.945658397340035e+289
2329,8.0829077863629465e+245
2330,5.984356010979166e+264
2331,1.1880782290850709e+190
2332,3.212867001234758e+262
2333,3.316381796350601e+207
2334,1.7515146586489314e+289
2335,1.9129438435007398e+258
2336,1.563634312762348e+207
2337,3.5755828856358926e+230
2338,1.2274211466668193e+282
2339,2.8204764428925086e+190
2340,3.865964241047124e+266
2341,8.905102808020313e+196
2342,2.4203968981190744e+267
2343,1.4232114417416858e+274
2344,3.0217078694679955e+200
2345,3.545840418616135e+282
2346,1.0824180410896625e+227
2347,2.05544185701907e+264
2348,3.4531876385521467e+269
2349,2.0399622208865912e+208
2350,2.278051938491275e+188
2351,4.8147858728153575e+206
2352,1.2466404250491933e+284
2353,1.9517632668127023e+228
2354,2.269554032579247e+234
2355,2.3972454619440661e+176
2356,1.615680638718763e+276
2357,7.110709332631166e+191
2358,1.1522646977332877e+231
2359,4.5448239710640426e+250
2360,1.1112757881886864e+259
2361,1.0615963405062209e+220
2362,1.0716367377686432e+189
2363,4.904372819596951e+184
2364,5.773658401167847e+194
2365,1.2615117865285622e+235
2366,1.0678926131235084e+262
2367,2.1437887482665757e+174
2368,6.834303526601125e+233
2369,4.287444698693242e+284
2370,3.1382132958831196e+287
2371,2.4479319831755054e+289
2372,5.70237999557145e+272
2373,1.5661352839510204e+215
2374,9.84683520785331e+210
2375,1.6850548472772383e+272
2376,4.642306516008596e+176
2377,2.3150248592806335e+277
2378,2.2344332840940246e+275
2379,1.786542551557016e+235
2380,5.874311522186522e+272
2381,1.2579343879949676e+212
2382,5.0471235672110715e+289
2383,2.0622916364778624e+254
2384,6.24555396297426e+262
2385,1.2688969160100818e+279
2386,4.9320981531116096e+196
2387,7.071918802357976e+252
2388,1.1612066545022373e+285
2389,4.538227524678127e+286
2390,3.472217726736838e+269
2391,1.3512575874470244e+174
2392,5.817126393426214e+233
2393,2.290242804254496e+288
2394,1.130138613902408e+267
2395,1.0815311827789885e+223
2396,9.44912083679404e+49
2397,1.212672659100896e+207
2398,9.746627009265586e+204
2399,9.155260590703346e+289
2400,3.4925088930702003e+180
2401,1.4399498094160763e+231
2402,3.2049436990647845e+289
2403,7.125080552526673e+286
2404,4.548142416354878e+289
2405,1.9533050535960808e+204
2406,9.963967587465476e+273
2407,9.653090752096545e+223
2408,1.9505474790991964e+177
2409,8.112688143845776e+219
2410,2.7755678522520324e+272
2411,4.819825725086469e+263
2412,3.872806370930339e+207
2413,8.905571329142595e+215
2414,3.464692829070322e+213
2415,2.2233421456329606e+263
2416,3.127964107313005e+288
2417,1.7570120698999427e+264
2418,1.8291811617310512e+229
2419,4.9364663978760944e+207
2420,6.182545143879548e+192
2421,4.2527564098220273e+266
2422,4.191089228679862e+185
2423,4.825259473109685e+279
2424,1.0064339319034206e+261
2425,2.5672258874657305e+267
2426,1.8500752115844985e+218
2427,2.6587044881836834e+221
2428,2.289035973339896e+273
2429,1.4925380825344234e+283
2430,6.721207268384332e+288
2431,4.820462981441425e+236
2432,7.500052101233219e+289
2433,1.4677873724010573e+243
2434,1.2553487292135963e+239
2435,5.737652475893965e+253
2436,5.220932047517883e+200
2437,1.0746748544162454e+175
2438,6.813811282321158e+192
2439,6.132821490855594e+270
2440,3.913881658628555e+252
2441,1.527236396891931e+225
2442,5.135470293183437e+267
2443,1.0440590269574694e+210
2444,4.800098699426332e+282
2445,2.917694107887824e+288
2446,3.8171014764463005e+250
2447,1.341070193984968e+173
2448,2.1521540540242146e+272
2449,8.933262606177632e+130
2450,8.551435105428406e+289
2451,3.5114003248526924e+285
2452,4.520321157260072e+215
2453,1.1686621282397275e+213
2454,3.727365637451679e+276
2455,3.0422755610747303e+261
2456,1.766422926749948e+239
2457,5.300542079407134e+289
2458,4.96523912238812e+235
2459,2.6547653856501466e+230
2460,1.6245840759876612e+228
2461,9.652245051682795e+234
2462,7.202951748935689e+269
2463,8.504650958227694e+212
2464,1.627051678952445e+210
2465,9.192172302431244e+289
2466,1.4360128603265503e+270
2467,7.410166847667106e+283
2468,1.8095635709357516e+231
2469,9.765250104823483e+288
2470,2.047772801893566e+218
2471,3.324208995645827e+282
2472,1.832560248240863e+274
2473,8.672299475879305e+289
2474,2.906860026374767e+276
2475,3.7230639347268393e+288
2476,1.9489819072798276e+239
2477,1.4819434044437092e+286
2478,1.0544195768101572e+274
2479,7.919507987762301e+176
2480,1.7209954341078023e+283
2481,7.25090928849875e+192
2482,1.6009980831677466e+263
2483,5.179480946839282e+259
2484,2.823130285308865e+194
2485,1.594467618767137e+185
2486,1.6411909653135394e+193
2487,1.7454035690000357e+270
2488,2.968849239014831e+224
2489,1.388254347737296e+238
2490,1.5249281900367647e+245
2491,1.992880895154029e+230
2492,1.0978311894061788e+289
2493,4.469456514550937e+216
2494,2.5811774318012747e+245
2495,9.726373430060843e+232
2496,8.545130810055678e+286
2497,1.885239031540184e+202
2498,1.403638001313188e+238
2499,9.206986498051869e+289
2500,1.5978642848007504e+289
2501,7.194692732841864e+277
2502,5.6481555732800135e+261
2503,4.49808762723737e+282
2504,1.49362983606326e+185
2505,8.006750358384824e+289
2506,9.276167788618585e+190
2507,2.1364627815763765e+228
2508,9.208856865723009e+195
2509,1.6332072834906078e+269
2510,8.625148126305449e+286
2511,2.3583354621414483e+209
2512,6.005027921073032e+289
2513,2.608842257001532e+177
2514,2.061996861306279e+213
2515,1.2443405597471788e+177
2516,8.204349238091928e+278
2517,7.798915635799965e+192
2518,5.131451681459751e+278
2519,2.263052866393311e+221
2520,4.176014803469028e+212
2521,4.918911373103896e+282
2522,9.898692944777937e+259
2523,4.0080971573137934e+279
2524,1.4069771870944756e+191
2525,7.149023302790185e+251
2526,3.4278917956060485e+212
2527,7.750243828387435e+238
2528,2.233742375109325e+289
2529,5.1722679579338126e+280
2530,1.0841822942820012e+208
2531,9.22664183091431e+289
2532,4.72784995172182e+182
2533,2.801139305736847e+230
2534,4.0790616890237083e+244
2535,7.009177785226959e+245
2536,6.520680276189208e+187
2537,5.238655771806903e+194
2538,3.5001059723533373e+269
2539,3.1160172229530844e+282
2540,1.355424678484812e+199
2541,7.727310509214322e+272
2542,1.7825041303865976e+272
2543,4.8770105098958247e+235
2544,5.839011449431217e+273
2545,3.2708537181467983e+264
2546,1.4977777265535979e+228
2547,3.9433998668804196e+285
2548,1.411010829423984e+260
2549,1.0538865107213995e+261
2550,6.0650178736154676e+206
2551,5.908026764910065e+272
2552,1.3417612989333582e+245
2553,8.683065253441747e+289
2554,2.8296013506686194e+289
2555,4.510441568669965e+262
2556,3.7107376357215965e+275
2557,4.979029293961834e+214
2558,1.9588719519625257e+209
2559,8.007987057475873e+284
2560,1.5201776364714866e+240
2561,5.113738991408043e+287
2562,6.84254818457114e+275
2563,1.2924192646476805e+282
2564,2.0033779132941064e+217
2565,7.134094296705866e+227
2566,2.615026654113968e+287
2567,5.1599208205119276e+222
2568,2.1141385240542212e+244
2569,3.5631660523974936e+256
2570,3.8171656879696487e+217
2571,1.2703386802758348e+255
2572,3.3512943976958835e+259
2573,3.3262929007346735e+220
2574,2.9910908100767907e+274
2575,3.5702789502737447e+221
2576,7.63754834964035e+288
2577,6.329399975972122e+194
2578,7.817956570192434e+204
2579,4.554744763057226e+289
2580,1.1631259775004086e+272
2581,1.665674916277629e+253
2582,1.0506631060196142e+288
2583,4.0565643008640465e+222
2584,2.6684426943408805e+288
2585,7.764744843141743e+287
2586,1.16319284917632e+227
2587,2.1195622412323265e+228
2588,1.9884967145501995e+213
2589,4.6715722701578994e+253
2590,4.794842695859721e+195
2591,2.8797778236726666e+270
2592,2.7088980076977596e+289
2593,8.32530114201786e+282
2594,6.400552292321297e+282
2595,2.0548875402868258e+225
2596,1.8599349964217395e+279
2597,6.113042513509348e+211
2598,6.348519623469623e+289
2599,7.44725741200579e+226
2600,1.0717577025311152e+281
2601,2.646720396769965e+213
2602,2.705849463395366e+261
2603,8.175411046134287e+281
2604,9.388417040006039e+186
2605,5.329394747574714e+189
2606,5.922740490177736e+289
2607,5.229333888430916e+184
2608,1.8403241354257e+279
2609,5.269557987870107e+264
2610,8.352277267425028e+206
2611,3.0441099424163778e+287
2612,3.635230704851999e+217
2613,5.438063657656018e+256
2614,8.48259865579049e+289
2615,7.50487606520872e+223
2616,1.3550972405293976e+246
2617,4.506361946272295e+215
2618,1.705115632658041e+216
2619,9.335840010815034e+287
2620,8.323129102175156e+184
2621,1.6023634247435654e+281
2622,5.99346742901544e+289
2623,8.161943902053149e+284
2624,2.5147820435659e+239
2625,2.9840137237728305e+288
2626,7.423122656400025e+213
2627,1.2206427377855384e+189
2628,1.4968820668448662e+271
2629,7.869675659681752e+238
2630,1.393215835794251e+260
2631,9.520809819245773e+280
2632,2.820843954348797e+140
2633,2.338894260613931e+184
2634,1.6040485863312332e+289
2635,1.2452823048551904e+186
2636,5.731863141859557e+205
2637,3.1534155772711146e+289
2638,3.964765084252894e+188
2639,3.1492836219797743e+270
2640,5.6645958657791986e+181
2641,1.2541250879762474e+208
2642,3.6809239163120096e+270
2643,8.669425075992892e+289
2644,7.554097808343832e+175
2645,3.405454735798627e+276
2646,3.3438708935335424e+198
2647,5.717421076763865e+177
2648,2.2684331008475502e+251
2649,5.5889828644465146e+271
2650,1.559774620959356e+260
2651,3.3723829154592255e+184
2652,7.637949019801886e+212
2653,9.491608441185013e+287
2654,1.9729296958742375e+277
2655,1.1219877162146988e+288
2656,6.772538168463456e+289
2657,4.0738498570707795e+248
2658,3.3156802704858045e+263
2659,3.37641237012131e+201
2660,1.4368641635600154e+234
2661,1.4854021956081647e+284
2662,2.4061278577491828e+286
2663,1.4555408408076468e+230
2664,3.534013669590887e+238
2665,5.245670819555137e+284
2666,3.925233548219692e+176
2667,2.2937289219214287e+282
2668,2.765727325084732e+176
2669,1.208386059650817e+272
2670,2.3681157950609352e+287
2671,9.607420120141541e+278
2672,6.70056350619275e+233
2673,7.38969954863539e+289
2674,4.876608949641438e+220
2675,1.599736885757922e+176
2676,2.7266051516153852e+243
2677,2.4653117816059236e+273
2678,1.1765896807206889e+217
2679,6.986821772124162e+247
2680,1.4379361001748612e+285
2681,2.4727811428313807e+215
2682,2.1875798812567597e+221
2683,2.968394278143576e+173
2684,5.963587356358638e+221
2685,9.121935708003234e+289
2686,1.9065090538581973e+288
2687,3.3237069886280104e+270
2688,2.788042701123542e+280
2689,2.8691459626408205e+232
2690,8.96899152473231e+202
2691,7.462656971753002e+266
2692,1.083367641983053e+283
2693,2.5531596482213966e+258
2694,9.227775051504759e+289
2695,8.583892500673552e+220
2696,4.691181906766486e+227
2697,1.4715676770145232e+207
2698,8.12841837759364e+289
2699,3.515849307163248e+193
2700,1.4280985881194314e+262
2701,2.044890152305079e+220
2702,3.8699235840895016e+265
2703,1.8209964907276488e+267
2704,1.8915639618301708e+280
2705,6.40772353462089e+248
2706,8.680353182040461e+178
2707,7.227547932431396e+173
2708,7.79658490446162e+249
2709,5.0792707938833376e+243
2710,2.705283085125177e+282
2711,1.2396758531224545e+179
2712,9.862058655387935e+269
2713,6.856707005822194e+243
2714,5.922574863463127e+283
2715,9.55881113405101e+285
2716,1.4861662746614042e+288
2717,4.730185282096497e+246
2718,1.738646937478478e+188
2719,6.696285169668502e+220
2720,2.1737503132728387e+254
2721,1.544329326311448e+272
2722,7.927304152172875e+210
2723,2.0073649799051743e+177
2724,2.3767445343243405e+183
2725,2.439777658444979e+289
2726,3.874175830886519e+288
2727,6.29848378032609e+271
2728,6.10528845551525e+207
2729,9.407694968586947e+264
2730,2.612743545587356e+219
2731,2.408715563091044e+237
2732,1.5992363486840646e+217
2733,5.982479678244705e+215
2734,3.224607192268878e+210
2735,1.847832034564956e+279
2736,5.200057946004839e+216
2737,4.1604590712659006e+187
2738,8.292455018353802e+289
2739,3.5726504336798516e+259
2740,1.6056028662936806e+176
2741,2.9765114071300417e+189
2742,8.767372893799202e+218
2743,1.8937036810467153e+181
2744,2.1949911688180976e+288
2745,1.854778562116807e+242
2746,7.070975283656684e+172
2747,4.433770632725067e+286
2748,1.950456113668308e+236
2749,7.786134851927806e+289
2750,3.5651143142519257e+177
2751,2.7043937987091954e+272
2752,4.176155756071127e+182
2753,2.7533322225934676e+284
2754,1.5928618635610908e+269
2755,5.3844763482096945e+202
2756,5.025260890727296e+177
2757,1.8020441632233676e+274
2758,1.0063929388521193e+175
2759,9.009141974489278e+251
2760,1.2016001227275726e+178
2761,4.453261810451228e+274
2762,1.003997090760168e+289
2763,1.9757407813449514e+280
2764,8.681602912296136e+286
2765,1.2566521967516536e+219
2766,1.7776472459652882e+190
2767,2.5231515028005714e+177
2768,3.84099730263213e+289
2769,1.0668405198504596e+288
2770,1.7771591127453653e+289
2771,8.535859692043721e+284
2772,6.530818494825903e+236
2773,4.7975001238142405e+283
2774,3.7370799431672985e+288
2775,2.0957517228316424e+195
2776,4.369014794236692e+211
2777,2.829343575065008e+191
2778,7.166098607662278e+235
2779,2.4267032141794844e+221
2780,9.500366245018918e+249
2781,8.982177138665253e+289
2782,8.688861716750601e+249
2783,1.807643072525151e+265
2784,7.742084348652739e+289
2785,3.743954084372579e+192
2786,2.1039159211633382e+97
2787,2.2227767769870867e+289
2788,1.317150960673326e+279
2789,2.1117907985222037e+247
2790,3.8761717678841697e+289
2791,2.329173637940365e+277
2792,2.969552272577238e+248
2793,1.1032702388781834e+279
2794,8.068190393586956e+277
2795,1.2707188437299618e+268
2796,5.129418650119383e+214
2797,2.355586191418479e+218
2798,7.344087081736323e+288
2799,5.481289776082403e+198
2800,2.1949773790522974e+206
2801,1.2508740901226777e+284
2802,1.2290270741429344e+288
2803,2.797769705322766e+289
2804,5.706266004865742e+199
2805,8.696723011678256e+226
2806,2.8065552464781388e+280
2807,2.875614142556889e+267
2808,7.686269041756038e+271
2809,4.9178553583653877e+191
2810,2.2570827829487573e+192
2811,2.2134034906571017e+204
2812,8.277760746618363e+289
2813,3.793494138146194e+179
2814,4.371763529434498e+174
2815,9.837054343168709e+225
2816,6.082818394173362e+261
2817,1.8740506513251405e+183
2818,5.005158017033486e+235
2819,1.4602508407436363e+285
2820,7.794530105416679e+214
2821,1.3916718554105796e+201
2822,7.758490854752485e+234
2823,2.6371090157424522e+287
2824,8.121630790531114e+196
2825,3.666560763221731e+283
2826,1.9369754255072422e+261
2827,1.1383974614582746e+149
2828,5.666122070971524e+288
2829,4.437447461594924e+289
2830,4.520377025470411e+218
2831,1.544404180796363e+217
2832,5.432671253835396e+277
2833,2.158447533367848e+234
2834,1.5926294914017433e+239
2835,6.419043157563337e+276
2836,1.5086364864847515e+209
2837,3.084218224733507e+288
2838,3.8655229276426815e+231
2839,5.125454918936148e+264
2840,2.361267641415545e+260
2841,2.2737020360093663e+263
2842,2.3019084290296888e+261
2843,5.304094371510735e+184
2844,9.229075902237135e+289
2845,4.050216486249421e+274
2846,8.00075496848338e+280
2847,6.867513524550214e+240
2848,4.066608634640127e+273
2849,8.768546605680587e+270
2850,2.892345799370302e+287
2851,5.887761844425409e+286
2852,7.250207532887914e+261
2853,1.886435044487787e+195
2854,1.7639956265036747e+230
2855,2.6109170849886886e+198
2856,3.3010200976159752e+187
2857,4.733652429048293e+194
2858,1.032752878544082e+205
2859,2.891597553691929e+288
2860,2.651392476042891e+220
2861,4.623280278619122e+277
2862,7.221393513646948e+277
2863,5.013145641606701e+280
2864,1.2396430249247251e+289
2865,1.1267210004978284e+278
2866,1.8569735181271027e+286
2867,1.565303801564345e+280
2868,3.9637248535278964e+206
2869,1.5347086686842142e+287
2870,3.777342485229887e+210
2871,5.770880815042715e+278
2872,6.8262959254806155e+239
2873,1.1664192845827006e+282
2874,3.9965433290542303e+269
2875,1.270502064604331e+228
2876,7.523863493881298e+184
2877,3.603800458709534e+271
2878,7.148686100092269e+219
2879,1.225359015368277e+206
2880,1.638409700394677e+175
2881,2.4797379943003768e+237
2882,2.1752945732691453e+271
2883,4.7799839016895794e+185
2884,6.277785137895735e+269
2885,3.284862414541395e+104
2886,7.766759099701503e+230
2887,6.692356912071749e+289
2888,1.2578197460050786e+210
2889,9.682303365190146e+288
2890,6.985130671806537e+279
2891,2.554861197277097e+190
2892,2.7768673781091063e+235
2893,1.8252300431340785e+249
2894,3.614816146156764e+281
2895,5.144844139689592e+260
2896,3.1110594307084082e+289
2897,2.9714190014946773e+288
2898,4.375876084471656e+282
2899,1.058359720371331e+285
2900,5.894621180323793e+278
2901,2.1096448377825e+270
2902,1.8883340548612332e+251
2903,1.0487112365247005e+285
2904,1.1080783583095993e+211
2905,1.456928802278455e+243
2906,1.2063575716424289e+276
2907,9.74431625827883e+187
2908,3.291224841591644e+222
2909,1.212555776740608e+276
2910,2.4814538275070285e+251
2911,8.689549032819612e+275
2912,4.315639305593044e+177
2913,5.106464876043084e+208
2914,3.112584463708912e+254
2915,3.634843054043601e+219
2916,6.88426254488314e+228
2917,1.2332449095897114e+258
2918,2.300669013637522e+250
2919,6.008955296908774e+222
2920,3.409394180124814e+286
2921,3.907523607009863e+222
2922,1.868483452496537e+287
2923,5.686787874508953e+269
2924,1.0880353330086493e+174
2925,1.003094753757839e+190
2926,1.781833353982118e+238
2927,1.953181991992614e+256
2928,3.561815983728569e+267
2929,3.867354101653939e+257
2930,1.6025016841291717e+276
2931,2.7297665600002748e+283
2932,4.228813303624006e+288
2933,4.396013373778258e+207
2934,1.686381775233317e+265
2935,2.3482630738178543e+289
2936,2.7557828555271907e+231
2937,4.1452494835623963e+238
2938,9.658031319151886e+223
2939,6.921982830474077e+216
2940,6.442431188351953e+288
2941,2.9846428137836895e+289
2942,2.478590212719723e+169
2943,2.520705170149578e+221
2944,4.855744417932526e+280
2945,2.02963572891193e+221
2946,3.3445053286048865e+224
2947,2.3381796717410754e+263
2948,1.9491039952674123e+230
2949,2.5350333301452086e+189
2950,4.888266239330333e+276
2951,5.785779206338346e+289
2952,4.794706396783828e+73
2953,8.939965462102643e+289
2954,5.995021582135921e+260
2955,1.6770483964003218e+233
2956,3.4769644042153823e+258
2957,5.71484146408793e+235
2958,1.391747201950193e+280
2959,8.945776547781987e+289
2960,1.0674888388221189e+262
2961,1.684087927842478e+282
2962,1.1551815441023372e+289
2963,6.310215684102201e+278
2964,3.9438667839355975e+271
2965,9.231705982517162e+289
2966,4.0407240705676443e+269
2967,2.6522870960407785e+265
2968,1.9217738770577783e+282
2969,2.4669622447731344e+272
2970,1.1656304337577017e+210
2971,1.6866101195538395e+272
2972,2.2524544260107765e+207
2973,1.6099503861764428e+249
2974,5.591931973466219e+275
2975,9.400916470528806e+269
2976,4.859476826922088e+287
2977,1.0241346138056151e+228
2978,1.3450203026568597e+282
2979,1.1075449178211424e+182
2980,1.4120871165197204e+273
2981,6.468486071365056e+230
2982,8.250718688405925e+289
2983,1.6944372445983285e+225
2984,7.051557227572782e+289
2985,7.96043041369907e+287
2986,5.513184052519692e+182
2987,2.978571076698838e+241
2988,7.345979012950319e+276
2989,7.263379401729542e+289
2990,8.245760696462865e+288
2991,8.16619454323812e+289
2992,3.573619447252393e+209
2993,5.670392511579396e+272
2994,1.075110943163787e+289
2995,1.4524928599590022e+187
2996,1.5044578249014443e+256
2997,9.344155328806531e+286
2998,3.799300102270784e+220
2999,2.211221285359909e+229
3000,2.8966813062393656e+225
3001,1.00756691298599e+274
3002,1.3319544247059932e+203
3003,6.552498678706921e+265
3004,9.208047776491767e+273
3005,2.0434423328872026e+271
3006,3.531235024182014e+218
3007,9.206950003348889e+289
3008,1.6709357188754345e+270
3009,3.7820076937905716e+287
3010,9.040164971726149e+232
3011,1.9077064087487755e+210
3012,1.3915923703185605e+280
3013,1.0414774733361147e+257
3014,1.5158564895668822e+176
3015,3.433569506644666e+189
3016,9.647399888945138e+189
3017,6.866712437274712e+206
3018,6.4037785131323e+220
3019,1.1673703461754156e+244
3020,3.1015576721033146e+186
3021,6.259301385730145e+289
3022,1.718996282172235e+235
3023,7.780687472392045e+289
3024,9.029797213544045e+212
3025,2.525994312252423e+277
3026,4.318893381116186e+224
3027,8.011695763128125e+279
3028,5.92607716432388e+289
3029,9.755607723844593e+219
3030,4.7660390274499105e+252
3031,4.23723757136018e+198
3032,7.421144075601113e+261
3033,7.306114984728325e+200
3034,1.375384044602545e+211
3035,2.2229197615341722e+120
3036,2.458836252862466e+268
3037,7.213464446194556e+276
3038,2.2621476698802268e+278
3039,1.3540445858772399e+180
3040,6.907397268990807e+222
3041,1.3805563879422188e+204
3042,1.116624509022198e+174
3043,4.617481733202215e+225
3044,2.3109469704170063e+217
3045,3.9756188752967034e+281
3046,2.94259963698214e+288
3047,1.0298848183450337e+279
3048,1.2539741737749186e+181
3049,8.78946671285716e+289
3050,3.0162692177780257e+272
3051,2.5414077082550315e+174
3052,2.791666538531142e+267
3053,1.9912072531243139e+276
3054,3.7985110412840953e+289
3055,1.0560284065711817e+233
3056,1.4679829124723164e+284
3057,1.1612774250721187e+286
3058,3.566521595402928e+278
3059,2.005332445508413e+278
3060,1.2811081630692962e+279
3061,4.1579708778016397e+245
3062,1.3018838006416646e+280
3063,8.78914341202214e+281
3064,1.9407257872712502e+285
3065,1.9810769310793014e+273
3066,1.682632284543801e+235
3067,2.603121447136644e+212
3068,8.803203283645915e+289
3069,2.4402819944506098e+173
3070,1.6872810271542998e+240
3071,3.1216549167599542e+286
3072,9.609498368841795e+234
3073,1.676909811430253e+216
3074,1.624794142345494e+220
3075,3.696371915020159e+173
3076,1.001481763999386e+289
3077,1.1553882377619195e+282
3078,2.9209370366247247e+222
3079,2.180567531111298e+193
3080,1.0167141684058454e+210
3081,3.3180482543859212e+277
3082,2.268614281609726e+181
3083,7.969965814971508e+216
3084,4.9018260627779e+236
3085,6.202056678614076e+282
3086,7.938984043466994e+276
3087,9.154285451502411e+213
3088,1.2861129840186063e+203
3089,4.441612988520414e+242
3090,3.823940425583169e+209
3091,1.0402069602402718e+196
3092,6.539176815565406e+249
3093,6.725809336765616e+285
3094,1.3975840920208093e+256
3095,1.0070175756623132e+289
3096,4.744211766960388e+206
3097,2.435239980856863e+204
3098,4.111028204623731e+286
3099,1.9356429522014203e+179
3100,1.5544623324100525e+247
3101,2.0200517469751013e+289
3102,5.25061874195352e+201
3103,2.449189527922394e+259
3104,4.1151488444432836e+288
3105,1.0542501754912098e+191
3106,1.0215770969411615e+286
3107,7.916454071572934e+212
3108,3.745633714473217e+238
3109,1.4790026677033225e+285
3110,3.404682671671177e+190
3111,2.869356870580595e+217
3112,8.701125490528554e+228
3113,6.224079604160641e+288
3114,1.2424395861845302e+253
3115,2.612554136843027e+190
3116,6.520541184828454e+198
3117,7.916849814600284e+240
3118,1.2186491198104547e+281
3119,5.143530221477523e+271
3120,5.488923494410891e+184
3121,1.2854101668624256e+280
3122,1.9156828714182316e+259
3123,6.316521905017795e+202
3124,6.9282401772175e+229
3125,1.2953119251344946e+209
3126,4.539918666061276e+285
3127,3.755680928668952e+194
3128,1.8629107334930298e+273
3129,6.4882423599657e+255
3130,6.7488911634555145e+202
3131,1.1037310230044094e+265
3132,4.279616605225094e+288
3133,5.435027486249922e+289
3134,2.65869379952903e+243
3135,6.208184886526022e+249
3136,3.634408513846105e+213
3137,1.4813891288367064e+264
3138,1.9822700108766316e+211
3139,2.7090890760961287e+211
3140,3.5530441867910075e+277
3141,1.3590918619049088e+287
3142,1.6232112419094916e+282
3143,3.521355448594827e+225
3144,7.934767209212217e+228
3145,2.814622188379004e+281
3146,7.379114705880381e+276
3147,9.023165192253856e+214
3148,6.2565642261577e+198
3149,6.305106012413878e+267
3150,7.857028133470182e+289
3151,7.400333254082457e+229
3152,1.8891583600020338e+198
3153,9.860270794461542e+287
3154,3.6910159206433207e+186
3155,2.8696088344413056e+243
3156,1.802074782887785e+288
3157,1.5357668992908566e+224
3158,9.71625698478833e+221
3159,2.0521269964688374e+273
3160,8.389728600179626e+288
3161,1.459642723109968e+269
3162,1.1788227157958137e+181
3163,9.65544951591432e+221
3164,5.3657920633232945e+211
3165,1.4840668833008359e+202
3166,3.759602481883853e+219
3167,7.143002876560639e+224
3168,2.967904496725106e+183
3169,2.1961919978963256e+289
3170,3.963408040326612e+215
3171,7.486079366309105e+248
3172,2.3683491355557814e+262
3173,2.2652042627167198e+240
3174,1.4001101304674633e+250
3175,2.4532648990677136e+264
3176,6.842860622390756e+285
3177,1.301421566816872e+287
3178,1.9985339244488718e+285
3179,4.343157042745815e+286
3180,3.8932343592229504e+230
3181,3.507356632882109e+254
3182,6.198302330337914e+209
3183,6.543990160440847e+289
3184,9.512832585875726e+264
3185,1.4494807660362747e+211
3186,3.607341927155175e+180
3187,5.5309540652680644e+281
3188,1.638426546363399e+194
3189,1.4655030414138796e+192
3190,1.8186529907753677e+180
3191,5.541083874068705e+268
3192,3.738999047102165e+238
3193,4.243359038258191e+239
3194,2.4845020574263043e+225
3195,2.1485522992189736e+284
3196,1.9579506105344018e+284
3197,8.649597013954371e+226
3198,1.811890210328533e+278
3199,2.4764143311901895e+286
3200,1.250799024973169e+277
3201,5.7026098623860344e+243
3202,6.789407432844097e+226
3203,6.629160882699837e+264
3204,7.55310745787876e+184
3205,6.216576956930698e+282
3206,1.6516295498476497e+193
3207,3.4066039163019403e+220
3208,2.09854518766553e+270
3209,9.307381360680038e+246
3210,6.20382396065267e+216
3211,3.076034504769977e+272
3212,5.976717816234218e+256
3213,2.655853562287819e+279
3214,1.6232099771356575e+273
3215,3.7856873636144036e+234
3216,3.823422863797556e+260
3217,3.0248868718584414e+276
3218,4.052058762250086e+261
3219,4.26417932039508e+268
3220,1.2449394876864096e+249
3221,1.0140494930854172e+221
3222,1.3499681699240144e+276
3223,6.047925786549248e+286
3224,7.031786879755171e+288
3225,9.753390328179529e+285
3226,3.9115425734857436e+253
3227,7.669325803282053e+172
3228,8.430605712284437e+182
3229,2.846607068581182e+282
3230,1.951995948613853e+227
3231,1.2608249695381427e+249
3232,1.5520025391028325e+275
3233,3.1414020544411786e+254
3234,1.1838047702033074e+235
3235,6.802458007848043e+286
3236,1.2146375171217176e+256
3237,8.514299110182742e+196
3238,6.530400169771222e+271
3239,9.22984352463397e+274
3240,8.863589739089512e+208
3241,1.9397121266506675e+232
3242,2.901577754396982e+203
3243,1.0192132824498849e+260
3244,1.327016535207187e+283
3245,5.720853558354659e+199
3246,2.883368019241324e+283
3247,1.3913051158439846e+251
3248,9.538989226684863e+253
3249,3.3423682502119227e+263
3250,8.806288332548545e+287
3251,1.7156996827038066e+288
3252,2.428952303435266e+223
3253,3.1195152999017804e+240
3254,1.5583669950261008e+257
3255,1.5340123981682622e+192
3256,3.3502874829316162e+289
3257,1.8265493496435548e+285
3258,2.9549954292413387e+207
3259,5.5222380434269316e+184
3260,6.078495746218485e+285
3261,1.7305998033966036e+279
3262,1.5969888691355418e+286
3263,1.4667941757465986e+232
3264,5.079964167470009e+227
3265,1.5577231106447635e+234
3266,5.655011233713013e+289
3267,4.6221626159355585e+284
3268,7.8822002158557945e+264
3269,2.789432065730907e+285
3270,2.4410150289275805e+193
3271,4.2033580413392566e+245
3272,1.861856085129001e+176
3273,7.327830731287137e+103
3274,9.373379875682124e+281
3275,4.1032502361254427e+272
3276,1.5714415244204548e+181
3277,2.5579613358355813e+177
3278,2.273636651383841e+253
3279,1.8824342027643347e+276
3280,2.257889244181311e+175
3281,4.391003266295789e+273
3282,1.4357678808231795e+286
3283,6.567319937534653e+180
3284,7.835519077043571e+248
3285,8.098196418393836e+217
3286,2.035654584824092e+227
3287,5.554346960043133e+273
3288,2.478388411650721e+249
3289,2.3119542759767537e+200
3290,8.950093328433402e+289
3291,9.106710652116926e+289
3292,2.6146971789022255e+289
3293,7.757057684803051e+255
3294,3.2974291160228383e+226
3295,1.113294537329876e+215
3296,1.9698091627509345e+179
3297,6.436559562965086e+289
3298,4.644707813273607e+208
3299,1.3830728185637218e+240
3300,3.714799478412088e+255
3301,9.214447759483642e+289
3302,2.7946453808698337e+198
3303,4.3386313179154274e+235
3304,5.370802780080535e+192
3305,1.3913104366461482e+252
3306,8.907886759261819e+289
3307,1.6771809014563582e+232
3308,2.344753391329623e+202
3309,3.011678082887035e+231
3310,5.134908762457902e+276
3311,7.325287421873233e+277
3312,6.34362763891728e+281
3313,8.544261929166718e+289
3314,6.159206727591192e+262
3315,6.007358589449166e+286
3316,1.566105237492496e+201
3317,2.3557979725222166e+269
3318,2.5994295588326693e+267
3319,1.0750692867964524e+201
3320,1.1621714490537195e+249
3321,1.619772238820693e+251
3322,6.396963878548043e+247
3323,3.357399908513585e+288
3324,1.2470221510489108e+178
3325,2.3570908918996007e+260
3326,1.9405388393896913e+193
3327,5.684107727885577e+212
3328,2.5237310138024386e+184
3329,9.125968485533362e+277
3330,6.970987491572506e+284
3331,1.1070788722099493e+180
3332,5.230565912230164e+289
3333,2.1602590857180403e+176
3334,1.2490092733369039e+266
3335,7.823323948397618e+289
3336,1.4055307911800672e+277
3337,1.3886279880740626e+250
3338,1.2595627383560258e+190
3339,1.764580614164205e+216
3340,7.810595854195941e+230
3341,3.4720606629211826e+246
3342,3.860570174107999e+280
3343,7.303421637985121e+270
3344,1.631394329626327e+178
3345,4.620483533016719e+245
3346,1.0388074625417851e+282
3347,1.9279207485936212e+287
3348,1.5186036950616328e+216
3349,1.3714421599454997e+285
3350,2.2346418550676016e+273
3351,1.0331231678811043e+224
3352,1.9449840308263222e+258
3353,6.6069626579676964e+289
3354,4.4936745570289353e+198
3355,3.296803596827596e+226
3356,1.9705318177321694e+283
3357,9.690220104477268e+258
3358,1.714778368945802e+260
3359,1.2907360917796263e+273
3360,2.628184370525191e+245
3361,8.652296649736028e+286
3362,4.15177777314286e+229
3363,1.799722651545187e+217
3364,9.282649344562782e+233
3365,4.075829607936952e+280
3366,9.026764566237917e+185
3367,2.8069172451634724e+268
3368,3.823781562703327e+211
3369,3.072762181823523e+257
3370,4.5727042822285506e+288
3371,3.236399995398767e+200
3372,9.148684877494044e+242
3373,4.084364937708826e+218
3374,1.3087918863785481e+270
3375,6.8586375844432315e+252
3376,1.2511914409273029e+265
3377,8.15240404322991e+280
3378,6.604716037351768e+253
3379,1.0295505616780098e+260
3380,1.1137487342968918e+272
3381,5.983966528695752e+225
3382,8.700113151090814e+289
3383,7.677242194616056e+289
3384,3.624717398574355e+237
3385,4.422410649796454e+288
3386,3.685271632210424e+221
3387,2.4483126593946476e+289
3388,1.2516873728836877e+174
3389,2.6632910323727064e+275
3390,1.3398862324430486e+283
3391,4.083252811224792e+288
3392,2.6579564288528612e+250
3393,9.567958724568846e+266
3394,6.680567410358471e+197
3395,2.685669939790022e+253
3396,1.1307489248343032e+275
3397,7.32829610095334e+289
3398,1.3745953279762122e+225
3399,8.634192189875243e+289
3400,8.227583638030222e+289
3401,1.5452942985108644e+261
3402,8.348678631755471e+267
3403,1.1589153355815068e+285
3404,1.7180157712991346e+251
3405,4.556712375150584e+258
3406,5.9810808305642045e+265
3407,1.2604296677089116e+278
3408,8.002250025444888e+262
3409,2.1703746340505824e+287
3410,1.9906429950203462e+186
3411,7.0394471394396e+268
3412,1.7274325689056997e+288
3413,1.66028966799407e+281
3414,1.5305825642343071e+180
3415,6.129955402523756e+237
3416,2.183370567480239e+238
3417,5.694658886405933e+288
3418,3.7490552663334823e+288
3419,5.370699740582967e+226
3420,3.734280741711308e+237
3421,1.7560583686651615e+284
3422,9.613436030195429e+281
3423,3.608942941810678e+239
3424,8.320870412235614e+289
3425,8.641138148278104e+286
3426,1.6479184403617228e+263
3427,1.0633067309139409e+263
3428,6.702891865494529e+227
3429,3.20006440151064e+194
3430,1.0822143867785536e+214
3431,6.354383906226096e+194
3432,8.550550021561059e+259
3433,3.9403899825760735e+212
3434,1.8848163172718787e+185
3435,7.263692841581906e+271
3436,1.2261924262730214e+197
3437,7.437781198966185e+114
3438,7.075310822859069e+258
3439,1.6727365122051562e+176
3440,1.3376663506880876e+220
3441,1.7625793080462294e+249
3442,5.875688669624851e+211
3443,1.398696354251541e+190
3444,1.1037570958714167e+273
3445,1.1472288869093403e+282
3446,6.558080980932118e+284
3447,1.2176964511045654e+282
3448,2.3193809478968615e+224
3449,1.3502248780287776e+217
3450,1.4586713556898184e+239
3451,1.0136204701897528e+202
3452,2.8828566237600743e+270
3453,8.194974888695299e+200
3454,9.202259085634006e+289
3455,1.0968505250791361e+201
3456,1.0235993975172702e+240
3457,1.2143014025887141e+266
3458,6.610008992341913e+258
3459,9.177741082577568e+250
3460,2.25451862138609e+245
3461,1.3918019454429833e+271
3462,2.714869155021347e+229
3463,1.3250010520277023e+282
3464,4.5490564445774774e+287
3465,8.112477260698934e+282
3466,2.728616808647221e+285
3467,2.062114779474337e+286
3468,1.7634504104792924e+289
3469,2.0549307337598746e+273
3470,1.6653750516470843e+287
3471,5.392479333302686e+201
3472,6.981380744128506e+244
3473,1.6383713966488199e+271
3474,7.030723550379777e+260
3475,4.758833084275935e+232
3476,1.1816457545153788e+192
3477,8.983409485448454e+251
3478,4.6918306675882784e+231
3479,4.927366566658573e+289
3480,6.805772893007471e+254
3481,7.419445066618806e+256
3482,5.291825434936721e+269
3483,1.46825018986995e+209
3484,5.599717830307194e+277
3485,1.905458436377256e+199
3486,1.0583603704417366e+284
3487,3.167915652510326e+286
3488,9.585435922704475e+183
3489,2.6640089761802157e+192
3490,6.661254733242765e+216
3491,4.0129054285125536e+183
3492,5.661198799079578e+275
3493,8.826937322752413e+239
3494,7.893859393785499e+252
3495,1.4829292400211676e+266
3496,5.204026818906644e+198
3497,6.0285087905010214e+258
3498,4.276959185043167e+288
3499,1.0693673645435981e+210
3500,3.6382138253913666e+285
3501,7.90534236675111e+186
3502,3.652911747094428e+276
3503,1.2799420942830652e+218
3504,9.397227796454085e+216
3505,7.100736971702088e+241
3506,6.685862549043521e+186
3507,1.01340678355107e+230
3508,9.132112494301511e+289
3509,4.79554900390476e+255
3510,1.4031470337265683e+220
3511,4.43883414585633e+234
3512,1.3724659842919072e+231
3513,1.1126151207070587e+190
3514,1.2584477476030202e+230
3515,3.955321764354197e+213
3516,1.9190403796452895e+247
3517,2.5870209653463185e+246
3518,7.439215888149748e+205
3519,2.5967295090496783e+285
3520,3.6604611603530333e+276
3521,4.0250181581258915e+239
3522,2.476115139240126e+278
3523,5.5053983493422565e+284
3524,4.764305156356139e+183
3525,2.0615981851400875e+254
3526,6.893276780406068e+231
3527,1.0472300890204872e+283
3528,5.501683104722278e+288
3529,3.5677482834009174e+254
3530,3.2603801141728433e+289
3531,1.610038312466477e+256
3532,8.106261139042355e+225
3533,4.104084628856518e+174
3534,5.74045108713731e+223
3535,1.6401094249077084e+247
3536,3.356043186654515e+176
3537,1.3567963119877565e+273
3538,8.386917263874512e+243
3539,4.683449490229998e+273
3540,5.898383629309432e+286
3541,1.8660006766464046e+213
3542,5.6188764286369e+246
3543,1.399848009558905e+256
3544,2.1187428650595813e+194
3545,3.989675878919063e+188
3546,9.184401647485618e+261
3547,5.888870126730257e+183
3548,1.1973805924316341e+283
3549,5.062848200409149e+182
3550,1.2387088889739218e+268
3551,2.4886104081403368e+219
3552,2.4389246444384906e+286
3553,1.0899071106874004e+274
3554,1.0382778127106271e+286
3555,4.356906519698332e+275
3556,2.9491816731117643e+289
3557,1.2472406795645852e+199
3558,3.5376939195001978e+196
3559,9.583809327107537e+287
3560,8.561239377085601e+289
3561,1.674044934775403e+259
3562,1.3221726610072226e+217
3563,1.6150065394465788e+215
3564,7.351798410062249e+247
3565,2.6600987463852336e+175
3566,1.5235642156463752e+227
3567,2.0328768107640965e+203
3568,2.206066059275431e+184
3569,2.92410525836339e+190
3570,8.014964047191655e+289
3571,3.374992407760633e+268
3572,1.3451159961133923e+193
3573,2.8342115914933706e+244
3574,6.287153075878595e+289
3575,2.259489202186071e+186
3576,1.871691910774946e+189
3577,1.7932543511212894e+279
3578,4.9656490313988215e+247
3579,8.993896740678155e+206
3580,4.2574046376833495e+286
3581,1.0467711690856458e+264
3582,1.0824479772996705e+229
3583,4.531553254600515e+274
3584,2.0932920983821604e+217
3585,1.17951659554919e+283
3586,6.486932899735896e+278
3587,3.8846737847654026e+241
3588,4.5936962313499584e+280
3589,5.824968874908971e+274
3590,7.10334441695417e+193
3591,1.261487381005623e+288
3592,8.954850773769882e+249
3593,7.70031342202487e+280
3594,4.312594231177182e+251
3595,2.843745585159731e+285
3596,2.618094159601031e+267
3597,2.9740067607535413e+176
3598,2.6008039313851043e+221
3599,1.7374136821084608e+257
3600,2.644019334623194e+273
3601,3.4868814167151674e+270
3602,7.448080981578772e+277
3603,2.064987721369954e+289
3604,8.964414730157388e+289
3605,1.1342000584959013e+209
3606,4.6070249640432575e+225
3607,6.849888097625448e+233
3608,3.4060369094717575e+288
3609,1.1955366529481116e+201
3610,1.0584369005022952e+285
3611,5.913686607952752e+258
3612,4.768115267473217e+289
3613,1.0530095649996421e+186
3614,7.891040942503054e+208
3615,1.5030567681841862e+191
3616,5.214921186021879e+240
3617,4.394818315602589e+226
3618,6.705047096821224e+289
3619,3.3559484680667494e+200
3620,3.565819042513491e+235
3621,4.151456661871975e+244
3622,4.636700009776773e+248
3623,7.32088501072275e+241
3624,3.7995007640902676e+181
3625,1.6121139067041024e+279
3626,3.631298514458696e+237
3627,2.873052099185539e+204
3628,1.300474567933348e+234
3629,4.9273421473356746e+250
3630,4.1004393721094046e+288
3631,5.792640253452194e+237
3632,6.251046185046364e+289
3633,3.628376918982846e+289
3634,1.031513096247128e+229
3635,2.448856035642046e+243
3636,3.881877312518031e+274
3637,1.0641495021689131e+212
3638,1.4072971900084797e+238
3639,5.723320159291568e+203
3640,5.355054988984155e+288
3641,6.019865184070148e+273
3642,9.113272444366259e+287
3643,7.361387850133217e+262
3644,8.693744743408275e+255
3645,9.724877798923065e+243
3646,2.10110036015573e+256
3647,8.11889785266852e+201
3648,1.282051691848632e+286
3649,4.921307550689551e+289
3650,1.103110519087905e+191
3651,6.486521266181042e+175
3652,1.1399682902697518e+252
3653,4.407186433069514e+287
3654,1.162777249242841e+187
3655,1.2901237978548144e+215
3656,2.8219106892220896e+270
3657,8.706654385659835e+289
3658,8.610311522802585e+244
3659,1.0089228017411674e+280
3660,6.519250954056963e+265
3661,2.2505997227362194e+268
3662,3.5400856295977755e+273
3663,6.7470226898768e+284
3664,9.471660339552982e+244
3665,6.107543932020166e+226
3666,2.736741986226994e+173
3667,2.0614308722947624e+183
3668,2.359483497365377e+282
3669,1.7665077221646513e+226
3670,3.735940330456439e+277
3671,1.2230067486479984e+193
3672,6.036544700712439e+267
3673,1.2463053194478476e+288
3674,4.1140027763976154e+267
3675,2.4371851061574006e+255
3676,7.0884197890501e+229
3677,2.584667633513171e+274
3678,2.527149528781562e+235
3679,7.8948250002134495e+264
3680,7.525869383927275e+212
3681,6.300149182070513e+285
3682,2.914673941905096e+274
3683,1.1073401039137547e+242
3684,6.169539279200978e+257
3685,3.2822878914885158e+286
3686,8.24244047839147e+243
3687,1.055353859205562e+181
3688,2.1730739775888922e+179
3689,1.4709949595622336e+277
3690,1.9347384271437807e+270
3691,8.220028576810949e+223
3692,8.647449569376734e+281
3693,5.574139660559111e+284
3694,2.236748291214251e+232
3695,2.2697580601320762e+286
3696,1.3253443751189807e+286
3697,1.4173517844129074e+286
3698,2.2794878859231202e+251
3699,5.4102248608988926e+191
3700,1.8017190768672428e+266
3701,7.529401585368944e+273
3702,4.296363454529416e+289
3703,1.048308031983296e+280
3704,6.237570603498038e+288
3705,2.9010918623985385e+283
3706,5.873531430556747e+277
3707,7.514738183862396e+285
3708,3.907181273701012e+284
3709,8.866149535567876e+278
3710,1.2781426487259346e+288
3711,5.183547466368264e+238
3712,5.5989681198424163e+278
3713,2.469249930133182e+288
3714,8.845583590519829e+285
3715,3.3908101138369236e+280
3716,6.150989780597514e+221
3717,7.864108965887031e+289
3718,2.675110663660263e+281
3719,2.3931804863817006e+188
3720,1.9451706787157965e+189
3721,1.5838418296217553e+288
3722,1.8511458326886614e+281
3723,3.3384181731069775e+270
3724,1.2315444477590432e+288
3725,3.727504510474392e+246
3726,7.741008646802489e+223
3727,9.762080477690843e+279
3728,1.6055659025554781e+271
3729,9.175246548161189e+289
3730,1.1166241444396847e+240
3731,4.764277216312496e+289
3732,3.936860527196086e+288
3733,9.341779000390584e+275
3734,8.383729780646485e+271
3735,9.024239276630037e+220
3736,1.483857071805936e+283
3737,1.8552692341268723e+201
3738,8.587468004124139e+289
3739,5.047492438685036e+201
3740,1.500819909398917e+266
3741,2.4080841155905225e+239
3742,3.787960122024534e+250
3743,1.5461767963251178e+265
3744,2.585960537021289e+247
3745,7.296769267423281e+192
3746,2.472091805692095e+251
3747,1.2221611019614573e+218
3748,1.6188435295338353e+245
3749,6.734776283796925e+289
3750,7.748148131744895e+252
3751,1.9244168593380265e+219
3752,4.3162871026425084e+284
3753,3.5958850124152014e+195
3754,1.2334896361604184e+188
3755,5.721061517711449e+288
3756,7.464501240396167e+289
3757,1.0957059206366435e+258
3758,4.7539383640372673e+173
3759,2.311131048725988e+281
3760,5.231980662216128e+219
3761,2.3079528863809377e+199
3762,2.505066574327891e+285
3763,4.2470429102242547e+186
3764,3.9686722846817224e+221
3765,2.1825557439252835e+286
3766,7.898738430384564e+289
3767,8.909709544367002e+286
3768,1.5546817720147405e+177
3769,6.56112628220164e+191
3770,5.10615125188421e+249
3771,3.645850875146993e+285
3772,1.484168977751851e+279
3773,7.039442045319161e+244
3774,2.0468304294840968e+231
3775,6.96898583618973e+202
3776,6.101991774495712e+207
3777,7.968263031632897e+177
3778,1.1649166793926307e+286
3779,9.018821283902701e+289
3780,2.6965213054130163e+228
3781,4.940620640016366e+217
3782,6.956619086810196e+278
3783,1.0290937257744988e+214
3784,1.006537965845668e+283
3785,1.6033364421058147e+177
3786,1.045250433095016e+289
3787,4.980284994978746e+282
3788,1.4645167241417063e+284
3789,1.9972119688072666e+256
3790,8.365316817741421e+289
3791,4.119050473207761e+192
3792,2.389505792153994e+185
3793,2.080037888850065e+239
3794,8.59907569967289e+289
3795,4.679200590936859e+281
3796,2.3523697026141382e+272
3797,9.185806917306774e+288
3798,6.139295863181443e+249
3799,8.082726988046234e+286
3800,5.872534820083306e+277
3801,6.694816107293181e+198
3802,7.1913009205901e+234
3803,2.841912470710506e+212
3804,5.135778542420819e+258
3805,6.207987046430229e+214
3806,8.059548571229598e+243
3807,2.5051266665799196e+289
3808,6.31033036759783e+281
3809,7.957773907462305e+196
3810,2.518489153826118e+208
3811,7.396500343252445e+170
3812,4.5508334632441424e+209
3813,5.4865574127592314e+287
3814,5.4327562235414585e+281
3815,1.056016441059253e+221
3816,1.1736770472800696e+266
3817,7.363812050994407e+252
3818,9.739492282959163e+283
3819,5.218135742914083e+277
3820,2.0789049609151246e+266
3821,4.677172761618974e+273
3822,2.3284891918126546e+242
3823,4.8246654598109844e+240
3824,2.0600833294169333e+262
3825,1.3234864073651637e+250
3826,4.478459932951591e+231
3827,3.238204682580841e+277
3828,1.1215921755296269e+222
3829,2.0974840988628786e+285
3830,1.2931553615447382e+288
3831,4.3158301394287106e+272
3832,4.59638086249472e+279
3833,2.206568118613465e+173
3834,7.764157986185156e+249
3835,8.216655403211715e+172
3836,4.0159190123972293e+267
3837,5.509045962255871e+228
3838,1.320086744174542e+230
3839,8.168527972497345e+196
3840,2.018341214860423e+286
3841,1.220276526817885e+222
3842,2.9598878877304018e+259
3843,1.4606212956315256e+288
3844,1.6956318933691445e+259
3845,2.69303124984978e+289
3846,8.303300447616703e+259
3847,3.8603748437589594e+177
3848,6.735325622133227e+288
3849,2.7149306383586743e+193
3850,7.08682745150734e+222
3851,2.734629013890057e+221
3852,6.441084182417882e+270
3853,4.0708291869364044e+288
3854,3.093402011348181e+253
3855,6.545814581088638e+255
3856,1.1516065354490912e+264
3857,1.3805984141898958e+282
3858,3.7396378578325416e+263
3859,1.8957820965509436e+284
3860,1.0085363826511065e+285
3861,2.748114818789238e+277
3862,7.672597230912049e+288
3863,1.406197729761106e+208
3864,1.269528401190794e+184
3865,9.060576843341478e+289
3866,1.6308004160510532e+273
3867,2.4644537682458963e+289
3868,1.7964620839506325e+259
3869,7.022884935441166e+199
3870,4.752860480071499e+182
3871,5.924802218433501e+254
3872,6.481488042434996e+256
3873,3.580968374485418e+247
3874,2.267124744598955e+253
3875,1.3142041747866988e+235
3876,6.157346828899636e+289
3877,2.105713423296175e+289
3878,6.572864078386871e+273
3879,7.627826135531908e+251
3880,1.6163035838579216e+173
3881,4.10477786564773e+212
3882,3.2592561989661906e+197
3883,1.5478209367210338e+236
3884,5.854500343993346e+263
3885,1.971309478426583e+231
3886,7.553355630169826e+289
3887,9.752760874211373e+286
3888,5.879711430461837e+255
3889,2.839536119781712e+282
3890,1.5706815625811524e+280
3891,3.356681888449445e+207
3892,2.4676109327250927e+286
3893,1.517588424256579e+273
3894,7.531900763960477e+239
3895,4.100937787653672e+287
3896,4.212493424134453e+287
3897,3.935478889275737e+244
3898,1.1697074077918056e+283
3899,5.110682561553913e+265
3900,4.283023212966972e+218
3901,4.812415376736141e+289
3902,1.6872182606892254e+161
3903,2.06252626926285e+278
3904,8.082971810762263e+271
3905,6.910178426619281e+244
3906,8.760680048284822e+283
3907,1.4589060183603625e+289
3908,1.779145212557759e+264
3909,2.8791424703494077e+289
3910,5.112616175450429e+273
3911,4.230410457933838e+240
3912,2.8092648706173387e+182
3913,1.380034780202643e+269
3914,7.709811902335283e+223
3915,2.403468511989113e+280
3916,2.1316453812850726e+186
3917,1.0877230940584509e+256
3918,2.8533633629956303e+289
3919,1.081740750084657e+273
3920,1.1346144728745258e+272
3921,5.690337331106772e+262
3922,1.3660445120694272e+228
3923,5.84720543460343e+282
3924,4.6348614082460045e+289
3925,2.1820049577938018e+250
3926,4.260775783433507e+279
3927,6.689439991376055e+261
3928,1.6194412715588367e+284
3929,2.5809262525708968e+287
3930,1.6879625289533818e+254
3931,1.7530183453180224e+226
3932,3.903077773832571e+280
3933,4.0344193781499967e+273
3934,7.035978310391735e+253
3935,1.163515107739094e+236
3936,8.308986585591147e+283
3937,1.1756783649688691e+234
3938,1.6597530677316146e+214
3939,2.6910263834910364e+190
3940,5.0519765136948285e+224
3941,9.658362556691682e+184
3942,1.8189658241365813e+285
3943,3.651328633133493e+253
3944,4.615377481365732e+276
3945,3.1258949107951706e+237
3946,1.2272519425356327e+285
3947,2.7477815793392835e+282
3948,1.3243279005175e+205
3949,1.0977900266978407e+275
3950,9.819848032334228e+186
3951,1.4210228829972604e+223
3952,1.1386807608894813e+284
3953,2.495558854688063e+289
3954,4.277094027821394e+191
3955,1.4486251805400995e+203
3956,5.486415879758453e+242
3957,1.3494923622463172e+174
3958,6.148064992184624e+287
3959,8.382089239486728e+278
3960,3.1670264718525534e+266
3961,1.2418094679283506e+254
3962,1.0728121611149674e+271
3963,8.407075448320208e+285
3964,4.063346266074553e+172
3965,1.8650550325372375e+282
3966,9.716023759064542e+185
3967,1.4197512138872147e+284
3968,1.798646532292463e+284
3969,6.369648936644158e+264
3970,7.335388268880837e+218
3971,2.22326567568087e+192
3972,1.681822793952057e+282
3973,8.014573869219577e+280
3974,4.759235694705124e+287
3975,1.2848149904546703e+246
3976,3.4167760262861887e+218
3977,2.8398167672416906e+271
3978,2.0762208119740374e+289
3979,9.879759701657662e+281
3980,3.080076244100368e+288
3981,8.716359276277797e+196
3982,2.5388386471959635e+286
3983,6.656747758193589e+275
3984,8.057800159666136e+159
3985,7.304414686978311e+289
3986,7.198075004002088e+268
3987,1.778020403845529e+194
3988,8.494714752787807e+276
3989,4.405033033641324e+176
3990,8.686896054558637e+232
3991,6.519388967481016e+287
3992,1.239803846104881e+236
3993,1.0971731429608579e+287
3994,2.8358993273193245e+260
3995,1.2305235816702212e+209
3996,5.797911977731518e+220
3997,7.98695768615792e+194
3998,1.9969001416001386e+174
3999,2.5404833798881065e+265
4000,3.139117566000081e+210
4001,3.4995377440966787e+283
4002,7.102638670521519e+287
4003,3.6301075367137774e+220
4004,5.6907432939275865e+284
4005,1.7178684404884333e+274
4006,8.38926090928537e+238
4007,1.2778084306199438e+201
4008,9.106520896810402e+194
4009,8.871950604100154e+289
4010,1.2929027360936773e+196
4011,1.2753979280227151e+268
4012,9.104694745151424e+289
4013,1.3665957718089215e+275
4014,3.527727318993825e+278
4015,4.778283351870587e+280
4016,5.867618571025505e+281
4017,5.0038479605421786e+209
4018,8.695053017975655e+255
4019,9.355630218818365e+264
4020,8.580063505226975e+245
4021,7.052600138497915e+258
4022,6.935010743388786e+185
4023,3.800980323657044e+215
4024,1.8108935143820008e+235
4025,2.570294708208622e+235
4026,9.110269367521488e+241
4027,1.113709404468067e+260
4028,4.116730170357966e+278
4029,6.255687252459239e+282
4030,1.87244117151934e+159
4031,4.129628072901967e+217
4032,1.867618577378027e+209
4033,2.0912928313148243e+200
4034,8.665340304870222e+178
4035,6.600831711848293e+211
4036,4.781241704183633e+281
4037,2.895778585100753e+286
4038,5.6855230262699274e+252
4039,1.150589515465904e+267
4040,1.0412090005872775e+262
4041,1.5289909752790241e+270
4042,3.513738911870371e+284
4043,1.0980747792256059e+220
4044,3.0970998364545974e+289
4045,4.1350184894403223e+276
4046,5.31013689699116e+266
4047,1.3735748348931e+227
4048,1.649470595690772e+281
4049,2.0819565574128994e+260
4050,3.9898026285485085e+179
4051,8.355950401909264e+238
4052,5.749222752137767e+286
4053,6.25593809203103e+225
4054,3.8313400578650914e+277
4055,2.5095623136314453e+237
4056,9.402365605562539e+286
4057,5.030666208810313e+286
4058,1.1048604278854652e+264
4059,7.314782119078951e+262
4060,2.4531370120501927e+235
4061,1.5808213889504292e+270
4062,3.611980564136664e+270
4063,1.6972805890090763e+263
4064,1.4476437751739583e+284
4065,1.401272730056852e+175
4066,2.521961855091096e+262
4067,4.755149381605542e+242
4068,1.1752563239447144e+184
4069,1.9176217648860543e+214
4070,3.6847405093323436e+203
4071,4.396745263495334e+272
4072,1.928762076544258e+274
4073,3.25433792287304e+264
4074,1.0873543511486026e+204
4075,1.8278830613363616e+277
4076,5.634978243831299e+195
4077,1.763533138538698e+253
4078,7.08715061886524e+270
4079,6.680080047646653e+287
4080,1.6857722839310762e+219
4081,1.329125398252277e+279
4082,5.351252978625636e+273
4083,7.384700889891811e+266
4084,2.692982865170059e+105
4085,1.0644735792305218e+288
4086,4.420572939401413e+289
4087,7.037216733907925e+250
4088,1.8475829546676962e+289
4089,1.883576716132636e+216
4090,6.8551928724453665e+211
4091,9.645455814398561e+185
4092,5.652802378353795e+227
4093,1.0021480941295448e+261
4094,5.717471015799185e+288
4095,7.267177091222153e+241
4096,3.726907138539057e+247
4097,2.4884728442737898e+207
4098,6.1381284752058964e+283
4099,1.8804279714782722e+257
4100,1.7480441481268781e+280
4101,3.8823543521886176e+288
4102,7.132500176158938e+287
4103,1.195440224427378e+212
4104,1.6388524828415583e+222
4105,6.152282366275797e+267
4106,2.966169310123814e+289
4107,2.3568763640632595e+289
4108,9.896563992926725e+200
4109,7.415981016672453e+244
4110,1.0875668607927133e+282
4111,7.970713973404354e+228
4112,6.946609382667123e+288
4113,4.166921901866572e+204
4114,1.2003588888743816e+274
4115,1.8511295664899258e+212
4116,1.1302279187572038e+288
4117,3.274291588896633e+245
4118,3.142248533696599e+284
4119,1.486080490381673e+272
4120,2.513765268285918e+282
4121,2.0764324030827395e+248
4122,4.604517334916571e+183
4123,1.0688096771885539e+250
4124,2.494944941973692e+208
4125,2.517492662831657e+182
4126,2.4405727266051678e+203
4127,5.089299488740935e+256
4128,5.602939471599892e+278
4129,1.3120011048785522e+236
4130,5.892547317642062e+268
4131,1.1007463950912385e+231
4132,6.886966931934382e+191
4133,3.2562197238301706e+206
4134,4.495131658902403e+281
4135,7.540992581900557e+289
4136,1.0729883843681315e+261
4137,4.148301687386403e+278
4138,1.1036535197466673e+289
4139,1.9957012681332347e+286
4140,1.5578379964830163e+247
4141,2.6706453895965775e+283
4142,4.460882086859031e+289
4143,4.37240350529461e+274
4144,2.720338119689233e+224
4145,8.174479486033797e+286
4146,2.5370971896056407e+223
4147,2.9353920276154453e+288
4148,9.278284594733354e+280
4149,3.9831398968909415e+286
4150,3.933845594477727e+223
4151,3.534144475863425e+176
4152,5.263815475082742e+189
4153,2.644797355016228e+211
4154,3.5823734630571475e+250
4155,2.4038590349486717e+221
4156,1.343917980735041e+231
4157,2.0843378632401945e+236
4158,3.235324756438507e+289
4159,2.815004124287607e+174
4160,4.043812960866701e+192
4161,1.2280260969667676e+260
4162,3.655441969462881e+255
4163,1.881712592196517e+182
4164,4.346028436729442e+289
4165,2.3149945732938153e+276
4166,3.2094424594307572e+286
4167,2.3384460489860273e+206
4168,2.3318296056636977e+222
4169,4.0126891894371014e+247
4170,4.710469922290302e+284
4171,5.826492410993324e+248
4172,6.105493997737693e+261
4173,2.001763345006263e+289
4174,3.098998052567566e+186
4175,1.869652810993968e+214
4176,1.8091984256753e+271
4177,1.542035096308563e+267
4178,6.534767513257305e+180
4179,5.346731384460859e+224
4180,4.4575041420717484e+240
4181,9.988495672866625e+276
4182,1.2612896004443435e+236
4183,8.18115505958159e+289
4184,1.2562595751182938e+289
4185,1.1242995099414054e+218
4186,5.724904001292197e+216
4187,1.1603031228970625e+217
4188,5.596612137392824e+285
4189,2.1214144533414055e+279
4190,4.644111764762834e+247
4191,9.187790482428063e+189
4192,1.7604265132092847e+231
4193,2.483299878586256e+282
4194,1.5488122423920686e+226
4195,3.674186863723702e+268
4196,8.953577811810568e+234
4197,3.420683676423421e+284
4198,4.5970711303750514e+219
4199,3.850968904448873e+278
4200,1.1540092317126241e+285
4201,2.0254342323434212e+269
4202,2.91521917151176e+278
4203,8.840298707294894e+289
4204,1.4257222542151758e+248
4205,3.0805358702028075e+236
4206,9.372162169753946e+262
4207,4.799562949335332e+183
4208,9.052424608703363e+237
4209,1.8734549681514138e+265
4210,4.1304754646162554e+269
4211,7.280282646024215e+259
4212,3.876310490544952e+224
4213,1.2938827381054026e+220
4214,1.7418853289256608e+286
4215,7.827197945877333e+233
4216,2.908161585076351e+228
4217,1.1707478537880792e+283
4218,8.458930492688015e+174
4219,1.2559975291559808e+222
4220,3.744019789301478e+286
4221,4.9357463803815916e+275
4222,3.551739246124152e+191
4223,3.1920257723000177e+237
4224,1.3440656763114664e+240
4225,8.168921198667329e+257
4226,1.0713193910081195e+263
4227,8.90915336102963e+254
4228,1.5418131823784247e+285
4229,2.479947735266018e+263
4230,7.032963920711831e+257
4231,9.452237898642217e+201
4232,3.333042453434948e+278
4233,8.748632506703524e+282
4234,2.489950423168447e+197
4235,2.27181448829807e+245
4236,2.8782226660467616e+224
4237,9.848386518895102e+183
4238,2.4015302300023566e+252
4239,4.7074914514450166e+243
4240,7.547445931247268e+231
4241,3.011059397469267e+282
4242,5.771323374191887e+224
4243,1.041836990652103e+240
4244,1.457677160175924e+173
4245,1.6129133696666382e+287
4246,4.128802933636926e+175
4247,5.446605682382848e+260
4248,1.2222988587464904e+242
4249,1.6650292942751366e+261
4250,1.2670640996419756e+259
4251,8.536090101593897e+272
4252,4.654547695981277e+257
4253,6.52609402041477e+253
4254,1.5201036564958787e+260
4255,3.784977448340707e+286
4256,9.805007472435446e+276
4257,1.2360153644374174e+285
4258,1.7728775176041143e+249
4259,8.26936793668282e+286
4260,1.2321866370606817e+187
4261,6.0798873195314775e+199
4262,5.953964549758208e+238
4263,3.4858500085168016e+289
4264,5.459338887744496e+250
4265,2.0120328337433787e+211
4266,1.0309178317810379e+229
4267,3.3174812171293317e+288
4268,6.437901409294944e+211
4269,9.23566872383859e+177
4270,8.729500356835972e+289
4271,6.799282896231494e+269
4272,3.552108347419423e+181
4273,1.2108343205248584e+263
4274,7.919548297602243e+199
4275,3.873141481846249e+229
4276,7.78179852041659e+121
4277,3.4867263498018766e+199
4278,4.050751449092698e+272
4279,1.0399579579490911e+288
4280,1.0869549648245649e+287
4281,6.755244113102792e+230
4282,6.113691469289465e+268
4283,1.0542243511156832e+151
4284,6.965833777560764e+283
4285,3.4019932169857475e+283
4286,1.691740268351553e+285
4287,2.334633995210082e+180
4288,2.2168067362850745e+274
4289,3.38451515097601e+211
4290,1.310560573145897e+288
4291,1.0011782397128778e+226
4292,1.0034534147769973e+284
4293,1.363201585795329e+186
4294,3.0341024548587467e+280
4295,2.6365011907152877e+246
4296,1.8175733189624351e+258
4297,7.224904029840894e+285
4298,4.142659875995931e+289
4299,5.788939905175836e+258
4300,2.0783109328877487e+283
4301,2.916274512711335e+250
4302,3.255954024036836e+235
4303,9.502970636652758e+268
4304,9.062069538279975e+176
4305,2.034361517199454e+244
4306,1.3313057385066151e+201
4307,1.440632002161766e+254
4308,9.64225636947797e+286
4309,4.835779656194428e+246
4310,6.708114962651017e+277
4311,5.5664518156101986e+284
4312,1.210043589032775e+177
4313,1.1496707262907836e+204
4314,9.132393555347471e+285
4315,4.8585656802970263e+281
4316,2.538301253058959e+289
4317,2.5765290470195475e+235
4318,2.908283719626052e+274
4319,1.3902650050462035e+200
4320,1.8032859873592585e+242
4321,5.423958336081768e+210
4322,1.027469422062984e+268
4323,4.7631470943349075e+286
4324,3.738511530852743e+241
4325,9.719757052130356e+288
4326,2.0794937482905934e+253
4327,4.473251746729555e+255
4328,1.5171345927995743e+205
4329,2.4382832468784817e+271
4330,4.2689796203731956e+283
4331,1.8007425521061263e+262
4332,2.653988990834457e+289
4333,1.8042463134455938e+288
4334,1.0817181326030334e+193
4335,2.268153893786412e+196
4336,4.6489544597778495e+272
4337,7.1767700619930635e+289
4338,1.8281870609158785e+253
4339,1.1120398360471084e+183
4340,1.3280959354425363e+248
4341,3.982946440924748e+175
4342,1.87141736632193e+274
4343,2.4947325684714352e+188
4344,2.6212319883504388e+259
4345,1.5408070451858818e+233
4346,1.8387400900915648e+225
4347,3.00790157098095e+199
4348,1.0556253867553286e+240
4349,9.36041690928559e+204
4350,4.3534932822972464e+252
4351,6.141215004068271e+289
4352,1.6084331545749176e+221
4353,1.0175728711474757e+186
4354,3.2102442070454615e+270
4355,4.7894024569262725e+252
4356,9.695888820946698e+276
4357,2.021514333942132e+233
4358,8.069731024536973e+244
4359,1.8563368946274167e+225
4360,6.105500037021269e+236
4361,2.6636954627298897e+192
4362,2.698080825589899e+192
4363,2.4841428909882305e+196
4364,1.6068959818426165e+229
4365,5.225385242782856e+232
4366,3.339622031822915e+216
4367,1.374783709582401e+257
4368,2.0274022485845044e+207
4369,1.549618146403007e+241
4370,1.2240827763114022e+166
4371,6.876841143436808e+219
4372,3.175598650214264e+193
4373,5.5198446333550104e+274
4374,5.3874321942788014e+215
4375,6.382169627959735e+192
4376,5.307821198253571e+202
4377,3.1496099436372765e+280
4378,1.0291540574596419e+272
4379,1.4559924956188178e+207
4380,5.595240461828506e+202
4381,1.3506919251752935e+251
4382,5.710176327297521e+271
4383,2.454555632025602e+287
4384,7.874164671394085e+273
4385,1.0999078378772067e+287
4386,2.651305863827758e+216
4387,1.9603887233931634e+279
4388,3.0608287159545928e+277
4389,1.4992571583188405e+247
4390,1.0798457799295111e+264
4391,3.176562966438703e+265
4392,2.2919433045639083e+253
4393,1.9708035745920418e+263
4394,2.588415814991862e+288
4395,3.142268453828484e+282
4396,6.542984907347756e+278
4397,2.600944974893576e+247
4398,1.6189638874302926e+265
4399,3.774262518453786e+274
4400,1.2863784404180462e+281
4401,1.869635756823823e+207
4402,2.138470619322705e+264
4403,5.788338910287201e+239
4404,4.126720880445333e+289
4405,2.3585317607424804e+224
4406,1.588309499631922e+247
4407,4.605655606089836e+228
4408,4.104038539465951e+246
4409,8.150989946820122e+289
4410,5.209458232222675e+264
4411,3.005671101036109e+219
4412,1.994467801136631e+205
4413,4.325720501353994e+253
4414,6.031960823120915e+281
4415,5.831621082276626e+282
4416,1.4547527758684082e+270
4417,8.507694001218218e+236
4418,4.1093435958327244e+245
4419,4.942026641632682e+236
4420,2.0571740163513204e+287
4421,7.074231818294112e+247
4422,1.3063843105821905e+221
4423,7.140994484577221e+268
4424,8.917644242392068e+289
4425,3.626993832190459e+253
4426,9.287239401661995e+266
4427,1.5798447285462236e+259
4428,2.287937713120702e+192
4429,1.0739638071307739e+218
4430,5.1771217376444406e+212
4431,6.56460574217842e+271
4432,1.0920762782826327e+185
4433,1.3161565872485673e+253
4434,9.739167022546334e+223
4435,1.2857343688974324e+230
4436,5.985787907916137e+184
4437,1.041883050732698e+222
4438,2.592159720741311e+234
4439,1.765154103594212e+257
4440,1.449792550884938e+223
4441,8.530654777204911e+227
4442,2.6789492214615538e+284
4443,8.339485870087553e+229
4444,3.4063800201505837e+280
4445,1.9278315862772137e+215
4446,7.29714146966258e+231
4447,1.6291699427377973e+245
4448,9.208889438585905e+189
4449,4.3831446203228777e+285
4450,3.056460211521643e+277
4451,3.6275935963857417e+196
4452,3.076263117344996e+287
4453,3.400819411912218e+278
4454,1.13991576750364e+237
4455,1.4747481954480597e+286
4456,8.010479020938488e+278
4457,7.484031700146576e+286
4458,1.3056655481039309e+232
4459,4.7746926892761004e+288
4460,1.423031524588111e+207
4461,8.581077626555179e+229
4462,1.094600304081341e+188
4463,2.3259403785509198e+212
4464,9.432787297695716e+268
4465,6.433914852213513e+208
4466,9.690653843991688e+268
4467,1.9789064243994775e+225
4468,1.02945625344456e+270
4469,3.124671256454597e+253
4470,7.617333221445004e+255
4471,7.046960997121503e+201
4472,1.6459680200911353e+269
4473,4.178742131789023e+289
4474,5.47588278295201e+227
4475,8.187701643307604e+289
4476,7.837607743850742e+210
4477,1.3086994334702708e+249
4478,4.247964385579001e+214
4479,3.060737879483311e+248
4480,1.209387316651913e+205
4481,1.0983628621207173e+181
4482,2.5494671720815693e+231
4483,3.923320493791565e+189
4484,1.7839101524664057e+280
4485,4.260783518637325e+242
4486,1.0508004825918485e+276
4487,5.585771460952187e+220
4488,1.0546847942263356e+174
4489,7.75033198759769e+258
4490,6.126840841113736e+263
4491,4.74918665901918e+288
4492,1.3048605611757323e+289
4493,2.73404133519074e+261
4494,1.134001286371443e+260
4495,1.773643558019757e+173
4496,1.1115246824100422e+262
4497,2.1521296934624745e+288
4498,1.7523316147385594e+260
4499,5.4511955492608207e+278
4500,7.704167473799585e+289
4501,2.8090425051205564e+211
4502,3.036735497304968e+191
4503,3.007352751977245e+188
4504,1.1390375404596588e+174
4505,6.663246505653898e+251
4506,1.0102023824498935e+220
4507,8.287915281692306e+289
4508,6.139593727782003e+285
4509,1.1933220986421709e+178
4510,1.0125882622290358e+268
4511,2.1432614161060056e+258
4512,6.355746509499153e+252
4513,4.684631789836049e+286
4514,9.205243571814167e+201
4515,3.014361314278828e+277
4516,7.532585807625719e+285
4517,1.796872883113239e+265
4518,6.135421901904952e+289
4519,6.179917153002947e+192
4520,4.853160951439757e+196
4521,3.013398191111928e+258
4522,9.114096141687677e+289
4523,8.214479889051916e+265
4524,1.6038139977163362e+230
4525,6.911900150782469e+192
4526,7.1649954942559025e+286
4527,8.295864619941188e+191
4528,9.05928430772339e+189
4529,3.629463297755004e+258
4530,1.0312608180542137e+287
4531,3.82941789628625e+177
4532,6.062211550826719e+280
4533,1.1308789206601503e+271
4534,7.535981407616695e+230
4535,1.2112279792710966e+238
4536,5.874301537413165e+289
4537,6.064072232715441e+280
4538,1.3984438519334375e+281
4539,3.4556116231351135e+201
4540,4.244759371365057e+244
4541,5.595792445111046e+197
4542,1.0327248750391476e+230
4543,1.394439322890191e+226
4544,2.7280834583022915e+214
4545,8.592767762139294e+289
4546,7.486979378690753e+288
4547,1.803773791866107e+257
4548,1.2365092843380453e+192
4549,4.261999272021499e+256
4550,5.943852433133372e+212
4551,5.823420306171599e+210
4552,1.2281831503063593e+266
4553,8.068260597657281e+274
4554,3.8361110798423597e+289
4555,2.599242221838554e+192
4556,1.5618842621438473e+288
4557,1.8839871607607932e+275
4558,4.812855716546658e+247
4559,3.7864237461908986e+245
4560,2.8151205797713085e+287
4561,8.82468415690954e+289
4562,1.3573164135268172e+209
4563,2.0408279877209574e+205
4564,4.1740504898391855e+260
4565,1.146554592583892e+286
4566,1.3197183506131528e+289
4567,4.3198269670253146e+237
4568,3.705427055931593e+181
4569,1.0899442574359109e+275
4570,7.761859998920886e+275
4571,2.5757945176299774e+187
4572,2.6409477284553204e+240
4573,5.28114870085233e+199
4574,1.9646007142971837e+233
4575,2.555785291443802e+257
4576,2.1078142004720173e+272
4577,6.478231441865036e+262
4578,6.497298594406015e+268
4579,2.6482830318392065e+210
4580,1.569432328782162e+253
4581,4.9752963460230974e+241
4582,1.8711617089166016e+266
4583,2.4988180523278218e+284
4584,1.0655998702062911e+242
4585,1.070575591805605e+289
4586,3.062622403493547e+208
4587,1.9702851531437216e+258
4588,3.5702244201649725e+182
4589,1.977048761812315e+199
4590,1.1197432258884269e+235
4591,8.6928670883998e+289
4592,2.4392718460686264e+210
4593,1.8821880174731738e+289
4594,3.862357110827674e+209
4595,1.8786059524070072e+264
4596,7.913114600806425e+289
4597,6.484103896991138e+199
4598,6.182963225987953e+236
4599,1.3379788223359423e+259
4600,1.2521164020579853e+205
4601,3.3794945557846125e+289
4602,3.4291275757755026e+288
4603,6.309426943202191e+281
4604,6.265808904187336e+264
4605,5.972970029498222e+279
4606,6.1046767329384556e+264
4607,4.431027339334546e+179
4608,4.4295291743895416e+279
4609,7.396146979193181e+230
4610,7.234436902345513e+289
4611,8.423658559681657e+200
4612,1.5518049925031597e+289
4613,6.308958446218212e+287
4614,5.295944530524518e+282
4615,4.6763070859460327e+275
4616,2.5070454805399286e+269
4617,2.336842564396299e+178
4618,8.309141307505738e+241
4619,1.16314027529589e+286
4620,5.859244712181087e+286
4621,4.17187355611624e+208
4622,2.7714138759224526e+265
4623,2.8285167382713043e+273
4624,4.4552024946022126e+268
4625,4.1937196059020407e+247
4626,1.3358041174567993e+243
4627,1.625430166313687e+289
4628,3.25885142478406e+242
4629,9.219744650410808e+289
4630,2.0617573347623067e+263
4631,2.2469908087553492e+285
4632,6.39453244236533e+247
4633,8.05403205088216e+204
4634,1.8041067708366135e+278
4635,2.252409023229871e+281
4636,3.920647767898933e+228
4637,4.899058512468797e+212
4638,6.6195754270414346e+283
4639,6.3755898341842385e+289
4640,3.12845205984746e+286
4641,1.7101663801816917e+287
4642,4.721025800135339e+289
4643,1.3261399083904688e+289
4644,5.234305131127224e+217
4645,5.869772171283436e+194
4646,8.573773239218602e+202
4647,4.6144164425274797e+281
4648,2.550493542217379e+226
4649,6.036097434581231e+240
4650,1.5575552647674332e+193
4651,3.264305787505342e+275
4652,6.499802088446009e+234
4653,5.228598154219886e+176
4654,6.628837920931644e+250
4655,4.227235481298392e+175
4656,1.5400183804107436e+176
4657,3.889781537015698e+210
4658,5.881491454211383e+256
4659,7.3134065555383e+262
4660,8.214730287236027e+262
4661,5.333003726971003e+244
4662,6.820625772538823e+276
4663,4.860607981447462e+286
4664,2.3477424192691233e+288
4665,2.240607146472424e+288
4666,3.333667168938927e+217
4667,4.002148038415872e+277
4668,4.043166410199836e+257
4669,9.670868272996792e+241
4670,1.4909070691356056e+45
4671,9.548950574303738e+187
4672,2.5270485877763565e+250
4673,2.634617712971217e+173
4674,1.444203398494946e+280
4675,8.480838191809098e+164
4676,1.3271311999226624e+208
4677,3.78108176831468e+243
4678,1.5420711184134625e+203
4679,2.462197220631088e+283
4680,5.28741413664523e+252
4681,2.0862632791897346e+261
4682,2.101309072191102e+287
4683,3.0775559683335368e+265
4684,4.236653483492553e+208
4685,1.142647398720957e+162
4686,2.0044341919038315e+260
4687,3.8422506336161664e+185
4688,6.635698144990226e+188
4689,1.8300692117509377e+289
4690,1.2479715914668638e+184
4691,5.1061479470693534e+265
4692,3.2811545902379675e+270
4693,2.224774112247363e+285
4694,6.042693094756452e+281
4695,1.1644545501868623e+261
4696,2.015402710137824e+282
4697,1.3005033582121473e+174
4698,3.3005919342490087e+182
4699,5.5010015286763915e+265
4700,4.47044922333062e+286
4701,3.301639987621564e+269
4702,1.3070109787668244e+208
4703,3.8073491741580455e+287
4704,1.8091321172023276e+285
4705,1.2817334871808217e+288
4706,2.667173359121882e+144
4707,5.620224249709102e+262
4708,1.2654650382026858e+281
4709,5.897000413460794e+285
4710,7.137401108558365e+289
4711,1.464014738333831e+266
4712,1.4663439111604575e+272
4713,1.7892584940641712e+179
4714,1.4308782932371835e+253
4715,4.614759414141655e+288
4716,1.857714431604105e+249
4717,5.8895112561214406e+259
4718,1.718670347514372e+288
4719,2.0036916293144067e+275
4720,1.106489845349731e+288
4721,2.7599116533464692e+281
4722,1.0513286739506601e+286
4723,1.1362265928962371e+241
4724,3.859553015357005e+286
4725,4.640721575906455e+249
4726,5.340323363146555e+261
4727,2.446980680557546e+205
4728,1.3135054306904135e+266
4729,3.832531861452836e+236
4730,1.2396383643524777e+288
4731,3.3237735299007542e+208
4732,7.456917644616861e+289
4733,1.3323647962587344e+212
4734,8.289800256775163e+289
4735,1.2992228099058082e+182
4736,2.1670318605854862e+189
4737,2.4267265624961775e+239
4738,2.8127503097149984e+289
4739,1.0122542614512775e+261
4740,1.2528244405842275e+277
4741,2.5570529160167048e+182
4742,8.744260083852033e+249
4743,1.3512853073286947e+243
4744,5.2786760386046453e+222
4745,4.99428759607106e+222
4746,1.4824978281244288e+268
4747,2.511435655850295e+197
4748,8.855641709952117e+260
4749,3.934767251958798e+199
4750,1.5560248495073513e+182
4751,7.741689030228569e+219
4752,3.9266328200914367e+102
4753,2.4257406278387355e+271
4754,2.8054883753424816e+215
4755,1.4180231915856568e+175
4756,5.2463928898393264e+286
4757,3.517549561589542e+212
4758,5.014664777724509e+280
4759,9.429926895463121e+260
4760,1.1473471813976769e+288
4761,2.6954243052815127e+284
4762,1.34038807431245e+174
4763,7.187265082480986e+285
4764,1.0751026803320577e+278
4765,5.514179061553568e+274
4766,1.0663072966927463e+265
4767,1.2399128747482147e+261
4768,4.248863161875055e+289
4769,1.8034416878983056e+209
4770,3.2059652585218026e+260
4771,4.755065529529507e+279
4772,1.152663786268468e+201
4773,4.989530912672271e+288
4774,6.8840209424682705e+218
4775,1.8045588022218548e+288
4776,1.828551935142996e+185
4777,9.185098741930278e+248
4778,4.538737333403691e+252
4779,4.60026595818235e+175
4780,3.2973681054515486e+207
4781,2.3624154270376983e+184
4782,1.1462905559141111e+270
4783,3.154288499617681e+242
4784,6.632199301444047e+178
4785,6.266211203374061e+273
4786,4.424770274153453e+289
4787,1.4160263115350816e+259
4788,6.937781848643056e+176
4789,2.3206569421330067e+214
4790,1.0115359782915672e+288
4791,2.064368588270871e+208
4792,1.6406694388441407e+289
4793,4.9206476490191615e+200
4794,4.295721680649868e+191
4795,1.4554361956650893e+183
4796,1.5275343959560346e+280
4797,1.5428235821154555e+289
4798,4.264144498435749e+289
4799,2.794995104194653e+177
4800,8.798193388794253e+281
4801,6.479105611774015e+207
4802,3.160147344197898e+244
4803,2.275983648491462e+232
4804,1.3653653563533442e+286
4805,8.439582155818232e+285
4806,4.548168229747586e+187
4807,7.500362656842893e+288
4808,4.940675236009605e+269
4809,4.864660753364505e+248
4810,8.091269962035415e+217
4811,1.3667896258068599e+278
4812,2.1994366892647527e+260
4813,1.438936034028166e+223
4814,7.6141364604319926e+289
4815,5.721269439920915e+236
4816,1.651467090075276e+220
4817,1.2523778193762673e+223
4818,6.921603953654573e+213
4819,8.416377725972171e+185
4820,1.9098905736060162e+215
4821,2.109411336129956e+257
4822,2.948101269115057e+288
4823,4.6404072795771436e+221
4824,2.225729387780062e+173
4825,1.706142310977423e+239
4826,1.3451198350716565e+198
4827,1.70952018398721e+223
4828,1.595529781418473e+229
4829,1.0248967426376841e+285
4830,1.251344892449513e+289
4831,4.95648322548106e+278
4832,2.166558434196894e+281
4833,4.595658998303468e+286
4834,4.1315426412067064e+182
4835,1.9678927696270595e+275
4836,2.758893628202512e+228
4837,1.289172539930551e+269
4838,9.601102530512683e+233
4839,4.840302127306961e+289
4840,5.73441785928516e+180
4841,3.922976427705991e+238
4842,9.21750072979141e+289
4843,1.3136840180828808e+266
4844,2.1549685348837e+223
4845,1.8949680207157709e+285
4846,9.21936228365376e+288
4847,2.9888370233304424e+256
4848,8.43486127744834e+262
4849,2.1137546785626174e+180
4850,1.9748533034967418e+257
4851,5.802916559867613e+196
4852,1.9456741554008877e+248
4853,9.072743752900164e+289
4854,3.2807187748375014e+211
4855,8.184709246180756e+238
4856,1.6112415534215294e+247
4857,3.7676928554117653e+251
4858,6.365769019388096e+190
4859,5.831708400044348e+206
4860,5.400053927486542e+261
4861,1.536533070932663e+279
4862,2.672205149069779e+245
4863,1.0020728937496453e+240
4864,7.727057390108682e+224
4865,3.1987587713697033e+280
4866,1.5067938189369663e+284
4867,1.383301587913062e+282
4868,5.351200865860793e+288
4869,6.062524067407038e+289
4870,6.354972158807651e+253
4871,8.94490791534437e+203
4872,3.6421642053407366e+173
4873,1.9838199804829389e+245
4874,1.9717414451679295e+289
4875,8.404269873381051e+279
4876,3.2927279189703967e+246
4877,2.0627688515171086e+214
4878,1.498852931704916e+173
4879,7.365923722093134e+238
4880,3.4176416268596202e+249
4881,7.841469682091238e+245
4882,3.7602308837511244e+286
4883,3.634200289517543e+267
4884,4.400482471269626e+281
4885,6.852840105483108e+285
4886,7.335052059936809e+250
4887,5.495758710303254e+182
4888,3.8904527920669036e+265
4889,3.939607746238912e+181
4890,3.431698983431504e+283
4891,9.467338286746654e+254
4892,4.327501742581496e+215
4893,3.8770061726786756e+288
4894,5.857509052168127e+227
4895,1.1891494064227937e+193
4896,2.796997076405066e+257
4897,2.769035571861102e+256
4898,1.8614541509069633e+237
4899,8.44898880803045e+224
4900,3.238981585247528e+275
4901,1.8228715299721132e+195
4902,2.309195430381635e+281
4903,9.274395729927867e+182
4904,2.4745569938091658e+197
4905,5.827478294994972e+279
4906,1.1403089347460815e+213
4907,5.9496009177009905e+283
4908,3.99895456514711e+212
4909,1.0527685005192027e+234
4910,5.325993805492596e+253
4911,1.6106982027101366e+287
4912,7.091377749207984e+190
4913,1.934415965375861e+286
4914,7.173985914334784e+289
4915,8.452966230407276e+283
4916,1.5568503317695902e+236
4917,3.9743145651052967e+229
4918,1.7419069940678806e+281
4919,1.1528092231264335e+215
4920,8.629585273398012e+226
4921,5.248279842521814e+251
4922,5.787696049195501e+276
4923,5.130094122157028e+185
4924,1.790491541782454e+215
4925,2.6559189791609183e+289
4926,5.710646097110256e+226
4927,3.8685572406065474e+193
4928,9.125577952811668e+210
4929,1.5738789744844247e+245
4930,2.291177384950759e+174
4931,2.210311892285045e+273
4932,2.694662147262945e+223
4933,2.642207633755533e+271
4934,2.810966191095115e+274
4935,1.609809820735101e+284
4936,2.955173415500808e+250
4937,4.930488092492032e+212
4938,1.4769240119462126e+288
4939,1.3118831385214545e+263
4940,4.203888065119898e+243
4941,1.7154976343243185e+289
4942,1.5475625531318403e+242
4943,2.0159952521175635e+288
4944,1.382221958316603e+262
4945,1.9695796053530546e+267
4946,7.387124546116524e+289
4947,7.629103522732141e+284
4948,6.070369748408645e+254
4949,3.416012103577103e+235
4950,7.362768134991263e+254
4951,1.841430783511295e+288
4952,5.215134334071141e+259
4953,4.028322737304888e+265
4954,1.0994068362245632e+254
4955,1.9430082146453176e+247
4956,5.472925119495857e+289
4957,6.264385498356733e+289
4958,3.617962303628952e+278
4959,6.160821380307265e+286
4960,3.487972921460661e+273
4961,6.203524684741131e+275
4962,6.778423853582468e+280
4963,4.9292004339813713e+216
4964,2.966463094102764e+187
4965,4.194254823245526e+201
4966,2.0452713972664627e+280
4967,3.054842578200749e+285
4968,3.3060952808868816e+258
4969,2.2363801771593677e+183
4970,2.801809617884982e+234
4971,1.1859055461874358e+256
4972,8.797488982944239e+280
4973,2.5119516863913797e+266
4974,4.5333846951397105e+287
4975,2.695457638878463e+287
4976,1.1599273379952602e+289
4977,1.228265167434885e+258
4978,2.4101341563635327e+139
4979,5.440416483096493e+197
4980,1.5174831811297435e+238
4981,3.81585218001972e+280
4982,6.800330640598865e+244
4983,7.822643746393873e+230
4984,9.948721092701429e+235
4985,3.1241437557893665e+249
4986,4.923860414197604e+201
4987,7.468657445380236e+179
4988,7.621499407959875e+163
4989,1.4793132227333855e+247
4990,1.1379035704491244e+274
4991,2.2129495106543176e+288
4992,1.2834223724667075e+283
4993,2.196071480791298e+289
4994,3.476592225967913e+289
4995,2.5500061561946887e+215
4996,3.2209484488166724e+175
4997,2.1492105279453364e+259
4998,5.216040712454844e+284
4999,1.69073811092872e+232
5000,2.382057382671036e+248
5001,1.8011644068527833e+192
5002,2.456679045668862e+192
5003,3.32252155736306e+281
5004,7.594086484536535e+285
5005,2.454304315494361e+182
5006,3.1075589423458446e+284
5007,1.6837634718385625e+176
5008,2.5334215462187284e+289
5009,8.132057561372963e+254
5010,1.2281220107842288e+287
5011,4.089558222960187e+205
5012,7.1502305310895275e+270
5013,1.981403323608902e+175
5014,7.812999864973472e+170
5015,2.0501807345134977e+256
5016,9.639926892263962e+199
5017,1.0026736316543187e+182
5018,2.2658975909887955e+282
5019,5.774324828408249e+187
5020,7.095151090214677e+289
5021,1.4199135124232389e+289
5022,2.3609055061924034e+211
5023,7.484670067479753e+289
5024,5.585218920329351e+211
5025,3.075285381183374e+257
5026,4.840636311029612e+267
5027,2.6520288293876634e+174
5028,8.058714993950044e+244
5029,4.628711829578058e+202
5030,4.627973581885167e+283
5031,3.663285478728086e+260
5032,4.073838889707434e+286
5033,4.6199137105931805e+177
5034,9.209545635043892e+289
5035,5.3840138578691693e+275
5036,7.309127528766682e+228
5037,1.8612244740991666e+271
5038,1.4288775844611245e+215
5039,6.718323041653312e+284
5040,2.0572749363937593e+190
5041,2.523533084953444e+191
5042,1.389149078167166e+286
5043,3.55751054757302e+252
5044,1.2467931262975174e+234
5045,7.071938265112287e+284
5046,6.795072676202234e+274
5047,4.300868212276224e+182
5048,5.3917503092425644e+216
5049,3.2968360441218215e+253
5050,1.8163591337265511e+198
5051,2.9992554903704295e+289
5052,5.379755498242591e+264
5053,1.497149735173661e+215
5054,3.8030511419948044e+285
5055,3.2065554710866564e+289
5056,3.8844529597311295e+285
5057,6.4140714237655395e+202
5058,4.338554404290215e+288
5059,3.1459530635567004e+228
5060,3.673208903315462e+233
5061,2.1343934851405152e+282
5062,8.433449735709123e+209
5063,1.0741160397687916e+279
5064,7.387777986481483e+280
5065,1.0114064472856672e+220
5066,3.3636897012470076e+289
5067,1.1087290962277688e+174
5068,1.2922615862018186e+286
5069,2.4271432992779397e+251
5070,5.879905382770662e+288
5071,4.109647673754543e+231
5072,1.5582943075649387e+288
5073,2.195214129694596e+223
5074,2.438766843368916e+207
5075,5.181607466116079e+195
5076,3.0487256471271955e+253
5077,8.024479311688369e+233
5078,3.8549357551877776e+256
5079,2.61371494917105e+278
5080,1.84646573279707e+218
5081,5.396235843580379e+265
5082,3.0987277843749894e+282
5083,4.2468003107861314e+224
5084,4.743751427846695e+264
5085,1.1683229354006033e+178
5086,5.143385705370022e+288
5087,3.4338956777225155e+221
5088,1.2770662927780837e+241
5089,4.1496173377628343e+195
5090,3.6250605973815403e+260
5091,1.0452742891943711e+288
5092,1.2681330657218593e+258
5093,2.8128499648614055e+287
5094,3.5896600918097126e+180
5095,4.943471637940947e+266
5096,1.5663346793308995e+245
5097,1.2492482197569005e+237
5098,5.0501107732408e+269
5099,1.5558079488380132e+182
5100,4.8722116022623344e+269
5101,5.590085167752408e+269
5102,8.551309474616401e+287
5103,6.273333169411154e+242
5104,4.131995657944588e+276
5105,6.045034954015484e+272
5106,5.323420965965271e+288
5107,1.2237868970263544e+280
5108,9.86323768867187e+282
5109,3.349847401430059e+284
5110,6.823049239056149e+196
5111,7.657445445086969e+247
5112,7.821598546116191e+174
5113,2.0939938681809525e+250
5114,1.62576390716318e+195
5115,2.4311913215171572e+284
5116,4.119856593434579e+184
5117,2.472563166777516e+203
5118,9.645855480878202e+273
5119,1.5885691186885142e+281
5120,1.241069990984545e+245
5121,8.696997643648146e+286
5122,1.1735756475001553e+284
5123,3.053304556357018e+289
5124,5.37911426179647e+276
5125,4.326657273831354e+249
5126,2.446097394339276e+247
5127,2.2039318226964175e+256
5128,2.1736071994790445e+285
5129,1.4111799041826929e+250
5130,8.1562600350551e+196
5131,3.2451455131324194e+173
5132,1.1757107997000828e+210
5133,4.241568060760272e+179
5134,7.153469366266571e+270
5135,3.94432396665745e+184
5136,6.611656375443593e+235
5137,7.440376297437676e+262
5138,1.9208448088551785e+279
5139,8.987182329290689e+286
5140,2.6442970094591737e+198
5141,2.35987969072168e+289
5142,3.683364706085328e+175
5143,5.314772185749894e+214
5144,2.359045155496546e+226
5145,6.509960335263923e+285
5146,1.8809903278798655e+244
5147,1.9144933498009282e+265
5148,1.217136234630883e+232
5149,7.105932608970797e+173
5150,8.977210608967059e+231
5151,9.024374579551894e+233
5152,2.341227019439007e+248
5153,2.3357005201726475e+200
5154,1.4553064926791963e+237
5155,2.749063152084084e+289
5156,2.0981125543099178e+281
5157,1.3101333183311233e+235
5158,2.415771991258901e+270
5159,7.221042953568126e+281
5160,1.4345087925203663e+197
5161,7.026828721142825e+258
5162,9.777688808808238e+202
5163,8.691043594409974e+289
5164,3.1910688997900815e+276
5165,2.0247015251069553e+224
5166,6.313510384976305e+285
5167,1.4937087802849368e+248
5168,3.298824818513298e+289
5169,1.0662298858814766e+277
5170,6.347156910443543e+272
5171,3.0302467927911782e+202
5172,1.5958912336936137e+258
5173,3.888765529134546e+184
5174,5.790574447259236e+270
5175,3.860094300656463e+286
5176,7.980546189936502e+265
5177,1.9820818553745067e+232
5178,1.6030866102190115e+195
5179,1.1487965137580014e+209
5180,3.987221485165068e+262
5181,1.7178293753741164e+283
5182,2.8073635695444033e+262
5183,2.1923605202714715e+287
5184,2.900541482642947e+276
5185,1.6777862017366564e+289
5186,1.9767177450774697e+265
5187,2.305570215425838e+285
5188,3.117919191807686e+277
5189,7.273062415384309e+196
5190,2.9693807888061723e+249
5191,6.261227221382691e+202
5192,4.282541563739863e+282
5193,2.0873335310472255e+180
5194,7.486695714104554e+281
5195,8.074076316462015e+192
5196,2.3720536940423426e+258
5197,7.017149355888104e+245
5198,5.4640970011205735e+199
5199,6.3877123571718075e+289
5200,1.2391995067907433e+283
5201,2.6327434582364773e+240
5202,3.315892929921246e+286
5203,1.183486637206449e+273
5204,2.7393669859375322e+281
5205,4.9163600146924236e+206
5206,5.253668503151344e+289
5207,5.623108011319883e+248
5208,3.7589280100952145e+229
5209,1.68310195589944e+192
5210,6.1257188620559325e+209
5211,5.796756064873776e+226
5212,2.5298997704285703e+179
5213,1.3697762898468323e+204
5214,4.3120372959919896e+271
5215,1.313521754945834e+213
5216,9.633416137232668e+214
5217,6.465459302048355e+246
5218,1.9631772613995137e+256
5219,7.700038148687445e+283
5220,1.378886509406075e+188
5221,1.716705569379722e+175
5222,1.04754218444113e+282
5223,3.980241589013243e+174
5224,5.652997877226684e+285
5225,1.2481009223604858e+241
5226,2.494699219731005e+276
5227,2.0684400910333896e+234
5228,2.56550804822729e+245
5229,2.0154672780576338e+252
5230,1.2698495663885897e+284
5231,1.382981055129278e+261
5232,2.1731170167467005e+259
5233,1.8428581371760007e+289
5234,1.1185668725979876e+180
5235,2.5708135002708138e+269
5236,4.677574019283011e+255
5237,8.13173199058681e+188
5238,1.37920493467254e+284
5239,2.2782164687579633e+271
5240,1.9263983048025865e+216
5241,5.563441802016444e+289
5242,4.402543664418242e+258
5243,3.4293180009160654e+214
5244,4.454764604040711e+240
5245,1.9207729785116288e+270
5246,3.565358229415966e+261
5247,2.955321598272003e+283
5248,1.6450682362488718e+267
5249,8.892795820794319e+203
5250,8.783048360127835e+289
5251,4.0304336756358824e+178
5252,2.483290929850558e+249
5253,4.003371144791334e+250
5254,3.58067623004863e+179
5255,1.0322024918811534e+196
5256,2.237298810933685e+240
5257,2.1866162501027284e+288
5258,3.2415135949762155e+232
5259,8.528913984437637e+176
5260,1.3561229257802848e+289
5261,3.425378672133906e+273
5262,8.849747967722433e+263
5263,6.197354265836957e+178
5264,2.162896709450189e+252
5265,7.415306861104102e+269
5266,8.03050883887817e+289
5267,2.065879596258314e+193
5268,1.317465210638184e+258
5269,1.1943656789492932e+238
5270,8.431224576468287e+282
5271,4.940485114906768e+284
5272,1.538476502013699e+258
5273,2.622841304187098e+236
5274,2.837910194151008e+247
5275,2.6022885057203258e+289
5276,5.435362652152803e+283
5277,6.855632962021873e+255
5278,3.2390812448721904e+223
5279,9.58740708619127e+283
5280,7.116507355469077e+191
5281,1.5642612645134253e+288
5282,2.712995430211402e+182
5283,1.2800423855558266e+241
5284,3.0855823518636243e+193
5285,1.0611737697502709e+242
5286,9.926048417290562e+274
5287,1.2133637393336635e+287
5288,1.331856583612178e+195
5289,1.8812995786845986e+219
5290,1.0194195996293273e+177
5291,1.9903690795350424e+260
5292,2.1459203968027437e+284
5293,3.366892388573879e+222
5294,1.0324978129104688e+240
5295,3.2494582400345267e+193
5296,3.742648299707051e+280
5297,9.621516703814696e+216
5298,7.129522669857917e+282
5299,2.317548281525899e+252
5300,2.855801119796148e+258
5301,5.747393385682864e+279
5302,4.858782580688977e+191
5303,5.5834472909817416e+283
5304,1.1443580285386502e+191
5305,1.3278940742651053e+221
5306,2.9170135630409627e+224
5307,1.5426449669167862e+205
5308,6.01134230118538e+256
5309,3.1353030272565483e+195
5310,9.288383978677612e+283
5311,4.848099404365576e+289
5312,7.724792716970022e+288
5313,1.64303454382569e+271
5314,7.32442957201638e+250
5315,1.6289541918620015e+189
5316,5.645245478954889e+173
5317,6.350733199192842e+254
5318,6.94473093626178e+272
5319,1.0910683911684419e+238
5320,6.576416579257838e+265
5321,7.114632182523479e+285
5322,1.177533661225696e+282
5323,3.0423799020146928e+212
5324,3.65637107388554e+199
5325,1.682045223405106e+237
5326,4.1047327225958994e+268
5327,3.6812205483347246e+280
5328,3.2359417575660474e+245
5329,5.517109329158911e+288
5330,4.207533608723254e+239
5331,8.099465141311088e+209
5332,3.8289249775730996e+288
5333,2.810779517113616e+289
5334,3.575055214159055e+211
5335,6.249112878519597e+289
5336,2.5598419046075983e+280
5337,8.496356675471659e+278
5338,6.345192770120511e+289
5339,7.313434371956486e+287
5340,1.1653145397976994e+223
5341,4.026815353153425e+289
5342,1.0029879090556133e+286
5343,4.360440846939713e+172
5344,1.0228148964431623e+281
5345,9.887864510191208e+243
5346,2.0792047668020206e+248
5347,3.8817870685414623e+254
5348,1.0864262710429487e+261
5349,4.345035241635187e+196
5350,2.2648953861187013e+288
5351,6.464697345215457e+210
5352,6.451200550224082e+289
5353,2.3145457865003824e+288
5354,5.337045612466413e+211
5355,4.137766514433532e+172
5356,3.2998194850515993e+279
5357,2.2381670474931317e+264
5358,4.914794504847168e+263
5359,1.6770430648187276e+266
5360,3.0263730679766172e+203
5361,2.4627148886975317e+289
5362,1.175347514590529e+249
5363,1.6704958613684882e+277
5364,1.0914601460112735e+200
5365,1.4654321988360273e+227
5366,7.628712308393766e+282
5367,1.6912683309785628e+231
5368,3.265192065814039e+274
5369,2.7302442730710233e+283
5370,1.7262258357058453e+273
5371,2.410812896916604e+285
5372,1.5570858029577026e+283
5373,9.206694281986226e+195
5374,4.7555037306405086e+240
5375,1.8073466676499085e+272
5376,5.2134177142213256e+200
5377,3.821863251535223e+246
5378,4.266444193571566e+211
5379,1.995508938862918e+206
5380,1.2123530024946802e+288
5381,7.9323051182978295e+211
5382,6.1583323599565295e+203
5383,3.475004284578113e+261
5384,6.542683113261536e+289
5385,3.3891970606497526e+283
5386,7.147948900565102e+243
5387,3.5359451036792e+223
5388,4.752604873464076e+181
5389,4.392270973040923e+289
5390,1.7436394419635536e+260
5391,4.4329991489173686e+209
5392,2.2159507165402715e+211
5393,3.3894412070096215e+227
5394,1.0541425996767391e+195
5395,2.9193426607180735e+279
5396,1.3981620061308028e+280
5397,7.262915045971859e+202
5398,5.537821839044805e+226
5399,4.7737004333983215e+288
5400,6.066165438538397e+229
5401,3.688183247707646e+226
5402,6.902388546686485e+269
5403,6.040374251502279e+227
5404,1.2396794243091031e+183
5405,9.03125456191917e+234
5406,1.37554417450172e+174
5407,5.288531943781755e+258
5408,3.245354934099443e+176
5409,1.7777783465732616e+246
5410,1.307247765389762e+242
5411,3.6682808060960844e+280
5412,4.780626665670514e+223
5413,3.6398570538836374e+259
5414,3.327315389036961e+179
5415,1.783710879867621e+157
5416,2.4154313364181943e+267
5417,3.1691560865215e+211
5418,7.927862275812031e+279
5419,5.287895021230911e+238
5420,3.609403410939646e+240
5421,7.84206031468619e+215
5422,2.9161831612737754e+240
5423,1.4953416043148957e+195
5424,5.989364729558702e+210
5425,2.6142513207147084e+252
5426,3.0913918698249546e+261
5427,5.763143437830508e+196
5428,5.032382260578139e+288
5429,1.1637368822769844e+261
5430,1.7120569426867665e+241
5431,1.0610632939375448e+205
5432,5.083254517655316e+245
5433,8.458479365132804e+193
5434,2.7546022540264514e+215
5435,1.7588838112703669e+282
5436,1.6864427989365336e+173
5437,9.273583610101726e+174
5438,1.499653424207331e+233
5439,1.4499949695452848e+247
5440,1.1549135321748822e+229
5441,2.6048045683890803e+244
5442,3.775159735124012e+216
5443,2.8885842633305843e+289
5444,5.713897538555131e+199
5445,9.673971036722418e+218
5446,2.576362339874388e+242
5447,1.2905420486415966e+234
5448,2.7420785102242782e+196
5449,9.182639897968406e+289
5450,2.387087836593039e+247
5451,7.980194595924909e+238
5452,4.318262879001044e+281
5453,5.698590621678396e+186
5454,2.6289231160627557e+262
5455,2.468069092749073e+180
5456,2.4497982432898137e+184
5457,4.5084108001158846e+220
5458,1.3290358294081172e+238
5459,9.695739094156034e+197
5460,2.2323669019414545e+281
5461,5.51620673702945e+243
5462,3.2940912735031127e+270
5463,3.919030316280026e+288
5464,5.650938149614959e+267
5465,2.3881469978607512e+204
5466,5.554009122711794e+253
5467,1.304493456360195e+286
5468,3.0031942078241835e+188
5469,3.69765900473962e+235
5470,3.57647610034796e+221
5471,6.1784577295873155e+286
5472,7.953120967315294e+201
5473,4.388729412473e+276
5474,4.234380899122879e+203
5475,2.33028966031735e+287
5476,2.738338572477383e+190
5477,3.388022695717894e+178
5478,4.5611301824173955e+249
5479,4.714003811127919e+270
5480,1.5177047463444587e+238
5481,6.722558514216453e+244
5482,2.2235730292472307e+287
5483,1.8168221962293627e+286
5484,3.164220415879041e+263
5485,2.904381962848718e+284
5486,8.603596837561041e+276
5487,8.078524986261204e+242
5488,3.247833582933196e+275
5489,3.1583617439839827e+273
5490,2.2326381459625827e+271
5491,1.2903240347290584e+262
5492,4.371712285751258e+280
5493,2.8044391849904686e+221
5494,3.547755235917549e+289
5495,2.152759648550353e+258
5496,5.237190819664754e+228
5497,1.0755439107969103e+286
5498,1.1494624030771838e+289
5499,3.7173516137418866e+200
5500,8.516497913178093e+275
5501,9.113530757271468e+285
5502,4.333232026794812e+288
5503,5.080840549535948e+286
5504,1.8245248522809038e+232
5505,1.6331324276532848e+221
5506,8.406639169293439e+265
5507,1.6752879029469615e+193
5508,1.1992282986657482e+281
5509,8.338389613403332e+288
5510,7.617228636420054e+270
5511,1.0559814142400918e+178
5512,1.0034211230644741e+277
5513,2.036679883552985e+278
5514,1.4898695000175905e+286
5515,9.032682528104387e+248
5516,3.484285827035094e+288
5517,4.282102627369647e+244
5518,1.5286860068511075e+231
5519,2.8796875196747984e+283
5520,8.090498055788515e+220
5521,2.8077349003045827e+276
5522,8.797650917515152e+189
5523,2.1315169672511367e+287
5524,6.745590430288066e+206
5525,1.5267029498806664e+289
5526,2.0960651071986637e+190
5527,3.902563502699484e+235
5528,9.303748570201059e+243
5529,1.2114272764169904e+253
5530,7.849888519213452e+196
5531,2.5808669346662915e+238
5532,1.6131875153654726e+196
5533,1.20062283611789e+289
5534,2.572221783257424e+262
5535,8.336442285714323e+289
5536,2.3241401353596067e+258
5537,7.930975370354263e+289
5538,9.033962653856864e+283
5539,1.7404158081822953e+264
5540,6.791274563480839e+289
5541,1.9748559061448534e+232
5542,7.230644805477279e+285
5543,2.3936774219806326e+276
5544,1.3323973791093645e+234
5545,1.2180288411598813e+280
5546,7.98982753529091e+289
5547,1.8912850300587776e+219
5548,1.5951496929026167e+287
5549,1.4558836732315607e+253
5550,1.4126298203217584e+207
5551,2.0111255609195012e+221
5552,1.277506888389704e+181
5553,6.1662638400280884e+271
5554,4.251918215063413e+274
5555,1.3528279288982735e+286
5556,1.1331614376762066e+202
5557,1.876980409914117e+289
5558,1.7659655089569248e+279
5559,2.279250058092566e+281
5560,9.12918798208715e+239
5561,1.0221190158406626e+275
5562,2.5298918225276353e+207
5563,4.7997778711552606e+278
5564,8.753333606660867e+174
5565,4.835189082745188e+199
5566,2.6520571079404684e+269
5567,2.776216662303683e+240
5568,1.318565221375301e+263
5569,4.812687192068358e+285
5570,1.0435663702110862e+289
5571,1.1793609031180566e+175
5572,4.737349272214016e+275
5573,1.2016961998896323e+260
5574,5.094172831597733e+283
5575,9.261767138906207e+229
5576,1.374887986271833e+266
5577,1.2081994384456918e+176
5578,1.5886091020717424e+240
5579,3.2002743131347784e+276
5580,1.1695669865317302e+232
5581,2.483334344849782e+289
5582,9.99495071356003e+232
5583,4.29238258876877e+275
5584,1.6205918277222464e+279
5585,2.5732251623799456e+256
5586,4.262751898340811e+265
5587,3.911529152765664e+269
5588,4.692274973153845e+258
5589,8.803191771138904e+289
5590,2.1389353127127238e+278
5591,1.8154644325928733e+283
5592,1.4494266841350612e+282
5593,2.1902592140794135e+212
5594,2.5103434407940933e+185
5595,3.188329942957127e+270
5596,4.842320991388995e+220
5597,1.348765890181172e+275
5598,2.967173090635325e+245
5599,2.3978196600261736e+185
5600,2.3247436432432643e+242
5601,1.8824548342237628e+265
5602,4.5670166648524715e+246
5603,5.4238048646866085e+289
5604,2.620369722768382e+278
5605,4.8190181585352345e+240
5606,2.9725104038191632e+289
5607,5.932730967239389e+286
5608,9.636117644110355e+239
5609,2.417803965993458e+282
5610,2.3795808474528688e+174
5611,3.925454729387765e+253
5612,6.728321567666967e+289
5613,6.031859502642361e+200
5614,5.825714264529193e+243
5615,1.240060226386938e+260
5616,6.19443651239622e+222
5617,1.1172511326553238e+189
5618,6.387003311142977e+284
5619,3.8367062151556707e+267
5620,1.774513311838778e+255
5621,4.352115240520471e+259
5622,3.5627048192230524e+288
5623,1.2653903756308145e+205
5624,1.6322819349572053e+192
5625,2.0545301880029588e+220
5626,2.2881947773435055e+213
5627,7.905198658737352e+208
5628,1.7737000311374648e+245
5629,1.773011320872611e+215
5630,6.941562090511805e+266
5631,2.0757974812873893e+247
5632,1.1998142210932285e+219
5633,2.403890575842894e+193
5634,2.6522956295116522e+253
5635,3.813461183454226e+188
5636,1.3403307702967243e+224
5637,1.3019217947062701e+285
5638,2.6856452001279028e+247
5639,2.1749407226175144e+180
5640,2.906399969881156e+193
5641,5.398865041697627e+264
5642,4.0851236765450606e+245
5643,5.770126316386093e+260
5644,1.501483170535329e+275
5645,3.505449833780641e+289
5646,3.905393171058889e+175
5647,5.8038829946279216e+253
5648,4.5246502469671443e+266
5649,5.568000253416882e+285
5650,4.9944972635494034e+222
5651,1.4565888682501798e+273
5652,8.042448146174318e+266
5653,1.7956463842916254e+233
5654,3.313656970324726e+254
5655,1.5075329145860878e+162
5656,4.0629042254579366e+287
5657,1.4630845237144116e+286
5658,2.8999296596795027e+210
5659,9.333544993894341e+277
5660,4.220269738664932e+254
5661,6.538293899108719e+288
5662,1.686977419003827e+256
5663,4.7208839119935685e+176
5664,1.4498548562859086e+188
5665,7.319747075724515e+277
5666,4.689912383130547e+285
5667,1.9845875182617788e+282
5668,1.6941019916152046e+234
5669,3.1819373610863303e+205
5670,8.03492836100864e+279
5671,4.226313564471435e+203
5672,2.6743994896469597e+271
5673,8.098545652777496e+199
5674,2.258018569035481e+261
5675,5.2430358128531986e+275
5676,4.334799753839053e+221
5677,1.3683180736028834e+253
5678,3.9560654762701074e+260
5679,1.5625266817666408e+260
5680,3.908207024208514e+287
5681,1.754855176153513e+279
5682,1.630004953429589e+213
5683,2.1892797402890878e+220
5684,4.63742295771669e+193
5685,7.247829645147157e+208
5686,3.4872223900023936e+287
5687,2.433187523762715e+276
5688,2.222975525051393e+258
5689,2.8243489962778045e+260
5690,4.7200595855589885e+193
5691,1.365267507851646e+230
5692,1.3681952032479656e+258
5693,2.1423459432587953e+229
5694,1.3102663804913494e+188
5695,7.197132596375612e+241
5696,7.432514317910903e+245
5697,1.7365153790186765e+262
5698,6.831524630166314e+190
5699,6.522216461613186e+248
5700,1.2340349220615067e+284
5701,1.0643441796635614e+189
5702,2.1789896467768556e+287
5703,4.3336350753424095e+254
5704,3.182046063322507e+289
5705,1.8349530332115175e+251
5706,2.6310776175956898e+253
5707,2.8128746355608735e+253
5708,4.5491780390216875e+272
5709,1.680281966237053e+209
5710,1.0433079834888798e+275
5711,8.704815386808981e+177
5712,2.395657802084124e+286
5713,6.152594806604609e+237
5714,4.768943933568937e+227
5715,9.138752793340591e+239
5716,7.462364017380417e+244
5717,8.745377967346294e+238
5718,1.3022176064844415e+286
5719,1.165422861863455e+242
5720,2.659476281621412e+191
5721,1.6887705359633516e+256
5722,9.232586086117862e+289
5723,2.643597673890607e+230
5724,5.246567097898568e+231
5725,5.4568290534304315e+270
5726,3.515715098985312e+287
5727,1.03215289288088e+286
5728,8.515541892996205e+203
5729,1.554364490459568e+186
5730,2.6694639430719544e+215
5731,3.6441161592592563e+227
5732,1.1170977752320394e+234
5733,8.823633673325995e+289
5734,4.938922418747607e+265
5735,2.3673191611262097e+256
5736,1.2447899413602181e+227
5737,9.181263786921401e+289
5738,2.9418147980561934e+281
5739,1.8739419653594868e+268
5740,1.3976618886921292e+200
5741,1.8776735535838556e+256
5742,4.2884626231211566e+234
5743,3.582758158497364e+218
5744,2.25054802379792e+219
5745,2.263472206732266e+243
5746,1.043453033051047e+246
5747,1.007571644283856e+254
5748,3.1185934196620986e+180
5749,8.10391754123935e+190
5750,2.3876112878255075e+286
5751,2.354152255556487e+230
5752,1.8374233923785476e+209
5753,1.6410734428281376e+254
5754,8.237253154956367e+251
5755,1.5846265964236277e+203
5756,1.2828608082533659e+261
5757,5.4015667009900427e+275
5758,1.1438637725484704e+262
5759,1.8721872589373647e+180
5760,5.7455239289435475e+289
5761,1.2253906231153683e+288
5762,1.5934139744477766e+178
5763,2.7184539470633966e+289
5764,2.97323051628254e+286
5765,1.9465641619106544e+196
5766,6.073698994080183e+172
5767,2.1365315400549017e+232
5768,2.9395062274982723e+288
5769,5.269775928681572e+194
5770,6.2343893705602374e+181
5771,2.7011175913823748e+197
5772,6.340075060138821e+288
5773,5.9537032704278e+266
5774,7.80392501132946e+173
5775,6.977903588029367e+222
5776,8.550958268555199e+289
5777,3.4890755447689795e+271
5778,2.5025298247520766e+182
5779,5.657479029287834e+198
5780,1.2793051864765543e+279
5781,2.0249438403779035e+262
5782,5.029131596672405e+272
5783,4.222502503152812e+208
5784,2.2512966387360435e+289
5785,9.746825905232506e+212
5786,9.792059933679045e+259
5787,1.2551807317640284e+281
5788,6.577515993004819e+227
5789,2.699525913694091e+223
5790,4.0889108192646153e+269
5791,7.54266417979605e+281
5792,9.511316506729599e+271
5793,8.709784352107378e+252
5794,2.4131220552543267e+182
5795,3.1676900558321677e+270
5796,3.3723129052022413e+217
5797,4.017582130848965e+281
5798,3.716880023288484e+275
5799,1.370454583696465e+220
5800,2.0174285127986353e+237
5801,7.204926417754171e+184
5802,1.9474841052121727e+208
5803,2.938676658824698e+280
5804,1.0255289456227384e+221
5805,3.2720316280841072e+277
5806,6.2198209387157586e+289
5807,3.871274432579942e+209
5808,6.756892227004731e+289
5809,1.1414025882611515e+266
5810,5.347293444382772e+257
5811,3.82096740194928e+289
5812,2.468431583319949e+261
5813,2.9287159702196876e+284
5814,3.8021454500638775e+200
5815,1.254951415783781e+255
5816,6.440011649915814e+257
5817,2.0473940415270217e+289
5818,7.027039407072781e+214
5819,7.682788206179746e+285
5820,1.3585292162378825e+194
5821,3.453935750481554e+275
5822,6.269229211500076e+281
5823,1.0670430504052276e+289
5824,1.4623239618750555e+225
5825,3.4419556078959155e+276
5826,1.6037828851561432e+263
5827,3.014299353025757e+244
5828,5.779631149670776e+260
5829,1.0562762141237505e+226
5830,2.523058007159691e+289
5831,7.165859344461398e+289
5832,6.301469484165029e+156
5833,8.919274015579775e+282
5834,9.414294784577118e+214
5835,2.4295391011400723e+264
5836,9.114867115290246e+289
5837,3.695538164877456e+231
5838,3.2122912723256427e+285
5839,4.343925929222917e+289
5840,5.57031181694837e+288
5841,9.921697222554684e+286
5842,1.7370214080511265e+225
5843,4.825636179083251e+282
5844,4.0278213095189954e+287
5845,1.4982422804427255e+261
5846,3.206210003253817e+201
5847,2.52769232653592e+229
5848,1.737656605074421e+237
5849,8.201477678044574e+285
5850,8.375709887070488e+233
5851,9.998542914380267e+212
5852,4.748871541212304e+289
5853,6.579117116535321e+279
5854,2.128999082746748e+233
5855,8.302459350287821e+215
5856,1.218507859635577e+288
5857,9.274798577704013e+218
5858,1.1018377635479631e+285
5859,4.2202003640120465e+230
5860,7.981993222717817e+275
5861,3.43938784449275e+237
5862,1.198973590509833e+226
5863,8.205445336213914e+289
5864,1.2052119592039666e+212
5865,8.662744350216988e+286
5866,1.8280665602025525e+228
5867,5.652652195766156e+267
5868,8.8365826108821e+289
5869,1.8763446120722533e+208
5870,4.543211309610647e+249
5871,1.46777688055521e+232
5872,2.9712743717670136e+276
5873,3.2866977699304443e+289
5874,4.048580582622178e+277
5875,2.4739561478064317e+242
5876,9.148335324670965e+289
5877,4.4023523935311714e+287
5878,1.8904799503141802e+175
5879,4.1358667033103647e+272
5880,1.584773910305843e+255
5881,4.1011435498e+212
5882,4.524526486897355e+172
5883,3.445180748908478e+206
5884,7.359604400741822e+178
5885,7.159697551680784e+254
5886,2.768913564965999e+186
5887,1.0705721567757104e+277
5888,5.666765563924268e+250
5889,3.6882160589372185e+214
5890,1.0891208343720306e+232
5891,1.1620800009587513e+289
5892,1.6903241903867952e+285
5893,1.2921649056390883e+252
5894,8.281410658662818e+284
5895,2.432386253496904e+247
5896,6.450638386289705e+237
5897,1.64857998600522e+185
5898,1.561380137392099e+286
5899,4.109236123112884e+289
5900,1.327106058853708e+284
5901,7.642743271559659e+286
5902,4.3333537264376037e+288
5903,1.9128966484080864e+263
5904,2.5748102623815376e+241
5905,2.5975011435659403e+215
5906,3.7689083952648215e+192
5907,4.733416045895735e+207
5908,7.782346576008989e+207
5909,2.22349780346805e+266
5910,3.6543621525805672e+186
5911,3.836309465285439e+281
5912,5.359056949774216e+256
5913,1.522183271449292e+269
5914,4.491295241295968e+281
5915,9.243654708933886e+282
5916,6.97533653411939e+189
5917,1.8792065400643987e+213
5918,2.2901943996677433e+264
5919,2.6259425867485776e+226
5920,1.0208358490361573e+209
5921,8.105629441860259e+276
5922,2.1685671382976632e+285
5923,1.022825277987924e+264
5924,7.096275549754072e+226
5925,7.095193188519652e+266
5926,8.03972314953517e+218
5927,8.585495466629645e+289
5928,4.791993414155456e+178
5929,7.236655193198864e+268
5930,1.6671421970477885e+283
5931,1.0234693464738542e+185
5932,1.2333635963312722e+271
5933,6.170546343858496e+177
5934,2.1688368971432205e+282
5935,5.880661635332598e+260
5936,3.266319563681276e+216
5937,4.2536089379109554e+269
5938,4.382738334838965e+199
5939,1.8512156480246535e+254
5940,1.541829993598671e+272
5941,1.1705047830667115e+214
5942,1.2554802002015102e+200
5943,4.0234750640556953e+242
5944,4.210730555921889e+289
5945,2.437566946654647e+272
5946,3.1941738154511205e+200
5947,3.998096941022468e+198
5948,4.4646906435799337e+232
5949,1.6038628622814792e+188
5950,9.91171939260209e+277
5951,2.0011382931676625e+288
5952,1.83471951483341e+197
5953,3.030692233975623e+188
5954,2.9480766177752677e+195
5955,1.0764995854134322e+267
5956,6.103794491225272e+253
5957,1.720272357566605e+289
5958,2.666216740537857e+277
5959,1.3637584429436284e+268
5960,7.789772699823142e+238
5961,6.776684699318962e+288
5962,1.1556302431475464e+289
5963,1.3639813410718346e+261
5964,5.930353821671417e+289
5965,8.23291063886312e+232
5966,4.335067239200674e+209
5967,4.236545735780294e+289
5968,7.823092515867916e+287
5969,3.162130785816202e+281
5970,3.6535206857741856e+196
5971,2.5037530812071943e+188
5972,2.2884119280712428e+284
5973,1.5399244485459539e+246
5974,4.3947708890106174e+289
5975,2.7142081535188028e+281
5976,2.1353685001274146e+274
5977,7.28857460531457e+288
5978,1.3463691785360029e+289
5979,3.0545675360788274e+287
5980,5.032249885170671e+251
5981,2.509049576399665e+175
5982,2.269535936243622e+240
5983,6.810691307906479e+273
5984,2.3411855853584335e+183
5985,1.2431941971952578e+249
5986,1.0746089618550379e+281
5987,3.499068379538307e+286
5988,5.72443711176167e+180
5989,8.427216141967602e+179
5990,5.3799510659214625e+262
5991,4.998127751155429e+267
5992,1.824838196140319e+259
5993,2.1944565179337936e+282
5994,1.4110005951370194e+128
5995,2.8738751587398997e+177
5996,3.2128439546843616e+287
5997,1.3855910863273763e+234
5998,1.4176296675095163e+179
5999,4.022451591537385e+288
6000,3.490101487440045e+268
6001,7.494328882100811e+256
6002,4.8904948314715255e+174
6003,5.2804478049703956e+275
6004,2.164329672220786e+238
6005,4.892906069715465e+195
6006,7.684988018045044e+255
6007,2.5648733803477727e+253
6008,7.133112461112971e+184
6009,1.2623657209627963e+274
6010,3.0472287311335984e+286
6011,1.7053195043932937e+209
6012,8.725366919070933e+216
6013,4.173314849120138e+289
6014,2.003073906305392e+286
6015,4.516986874779738e+271
6016,3.5061040525720375e+232
6017,8.541854031991063e+207
6018,1.946738834661605e+255
6019,1.301971015158174e+261
6020,9.617370711529317e+281
6021,5.135046130181436e+288
6022,1.344860357781191e+271
6023,1.5586320209521125e+263
6024,4.3142328676083646e+216
6025,5.852191005291795e+230
6026,1.4472338274244611e+268
6027,1.5353143833125295e+240
6028,5.532123504712886e+215
6029,6.965031935869633e+252
6030,7.457646210955553e+289
6031,5.143727878037684e+214
6032,9.983630651522934e+266
6033,2.6113648383056185e+260
6034,6.4497426136366565e+289
6035,1.1107121279249892e+289
6036,3.5989649252509245e+262
6037,3.9683216245298434e+276
6038,1.2958955671965833e+271
6039,4.430859215132894e+267
6040,7.700557021449113e+289
6041,1.3963477793313754e+275
6042,4.7148504321857196e+281
6043,3.159710583509245e+264
6044,7.816269911500126e+247
6045,1.0745514906570502e+261
6046,4.481064656724961e+195
6047,4.468771348254436e+288
6048,3.5180875464512965e+186
6049,7.809387804698316e+247
6050,4.506204900358476e+239
6051,3.647255504969061e+289
6052,2.73795028851995e+183
6053,1.1694658017056681e+272
6054,7.980309117359774e+284
6055,4.591083768189774e+212
6056,1.1297915770427486e+276
6057,1.2412421245594358e+203
6058,2.4174079587667033e+196
6059,2.35465819465755e+286
6060,5.787080579923752e+288
6061,1.565118014768257e+244
6062,2.3408635016140428e+285
6063,1.066548132866715e+285
6064,2.3868336311752465e+202
6065,2.783769468944762e+234
6066,4.135645782220321e+287
6067,7.425592505227992e+178
6068,7.915946999057474e+289
6069,2.1043196209944042e+246
6070,1.476972517817629e+182
6071,8.618220610177555e+200
6072,1.9057036698392745e+282
6073,1.3007638505349019e+202
6074,5.0083328235448685e+183
6075,1.470249885938639e+205
6076,9.37429948358301e+261
6077,4.39198784538114e+289
6078,2.3293054963595806e+242
6079,3.184186146208025e+256
6080,2.072604447124057e+257
6081,4.786374841442789e+196
6082,1.8273774005681173e+273
6083,5.973707044398812e+180
6084,1.2522836644121304e+286
6085,3.0059068216081366e+276
6086,2.5777614687334253e+277
6087,8.634654036455227e+188
6088,5.977408144743584e+283
6089,3.3249290455732657e+211
6090,1.329222701603647e+223
6091,1.7033747223731463e+254
6092,1.177015133895562e+280
6093,1.1414124833387915e+195
6094,6.426941535077822e+243
6095,1.1820512371935014e+281
6096,8.756090207775492e+289
6097,4.1905038673920245e+253
6098,1.1991414217900117e+142
6099,9.964208886164495e+189
6100,2.4994959211565487e+239
6101,2.9189910266808934e+234
6102,8.396175131927609e+289
6103,1.637506857702319e+231
6104,7.081864364146561e+243
6105,3.6058125714466916e+266
6106,1.331155406190771e+286
6107,9.789836971810912e+220
6108,2.4071772776350706e+251
6109,5.560264185275398e+238
6110,6.603584489331124e+263
6111,1.2376323071423208e+251
6112,5.534652585579161e+243
6113,2.4000572116807763e+286
6114,4.9849316792830106e+274
6115,1.9484221148287437e+275
6116,2.9639673878309533e+288
6117,6.82070762157894e+280
6118,2.7067662315369035e+190
6119,5.067708136388475e+179
6120,1.4704974927000014e+271
6121,4.20824108713515e+174
6122,2.892500549421923e+283
6123,2.706534096321194e+272
6124,1.0936116053698566e+285
6125,9.34170190209583e+183
6126,1.4205670442465363e+260
6127,9.192115224983644e+289
6128,7.529871493929433e+187
6129,7.2919370469432e+277
6130,2.5120440571710844e+279
6131,2.218025237363738e+249
6132,1.629614993725347e+227
6133,5.678099417594405e+174
6134,8.034236062104291e+289
6135,1.2450192445481285e+199
6136,4.945293225146847e+289
6137,9.604904472690415e+187
6138,4.9802687070874666e+278
6139,3.475349759369505e+238
6140,1.0447452219222287e+281
6141,1.1032301192893745e+239
6142,9.225283762342872e+289
6143,8.992562942530825e+289
6144,2.5529300547829223e+280
6145,1.1469728034411033e+226
6146,3.374016526877299e+288
6147,5.525047840094617e+242
6148,7.092524214718809e+227
6149,4.3562871592667934e+249
6150,1.562499394011221e+180
6151,4.211381559087257e+279
6152,4.306941282255295e+248
6153,3.6230456812460135e+265
6154,1.9190624217862192e+252
6155,7.89820223303567e+250
6156,2.475449213113534e+283
6157,1.9681229757163893e+243
6158,9.601728197773412e+197
6159,4.164345097986553e+231
6160,3.356490978552377e+204
6161,2.2057368143747655e+242
6162,4.741505916008799e+269
6163,3.1047948298817758e+187
6164,6.914011407550596e+289
6165,1.2232636588989991e+183
6166,1.8358906963903068e+251
6167,4.70867563385541e+260
6168,5.970938443142931e+261
6169,4.48452331824611e+246
6170,1.4340598223130231e+270
6171,4.1215999264326777e+288
6172,6.907428082293868e+279
6173,7.297653993815692e+205
6174,4.147601230239467e+227
6175,4.0033299228058536e+188
6176,1.3569274320015762e+238
6177,2.959251524720976e+232
6178,3.550453783821532e+260
6179,1.1697875809908837e+243
6180,2.9487858767892116e+211
6181,2.427956500562263e+289
6182,4.511762898451985e+228
6183,9.108798166134188e+243
6184,4.572594760195584e+285
6185,5.834672373930078e+264
6186,5.423733264361533e+289
6187,6.182049132081016e+287
6188,2.4555685155578315e+262
6189,1.258306422788081e+230
6190,4.260328226972435e+287
6191,1.134882400469573e+211
6192,4.387036020599335e+288
6193,1.7314923828753297e+288
6194,2.0281227084259145e+233
6195,4.1270324362679327e+201
6196,2.7057913433918168e+250
6197,1.1025628864791224e+268
6198,5.941995665295308e+204
6199,9.22893827409935e+289
6200,3.9374769406568e+237
6201,2.3432178361828883e+252
6202,2.5371909130326468e+287
6203,5.036466014998268e+244
6204,1.132620737640224e+245
6205,6.106986898880224e+203
6206,1.014265243770265e+216
6207,5.716699132147877e+220
6208,7.034201915037479e+277
6209,2.9336686191628926e+282
6210,1.7133453414179213e+189
6211,1.1124747865388188e+262
6212,9.930630336933132e+273
6213,8.618685075722239e+212
6214,7.437832891243744e+243
6215,3.661345831210436e+206
6216,8.796614543305158e+289
6217,8.14639511601257e+278
6218,7.463692798087609e+285
6219,1.1732428786818978e+266
6220,5.796493976109647e+276
6221,2.160554672656543e+180
6222,1.6967666022503663e+289
6223,2.493160607399005e+288
6224,2.2820435845430686e+247
6225,1.0752864177591556e+253
6226,1.446522608467737e+288
6227,8.203842855445467e+265
6228,2.255028109029241e+260
6229,3.1615132743766455e+285
6230,1.4381748462391514e+288
6231,2.1381328720719697e+181
6232,1.0159344831128069e+244
6233,7.244827804009405e+289
6234,1.477328602961645e+232
6235,8.724664877007631e+289
6236,3.1819087193275426e+278
6237,9.115980032525683e+289
6238,4.4498498926102894e+201
6239,5.387009327838732e+257
6240,3.853991541100656e+250
6241,1.6667182895209833e+278
6242,4.190868645863905e+289
6243,7.054467929886401e+282
6244,1.4022601681464592e+287
6245,4.8061712844175005e+243
6246,1.8972095831952525e+211
6247,3.9920646869525166e+206
6248,9.191161485688092e+289
6249,9.879143847159398e+225
6250,2.68677218516267e+286
6251,5.108970076112437e+286
6252,1.6202068071739263e+250
6253,1.2833216940900866e+245
6254,2.3231417434091547e+287
6255,3.05396979742892e+213
6256,1.8897763448339474e+284
6257,1.6300200897133752e+248
6258,6.497575926175608e+234
6259,8.503382645322764e+289
6260,6.896462975852122e-22
6261,2.265424255648626e+280
6262,2.7696390877880837e+239
6263,2.4496116263553098e+197
6264,1.0295675063022441e+269
6265,2.6813264687343065e+210
6266,4.8293157855030595e+234
6267,4.218424126233059e+284
6268,8.771902527158259e+234
6269,2.7092798364877063e+280
6270,1.4827873965113133e+285
6271,1.229401258434047e+189
6272,2.30245468495257e+250
6273,2.5609605742308823e+289
6274,6.287619852753249e+279
6275,8.977171942494216e+190
6276,2.6566230934815895e+214
6277,6.967035614992975e+189
6278,6.076966243245971e+269
6279,1.148972261086816e+209
6280,3.3272997450440213e+286
6281,1.8359487990553098e+233
6282,7.434554311702067e+289
6283,4.2694577977823293e+189
6284,3.8598411044114035e+284
6285,1.6617883726338683e+287
6286,1.199649948032753e+200
6287,5.177177043384026e+205
6288,3.60881684098656e+253
6289,3.362858815676217e+255
6290,4.956439928976991e+267
6291,5.619057129067671e+276
6292,1.0118911487103081e+225
6293,1.898141262627608e+237
6294,1.187819061108161e+287
6295,2.3547684863102732e+285
6296,7.775478580041753e+285
6297,1.6317305838060024e+289
6298,4.6152646562862634e+269
6299,7.6003119518714815e+289
6300,7.559278042225183e+241
6301,3.0397561226591565e+267
6302,4.82929767564947e+180
6303,3.2085189150903093e+184
6304,6.83547952090067e+241
6305,2.643275586941205e+231
6306,9.495461655562699e+188
6307,1.0715174150818151e+219
6308,3.167533693958186e+231
6309,2.3823550192402116e+229
6310,1.948142329824558e+224
6311,2.3160649206400382e+288
6312,7.481808625612563e+216
6313,3.724946769015608e+282
6314,2.0222487810256627e+245
6315,9.223810425684158e+289
6316,4.2239957220939965e+278
6317,3.244802313024531e+262
6318,9.888318519197038e+280
6319,2.421079106428094e+289
6320,3.434153409633055e+289
6321,2.992424914964107e+206
6322,2.452238811885266e+268
6323,1.4234369960572972e+250
6324,1.0458864771384041e+287
6325,6.152171016616091e+289
6326,4.0828068050891817e+204
6327,2.4314016276371992e+190
6328,4.5127232146743925e+172
6329,3.7376260167622385e+249
6330,1.4924005268166036e+272
6331,1.8440638738347787e+288
6332,3.381838158688806e+220
6333,8.405492665795318e+288
6334,1.2654632843856438e+285
6335,1.003365747967304e+197
6336,7.152735403781899e+289
6337,4.485554414777993e+279
6338,4.0623833521864137e+288
6339,5.868155045312989e+236
6340,6.55754653210303e+287
6341,1.0000899860824161e+267
6342,2.1389794405784377e+283
6343,9.230515544812727e+289
6344,2.8140431132977365e+271
6345,3.1828172827297426e+283
6346,2.5295348798329737e+234
6347,6.095229916493555e+207
6348,1.4437097847854757e+196
6349,1.4050425301290682e+158
6350,5.248367478238188e+282
6351,2.248908089056094e+256
6352,3.998241822130682e+185
6353,1.542360524883098e+258
6354,1.0858445914139662e+267
6355,1.8020056033581012e+279
6356,7.895075017888814e+212
6357,3.264390523367105e+289
6358,5.581507251207596e+175
6359,6.690201599663258e+284
6360,1.3577700159384446e+231
6361,1.5124036499901092e+230
6362,4.5514752783437766e+284
6363,2.185307084892279e+274
6364,6.698121668110947e+255
6365,2.2393022866932136e+289
6366,7.73733151108813e+289
6367,6.977984397027946e+288
6368,1.6950039349209546e+218
6369,5.646788179911887e+212
6370,9.294595729384725e+233
6371,3.5555504785661112e+258
6372,1.8016833023448492e+288
6373,1.712314220764642e+247
6374,9.560644012069267e+263
6375,2.4916292590647526e+247
6376,8.018477056560807e+216
6377,5.544500803935713e+276
6378,2.4294023559262536e+246
6379,1.3573496573017488e+175
6380,1.4747110878819318e+161
6381,2.490697159154773e+245
6382,6.22093194771772e+183
6383,8.876859013784706e+221
6384,1.2030979130326908e+212
6385,1.2072407066823154e+204
6386,3.55565904617043e+172
6387,4.739935268866988e+280
6388,2.1103598229722877e+223
6389,3.336236133623475e+286
6390,1.0739547990926577e+232
6391,3.9049369839779714e+248
6392,1.0458684807849424e+203
6393,1.9083975115153974e+198
6394,4.191954394580381e+261
6395,1.3040249566060123e+248
6396,1.1689803961937398e+289
6397,1.2586633523200052e+249
6398,5.62763614369149e+223
6399,3.396029162097878e+269
6400,6.592818247052673e+218
6401,2.2119149889030813e+244
6402,1.1070343008677585e+211
6403,2.488176131176529e+260
6404,3.292146656802148e+264
6405,3.7104101065269654e+285
6406,3.3040027226395405e+241
6407,1.259967742628082e+279
6408,1.6139668131940566e+288
6409,7.7324904008313585e+289
6410,1.1886999822976332e+269
6411,2.9411251487797286e+259
6412,6.17713306547536e+250
6413,4.336899991632923e+285
6414,1.1435036172411227e+196
6415,2.6982816107455224e+284
6416,2.2708256399363587e+197
6417,7.904320867440511e+289
6418,7.63708298947832e+289
6419,4.886525736535628e+284
6420,5.3378846920978524e+246
6421,8.901571641451737e+254
6422,1.3275458442369333e+243
6423,4.1345842387334355e+248
6424,8.170181086080488e+285
6425,1.7020905838901648e+279
6426,3.82627337050389e+272
6427,3.602265738786788e+216
6428,9.427124252363696e+282
6429,6.562315622668447e+212
6430,6.992325540709136e+284
6431,3.1872434802026027e+184
6432,3.766944165639031e+283
6433,1.3432381912802657e+217
6434,1.28961533639543e+288
6435,4.4421828992592553e+207
6436,2.8214542999472465e+282
6437,1.505370034513475e+289
6438,4.925771662965549e+202
6439,1.0899014846592238e+248
6440,8.600120787845583e+289
6441,4.982660548609784e+177
6442,8.224148588080585e+271
6443,1.0598847269336278e+204
6444,1.383944808497223e+277
6445,1.5623869929258774e+176
6446,1.8553360038547507e+194
6447,1.6647489455764438e+289
6448,3.813423727720544e+200
6449,7.76140688195805e+218
6450,6.726349042726272e+287
6451,6.009548013255252e+242
6452,5.081267028094836e+285
6453,6.620490937775191e+257
6454,3.15610882990049e+285
6455,5.341716757461952e+221
6456,2.0380452953131508e+200
6457,1.1924702033593417e+219
6458,1.6529698775443972e+207
6459,7.675961697675417e+289
6460,1.3814638425138151e+199
6461,8.800648541077601e+271
6462,9.04007698102569e+289
6463,6.309653710595968e+233
6464,8.105541186663877e+192
6465,5.731684844457752e+222
6466,1.5407505753402257e+289
6467,8.518306755278843e+289
6468,3.612552590063187e+277
6469,2.647521182649068e+289
6470,8.943812853906703e+250
6471,4.484540103411273e+233
6472,6.168274345409494e+236
6473,1.0409614672857551e+283
6474,3.3492793599552564e+277
6475,5.375734844345688e+288
6476,2.1294143981615365e+203
6477,1.2824290828184208e+225
6478,4.0576559741357934e+172
6479,1.2670247437512667e+188
6480,9.366925968306944e+234
6481,5.50154128366081e+243
6482,8.160546085081703e+289
6483,1.67632624615192e+288
6484,4.595280750408764e+281
6485,2.630974958843283e+195
6486,1.0275779601478567e+222
6487,7.278248696843039e+288
6488,9.425253849535435e+262
6489,1.1145579223027777e+234
6490,1.4711698181738185e+258
6491,3.642270763569668e+207
6492,1.5963803954195982e+249
6493,3.87450538256459e+192
6494,1.7360964337214922e+273
6495,1.5819899229081006e+262
6496,3.278769611062708e+285
6497,1.5742361257356398e+228
6498,3.3593333544094848e+249
6499,3.1210200595104703e+184
6500,1.0077955229621354e+288
6501,6.088367648560719e+205
6502,8.059424330864646e+271
6503,7.801517277217299e+227
6504,2.924479953494849e+278
6505,7.310697890621224e+260
6506,6.183047027030412e+180
6507,7.838979805850637e+256
6508,1.795460396627082e+270
6509,6.802178461186325e+289
6510,9.464400587462156e+229
6511,3.249933196935025e+193
6512,4.302577213908576e+285
6513,8.31051260091469e+284
6514,8.276993658442909e+247
6515,1.547236966643913e+215
6516,9.978230129631479e+239
6517,3.022257221955104e+282
6518,1.4210983764488892e+191
6519,4.24971311136781e+289
6520,1.8407387090380212e+239
6521,4.61084247094695e+225
6522,6.9466401400179135e+283
6523,3.816392412234193e+183
6524,6.158318928764895e+265
6525,6.4090177188348604e+289
6526,9.098369165144759e+287
6527,1.2849244576480739e+219
6528,3.5045246135003224e+178
6529,1.502939547356243e+173
6530,3.1949773997080326e+229
6531,4.0154290006059083e+182
6532,3.5946787747503675e+205
6533,5.522845150748174e+265
6534,6.943981347196802e+216
6535,3.941456585514286e+275
6536,4.6645278970472305e+204
6537,7.400856191947384e+200
6538,7.004137780054957e+231
6539,1.6877145027327008e+245
6540,8.3658256068545e+286
6541,8.667227948079204e+289
6542,5.850243510670533e+289
6543,4.251050447416427e+246
6544,5.060159814239917e+273
6545,1.2666985512257182e+264
6546,4.831174760214734e+187
6547,4.3024105676943436e+246
6548,4.4283879453642165e+286
6549,5.714100481952219e+287
6550,2.0312726601475126e+287
6551,8.038492707572589e+276
6552,3.056807001464079e+245
6553,3.660342660352453e+181
6554,2.248166601972047e+283
6555,1.9271993737322304e+276
6556,9.203542371067805e+199
6557,1.9558903207652944e+252
6558,4.9932383570216e+192
6559,3.381801012430865e+221
6560,3.202151110566337e+289
6561,8.25082391282288e+203
6562,1.0632718950875443e+225
6563,2.5480469736929235e+251
6564,1.4024173838089645e+279
6565,2.135835404742147e+285
6566,2.3983220230273367e+264
6567,9.441230994572858e+174
6568,3.6126155881827505e+254
6569,7.148649194455228e+185
6570,2.097487260567601e+288
6571,2.8574441197878497e+288
6572,1.671360201293837e+189
6573,3.679288197392726e+278
6574,6.082158544440964e+284
6575,2.1598007719327236e+283
6576,4.9446444050314894e+200
6577,4.025084211696812e+286
6578,1.3864055403167058e+226
6579,6.667706240213653e+215
6580,1.4557328415925538e+220
6581,5.30324609871581e+223
6582,6.336293631031946e+263
6583,5.329324730328841e+262
6584,1.1382918821052206e+204
6585,3.244007427263539e+204
6586,1.217184666697947e+256
6587,1.0957480520188423e+225
6588,3.535773500923954e+288
6589,1.845787353438867e+222
6590,4.189811240569846e+208
6591,2.083264965873721e+203
6592,1.573862683277061e+274
6593,2.7789951848605935e+274
6594,6.979618801697546e+238
6595,8.211591560762347e+211
6596,1.884997304879973e+220
6597,1.0586333245705817e+259
6598,1.4186422621511673e+289
6599,2.6246849574779303e+273
6600,1.888423652697483e+274
6601,9.83765405815804e+283
6602,6.672942362388072e+289
6603,1.538940167764967e+287
6604,1.4635128783459857e+212
6605,4.0177137907315545e+255
6606,2.5686311435853806e+195
6607,3.737575080693492e+221
6608,8.847863868373871e+289
6609,3.532039226203876e+213
6610,3.1890114115712535e+176
6611,5.582585118949476e+264
6612,6.364557064696561e+256
6613,1.2990503777956503e+205
6614,5.893659099470383e+198
6615,2.867634876467563e+252
6616,2.6577174842508725e+274
6617,5.706318423063774e+209
6618,2.026174643885566e+206
6619,1.1700864921472288e+207
6620,1.127863223148207e+193
6621,4.5057862685653634e+265
6622,2.21281668372946e+177
6623,1.2025267459760635e+233
6624,5.497166731294786e+279
6625,1.7139403248710473e+179
6626,4.901457991993559e+287
6627,8.108302417549255e+248
6628,1.5215958923167062e+238
6629,1.258042278420616e+288
6630,2.0773466498848215e+232
6631,4.153881628690009e+235
6632,1.0115508855817267e+288
6633,2.1697326371143194e+277
6634,4.4982907750440883e+250
6635,3.8691548479703713e+244
6636,1.7220605690528957e+262
6637,2.741950384778688e+232
6638,2.0756324056009797e+201
6639,8.950735011959273e+286
6640,2.2797119641389445e+225
6641,3.711473304388962e+205
6642,3.389209563784405e+283
6643,2.3883137035826168e+278
6644,4.2542732257395666e+234
6645,2.169280153707002e+205
6646,3.1959096887074233e+283
6647,5.553915250417364e+257
6648,1.8292591352857997e+286
6649,3.251014924712984e+259
6650,3.1465770420204178e+209
6651,1.3577656802585969e+288
6652,2.643847336477796e+259
6653,2.926194469510453e+219
6654,1.555050320761543e+231
6655,3.811522837938352e+259
6656,9.119021328430264e+284
6657,6.691051991934525e+288
6658,3.3145241303372454e+283
6659,1.3588942241238165e+211
6660,8.061490766559242e+277
6661,9.623937975887222e+255
6662,3.74795194187241e+260
6663,6.980050703260874e+276
6664,8.560099931420841e+256
6665,5.0884177953846146e+266
6666,9.130577066813559e+289
6667,8.843281598401645e+289
6668,9.167923479082048e+289
6669,4.640377226271443e+216
6670,2.8135077222799376e+289
6671,1.4037233045279527e+210
6672,2.241039028568846e+217
6673,8.247826439033895e+186
6674,6.084076944992049e+211
6675,3.3632520149899196e+247
6676,3.7407439686271175e+283
6677,1.1983473774419297e+256
6678,9.27698770945012e+288
6679,9.068688459107441e+256
6680,2.9123184768395775e+233
6681,4.0511865898923694e+197
6682,1.3549162973566947e+205
6683,1.3178378008239947e+289
6684,1.267107323586719e+204
6685,2.5452403869846106e+281
6686,2.909635326367243e+286
6687,4.978871549939744e+270
6688,3.998298464980116e+289
6689,1.777492528475768e+198
6690,4.2568045313313544e+201
6691,1.426353325139545e+287
6692,4.124079899244327e+286
6693,9.286062734469686e+286
6694,2.0738738953502844e+241
6695,5.652928800581994e+217
6696,1.0183331437198469e+207
6697,6.724624915611527e+225
6698,1.0006347417361237e+232
6699,1.524980623897494e+184
6700,1.2525512029111766e+188
6701,5.653140844551378e+210
6702,1.0243609821519522e+279
6703,2.1735020645322697e+269
6704,3.2193477522005364e+196
6705,8.737945718054566e+202
6706,5.66057782932328e+223
6707,2.1258790081895135e+240
6708,6.757580944936461e+265
6709,6.56055481239257e+276
6710,3.1504079256495187e+289
6711,2.175341742126742e+268
6712,4.993235264448976e+287
6713,6.478224649055587e+213
6714,5.023553703499898e+261
6715,1.2196445920378662e+192
6716,7.377019562534944e+248
6717,6.01382038669592e+289
6718,1.8802024899133606e+287
6719,6.137974467000364e+287
6720,2.966564504257896e+211
6721,5.452424952964194e+275
6722,8.424115005987308e+287
6723,9.609394998102635e+212
6724,1.1242872442762069e+235
6725,7.963643459283594e+270
6726,5.909881212980224e+192
6727,6.1578651552213255e+175
6728,4.418096220226122e+268
6729,9.133745176431275e+242
6730,5.240680372943374e+185
6731,9.950183839138046e+227
6732,2.489979322588146e+288
6733,3.360285314112545e+189
6734,1.2555246693986697e+272
6735,5.946477626958729e+270
6736,3.711393252733428e+231
6737,1.2187798056814659e+235
6738,8.805847072497439e+288
6739,1.7352950588833508e+250
6740,1.2672739565705134e+282
6741,1.672214999206808e+172
6742,1.2124112831680428e+209
6743,1.0049856181974382e+249
6744,2.1534062376760032e+284
6745,4.3887382836484446e+276
6746,1.4253110172062312e+285
6747,6.916374188344748e+185
6748,8.093617085161146e+280
6749,3.830858510330738e+257
6750,3.5551826664791977e+227
6751,5.744930082010637e+266
6752,1.3790433592182704e+287
6753,8.023122845649866e+206
6754,1.3544662660680986e+249
6755,5.313977555621847e+207
6756,7.541495592690101e+173
6757,2.5936278945426527e+289
6758,3.624953897269923e+288
6759,2.562359614473079e+235
6760,1.4545748416259822e+237
6761,6.292532872988949e+289
6762,1.6123817142683037e+186
6763,1.0099218154316158e+176
6764,2.112777700648388e+285
6765,1.9858403064313337e+176
6766,1.280085198441857e+195
6767,6.427134087697024e+282
6768,2.818937810942945e+289
6769,7.339978638114502e+257
6770,4.819396048973262e+289
6771,1.1310050209172389e+288
6772,6.539529508988984e+225
6773,9.90564982175367e+288
6774,7.878025038386546e+184
6775,1.762253297802252e+284
6776,1.93570372102992e+222
6777,4.024383178013566e+244
6778,2.3681090941248689e+201
6779,3.0393816528183338e+180
6780,4.5469265689383066e+278
6781,4.167499052020705e+288
6782,8.610100267765483e+289
6783,7.356005016966215e+199
6784,7.94051933993966e+289
6785,2.8739282213640076e+276
6786,5.978147292404647e+213
6787,2.4612664034847344e+186
6788,9.951191567015155e+286
6789,8.069372350602524e+251
6790,2.0658022477897305e+221
6791,6.880034196078535e+242
6792,5.462870845306989e+249
6793,1.81320525499774e+262
6794,5.494870083974158e+258
6795,2.127856462988765e+280
6796,6.846588311865387e+289
6797,1.763060796037478e+273
6798,2.5254613871530795e+173
6799,7.77983563170615e+288
6800,2.3076091385713644e+195
6801,2.8316790400419116e+253
6802,1.2041701307465832e+209
6803,8.188796007164284e+251
6804,1.9190359712250653e+238
6805,1.604240895733421e+285
6806,5.457055364065905e+218
6807,5.1110974005795135e+185
6808,5.749595615077802e+288
6809,1.3418509092589032e+213
6810,1.9518477365835258e+276
6811,1.078303885214391e+288
6812,3.7578183199149198e+227
6813,8.983604899321477e+275
6814,1.621452210954999e+215
6815,8.604577192728193e+191
6816,8.079759054650223e+289
6817,6.043069531859297e+283
6818,1.7388181972992177e+272
6819,9.507459186965507e+213
6820,7.770658058601292e+183
6821,7.197907864937722e+240
6822,5.129253892550985e+242
6823,4.898977921050715e+282
6824,3.4785472489880036e+254
6825,1.342248626383304e+258
6826,6.425642660820982e+283
6827,1.4643144934801442e+246
6828,5.840400242329087e+262
6829,1.1045399881039182e+193
6830,2.2342568937436645e+179
6831,1.1054556551929846e+217
6832,2.673268441810616e+239
6833,1.4258318208682243e+197
6834,7.279192943540029e+289
6835,3.599898566931279e+237
6836,2.7965218647460086e+289
6837,5.611362010345791e+191
6838,2.0448389356996538e+219
6839,1.4274759165594417e+289
6840,4.024239012475345e+285
6841,3.4406181317990714e+289
6842,6.739426100392716e+289
6843,1.344811852654106e+237
6844,2.353687434226589e+217
6845,2.017965213922488e+286
6846,1.362061652448625e+267
6847,9.073553936759437e+289
6848,2.277635472099198e+236
6849,5.549461999362521e+256
6850,1.9908336125256573e+213
6851,2.6550081698925285e+190
6852,7.275049558627914e+275
6853,1.5533015243806053e+258
6854,1.7255143843531788e+242
6855,2.5989696493342276e+237
6856,1.8571750389017583e+225
6857,5.920387472914419e+201
6858,2.6875573059416448e+277
6859,2.378496256475049e+180
6860,1.4459841680808706e+198
6861,1.874857181313131e+287
6862,1.585040667472722e+236
6863,2.0265549867917554e+188
6864,1.7966847941846866e+223
6865,2.464543697773639e+267
6866,3.5895023022636974e+211
6867,7.125770835426178e+288
6868,3.2431990284661743e+289
6869,1.4012312395744893e+213
6870,4.864066306314227e+191
6871,2.1238668248891687e+222
6872,5.6571741925315455e+231
6873,3.619947316103611e+211
6874,7.633283378088149e+287
6875,4.933112123827092e+213
6876,2.2075674219589874e+288
6877,3.4066271901498695e+194
6878,2.3365782924248418e+277
6879,1.7588571145472333e+280
6880,7.421711372560999e+288
6881,1.8739149347465647e+272
6882,7.42482821657627e+180
6883,5.214268677515328e+252
6884,2.4372336125446922e+263
6885,1.062516494245591e+183
6886,6.1010945647559946e+240
6887,1.5724557279461068e+287
6888,1.4335107978408368e+204
6889,5.930743252218216e+271
6890,7.11337728538445e+181
6891,1.7359914640987564e+217
6892,5.959737117404775e+288
6893,4.16250179886e+148
6894,1.143949999275483e+281
6895,3.751614860882907e+278
6896,4.104783184166127e+289
6897,2.832661048795127e+264
6898,1.561789896822851e+239
6899,8.284607927555323e+244
6900,2.0100655828556242e+245
6901,2.2719239508581056e+276
6902,3.634119177385314e+183
6903,7.833564395117694e+279
6904,7.577897899850036e+254
6905,7.815535094598169e+245
6906,4.2713237737073257e+213
6907,4.4652715257079487e+263
6908,1.8028258414990265e+288
6909,1.0856876161084918e+278
6910,3.463336423849822e+288
6911,4.344229151486185e+233
6912,9.176808247698412e+265
6913,3.5885024813164394e+258
6914,1.2178310777192611e+288
6915,9.68992542335913e+270
6916,6.114076450780714e+208
6917,3.1020239618900414e+271
6918,2.7126066461462396e+190
6919,4.7371309365413663e+285
6920,1.410205979746058e+276
6921,5.0239249771613636e+266
6922,5.376749039664903e+288
6923,1.8659606685386834e+242
6924,5.695395143719236e+282
6925,1.7592283432223775e+265
6926,5.785257041290469e+267
6927,1.503939333599502e+260
6928,1.7069205744529508e+198
6929,4.741776510078254e+245
6930,7.649181286150436e+289
6931,1.3757528864739275e+270
6932,1.2536182060233581e+267
6933,3.4426477716431217e+192
6934,7.979285312976071e+288
6935,3.7655525430290204e+269
6936,1.9903771886885852e+268
6937,7.907992145617912e+282
6938,2.280015497901816e+155
6939,1.4996147088259428e+182
6940,4.146641879783121e+262
6941,9.873530611966039e+204
6942,6.111316312214766e+241
6943,2.749919376776043e+186
6944,7.06885820165975e+186
6945,1.0556195957552808e+285
6946,5.705156711384707e+200
6947,7.124805730065318e+285
6948,3.329052364069254e+247
6949,1.0432937680314382e+279
6950,3.9226990064161897e+261
6951,1.468843246467583e+278
6952,2.0782666758527543e+252
6953,7.959493904240831e+287
6954,1.0820634599204826e+199
6955,4.636818402433949e+211
6956,7.087935094380822e+289
6957,1.5699066202338093e+191
6958,2.8955208757517717e+199
6959,5.058038165228603e+189
6960,2.6534332238072294e+222
6961,6.04217669278539e+276
6962,1.0270897702381285e+173
6963,6.035490529114579e+250
6964,1.2706598955883998e+174
6965,2.2732290106872987e+256
6966,5.185878494514383e+214
6967,2.6520530616780602e+247
6968,2.277010799129906e+264
6969,5.7392718733160556e+286
6970,5.879321434147013e+204
6971,1.0696405460293243e+218
6972,3.1823678954950695e+212
6973,1.0669811821722508e+244
6974,1.4682516802832292e+287
6975,2.5117451705874922e+115
6976,7.038044296056686e+271
6977,1.0798562634887799e+230
6978,5.59510876205769e+202
6979,2.963461274188497e+286
6980,8.004300014148418e+280
6981,2.7018792187653145e+192
6982,3.414317208253584e+257
6983,8.763827770014488e+289
6984,1.3635265100140946e+286
6985,2.946504645780782e+285
6986,1.8336515471636196e+179
6987,1.0835630618184806e+284
6988,4.198321538423814e+230
6989,2.2966536047652648e+235
6990,3.3788000083519254e+282
6991,1.5535938694642529e+240
6992,4.108690644861929e+269
6993,8.923405974230546e+179
6994,1.4169562202983295e+287
6995,2.4230566665197566e+285
6996,2.7900789341840807e+200
6997,6.65708107893929e+266
6998,1.4617905243924602e+252
6999,1.1426884639911438e+251
7000,4.270961564005228e+249
7001,1.676909720708603e+286
7002,3.5976685104429575e+205
7003,7.34127290550438e+289
7004,1.1993725743704421e+288
7005,5.317806532750952e+273
7006,1.9066248460476027e+242
7007,6.9508206535932085e+270
7008,8.446038409687915e+258
7009,1.1479731426209812e+260
7010,9.205556792063891e+289
7011,8.503990113767509e+284
7012,1.786676785560376e+212
7013,9.193760044072206e+289
7014,1.7058592437693644e+200
7015,6.657554614334177e+226
7016,2.2943332630048183e+179
7017,4.321592664222173e+265
7018,2.482170516379725e+186
7019,3.8474636096521495e+289
7020,1.313846344277928e+268
7021,5.221861982779244e+235
7022,1.4011979990279114e+289
7023,7.408660564155749e+212
7024,3.527956561395599e+268
7025,1.3176884428753147e+204
7026,6.407153068439725e+272
7027,4.847896367767738e+192
7028,5.0690063513533315e+284
7029,3.474701051543688e+236
7030,1.1694034048725663e+194
7031,9.158976924607032e+191
7032,8.76138294445581e+279
7033,1.1715970595391958e+289
7034,1.5358144883241684e+215
7035,7.531433336231107e+180
7036,1.0303563987536211e+266
7037,3.0307853680893015e+232
7038,1.7822433180352317e+289
7039,5.516444675726342e+256
7040,3.151784135801312e+281
7041,1.7438516045983058e+226
7042,1.691579698516058e+262
7043,1.7650391877096968e+270
7044,6.039897713101342e+192
7045,3.5874411683591855e+249
7046,3.221490300916777e+221
7047,2.3474377390420548e+289
7048,3.481076031040421e+233
7049,4.546264854607649e+284
7050,1.3212433793753734e+252
7051,1.4039883334043387e+245
7052,1.6915508980183312e+187
7053,8.857047899604866e+265
7054,2.642757891971762e+195
7055,3.288299311033013e+210
7056,9.122421551099898e+289
7057,1.7447128143998052e+289
7058,2.746115495711905e+286
7059,4.660913696424597e+289
7060,2.6076388516950236e+196
7061,4.4628020368556184e+288
7062,4.023643420653959e+175
7063,1.3468294512130026e+191
7064,7.960027422837341e+279
7065,1.3047560799563269e+191
7066,8.157433295159244e+272
7067,1.1741670124020344e+289
7068,1.6349600021630406e+259
7069,2.1233458078628565e+285
7070,9.21512767655881e+273
7071,6.225901447506953e+285
7072,2.7781673380727448e+252
7073,8.966343409247316e+289
7074,1.4137768762528368e+211
7075,1.4231094426750833e+241
7076,2.4921822585694088e+202
7077,3.423935666477258e+284
7078,4.659836369891289e+217
7079,2.3375064810052095e+287
7080,1.976468924145456e+258
7081,2.705824258197545e+259
7082,9.50097210132167e+261
7083,3.303597748141313e+200
7084,1.2062283599058984e+203
7085,3.998967376882265e+194
7086,1.1217909354598949e+272
7087,2.994446432361789e+280
7088,9.209154422773679e+223
7089,1.0992574964308248e+274
7090,2.9729256142219567e+191
7091,1.0217047366796902e+217
7092,1.5507758349056297e+289
7093,8.564785365316075e+262
7094,4.622618964495128e+279
7095,1.0807460007441004e+251
7096,3.867094254306894e+288
7097,1.2235476702938579e+209
7098,9.338418959103526e+187
7099,5.498311509270959e+181
7100,1.2862127661771611e+272
7101,6.40414480453347e+289
7102,1.0907757791565515e+233
7103,3.206624466031826e+210
7104,1.7142780927452005e+215
7105,8.949192276849004e+173
7106,3.654534142913709e+184
7107,1.4527930547218623e+249
7108,1.2534219223429866e+285
7109,1.2545076449637291e+253
7110,3.6679788929557003e+250
7111,7.463690757428508e+286
7112,5.302355541833072e+275
7113,5.524143063959965e+287
7114,3.812990637750051e+218
7115,1.224274725995949e+289
7116,2.1551699858152983e+173
7117,3.0842862136908577e+196
7118,3.3073386434016206e+284
7119,6.990587097095512e+276
7120,2.318418427357972e+279
7121,4.547633142831333e+172
7122,8.436508794394431e+288
7123,4.80606855642029e+244
7124,1.9394968134816456e+272
7125,6.00918423413987e+289
7126,1.2081225429696812e+283
7127,1.3797852052981965e+289
7128,3.3756027336545924e+188
7129,6.484996734698699e+230
7130,1.7774080136026678e+244
7131,4.060612301116548e+188
7132,2.377514172133879e+205
7133,9.754335420865417e+195
7134,1.3634602510162943e+288
7135,1.7558222055126368e+249
7136,2.7745038909341176e+286
7137,7.321745840358324e+287
7138,9.64418814374395e+288
7139,2.0051044473952177e+286
7140,1.6442371563798504e+272
7141,8.638030192626009e+194
7142,2.094862254334682e+238
7143,2.7491325657699976e+258
7144,9.104094712964248e+242
7145,9.757727146819937e+286
7146,3.158479971816219e+233
7147,6.707680600538313e+247
7148,5.824592959331303e+181
7149,3.4865033216721505e+244
7150,4.416550424823301e+237
7151,7.155988497800812e+266
7152,8.546224939379899e+289
7153,2.8121128510996683e+232
7154,9.137099729249271e+201
7155,4.7018081642660355e+207
7156,6.9413907818993274e+193
7157,8.675267664445441e+272
7158,6.164752549416175e+177
7159,9.41756739896672e+280
7160,2.2075426448008468e+288
7161,3.3042168460880585e+264
7162,2.7749028198326177e+213
7163,1.2550099577533314e+175
7164,1.1418069517848897e+184
7165,1.328343485501519e+289
7166,1.155311367227809e+256
7167,1.513151208249637e+261
7168,1.3375996287380592e+260
7169,1.272471781820848e+174
7170,2.0972419448973222e+225
7171,4.205717630554773e+287
7172,1.3647657439943467e+261
7173,2.2083604436999036e+284
7174,4.709809495062553e+193
7175,1.4883250044111627e+264
7176,4.702674648633432e+254
7177,1.3160017163819755e+289
7178,8.31184933123446e+236
7179,4.916722526360913e+258
7180,1.5683341987686584e+264
7181,6.646735060517834e+287
7182,5.772141374299437e+288
7183,3.910017296498215e+266
7184,9.252968655700152e+265
7185,2.4032795371702713e+262
7186,8.488167842527872e+262
7187,2.5370508804164427e+184
7188,1.0501017864529058e+287
7189,2.1294239131126886e+285
7190,2.7998782361901516e+284
7191,5.995675582361897e+289
7192,6.926651550173464e+280
7193,2.6273506519589903e+241
7194,4.8115901641496237e+232
7195,2.887746924602873e+215
7196,3.224201337758603e+269
7197,5.1874163592805806e+278
7198,9.006782210846371e+284
7199,9.257778482573203e+286
7200,1.2726439971906915e+224
7201,1.4032558894507266e+232
7202,3.513719242600039e+173
7203,7.620209952983107e+281
7204,5.866142787806195e+183
7205,9.461271227997105e+228
7206,1.1877843956877738e+284
7207,2.9679575292138016e+263
7208,2.391474343346151e+220
7209,1.3149274397502424e+269
7210,1.2455316581579103e+278
7211,2.1432172260094145e+264
7212,2.511551601425759e+267
7213,3.3148283410086155e+263
7214,3.760913439902441e+264
7215,3.4134360670252633e+248
7216,7.097726105469328e+247
7217,6.112240938987192e+256
7218,2.3941847856995446e+265
7219,3.2688453027797403e+198
7220,9.2092194625589e+289
7221,4.3013794154821245e+190
7222,3.066842629445584e+217
7223,2.4542693804072223e+215
7224,3.861906153213687e+264
7225,3.101734349912237e+179
7226,1.3433391734826876e+280
7227,8.861245627512507e+288
7228,1.147971046029177e+190
7229,2.7688853303683564e+273
7230,6.969718480838466e+271
7231,7.839159071450424e+283
7232,1.3225147762709237e+233
7233,4.109884103062649e+287
7234,6.257747965504624e+244
7235,1.583939045070382e+234
7236,6.343141893151383e+192
7237,6.516612450222105e+280
7238,2.106559789336758e+175
7239,4.475397808082573e+257
7240,2.7477482043007695e+260
7241,5.685415473567771e+226
7242,4.282763983867496e+177
7243,2.0608490439558893e+287
7244,4.683328605602368e+289
7245,1.0372681248986383e+276
7246,5.450099263327767e+173
7247,5.0589096770551437e+235
7248,3.6844024555628324e+285
7249,9.214742401878265e+289
7250,1.2074160763452263e+285
7251,1.618071867920551e+224
7252,3.9002371985999287e+180
7253,1.6523137952990215e+215
7254,2.904947670689983e+254
7255,1.4541488282501943e+256
7256,1.9550942316046898e+288
7257,1.3926931122000637e+208
7258,1.5051672147864248e+247
7259,3.999250961629048e+244
7260,2.0657682076314615e+284
7261,1.502583159080144e+282
7262,7.906718853249835e+231
7263,3.677177413527563e+281
7264,2.930011395098627e+289
7265,1.8851040499248776e+199
7266,5.904507423051e+249
7267,2.7539145243001306e+181
7268,2.4300770409479483e+272
7269,1.378943161257585e+184
7270,1.7585851299430928e+279
7271,5.690011314089718e+179
7272,5.283735123089324e+273
7273,1.3692954471698892e+289
7274,1.2668378208962534e+288
7275,7.602006705174747e+289
7276,6.410569904053184e+233
7277,4.809035627486023e+176
7278,3.9409823470801e+256
7279,1.3086362554738426e+270
7280,4.084880075047667e+229
7281,1.6809184481311544e+247
7282,8.277249656911906e+289
7283,5.4596319751674326e+277
7284,3.892511267479576e+272
7285,2.302722582278341e+277
7286,7.97662927758106e+249
7287,7.165708749782865e+271
7288,3.4036199538218777e+177
7289,4.2417146775685893e+214
7290,4.791776099543684e+279
7291,1.3067630634602716e+283
7292,9.29714678303663e+215
7293,4.849976279956627e+280
7294,2.369264302931333e+237
7295,5.964101051821841e+249
7296,2.2465630227164904e+238
7297,1.5021462224733034e+232
7298,2.321441716857946e+282
7299,9.304964762505048e+253
7300,5.51164805947337e+204
7301,3.849660396946075e+273
7302,1.8571087308142322e+226
7303,6.857993002101411e+276
7304,3.471630192740135e+190
7305,2.6293775491936673e+285
7306,2.7446997623379482e+277
7307,1.5565848837065173e+276
7308,1.6913988632555043e+265
7309,1.3904819586599326e+288
7310,6.257625061776026e+265
7311,2.9651981458857187e+286
7312,8.09235862309075e+281
7313,4.989693264881889e+271
7314,6.923681830732696e+289
7315,3.546233182487412e+273
7316,5.963175609612475e+270
7317,2.7701986695756413e+231
7318,5.196342927900277e+190
7319,2.291555046065526e+220
7320,1.322523650179033e+266
7321,3.5867391389987055e+262
7322,4.700441687595586e+181
7323,1.9766772902058385e+180
7324,6.704501444368782e+285
7325,4.686021543617899e+261
7326,1.433827685496071e+285
7327,3.9904468493160445e+219
7328,6.2837613800309785e+193
7329,1.1535385244370214e+274
7330,1.0193742429972107e+283
7331,4.732307549212772e+285
7332,2.628742561265678e+179
7333,4.7678192722968624e+278
7334,8.711413995549449e+227
7335,6.669836344746681e+289
7336,1.921084772940518e+274
7337,8.604270024099147e+289
7338,4.245691016342536e+187
7339,1.7353286960026876e+178
7340,3.172814078117564e+185
7341,1.8439830618253786e+222
7342,3.27892688874961e+284
7343,5.783636268989549e+289
7344,9.056441974527488e+183
7345,6.512971910130005e+274
7346,4.802560368690937e+277
7347,2.1144904604500426e+286
7348,7.80075188309226e+289
7349,5.8903058912968946e+255
7350,1.694712979304123e+228
7351,3.2534063345082065e+192
7352,1.7797292874933142e+258
7353,1.8449115934378265e+190
7354,2.1258910506488712e+243
7355,9.049088891779007e+223
7356,2.3767289008460056e+275
7357,9.055106160637095e+281
7358,1.1004635755514932e+275
7359,5.790425110561338e+286
7360,5.095169704240614e+279
7361,4.917750572617129e+199
7362,5.503904403891064e+243
7363,4.354509624061537e+206
7364,3.9935629839395757e+282
7365,7.89825881984362e+270
7366,3.958644948233723e+285
7367,5.5145046836396295e+178
7368,6.463746782678476e+177
7369,2.0042270703150985e+265
7370,1.7464196148279177e+288
7371,2.1838629297617484e+280
7372,5.744099470333446e+248
7373,4.820718485698389e+138
7374,1.2274200176472694e+262
7375,1.558327489101975e+197
7376,6.844286648141609e+267
7377,5.681653069382867e+269
7378,2.930772003233754e+282
7379,5.816973172597326e+288
7380,2.79630371515632e+198
7381,6.082621004407268e+273
7382,3.568468345412938e+288
7383,8.672559715796086e+181
7384,1.7342374931971076e+206
7385,1.0773660408488452e+187
7386,2.536777797845387e+232
7387,1.7438791770403407e+247
7388,2.286288649304684e+287
7389,1.6083379375113003e+212
7390,2.5414394585460085e+257
7391,3.051844630117981e+260
7392,1.724549370437683e+210
7393,3.8865931554261817e+285
7394,4.398788581574981e+287
7395,3.416327213659332e+180
7396,3.1971519990093653e+173
7397,3.970595393510801e+226
7398,5.083791198194614e+285
7399,9.6076107907365e+235
7400,1.0800428529589304e+232
7401,8.929982815160117e+286
7402,7.980692884206546e+263
7403,5.1840973306913925e+182
7404,4.092037955558816e+289
7405,1.166459404112815e+198
7406,2.8830463446044507e+174
7407,3.133478071666333e+289
7408,4.646646740847232e+192
7409,1.3462845919540744e+98
7410,1.3732186295400998e+288
7411,8.155556805835042e+250
7412,8.542153845124417e+208
7413,1.0178702682703251e+237
7414,6.355951407333665e+220
7415,5.412332994963535e+232
7416,4.515627556556976e+278
7417,2.6164531515959533e+266
7418,2.809249233562084e+213
7419,1.1704353671886118e+275
7420,1.6410526611187754e+203
7421,6.061439019098373e+227
7422,9.278285789048392e+249
7423,3.532520364090665e+288
7424,1.6927151178124192e+242
7425,1.9834668212275324e+279
7426,4.357846750627311e+214
7427,2.3165756279147888e+282
7428,4.0438360887211446e+253
7429,1.8362951308814463e+204
7430,1.1289477890458144e+270
7431,3.865711919117503e+280
7432,2.650109384516193e+177
7433,1.7765229732709088e+214
7434,7.559394911008823e+281
7435,3.8064714414245118e+267
7436,5.0468037141941324e+221
7437,2.060242808412232e+190
7438,5.435831130415152e+287
7439,2.934520920281474e+255
7440,9.717869218925208e+255
7441,2.0632311265249263e+263
7442,1.8483330044757035e+282
7443,3.5604220426294316e+231
7444,6.375592578776842e+235
7445,3.4874558400495454e+279
7446,1.9371845261396772e+275
7447,2.742402074993345e+269
7448,3.84299416402336e+183
7449,7.09717194533027e+220
7450,4.556879034856716e+189
7451,4.640668299557874e+232
7452,5.317567607584376e+256
7453,6.262189394194648e+273
7454,2.2921274231833206e+202
7455,3.6481093014451056e+230
7456,5.19027827198405e+237
7457,1.4920313223316168e+287
7458,3.028322441312325e+239
7459,3.167141674336369e+287
7460,1.5633553857186913e+209
7461,5.184658386593242e+272
7462,8.643455165399608e+278
7463,1.4414488892599555e+272
7464,2.3235246584403537e+252
7465,4.602358735785023e+271
7466,3.5852891009929506e+289
7467,3.0072666880710996e+208
7468,2.813682160792371e+260
7469,1.775321601646939e+244
7470,1.4373801631989993e+269
7471,1.3383549353173877e+243
7472,2.0911415921042858e+210
7473,2.1431099807876192e+286
7474,3.289429150853271e+289
7475,1.2782590045623005e+221
7476,3.7399693318719213e+279
7477,3.045775280867709e+234
7478,9.805124538403196e+224
7479,1.9770208483891082e+284
7480,5.863423954180096e+212
7481,3.778606106705952e+253
7482,3.0619155649706053e+222
7483,6.137383395590195e+224
7484,2.5026399155933234e+279
7485,7.20943036927285e+275
7486,9.307654452356869e+224
7487,5.323872448753104e+286
7488,1.6411727052690606e+210
7489,4.8963588379223447e+272
7490,6.979878965519044e+285
7491,8.594534366999968e+284
7492,7.77770410099404e+179
7493,1.5923801725348974e+244
7494,1.1797887119837352e+238
7495,6.640605560404352e+288
7496,1.4345914763985154e+230
7497,1.5522336942710707e+247
7498,6.882941302888548e+281
7499,1.5841670116752862e+193
7500,1.6853988680354563e+258
7501,7.1175946779683195e+289
7502,7.379538209154297e+274
7503,1.5848431920898493e+289
7504,3.818188167604574e+184
7505,3.598789328568533e+254
7506,3.248247613489149e+179
7507,4.0995956710049295e+263
7508,2.5928598786518643e+222
7509,6.926024762501824e+219
7510,3.479153642764756e+288
7511,1.2545564036937432e+288
7512,6.943916951162411e+242
7513,3.5533714455620834e+210
7514,1.05194398371863e+289
7515,4.3705620456679975e+260
7516,2.8952047031421445e+200
7517,1.4192690210049824e+280
7518,2.1188220552894164e+288
7519,3.779390222613383e+255
7520,1.8953087828807046e+132
7521,2.3152815048662356e+289
7522,7.540683527318806e+186
7523,5.730035847738592e+190
7524,2.650759109968986e+207
7525,2.6916651526383005e+287
7526,8.099106620369373e+288
7527,1.7936090701657524e+240
7528,6.902511642493418e+275
7529,5.654115019579574e+289
7530,2.579352544946115e+289
7531,5.81796728781376e+194
7532,8.328832265531422e+289
7533,2.3354678739793622e+255
7534,5.684150042293286e+186
7535,1.2204187931660998e+221
7536,4.885307764065233e+289
7537,4.5642958756295206e+187
7538,2.2814153038609788e+212
7539,3.55331932019896e+262
7540,3.6431935938390136e+273
7541,3.036757943357501e+281
7542,9.218528631837169e+289
7543,2.8591547691756923e+269
7544,1.4813070866069011e+193
7545,9.231981587795949e+289
7546,4.340989683201696e+267
7547,6.40465868560487e+282
7548,3.629658243553711e+183
7549,1.2174885475319356e+236
7550,1.2715791946483351e+262
7551,1.3708213123884219e+252
7552,6.077585497126715e+208
7553,1.8081366599954224e+277
7554,2.8776982082942935e+289
7555,1.774835188491672e+201
7556,1.0153881212883542e+206
7557,1.2329486900654912e+259
7558,8.099598285845218e+279
7559,1.4085104476357578e+226
7560,8.399155459922315e+233
7561,6.905779644162025e+241
7562,3.9987742649263095e+286
7563,1.0090430145945358e+238
7564,3.505014067703567e+114
7565,5.188465248155352e+259
7566,3.6048312959301087e+235
7567,2.3244992365866326e+278
7568,3.9222202816134595e+210
7569,1.5069026579188279e+287
7570,9.225642453299931e+277
7571,2.007146288426026e+271
7572,4.508320799078045e+268
7573,6.221700959438458e+289
7574,5.277772882995349e+289
7575,6.953630819706239e+213
7576,1.2911544795386322e+188
7577,2.1751646632424537e+283
7578,8.878246241445971e+182
7579,4.685260496761632e+199
7580,5.577350097121851e+248
7581,1.9247159293760884e+206
7582,6.547634574371239e+279
7583,9.96472217927281e+179
7584,4.283147226861534e+270
7585,4.738814471226611e+200
7586,1.9080712205656435e+257
7587,2.1592618270796543e+258
7588,7.207588994564328e+222
7589,4.1694899053824875e+289
7590,9.535206949580544e+249
7591,2.4308873646955654e+193
7592,3.3485085436056414e+215
7593,9.010172443606914e+284
7594,7.410061748111264e+282
7595,1.5572333407196897e+288
7596,3.4118784188624807e+289
7597,2.539472274863867e+261
7598,3.8646007446047566e+264
7599,5.767271280933269e+236
7600,4.821249499812894e+211
7601,2.4938261335624537e+283
7602,7.02857634376562e+210
7603,4.618753556093894e+286
7604,1.3079678840437305e+276
7605,3.6901900601655704e+285
7606,2.214219704194484e+204
7607,1.20470546323656e+269
7608,2.566087273745451e+247
7609,2.808663204985992e+285
7610,2.777018227462781e+233
7611,2.0714727111960753e+281
7612,3.57853840879781e+275
7613,5.292040146995613e+223
7614,3.114739630781613e+288
7615,1.8586679623265087e+207
7616,1.3272683623428196e+273
7617,6.459141364662864e+229
7618,1.381032710055074e+243
7619,1.06366885089778e+270
7620,1.4379157257852138e+286
7621,1.2917015183860075e+283
7622,1.3485961579856677e+220
7623,3.7476976089691192e+261
7624,1.56642338081753e+215
7625,4.85702105776243e+225
7626,3.144363919681712e+284
7627,8.33304272584932e+227
7628,4.706927998380036e+262
7629,6.001133690616886e+176
7630,3.035804065380878e+252
7631,7.541192830884985e+231
7632,1.336863276635561e+276
7633,2.4032677645347908e+262
7634,6.903774718936897e+183
7635,7.161657473001375e+215
7636,1.8870935760666046e+276
7637,3.6309349642082926e+250
7638,7.310527143337337e+259
7639,1.9985670128273042e+273
7640,2.7041293644992926e+261
7641,1.5080229928455102e+241
7642,6.901670482155588e+245
7643,3.3654974806680413e+254
7644,1.296960881131057e+274
7645,2.7379577088689943e+208
7646,7.843597601837946e+205
7647,3.398866206634459e+209
7648,9.870850110425935e+286
7649,1.8369815635101279e+195
7650,3.1019415405462905e+229
7651,2.748226352662736e+251
7652,2.3421002308015252e+185
7653,1.5032274301026214e+184
7654,2.0322887311294315e+184
7655,4.481452824928431e+221
7656,7.182363854783251e+288
7657,2.316436354700555e+282
7658,4.847001941529697e+188
7659,3.8736173749388926e+234
7660,5.735739877974004e+220
7661,1.8351810583346106e+218
7662,4.168013977728263e+238
7663,1.7490941121526225e+271
7664,3.4973938280826974e+281
7665,1.6551529680011097e+279
7666,6.182485179671326e+281
7667,1.0999473260797444e+234
7668,1.5914757470836891e+258
7669,9.534644423954276e+227
7670,6.307427793712785e+289
7671,2.916644482013112e+287
7672,9.323443669345597e+264
7673,2.350438332856488e+256
7674,1.3307512200009636e+272
7675,1.6718772696182622e+204
7676,2.760561269625374e+289
7677,6.352458892942263e+287
7678,2.783896422134433e+190
7679,3.620614985962178e+279
7680,4.0876420903252063e+232
7681,3.7136788166831064e+286
7682,5.125530042767514e+267
7683,8.329626654505473e+288
7684,2.5294004621987424e+289
7685,6.92874840263814e+278
7686,8.701783418861791e+274
7687,6.874368232091224e+263
7688,8.475550123234758e+184
7689,1.100355426867867e+236
7690,3.660750280462878e+287
7691,2.2929760473884504e+289
7692,2.0495562574624936e+258
7693,7.937712027007874e+282
7694,3.9219299380189723e+223
7695,4.910496214479707e+257
7696,6.205567538544691e+192
7697,1.0187276271055722e+265
7698,5.920220625232651e+288
7699,2.595669181082693e+194
7700,1.2269798612817597e+225
7701,3.0636102426977974e+278
7702,4.665147631688259e+172
7703,2.7501950283664442e+287
7704,2.440103452524966e+261
7705,4.462439037984025e+181
7706,3.4157779518710913e+228
7707,2.5482324226374193e+284
7708,9.057959174053195e+273
7709,2.013112713875674e+252
7710,8.463570628658424e+223
7711,4.254060232600686e+242
7712,1.0253912897018335e+238
7713,4.2075610830550866e+288
7714,3.3696749305540756e+36
7715,3.5444377743703276e+262
7716,7.380105361052122e+289
7717,6.54301956401071e+172
7718,1.0470045922891356e+245
7719,2.1737495472283944e+276
7720,2.1457329617144634e+253
7721,1.4898272296521867e+195
7722,2.161361706670481e+213
7723,1.9350734269294996e+266
7724,1.4581931548203849e+239
7725,1.3346287324359894e+262
7726,2.2346920949477367e+194
7727,1.56233424896508e+231
7728,1.5085671360559062e+191
7729,2.8042614089653426e+277
7730,1.1778623456630888e+286
7731,3.6485246611678494e+252
7732,5.596901726309214e+280
7733,7.707861393560062e+213
7734,1.831321390330797e+198
7735,9.891417349122283e+246
7736,5.099960792459553e+271
7737,2.638528500564783e+217
7738,1.9415149686199123e+204
7739,8.81314009916309e+287
7740,9.395717151109542e+269
7741,1.919213285151452e+288
7742,2.5915771922313437e+278
7743,9.070456732301493e+289
7744,3.9857284158397714e+245
7745,2.08175591345332e+196
7746,3.0003358984945367e+262
7747,1.4739976104020436e+187
7748,9.948749430512912e+279
7749,5.88446433786599e+222
7750,7.52006242002143e+285
7751,7.917832483077391e+256
7752,2.141247806974784e+281
7753,5.573142293294346e+193
7754,1.8301323626160902e+289
7755,1.0665189087539752e+259
7756,2.4430467986097903e+207
7757,1.4339202194603912e+269
7758,1.3511912063665659e+272
7759,3.896468507013705e+236
7760,6.551624590641327e+186
7761,5.897490426961266e+289
7762,1.9405910027724628e+177
7763,1.3504975753182333e+275
7764,1.2103048693364177e+264
7765,1.0602858973309468e+198
7766,1.3774927412002225e+261
7767,4.598560880727216e+204
7768,4.051907757963502e+289
7769,4.106444139360552e+231
7770,9.09759652560364e+289
7771,7.510355341811459e+220
7772,2.748989649671625e+225
7773,2.3714183531471192e+287
7774,1.9344927800605326e+289
7775,1.1613375715466682e+285
7776,6.450009532468992e+230
7777,1.7003514433445114e+264
7778,9.971598119681274e+171
7779,7.1341590203973735e+224
7780,1.3362491936795776e+216
7781,2.0258952641896284e+239
7782,4.927651441720527e+288
7783,7.504522846807314e+204
7784,1.1676739295773029e+207
7785,3.942687066826083e+285
7786,2.4554120992863486e+283
7787,8.574475839604758e+188
7788,2.5382392368970005e+287
7789,1.118884852841909e+244
7790,6.471446260247301e+137
7791,1.9896756922462197e+273
7792,3.298277392008856e+231
7793,6.329658353032905e+277
7794,3.474857397792456e+190
7795,2.4448429933705827e+222
7796,6.25697133308302e+209
7797,2.9453538072654277e+260
7798,1.085448148741247e+260
7799,1.1944276053976031e+214
7800,5.109311503822039e+287
7801,1.659114441586915e+249
7802,1.265185070384851e+255
7803,7.171405671036125e+254
7804,1.8163653057721823e+196
7805,8.740827975168393e+277
7806,1.797861594545266e+249
7807,3.829399862969026e+234
7808,9.741159031645214e+219
7809,2.9066950494276703e+220
7810,6.641740587973147e+265
7811,2.7075490910172407e+280
7812,4.3447071312662055e+259
7813,1.8628346026877613e+270
7814,1.2581210418261536e+258
7815,2.279345961153932e+286
7816,5.277662921909033e+271
7817,1.1617542853624343e+268
7818,9.632370390904091e+275
7819,4.350633722337134e+274
7820,2.837363167954378e+285
7821,1.6311709380985448e+289
7822,1.627624680940739e+267
7823,4.053370559113703e+255
7824,5.939016210412331e+278
7825,1.6433013467599434e+202
7826,4.0868058140220197e+223
7827,6.036333250945698e+219
7828,1.1504482992377624e+285
7829,4.244296135246378e+193
7830,6.522134723395804e+195
7831,2.383028352781685e+243
7832,1.7493620946881818e+242
7833,2.749155289309496e+179
7834,9.854699468341729e+283
7835,9.558135689282252e+270
7836,1.0210518869526832e+256
7837,2.7571075495840362e+233
7838,8.279485136366299e+289
7839,2.827674178935675e+285
7840,2.654238088140153e+223
7841,1.2824419636652007e+238
7842,1.3877415055015494e+260
7843,1.085338636503054e+192
7844,6.4189603188644e+222
7845,1.7011272423383833e+207
7846,1.6888472068561132e+283
7847,5.610242378423154e+272
7848,1.7266865295432992e+289
7849,3.3229564889653094e+214
7850,9.707020589687218e+277
7851,2.6525175353721307e+246
7852,4.530684192422959e+238
7853,1.0486234456521862e+286
7854,1.1356913154007129e+228
7855,3.230428596469886e+175
7856,1.2600106551973428e+226
7857,1.4059578756462601e+202
7858,1.3338155464579218e+229
7859,5.13273995436561e+286
7860,9.89558690151206e+232
7861,5.243129506904714e+203
7862,8.535354113826625e+289
7863,5.825006718657852e+289
7864,1.6334860386137165e+269
7865,1.0883135643324296e+179
7866,2.2937374005977024e+187
7867,5.081617707506273e+288
7868,1.60821489943315e+281
7869,2.737334248659304e+236
7870,1.6998541296024658e+201
7871,4.766920200921779e+201
7872,7.10631645608528e+287
7873,5.116151735193374e+285
7874,3.959966675553115e+235
7875,8.32306763787254e+289
7876,1.0037994532913105e+194
7877,1.3399367790839188e+269
7878,3.727076509327248e+243
7879,3.758434827682448e+288
7880,3.141652583126429e+264
7881,3.7143587061017483e+289
7882,3.652964422669655e+266
7883,4.072051564900698e+220
7884,2.5270853486425138e+190
7885,1.9397438225117938e+213
7886,2.9322381003398408e+253
7887,7.967597680041982e+211
7888,1.923622204694305e+263
7889,9.955875767083073e+238
7890,6.050705941059293e+259
7891,8.558775357565564e+208
7892,3.1853281626877377e+236
7893,3.5065172830605665e+204
7894,1.2053888587626917e+224
7895,1.3885463641322847e+225
7896,1.1495162158693097e+228
7897,1.4775148346368551e+264
7898,4.772437205057185e+203
7899,5.462810268582328e+251
7900,1.969908347340342e+289
7901,3.3489136285719652e+246
7902,1.8631514197946926e+273
7903,1.7133082463304285e+260
7904,3.27679777597995e+289
7905,7.944603664102113e+284
7906,3.9327048856737273e+225
7907,1.5832262730958833e+273
7908,5.862704780988997e+289
7909,3.8552899825519607e+289
7910,1.1061488375848477e+227
7911,6.645664303552598e+269
7912,2.702677735786852e+240
7913,9.932636268307843e+283
7914,1.2904743846793308e+194
7915,2.396098883455848e+183
7916,7.452732050507191e+191
7917,8.457893670610102e+217
7918,7.745210994675553e+289
7919,1.085391152449996e+288
7920,9.730423507307909e+276
7921,7.876584818579562e+289
7922,7.061786737955457e+184
7923,2.27221134551748e+289
7924,5.502687340766413e+227
7925,1.6787850332768845e+197
7926,5.120070511019031e+283
7927,5.335619387056699e+269
7928,2.124879067926721e+265
7929,1.2163178027955668e+183
7930,3.1828463039838782e+280
7931,2.1474658200723525e+249
7932,8.568423558646857e+224
7933,1.1633687762807548e+196
7934,3.561137552902273e+279
7935,3.886915206984566e+213
7936,2.1898762565887502e+209
7937,1.0461631925225107e+242
7938,1.026138240489698e+262
7939,3.803680533209047e+266
7940,3.396039747465869e+178
7941,2.5096315969893884e+245
7942,5.407604983678017e+289
7943,8.847304618656025e+289
7944,4.216815809505978e+248
7945,1.2044179751311223e+201
7946,9.557287122217306e+231
7947,2.1288979774926205e+217
7948,2.388333850751828e+287
7949,2.1353157289523948e+219
7950,2.3200027999627364e+282
7951,4.007773317341068e+278
7952,1.3196059097359791e+224
7953,2.1201742061430585e+199
7954,1.0125472126052477e+214
7955,7.612671731032778e+247
7956,2.6791387749256457e+213
7957,1.7882382478948188e+186
7958,4.471884740830041e+226
7959,1.9255311682792264e+272
7960,5.778960603560874e+282
7961,3.357360311491994e+265
7962,4.68467337101254e+289
7963,9.226718416298672e+289
7964,8.695897986931272e+214
7965,2.1280720010125307e+278
7966,7.499354046162991e+263
7967,7.622867498003396e+239
7968,1.5330215740175156e+244
7969,3.2926457914838906e+275
7970,7.574455228087594e+274
7971,1.278409414784843e+274
7972,6.443600235066102e+289
7973,1.412239875071958e+289
7974,3.40286765241978e+176
7975,5.907882273610113e+278
7976,2.3955872451346372e+288
7977,2.0502119238873774e+268
7978,1.3191803518332778e+198
7979,2.4028491958828753e+250
7980,3.2215768610384552e+268
7981,9.366503444804071e+260
7982,1.5388903159907752e+218
7983,1.1971705544326933e+261
7984,2.9797716621737983e+262
7985,3.192404714654074e+263
7986,6.438765849829143e+180
7987,3.461230342237713e+234
7988,8.455662264860838e+271
7989,2.0514920014472234e+191
7990,3.347211795269979e+278
7991,5.585924108602591e+276
7992,1.6774794981742884e+289
7993,1.8666605756589383e+182
7994,5.799891095055942e+217
7995,2.808263616250124e+222
7996,3.069478833703937e+280
7997,8.255997113093096e+257
7998,2.9012421484527043e+206
7999,7.555389066814177e+236
8000,3.0653318688101195e+269
8001,6.223040163453583e+248
8002,5.510074702068832e+177
8003,3.7555141216053714e+235
8004,5.216412147404941e+224
8005,9.929966272417792e+283
8006,4.748990690995686e+283
8007,8.297824181179981e+277
8008,1.4424327042171632e+283
8009,7.805129681054225e+289
8010,4.944466598391707e+186
8011,3.0168273113303474e+195
8012,3.2974070861537462e+283
8013,4.653730969797877e+194
8014,1.1473644256135997e+289
8015,1.6999093306422788e+275
8016,2.9296459589806723e+274
8017,1.6061425352628366e+213
8018,1.0747233017861167e+227
8019,6.492081443885375e+277
8020,6.525099465675038e+210
8021,8.22065165870901e+289
8022,5.773556741267538e+240
8023,1.9078218774224347e+254
8024,1.5860758981682667e+276
8025,3.680228291876677e+255
8026,3.6880423552917646e+180
8027,8.472682255269453e+175
8028,1.0864763677149129e+268
8029,7.870593641175392e+278
8030,4.108991322739734e+289
8031,6.560725617237004e+204
8032,7.7811158677941554e+289
8033,6.249198606782818e+180
8034,2.8936133919241634e+207
8035,3.290080229425389e+283
8036,3.253764812130171e+210
8037,1.3504379770654358e+216
8038,1.341842966761934e+227
8039,1.469118136619153e+241
8040,1.6844126419829798e+212
8041,2.733098707824097e+267
8042,5.823579084838311e+214
8043,3.5760231871659863e+258
8044,4.1124921223849494e+287
8045,3.172141303761066e+191
8046,2.3662576503371024e+251
8047,5.295666380554156e+248
8048,3.113330984836172e+239
8049,1.6298508543306777e+228
8050,1.5634010606113166e+273
8051,3.4368247683385017e+179
8052,3.6640882376568784e+269
8053,1.5010992611314062e+228
8054,2.5995945032073834e+269
8055,1.2270444877320567e+289
8056,1.5751409067468878e+259
8057,4.531184140884429e+287
8058,1.6471641577995477e+270
8059,1.5106849474123723e+289
8060,3.3129285332976813e+217
8061,6.588540961579452e+266
8062,7.729867800286133e+286
8063,1.9767149044533812e+179
8064,2.0803202430864145e+249
8065,4.1513942168671203e+192
8066,1.3285796753915652e+250
8067,8.373595128235546e+289
8068,1.8458480280007947e+179
8069,1.0945179994139848e+269
8070,8.694433883245252e+286
8071,2.4538315809458486e+287
8072,6.582602503069362e+289
8073,3.5911226897075704e+288
8074,9.763294288928444e+262
8075,9.827899703396898e+288
8076,2.2307899990160807e+289
8077,1.6214786779186083e+246
8078,5.477228384057584e+172
8079,4.942225598025532e+220
8080,3.6036605299931047e+242
8081,6.366434063765521e+288
8082,2.1925968515582753e+172
8083,4.618976669735218e+179
8084,9.615812659896602e+279
8085,1.0270745065213675e+223
8086,2.8245656768415388e+218
8087,2.186460735357182e+193
8088,4.3317160152327457e+191
8089,4.602971919431287e+199
8090,4.337261304292137e+260
8091,4.178544558891115e+206
8092,1.0036069491068997e+177
8093,2.1746574234242546e+173
8094,6.850967768500041e+274
8095,3.60831428302075e+224
8096,4.128537428915268e+287
8097,8.1377320726559e+215
8098,1.0873853475828065e+227
8099,2.362642767840056e+189
8100,8.18638603118129e+289
8101,2.238456589947123e+221
8102,4.1316596542890316e+281
8103,2.5192803351484604e+286
8104,8.539661646303553e+194
8105,1.7975060949723264e+272
8106,3.926656594709018e+189
8107,1.4453814870840652e+253
8108,4.5232049545e+284
8109,3.551187850121122e+244
8110,1.826813873268346e+285
8111,3.0501420118293816e+226
8112,7.079877508972399e+189
8113,8.736222632906728e+235
8114,5.875611038961522e+219
8115,2.9139986525083165e+286
8116,8.227121534027959e+289
8117,3.0206401271049645e+209
8118,1.2403014129313747e+226
8119,7.192372999079061e+210
8120,2.05554862391645e+261
8121,3.414082152009035e+284
8122,5.05258493513953e+181
8123,3.8903458975553415e+268
8124,1.0054034430454644e+287
8125,4.5378873041862266e+231
8126,1.1015156654474834e+244
8127,1.5774229007031544e+180
8128,5.925186766008744e+250
8129,1.5331315654378984e+279
8130,2.989304992096944e+282
8131,6.413401085435147e+192
8132,4.2203616934236335e+237
8133,5.194723020373504e+289
8134,8.96997973588606e+186
8135,2.913158773509432e+180
8136,1.5635154747274476e+225
8137,8.567037330951551e+215
8138,3.676992665764448e+230
8139,1.9768163768133137e+278
8140,1.6800967034805543e+269
8141,8.640816001413744e+188
8142,1.416449812755315e+245
8143,2.0838442207693854e+186
8144,1.0908140027021598e+234
8145,4.33843453061891e+285
8146,1.5277437602496644e+284
8147,6.079259037672123e+272
8148,1.7076207860569582e+232
8149,7.518483113699841e+287
8150,3.6909636936346162e+276
8151,9.651112358287642e+199
8152,1.854740525363119e+288
8153,2.0277076451229796e+263
8154,8.424882010179892e+176
8155,2.77144984617332e+229
8156,7.364534453003554e+281
8157,2.6013706651950755e+281
8158,1.0693240033347099e+176
8159,1.076257946709318e+281
8160,9.086328247469609e+204
8161,8.345953401754744e+271
8162,7.591320874975964e+200
8163,2.495483097660822e+223
8164,7.984132527846959e+221
8165,5.955619016252327e+260
8166,3.1838455719676754e+238
8167,7.702365481949995e+272
8168,1.1418838913684927e+266
8169,7.752166641509735e+289
8170,7.0362719350547e+189
8171,4.939197545402727e+280
8172,3.5683685768585284e+254
8173,1.7382554116889184e+272
8174,1.3282059526717778e+262
8175,6.773441617627664e+185
8176,3.366425877028362e+278
8177,7.322239880871611e+284
8178,3.4547071466682644e+285
8179,1.1261536193896432e+225
8180,3.342888108915737e+267
8181,2.534118872432593e+176
8182,8.734969573760664e+247
8183,8.293361862673557e+209
8184,1.0096371826357439e+237
8185,7.911814704762203e+252
8186,1.212898218555215e+155
8187,2.113922028112957e+282
8188,1.0044888324667748e+216
8189,8.706235951659336e+221
8190,1.9515805971374428e+250
8191,6.1906684050555015e+289
8192,5.344698312062033e+289
8193,1.8033418379734944e+228
8194,2.023204365076432e+262
8195,9.283599898309526e+176
8196,3.589246147544397e+270
8197,1.6505049156784887e+275
8198,6.63325314060149e+288
8199,5.59320238396497e+210
8200,3.8303061723626036e+248
8201,3.5457634324036665e+255
8202,3.39178179658349e+280
8203,1.1266870085869167e+243
8204,2.719183051132813e+241
8205,7.479166455188937e+258
8206,2.7837975527176953e+257
8207,1.879324366711026e+244
8208,2.7946255862476465e+197
8209,5.98083501556132e+185
8210,8.408402304630476e+284
8211,7.324223265301785e+271
8212,1.5285997636299733e+233
8213,5.2971904660595104e+287
8214,6.311805815513811e+268
8215,8.829811987703237e+289
8216,1.5490775871162855e+288
8217,3.7688901678815677e+174
8218,3.980411845714542e+288
8219,1.6669707211773054e+265
8220,2.380859557569415e+250
8221,1.2943008155839583e+287
8222,5.728245638022484e+211
8223,6.653064009225859e+286
8224,6.704297525282892e+274
8225,4.6474150747902343e+232
8226,4.7232201678376284e+288
8227,8.569292080856286e+287
8228,7.368662562544836e+286
8229,4.67426628184049e+255
8230,8.050139069252708e+242
8231,4.138461340540892e+248
8232,6.553371525331881e+220
8233,1.6311300182611165e+286
8234,1.5710238468673152e+253
8235,9.164280795205379e+262
8236,2.7288530626710553e+236
8237,8.151439880073717e+259
8238,9.207617847470855e+231
8239,7.518639533603992e+280
8240,1.3214277473058608e+289
8241,9.767272784352273e+252
8242,1.598837314032392e+214
8243,4.9347565550517855e+269
8244,1.877264760317705e+255
8245,1.0234827680633489e+277
8246,7.206192935694935e+229
8247,2.9682446080987946e+271
8248,2.4393480534958915e+286
8249,8.062194128886057e+272
8250,6.332430195407058e+210
8251,9.0347421349464e+278
8252,5.113341231871828e+278
8253,9.334462475956341e+202
8254,2.1026664748655268e+253
8255,2.0700833503527885e+257
8256,1.596114371329503e+268
8257,1.393800245356133e+177
8258,5.754785716882358e+289
8259,1.2465730177491595e+255
8260,1.65002224795467e+289
8261,3.540881260510738e+286
8262,1.3426584103976762e+267
8263,1.1063674071837275e+288
8264,1.3526420709066128e+222
8265,1.3854864089922916e+286
8266,3.300296249848653e+226
8267,4.794013321390672e+276
8268,7.182193544828858e+214
8269,1.0242870481494365e+239
8270,5.970957358639786e+265
8271,1.5461716548853718e+282
8272,1.010603785293158e+175
8273,2.086764902483401e+261
8274,8.224894883660364e+219
8275,8.828289482155927e+222
8276,3.5687929306666207e+223
8277,4.1822605472874584e+206
8278,3.780047620987649e+183
8279,2.1039355653192194e+256
8280,7.938079309786974e+284
8281,8.307951756007812e+260
8282,8.515959509448522e+267
8283,8.461753104178259e+284
8284,3.648247760612514e+253
8285,5.604868273355908e+270
8286,1.7027096846005648e+267
8287,3.931780386283067e+209
8288,1.218956997540854e+288
8289,1.966341025225972e+264
8290,1.756044546541715e+247
8291,4.76099305682674e+194
8292,1.0644608975406392e+212
8293,2.6166896799148863e+248
8294,4.624298321343139e+187
8295,4.932320772635203e+246
8296,7.942530654353214e+263
8297,3.6911585759752946e+278
8298,3.8058827496875008e+208
8299,6.115872810306458e+259
8300,8.227293225260225e+272
8301,5.663488996204681e+261
8302,3.7202989926366114e+213
8303,9.221981969323346e+289
8304,1.687068080508438e+251
8305,1.0121737747240218e+222
8306,1.5379110573224047e+211
8307,7.039582422795207e+285
8308,1.0608196913037606e+251
8309,6.279170060071824e+267
8310,8.95818014721468e+285
8311,1.622089072586498e+283
8312,6.231005095514889e+288
8313,4.459191591056526e+251
8314,1.0236143516971396e+181
8315,7.055577582132809e+282
8316,7.78990169080081e+249
8317,1.3345467657307019e+289
8318,4.69286670892658e+280
8319,3.0571109026684923e+268
8320,5.85968787551254e+262
8321,4.736477138462072e+273
8322,5.5617598212243696e+283
8323,1.8572059129336643e+267
8324,2.3089338811944e+286
8325,5.553079902390108e+263
8326,1.4853051531425305e+218
8327,1.882599279175408e+184
8328,2.8579164112112403e+177
8329,1.5012951907583976e+289
8330,1.2604082603889037e+173
8331,4.648578348487527e+189
8332,4.240646742552012e+234
8333,6.345068202889155e+241
8334,1.4630680330032574e+207
8335,2.6421685404212815e+239
8336,1.0835895944530615e+267
8337,6.935223264287875e+187
8338,4.863780302490162e+288
8339,4.0591920969073276e+279
8340,7.39214794890077e+184
8341,2.561007865293736e+212
8342,3.4282325167592005e+201
8343,4.827794482721628e+285
8344,4.3940008165118805e+280
8345,8.38816917711185e+222
8346,4.892844178344895e+194
8347,7.451377045522321e+289
8348,1.1949678984489918e+243
8349,2.0561168576229922e+287
8350,4.1964735870334504e+265
8351,9.841843633684225e+272
8352,9.859713746342272e+282
8353,2.8160098247312557e+284
8354,2.130900475621255e+278
8355,4.104928946953358e+228
8356,3.2807506388179374e+280
8357,1.6879604272028917e+287
8358,4.889801771943174e+270
8359,1.5968248376193675e+289
8360,3.5554505281677955e+232
8361,1.669791539239835e+189
8362,4.474435058412565e+257
8363,1.7520102400239282e+257
8364,1.5092506829837792e+226
8365,5.803140844671173e+285
8366,2.1208339707737425e+265
8367,8.811999397194275e+275
8368,3.8921152390900737e+211
8369,2.414061163761189e+243
8370,1.3521659318311734e+177
8371,1.1996611317233562e+195
8372,3.131152849635663e+184
8373,1.786625638327643e+271
8374,8.50586058415522e+268
8375,1.1630218808481858e+271
8376,1.589628720956167e+221
8377,8.797787675128247e+230
8378,5.189456321684068e+251
8379,1.343191304225004e+179
8380,9.266064874712893e+200
8381,3.464359609073239e+222
8382,1.2250857265090019e+289
8383,6.5952830564713305e+184
8384,8.643182194259475e+279
8385,5.2529297366842266e+289
8386,2.9055970294484766e+279
8387,5.466547251935616e+270
8388,3.466859935134696e+283
8389,4.909769839070932e+192
8390,6.829159620508718e+183
8391,6.475114016160574e+214
8392,1.9502552067084145e+289
8393,2.2665838702933482e+228
8394,2.7434345648361635e+197
8395,1.7386316353005533e+183
8396,1.1263464398950756e+288
8397,3.474169659977451e+268
8398,9.218981246071652e+289
8399,2.0433876778004155e+278
8400,1.0790507586007538e+204
8401,9.189799645050952e+288
8402,2.960850999024462e+285
8403,4.499829841432284e+231
8404,8.662864886272554e+289
8405,9.290742961478672e+286
8406,1.1650188163858811e+181
8407,4.74172414100138e+288
8408,1.6313249861178102e+186
8409,3.4353740608418113e+232
8410,2.3305549113987926e+201
8411,1.1039377856828782e+261
8412,5.729625419847209e+285
8413,1.4419055029132727e+285
8414,2.331231476176422e+240
8415,5.781416067625018e+262
8416,7.75840376286782e+231
8417,2.5062035142868696e+198
8418,1.327023682066566e+249
8419,3.201968796082298e+247
8420,9.209702386924176e+268
8421,1.5394315800412456e+266
8422,5.3870403792504736e+184
8423,2.7898953352506924e+205
8424,5.664825091064201e+209
8425,1.9998276019895655e+273
8426,2.8434104141445646e+275
8427,8.36643839706075e+177
8428,2.276358825543245e+289
8429,8.409648041811971e+275
8430,7.5189708209065546e+261
8431,1.1755074710801057e+273
8432,3.2181168809284445e+232
8433,5.013712755827355e+284
8434,9.30625816369319e+237
8435,3.3991116599196e+287
8436,7.615032350455187e+242
8437,3.5033146928430374e+227
8438,4.798771386523509e+218
8439,3.6578749376937837e+285
8440,3.670017813754488e+283
8441,2.0783501984913882e+282
8442,4.006717154587219e+243
8443,1.3578964337882817e+288
8444,6.890649048791147e+289
8445,6.989876555049713e+220
8446,6.416090981717129e+276
8447,8.879456556663147e+232
8448,2.6326046442816636e+241
8449,1.0104020032428555e+236
8450,3.82558136241225e+213
8451,1.8922546851577377e+177
8452,2.8387197165846914e+247
8453,1.4883749735835164e+287
8454,3.901804430495318e+280
8455,7.199111633432073e+282
8456,5.537958751179721e+241
8457,3.9193175330934256e+288
8458,1.987386019636386e+187
8459,1.3646616911739482e+231
8460,2.5741181361944537e+175
8461,4.5286599081003865e+283
8462,3.3174231483639287e+267
8463,2.3914822417516102e+229
8464,4.930224113398733e+186
8465,1.3526816562312323e+191
8466,2.405710575206425e+289
8467,2.102533525681443e+266
8468,1.6883474809921734e+184
8469,3.9084973484162055e+267
8470,3.1418391502146623e+245
8471,4.580962320383965e+238
8472,2.7065081041422818e+280
8473,2.6310698444966447e+262
8474,6.219192270574535e+289
8475,6.279559907529689e+191
8476,1.2262105810956056e+191
8477,7.58551166755446e+212
8478,5.803397820503722e+274
8479,1.127039369197309e+269
8480,4.226383142800613e+251
8481,4.0812600613491804e+254
8482,4.074567308265366e+183
8483,4.260358072357894e+285
8484,8.007049280283633e+260
8485,1.5087380272094895e+175
8486,3.714376896972797e+238
8487,2.150616676223073e+281
8488,1.834193653457609e+268
8489,4.818348954176124e+286
8490,4.1138870025599965e+228
8491,3.556740231175166e+275
8492,1.0928539950124162e+288
8493,1.1890833879694339e+264
8494,2.6839163538970233e+287
8495,1.0378078869207194e+219
8496,1.7210139028338709e+289
8497,3.8280258296667766e+289
8498,1.1542251442773857e+195
8499,1.6912634145906415e+260
8500,1.046921357887858e+220
8501,1.483164652180553e+193
8502,2.20449690299832e+289
8503,2.255265465347763e+207
8504,3.105230210239341e+241
8505,9.113885010204643e+263
8506,1.331524853390671e+288
8507,2.374946458083577e+259
8508,2.832335582890281e+269
8509,1.2993326959508018e+199
8510,8.724825481740628e+289
8511,9.168316198516687e+240
8512,2.580161869342048e+231
8513,5.736229051098204e+280
8514,4.071085157795233e+251
8515,1.4257746808974636e+270
8516,7.643823370341406e+288
8517,2.494372326056207e+288
8518,5.4671033128700196e+194
8519,2.118021563255316e+215
8520,5.911255206492128e+275
8521,1.2291795684323387e+186
8522,4.58067575666592e+196
8523,3.724460739739885e+244
8524,4.2060651991433357e+288
8525,3.969330113432366e+204
8526,2.8517621488718006e+188
8527,1.063440622861313e+245
8528,7.380670029411097e+228
8529,1.2629471274495891e+225
8530,4.2603451470860796e+276
8531,9.832913457661528e+280
8532,2.199035162205843e+263
8533,1.0831433873828386e+194
8534,5.008017599021252e+271
8535,5.628947969431169e+254
8536,2.8931711250330893e+283
8537,3.464039797594173e+289
8538,1.1861680129996623e+288
8539,1.9670189922555355e+274
8540,5.069596700503668e+208
8541,3.206421992858799e+238
8542,5.775971587006581e+272
8543,5.0533765399185775e+287
8544,2.9128395736194912e+286
8545,2.014373938159929e+285
8546,4.4801917197208416e+288
8547,3.9387483863908933e+198
8548,2.2075274683313336e+277
8549,2.5266688481081096e+195
8550,4.724329877138165e+273
8551,9.312659821993121e+266
8552,2.0403293246478358e+238
8553,9.114952328324619e+216
8554,2.415254150020147e+258
8555,2.3090968052416615e+283
8556,1.4050237860807273e+254
8557,9.354490658403109e+230
8558,6.944295076814203e+282
8559,1.0002338696252625e+275
8560,8.46263502346078e+224
8561,1.172663360628379e+264
8562,1.3496125366477173e+289
8563,8.285580810372394e+278
8564,1.7666341815475075e+242
8565,4.251754714712085e+289
8566,8.096265680145933e+289
8567,5.316119418986482e+188
8568,3.876798699961528e+206
8569,1.3162444014318722e+289
8570,1.9850709160504257e+284
8571,6.495031218923983e+182
8572,6.646451386496041e+276
8573,1.054586217880244e+256
8574,1.0587624092224776e+272
8575,1.355955858949339e+248
8576,1.8499725356595852e+267
8577,6.949472924500306e+284
8578,2.19845982356327e+260
8579,4.0591439771188776e+282
8580,1.5071784444639262e+279
8581,6.740202999968044e+192
8582,4.7073739166485444e+173
8583,3.7967976916925895e+283
8584,5.000717116638065e+183
8585,6.781070261322351e+206
8586,6.50564068056808e+249
8587,4.7552469233947457e+232
8588,1.266910295220728e+248
8589,9.65231837191774e+277
8590,6.403646519475706e+241
8591,5.0224712287206985e+197
8592,7.023950296840559e+222
8593,3.6309257854977013e+255
8594,1.213005220934329e+287
8595,9.252531930377013e+258
8596,4.296500185622927e+235
8597,3.873773335168653e+226
8598,1.0157639206437025e+249
8599,4.161389716348779e+242
8600,5.375319323452484e+251
8601,9.200867928604578e+269
8602,9.633570136052815e+276
8603,5.234451294200293e+195
8604,3.8171384441648866e+245
8605,1.883459967543254e+224
8606,2.981855264491819e+225
8607,3.6259182055015063e+192
8608,1.621500687429899e+222
8609,4.273719077710659e+227
8610,3.408833837216264e+270
8611,4.3286085794857574e+207
8612,3.553963985893284e+276
8613,6.084021485512853e+270
8614,1.0025451542617244e+280
8615,1.2937350518599327e+256
8616,4.5986662267466383e+266
8617,7.738389479158041e+219
8618,3.2613298068963755e+281
8619,9.525147338993149e+276
8620,1.0562368493717403e+288
8621,3.0705488206758115e+276
8622,1.0222687408909872e+208
8623,6.183638741022655e+204
8624,9.67513600637389e+187
8625,2.039914714901135e+288
8626,4.939491896296503e+174
8627,2.711568882416279e+289
8628,9.120738303705831e+252
8629,5.200799591751057e+275
8630,1.1171679641011256e+198
8631,4.516760153845396e+184
8632,8.191905329174808e+228
8633,1.2706385092136396e+289
8634,1.7282347013440382e+173
8635,5.327113244436426e+288
8636,4.7282944171058616e+238
8637,3.6046546502577808e+227
8638,3.0619702654068493e+263
8639,7.575221199945587e+285
8640,4.35566918333833e+269
8641,2.3033723884192566e+282
8642,1.6026282446133582e+259
8643,8.150384586938347e+280
8644,3.4872433629203328e+236
8645,1.0197554816869071e+248
8646,4.255743370215275e+272
8647,5.524981334714165e+206
8648,3.798908059085787e+189
8649,5.205456095044431e+267
8650,5.357245859815359e+245
8651,1.4140399802360365e+206
8652,1.416676249241351e+183
8653,6.473042147379988e+284
8654,5.190044196508018e+279
8655,9.884156236540933e+246
8656,1.1432784066850948e+180
8657,2.4060007974993258e+287
8658,3.2254291350105915e+285
8659,3.995594308514504e+275
8660,1.0616582174388975e+257
8661,6.440676201891731e+164
8662,7.55605456904503e+251
8663,1.454476222498266e+238
8664,8.645073427411146e+260
8665,2.603367077640691e+289
8666,1.0032222244872867e+229
8667,1.7102520433671103e+258
8668,3.430520533955707e+287
8669,8.77570769310658e+230
8670,6.9957101846725345e+230
8671,4.200250159718402e+211
8672,7.996966702074139e+223
8673,1.3066783061414999e+253
8674,2.8252053235634685e+204
8675,4.907137607887858e+236
8676,1.3198613835789381e+283
8677,2.0428874894646133e+236
8678,7.102535773929434e+283
8679,1.1629430843590126e+261
8680,3.1323868904920687e+177
8681,2.7601405946179923e+254
8682,1.4836875962048418e+288
8683,5.535997827504412e+215
8684,2.291391706403374e+203
8685,2.3994284841682402e+232
8686,2.5862927803947168e+253
8687,7.976602001207964e+288
8688,6.729149559063889e+200
8689,2.0265346129071596e+207
8690,7.847689725596494e+246
8691,2.3364672437375947e+210
8692,3.188779086841171e+271
8693,2.10683140544633e+289
8694,3.088647812995797e+214
8695,1.3020437263368313e+215
8696,1.1032366057956175e+186
8697,2.2378987739950873e+270
8698,7.81791761772567e+235
8699,2.8815429163633356e+196
8700,7.007417562573336e+284
8701,8.133087706036465e+239
8702,3.2362371948325446e+212
8703,6.627665948721941e+201
8704,8.439321086080752e+182
8705,5.546438357722399e+288
8706,7.73598885729606e+258
8707,7.82733283947379e+209
8708,2.1624640373048845e+289
8709,2.3881610394021205e+193
8710,1.778483127076962e+246
8711,7.2537881973026345e+270
8712,3.7483672644247524e+258
8713,5.133669391853174e+193
8714,5.264165950651157e+259
8715,4.743627595714491e+289
8716,2.075352171347217e+288
8717,1.2439408863548e+247
8718,8.642384977124103e+235
8719,1.3241882515068537e+245
8720,1.3108467671212427e+289
8721,6.417094405007151e+244
8722,1.1960521351991225e+277
8723,1.7954871886811617e+289
8724,1.226103173055123e+282
8725,1.494152351477008e+227
8726,4.1773045085580963e+270
8727,4.4278072879698265e+247
8728,6.975715322205425e+233
8729,1.964842110395829e+273
8730,8.471258350032192e+281
8731,1.961162697801933e+274
8732,3.4745849415353616e+231
8733,7.524951526508448e+176
8734,2.4565519414835534e+256
8735,1.165813033492375e+287
8736,3.1493560281013025e+244
8737,6.886220359780267e+249
8738,2.078563063729341e+286
8739,6.630770637958967e+270
8740,2.5911567199728494e+241
8741,8.902867145176462e+281
8742,9.670007694155445e+282
8743,6.864727518953726e+178
8744,7.4942203408869e+274
8745,1.5875870886999435e+229
8746,3.096968861482227e+219
8747,1.4814009781014133e+192
8748,7.473229469792145e+284
8749,2.877335587994602e+267
8750,1.36002385176576e+240
8751,2.328243916497247e+288
8752,6.702436532335794e+289
8753,4.215112849885703e+250
8754,8.22904599038214e+196
8755,1.3491355473272589e+218
8756,3.0989880687007766e+196
8757,2.3503607795161465e+189
8758,5.454623867598752e+288
8759,1.0449270727099362e+235
8760,6.4101024900688556e+196
8761,2.2463691046415055e+270
8762,1.8029676821502638e+289
8763,9.924778735236795e+229
8764,1.4133858299261965e+289
8765,5.679119072609844e+184
8766,1.993065276960969e+271
8767,6.320778363212924e+217
8768,7.53159714679051e+181
8769,4.618253383002586e+252
8770,3.0138704800970092e+287
8771,7.942737228382556e+254
8772,6.247442691886901e+288
8773,2.4085693475764894e+277
8774,8.983283336801043e+234
8775,7.919597473156374e+280
8776,3.1867972990284853e+288
8777,9.223544110132913e+244
8778,7.962723319622214e+190
8779,1.0784599402838025e+271
8780,4.7841315632240244e+272
8781,3.5912840622899647e+254
8782,6.760459647022218e+288
8783,7.454774744585749e+196
8784,3.1796401489230977e+202
8785,1.3084719126790813e+214
8786,2.241883574365292e+213
8787,4.100223933455434e+190
8788,4.917207592037644e+260
8789,2.428257987215291e+230
8790,8.917816919193306e+289
8791,1.468353280101134e+288
8792,4.6710697640348566e+243
8793,1.864737853199099e+289
8794,3.920564535317291e+202
8795,1.8360322630672462e+276
8796,3.849262588669133e+258
8797,1.3603218368749895e+216
8798,2.2862901791180405e+289
8799,2.744951269710036e+216
8800,6.9676676100769855e+289
8801,6.545562738527695e+262
8802,6.558931777009058e+253
8803,1.5878416600749315e+199
8804,1.9525621651976194e+283
8805,1.6877967689000405e+277
8806,3.0380987387459107e+285
8807,6.8460875217651556e+249
8808,1.002777902945375e+238
8809,9.856401058999098e+216
8810,4.377321016764681e+195
8811,5.368316241901768e+274
8812,2.9261223392823826e+173
8813,2.8306962253959745e+204
8814,2.4999217977091614e+283
8815,5.02902679983384e+176
8816,5.665047452941281e+201
8817,3.155526138464404e+263
8818,2.1472434417234066e+202
8819,8.063361835630353e+271
8820,9.527811655696925e+282
8821,7.273505665645074e+275
8822,8.511807970140993e+287
8823,4.241203218943869e+289
8824,1.8425389395284536e+251
8825,1.0251792730501582e+179
8826,1.9160810440097768e+278
8827,5.122881474819816e+288
8828,1.212864316290912e+226
8829,2.405820473453438e+194
8830,1.0973134125103428e+228
8831,6.701873793320308e+226
8832,2.4720316610575116e+186
8833,4.2478091651417395e+289
8834,7.021788186960749e+182
8835,4.5086479449944964e+221
8836,1.3668015875487403e+196
8837,2.054116115463728e+250
8838,3.8879438505944676e+222
8839,1.1438889279733957e+190
8840,4.1045585607642445e+245
8841,4.172956050562596e+289
8842,1.561888374271485e+244
8843,1.547935179717411e+283
8844,1.1084108494023556e+190
8845,1.5614770539649047e+276
8846,6.104083977104076e+194
8847,9.398360540334627e+255
8848,3.504627133779944e+277
8849,1.878018811088052e+264
8850,1.5781955113185307e+203
8851,1.0881073097985008e+199
8852,1.214934116178223e+249
8853,1.1294969074543847e+286
8854,2.966301240762394e+246
8855,4.8872670358125533e+225
8856,5.848482524119405e+204
8857,8.254753167038047e+289
8858,6.588898030154525e+217
8859,1.177837668162522e+203
8860,2.6760888751955145e+286
8861,3.0597694515794058e+259
8862,4.004940795859023e+289
8863,1.9861671479410103e+256
8864,1.733336866321297e+283
8865,2.1688893386013894e+179
8866,3.328317966591148e+289
8867,1.5717032088767016e+222
8868,8.934619069777975e+276
8869,8.409626673547352e+203
8870,8.698986446206649e+266
8871,6.489053186103719e+176
8872,5.605440008214331e+265
8873,3.843250037160346e+176
8874,7.536124757780833e+231
8875,7.110866019048205e+287
8876,2.1592872794524922e+238
8877,1.3397367951653431e+215
8878,7.647717486343189e+202
8879,5.657616051268107e+241
8880,7.150707257072642e+182
8881,1.2648675182605668e+233
8882,6.0100445920184515e+261
8883,2.7894609023793358e+247
8884,5.3213674225543176e+289
8885,2.859782470408612e+269
8886,5.800185278040643e+288
8887,3.506327470743349e+243
8888,8.724672053104186e+217
8889,1.251480389339369e+239
8890,1.0545266025073436e+227
8891,1.484548691720394e+283
8892,1.6163892624687859e+279
8893,4.881450575042314e+277
8894,9.062528402216236e+248
8895,1.0578689238769066e+211
8896,8.811504620851806e+217
8897,1.1086879885287013e+215
8898,4.612553310453702e+217
8899,2.570505938882207e+257
8900,3.417178492587552e+209
8901,2.1959151142943426e+99
8902,1.6114533299805677e+197
8903,5.794365117379766e+238
8904,1.0186128258004727e+246
8905,9.9634002509975e+282
8906,8.139900048452983e+203
8907,1.790728876644228e+228
8908,1.1541974771291858e+253
8909,1.0689563852270139e+181
8910,1.8368628607429554e+261
8911,5.13456518147647e+180
8912,4.657151172694776e+205
8913,3.936486745908366e+232
8914,2.507440240524794e+285
8915,4.4992067285930366e+265
8916,4.361613523338066e+188
8917,7.795931626260825e+222
8918,3.735004734309621e+250
8919,4.286349235716679e+190
8920,1.6258849148854105e+203
8921,3.226796643498132e+277
8922,7.670931483817048e+172
8923,3.2824284639066583e+277
8924,2.0728612695955513e+285
8925,8.186704783508276e+289
8926,2.9386314110230826e+191
8927,7.123431788205572e+183
8928,1.5394222899029559e+261
8929,6.831843649372346e+264
8930,2.170481774040925e+289
8931,7.850542934639636e+179
8932,1.7869504997442267e+225
8933,1.3011987129798338e+279
8934,3.305893153368959e+234
8935,5.470062819328283e+239
8936,3.654382285150853e+219
8937,2.6313544681764662e+250
8938,5.0963133574534456e+283
8939,3.4593201765185183e+277
8940,1.623681285830308e+176
8941,8.043194842121335e+289
8942,1.0780923170928412e+251
8943,2.24270912905326e+269
8944,1.766324667068972e+184
8945,2.428604195905711e+177
8946,4.3963419356415575e+172
8947,4.049870690988911e+224
8948,1.6280390969562273e+288
8949,2.9451819221188565e+254
8950,9.187099141326687e+289
8951,3.1030296193251963e+248
8952,3.385598359862488e+288
8953,5.391482572799317e+182
8954,4.016487259528045e+249
8955,2.2084505982143588e+192
8956,7.19489646486558e+289
8957,3.193014875064258e+265
8958,1.182747727505981e+254
8959,4.617996777579872e+282
8960,2.2101559781185762e+197
8961,2.0142242591036833e+231
8962,1.120825305079622e+261
8963,1.7494192199165698e+289
8964,1.1822581228368079e+191
8965,1.834400874713438e+280
8966,2.679176306317561e+195
8967,2.1117749848761285e+289
8968,9.835796432839651e+254
8969,5.421756843938545e+285
8970,1.5774177209344367e+202
8971,9.809033392583551e+212
8972,5.0020656335827075e+287
8973,2.4774600079149824e+193
8974,1.7791691407454425e+272
8975,8.844785383723357e+289
8976,2.7039488622041233e+220
8977,9.1248811328377e+182
8978,1.621280553128358e+259
8979,7.247426455752862e+274
8980,1.8425842683155882e+275
8981,4.0671106895936836e+262
8982,1.0320926295534757e+232
8983,1.1478949170278792e+185
8984,6.173425524648329e+279
8985,1.98467118333049e+288
8986,3.4182518907487184e+252
8987,1.8798947839982288e+271
8988,7.3113784643628096e+289
8989,2.9372884243953395e+285
8990,1.0389204189051729e+256
8991,2.6759836224131066e+272
8992,1.0655338171003872e+237
8993,3.0196218892150782e+172
8994,2.5515037741152526e+273
8995,3.552842657178546e+271
8996,4.5354877633045083e+285
8997,1.0024783852136667e+252
8998,4.1804830737645406e+265
8999,8.738957354949485e+213
9000,3.38446325887266e+220
9001,4.608634034544325e+197
9002,3.268612299346742e+218
9003,6.649749245749572e+187
9004,4.753844142989199e+201
9005,3.5050594585087916e+285
9006,2.237938035652233e+278
9007,9.36951966593876e+286
9008,5.296369715743227e+252
9009,2.9347825130560057e+252
9010,4.707280699108431e+191
9011,1.6315074847843076e+241
9012,9.448975298182764e+202
9013,9.635850440880003e+164
9014,4.034717919503964e+283
9015,4.567724042901467e+283
9016,4.462561812451721e+172
9017,3.814294961777594e+253
9018,1.6360829122526715e+181
9019,1.9340401481203393e+281
9020,6.871753912475317e+225
9021,9.220466043047642e+283
9022,6.696631489452659e+200
9023,7.03735434446726e+240
9024,3.5033437713430933e+229
9025,7.398576157286092e+287
9026,7.284600610829895e+227
9027,1.496668047133346e+187
9028,1.9027450996079474e+219
9029,3.187623150255222e+137
9030,2.3454000973877607e+234
9031,1.6867024229169075e+235
9032,3.696525483790987e+218
9033,1.5554644312985177e+217
9034,1.6850313731008384e+229
9035,8.458804748530407e+246
9036,1.761901487367642e+265
9037,2.0584407956690007e+276
9038,2.3219025511612766e+277
9039,1.2543162682662153e+267
9040,5.570027728654167e+232
9041,4.7284800279828165e+271
9042,1.4726009149399683e+266
9043,2.1236262903517094e+283
9044,7.835850680767501e+255
9045,9.243862199518301e+204
9046,1.3715923779262417e+257
9047,1.6008603462531035e+254
9048,1.7687217291600022e+210
9049,3.1122695880746696e+242
9050,1.5553385081033159e+174
9051,5.794978202091858e+216
9052,1.4600595621802416e+283
9053,2.94678425109268e+288
9054,7.621259028871596e+289
9055,8.220037899054345e+190
9056,1.1171158078388928e+286
9057,6.009444612981126e+243
9058,7.133269469856609e+197
9059,4.436793618850423e+288
9060,2.963140815428874e+238
9061,1.7445118365760363e+281
9062,6.193503375153888e+265
9063,3.905943641958986e+186
9064,4.678295023167845e+240
9065,4.53455424766566e+186
9066,3.788838520081485e+279
9067,2.908175359335336e+288
9068,2.189060190396643e+261
9069,9.154123891903726e+177
9070,3.611442879489255e+214
9071,7.589400216699883e+221
9072,5.2237381602392647e+269
9073,3.3741467224526625e+282
9074,9.118273115618068e+279
9075,2.384322558097936e+228
9076,8.530178963337082e+287
9077,1.709910552467923e+243
9078,7.487389369961809e+284
9079,1.3430740821910592e+272
9080,4.131797782287849e+236
9081,7.231457685810022e+219
9082,1.7090515917647306e+278
9083,6.592542411683434e+173
9084,3.491048390538229e+246
9085,1.3065947524675122e+253
9086,6.607696971396975e+274
9087,1.5164430997541238e+257
9088,7.126939069551416e+288
9089,1.801353400693319e+270
9090,1.3330498816619386e+178
9091,8.224791360899917e+288
9092,8.009221701647134e+285
9093,4.909701347303535e+272
9094,9.322743983317842e+286
9095,4.657374528429196e+273
9096,5.9354004977556884e+256
9097,5.302965245065365e+241
9098,8.847860955541472e+179
9099,2.6925559327552513e+206
9100,1.26060446578406e+289
9101,2.4895051821170123e+186
9102,2.0310590471495923e+237
9103,3.580520404549327e+216
9104,7.357930632282018e+287
9105,3.1312001196196376e+192
9106,9.419276368066387e+246
9107,3.067206364660615e+284
9108,3.871844357518745e+272
9109,1.8163054998411218e+233
9110,2.5423840981469888e+238
9111,2.2933585633462237e+287
9112,4.671459636018949e+185
9113,3.5724382942994845e+287
9114,6.936315356063138e+289
9115,2.618490290586012e+256
9116,9.712634930045282e+248
9117,3.79676387349723e+273
9118,1.5475980649548586e+224
9119,2.1435677472790968e+238
9120,4.666462701617818e+261
9121,1.5384220889307615e+265
9122,6.650475933117444e+182
9123,2.203647532637016e+239
9124,2.629950509294245e+226
9125,3.883311167158751e+267
9126,1.7459244096873804e+270
9127,7.4582058939069e+270
9128,5.810768636953335e+180
9129,6.575134087502817e+252
9130,8.72782710804056e+226
9131,8.250930745880262e+289
9132,4.5107019812955214e+237
9133,4.712765845140493e+249
9134,6.038301371501274e+289
9135,1.8489679839751102e+286
9136,6.222889235675352e+247
9137,4.9327845419714665e+184
9138,3.5240784574943174e+234
9139,1.8784674114789937e+200
9140,1.9744203518503375e+282
9141,1.909535010443978e+210
9142,1.578347633193457e+267
9143,3.2496510621446596e+274
9144,3.6340834064535524e+176
9145,1.1804499819693665e+271
9146,3.869931579221272e+254
9147,3.5804197569995356e+222
9148,1.0584114236046365e+175
9149,5.589061922119818e+289
9150,5.3402166206991987e+244
9151,2.9560470373668996e+174
9152,2.0065987689378896e+250
9153,7.2964087669511e+289
9154,1.0847257792835524e+180
9155,2.6323594338776963e+287
9156,9.512288071179028e+255
9157,3.322676744795174e+279
9158,5.848867219170843e+237
9159,4.8435896132375084e+184
9160,2.129898933603091e+276
9161,5.316075466412104e+289
9162,1.2445340779025928e+220
9163,6.35388740147136e+222
9164,1.409183629792843e+280
9165,1.2891897197809672e+213
9166,3.811010273742692e+267
9167,2.815931025219842e+288
9168,3.917350181579798e+210
9169,3.12798165357835e+120
9170,3.992778149616843e+259
9171,3.881476031894266e+249
9172,3.4515796955225483e+235
9173,1.1249945193921779e+265
9174,1.2540775490708038e+175
9175,2.4320345339480865e+287
9176,8.53925717406791e+253
9177,2.248453023192546e+282
9178,1.3275251261261341e+245
9179,2.54732540436609e+268
9180,1.8905782717350392e+287
9181,6.3856600667158774e+289
9182,2.5384172040702938e+234
9183,2.8892674323620567e+289
9184,5.451740003480828e+216
9185,4.980414615311686e+287
9186,7.203430164555081e+284
9187,1.636245835105053e+191
9188,4.347776303266803e+285
9189,9.271155475838198e+212
9190,5.26586542893684e+221
9191,1.5607394264165128e+275
9192,3.176078895705711e+272
9193,1.7778379298942723e+186
9194,1.4030870672827453e+194
9195,1.559741041613638e+185
9196,6.887074053812498e+289
9197,9.340714088379964e+257
9198,9.984919506173492e+180
9199,2.5404760717533754e+278
9200,3.646326382497512e+287
9201,2.140165930879031e+266
9202,3.853395044758962e+276
9203,7.035111777837065e+227
9204,1.7109996858505024e+267
9205,7.468943668792552e+231
9206,3.1704197686343196e+282
9207,9.902869719006323e+190
9208,8.915901382214271e+289
9209,1.3656623444077907e+275
9210,2.3939799616780946e+201
9211,3.672392999908054e+250
9212,7.503731281970107e+275
9213,2.7074921002215166e+261
9214,4.887861324140527e+262
9215,7.146932268744136e+257
9216,1.4262994715130067e+243
9217,3.143675651850874e+289
9218,4.214798276843788e+203
9219,2.5780995740831725e+256
9220,4.614154975831773e+257
9221,2.7712881288992168e+188
9222,3.691421577896922e+287
9223,3.6305322069808155e+287
9224,6.633802763070122e+239
9225,1.961258786628602e+178
9226,1.0333481668128854e+238
9227,2.806074666180432e+288
9228,1.0571785092138585e+288
9229,3.340570411411287e+187
9230,9.766678803388918e+261
9231,3.5731076301977174e+217
9232,6.740496352143767e+256
9233,3.2820701053895436e+186
9234,8.77701382945209e+228
9235,4.9005455592041163e+194
9236,1.4760149565089296e+194
9237,4.117924309567866e+197
9238,1.308419675614389e+248
9239,2.626616036136605e+231
9240,1.7061156254825883e+284
9241,8.68660170867773e+252
9242,7.91972394345788e+288
9243,1.0797699240493868e+221
9244,1.4061878430539445e+244
9245,1.474037019903151e+226
9246,3.2881856484938695e+278
9247,7.814012925176399e+254
9248,8.663004815597293e+199
9249,5.9449711777878265e+255
9250,1.328508420534062e+212
9251,1.202681095751737e+288
9252,2.229201307352879e+211
9253,2.9548165894230355e+243
9254,9.49916700168467e+286
9255,6.81592239569466e+194
9256,5.71256361769084e+223
9257,7.147415138852968e+194
9258,7.056606067207991e+289
9259,1.1792249270849117e+182
9260,2.1125057705481123e+225
9261,3.3567736457403274e+204
9262,2.2017706602318367e+199
9263,1.6472185673475234e+203
9264,9.232169175007617e+289
9265,3.5684182136780755e+289
9266,9.590229608986378e+229
9267,5.843861110899133e+286
9268,3.400510740685684e+203
9269,3.178991247476229e+278
9270,5.8175834448754766e+259
9271,3.283858630789869e+253
9272,1.065522047773289e+177
9273,7.64648535156452e+272
9274,9.614949101963685e+288
9275,1.217765033208864e+283
9276,7.298915930467422e+193
9277,5.743627072243686e+278
9278,1.30424528680522e+245
9279,5.482064331617576e+213
9280,8.457244062607964e+289
9281,2.762101546226577e+226
9282,2.887458037665792e+284
9283,5.000525173204117e+286
9284,2.7400517889862415e+173
9285,1.1262258004673452e+254
9286,2.1968894656772382e+260
9287,8.51413167654179e+286
9288,8.518069785322348e+282
9289,7.432086789456174e+265
9290,7.912248100105157e+158
9291,5.995312188120786e+179
9292,8.759835267620528e+275
9293,5.031331695083123e+244
9294,6.893014943621275e+240
9295,8.876247884413955e+271
9296,4.9523943103472955e+180
9297,2.8374179114465834e+214
9298,1.3936684153621645e+210
9299,2.600592347755173e+229
9300,5.693044360392289e+275
9301,1.0653197834752306e+207
9302,3.301575137439818e+220
9303,9.173583743479225e+194
9304,9.205294145786938e+289
9305,2.6696673503972597e+225
9306,3.0264821256769887e+235
9307,6.536563685961755e+205
9308,1.6233120504011972e+222
9309,2.0157013516315665e+201
9310,3.91723717479125e+288
9311,6.3589254392528915e+273
9312,2.871596740442516e+286
9313,5.863664679936953e+264
9314,9.576551588266902e+202
9315,6.351623417360044e+242
9316,5.969582288341962e+198
9317,7.956799926500349e+176
9318,3.5744310491989757e+287
9319,5.087403662780301e+210
9320,1.5762581904401083e+201
9321,8.364218042924297e+289
9322,2.824422319208535e+243
9323,1.693421935822476e+270
9324,1.1619685099778009e+181
9325,6.420709803682033e+182
9326,3.6603125008804905e+288
9327,4.795204297163538e+205
9328,3.523950860295807e+181
9329,3.111964434004801e+241
9330,8.117102930351159e+288
9331,1.4274713723794193e+284
9332,1.2763246205957405e+269
9333,1.8351025836755434e+182
9334,9.115977655287796e+282
9335,4.031360954968656e+281
9336,4.003869746457041e+256
9337,4.7079338189345527e+288
9338,3.073744955621508e+238
9339,2.8773374214206307e+282
9340,3.844656665277452e+277
9341,4.4474350701835e+275
9342,7.768737070182263e+281
9343,5.682850194680987e+288
9344,2.7242893069832282e+228
9345,6.758302482123808e+282
9346,3.648574025058897e+268
9347,5.865726014307695e+289
9348,4.423933393058482e+190
9349,1.6635576739461458e+236
9350,5.746153655914044e+208
9351,3.656018313179876e+223
9352,9.046946661814344e+270
9353,1.8370461088702523e+216
9354,8.043510406050454e+235
9355,9.256020168605609e+286
9356,5.8379833396673e+220
9357,1.7384561930874892e+282
9358,3.811311860307324e+200
9359,2.1082811507013732e+237
9360,5.152730413929574e+274
9361,2.240669350680265e+287
9362,3.233568982379059e+281
9363,1.88151526509852e+267
9364,3.792871823250143e+266
9365,2.4572948862280127e+257
9366,1.1426968051874358e+289
9367,3.475884124143938e+256
9368,1.058610804041082e+184
9369,1.66138256807049e+285
9370,2.2572090369602757e+205
9371,3.8563335770834515e+229
9372,4.289965149399657e+235
9373,1.4352663712704404e+238
9374,1.300589978140981e+258
9375,2.0504538070984834e+243
9376,7.646049044198503e+277
9377,2.6306974172309283e+231
9378,2.3439595783442013e+190
9379,9.12560260396056e+289
9380,1.216045764340414e+210
9381,1.9457176946584867e+253
9382,1.4643918452838079e+284
9383,5.46159942812009e+289
9384,2.7989986900736977e+248
9385,2.683687491139059e+270
9386,9.144457769276554e+289
9387,1.619097468536351e+256
9388,3.781251647120356e+289
9389,1.5417831890641563e+274
9390,2.4811258932386588e+241
9391,3.237284694254139e+276
9392,7.912658538382236e+270
9393,2.705487844090539e+232
9394,1.301939541942638e+220
9395,1.1760507448875616e+284
9396,1.6374213480176337e+198
9397,2.095979753060265e+248
9398,2.216003260454351e+224
9399,1.1670066097653692e+280
9400,9.933180705928526e+263
9401,1.3037035125061167e+229
9402,3.3911550080866275e+246
9403,5.912875683840849e+279
9404,1.031689379505248e+280
9405,4.173288804842453e+261
9406,4.1063083295125035e+184
9407,1.7429133897927877e+240
9408,1.6537216447647755e+220
9409,1.0414226170884606e+277
9410,9.138506291038254e+204
9411,5.949206241004735e+213
9412,1.141090873999626e+271
9413,5.734215484125721e+286
9414,1.5980933030443275e+289
9415,2.9362080121597287e+263
9416,3.7245487496329694e+262
9417,7.690784737132308e+260
9418,6.650218121146308e+150
9419,7.481098493659863e+274
9420,1.6589599414151193e+192
9421,7.132581595943493e+156
9422,4.520718745511296e+274
9423,7.658393057459482e+178
9424,6.545425742587283e+284
9425,1.8883414079410152e+197
9426,7.874128159851117e+283
9427,7.262503904974541e+254
9428,4.099278649982952e+286
9429,7.087673644770988e+209
9430,8.311859162545501e+289
9431,1.6630602969803073e+285
9432,1.4251931756218102e+278
9433,9.070330775730829e+287
9434,3.465406923230441e+286
9435,1.4067939180123248e+243
9436,6.327493714110678e+258
9437,6.905610849788671e+247
9438,6.201744459895431e+174
9439,3.94774079852005e+250
9440,1.188005812285869e+264
9441,1.9006382725727694e+251
9442,3.80355189843656e+242
9443,8.006866939417031e+258
9444,1.7975013142212308e+278
9445,8.373621783978942e+287
9446,9.528389069031767e+193
9447,4.165197654323396e+196
9448,1.1134249843605824e+200
9449,2.830033962391576e+235
9450,3.7298945283182778e+286
9451,9.172638371648502e+288
9452,1.6024613194982536e+266
9453,1.316381227011407e+183
9454,2.5601199119475425e+171
9455,1.0506839893238838e+206
9456,3.93569758190404e+263
9457,1.1179618078360022e+194
9458,3.007490627172017e+285
9459,3.582427061591721e+287
9460,1.4478852643842605e+181
9461,1.345485633018922e+257
9462,2.121895717899936e+281
9463,1.8271627367658518e+199
9464,7.616082552570724e+173
9465,4.286343157267167e+249
9466,4.742307752570266e+186
9467,1.5017296301861088e+251
9468,1.1596454373637192e+232
9469,1.3918049356878222e+240
9470,8.216149509077642e+289
9471,1.926883636347661e+197
9472,4.8385977684659154e+278
9473,2.5741111021157108e+250
9474,3.168528053984233e+184
9475,1.9871110425046045e+204
9476,6.238041058923252e+285
9477,2.659682207212064e+288
9478,5.405862830361112e+220
9479,9.093032209493839e+283
9480,6.459629181988595e+260
9481,5.578658476424011e+287
9482,7.593371647719381e+261
9483,1.917457542291564e+184
9484,8.12801107212552e+249
9485,6.199523429396454e+208
9486,1.443194763033088e+223
9487,1.3349881643349955e+266
9488,4.954970612998261e+243
9489,1.6222850533647646e+288
9490,7.809249491266993e+271
9491,1.8259428998538e+228
9492,1.8804971244016963e+244
9493,3.6778162714086666e+199
9494,6.794733390406785e+240
9495,5.240669748964731e+186
9496,3.6015331194776493e+288
9497,3.962476327274297e+283
9498,1.1298239524465538e+272
9499,1.4207551421891661e+246
9500,5.7739650180573235e+202
9501,1.5906871096143252e+233
9502,3.117836707583848e+188
9503,6.441880008617791e+173
9504,3.0516047402708325e+187
9505,1.1795283204512452e+280
9506,2.330912616610628e+194
9507,3.950014690260261e+285
9508,2.7612669294058535e+259
9509,1.3788680580056582e+287
9510,6.422940779330663e+289
9511,1.9842623469390963e+289
9512,3.6718075624611946e+285
9513,3.070650906050966e+286
9514,9.108449119378324e+175
9515,8.142023873300179e+288
9516,5.305479521409582e+277
9517,2.112106525314108e+231
9518,4.534124004313505e+186
9519,4.0527675777475725e+222
9520,3.5476224979663535e+215
9521,8.6457606176101225e+189
9522,1.5960339661350946e+215
9523,5.333631328719823e+228
9524,2.101219619310562e+193
9525,1.3798179366750099e+182
9526,9.822047489575296e+210
9527,1.1713235424169898e+277
9528,5.227355147763065e+174
9529,9.05571034820589e+289
9530,4.75396716243615e+262
9531,2.675784321816975e+172
9532,1.2798309181862016e+209
9533,6.85484675815801e+289
9534,9.38294395439637e+273
9535,5.375088217277478e+286
9536,4.179527145874766e+199
9537,1.2253758774312797e+288
9538,3.549101895944962e+283
9539,2.2356676643594427e+270
9540,7.059331165616924e+289
9541,1.1048515336496248e+191
9542,8.643928757928421e+180
9543,9.816258261665028e+205
9544,4.763890085414632e+239
9545,1.8797196796604217e+176
9546,2.2838767350289763e+270
9547,1.6309781432001776e+286
9548,6.187528151737858e+274
9549,2.4037669907552656e+252
9550,1.3797364907981551e+284
9551,1.3774467652046925e+274
9552,5.3659935300785924e+262
9553,1.4110545835981424e+282
9554,1.9130536083176476e+285
9555,6.103301197072296e+184
9556,1.113208953637649e+286
9557,8.205517199467258e+238
9558,1.0726389611328556e+278
9559,5.435550070829778e+289
9560,8.795123952023978e+260
9561,4.6808644045791996e+225
9562,3.0934617649153503e+201
9563,1.0197717306312976e+198
9564,5.970135670535384e+289
9565,4.17572495389569e+256
9566,9.132614588115217e+289
9567,4.139088397657177e+223
9568,9.822537157317512e+226
9569,1.1894215134629106e+183
9570,7.204996216668252e+258
9571,2.4061106659946055e+188
9572,1.7216187461409994e+235
9573,1.813922894894179e+260
9574,2.3001013687325656e+211
9575,3.47199111670842e+274
9576,3.1068800946820965e+220
9577,1.2532893598907434e+242
9578,6.359178594396068e+224
9579,1.0006962146995502e+262
9580,5.860051820087092e+257
9581,2.7093161629321364e+282
9582,1.8995033396632065e+190
9583,7.93000387355126e+274
9584,5.868334912492485e+200
9585,1.6106976429006207e+245
9586,6.03556485095799e+279
9587,1.1197506301076749e+266
9588,6.808145570625341e+236
9589,1.3761939316497912e+288
9590,2.547257286927584e+247
9591,4.0156459285366256e+218
9592,5.5683128202775384e+249
9593,9.673984768800599e+176
9594,1.2740950680607486e+220
9595,3.5129563813016624e+179
9596,2.104026848727115e+273
9597,4.839840985395723e+287
9598,1.773949582988338e+286
9599,7.612706521659242e+278
9600,1.2071153592691445e+276
9601,3.40243917720694e+204
9602,1.2969410051415404e+288
9603,2.2157272780858276e+176
9604,1.1889570121705254e+228
9605,6.6593835203276955e+289
9606,2.5945067273583264e+289
9607,1.1152609439275005e+173
9608,2.7146083606489994e+287
9609,4.108858751244641e+240
9610,5.185568635353046e+286
9611,2.8363299324389064e+206
9612,1.4967301845442682e+281
9613,2.751546447519276e+220
9614,1.3233371048214365e+213
9615,4.538693465259406e+286
9616,2.0287531341138338e+262
9617,7.591729353320906e+200
9618,9.526474132935084e+206
9619,2.0357784772737043e+228
9620,2.1559326054397035e+235
9621,1.4647319086587455e+218
9622,3.5142003822801145e+246
9623,1.1968226093559717e+268
9624,3.6042758221941227e+217
9625,1.9517272081255932e+272
9626,4.539954977529247e+275
9627,3.117329033159861e+178
9628,1.1616281071805616e+220
9629,6.397400815138019e+264
9630,6.108036545644785e+250
9631,2.0441108381826675e+213
9632,1.5629209525556584e+252
9633,5.18452828201161e+269
9634,3.5597384961088175e+277
9635,1.5193754759866057e+182
9636,3.501705176831823e+247
9637,9.16697211607843e+217
9638,1.9480959575441513e+240
9639,3.3400402109586753e+280
9640,6.64920700221493e+196
9641,1.3266249457934224e+248
9642,2.1890830561689755e+188
9643,2.2331971455126592e+251
9644,4.4462575551924955e+289
9645,2.7158435950185702e+273
9646,1.5716053433156615e+251
9647,3.6670153931312173e+288
9648,2.481723397408084e+218
9649,3.098755780622284e+273
9650,2.5021022670357075e+259
9651,9.900311409446461e+192
9652,2.4031174924193063e+287
9653,3.519453863991511e+252
9654,2.4590533346906345e+277
9655,4.052281818701748e+215
9656,2.208929025667834e+270
9657,9.473120150920635e+174
9658,5.64190396236948e+283
9659,3.095665829901804e+288
9660,3.1891444139881975e+206
9661,5.395015965830333e+184
9662,1.1837369648144026e+272
9663,1.4109968812575518e+248
9664,4.547050351118411e+241
9665,6.405519870536112e+257
9666,1.4242704061540193e+265
9667,3.229442623518196e+211
9668,3.998555594088287e+284
9669,1.629339947103759e+238
9670,6.107756266803372e+189
9671,4.109776452686613e+287
9672,2.550472382497853e+206
9673,1.1599220017783165e+288
9674,1.832124842370091e+284
9675,2.917404512116187e+240
9676,2.7204746597445882e+227
9677,2.231660916449878e+280
9678,7.944402522964255e+191
9679,7.714710534982752e+289
9680,6.165712964424684e+174
9681,2.3611158505566107e+212
9682,8.62038547386881e+289
9683,5.197438409401959e+200
9684,3.1527918886107353e+274
9685,2.8950094139424727e+281
9686,4.146816949954323e+284
9687,1.1029893895181613e+192
9688,8.985472096099673e+289
9689,1.997979084544296e+185
9690,4.3283714293914513e+217
9691,8.575262666827047e+288
9692,4.347648523511263e+283
9693,3.4706080933127524e+206
9694,1.0301119579368856e+249
9695,6.336602621913965e+272
9696,1.5566795223038594e+288
9697,1.4404205839984424e+277
9698,1.7199957121165664e+287
9699,8.789141578648736e+178
9700,4.849694477055723e+220
9701,4.726876390917213e+284
9702,4.46856137044652e+274
9703,1.395580703382594e+280
9704,6.491599593307715e+224
9705,7.928800590344862e+231
9706,3.273142105211232e+186
9707,7.170468621740561e+275
9708,2.7372935457053514e+185
9709,1.871500863317534e+247
9710,8.949535482365495e+184
9711,1.1433341668593354e+271
9712,2.2376818456994896e+178
9713,2.2807307931476737e+289
9714,5.731556622954456e+179
9715,2.5238077435841304e+265
9716,6.129872932666654e+288
9717,5.330930101320862e+176
9718,1.8247787564982077e+198
9719,1.153447940157846e+275
9720,1.2610474471512699e+267
9721,6.81693012751813e+269
9722,1.4744639204264227e+254
9723,5.612535121073218e+185
9724,2.5542269501865444e+200
9725,3.974927237786879e+184
9726,7.005237440240055e+236
9727,2.1881951631055673e+279
9728,1.5942673287925352e+173
9729,2.9452418683453256e+231
9730,1.7687037181026726e+241
9731,4.78986459865847e+237
9732,2.0616357744944633e+173
9733,1.7925266055451345e+279
9734,9.04046556271211e+253
9735,3.031999527753008e+198
9736,1.9181973033312393e+233
9737,4.684768488764993e+263
9738,1.2084434607631095e+231
9739,8.182013118573558e+227
9740,1.1902289007442686e+184
9741,4.324399971614395e+252
9742,1.0400107099712731e+192
9743,7.949101946240616e+175
9744,3.588428145196488e+239
9745,1.2848399444913776e+236
9746,2.138766798838718e+288
9747,7.543769632659675e+235
9748,2.490692289800184e+266
9749,4.45765712384055e+203
9750,7.018553426660748e+183
9751,4.250058817104922e+273
9752,5.331653962358208e+249
9753,4.4820711016475415e+186
9754,3.0852558416623045e+233
9755,8.795215643765801e+200
9756,4.109915807499233e+215
9757,9.898654245229026e+266
9758,1.8737426893424748e+279
9759,2.3038848431974683e+230
9760,4.755045987950157e+201
9761,1.5498543374703033e+275
9762,2.22665467104768e+177
9763,1.4264670793765507e+286
9764,5.8960641637911555e+286
9765,1.467894533163771e+242
9766,2.471394140517949e+223
9767,1.5895788308262644e+153
9768,5.504719127560117e+289
9769,1.5979233040105235e+190
9770,2.737729887952877e+172
9771,4.343146895317503e+194
9772,1.2766075582103161e+273
9773,1.98852835174953e+285
9774,1.1644162197515131e+277
9775,1.4320576507002781e+190
9776,1.688339644941785e+259
9777,5.7050813943884345e+205
9778,3.168241371050707e+190
9779,4.8003970356052816e+249
9780,3.8362963811800805e+289
9781,4.565180521730372e+261
9782,2.6462381492269103e+282
9783,5.7665804649086304e+237
9784,1.0756994457758555e+226
9785,7.323903827459995e+184
9786,2.9946528999231255e+243
9787,3.5973870654909244e+286
9788,3.2705855563540587e+271
9789,2.220018744829423e+231
9790,3.4366832345080946e+246
9791,1.6603472537523988e+281
9792,1.8993613162101696e+289
9793,8.452772550562558e+177
9794,7.568195478268703e+282
9795,2.0544801021543284e+267
9796,4.373565131920147e+239
9797,7.870888744374759e+262
9798,4.009692924525339e+191
9799,2.4948247724208073e+207
9800,5.705482128482768e+243
9801,2.7823030957403754e+285
9802,4.242285469218611e+289
9803,4.4358363968099354e+234
9804,1.4038759505524893e+204
9805,2.6255983836568335e+278
9806,1.3682039596857776e+283
9807,8.168505809729511e+269
9808,4.2305034380478333e+254
9809,1.2372392712969872e+253
9810,7.312198636360033e+249
9811,4.0229408408596965e+210
9812,1.7659058253399184e+204
9813,5.023836218206994e+282
9814,1.7818312578479345e+201
9815,1.3163758412176192e+245
9816,9.742317445254068e+263
9817,5.2431374662840656e+275
9818,9.152703893818424e+287
9819,3.391044099953073e+251
9820,4.145479990935549e+284
9821,1.51333578763231e+273
9822,6.947765262923885e+288
9823,1.4226189168343783e+288
9824,3.628819682284728e+187
9825,1.7738339023087e+285
9826,4.3261108273854125e+273
9827,6.463561750515463e+195
9828,5.37668078757735e+198
9829,3.964640233438119e+199
9830,1.817045475282858e+283
9831,2.2258343893747026e+287
9832,8.888649641725606e+227
9833,7.707683719576492e+254
9834,3.8053769349198075e+272
9835,5.2624193453868424e+234
9836,1.9091559900094277e+231
9837,5.7353481117463205e+255
9838,9.161020814308895e+289
9839,6.158780250714827e+234
9840,3.3782420424514885e+225
9841,9.474458740863447e+233
9842,3.1757415954318887e+288
9843,1.1738672435288746e+255
9844,4.254773995121096e+264
9845,5.029970990769868e+274
9846,1.2296302304117761e+243
9847,8.743963752339682e+289
9848,8.22633509166535e+270
9849,5.879903138101589e+262
9850,8.72283533441996e+282
9851,9.208756195776991e+289
9852,8.65117952638822e+204
9853,7.147486466223218e+288
9854,1.0689777732664587e+207
9855,3.0957144161081756e+248
9856,8.162268236778498e+273
9857,5.52155236220126e+287
9858,1.0623225633713146e+269
9859,1.8497786214896092e+213
9860,9.494228340300564e+260
9861,9.058474211846528e+289
9862,1.4861874959815295e+229
9863,7.125197246024748e+224
9864,1.155224888613074e+238
9865,2.1128594245727144e+276
9866,5.828617373875846e+274
9867,6.172341301132044e+221
9868,1.0361573935952025e+208
9869,3.086964446795963e+188
9870,5.149117605885302e+289
9871,6.75311934412046e+236
9872,2.028526958883872e+191
9873,2.4206346034376588e+270
9874,1.3447060561163462e+197
9875,1.1385563035694104e+286
9876,7.183730188594609e+252
9877,4.0271629658362846e+259
9878,1.792757409683883e+234
9879,5.97127128531193e+260
9880,6.180097527739323e+263
9881,5.6997300183686496e+284
9882,4.521372345295048e+222
9883,4.238396524252194e+223
9884,1.059145854097687e+252
9885,3.0954847896451955e+239
9886,2.410054904372931e+275
9887,3.976542614154818e+256
9888,2.4241770528100986e+284
9889,9.400606533915942e+271
9890,1.2613683561312101e+264
9891,2.0994158464472393e+280
9892,7.983957667976932e+289
9893,4.6588824875760366e+263
9894,3.3116532953699383e+176
9895,3.992440145785367e+284
9896,1.8499630044525554e+284
9897,2.180348843657516e+289
9898,1.065101323000245e+212
9899,6.900213446522598e+251
9900,7.019427889907014e+208
9901,3.2879709318449305e+253
9902,1.5239589947557845e+264
9903,1.0392314187711008e+256
9904,5.644646002758702e+229
9905,9.031500506277027e+289
9906,6.58897178207092e+288
9907,7.898226438450569e+199
9908,1.1972411721411993e+277
9909,8.349647182562715e+219
9910,6.192094461250746e+250
9911,1.269370848533417e+255
9912,7.25444380172733e+265
9913,2.7825182846506984e+279
9914,1.985064258411011e+286
9915,3.163446363463826e+205
9916,1.5667906039659906e+259
9917,6.844639783391174e+208
9918,4.900244411723192e+202
9919,2.7842740955432094e+210
9920,2.850642934442196e+287
9921,2.9493363398457653e+208
9922,4.85089573725559e+281
9923,6.287805907462875e+279
9924,6.787270817408475e+184
9925,2.1741982402167066e+281
9926,1.3036582049660448e+220
9927,1.7488246198417166e+218
9928,8.053695549155217e+235
9929,3.0477040160568988e+259
9930,8.139343051487008e+211
9931,1.349855308243301e+240
9932,6.584475889945466e+241
9933,2.5844800355553003e+273
9934,6.443674235639802e+262
9935,1.8282944219353284e+289
9936,7.814538380039706e+281
9937,3.7874808130659456e+173
9938,3.6664188247025943e+260
9939,2.6707138058093578e+219
9940,1.404557332737403e+289
9941,1.2900894511905168e+211
9942,9.11959869523543e+276
9943,1.6218196511238033e+249
9944,9.988001945870262e+236
9945,5.45280906881468e+269
9946,2.8799700113195526e+244
9947,1.988723735622256e+283
9948,1.85239927580317e+231
9949,2.7934298840647603e+264
9950,2.2294007035767067e+235
9951,6.977682100354377e+248
9952,1.606029130992147e+289
9953,8.47459411417774e+289
9954,1.5005973758963465e+193
9955,3.103701290083502e+176
9956,5.549061598161084e+280
9957,5.7484802077307884e+197
9958,6.135647864815073e+287
9959,5.840668947566224e+279
9960,4.386681922612601e+270
9961,5.181975121139634e+287
9962,1.3442663184697288e+229
9963,9.342319347068134e+279
9964,1.7141575197188465e+179
9965,5.482933354777986e+219
9966,4.248643078712584e+289
9967,2.131245634975847e+285
9968,4.998704603846296e+273
9969,2.2863580322575705e+192
9970,7.039123696545825e+177
9971,8.282052454374043e+285
9972,5.999432080774891e+198
9973,3.0971091668707674e+289
9974,3.59808556891292e+272
9975,2.1733655809530746e+281
9976,1.383139680246289e+279
9977,3.1278878374045242e+181
9978,3.322133732226811e+259
9979,5.886821593458068e+231
9980,1.5545880670825266e+285
9981,7.451011392838926e+273
9982,2.889228447784567e+288
9983,4.615638910392452e+185
9984,7.223661392589386e+248
9985,1.912757834853273e+288
9986,1.8558093678979899e+199
9987,6.825587829732917e+198
9988,3.320045052153025e+274
9989,1.3458273312095341e+202
9990,6.979476733356009e+277
9991,3.921411605128165e+182
9992,1.7841699988348892e+283
9993,6.4853115017113414e+181
9994,5.501841211777579e+289
9995,6.682326903657222e+245
9996,1.6693630563600488e+281
9997,3.705478525389077e+257
9998,2.632345037634707e+259
9999,1.7464814770109867e+252
10000,3.311411304293836e+284
