,0
0,0.3283460484541988
1,0.7243716166463126
2,0.31600469543591503
3,0.939656528634565
4,0.35998008150152616
5,0.9943878850946816
6,0.9498489347257287
7,0.7597236386051403
8,0.9292160912472518
9,0.5441958651255892
10,0.7945062585574239
11,0.8954271499254819
12,0.10996966708517941
13,0.33626010176524845
14,0.4910223443938899
15,0.6406482431055774
16,0.520225573277549
17,0.10641341825236894
18,0.9940275415999125
19,0.2315376566142
20,0.3262887794903008
21,0.5433487938538334
22,0.4099307869930531
23,0.4246733235077249
24,0.16875925310568873
25,0.6294451147382175
26,0.04227428073111894
27,0.1862389547038299
28,0.9704320683807874
29,0.4699634820744045
30,0.3302558413827814
31,0.24124069061285214
32,0.32160114797957806
33,0.3870956438466221
34,0.8159303766482555
35,0.6047622316522561
36,0.45184182305890486
37,0.061556231665956695
38,0.39547881260310047
39,0.7686717147932501
40,0.600422992326278
41,0.9471014273139697
42,0.18204889354269627
43,0.12138652281609108
44,0.01061424201206107
45,0.037245956952820514
46,0.552443507396962
47,0.46071391573325826
48,0.35248056204759415
49,0.7345811447046698
50,0.8607460182269228
51,0.13260478420768096
52,0.4115176630145083
53,0.06891231665943198
54,0.08605763159731683
55,0.5163692349694032
56,0.26398663286056046
57,0.014485034025026877
58,0.5206202106135441
59,0.7153780203597179
60,0.9219985539914349
61,0.2725584991167045
62,0.8370316530644888
63,0.04928326901617297
64,0.42823361807458227
65,0.876554071751788
66,0.7759782161394929
67,0.9636843379625503
68,0.11915264842508255
69,0.9507151326966178
70,0.9186644311897825
71,0.5897137352342996
72,0.020952070672974
73,0.9112213941529201
74,0.414462021174021
75,0.8495244088431649
76,0.5860208100661439
77,0.44216871700738813
78,0.7109699927329236
79,0.47279144909151516
80,0.14996835135225983
81,0.05034436417267063
82,0.9151208557662146
83,0.3171795673451481
84,0.20726393422450884
85,0.24813755073044585
86,0.9180692439016893
87,0.7436650166492803
88,0.9632027104111519
89,0.6083427434054977
90,0.7403315630390594
91,0.008599372281300255
92,0.9316019418207324
93,0.6527091482292336
94,0.8031269994861329
95,0.6579512862219178
96,0.355714811060192
97,0.724565379703988
98,0.4499681849902636
99,0.0854761974152698
100,0.4770001494168561
101,0.551172216783205
102,0.4109338994058068
103,0.4153935665645907
104,0.851243819263375
105,0.9808735560134575
106,0.9803663277763498
107,0.07130642179454605
108,0.02292348403200284
109,0.7150415955196161
110,0.17367081866288148
111,0.25200924564527527
112,0.467387696406644
113,0.2944184960133561
114,0.619899545329749
115,0.34247228184826617
116,0.5101473194399021
117,0.8137782228084379
118,0.6634458742358431
119,0.511938123739964
120,0.9869039210135846
121,0.3109057711549962
122,0.3372878044019666
123,0.7919758659983912
124,0.5482506238756435
125,0.0032578014650995746
126,0.5437454292566345
127,0.20694581091950504
128,0.05158317615926822
129,0.6266727699477248
130,0.953663473132868
131,0.7245237205152941
132,0.19395834965304792
133,0.28421867382711397
134,0.28614102296382593
135,0.9113106698290772
136,0.9845682099922889
137,0.5114695535156079
138,0.41067088015738584
139,0.15709655497420272
140,0.5250419593837203
141,0.6889153003844732
142,0.1388497337849539
143,0.8574262027037677
144,0.6714522853917501
145,0.06365669179667299
146,0.05350877976138024
147,0.7207740290209186
148,0.32992475261762944
149,0.394179795580354
150,0.1425605029079806
151,0.6141769322679689
152,0.7435864117632004
153,0.8736311677000917
154,0.176001659854349
155,0.16031516240509025
156,0.5613891059618243
157,0.9750000706971026
158,0.3159989065599008
159,0.9793689514263498
160,0.5606868898521177
161,0.8365725371874948
162,0.07338184949733106
163,0.3487187244429968
164,0.8065414043886315
165,0.5752821424469904
166,0.8968521775294412
167,0.021476348048225624
168,0.6384678582323502
169,0.3370046281316321
170,0.3997590639325118
171,0.7237767766955836
172,0.7396076556872493
173,0.9150118903315076
174,0.9949919056758777
175,0.8377611130782333
176,0.33871924916633556
177,0.7269508424632889
178,0.23298790192327257
179,0.5226805508368153
180,0.9294695135355063
181,0.5028660563691278
182,0.624675527581826
183,0.13023173009360778
184,0.8560091519415817
185,0.2815389946257352
186,0.6048190451356928
187,0.8024984219716462
188,0.6962359540728085
189,0.8671932113417752
190,0.4969213343990495
191,0.23031962003278506
192,0.7867851901569567
193,0.6205621976264719
194,0.18816954729914825
195,0.5779154984455314
196,0.21053707622526618
197,0.05323670110328771
198,0.6571609017129527
199,0.3741955668332412
200,0.30144685161360263
201,0.4150222153778841
202,0.15076956347953918
203,0.5235132362504905
204,0.9119279977976789
205,0.5569112923741101
206,0.5470629686266766
207,0.8835764689397173
208,0.8440832487623902
209,0.19663554747647316
210,0.021679607677254964
211,0.6343535425570209
212,0.6006669058579542
213,0.1749515520020788
214,0.3038373088227373
215,0.7851684809036251
216,0.33751270604348027
217,0.1141197068482166
218,0.4608928773905637
219,0.6900297871357775
220,0.8044535881875279
221,0.7209300560987675
222,0.35316157324406017
223,0.9681107818500022
224,0.2566560829356087
225,0.9428781211026485
226,0.9665313314504211
227,0.6711505584117786
228,0.5037992839606641
229,0.29916376310634596
230,0.7701829680074617
231,0.6259586979298206
232,0.10864673201148112
233,0.7368616678371058
234,0.5258863019912033
235,0.28068573870620883
236,0.37047861495106915
237,0.9893149656784123
238,0.5689800970611669
239,0.153013298176655
240,0.1394261765078184
241,0.6875117849747912
242,0.792109501702485
243,0.3171031852111188
244,0.3764617411486
245,0.8627853111897684
246,0.4881242698727378
247,0.8244593802865815
248,0.844934990875853
249,0.7066393650738816
250,0.10357475838720753
251,0.0744687141746333
252,0.023367751680534732
253,0.04679603284609146
254,0.3815556680901554
255,0.19167591248565263
256,0.6862849139374144
257,0.6250041181227995
258,0.060528593785149964
259,0.4489465247646438
260,0.6263614982429168
261,0.11366520045584172
262,0.5488770323990891
263,0.5644220245333951
264,0.3664967049776824
265,0.2304694262200644
266,0.6377053181003919
267,0.010727285683493237
268,0.7339808364312993
269,0.982692998647537
270,0.9388866039267222
271,0.578216918850804
272,0.6733458774640927
273,0.2989920488480712
274,0.14765927967596526
275,0.29258694447667155
276,0.6516231357832508
277,0.30252294286060555
278,0.34874910895280276
279,0.8634995508720673
280,0.27544836435187425
281,0.7600527920912038
282,0.5867554255549312
283,0.6362488932639835
284,0.9953306470023255
285,0.6750210741628205
286,0.09288784374479242
287,0.038088371688114964
288,0.5414566327034439
289,0.8484193423993316
290,0.17557592217479
291,0.9408583468157998
292,0.5961280664037044
293,0.8318853448795815
294,0.9747853811873669
295,0.3210193480727488
296,0.763097166221433
297,0.9513920209760267
298,0.20859061090398812
299,0.37448232419386307
300,0.6992332472701065
301,0.9516567848715947
302,0.2916040132626606
303,0.5827015249928676
304,0.8901625971410803
305,0.23016356139979244
306,0.6902586469773738
307,0.7527241058410933
308,0.10783047233386533
309,0.12635714391328556
310,0.011564857847501497
311,0.961502973323899
312,0.5054681652077806
313,0.001643121428619665
314,0.777869494604043
315,0.2754687627046284
316,0.7946541756209363
317,0.015378758288618677
318,0.48781809672156373
319,0.30079465455663046
320,0.2127600683453641
321,0.10707448936838104
322,0.25327128660558373
323,0.18046134382263945
324,0.835909298281361
325,0.9301116563838008
326,0.4824973166292804
327,0.8832097084278837
328,0.6983880208572122
329,0.9792060339424472
330,0.14023274366711935
331,0.8404154524876088
332,0.2833138279405427
333,0.33139592222996406
334,0.052565879560493745
335,0.684915849178469
336,0.26764684114937565
337,0.1507029560309452
338,0.9444789815575844
339,0.6499075264251511
340,0.198664788080534
341,0.507286911607484
342,0.8683903468318519
343,0.11265159609751585
344,0.45578400061790536
345,0.36676425869298035
346,0.43065550290991605
347,0.6136326956442855
348,0.40236844675234873
349,0.9363857334563847
350,0.2624774241303738
351,0.5894711638595819
352,0.2666464895336458
353,0.6132022379342573
354,0.8078134411661181
355,0.138372293884773
356,0.9214942384058682
357,0.5458815254926978
358,0.8667736146832254
359,0.6771486774703959
360,0.63614104429083
361,0.6745666729003857
362,0.15159244147197837
363,0.524415456514839
364,0.6277234952333159
365,0.06480810515324043
366,0.8817066624282133
367,0.8771117634788675
368,0.7535396316297873
369,0.41376306478787195
370,0.12353696281064108
371,0.0991479157114028
372,0.5416451405083508
373,0.014522648717288145
374,0.46200100267130906
375,0.6815888136999979
376,0.01562943294531849
377,0.3500558077058895
378,0.97646998274758
379,0.4663393247424066
380,0.8577726254385571
381,0.012660126862962695
382,0.42595636804776693
383,0.8369310020956455
384,0.5242936984333577
385,0.25225259561536206
386,0.3952363458898869
387,0.4696951799479815
388,0.3792062903450091
389,0.9018042508165904
390,0.5143963508702268
391,0.4852238054260074
392,0.022666804868434087
393,0.1815057909785126
394,0.9728720525910766
395,0.09473759816576022
396,0.26233419183389084
397,0.03656672796489624
398,0.792125003827014
399,0.9883684804042984
400,0.1603564572710403
401,0.9355395143066167
402,0.548455425905535
403,0.16550130260984586
404,0.3032738193129335
405,0.891051493378209
406,0.41282804667672535
407,0.7551308084726324
408,0.7563836326631103
409,0.816227005640321
410,0.7347865157616941
411,0.2405137490323931
412,0.25209269431244397
413,0.9836882079316852
414,0.35155104039955165
415,0.6572294049795718
416,0.8905389487130286
417,0.10438248379257131
418,0.4261674825105577
419,0.883901306084875
420,0.484577549120191
421,0.033078005580767234
422,0.4745992470520751
423,0.8647896186771253
424,0.5179761639440461
425,0.47763928963913327
426,0.6851740674171972
427,0.08362757922622388
428,0.7813063252812433
429,0.8601144297024409
430,0.15246679760965942
431,0.15330273572755415
432,0.4611437678730598
433,0.8265722421359264
434,0.24874889039108805
435,0.4063023309958117
436,0.48596891556351296
437,0.38178928318754546
438,0.9319319102974468
439,0.9865506661703141
440,0.6275340859958862
441,0.6497048286380797
442,0.43076988067665634
443,0.7748955994114118
444,0.9820738276444563
445,0.7394368278613601
446,0.02683704202509718
447,0.445293857925126
448,0.9190861098125013
449,0.2904680371460696
450,0.5473228749715358
451,0.06833021131532946
452,0.98690460864476
453,0.17029001693243662
454,0.9903794251881896
455,0.08426090248310192
456,0.9676618462408905
457,0.5112859856757077
458,0.7719451929938668
459,0.23640892956399773
460,0.6271247945734167
461,0.5329196840755324
462,0.03076177722894835
463,0.18980798927514386
464,0.9544207928786719
465,0.48681354440668123
466,0.4271661251764537
467,0.807339835445727
468,0.5631948068837074
469,0.06314572341714786
470,0.962019294546121
471,0.9571110479032816
472,0.08011149711055554
473,0.09498477070008882
474,0.9932530969488114
475,0.7422019865459074
476,0.24769199739912318
477,0.21918858431356258
478,0.4005797519474772
479,0.39040503574696694
480,0.2625819670807985
481,0.7533444911073246
482,0.03471351986073423
483,0.5810221023084575
484,0.7101947145850498
485,0.267836617730395
486,0.989410061972236
487,0.4929518045041058
488,0.11211032374304075
489,0.0633317024377843
490,0.3755904816416432
491,0.6215588441511918
492,0.3700869066819287
493,0.7703137864384219
494,0.8546821954554977
495,0.8450966801962478
496,0.2343818794104744
497,0.6872296254359198
498,0.4227782836565487
499,0.912053853489066
500,0.09378753755224944
501,0.288501928430399
502,0.553288081091428
503,0.16820430329356073
504,0.9735837115840675
505,0.21377981481867314
506,0.9616418618046371
507,0.391407064471363
508,0.08784556417876277
509,0.12406837484073885
510,0.4691652066453117
511,0.24299477589715301
512,0.9887597697613667
513,0.5189429456993716
514,0.12100983081980576
515,0.35944024653136886
516,0.9366833478145055
517,0.7270764290705263
518,0.30171815429284854
519,0.11554422512596574
520,0.6126003323611064
521,0.5588964236975444
522,0.13750006371747436
523,0.17147604785363102
524,0.1814591617660043
525,0.38250277443073943
526,0.3359543485898693
527,0.8915691021517252
528,0.8330329626609242
529,0.8468841757620608
530,0.41619160472691197
531,0.811175122797461
532,0.7644991837246224
533,0.2722233019592636
534,0.9656999359435624
535,0.22172295236395423
536,0.5447428382618338
537,0.3712017189860384
538,0.8829364349641452
539,0.16409608708142676
540,0.5732464986623785
541,0.05795804313909925
542,0.7182694173733635
543,0.1019597560295269
544,0.8455158917871043
545,0.060347510437393614
546,0.7566713423305073
547,0.4563119486710201
548,0.6903616497785654
549,0.43016640093595804
550,0.16105688102562965
551,0.9250547027651302
552,0.3011194647272587
553,0.16089984531699675
554,0.8698230601390838
555,0.16184088526229412
556,0.8765843840320054
557,0.7899643163214064
558,0.8446642851596934
559,0.4656612950470316
560,0.6058154647888603
561,0.9673667878012855
562,0.6972592724286757
563,0.10584624968028811
564,0.12466461809558971
565,0.638766409938586
566,0.2354390735425429
567,0.22438608185631326
568,0.8288071610930074
569,0.8626212885683104
570,0.3376918274276355
571,0.5119011644158079
572,0.8394992665701991
573,0.509470703537634
574,0.8561437971451702
575,0.5726591892858754
576,0.5107404799543216
577,0.08805058143030486
578,0.9445056842343731
579,0.3367942920947189
580,0.3300618148527915
581,0.825700025374296
582,0.5286218972511647
583,0.2548188714597559
584,0.3924998178522666
585,0.7291633916283999
586,0.7190994928588816
587,0.8994156797960471
588,0.16749407891980206
589,0.5399942560941415
590,0.8639080655865593
591,0.2917770068292215
592,0.16416781026088534
593,0.3955875346413241
594,0.6237187571163456
595,0.5973975097271578
596,0.9455091705926076
597,0.8218814960638712
598,0.45106412922661243
599,0.26274720639128335
600,0.6184361917058309
601,0.7555189335762275
602,0.7992555907170685
603,0.9820088894655439
604,0.354455432771713
605,0.32077250881728214
606,0.360655807958697
607,0.8511516134141175
608,0.6217810171151904
609,0.3675802710437196
610,0.4996390908594728
611,0.835384743582918
612,0.6973341406419327
613,0.3400216185295467
614,0.9163325308920205
615,0.8387065992576876
616,0.9378920580868935
617,0.5535344002429695
618,0.8412050395351767
619,0.27378378111488766
620,0.5733131602387659
621,0.6317481431786315
622,0.4869016082640507
623,0.9739126145981176
624,0.3192260536653879
625,0.23094275910619633
626,0.9223961630368112
627,0.38522233066692635
628,0.23167235660569963
629,0.2922214392359369
630,0.11483140272751668
631,0.2681217375793795
632,0.01982552330364107
633,0.7402953593277245
634,0.5357374150301398
635,0.29522544532044703
636,0.5290791616279545
637,0.9346591847872314
638,0.8984090846632163
639,0.2703027975684723
640,0.7095385964679779
641,0.9452916679029884
642,0.837046272338054
643,0.03798865070439339
644,0.5829356530294433
645,0.3907163124477532
646,0.026935292994330284
647,0.48045875093795354
648,0.85011774661134
649,0.8172291256031903
650,0.47374483980507676
651,0.4410430230147958
652,0.4033078454040032
653,0.495907643937885
654,0.04059370137530971
655,0.8462257130382812
656,0.8344677299045025
657,0.22314685199531792
658,0.3244648024382065
659,0.43361158062651817
660,0.4058270808334892
661,0.16871851155566542
662,0.6116775135463725
663,0.035848608341391586
664,0.8510450956822817
665,0.34088781245394617
666,0.6518699555612453
667,0.9592956670215647
668,0.7270657369942619
669,0.0470256397268759
670,0.0217961464823061
671,0.22670589736058677
672,0.02082422715263943
673,0.48340677537276433
674,0.4821843103197122
675,0.7454853725465368
676,0.7200731223538426
677,0.5634918116626961
678,0.5464941470779917
679,0.6249054003588062
680,0.6445054969782851
681,0.7620042143928278
682,0.32360151613200383
683,0.19423564258541892
684,0.24353303249842762
685,0.15096836713428397
686,0.00510967911183402
687,0.037795379483917646
688,0.3335814444010603
689,0.597625844656149
690,0.303197979346706
691,0.9539460947277723
692,0.15627897803670088
693,0.18650298083849426
694,0.3191084382735907
695,0.8059942079885686
696,0.5536164752209277
697,0.18340062144339953
698,0.5033996617868101
699,0.2182619888749685
700,0.3550701707221393
701,0.9134115897545985
702,0.15694266450300876
703,0.6364032533473643
704,0.6163861529714738
705,0.8373883355202915
706,0.20201041363488792
707,0.6997197245009114
708,0.5193918824605928
709,0.6756112635902175
710,0.3468601919880875
711,0.8639269959044378
712,0.034406496710599255
713,0.020274110534369227
714,0.2534131515988419
715,0.14247871165010917
716,0.8907443461603594
717,0.26644645826322766
718,0.2060377371975155
719,0.675052524321649
720,0.6500689348296269
721,0.6731627934562443
722,0.015898468258456755
723,0.22570388164291766
724,0.5167399600057917
725,0.11701225841986707
726,0.4747113649002159
727,0.6234930537847027
728,0.5569295438035462
729,0.33340247529316547
730,0.4637666740636571
731,0.39469937163050905
732,0.023158413054045646
733,0.288643916520387
734,0.47528823955415556
735,0.08412764643844284
736,0.4265730866504155
737,0.40964391885649587
738,0.021813107266290488
739,0.06385446899841107
740,0.0010260261560229855
741,0.8464878903132959
742,0.13732297741775257
743,0.7683542677116528
744,0.8612230209692626
745,0.9852649228358598
746,0.5243677165615473
747,0.06612735450884244
748,0.011215250367465845
749,0.040121120449779446
750,0.32242003486055304
751,0.7638761137906674
752,0.21553021748956702
753,0.7317368787795719
754,0.3955935202899381
755,0.6378076316797435
756,0.595262917985437
757,0.5722495765967429
758,0.42291643459144745
759,0.5674676150927643
760,0.5008637103764823
761,0.2524743990422921
762,0.2960556081562814
763,0.3755151767196151
764,0.16108945988971546
765,0.0949828293972721
766,0.749769716731636
767,0.42129888095915735
768,0.36402661404967374
769,0.2680874844045057
770,0.039096366524515425
771,0.3144619876887247
772,0.16699519838226373
773,0.1724108117949218
774,0.6031157693533461
775,0.051520852057060806
776,0.1257588180727165
777,0.3074575930765052
778,0.6540384367149866
779,0.9606145972736174
780,0.7367591033043308
781,0.24213023945440637
782,0.9853586044843957
783,0.6800029708632029
784,0.033658621317939064
785,0.3533736471018897
786,0.20110443060102023
787,0.6683103095788137
788,0.39906101734500254
789,0.43377799965758823
790,0.167951641637887
791,0.9229191906532842
792,0.5498791025686082
793,0.2860816397657199
794,0.43250040061456896
795,0.49201670980154
796,0.2477496890902341
797,0.630380003684085
798,0.036644205531483065
799,0.9602916081401965
800,0.20724893318968962
801,0.41229139127482584
802,0.7384004323526049
803,0.3783451483589596
804,0.8969401799126562
805,0.15057849149208213
806,0.2458254224816514
807,0.27918669218883274
808,0.05166288589856882
809,0.4784548944042416
810,0.4691503621467664
811,0.19490730359897157
812,0.5810517880394374
813,0.9204787948246662
814,0.5003251255399943
815,0.4877229783616972
816,0.08653597119124401
817,0.6278648023908077
818,0.47817773896142457
819,0.9140690898846358
820,0.7378826940192892
821,0.0864180262686921
822,0.31639384996453224
823,0.0045775895326836125
824,0.11491366657710322
825,0.45916957237249045
826,0.9274816630710889
827,0.031251668064297466
828,0.8097234263003307
829,0.1113938607804611
830,0.7153117624865508
831,0.14263761842622524
832,0.821820845224962
833,0.06289564591113206
834,0.7473175265413807
835,0.4850523432184273
836,0.9981607033706734
837,0.15316746052406272
838,0.7821545142151257
839,0.8273678438285527
840,0.7307399155275893
841,0.2949158346047387
842,0.2711725445445421
843,0.5640636124905483
844,0.6887900003917802
845,0.11227020044236014
846,0.5374681260352833
847,0.5449196956369435
848,0.33231403599494524
849,0.9829344519097708
850,0.09515150880422774
851,0.7640267649590533
852,0.7831517908292472
853,0.2913039750604922
854,0.2344486731127169
855,0.0715292156678271
856,0.4286130548329178
857,0.5292960677476273
858,0.19919913018771096
859,0.14377249470433295
860,0.743948288979884
861,0.2555604044440446
862,0.8033344623481001
863,0.4960070347152101
864,0.26855391162657527
865,0.5329820266092834
866,0.6861293100326231
867,0.14318093670181398
868,0.6558571887324723
869,0.5385265926154368
870,0.1027187766719787
871,0.30904455723927915
872,0.2539675166750456
873,0.04757351954959821
874,0.2745664153135281
875,0.11112113158215187
876,0.9068105594411359
877,0.6280338018349427
878,0.8457741754708585
879,0.36266679221191456
880,0.5141931342319123
881,0.47641336981988314
882,0.5927411511115439
883,0.04391003326728238
884,0.8849079576588447
885,0.6932583784025116
886,0.5851465787818149
887,0.44869147280960997
888,0.7580859539983812
889,0.6926346690420084
890,0.28989674729550463
891,0.5809286840995516
892,0.3453028773587786
893,0.26710150470214966
894,0.07758234401010589
895,0.052568699856684664
896,0.0002867335491125722
897,0.8186832089242582
898,0.21645707967489558
899,0.4118252420818169
900,0.5563561480799799
901,0.1625971052266374
902,0.2703587376199128
903,0.356921933768201
904,0.8784753245880752
905,0.5473733853853312
906,0.5820759670841212
907,0.07553910706391542
908,0.392714969710962
909,0.9863334318909176
910,0.2957046902424013
911,0.12132708255465297
912,0.15960143880780808
913,0.003982143333772559
914,0.5482300115923031
915,0.41323964926660006
916,0.6961145071886984
917,0.8048120870167024
918,0.4496716805294513
919,0.9093959279734859
920,0.7305860150562014
921,0.8212653392012995
922,0.5441454698418868
923,0.5615625023154115
924,0.2894378906810837
925,0.8567325512043991
926,0.6745533596704206
927,0.39460443836113235
928,0.018347446775148768
929,0.5384805095150974
930,0.5916585924489618
931,0.9882505708936532
932,0.9155343500001596
933,0.950459801435431
934,0.4721656973529622
935,0.5308909113175007
936,0.32495264822736425
937,0.7934084678320565
938,0.6559970658399678
939,0.0736667977616643
940,0.2237042834614993
941,0.9377763711851576
942,0.8902770660783068
943,0.8791342678806336
944,0.7439029815402286
945,0.7863399286081718
946,0.5929597830116524
947,0.43961036949751664
948,0.8818640671535865
949,0.522019216674737
950,0.07625658598718665
951,0.10526766975340807
952,0.3602005803596364
953,0.9624699105042306
954,0.6256744519821981
955,0.8213729950302188
956,0.31596844214708153
957,0.013034066063334127
958,0.28204189233070465
959,0.5279048770130298
960,0.7175357530655843
961,0.49376109939314294
962,0.773264300695805
963,0.6314629728222384
964,0.4599640601456383
965,0.5845502823382405
966,0.43554006630580844
967,0.13050994863027232
968,0.30198162281307595
969,0.6638056448951675
970,0.042565689408740504
971,0.6551164523548287
972,0.17696699717320596
973,0.02507483561144641
974,0.46076054587028914
975,0.09292578353929926
976,0.772040952452295
977,0.9322631372370952
978,0.334676048000934
979,0.41415454463512025
980,0.23991037145675387
981,0.2786453859612622
982,0.7379563970327713
983,0.345648997795308
984,0.7762027853715523
985,0.08973970640451456
986,0.49192857629652764
987,0.25762284948136804
988,0.7784668603214355
989,0.3003858301472522
990,0.39976778746605
991,0.8001522724826077
992,0.35229749710158054
993,0.49396050423495763
994,0.33719256652762675
995,0.4230472317024033
996,0.08604715332264534
997,0.4896459026518921
998,0.4586604403762574
999,0.6236171411230506
1000,0.22435851837816312
1001,0.7492848295357134
1002,0.03708679554691974
1003,0.18393181628852584
1004,0.001688284370910842
1005,0.4572670401555545
1006,0.7072946997499934
1007,0.30812925910311173
1008,0.47541739858991927
1009,0.23864609273524062
1010,0.5323299504218668
1011,0.7472045141149277
1012,0.8400772570277694
1013,0.7811845651847551
1014,0.5389306260825114
1015,0.5536511200170138
1016,0.5218115857616566
1017,0.14457263175013924
1018,0.2557495801443884
1019,0.20362944999569133
1020,0.13429819077127603
1021,0.825350094922832
1022,0.20670941714691538
1023,0.9371187142453554
1024,0.7146544144794686
1025,0.13873223297749793
1026,0.08023990295434913
1027,0.7641074502539296
1028,0.29094944986480553
1029,0.5444787518095824
1030,0.047175039118957485
1031,0.9006060056662073
1032,0.6946278531643202
1033,0.5071350722935519
1034,0.02632114270938557
1035,0.7987392860236945
1036,0.4007216965249286
1037,0.3271002533977099
1038,0.6930764412975629
1039,0.2284819812461616
1040,0.31505621949166085
1041,0.13548701308957245
1042,0.678846109833863
1043,0.693070887112916
1044,0.9738051485969448
1045,0.5374124790482522
1046,0.36832481226298275
1047,0.08603691533055413
1048,0.6251166243323237
1049,0.462775178038494
1050,0.011502882176637197
1051,0.5091151012308757
1052,0.2412081555352349
1053,0.5842935771030786
1054,0.9152212392294177
1055,0.2901570311724422
1056,0.1559826249156997
1057,0.7847526678046549
1058,0.1337430153470106
1059,0.05065959922741359
1060,0.7711999501234371
1061,0.6751982729593504
1062,0.8058025038646384
1063,0.9110285884644016
1064,0.3589012713686549
1065,0.6332281134760265
1066,0.6443924024778948
1067,0.38984249243402713
1068,0.7477553140365133
1069,0.8835638602319559
1070,0.5200406612624174
1071,0.3604258059833799
1072,0.7388352039732429
1073,0.6125386122713197
1074,0.7200342681687258
1075,0.5254980699605417
1076,0.7714568389998341
1077,0.6359341844669857
1078,0.5460399869679906
1079,0.15191347409482436
1080,0.006298331945285729
1081,0.8308636082027181
1082,0.9684568347713567
1083,0.07736100654764533
1084,0.7630300840820418
1085,0.5274239550536959
1086,0.22899610350744293
1087,0.3572874363830427
1088,0.8074292305054092
1089,0.07280023668651359
1090,0.7081879065841118
1091,0.9132647740304373
1092,0.7652936990004936
1093,0.045826117217208306
1094,0.8796992174845645
1095,0.5593386535199565
1096,0.6519545584968165
1097,0.8838825325517777
1098,0.351688645700715
1099,0.9770901873675945
1100,0.0017423384793338048
1101,0.4644972024639161
1102,0.6400892193610825
1103,0.4144324551367956
1104,0.14522665265922508
1105,0.7679897799675838
1106,0.6762134947670415
1107,0.05812957484156822
1108,0.28999663463929937
1109,0.5559180398697231
1110,0.91435303910738
1111,0.812483179647122
1112,0.521603412140665
1113,0.3072126868662619
1114,0.2589795351339159
1115,0.7971184599070364
1116,0.5453991784043415
1117,0.0386312590615866
1118,0.22985715456686717
1119,0.37320493062676774
1120,0.4319765928093986
1121,0.8250109157480857
1122,0.1036128821934742
1123,0.5487530409973067
1124,0.20337744978791972
1125,0.17386274796012247
1126,0.13862228670173626
1127,0.8842580977175677
1128,0.2842615516930216
1129,0.7113807448601464
1130,0.3346593659664082
1131,0.4036308801564139
1132,0.5287123644973929
1133,0.7070066424204298
1134,0.3467503693198595
1135,0.4917946998672762
1136,0.08321613065243283
1137,0.4266989413498967
1138,0.851148270918257
1139,0.3181045893277048
1140,0.6892258425712853
1141,0.2718675035050052
1142,0.9820633715660151
1143,0.6021411689845987
1144,0.8678544164514292
1145,0.8101856633456475
1146,0.7115472021475718
1147,0.3583689840136649
1148,0.7716933875412464
1149,0.22538069241674208
1150,0.7273012551135197
1151,0.24765045725288182
1152,0.1686739139656679
1153,0.9822049950078016
1154,0.7622530710179145
1155,0.9987014949130127
1156,0.26915380581118675
1157,0.7729612570377608
1158,0.5154618619288458
1159,0.16111075895076177
1160,0.74305295442705
1161,0.709935415135701
1162,0.49252502088366934
1163,0.592311556490363
1164,0.46632768361215293
1165,0.834187032143299
1166,0.6028812713328462
1167,0.7911551808464039
1168,0.7393929059347318
1169,0.019092768331708143
1170,0.1807652041018024
1171,0.8814417026916541
1172,0.8325401259355717
1173,0.8366118550423505
1174,0.15911157654240593
1175,0.651531726066697
1176,0.9701358933972981
1177,0.9892814504495537
1178,0.9461001457287522
1179,0.6866743725885712
1180,0.3770716538976697
1181,0.24687455287581406
1182,0.09437940329462924
1183,0.8041464719832985
1184,0.5489859411457998
1185,0.32824047357625386
1186,0.06245664810811735
1187,0.009933207340626415
1188,0.566828928076858
1189,0.4418911271650935
1190,0.34351853331692683
1191,0.4465108039145813
1192,0.3422131427821751
1193,0.06757679549831941
1194,0.5052681708544355
1195,0.682283355605096
1196,0.8742983883272717
1197,0.3153101167222949
1198,0.581824397564593
1199,0.6897985895524218
1200,0.4486447980943493
1201,0.056103084919380874
1202,0.14321731398814952
1203,0.6466572325981206
1204,0.6610920098433121
1205,0.42370455667642337
1206,0.1946698190151228
1207,0.5866766746887777
1208,0.5079999151550804
1209,0.4956119847033963
1210,0.6599267656400634
1211,0.5127458675154084
1212,0.02641258319863815
1213,0.8934118818036221
1214,0.9333553830207967
1215,0.8438977946620472
1216,0.88019334599634
1217,0.3665487071776655
1218,0.37190660183028534
1219,0.5257369729739543
1220,0.14224495325385222
1221,0.43768173771176655
1222,0.3385011588241317
1223,0.6653612703298304
1224,0.8842476413390289
1225,0.2523910836321668
1226,0.11245875810027017
1227,0.035519017211680604
1228,0.13918519936769702
1229,0.3871412923333414
1230,0.1650967755710795
1231,0.5620853818235801
1232,0.73761700088116
1233,0.26394991098914145
1234,0.6676201902411153
1235,0.10812597163329052
1236,0.3354404631344988
1237,0.3153947547493223
1238,0.6452028389358249
1239,0.8780703352067806
1240,0.45101112745439775
1241,0.6373761667596665
1242,0.44084753471462024
1243,0.9728277952344418
1244,0.9171541664347341
1245,0.37962412842347526
1246,0.17709272359713646
1247,0.2591792606618667
1248,0.6241487249755806
1249,0.5874915668131707
1250,0.6839117484384668
1251,0.5709079666861544
1252,0.23160678523886602
1253,0.6261380821381405
1254,0.4610384882982531
1255,0.5347340694870836
1256,0.4387423166947265
1257,0.6314005378799131
1258,0.7882680312781716
1259,0.11129752006043558
1260,0.9323808726610973
1261,0.5755929690058375
1262,0.49246806892783934
1263,0.11788876856961661
1264,0.5203178895673608
1265,0.35325775932900283
1266,0.6558238622033988
1267,0.9188090404094504
1268,0.9633718251998872
1269,0.41223678665588537
1270,0.11822571265537751
1271,0.16307163954998904
1272,0.8490791665678077
1273,0.19028599098242294
1274,0.29416657212850283
1275,0.00023894028728288497
1276,0.7748931544696314
1277,0.3659644855994021
1278,0.07434068412779293
1279,0.9689763102035359
1280,0.8026400733759573
1281,0.655461486751709
1282,0.090757674859694
1283,0.6991009814720661
1284,0.05856710858857317
1285,0.7330551598894296
1286,0.3338852189885787
1287,0.1391128568182871
1288,0.39872112674709514
1289,0.11655514230759545
1290,0.5687984419696637
1291,0.9231889235820843
1292,0.8426741791278921
1293,0.6600367762532006
1294,0.15049967231371797
1295,0.960179704970459
1296,0.5728697213043609
1297,0.7197496614717138
1298,0.22720226245629105
1299,0.9931612125892163
1300,0.2810068550063186
1301,0.6917600214146763
1302,0.8555695896279472
1303,0.3516280331709316
1304,0.45159668396755226
1305,0.613232987019752
1306,0.9221966473285556
1307,0.3470000755456263
1308,0.2917490103362814
1309,0.18365998962483665
1310,0.451407529163235
1311,0.10690235509499912
1312,0.6901348300798795
1313,0.9129232878678211
1314,0.445288331526869
1315,0.3559640260838298
1316,0.6612547909862598
1317,0.7138351296407749
1318,0.9520026376008478
1319,0.13232935521975953
1320,0.6323664548259106
1321,0.08406228854905018
1322,0.7487545939944551
1323,0.2075766873724224
1324,0.7893023725887988
1325,0.9941198685146196
1326,0.4538875067307282
1327,0.11209293916762852
1328,0.8210191402298508
1329,0.8749493231630137
1330,0.7160215647545757
1331,0.6250341743839296
1332,0.10978674669580557
1333,0.8040442652952374
1334,0.3880145519043928
1335,0.2138782028962315
1336,0.09734979183030212
1337,0.0871299960700882
1338,0.7784728563444948
1339,0.09289846077845909
1340,0.5812788261818557
1341,0.05952136457561652
1342,0.22310424532985307
1343,0.5260999769514175
1344,0.18473587612470121
1345,0.9125100657113905
1346,0.2126889304393038
1347,0.7094135929039593
1348,0.08229152213447433
1349,0.9991827882714095
1350,0.8573815578331241
1351,0.21582349746894058
1352,0.3174868745076146
1353,0.6699011371672821
1354,0.5436009827895661
1355,0.11083215645419309
1356,0.35044632900832473
1357,0.7144513707384985
1358,0.13089347307594512
1359,0.6893064888856223
1360,0.1826949727581616
1361,0.4943394429764173
1362,0.8575513860588571
1363,0.8720797842908755
1364,0.39667185079067724
1365,0.5475617578157614
1366,0.5457946054711411
1367,0.9103347753533545
1368,0.4207454618403309
1369,0.18849769252501092
1370,0.18128575607833552
1371,0.8875772007784877
1372,0.8117453251025912
1373,0.40290250723465604
1374,0.25407661984802343
1375,0.2411170008575123
1376,0.34210569891391873
1377,0.6464775059031231
1378,0.8521047625298129
1379,0.4045898883119632
1380,0.6642026215690113
1381,0.2603024425095519
1382,0.8193823464158748
1383,0.8463829912004847
1384,0.4028259634924145
1385,0.2852118537240973
1386,0.6610766409203258
1387,0.2799763441966542
1388,0.6816758693843771
1389,0.7657135966150185
1390,0.480010253002506
1391,0.7976706463677615
1392,0.24201892909625367
1393,0.06528847386983438
1394,0.3225590841936611
1395,0.5894818569932818
1396,0.7716957705590667
1397,0.42202376022475674
1398,0.7586924246934664
1399,0.1823710784562792
1400,0.5690696267472297
1401,0.6520986912557373
1402,0.12192250802939286
1403,0.6366122881617549
1404,0.010160635602913248
1405,0.8335782398137881
1406,0.7390373758908612
1407,0.11659433609059355
1408,0.7604905845298429
1409,0.7978036393831255
1410,0.4326407101627182
1411,0.10436076127154736
1412,0.8749872499150494
1413,0.9405935584821157
1414,0.1774696989036597
1415,0.2443652796247855
1416,0.182894953525079
1417,0.5435699667377295
1418,0.7276280591329839
1419,0.9462352913968834
1420,0.7497867212557741
1421,0.253640992607701
1422,0.415341197243722
1423,0.9736588833550441
1424,0.23498273288846294
1425,0.6404206006848645
1426,0.05371767257850113
1427,0.16768798170664256
1428,0.3341312341662085
1429,0.8133079469671514
1430,0.5052231486264959
1431,0.10980769892561426
1432,0.7447829918707466
1433,0.4804729231435326
1434,0.06650589440454624
1435,0.1620979377705012
1436,0.3989103998725875
1437,0.5329916668621646
1438,0.17488356315207954
1439,0.455405393271748
1440,0.30375113441180157
1441,0.8315821702509559
1442,0.9740012493160806
1443,0.4195071871564977
1444,0.5601018095127812
1445,0.5399901673455861
1446,0.13952881271557738
1447,0.7663713708773289
1448,0.5907626560986762
1449,0.6322582728161094
1450,0.7930369353709902
1451,0.7728355357115195
1452,0.6372687436216242
1453,0.6697428396111798
1454,0.8993858968932242
1455,0.02249492485396032
1456,0.08838969313710932
1457,0.9964142638616769
1458,0.7630419330797662
1459,0.8525570821834741
1460,0.7899090319460162
1461,0.7589324963498579
1462,0.025715440189968186
1463,0.2542243524427904
1464,0.34721100585444564
1465,0.2882612123816073
1466,0.9851206490452216
1467,0.7563602806892403
1468,0.7058171480637239
1469,0.8262063707839091
1470,0.11280249293484013
1471,0.6464059441104612
1472,0.06751167854365892
1473,0.029174042315133875
1474,0.5681130730506058
1475,0.9189499073379137
1476,0.2295382539137899
1477,0.11151998408855746
1478,0.2587133394385327
1479,0.23548813134172386
1480,0.48883583898975824
1481,0.9887619305988761
1482,0.7786750654585409
1483,0.945429897946749
1484,0.38355870001683423
1485,0.732412653765578
1486,0.3052090471033505
1487,0.8687814206888596
1488,0.6063567100867235
1489,0.011127917891119332
1490,0.9781849805701254
1491,0.6016497802469929
1492,0.5726113918245676
1493,0.31571591152723244
1494,0.9338702971910614
1495,0.9064326079488176
1496,0.07376117361597279
1497,0.6552878637792157
1498,0.7046785469793069
1499,0.32946332413667023
1500,0.263049996757848
1501,0.18772182048181862
1502,0.136365943306194
1503,0.7261649504126207
1504,0.34979488761009714
1505,0.8545760493184598
1506,0.19099281341445196
1507,0.8804173299552089
1508,0.8127659219417731
1509,0.2779043051068395
1510,0.01051414862912814
1511,0.9473529621022768
1512,0.45204740208178207
1513,0.16048055805527583
1514,0.13558663736991505
1515,0.09772360385108025
1516,0.5638565451076172
1517,0.2924073753566
1518,0.8448322458430413
1519,0.327274156551152
1520,0.6386239255756055
1521,0.26291723763522323
1522,0.5614113632986282
1523,0.8933714742297729
1524,0.56317067797429
1525,0.3300408226472332
1526,0.538118665163193
1527,0.6744029551232096
1528,0.03849583986674643
1529,0.4491639559152122
1530,0.09460543374185826
1531,0.970498587804675
1532,0.4413071689205317
1533,0.5109010354831917
1534,0.9280771703112374
1535,0.06845876405517848
1536,0.16633556431829044
1537,0.4227998958635456
1538,0.6167983944099018
1539,0.28506098868935836
1540,0.40346345391326977
1541,0.20362869992102994
1542,0.47885060145255265
1543,0.10344477037648514
1544,0.5409872884449995
1545,0.9677200051242363
1546,0.7927506893527093
1547,0.07019523684974349
1548,0.9230930611491425
1549,0.2487666824520104
1550,0.8010717068243408
1551,0.6789888805600778
1552,0.1896109306232754
1553,0.25515212101040463
1554,0.6674388254738925
1555,0.2848117278519279
1556,0.2701054161672589
1557,0.7350557207214022
1558,0.570880715821016
1559,0.09276033209362655
1560,0.6779578595602354
1561,0.8255763058601446
1562,0.9233478093969241
1563,0.34246348037146324
1564,0.664958234743412
1565,0.008117166624587058
1566,0.5793391399357798
1567,0.06535962564666153
1568,0.09371033336496581
1569,0.5852150693475481
1570,0.9149586049320338
1571,0.6990358285731406
1572,0.8270571056092221
1573,0.5598941089853264
1574,0.894657180386034
1575,0.33570359681990436
1576,0.49355434035239176
1577,0.7116996963655224
1578,0.4888152134762208
1579,0.6573929736463847
1580,0.1532313001163702
1581,0.2151541112978116
1582,0.33346515143757527
1583,0.8519071464905129
1584,0.976563762691367
1585,0.005353922830437563
1586,0.414438208660724
1587,0.9256770355930065
1588,0.06493649327385076
1589,0.12376661764307373
1590,0.6734365196055394
1591,0.9123815776048202
1592,0.5718236108002754
1593,0.6155035458036308
1594,0.1291273350947234
1595,0.45260473009669056
1596,0.3052669592143443
1597,0.08337112790410406
1598,0.7347167475464464
1599,0.23691560607087592
1600,0.15394087862519878
1601,0.39789596737649
1602,0.4129006777609221
1603,0.703016038980369
1604,0.7440631797069306
1605,0.3975288244779942
1606,0.0654883690650574
1607,0.8292108764249777
1608,0.23066821641130764
1609,0.7097648096241671
1610,0.36256596741946323
1611,0.7229027611076202
1612,0.021562078385005568
1613,0.5696612325261948
1614,0.9034025094212133
1615,0.42365186219807427
1616,0.3485548685318739
1617,0.2646227240442004
1618,0.10193085503409705
1619,0.09906765692468888
1620,0.10939105502938773
1621,0.8177153095192683
1622,0.7016683120524916
1623,0.18212631381376376
1624,0.584397606536023
1625,0.6576525262222553
1626,0.2625134375866899
1627,0.47773973557982763
1628,0.5532580468576075
1629,0.518743250798576
1630,0.6297686859648447
1631,0.7852587648816878
1632,0.7320246657663001
1633,0.36346671789622464
1634,0.5175391434644929
1635,0.9196580520615999
1636,0.14077484159825404
1637,0.6721306702876718
1638,0.2472621996694846
1639,0.2182825462984539
1640,0.8226602176704607
1641,0.8964461754889836
1642,0.6564582918895387
1643,0.48138056046981403
1644,0.2524843450228378
1645,0.5019735151267526
1646,0.27359268965258055
1647,0.6647713479342604
1648,0.2265962592496138
1649,0.4853502317899693
1650,0.6691118334466714
1651,0.7185275934678748
1652,0.9616352073758347
1653,0.5868548918159354
1654,0.6261294561641989
1655,0.49146448825978084
1656,0.2875918688377763
1657,0.7659271620282897
1658,0.1699782992961365
1659,0.4185226844447767
1660,0.726687042021229
1661,0.5001644465057622
1662,0.7608972850991391
1663,0.028059882179202744
1664,0.8754741593789612
1665,0.3931216519634525
1666,0.6828372820456564
1667,0.6004753920724164
1668,0.839727709404888
1669,0.47782068195282357
1670,0.0459882870130508
1671,0.8414579268981672
1672,0.8599075883339474
1673,0.23474132745095577
1674,0.2760670602968842
1675,0.7590066679061124
1676,0.12701500599346838
1677,0.9321892279640391
1678,0.6127130395775958
1679,0.9468051191830218
1680,0.1260140545145474
1681,0.8951870854956737
1682,0.762193907539746
1683,0.28867172739992675
1684,0.3835597387857238
1685,0.9335549802997564
1686,0.7280354194224047
1687,0.5886139406907097
1688,0.9637322173662002
1689,0.039058196962512115
1690,0.9993462082291338
1691,0.45777999488088916
1692,0.7296296968347395
1693,0.42083414530654484
1694,0.23412800157046953
1695,0.11142659117097309
1696,0.6529188757221095
1697,0.10715281382546271
1698,0.31025384190384464
1699,0.2970922992370951
1700,0.6516800543746956
1701,0.9555869805416489
1702,0.8210727288582622
1703,0.2515913844514408
1704,0.8163087242169935
1705,0.6247393534128926
1706,0.9391988355550103
1707,0.05542441643608553
1708,0.26954892044786416
1709,0.4535063280738305
1710,0.8669263585583612
1711,0.9363894943449044
1712,0.6595591055243334
1713,0.39986006242103733
1714,0.42300963368059397
1715,0.9122034247520966
1716,0.7020090330905198
1717,0.35716077007998503
1718,0.11136119250422727
1719,0.378764208419228
1720,0.317207313688994
1721,0.834968191833182
1722,0.9652119145786093
1723,0.0543732521980228
1724,0.44087521469628865
1725,0.5194715651433688
1726,0.5065928641795757
1727,0.967814586147852
1728,0.6726578811429554
1729,0.5390529429876729
1730,0.9352323766585442
1731,0.40904018836998024
1732,0.45186662885550455
1733,0.30219374404960875
1734,0.14195350807159135
1735,0.7342484950565568
1736,0.9854505159520573
1737,0.23505592388769403
1738,0.624025371151269
1739,0.18859915175989583
1740,0.008832348017671632
1741,0.778948595607236
1742,0.6535427818764014
1743,0.7957012524524857
1744,0.3846095147209856
1745,0.6960947426980079
1746,0.7595672737751715
1747,0.24829141080628925
1748,0.3419018935271474
1749,0.5278637766342806
1750,0.8505902857244148
1751,0.7636217622241238
1752,0.8069670148476837
1753,0.2353041557932105
1754,0.21100528695306608
1755,0.5497569937815752
1756,0.5970273171821595
1757,0.5742404655637281
1758,0.037055039035139625
1759,0.118457578844818
1760,0.3988943662212515
1761,0.6713170676235034
1762,0.2856617638110217
1763,0.20784873025068107
1764,0.02757626938658675
1765,0.6158547160487037
1766,0.8685652438459076
1767,0.7096045582947968
1768,0.6797403974618155
1769,0.0479638365555749
1770,0.7690839807535675
1771,0.889658596216692
1772,0.8023479061892577
1773,0.6717243436959804
1774,0.8041321911412057
1775,0.7404120177058009
1776,0.8034684494747154
1777,0.13652796871419282
1778,0.30278249397043444
1779,0.8151906464019516
1780,0.7936755896030877
1781,0.14661524397458148
1782,0.8153657260773662
1783,0.5785452802084398
1784,0.42602383947499445
1785,0.25328235900767493
1786,0.45743275307822695
1787,0.1255561255027644
1788,0.7732124456281791
1789,0.45275326145568884
1790,0.16121028330715903
1791,0.3556905993711187
1792,0.728870625819885
1793,0.0181723937145567
1794,0.01904741624695505
1795,0.41288784516248656
1796,0.05891730263143602
1797,0.48069684226970133
1798,0.352777651521509
1799,0.4908405526192082
1800,0.03929051436695141
1801,0.10149435169053722
1802,0.42580397667941583
1803,0.328032199980267
1804,0.18174703593244135
1805,0.7014197254646266
1806,0.8193665252137912
1807,0.32017859444717156
1808,0.6320243333016916
1809,0.848906491471675
1810,0.12279817712385477
1811,0.720637267715551
1812,0.696598591568474
1813,0.6782474217329857
1814,0.13202869024338615
1815,0.1972884051764665
1816,0.7989849121009871
1817,0.33888589200295105
1818,0.5516676741542924
1819,0.037906184794986975
1820,0.8740026471492852
1821,0.172279168737428
1822,0.15077479590251275
1823,0.15163967675175083
1824,0.0367374816059447
1825,0.4188845027507435
1826,0.24436169173194267
1827,0.9629879415548225
1828,0.2210475858547717
1829,0.337997995154928
1830,0.6607952907381314
1831,0.13763401600742797
1832,0.7806862917439698
1833,0.23531137700176818
1834,0.34473637057083606
1835,0.7866406377553908
1836,0.23690894906427562
1837,0.46728384452066907
1838,0.9288384687583946
1839,0.6293389892186355
1840,0.9912272019874702
1841,0.2828317454739411
1842,0.027869905158595887
1843,0.9775958587848103
1844,0.22387977314409735
1845,0.7130126084061004
1846,0.8142531831404421
1847,0.09214422882844142
1848,0.9266854448811608
1849,0.8357767994940883
1850,0.25485476964824405
1851,0.8154213489851002
1852,0.15150688871995754
1853,0.927384343401826
1854,0.5887678445926621
1855,0.3273298186632768
1856,0.34891944722988
1857,0.22899863452319302
1858,0.15804188196376123
1859,0.9328239190159957
1860,0.3491357599596071
1861,0.6819008917937673
1862,0.3125895976471268
1863,0.1420349427073231
1864,0.9423041738009191
1865,0.7585368084930056
1866,0.9608356553225762
1867,0.12405180597059728
1868,0.369200609261514
1869,0.3904349040690548
1870,0.42557124842056526
1871,0.46362837045722183
1872,0.9926468492153493
1873,0.1024174254951562
1874,0.8088395159204346
1875,0.8077125016336316
1876,0.580578669786244
1877,0.0004908981673271695
1878,0.6846035500842601
1879,0.6857387890095203
1880,0.05954844444227003
1881,0.7530383640611124
1882,0.5219760344083948
1883,0.6386760731919183
1884,0.8659674728387301
1885,0.5376768320752241
1886,0.7260159109047687
1887,0.9588949545639724
1888,0.7770397082502841
1889,0.32298075545671956
1890,0.9593688939638392
1891,0.3864026627987286
1892,0.8096523163603118
1893,0.21811426586655835
1894,0.10661537601247129
1895,0.3861232823095009
1896,0.46530151302873457
1897,0.7193600541494045
1898,0.7203455821261242
1899,0.8594128226025142
1900,0.45542785291048216
1901,0.625076072257837
1902,0.8874705481389628
1903,0.07097543034288667
1904,0.7344730933314918
1905,0.6703749486782143
1906,0.8202978248150355
1907,0.3080387604129998
1908,0.8458478925233779
1909,0.9977417369857091
1910,0.07376774941555753
1911,0.041039235554715
1912,0.26576696143517975
1913,0.2478827142639911
1914,0.1763587376635143
1915,0.9163137074475474
1916,0.03475483311922811
1917,0.9150444559334406
1918,0.731638532710242
1919,0.561509862475938
1920,0.14783527876611635
1921,0.33877643123838597
1922,0.3840412641959826
1923,0.7756824080483475
1924,0.0143349373035494
1925,0.25915577715951055
1926,0.4221736084761599
1927,0.3493048652978322
1928,0.0261311576954929
1929,0.16878266442673007
1930,0.02261901056696347
1931,0.5230517890855304
1932,0.5898496673815039
1933,0.31118367314601336
1934,0.03893648399711225
1935,0.7197415577557104
1936,0.9143828589129982
1937,0.37225311290202645
1938,0.32237584863002444
1939,0.47744340507731065
1940,0.20291018726486598
1941,0.9421596157333406
1942,0.15999837824955387
1943,0.8204979384698428
1944,0.9237845167214855
1945,0.8430057748484917
1946,0.9554926630729704
1947,0.9196921304640533
1948,0.7775601307267267
1949,0.36746551347345213
1950,0.936644771824206
1951,0.5977816957145363
1952,0.18493256176797346
1953,0.1720364881110087
1954,0.02052819176510967
1955,0.27824484018849194
1956,0.7018154521890606
1957,0.5156139959290355
1958,0.9135982030224847
1959,0.8293335557869533
1960,0.29810842136550675
1961,0.3377204951548809
1962,0.7276253400924034
1963,0.3459446631931563
1964,0.07442824302537399
1965,0.9091935327836294
1966,0.9709276710672675
1967,0.9165222208914111
1968,0.17905974187750195
1969,0.34059874102684007
1970,0.07575176268147576
1971,0.7341392868172334
1972,0.23340177990542021
1973,0.714111636104026
1974,0.11016060135003092
1975,0.34371932383352644
1976,0.6362173580710132
1977,0.13699800466684708
1978,0.8922205319038065
1979,0.10169025181964231
1980,0.4992997750628271
1981,0.6096774226833667
1982,0.6953318246698202
1983,0.07165910377661211
1984,0.4789849064542515
1985,0.89570595018809
1986,0.4385827185382275
1987,0.16053088999897758
1988,0.4085066937948816
1989,0.30041594009220385
1990,0.2101240091260479
1991,0.47747718016134877
1992,0.2512493873675632
1993,0.26634393314895044
1994,0.867156370671182
1995,0.5640144780994201
1996,0.09068073245528607
1997,0.7474885097951306
1998,0.5859977218893441
1999,0.8793694774110016
2000,0.28410674940159353
2001,0.6685300662098578
2002,0.6808224169883249
2003,0.6081048452756352
2004,0.8764391075098142
2005,0.11204335294336076
2006,0.5791619361755328
2007,0.31025836053307954
2008,0.6094594844021909
2009,0.982365317566584
2010,0.16807896497607788
2011,0.4426592780464962
2012,0.8065201202487805
2013,0.5879012902647649
2014,0.6033990987502694
2015,0.6483537781364345
2016,0.37436033618174025
2017,0.7908435436780611
2018,0.5975426343170336
2019,0.7162706891948187
2020,0.20206915937580472
2021,0.3647601802343452
2022,0.7657842323981037
2023,0.9374018633262402
2024,0.5829657000948286
2025,0.5985037196571276
2026,0.5672512192888457
2027,0.19054179937898197
2028,0.3020826428258435
2029,0.6951988302653546
2030,0.679725714026311
2031,0.9833459197211362
2032,0.8701982767296857
2033,0.8697075488346185
2034,0.13891649188519306
2035,0.39480087764015126
2036,0.3525132272780378
2037,0.39832679879301214
2038,0.09282338635202059
2039,0.14632294060719342
2040,0.4619862829247644
2041,0.7346145268893277
2042,0.13450462830471954
2043,0.39033621417295594
2044,0.5991747116720145
2045,0.981332320881447
2046,0.05163239943561615
2047,0.981880936250287
2048,0.4427532996202198
2049,0.16429506870305266
2050,0.8413212191403175
2051,0.15458899459089903
2052,0.6235964706846248
2053,0.4521464645649823
2054,0.022102347517632293
2055,0.2461265042423424
2056,0.24637567408932415
2057,0.5209496504710872
2058,0.8976244302192798
2059,0.7905658106246612
2060,0.0786089400236697
2061,0.1294758339535801
2062,0.8291752048935587
2063,0.7716491950137008
2064,0.40931495100303716
2065,0.7157441788930379
2066,0.32668242831229855
2067,0.7788168258586027
2068,0.9109453460694183
2069,0.5477110382375503
2070,0.6675781867626783
2071,0.4412769788478347
2072,0.967938199211722
2073,0.5285620883048767
2074,0.7675950136362005
2075,0.2014731244103799
2076,0.9851327320336741
2077,0.18927948334292977
2078,0.34073852476648914
2079,0.5861326817416389
2080,0.6461059644559841
2081,0.9533101789558105
2082,0.5730827235512578
2083,0.859843518021296
2084,0.5891552557870336
2085,0.32130631912816177
2086,0.5007880223098409
2087,0.8476544505756913
2088,0.23992113482347843
2089,0.13105617202191133
2090,0.22958583021112988
2091,0.1515635859954415
2092,0.5350632531448484
2093,0.4062303557826553
2094,0.6157113277955064
2095,0.770101458220201
2096,0.26114348979857416
2097,0.26684347382579987
2098,0.04767920042929352
2099,0.10377070243588005
2100,0.9548749561978395
2101,0.5680693857411906
2102,0.7300236103761054
2103,0.6740579572950529
2104,0.0174364580095292
2105,0.7566553311527884
2106,0.17927645388152214
2107,0.8168111070772084
2108,0.3351069152920888
2109,0.9191901511546807
2110,0.929239316019739
2111,0.41802841647867495
2112,0.6100753451417154
2113,0.7178850118468708
2114,0.7026684762508723
2115,0.27486038690850956
2116,0.669800943484701
2117,0.6692382031508591
2118,0.24047018126958164
2119,0.41780616287814876
2120,0.03349553230168811
2121,0.13914349314183805
2122,0.5619757483465619
2123,0.5755640686777164
2124,0.37115376163849245
2125,0.6208953129371082
2126,0.6533108471692598
2127,0.6132407310428291
2128,0.09325686921905052
2129,0.7185674812314434
2130,0.5437556488335493
2131,0.8048045700519671
2132,0.6404960135387501
2133,0.18075618409902305
2134,0.2841609731293192
2135,0.1749994471096935
2136,0.31155303227630393
2137,0.8797774621924428
2138,0.5963626519747022
2139,0.8752737445189968
2140,0.373394935700742
2141,0.2957081793592037
2142,0.7488212148492979
2143,0.7582974477326656
2144,0.5047428802073813
2145,0.806081327941558
2146,0.18423759274581375
2147,0.7067675176661483
2148,0.693807698284053
2149,0.6871652044077226
2150,0.2417877933713598
2151,0.3293191733268256
2152,0.5421734294330504
2153,0.8385197300425344
2154,0.5826455564932524
2155,0.6707695418507669
2156,0.7972674543698643
2157,0.30903458902153713
2158,0.14393321259054126
2159,0.26606919385931305
2160,0.1336072029645532
2161,0.15324166933988725
2162,0.22088643946511455
2163,0.2698995381180568
2164,0.4865565251888404
2165,0.6831839922846429
2166,0.9840071792359514
2167,0.22081708744040962
2168,0.7812258830898396
2169,0.9501356859208572
2170,0.5856360427667886
2171,0.9764763066419442
2172,0.27460738383649996
2173,0.48320123315730046
2174,0.7177217603470495
2175,0.35013480508559536
2176,0.6041904421219265
2177,0.2578605675007739
2178,0.9123986884438818
2179,0.5571764393598881
2180,0.1124607223955445
2181,0.9838437000089562
2182,0.8272111817722515
2183,0.8325144114150755
2184,0.5087260935535847
2185,0.9355617450613032
2186,0.7531781897564589
2187,0.05044652584424281
2188,0.41524112328288065
2189,0.12037113545098299
2190,0.39449574289091294
2191,0.2964726245450169
2192,0.6432514597237191
2193,0.26922623750973984
2194,0.836969855026174
2195,0.7622543582157927
2196,0.9490711200980547
2197,0.2569108135907484
2198,0.20223446651232035
2199,0.9256691415405212
2200,0.1673516291593895
2201,0.07542074836904478
2202,0.914142514139922
2203,0.024246589965314702
2204,0.8801942708106207
2205,0.511544961734954
2206,0.03560384622914581
2207,0.4130941949607029
2208,0.9868306891095897
2209,0.8664155951986284
2210,0.1801285836338693
2211,0.3364352743783824
2212,0.9037066726908212
2213,0.3122028239834682
2214,0.44148071162423896
2215,0.9769952278861528
2216,0.3566200589991383
2217,0.7024307634704877
2218,0.10954954806704309
2219,0.7394915593607493
2220,0.7958146458752053
2221,0.6927528093899921
2222,0.4505215434243861
2223,0.7330565487984283
2224,0.23239962043882667
2225,0.44013814133493734
2226,0.2003674669340052
2227,0.4377088591307615
2228,0.4288162391835253
2229,0.15697564871332792
2230,0.7875847673357749
2231,0.7924920445790005
2232,0.6374872398875352
2233,0.7951418867342255
2234,0.5756348246887624
2235,0.05698752210972269
2236,0.5414293606979601
2237,0.12948886723119646
2238,0.784318319910308
2239,0.7337334418213364
2240,0.9199843539094996
2241,0.7281760161998264
2242,0.33010137018714114
2243,0.6414483507409602
2244,0.5662859799554621
2245,0.9939726067692458
2246,0.8104832096990259
2247,0.570873115274221
2248,0.9260233931688914
2249,0.7105614126560404
2250,0.7738462769713386
2251,0.9331227696536063
2252,0.04000089168137255
2253,0.256847854931908
2254,0.08611392383474459
2255,0.1788347124896369
2256,0.8793308989553962
2257,0.6720780522342819
2258,0.16105310035272669
2259,0.5713361745941065
2260,0.17603338701214177
2261,0.9407083052696119
2262,0.5570477322899058
2263,0.6045068755043207
2264,0.9607302636929105
2265,0.9678622461015688
2266,0.5560000661808336
2267,0.25043424889131893
2268,0.3044667269146889
2269,0.7294334916133726
2270,0.4607546165702364
2271,0.006969612549276305
2272,0.5872144062643214
2273,0.13842643792790432
2274,0.7521725027685608
2275,0.24295882691847148
2276,0.9543122577199094
2277,0.8884291887645526
2278,0.38687086998813547
2279,0.8327575911683548
2280,0.41830410943964136
2281,0.7800920213388923
2282,0.06107009834422694
2283,0.8249835198479676
2284,0.8733130736793951
2285,0.7276654424490888
2286,0.09519547450779864
2287,0.04981022273461688
2288,0.0014181390599468102
2289,0.461757557590855
2290,0.8070852607267037
2291,0.7447362372671272
2292,0.6352529790160654
2293,0.036123538348827755
2294,0.642665352854254
2295,0.3700548328432042
2296,0.07606627255858156
2297,0.14773426302603632
2298,0.5371834385517812
2299,0.8329171009731179
2300,0.09313610845363152
2301,0.30645163812282517
2302,0.42518128903578334
2303,0.9603362124701246
2304,0.3483918520738275
2305,0.11188112777243675
2306,0.6729613891673358
2307,0.757891457316011
2308,0.35625970525319206
2309,0.21362423489158777
2310,0.7697985503096518
2311,0.3961621832768788
2312,0.14952257010874814
2313,0.25591686128763635
2314,0.8405498459962879
2315,0.2426489093415537
2316,0.5346012619565743
2317,0.1941819978072763
2318,0.14987531091473993
2319,0.620229715658944
2320,0.6473120105614618
2321,0.49844612734988336
2322,0.7073472413579726
2323,0.150250425918954
2324,0.4562074827120838
2325,0.07085184080111573
2326,0.16110404514051158
2327,0.4552532673523412
2328,0.907684311055994
2329,0.680314667527479
2330,0.14409391119905424
2331,0.7712159894019204
2332,0.3610438044663342
2333,0.3251825549534245
2334,0.16318372362308475
2335,0.8825220907558581
2336,0.6060379554634349
2337,0.868815621608562
2338,0.08495638605683054
2339,0.3813090334228466
2340,0.031259525612331696
2341,0.8865425442368745
2342,0.9416738679895533
2343,0.10537525553389249
2344,0.4607564007387416
2345,0.8473052876756719
2346,0.21241489138225567
2347,0.3704662508127212
2348,0.7455407946853682
2349,0.2480681546112341
2350,0.10128816104821026
2351,0.5618024825746908
2352,0.38888375854182267
2353,0.15055166894879746
2354,0.3009403072339498
2355,0.649669983397685
2356,0.990258525520379
2357,0.795395073027786
2358,0.904291013462526
2359,0.017845457006890775
2360,0.9860645151858274
2361,0.8728281834362425
2362,0.5566078599088201
2363,0.24458861551092914
2364,0.6584178818167659
2365,0.5310351876709448
2366,0.09501965729998907
2367,0.6785469034685846
2368,0.42626646511738886
2369,0.05507165491771637
2370,0.12092376372784508
2371,0.4253489178951758
2372,0.6556430817904646
2373,0.44462576656647346
2374,0.8378982434028706
2375,0.6178307769881799
2376,0.2193236291183459
2377,0.40131065322911996
2378,0.15215012023168417
2379,0.36908986699220336
2380,0.2151393094104037
2381,0.7991001912637854
2382,0.733778070233922
2383,0.021039541833879793
2384,0.19050238002870135
2385,0.28838433681009323
2386,0.5886823595844332
2387,0.017298780071807962
2388,0.5097273774493036
2389,0.5923974388890402
2390,0.5869204378663893
2391,0.06677399729512723
2392,0.686805205932634
2393,0.11829664409570173
2394,0.6108295271652489
2395,0.07697870042957156
2396,0.8703899154830541
2397,0.9207890541608134
2398,0.3135840576609096
2399,0.7868329249288426
2400,0.6158356135069064
2401,0.6696911189999063
2402,0.023948454661396834
2403,0.7855886405182707
2404,0.6082746975978647
2405,0.8996957882235371
2406,0.4833764914763
2407,0.5704638334177697
2408,0.9182062916992514
2409,0.6610874328211679
2410,0.11827772578917639
2411,0.7167784823810107
2412,0.690748831685327
2413,0.5901521633239951
2414,0.8397460174968763
2415,0.7617152832827354
2416,0.5017060902988552
2417,0.0787020750274422
2418,0.2684838043119123
2419,0.8209981886007413
2420,0.8750062467458326
2421,0.13284496284962344
2422,0.048983778698633906
2423,0.40750564443352033
2424,0.28791357431315023
2425,0.5516336311156377
2426,0.6689993022363337
2427,0.5592827813735037
2428,0.8854703923073467
2429,0.7405620473866389
2430,0.4720051851601059
2431,0.8976244892974276
2432,0.08940125944042965
2433,0.7718387781892536
2434,0.8894685778940925
2435,0.9130485694778142
2436,0.5962965985730245
2437,0.14688515170764127
2438,0.26342797817173813
2439,0.7551914377323732
2440,0.5328422255916752
2441,0.0031354154724471117
2442,0.03246344095700815
2443,0.39468173657629735
2444,0.19773737318166373
2445,0.040084988608589445
2446,0.5527303788927159
2447,0.6052988560338297
2448,0.9103102436384767
2449,0.041983927725952164
2450,0.2681545391530846
2451,0.21750332853765364
2452,0.08862377285853629
2453,0.8496009630584529
2454,0.48469895357939263
2455,0.18198103499293827
2456,0.4418670181610497
2457,0.07526893575585014
2458,0.46661420760697503
2459,0.6877743735116599
2460,0.10216983310085526
2461,0.7622084308143775
2462,0.3271065627902694
2463,0.5486148540998943
2464,0.6976726270572364
2465,0.7253534439143943
2466,0.9911660474279532
2467,0.5394929458899225
2468,0.056857402843246696
2469,0.039725356839116044
2470,0.48826095551214066
2471,0.23050677440209633
2472,0.24651956419421106
2473,0.10840247266581005
2474,0.15592370577522563
2475,0.44272408895460724
2476,0.6514890719496234
2477,0.09969214322853959
2478,0.2447999761434282
2479,0.4903126675256798
2480,0.8561015698225612
2481,0.3410484865611825
2482,0.512738957424136
2483,0.12719790081830784
2484,0.5944073154935964
2485,0.1786736397832851
2486,0.6015992533262955
2487,0.4103387195137038
2488,0.31649002760732503
2489,0.9949003662046424
2490,0.5689702047464656
2491,0.11654837904760529
2492,0.48386054141311663
2493,0.24336882793515702
2494,0.937749253029054
2495,0.8096918439004533
2496,0.9542600967429232
2497,0.2837808703652901
2498,0.6051573770217449
2499,0.5060045837790489
2500,0.6565663913976157
2501,0.18790806020526585
2502,0.8579106898396809
2503,0.5859471686335948
2504,0.3688581018255851
2505,0.06899764627073501
2506,0.4126035669983763
2507,0.38592769737664745
2508,0.7398532533300652
2509,0.7141085099277684
2510,0.14489317403485513
2511,0.10574535413742658
2512,0.22695077294917243
2513,0.14615843666784667
2514,0.17341626360039042
2515,0.25750673421303916
2516,0.2065286533685491
2517,0.2715488330309813
2518,0.21427567476378628
2519,0.5291054927798804
2520,0.3074653651377701
2521,0.966732451678555
2522,0.6241105607854961
2523,0.8828575822301038
2524,0.1929429962077739
2525,0.9461290644376242
2526,0.7696384575108889
2527,0.30555824786368024
2528,0.6303378778552845
2529,0.562124951439068
2530,0.7434625208698116
2531,0.05752302501621376
2532,0.03134411601733689
2533,0.6226406146254145
2534,0.18471305171016827
2535,0.9199542115809771
2536,0.8402430806661688
2537,0.6359424133760775
2538,0.3524218896466963
2539,0.3463943387014654
2540,0.9247240625228919
2541,0.37678909492130763
2542,0.8111818066602788
2543,0.4887253229437919
2544,0.6526079038211252
2545,0.525756421558285
2546,0.07751149598287055
2547,0.10637827585787274
2548,0.9682793731305904
2549,0.3362763714504656
2550,0.40018995205933594
2551,0.03235112559468356
2552,0.07746037845469667
2553,0.24648723890687185
2554,0.07809904967842285
2555,0.9835191018719843
2556,0.15765419957243432
2557,0.4613744928875495
2558,0.47721704523740116
2559,0.9470771108778346
2560,0.2834082681772636
2561,0.11221837249778144
2562,0.5419328597933127
2563,0.24228302890415865
2564,0.33436183854175994
2565,0.03831279774262886
2566,0.6569784106873972
2567,0.5880480593101858
2568,0.7406242773535525
2569,0.3915332072249753
2570,0.2179747274696282
2571,0.9980278640154906
2572,0.6619059490088927
2573,0.6291632339169623
2574,0.48279547129186506
2575,0.6336390940516792
2576,0.0885458623994334
2577,0.19834105043296113
2578,0.47331504352416254
2579,0.15190189583001934
2580,0.12704465784238206
2581,0.3084939976135953
2582,0.23512466289984502
2583,0.07791713037581216
2584,0.6321162450597015
2585,0.8205099492507859
2586,0.3499974981995648
2587,0.7899293499844322
2588,0.6389365416005818
2589,0.6500780924051451
2590,0.8571226564734751
2591,0.9259993031948973
2592,0.14419639130019457
2593,0.1977436543577039
2594,0.7649008263823422
2595,0.723126810939565
2596,0.322723829988378
2597,0.871455010047628
2598,0.806540977641447
2599,0.5885045298854156
2600,0.013478674666324797
2601,0.3297128287929876
2602,0.5634151248352186
2603,0.5672140138736641
2604,0.04410967340502614
2605,0.7978996089318461
2606,0.7138376255287023
2607,0.5813860426544414
2608,0.36537067724878447
2609,0.6544191754515144
2610,0.4148066184331195
2611,0.7374771341953656
2612,0.3685644033137565
2613,0.29056620031172853
2614,0.92933490056889
2615,0.8063529285275393
2616,0.46628800257900826
2617,0.03427057571120562
2618,0.3603859849381871
2619,0.6794226276820792
2620,0.186460753473358
2621,0.380772594284843
2622,0.034116975625385626
2623,0.6827027135934148
2624,0.3525987394841712
2625,0.8578988653416217
2626,0.6807688610798517
2627,0.3868886125561898
2628,0.16860342956107377
2629,0.13935560589463014
2630,0.5802979222918632
2631,0.3628054210925028
2632,0.8731428749877367
2633,0.6834344264782488
2634,0.36096594237079715
2635,0.6135866157835926
2636,0.5828974742141368
2637,0.41083246923836225
2638,0.3812020334614793
2639,0.28837789547191406
2640,0.9246396077873154
2641,0.8412382102962936
2642,0.8757433608400617
2643,0.05763628057665582
2644,0.8546639950776542
2645,0.7437196848672741
2646,0.7871974923837748
2647,0.24204678899574716
2648,0.268056747835267
2649,0.8437594810446173
2650,0.9018557218442044
2651,0.29805777202382444
2652,0.27782406850437
2653,0.5480403903752951
2654,0.8666893223129651
2655,0.24527155382832866
2656,0.5943757267932022
2657,0.766508118307495
2658,0.6817648500132831
2659,0.00497169450936108
2660,0.23956601235243247
2661,0.22474611108160525
2662,0.622416659063041
2663,0.7281888362332359
2664,0.025973963764289176
2665,0.1872278156806726
2666,0.02542143450043821
2667,0.7340660228102416
2668,0.44427028531896084
2669,0.9990042198295439
2670,0.2588687170370123
2671,0.5942026573528658
2672,0.9682427190045303
2673,0.9889512419135196
2674,0.6224825007941412
2675,0.13875724594752026
2676,0.14643506652999572
2677,0.41489151881302666
2678,0.9907800480037277
2679,0.22193894587642526
2680,0.9066664633502576
2681,0.8761994328901312
2682,0.6210872375239155
2683,0.8566656056952568
2684,0.09685506218647866
2685,0.8213635799459359
2686,0.06302229395903669
2687,0.04783841122456467
2688,0.7673868581112935
2689,0.1618659968121805
2690,0.6577054075146036
2691,0.085073435616702
2692,0.8526487185229941
2693,0.5402146347060884
2694,0.6896497030963453
2695,0.36177228365322356
2696,0.15787758927516793
2697,0.7493104768032588
2698,0.04378110951174574
2699,0.8819731636585438
2700,0.3865512047333489
2701,0.0029740392435203544
2702,0.6860972196464621
2703,0.5259148454929521
2704,0.6303225947848777
2705,0.6725448175501407
2706,0.3203522202260548
2707,0.5032691580146016
2708,0.284484975330316
2709,0.4272526800878489
2710,0.5910255260814173
2711,0.17306719883956556
2712,0.14663383994501478
2713,0.25394247159503625
2714,0.3054680989659727
2715,0.47831331407670463
2716,0.6580624104139801
2717,0.2348878223511529
2718,0.7103932661102921
2719,0.5586923876226564
2720,0.7999198739499251
2721,0.33167116460125956
2722,0.5542438371011156
2723,0.04926110017589003
2724,0.984428565095128
2725,0.47889755287199254
2726,0.42899275228288714
2727,0.7909031974044755
2728,0.49357410736994023
2729,0.0016940714673664425
2730,0.0017937005154126107
2731,0.670393858844517
2732,0.7276581667813067
2733,0.12673043725411492
2734,0.5640951031939095
2735,0.48782240004985655
2736,0.4068191804275346
2737,0.5013761563517961
2738,0.6854166071884867
2739,0.1726688316506927
2740,0.05964572944415347
2741,0.5030120078139533
2742,0.5714595680043885
2743,0.9581505235447345
2744,0.580055157560107
2745,0.5412958508502357
2746,0.6709424163139946
2747,0.2763944286872254
2748,0.18130253922273487
2749,0.1189864324177452
2750,0.2104208154124333
2751,0.3651691506360043
2752,0.5963538928003375
2753,0.054189585988646205
2754,0.30457498607389244
2755,0.3529792353567959
2756,0.4199757409306838
2757,0.7095611330080728
2758,0.8480454720154323
2759,0.05003258231084873
2760,0.37013598550894256
2761,0.8545785723901884
2762,0.9809379680293119
2763,0.21936453421274382
2764,0.16099653044090034
2765,0.11121019585428682
2766,0.20675497089158779
2767,0.8587431204154028
2768,0.900531094113734
2769,0.25733848978826956
2770,0.24736481367231744
2771,0.4389531050666613
2772,0.9522567352837664
2773,0.4503755112725386
2774,0.31827702312261497
2775,0.6938362573073126
2776,0.15980779378414178
2777,0.5579298554901408
2778,0.5300606652447636
2779,0.7857149137929123
2780,0.4638823542706917
2781,0.6949394489969306
2782,0.1313063614015051
2783,0.8478662540991669
2784,0.7575905276276487
2785,0.39686572140765963
2786,0.7813918512992639
2787,0.9925794917306641
2788,0.5123066255921858
2789,0.9388339033302955
2790,0.503031297710753
2791,0.5848351350414998
2792,0.21886556582237582
2793,0.9136849308414875
2794,0.822033041000151
2795,0.7209669637170102
2796,0.8783484220562378
2797,0.9753470898216002
2798,0.47783580155908456
2799,0.4115686244854637
2800,0.14055602229056174
2801,0.8086093950538241
2802,0.6717022997203506
2803,0.4109180804923125
2804,0.15848481872179854
2805,0.14129704701957557
2806,0.2462645446435563
2807,0.40347937913115917
2808,0.7475814638300471
2809,0.6892669904027992
2810,0.7997091130498143
2811,0.7506910009517985
2812,0.01046354212695777
2813,0.7046584623692369
2814,0.9940526703276799
2815,0.09442867386493958
2816,0.8000991801531349
2817,0.5755261190510774
2818,0.6934835599341108
2819,0.3088010776753404
2820,0.9624837038694461
2821,0.5315537334893481
2822,0.8896164665761941
2823,0.8029830838304429
2824,0.47105645312502886
2825,0.7709298829868606
2826,0.9786916042225605
2827,0.699108955113752
2828,0.1726540952781781
2829,0.8095817276788845
2830,0.2601732094480066
2831,0.8775158018196118
2832,0.09745093435213359
2833,0.4547500342286823
2834,0.2854558460574541
2835,0.6670311163371131
2836,0.367034271867386
2837,0.04109410549109449
2838,0.6974374990870572
2839,0.3849155894811267
2840,0.012323405017765077
2841,0.8227674336966918
2842,0.9600169910427944
2843,0.020192054286631067
2844,0.49977435567716155
2845,0.6448280147124915
2846,0.5996788007460976
2847,0.6242916824772913
2848,0.4267933168114443
2849,0.8679359088247428
2850,0.3109267834848347
2851,0.5557422880411486
2852,0.1807514971163443
2853,0.2968095193472976
2854,0.6472665119761826
2855,0.1562483156465182
2856,0.1852146374584709
2857,0.9253068986257078
2858,0.22707223014646305
2859,0.45857236406511115
2860,0.359678377166864
2861,0.6870867617061316
2862,0.27693869912107294
2863,0.07869003788367313
2864,0.8309982061584751
2865,0.2220454818562556
2866,0.579888458545053
2867,0.19593440705101683
2868,0.8586033258155065
2869,0.33167352662152805
2870,0.46577126205476593
2871,0.31148564067358075
2872,0.08544487406580692
2873,0.8659597055607564
2874,0.4319660522489974
2875,0.7104387741381664
2876,0.13735531406392576
2877,0.9801418825100441
2878,0.31558808399963734
2879,0.33562048362629293
2880,0.9597755741505852
2881,0.7919062199841392
2882,0.7596333487886471
2883,0.5050125039821156
2884,0.36896488772143154
2885,0.7803268707704932
2886,0.6582826392922324
2887,0.2195571637677921
2888,0.6292072239331034
2889,0.9671857986443482
2890,0.39038159297546526
2891,0.8232486200237918
2892,0.5758772519261378
2893,0.003915233416792563
2894,0.04651833179575127
2895,0.4674140179226117
2896,0.24664947098488343
2897,0.01950267152215579
2898,0.8117917036854384
2899,0.3049149704367292
2900,0.9522688434246322
2901,0.9834307590423947
2902,0.3320694969954787
2903,0.7781781617051997
2904,0.47632255070147755
2905,0.15392071695631648
2906,0.21834593572850558
2907,0.08102653584284958
2908,0.5599590878606282
2909,0.30858976300122054
2910,0.99425664211623
2911,0.6525991020090538
2912,0.9402295923426145
2913,0.2982490526551286
2914,0.8004492630011739
2915,0.6971396987542782
2916,0.15039741919573502
2917,0.10249345239875918
2918,0.617048805043583
2919,0.5520463273762195
2920,0.6740030368040297
2921,0.021840176123190114
2922,0.3643556926543904
2923,0.38023706198781226
2924,0.7239620604686273
2925,0.36250245625750277
2926,0.7116782907437086
2927,0.7954212114552797
2928,0.629525080169076
2929,0.3658632228471327
2930,0.7213116187530212
2931,0.5881264349536349
2932,0.4938645434014335
2933,0.967946688823135
2934,0.9266680635107714
2935,0.803235153125653
2936,0.6272952874011711
2937,0.9761741155609545
2938,0.5114448471222426
2939,0.3116882597684165
2940,0.2555157819709766
2941,0.3776385397496298
2942,0.15982957340763748
2943,0.5192197899960147
2944,0.038308714449823755
2945,0.9967129868225056
2946,0.5669155851783101
2947,0.9443394759581956
2948,0.49860346029501257
2949,0.117199022585877
2950,0.2968197765549079
2951,0.2898395364917701
2952,0.5316144161375707
2953,0.7733754367850281
2954,0.4245151978483108
2955,0.42580624348892027
2956,0.803035539742299
2957,0.20473851877649218
2958,0.8721423350847466
2959,0.05665187889622281
2960,0.871604063011998
2961,0.9999761909465195
2962,0.7945152087035946
2963,0.17570349646259498
2964,0.9615220171832441
2965,0.888953707592126
2966,0.4825637154586413
2967,0.06571422429102425
2968,0.4363390229851547
2969,0.02514047104996464
2970,0.8207406014062832
2971,0.2716839298357324
2972,0.7222147022708781
2973,0.8106021390564581
2974,0.6277037879046377
2975,0.4659660402218373
2976,0.7359456384362905
2977,0.48792982669910256
2978,0.6355477512977606
2979,0.9930488620495718
2980,0.5329984659369721
2981,0.18963788263791914
2982,0.5632502331853428
2983,0.06836019852010855
2984,0.33762275512489914
2985,0.4777636785027558
2986,0.5889466627100534
2987,0.15275480769018956
2988,0.25270064759506017
2989,0.09041776317886507
2990,0.6026990218498393
2991,0.7314308211594992
2992,0.820533717580671
2993,0.6198379592389999
2994,0.5394029879071842
2995,0.4962370345071393
2996,0.4334617284277327
2997,0.413494205330767
2998,0.9011225748354088
2999,0.7827512209138143
3000,0.9572808845441408
3001,0.39190329763314746
3002,0.0307970075956554
3003,0.261194309842967
3004,0.5425920355799665
3005,0.5576501629913322
3006,0.8973509990222776
3007,0.920122468392336
3008,0.4499548708896739
3009,0.6557558893541786
3010,0.5936771950049742
3011,0.8450491561516722
3012,0.7603010781882836
3013,0.03562105126624859
3014,0.8969998753933297
3015,0.9145469198518826
3016,0.34955721668899187
3017,0.9585554247865832
3018,0.7629517795395994
3019,0.12176177325809112
3020,0.603919646618367
3021,0.8062092657306664
3022,0.3246932651140366
3023,0.8781856562250484
3024,0.13450900956624856
3025,0.04174975354731125
3026,0.07827020549793073
3027,0.85615770249344
3028,0.17709007141886368
3029,0.11275622773302485
3030,0.14392792438429058
3031,0.7366359316117893
3032,0.86857666703646
3033,0.6210299312518096
3034,0.9127415891872694
3035,0.7988904971830234
3036,0.5270457818911561
3037,0.8333965014234885
3038,0.48025395004563276
3039,0.6224156038865076
3040,0.5358820085683188
3041,0.635213987999602
3042,0.12147453366086047
3043,0.995030734021905
3044,0.3184804743439785
3045,0.8103335447700336
3046,0.12620944626014796
3047,0.19668539610468816
3048,0.20192164585442907
3049,0.12270994213430508
3050,0.5359591945760565
3051,0.5852746152231424
3052,0.34854620060437136
3053,0.7794359023304852
3054,0.6354111880909364
3055,0.6962550719701517
3056,0.9959011677800879
3057,0.25152993391098266
3058,0.6806916652448265
3059,0.9514479626391636
3060,0.771175794215376
3061,0.2369858428573567
3062,0.6689851222633884
3063,0.9297575908503525
3064,0.9648125032215812
3065,0.05901810982348943
3066,0.7544765647802546
3067,0.9922618324451041
3068,0.697678613314042
3069,0.21043756424640225
3070,0.5186651716525896
3071,0.4609506048889498
3072,0.12101332821148203
3073,0.3689202261931598
3074,0.3480998494568618
3075,0.07853816782592515
3076,0.18577351701313816
3077,0.4983114510681622
3078,0.9708882147714901
3079,0.20162542882105072
3080,0.589289831015927
3081,0.209266679203436
3082,0.8654540469703048
3083,0.5801563429237545
3084,0.7773599116089985
3085,0.46005526520371076
3086,0.8633383734143415
3087,0.08448085010641815
3088,0.8875133457260552
3089,0.937145923449843
3090,0.27993088488537476
3091,0.06655171367825541
3092,0.20247080549538832
3093,0.6489379206051177
3094,0.366584897188881
3095,0.8889913268360576
3096,0.8692985224880101
3097,0.39779822417208854
3098,0.5937658010953375
3099,0.9134356351524789
3100,0.2646649013578287
3101,0.45322203159288044
3102,0.6870357226400569
3103,0.7757572768853622
3104,0.5411022866713382
3105,0.890533480299229
3106,0.517734292353029
3107,0.2640226221224491
3108,0.8125168764754944
3109,0.6414010567159643
3110,0.19609080144881696
3111,0.8415869156871842
3112,0.8998456745024356
3113,0.3352569667328005
3114,0.9814865624330572
3115,0.17223531096112432
3116,0.14123476661196732
3117,0.050953263415010386
3118,0.6540959750934139
3119,0.7720670289715134
3120,0.7084722358560587
3121,0.4143396669715459
3122,0.5840411709710683
3123,0.9459793117311702
3124,0.532355767709668
3125,0.40081352249431923
3126,0.7462228473939286
3127,0.7991109373763869
3128,0.2558737188543386
3129,0.010332196762891765
3130,0.08059772646790586
3131,0.3606390105960664
3132,0.009546575901005161
3133,0.8729073034491858
3134,0.2793450201657053
3135,0.38893859964565414
3136,0.1845459550253301
3137,0.7042547948957324
3138,0.10654084082217086
3139,0.26327060723693907
3140,0.30687672056748305
3141,0.2606403858490176
3142,0.5924689992865623
3143,0.2812893249565195
3144,0.9265356706412496
3145,0.5526268827636409
3146,0.7249285390669942
3147,0.08609841659587536
3148,0.6281085938767609
3149,0.3306040952152789
3150,0.6477319630840088
3151,0.41881260734198533
3152,0.6635895552995542
3153,0.3438653636629524
3154,0.3044373327102271
3155,0.6842533638198669
3156,0.4418273647014973
3157,0.5466233380668118
3158,0.9601695277508907
3159,0.9114162309438048
3160,0.03728239052768201
3161,0.7810254261599849
3162,0.45025563740293306
3163,0.04324207741984598
3164,0.44017942400310617
3165,0.9977531010048731
3166,0.26183315316058364
3167,0.002629411437767737
3168,0.5348469936302132
3169,0.85598702312381
3170,0.5400483084929059
3171,0.13557666461851992
3172,0.4962279464793179
3173,0.11462303722738432
3174,0.07140207499160212
3175,0.8336839689975056
3176,0.035769892671148495
3177,0.2904896720479392
3178,0.01610055361298357
3179,0.5320353992117032
3180,0.42265260329055343
3181,0.20857517205286868
3182,0.979310741859633
3183,0.2427337766822525
3184,0.5976806771134393
3185,0.670454555006088
3186,0.3121799825687177
3187,0.35954103855813835
3188,0.6481239656849885
3189,0.6567084195753254
3190,0.36167259075265434
3191,0.6269154388677803
3192,0.24703729229835514
3193,0.1333688806197696
3194,0.13331846693531757
3195,0.7115622600278474
3196,0.9121850972936905
3197,0.23534795202485448
3198,0.02789382322693823
3199,0.42717134660351597
3200,0.2088583080590315
3201,0.19883290688757238
3202,0.031881547663935694
3203,0.855397595293841
3204,0.5442571684054638
3205,0.8003621127815694
3206,0.1561875833297155
3207,0.46855932707908965
3208,0.42178770788902986
3209,0.890513788856231
3210,0.7598311780200456
3211,0.5409028139109254
3212,0.06154396218592373
3213,0.8781682961982588
3214,0.3282463543287125
3215,0.1257446785737556
3216,0.14603630100355391
3217,0.8310973906713598
3218,0.697610708429894
3219,0.40204439395268443
3220,0.45065809686436187
3221,0.13072768991048322
3222,0.9805827331380641
3223,0.1875377757579425
3224,0.9348020597316131
3225,0.9640429092006654
3226,0.4025644016570249
3227,0.4728971414434877
3228,0.6747093907971279
3229,0.7604509754767229
3230,0.7701209065810177
3231,0.4013839302898361
3232,0.4721516129425021
3233,0.05481488863543715
3234,0.5332118989707727
3235,0.19015489167311117
3236,0.8039332315303421
3237,0.7877732125170296
3238,0.734769106957769
3239,0.8371715566009892
3240,0.7648304246124568
3241,0.10789904721884869
3242,0.4001927174147406
3243,0.7682879789548265
3244,0.3919480088257147
3245,0.5157780589761248
3246,0.5294384755134368
3247,0.3950354275404865
3248,0.41149938277216447
3249,0.3472763996564239
3250,0.9255578155154818
3251,0.7775233213699779
3252,0.34735543464909513
3253,0.11360547979007907
3254,0.30124354552272425
3255,0.5942064424826553
3256,0.483455704370364
3257,0.14298325525867783
3258,0.16629205490888088
3259,0.4461881925558234
3260,0.5182552258820053
3261,0.5215377423071411
3262,0.8256493477388472
3263,0.029088891446686582
3264,0.09419871766883015
3265,0.16540048648614059
3266,0.187006017894092
3267,0.7651165961962305
3268,0.023011523499420594
3269,0.4725517194022859
3270,0.6533197834618402
3271,0.025009357266454257
3272,0.8158400270321107
3273,0.33027343810560883
3274,0.5836694441435426
3275,0.7052449001372769
3276,0.20864526662366933
3277,0.8001131190588189
3278,0.1385116425658206
3279,0.09922514885102973
3280,0.9863572295731723
3281,0.8060910023638119
3282,0.007424288129374124
3283,0.7735083114611727
3284,0.060056433978078805
3285,0.16074677935282766
3286,0.5765434549608823
3287,0.19088834999314075
3288,0.8843995682512862
3289,0.530711812293147
3290,0.386478502028597
3291,0.4170820742238285
3292,0.14845640812392658
3293,0.554311163688017
3294,0.4988046303713195
3295,0.6661038988753712
3296,0.14990910016742964
3297,0.8628501672513281
3298,0.2889506139322565
3299,0.9065847584920544
3300,0.4570075040483864
3301,0.7009717803780653
3302,0.5165940215789949
3303,0.15242350267361904
3304,0.7094626177462364
3305,0.5363394038391858
3306,0.4103373884891741
3307,0.17673012169295022
3308,0.8214203297903616
3309,0.7291164310302486
3310,0.7733576648553685
3311,0.23155561446338724
3312,0.43631034274693126
3313,0.4832383472231154
3314,0.7800553744637054
3315,0.4325701410990024
3316,0.48386363216104133
3317,0.6140606006142051
3318,0.492544796435301
3319,0.12752231336542763
3320,0.7890246271276946
3321,0.8861654387095756
3322,0.10087875799524537
3323,0.036570585305046865
3324,0.9637540692687303
3325,0.1290594595798844
3326,0.6461776606837822
3327,0.9524815662948887
3328,0.6248523047694402
3329,0.5313365030424518
3330,0.04207172416265614
3331,0.14818349019809518
3332,0.18469602176608702
3333,0.9964570768533868
3334,0.7936306683833996
3335,0.18032594192523688
3336,0.609742977894783
3337,0.2809348090117405
3338,0.22018961598485998
3339,0.1147760247994627
3340,0.9539596937631797
3341,0.011797270341581512
3342,0.11878130323405234
3343,0.45030813233477984
3344,0.10540470865391849
3345,0.9166357120240236
3346,0.24191811787890616
3347,0.8391430179856822
3348,0.5010663974087112
3349,0.6130900823693854
3350,0.8601358304874953
3351,0.9556824264234729
3352,0.44491464483225074
3353,0.7756893460667303
3354,0.5007219005742796
3355,0.10805379137999305
3356,0.8412201917451619
3357,0.25208352689248326
3358,0.5746619621517953
3359,0.34307740956008825
3360,0.7931731112406079
3361,0.9869156770424466
3362,0.29208051974494265
3363,0.9981018328097769
3364,0.13699326550511282
3365,0.8208135479692389
3366,0.7463660133397665
3367,0.5180514397380065
3368,0.864749261186899
3369,0.3940435478378683
3370,0.18864710869930867
3371,0.34604038500121237
3372,0.8892607027706522
3373,0.8357698941550233
3374,0.07406912625837903
3375,0.24066185861410117
3376,0.5299216737118381
3377,0.14530262058972732
3378,0.6350844355432432
3379,0.7552305124605977
3380,0.3777909371407502
3381,0.8160069360452448
3382,0.5210615230080594
3383,0.5862370258177398
3384,0.0655156846706304
3385,0.24552987242246893
3386,0.9822781067972376
3387,0.6917434292497197
3388,0.27271344494661776
3389,0.24109914365488894
3390,0.6554031082324285
3391,0.5021579817293343
3392,0.029801735112102823
3393,0.9749118494731533
3394,0.1614831146254223
3395,0.8398404123502321
3396,0.26506918658846845
3397,0.5730287813697093
3398,0.01465359432179103
3399,0.6399503989531505
3400,0.1331009998243805
3401,0.38289970329300027
3402,0.47203776480642856
3403,0.3709375112295845
3404,0.2514473835694717
3405,0.7094952701227163
3406,0.025555584052696978
3407,0.5991251329453062
3408,0.31494537735039685
3409,0.09117624348586573
3410,0.054829037354099164
3411,0.5762372959652425
3412,0.24873262634012017
3413,0.5581185039719794
3414,0.45443233586976295
3415,0.15906383347592778
3416,0.44682541403729314
3417,0.46982850384358443
3418,0.05967605869771342
3419,0.5902707214950068
3420,0.06681869645667393
3421,0.2361404974778436
3422,0.2637067542621395
3423,0.12350574497292532
3424,0.7262008340913455
3425,0.1471382134471193
3426,0.8295132394189271
3427,0.3067182655743338
3428,0.39079732679413814
3429,0.8148204220787568
3430,0.8519829412429952
3431,0.4331215763811874
3432,0.7164099993934019
3433,0.44787578306372455
3434,0.5105800618038893
3435,0.3371948443594821
3436,0.10604010045551493
3437,0.7491329649082071
3438,0.09785900348937704
3439,0.4607278754818064
3440,0.6345559930071342
3441,0.6975405575771567
3442,0.6615276780788202
3443,0.32466617385566743
3444,0.02774079792768902
3445,0.34805342931048255
3446,0.6471735103547984
3447,0.03772704661074244
3448,0.4885217896430416
3449,0.0602644190866809
3450,0.721393266828933
3451,0.30714856443574257
3452,0.153934399923899
3453,0.28315579747183917
3454,0.1639456376100631
3455,0.35004812062149604
3456,0.9680297432033846
3457,0.382647748740375
3458,0.3504139226275488
3459,0.5588304080773674
3460,0.08686264023505075
3461,0.548339507053477
3462,0.1481883332925854
3463,0.37647566137754207
3464,0.18638756808599555
3465,0.23426342876251982
3466,0.9042922218637055
3467,0.28195456561986043
3468,0.8244696964680975
3469,0.10124874503193848
3470,0.8221766350633922
3471,0.5606216157606017
3472,0.30823972611279526
3473,0.43428176726763046
3474,0.692103060201067
3475,0.4934881563831478
3476,0.294637706291607
3477,0.7911094014810057
3478,0.9799689559421446
3479,0.26294824192487654
3480,0.4091024887814394
3481,0.8448656009027813
3482,0.19163227329725208
3483,0.07085689775675708
3484,0.7448826843155313
3485,0.8540771305260964
3486,0.20129271163128615
3487,0.10463215601527676
3488,0.5013550056952715
3489,0.16688987511285258
3490,0.16598607250466235
3491,0.3430474614197375
3492,0.8699705147218969
3493,0.7970877640746935
3494,0.069378346285634
3495,0.40543441469493424
3496,0.3965879336845195
3497,0.9835108760225975
3498,0.8388500625493553
3499,0.8199797893353181
3500,0.9219594318686267
3501,0.8921933017022456
3502,0.9118183164425356
3503,0.5532380901192673
3504,0.8549371299882548
3505,0.12745286309377757
3506,0.7736040574376931
3507,0.7420421863734618
3508,0.9926774080672262
3509,0.3715708946288824
3510,0.3440427892122697
3511,0.5188379376495914
3512,0.818327276291008
3513,0.007873384224724833
3514,0.44273285758941416
3515,0.8903486716762408
3516,0.2419955274899228
3517,0.06299435880736826
3518,0.39007062881004884
3519,0.922903692297301
3520,0.9954137915448563
3521,0.7609475484039845
3522,0.34003438278217046
3523,0.40092211129895927
3524,0.33713091502028036
3525,0.4088987195541568
3526,0.8705117359030569
3527,0.4905970522218551
3528,0.7249743657726505
3529,0.39108637332092844
3530,0.3800321003638939
3531,0.5644559828571598
3532,0.34420664539428025
3533,0.5049596871251256
3534,0.530075671621411
3535,0.2786534537961972
3536,0.8870195555560536
3537,0.7583214338863288
3538,0.05091396770574541
3539,0.6071138980088129
3540,0.2056795497135835
3541,0.4068267358063067
3542,0.5694109833232806
3543,0.11396180067133588
3544,0.4889707392611041
3545,0.8314346707224468
3546,0.7173274878443768
3547,0.755348721952511
3548,0.17385192480761624
3549,0.07363301707961578
3550,0.21167005930223148
3551,0.6347833354303869
3552,0.6823042342585182
3553,0.678862457775627
3554,0.21334959470657355
3555,0.7816501075257495
3556,0.7787797707652065
3557,0.2188722146195241
3558,0.15489334562741097
3559,0.9517335210494468
3560,0.960244349212482
3561,0.5428007289136646
3562,0.2447322480656745
3563,0.13015268008556502
3564,0.011009179197713714
3565,0.884382373941111
3566,0.7173287845746757
3567,0.9565822769695491
3568,0.5710072609573517
3569,0.5484143153347566
3570,0.47548041945070485
3571,0.7535252411260559
3572,0.6984684400578693
3573,0.8760164455543522
3574,0.3634108049550112
3575,0.8857191757153005
3576,0.7473325440790755
3577,0.8252107318288927
3578,0.15233011370228522
3579,0.8318409934533922
3580,0.8732008782945881
3581,0.5079757408067533
3582,0.27091240872013533
3583,0.31254551691122323
3584,0.347899779462827
3585,0.8323306967313597
3586,0.8490728775634885
3587,0.37475058926864546
3588,0.7557638902971934
3589,0.8841567798570403
3590,0.88652950818205
3591,0.20592706000661365
3592,0.41342569376896776
3593,0.13556773634027186
3594,0.5893103740170329
3595,0.20577516806678475
3596,0.8555137684622669
3597,0.24612298482598427
3598,0.12494617853474677
3599,0.7979827282382258
3600,0.5481543994129823
3601,0.3883601865219247
3602,0.6245363364719935
3603,0.11284502731474044
3604,0.48625321091714035
3605,0.2731960032571512
3606,0.6769223866218611
3607,0.09159430951044101
3608,0.21274173786934014
3609,0.5118827297885851
3610,0.8539066174432951
3611,0.3723810654978996
3612,0.37534237147963345
3613,0.38122003817643946
3614,0.1917046648223133
3615,0.6738414642272582
3616,0.8397115089018025
3617,0.2536632932969004
3618,0.004963865825981073
3619,0.0014115638098021188
3620,0.6671171312789088
3621,0.030530287375203913
3622,0.043717287604865374
3623,0.04412655036803559
3624,0.5267189126557105
3625,0.6735658697386875
3626,0.7975002998110435
3627,0.14759787742378583
3628,0.5841704131772414
3629,0.5941820301935393
3630,0.38626930656450054
3631,0.5320660420536959
3632,0.13020981936505194
3633,0.12516164152382203
3634,0.7423159675393768
3635,0.7993918266646758
3636,0.2887573693805173
3637,0.8169648760032826
3638,0.08992840617120035
3639,0.8752149256829764
3640,0.9151249382634327
3641,0.4657652093554736
3642,0.8964955655962809
3643,0.6513853991269243
3644,0.09838544131650317
3645,0.10441180750974577
3646,0.9313363681532433
3647,0.5900000055165375
3648,0.17376551109575833
3649,0.42958236576303366
3650,0.27151842502040957
3651,0.020356396146555933
3652,0.3658781838188252
3653,0.9253806198700504
3654,0.5432028123727282
3655,0.660761572345275
3656,0.8064892869488517
3657,0.9724089543841784
3658,0.4682294668145113
3659,0.8566127581857421
3660,0.8916015636244772
3661,0.07339863144550052
3662,0.8803994818563893
3663,0.9994371348172753
3664,0.579312002050388
3665,0.6965167721737268
3666,0.7049509031264264
3667,0.5687746184652482
3668,0.8415889678448687
3669,0.3895258565916614
3670,0.9030649311991119
3671,0.45070783980812235
3672,0.6449055217616707
3673,0.31202400326656643
3674,0.07656618026251716
3675,0.5141469783103084
3676,0.025064336874005777
3677,0.3076855038399391
3678,0.2987279143244125
3679,0.22359953604238758
3680,0.6771293398626866
3681,0.5622153631854983
3682,0.3675653697454986
3683,0.08188929908912435
3684,0.10811652897920143
3685,0.10368372717213892
3686,0.2517964919838773
3687,0.7248953058197444
3688,0.5953619020159854
3689,0.24084070287766834
3690,0.5779001448848237
3691,0.8392360917430614
3692,0.34323667841573857
3693,0.6419020050392997
3694,0.9337013867497505
3695,0.5048908452196837
3696,0.8813269993177092
3697,0.4539803718082096
3698,0.9403361090131296
3699,0.6306253810060852
3700,0.17210260207847494
3701,0.07959163690919546
3702,0.5202613998563185
3703,0.4597436719126925
3704,0.5311387997964776
3705,0.06708698126797019
3706,0.7197673099038039
3707,0.40065973292271173
3708,0.1308397775801704
3709,0.5760464533399569
3710,0.8958420442765165
3711,0.10735558880612084
3712,0.5690786159804077
3713,0.5350371361023216
3714,0.6773123362681174
3715,0.41205123870210336
3716,0.43533210100809316
3717,0.28894229085295886
3718,0.4268605359444154
3719,0.27671470519856467
3720,0.06505453024784469
3721,0.2553225343215939
3722,0.005382806820351638
3723,0.9961594924058267
3724,0.9867243123440194
3725,0.8550308498706153
3726,0.6955709535465797
3727,0.628632847252167
3728,0.36011161001256886
3729,0.11020621399571195
3730,0.9253122693384654
3731,0.16360774112148757
3732,0.5263945081985076
3733,0.6052120529978635
3734,0.15386932833680478
3735,0.25222075805229927
3736,0.351228179223785
3737,0.1050756479999585
3738,0.43739341911734564
3739,0.11559342641178871
3740,0.3038058732849098
3741,0.5910808979225511
3742,0.8786851640135094
3743,0.5172110773573947
3744,0.13834243024503012
3745,0.8517514879513027
3746,0.9899054054038322
3747,0.9504859309727781
3748,0.6540977956342093
3749,0.9255681590914149
3750,0.33204733276927567
3751,0.13838714841321953
3752,0.5283097444195238
3753,0.8266437622216446
3754,0.8902799298340563
3755,0.9682520680811346
3756,0.8464485459450631
3757,0.9407187488809615
3758,0.9699600009856683
3759,0.24015424731938517
3760,0.45267291466525494
3761,0.8213295065367814
3762,0.2720859072937518
3763,0.9992292196172777
3764,0.9276607712449982
3765,0.6258606259503343
3766,0.055603319954215635
3767,0.17832108803270474
3768,0.6527612205883121
3769,0.858868717394299
3770,0.18076488096672738
3771,0.9743322894569367
3772,0.7709965067769566
3773,0.5773877982897532
3774,0.36681814098429577
3775,0.5904718753746182
3776,0.38466369706440007
3777,0.04711459725993972
3778,0.051014816742982805
3779,0.17970758797028252
3780,0.7376606423372191
3781,0.1253057371091153
3782,0.37923672435352096
3783,0.5623767149092977
3784,0.15131705404893836
3785,0.4788762001487079
3786,0.23692523925038056
3787,0.38231658440120075
3788,0.4713565799427224
3789,0.956350005885314
3790,0.43414061017532146
3791,0.016693464173805905
3792,0.05777729559208189
3793,0.9098524152209074
3794,0.2793152113626697
3795,0.8818923445216433
3796,0.6519618997071961
3797,0.2522554282630094
3798,0.8678446740096719
3799,0.9668151440457328
3800,0.13119551049153
3801,0.7362499645418489
3802,0.19236144435780766
3803,0.6543608013030124
3804,0.265711672776606
3805,0.7813170717172901
3806,0.19423248099293666
3807,0.624369908368168
3808,0.21199814560955554
3809,0.9138953598532606
3810,0.16300497465536745
3811,0.6003225360583547
3812,0.32307151897478015
3813,0.7316176042711099
3814,0.27954680110712027
3815,0.061258008375367434
3816,0.3948372454686241
3817,0.5817928288016646
3818,0.27333482997793157
3819,0.8704127072211421
3820,0.7107449444531488
3821,0.7530449023770751
3822,0.49616014268083486
3823,0.8846364264396087
3824,0.8231902919825501
3825,0.4400677483368761
3826,0.8580348934901769
3827,0.8511938133020511
3828,0.16223619277233947
3829,0.8466285189909339
3830,0.04322868306484362
3831,0.21275902637460598
3832,0.6482569643246963
3833,0.6136845031764446
3834,0.11126026908452935
3835,0.6490933955155095
3836,0.7726514062598974
3837,0.2025490280931691
3838,0.41263301857399004
3839,0.5271329700509904
3840,0.7239403215717145
3841,0.7780349150388255
3842,0.11372802324885278
3843,0.04569713395985353
3844,0.389760678467691
3845,0.20894848972233437
3846,0.9867180229610277
3847,0.6823778313301816
3848,0.1736920623728111
3849,0.25664992218907356
3850,0.6023638894213703
3851,0.2580530846111453
3852,0.3399431119221299
3853,0.5793984766481147
3854,0.6749573961885836
3855,0.5852239260309456
3856,0.30349024369215694
3857,0.9665748738731837
3858,0.5718110580453308
3859,0.8520707674198532
3860,0.4332539723400405
3861,0.7471817556773226
3862,0.41162621807773947
3863,0.7996022783582103
3864,0.24351521540286702
3865,0.38688135271156154
3866,0.23068416818820947
3867,0.5948966686309118
3868,0.9396008480292093
3869,0.2508352333326992
3870,0.7310818407060922
3871,0.1038743291559564
3872,0.1500989433588975
3873,0.2057822578492765
3874,0.49591827076804584
3875,0.5261214560451503
3876,0.24160124505217573
3877,0.9615757275534155
3878,0.5746482414098225
3879,0.9857438832688129
3880,0.9644075935239137
3881,0.36276806961570796
3882,0.8694694098958988
3883,0.3884605882981599
3884,0.789945369366587
3885,0.18326058827945313
3886,0.5568588397392281
3887,0.8270122935046977
3888,0.3187488248431253
3889,0.5482423192453628
3890,0.7264943122745612
3891,0.5926384776361727
3892,0.3429551539384905
3893,0.13725624004125292
3894,0.37527819879119995
3895,0.28354103198194813
3896,0.6261463531111546
3897,0.9820331952115586
3898,0.2377286527122846
3899,0.6746064173734477
3900,0.2355933207916564
3901,0.5360067563678182
3902,0.02719915164135378
3903,0.5279539133716473
3904,0.5617132429686612
3905,0.30868776311974044
3906,0.35439521948051766
3907,0.7692471095160763
3908,0.2218157763201375
3909,0.8939930679605359
3910,0.23480490485195626
3911,0.5591692367051788
3912,0.10295389583611703
3913,0.33049167236584565
3914,0.7811830374103446
3915,0.3110791849177439
3916,0.9220184528450617
3917,0.5862306118829822
3918,0.15855134621539935
3919,0.24287255091455795
3920,0.8871417272437828
3921,0.7740174381865176
3922,0.5994932608392557
3923,0.720791660094344
3924,0.9446251201915296
3925,0.3459996714275916
3926,0.3361702002227416
3927,0.7621492113777393
3928,0.3411018773934251
3929,0.6640392572598631
3930,0.07138804169201984
3931,0.49750224777995766
3932,0.8967992222780193
3933,0.6354905713229907
3934,0.9487727790843462
3935,0.16876204901180258
3936,0.9304816804723917
3937,0.16332371341108232
3938,0.5789287689931183
3939,0.8714023578806994
3940,0.45769917432962115
3941,0.7854137092201338
3942,0.5602635931265438
3943,0.5020219395347328
3944,0.4027362219685957
3945,0.6306329684589779
3946,0.5018462640780982
3947,0.39917352460419897
3948,0.10987700350421259
3949,0.17679985232165074
3950,0.8576185011129396
3951,0.5234843027965275
3952,0.09718422019141049
3953,0.05432140234465499
3954,0.8192913219562268
3955,0.2768473555619958
3956,0.2200157022207544
3957,0.4987267257912159
3958,0.4963967017168729
3959,0.23609910682168478
3960,0.09582365281865113
3961,0.7486517027727584
3962,0.07832714962460285
3963,0.6725556376568308
3964,0.13287726096516417
3965,0.271624548609544
3966,0.9278871882878492
3967,0.32827383841276003
3968,0.9801600601231598
3969,0.053567084673350696
3970,0.2480220018622178
3971,0.7371396748804862
3972,0.15436688977332935
3973,0.8507535455163615
3974,0.6123029068901903
3975,0.3095372353341391
3976,0.20232623772119362
3977,0.6252621213372943
3978,0.8400914329810577
3979,0.20971737630821718
3980,0.12137339353692345
3981,0.03610652906258205
3982,0.38318788593685726
3983,0.7298793809446135
3984,0.15092225860844521
3985,0.7418940187980012
3986,0.346970443732896
3987,0.0686638525929284
3988,0.5093910396502525
3989,0.5525507214165059
3990,0.8525050626681105
3991,0.004058236703659013
3992,0.12255149935406984
3993,0.6061673365738475
3994,0.9844532513702268
3995,0.8356896314406667
3996,0.11829560068543943
3997,0.5101635064111762
3998,0.13911411412929375
3999,0.018058122394674525
4000,0.07778167502223354
4001,0.4095630785453721
4002,0.7022833519980148
4003,0.8036025462280281
4004,0.9162318052898142
4005,0.4827546963902126
4006,0.650783703938596
4007,0.9384999983542603
4008,0.2035580730987967
4009,0.3289421428018162
4010,0.21899202254299555
4011,0.6661336313408743
4012,0.8340847538102991
4013,0.6092033671750374
4014,0.661321162739137
4015,0.1950931662863965
4016,0.02496246965767346
4017,0.9361819383094975
4018,0.990936848013242
4019,0.5373672399341901
4020,0.6504967257235817
4021,0.2902091822956653
4022,0.14616367847013612
4023,0.7653153422877649
4024,0.17289218095069347
4025,0.5071364476603495
4026,0.04585080711919787
4027,0.7048385402540158
4028,0.9181758241390889
4029,0.11554701705766934
4030,0.0064359976761576565
4031,0.7914108604875572
4032,0.6642109822410723
4033,0.060284279403739816
4034,0.5431160110712869
4035,0.3646239995377417
4036,0.3328369717708364
4037,0.0479202992137141
4038,0.7012700492661468
4039,0.5492181410985937
4040,0.2323716277803778
4041,0.5428206898758169
4042,0.7933664167174476
4043,0.935402950440573
4044,0.02010802135745393
4045,0.48640908902987656
4046,0.2981187211876941
4047,0.3222088231393707
4048,0.046553401636698966
4049,0.34830163382951496
4050,0.2894050870656266
4051,0.026320284896287127
4052,0.26659075547639577
4053,0.4594070449392659
4054,0.8027034882539508
4055,0.8215611960348348
4056,0.22815514944140602
4057,0.8492334284813012
4058,0.5466596839672925
4059,0.21786907815067047
4060,0.43169748946325937
4061,0.514708183208084
4062,0.11420455907935168
4063,0.42565416412825163
4064,0.6333218834702721
4065,0.9844686344121829
4066,0.78842353303581
4067,0.9459659277041409
4068,0.6373388336316026
4069,0.21247520375196116
4070,0.13582244198640447
4071,0.018831454829310923
4072,0.855962126699158
4073,0.9061882875907914
4074,0.669360122475264
4075,0.4918459858838127
4076,0.5666154121447098
4077,0.23357416270143305
4078,0.5369340410335005
4079,0.8652401771700682
4080,0.9181634497450468
4081,0.9585865175541426
4082,0.07452721912783888
4083,0.4313633933361197
4084,0.28927369768575395
4085,0.5100239981994822
4086,0.8989302080100946
4087,0.2834877782089271
4088,0.2793680428819646
4089,0.5782515031705311
4090,0.2345473136301206
4091,0.8324732493276478
4092,0.4589616087970986
4093,0.9290141334779665
4094,0.2063161346068484
4095,0.7871564068214971
4096,0.6773962182938312
4097,0.07595281892356365
4098,0.9135457139556694
4099,0.7618443609394252
4100,0.7075192553674516
4101,0.8163116849695662
4102,0.25292533295313313
4103,0.7635488754977761
4104,0.49422720242653584
4105,0.9847376032950544
4106,0.9968028610324166
4107,0.9139176486470065
4108,0.6770189973528474
4109,0.3055752841560393
4110,0.7400614496971379
4111,0.3350071635410511
4112,0.6023714732044945
4113,0.18873420320009082
4114,0.2844706422237814
4115,0.5997536697771408
4116,0.845892200230067
4117,0.7544289084921445
4118,0.18358587211941513
4119,0.6542957335393793
4120,0.9561059840518551
4121,0.3166466122272994
4122,0.6737162734937515
4123,0.6281595262762324
4124,0.7865619600734639
4125,0.7612565146245605
4126,0.9878651851333684
4127,0.6731726681926328
4128,0.8326501627559335
4129,0.02103308010288729
4130,0.640520600866686
4131,0.5904546415810706
4132,0.01828876960784731
4133,0.38724973206230306
4134,0.6771890682503757
4135,0.5946315019301545
4136,0.9209919545364065
4137,0.6851710448702335
4138,0.06751809854580004
4139,0.5169186653082704
4140,0.9715268765306974
4141,0.5446832812591028
4142,0.9474998326553792
4143,0.19871101189030138
4144,0.5948655486993356
4145,0.4635590876494994
4146,0.8811765696063525
4147,0.2784428777790643
4148,0.7200361968273425
4149,0.9253937358732386
4150,0.7023413306518843
4151,0.17237964394246852
4152,0.015977950643601413
4153,0.07931459183363165
4154,0.47240510513732425
4155,0.7001987008516598
4156,0.21505100156200307
4157,0.8150278660503301
4158,0.8862570604917915
4159,0.6389749327689863
4160,0.6683391080310165
4161,0.2956801358704384
4162,0.36165180017343734
4163,0.47534606146208547
4164,0.22685590553695212
4165,0.8928640408754875
4166,0.71153423833261
4167,0.5117613582937651
4168,0.4333587316989874
4169,0.9691141179866762
4170,0.3406295036028253
4171,0.7873558198627209
4172,0.7217175691649067
4173,0.9074348522779155
4174,0.7378515092286697
4175,0.9899771202038008
4176,0.7381816892989818
4177,0.19923617326601406
4178,0.4815961785928047
4179,0.46519906426620483
4180,0.9978591637783539
4181,0.16425190041533955
4182,0.656577395744896
4183,0.15233327943462593
4184,0.6867263438565607
4185,0.8073128841306588
4186,0.09834591576209806
4187,0.8303116892382614
4188,0.9853687634486199
4189,0.8521387023560469
4190,0.6185413029075045
4191,0.8782430008143884
4192,0.055055701548692104
4193,0.3504146170779878
4194,0.21245714578530572
4195,0.042729918066473305
4196,0.44872535125685475
4197,0.5404500914160081
4198,0.3886448738989685
4199,0.054847561555617985
4200,0.11760086473837283
4201,0.5270544111636868
4202,0.2565285585374294
4203,0.5673820502384571
4204,0.38473895088485954
4205,0.29925672723648766
4206,0.9892616698492459
4207,0.528682410454212
4208,0.5423552427489171
4209,0.7257397555927478
4210,0.526551457439469
4211,0.5641324508842098
4212,0.35779712575331324
4213,0.7514347275731394
4214,0.5833129298624097
4215,0.006031901589287458
4216,0.9016898399542153
4217,0.8855626280208327
4218,0.971137286203316
4219,0.21371353267344528
4220,0.22266944639088726
4221,0.006397228171565517
4222,0.5794311271949988
4223,0.1297180225012179
4224,0.5579124996615759
4225,0.27411273334075104
4226,0.23663853231803855
4227,0.06883659084037719
4228,0.6856933098887965
4229,0.9064120973927905
4230,0.9552102630075543
4231,0.7652750070097848
4232,0.16715661034524665
4233,0.26820006563014454
4234,0.9952647117106463
4235,0.8817307466530109
4236,0.7867072151323187
4237,0.9862646032593263
4238,0.8913066398890964
4239,0.6158267194757576
4240,0.7022476036575968
4241,0.04779117925011611
4242,0.428631149229016
4243,0.012655472998921335
4244,0.9240094551240253
4245,0.13286783385509437
4246,0.6375545265203858
4247,0.9537464363959797
4248,0.668439072772108
4249,0.5122096345657462
4250,0.6194413683270307
4251,0.6847853408366007
4252,0.057294766134078134
4253,0.6418420998752914
4254,0.03187139986688481
4255,0.4043698394332589
4256,0.3152105705855569
4257,0.76752891397724
4258,0.28907034255263686
4259,0.9723706503741376
4260,0.132890120234605
4261,0.7340056011858156
4262,0.7533187417958067
4263,0.5490274315542744
4264,0.06422346467274886
4265,0.2542586154706482
4266,0.5481426829554252
4267,0.7092812511694307
4268,0.6531595683500194
4269,0.47289974958841785
4270,0.5510666047905938
4271,0.9389353132668357
4272,0.08497794634292077
4273,0.5366076373228973
4274,0.3648927211045805
4275,0.7770936876598205
4276,0.6531313221006463
4277,0.026700867733055467
4278,0.7339629735963281
4279,0.022451361534879033
4280,0.918830194734307
4281,0.5921528630719665
4282,0.21094955441571828
4283,0.8406566284521015
4284,0.8095760521198313
4285,0.25923317419539416
4286,0.47754495429522326
4287,0.8917047857075663
4288,0.2714490316467508
4289,0.19628578853247725
4290,0.29203134570638434
4291,0.8001819367858259
4292,0.6065040484055615
4293,0.83296616065463
4294,0.6218639913196329
4295,0.2325496082503713
4296,0.0032742210196066157
4297,0.30559309180065297
4298,0.3899598971673659
4299,0.556015840715728
4300,0.8150680580787646
4301,0.6626581263310214
4302,0.3231090013580239
4303,0.641385996077978
4304,0.6772196647014066
4305,0.047240148765520296
4306,0.5958481920576975
4307,0.3582152893757029
4308,0.3849771398257765
4309,0.4069699733604991
4310,0.9162494508958768
4311,0.9873241248385108
4312,0.6955071953638573
4313,0.3154594366000274
4314,0.31727898763667994
4315,0.9231762972257024
4316,0.965344644259104
4317,0.040981890123268805
4318,0.954918092557985
4319,0.7681111205925404
4320,0.8043674484895824
4321,0.8541796641251699
4322,0.13552990662105036
4323,0.5927194877462475
4324,0.7492182523760302
4325,0.9325532644964761
4326,0.4404283809470553
4327,0.6037206126700517
4328,0.36040101708681505
4329,0.6956803208385572
4330,0.9464112610524416
4331,0.7991930632811366
4332,0.489752878484073
4333,0.6248385708465037
4334,0.706354446803362
4335,0.7787938078097698
4336,0.6194703789674353
4337,0.14799988836417144
4338,0.2794853762872125
4339,0.9429346547335351
4340,0.6837534990754932
4341,0.4293851108415049
4342,0.7328150676352411
4343,0.4407268894031211
4344,0.36564825890646857
4345,0.6968656078974393
4346,0.4346390650295765
4347,0.7229044994655663
4348,0.8148373587908663
4349,0.6173646214569957
4350,0.0898970246085592
4351,0.4137647525295285
4352,0.014166482107303091
4353,0.18052971059685252
4354,0.8064028562449216
4355,0.8420579152252872
4356,0.1276699670776944
4357,0.6451458779193452
4358,0.8195437428055926
4359,0.7955327989391248
4360,0.8031179967367549
4361,0.8208822593017854
4362,0.837835614130236
4363,0.804847959764624
4364,0.8951055820406457
4365,0.4665801881901034
4366,0.4755077031714551
4367,0.5937826099849403
4368,0.21752131022548904
4369,0.5853421889855916
4370,0.12350597672780361
4371,0.27042413314756686
4372,0.4252843601723061
4373,0.25700895764912324
4374,0.8225620718397624
4375,0.5508290773390482
4376,0.40988411187881957
4377,0.9414377058131249
4378,0.3043934458239629
4379,0.42464065908082704
4380,0.7892278025566791
4381,0.11505917122577791
4382,0.8213783071671287
4383,0.8956058296488784
4384,0.12299664867541482
4385,0.8989905845913534
4386,0.02229493991785292
4387,0.24526578908594676
4388,0.5179034161184962
4389,0.23606548952073925
4390,0.43252071186761776
4391,0.4973852864664694
4392,0.6203245845203886
4393,0.012023083561757852
4394,0.536850465795138
4395,0.6414455636946041
4396,0.6749652952087369
4397,0.7265810052453112
4398,0.21567171906395333
4399,0.13994839219509703
4400,0.6535908855171756
4401,0.9868438377494314
4402,0.9693768604797736
4403,0.6412534703575402
4404,0.20684385425434026
4405,0.07716692935549896
4406,0.9019872198043495
4407,0.7688183654804946
4408,0.7408027277205905
4409,0.7816484688704476
4410,0.9344520304820979
4411,0.3097967634544754
4412,0.5616077345138836
4413,0.7565605305904652
4414,0.9912786824980356
4415,0.11465095257999625
4416,0.203881419478658
4417,0.4099583228284943
4418,0.1874567802671584
4419,0.8667686817660044
4420,0.3666483466821465
4421,0.8129424527637292
4422,0.38800498568977193
4423,0.6637862168197669
4424,0.47576980320899553
4425,0.9616032319553924
4426,0.9326263922903709
4427,0.03351803255685759
4428,0.9628671915814079
4429,0.3969084768808214
4430,0.6776036045540401
4431,0.8526060922253537
4432,0.8779206295646752
4433,0.9162979220837596
4434,0.47707148830467283
4435,0.6941947267148441
4436,0.16208040597020412
4437,0.36908433865539814
4438,0.6721953347019145
4439,0.6140997124805749
4440,0.00422270271859615
4441,0.9582907006150417
4442,0.2654908611418214
4443,0.5346178355543447
4444,0.1439405043252877
4445,0.6638629895106322
4446,0.5028129298338574
4447,0.029415771754883302
4448,0.7445784455015112
4449,0.9094280743237674
4450,0.6021462769541691
4451,0.931989990839361
4452,0.824452840074375
4453,0.8637227127509333
4454,0.7367420806314937
4455,0.2293400710990321
4456,0.5328909588617161
4457,0.4043463300667375
4458,0.19345232854329641
4459,0.8231307188907686
4460,0.40762671050017174
4461,0.28212330518528184
4462,0.4719449950068535
4463,0.6519495314762429
4464,0.777655775495758
4465,0.6454513209023338
4466,0.7183112206594706
4467,0.5549389218245092
4468,0.4159647391257816
4469,0.6302553570523853
4470,0.3760109681751763
4471,0.15999913874136984
4472,0.9757674158558799
4473,0.11287440107858959
4474,0.5256257948787094
4475,0.40021205489755207
4476,0.8717858925669105
4477,0.6580470316727888
4478,0.845792192423516
4479,0.4322338266835053
4480,0.8108606582761353
4481,0.701905861455404
4482,0.5117051727783052
4483,0.9346399408731559
4484,0.522122785749968
4485,0.34369683457375566
4486,0.04438554533910144
4487,0.7759015880165068
4488,0.04945234447356761
4489,0.22310612827477594
4490,0.800376666311169
4491,0.6096539444170891
4492,0.1278033385056374
4493,0.5265365452985209
4494,0.2786434025376241
4495,0.30927593431331113
4496,0.5014591584495577
4497,0.38094327758395763
4498,0.7854324182677903
4499,0.1945635887062378
4500,0.6137009777318565
4501,0.6210895696233469
4502,0.23768678816035216
4503,0.46131863126490713
4504,0.0996999542085163
4505,0.4452077609791222
4506,0.9611196082185589
4507,0.32443274796262644
4508,0.5807080670286181
4509,0.3940539912500317
4510,0.6325369592676544
4511,0.86723739578877
4512,0.8183720487607703
4513,0.31901323952637606
4514,0.46322215084714646
4515,0.5929684110724516
4516,0.3559320867268071
4517,0.927974504523688
4518,0.8319506729708913
4519,0.7738925913448215
4520,0.513658719273022
4521,0.42771113790231274
4522,0.14392576693228787
4523,0.1290831618051107
4524,0.7269319401486186
4525,0.03214630487039549
4526,0.271136835986881
4527,0.9927413276073598
4528,0.7019142217545574
4529,0.8819108658389492
4530,0.5539254066262231
4531,0.8639788163249403
4532,0.509208728446157
4533,0.2834061957463525
4534,0.5567184660218102
4535,0.543755830946481
4536,0.21211612160049842
4537,0.08654110068158305
4538,0.25803241965706014
4539,0.823282922915234
4540,0.35080293468376156
4541,0.1979035945254024
4542,0.12031316601537045
4543,0.025571883747789403
4544,0.3307831461461467
4545,0.6568763089945553
4546,0.782655225590535
4547,0.5289533241374748
4548,0.2266743856877379
4549,0.9683476921989668
4550,0.9612440708214119
4551,0.39722228875804266
4552,0.3156057672066358
4553,0.22500597933791644
4554,0.6316365690653767
4555,0.19143910374906437
4556,0.9775430913156741
4557,0.7602698265572122
4558,0.7101717289818263
4559,0.11683762390351016
4560,0.9284290207633532
4561,0.6736828003185411
4562,0.7228689964458563
4563,0.7950077392565078
4564,0.7906274791827564
4565,0.881243022893131
4566,0.9268594083061924
4567,0.18621038215361974
4568,0.3115585170825995
4569,0.23373689320422508
4570,0.35993680318395105
4571,0.703997660109597
4572,0.5163040852533053
4573,0.5681074436353245
4574,0.6970283949647731
4575,0.32262397547591937
4576,0.4601856607732817
4577,0.007162567564432232
4578,0.14362058841517245
4579,0.56426525660589
4580,0.04461368333499083
4581,0.266772942808959
4582,0.6980798201719649
4583,0.03373229242212761
4584,0.011055588041292363
4585,0.32007500793361343
4586,0.4653776389680343
4587,0.7489602155563533
4588,0.0014522489153493412
4589,0.7859375594468034
4590,0.03615866413191404
4591,0.1722632018662078
4592,0.028790745308695298
4593,0.7527457633986514
4594,0.4822887430628203
4595,0.385560000345609
4596,0.15823292107467568
4597,0.8777814099609872
4598,0.09817773565142196
4599,0.21277042919147204
4600,0.6774927048022495
4601,0.26111281897415173
4602,0.1746962730118774
4603,0.06122030243453447
4604,0.49388131725661166
4605,0.9637029857060919
4606,0.1476597171269145
4607,0.12408575004831701
4608,0.07622226138113086
4609,0.7258107735804986
4610,0.7400256485557636
4611,0.8337742721866793
4612,0.6596262478037377
4613,0.6267389015082443
4614,0.7938507036792662
4615,0.2124591902141162
4616,0.1371910392930502
4617,0.03450951038612915
4618,0.9876658074879977
4619,0.7345599743451003
4620,0.4366751021981815
4621,0.06771455263257087
4622,0.10124885934286731
4623,0.19285004475190382
4624,0.5736938936139088
4625,0.818203991909925
4626,0.9321654367282144
4627,0.5150306634260615
4628,0.6123883432527698
4629,0.0056560596107742
4630,0.16412535378264237
4631,0.5783010441318756
4632,0.34033976934498644
4633,0.019163525030616024
4634,0.018568039955570104
4635,0.5831105101063029
4636,0.10790567016513586
4637,0.32830844044687746
4638,0.7152980895753371
4639,0.7995651923481354
4640,0.7099741779833812
4641,0.45524751609047887
4642,0.6537667054619808
4643,0.6512507788481181
4644,0.6603648500213009
4645,0.18002797299444184
4646,0.8645746968648947
4647,0.1270906359138324
4648,0.2637334468040623
4649,0.14743470451843077
4650,0.031714018624902196
4651,0.5315673702027092
4652,0.5269526887757899
4653,0.7996487812218589
4654,0.7045955555841174
4655,0.7113385645476569
4656,0.08598612592795774
4657,0.9163707233868623
4658,0.6731391512460698
4659,0.4079315403389211
4660,0.5463183524427102
4661,0.3849672837237793
4662,0.6138882093073061
4663,0.4799919952017343
4664,0.006535287883495888
4665,0.40009876677589873
4666,0.2322617088443093
4667,0.8653305898807528
4668,0.23365899736197526
4669,0.8648893807154715
4670,0.9151624813742077
4671,0.9560584295370296
4672,0.19799560360174984
4673,0.5430521941690617
4674,0.2806512730599664
4675,0.8335549071854862
4676,0.1318249740997698
4677,0.32363034975178573
4678,0.11014968871464159
4679,0.473131792066229
4680,0.13071577415137559
4681,0.04653561160668296
4682,0.22596065418332667
4683,0.5062106093916213
4684,0.7279320575311098
4685,0.6026548303808494
4686,0.4307468547662461
4687,0.11269496353260922
4688,0.758007991740562
4689,0.7501883287947999
4690,0.7760132818612157
4691,0.8883177196045096
4692,0.43399495593668147
4693,0.5271002940736708
4694,0.3697877473493053
4695,0.43938090881858205
4696,0.44036442194208403
4697,0.7055369083614469
4698,0.4871325184201989
4699,0.007353433794381026
4700,0.13993425503241286
4701,0.15531282744263675
4702,0.7723058259152945
4703,0.2381398107913193
4704,0.8536050430619593
4705,0.43815670219575387
4706,0.7780433375313034
4707,0.11197943276616129
4708,0.24727611760056212
4709,0.7696527827462193
4710,0.0028872133028502445
4711,0.7485795225828284
4712,0.06313925269429088
4713,0.4286927938398377
4714,0.3414729878264283
4715,0.0780160683724953
4716,0.014026560935576082
4717,0.5063862418809214
4718,0.9344265166702969
4719,0.943820580339716
4720,0.9222107121888548
4721,0.9218554911260773
4722,0.9396449522432507
4723,0.9752757865089032
4724,0.6788802915374732
4725,0.9880958879337236
4726,0.7748134665893406
4727,0.34771174385488135
4728,0.7026078410590324
4729,0.9473224010125598
4730,0.22291749837907382
4731,0.8001399737897411
4732,0.8432094907087593
4733,0.5169504691055146
4734,0.2686918074969388
4735,0.36054934783461123
4736,0.9665126674764497
4737,0.0741209127490291
4738,0.231237054798473
4739,0.19482337932876748
4740,0.6263004356446079
4741,0.5148203517963063
4742,0.6597496315052055
4743,0.9956184804766341
4744,0.8186215341825531
4745,0.7869404352894444
4746,0.6062842534162717
4747,0.615477339092863
4748,0.15728767771531882
4749,0.4548308471557274
4750,0.9391443155980218
4751,0.4641176323785333
4752,0.06930956429046076
4753,0.8216909306535
4754,0.41574550296781554
4755,0.9724400226929816
4756,0.6006201618995626
4757,0.8459982045892214
4758,0.2431243484485005
4759,0.6190351865967948
4760,0.9443591174435143
4761,0.8381516660519451
4762,0.16899643857580526
4763,0.2656069069339212
4764,0.26991274567944534
4765,0.7852650200152896
4766,0.027096712844104753
4767,0.6483830522976068
4768,0.1842737334361232
4769,0.4979149954025879
4770,0.2323831059781435
4771,0.009968039569641762
4772,0.03332697362181247
4773,0.3564461457289224
4774,0.9129871676320968
4775,0.3836601771352153
4776,0.8316668625158724
4777,0.7605160560742323
4778,0.40342076090999046
4779,0.19481983716599616
4780,0.8825584493483388
4781,0.5548776845941948
4782,0.18892165070844702
4783,0.5890207181229404
4784,0.39458123129095246
4785,0.7130747248981009
4786,0.726568932816918
4787,0.5612820083011474
4788,0.20912881118569537
4789,0.8124373615942762
4790,0.5885310799398393
4791,0.5159130073026652
4792,0.1744172309301868
4793,0.5429773628712069
4794,0.08119462399449928
4795,0.08330098409277276
4796,0.25416538037545433
4797,0.26424860566763786
4798,0.17063862760291737
4799,0.4941347069112507
4800,0.7250938609370863
4801,0.6726172753410523
4802,0.48400472607953593
4803,0.7030904509101489
4804,0.1588153078047556
4805,0.6577732609741923
4806,0.8023984651895448
4807,0.560437870554996
4808,0.5992863908120862
4809,0.5703006190681559
4810,0.6074599089747521
4811,0.0063972879846332376
4812,0.30153292426370115
4813,0.7171457329045341
4814,0.7976088444566045
4815,0.49679226894677375
4816,0.774419014392217
4817,0.7477766425711022
4818,0.7430527180608347
4819,0.46460895436987837
4820,0.9099531061347649
4821,0.24246019755931114
4822,0.820338201974625
4823,0.2853795777655517
4824,0.6480913070699238
4825,0.4747817869010649
4826,0.6563488910347106
4827,0.846468072499417
4828,0.4169158423342012
4829,0.6374087697008031
4830,0.046667927745992044
4831,0.22555758279521299
4832,0.7990177033337161
4833,0.24854405279612557
4834,0.2943657651503575
4835,0.34289661789837134
4836,0.1834433100941789
4837,0.3140190944231147
4838,0.1477846250573086
4839,0.31595222912637744
4840,0.7400322849258288
4841,0.32903327315124453
4842,0.7848170437760468
4843,0.8173153014297065
4844,0.06356089423742006
4845,0.48339741631088196
4846,0.907418739857342
4847,0.2682548616196849
4848,0.3811269999860458
4849,0.3470211162415584
4850,0.42172802461194814
4851,0.1989577726053312
4852,0.42591388239385686
4853,0.6357596977279018
4854,0.39688701795273584
4855,0.7012420804719313
4856,0.9179264815301079
4857,0.9660630520892999
4858,0.8412190632529445
4859,0.5980503057518601
4860,0.6051491471100097
4861,0.7511061156566892
4862,0.28827762649039945
4863,0.6986038768889486
4864,0.43698321256061645
4865,0.47884493902210523
4866,0.26307724411285804
4867,0.867808304716003
4868,0.4502028647326338
4869,0.18889276682131562
4870,0.23366687121298269
4871,0.7637277780103738
4872,0.25471016064464524
4873,0.014379360573599786
4874,0.011765273830048883
4875,0.5554571753537194
4876,0.6268317653546331
4877,0.21005624245816945
4878,0.2078963216334725
4879,0.005176630875349031
4880,0.025267797964073746
4881,0.7277555841181216
4882,0.7902244130739507
4883,0.16608148595766747
4884,0.712240992147221
4885,0.01803780909268593
4886,0.14369924534743372
4887,0.018371694749118372
4888,0.5851577834559458
4889,0.46880841435304643
4890,0.9229801201292305
4891,0.4708228387156981
4892,0.05427766361363284
4893,0.4020594134808081
4894,0.7960772287312068
4895,0.18033412897675627
4896,0.8650394672486218
4897,0.19380809761075268
4898,0.8229658603739871
4899,0.5395488651265954
4900,0.2742272429224626
4901,0.8539070885489014
4902,0.9761447446775147
4903,0.3476289878533606
4904,0.19512260493683697
4905,0.060740017471732854
4906,0.8433198553197676
4907,0.028516724590857412
4908,0.8138565142931335
4909,0.09748082755150911
4910,0.2571890553131304
4911,0.2683062838914576
4912,0.9842318987673035
4913,0.9010872311901807
4914,0.642105044603361
4915,0.0919051298926784
4916,0.020857942710753696
4917,0.05568251164614657
4918,0.04195259008850627
4919,0.7461921863104091
4920,0.7350687226196726
4921,0.5906538326221974
4922,0.26854140030465734
4923,0.7597416764581288
4924,0.7846284616849347
4925,0.9751970782771502
4926,0.1674689416508468
4927,0.4932431600841568
4928,0.6183961100465312
4929,0.05253803860971196
4930,0.0646461141487158
4931,0.9976032053412242
4932,0.07009928845717406
4933,0.909994483692748
4934,0.7563373802636776
4935,0.5216254721304746
4936,0.9931422860170303
4937,0.9143783117981663
4938,0.4529711520769364
4939,0.3640692823222301
4940,0.3334724711972933
4941,0.7180107883089041
4942,0.9754335252917188
4943,0.5229024535069616
4944,0.5533890478310077
4945,0.8410667205576987
4946,0.3688736848308847
4947,0.9386439832553621
4948,0.2626280526976573
4949,0.2534941240551184
4950,0.9454974267757569
4951,0.12578782944186895
4952,0.9472500534853958
4953,0.04306271040118659
4954,0.39992979154171837
4955,0.0997132048219046
4956,0.47179816321315404
4957,0.3627692364548807
4958,0.7498540197551649
4959,0.3314732450324237
4960,0.2748672874527901
4961,0.3487586362764882
4962,0.9037783602168018
4963,0.34275831773321097
4964,0.5798488430152023
4965,0.9986317427935235
4966,0.632742927818997
4967,0.10731142880572053
4968,0.39953902729728175
4969,0.9903458684133646
4970,0.5831481001104116
4971,0.6655561791532805
4972,0.09101892163379754
4973,0.00539002388473675
4974,0.02718667241511241
4975,0.11413365344906734
4976,0.8390945188388415
4977,0.30228175608421415
4978,0.3362527150874207
4979,0.006025246771562687
4980,0.9402427444815595
4981,0.43432437382312106
4982,0.46823267321337314
4983,0.7090850472750252
4984,0.09588322880012756
4985,0.6254883047531402
4986,0.030892255203762597
4987,0.7075102767465898
4988,0.4562992318650251
4989,0.09833867044863287
4990,0.9179174118397022
4991,0.8980344402727941
4992,0.3737320922511995
4993,0.33096320785077504
4994,0.03785053250189674
4995,0.5384377910781709
4996,0.6115214601819946
4997,0.9182340986884073
4998,0.660807590295015
4999,0.09192722416583343
5000,0.2699177473114085
5001,0.040426404940581695
5002,0.2720436038097652
5003,0.44269736224355105
5004,0.16750984919751555
5005,0.7646422753162831
5006,0.22582765955892536
5007,0.4330709212089977
5008,0.21945763463807133
5009,0.6911433483489562
5010,0.8785778738410309
5011,0.33683768796553304
5012,0.9859392130257788
5013,0.3081480677374049
5014,0.9515262555917552
5015,0.2812193642455708
5016,0.34106398887125267
5017,0.979405476031549
5018,0.1975525836276023
5019,0.6109864494330215
5020,0.7101774919491499
5021,0.1800416605783829
5022,0.6706490067684185
5023,0.7153347086729693
5024,0.7487991002208275
5025,0.24355761052943226
5026,0.739059765913946
5027,0.37004291908470477
5028,0.7752468279237502
5029,0.9978791782902762
5030,0.6852609980751209
5031,0.5965567927562938
5032,0.5974492587573904
5033,0.46007746789192017
5034,0.8309330758086898
5035,0.5081102711454201
5036,0.7994271060321209
5037,0.455677074075337
5038,0.014997698997121112
5039,0.16672833042113
5040,0.23258381068060863
5041,0.46859294873306645
5042,0.3543330085447032
5043,0.25663589452176494
5044,0.9396357313754327
5045,0.4488193834535057
5046,0.5417048164078596
5047,0.14384586336428473
5048,0.4333285539668259
5049,0.7598092879640975
5050,0.1137793325170281
5051,0.5089826933932153
5052,0.30100068271617675
5053,0.3082700184687551
5054,0.7394881882499534
5055,0.13233835168298058
5056,0.9423638066819597
5057,0.07671019361430764
5058,0.27384305364516237
5059,0.1587690285240806
5060,0.5046743996227014
5061,0.7726430185265633
5062,0.21632350541018674
5063,0.43556953029380596
5064,0.000813750271599023
5065,0.03145450191381738
5066,0.19030092025389644
5067,0.17174451073350316
5068,0.31103677569205146
5069,0.08868147255165337
5070,0.20892713955335684
5071,0.856355373925301
5072,0.9550057863126774
5073,0.11539250315980587
5074,0.934567593185496
5075,0.9488639154924132
5076,0.8906990677999469
5077,0.05439632765054314
5078,0.23110415460096712
5079,0.9630161077426597
5080,0.9306206125223786
5081,0.6096488278880469
5082,0.6243387001361483
5083,0.15191210001137678
5084,0.6472960832708125
5085,0.6428879180833905
5086,0.9611115114156428
5087,0.02702601709397001
5088,0.10203637754017791
5089,0.6156962038229405
5090,0.590746581885046
5091,0.6879810065330573
5092,0.8836506468823003
5093,0.9643842920087138
5094,0.5367420936145262
5095,0.06254405026592669
5096,0.518255036043106
5097,0.0507414129270215
5098,0.5546284373451309
5099,0.04765125882769816
5100,0.925953616825656
5101,0.06835713447327119
5102,0.37842266531167223
5103,0.10610407276954548
5104,0.5640132415859315
5105,0.2307972113104354
5106,0.7104496095836943
5107,0.08577006129390408
5108,0.12768742792281984
5109,0.2675791389954717
5110,0.20103653672712585
5111,0.6500593608896479
5112,0.25918623691239717
5113,0.12563658361531138
5114,0.3847477795725007
5115,0.184329222056705
5116,0.8190448304533886
5117,0.9219800906058424
5118,0.6001567824531102
5119,0.9769877578637766
5120,0.5670165242212107
5121,0.12420274592093938
5122,0.09422662960137407
5123,0.6338200350751368
5124,0.5289386814139051
5125,0.09354421606908814
5126,0.7876445672477965
5127,0.3885618657835511
5128,0.8144139683789005
5129,0.8784589755747851
5130,0.6947085641922807
5131,0.5154120354077067
5132,0.9925107898430834
5133,0.6420863185230743
5134,0.5343497326282105
5135,0.46230273432870184
5136,0.4855396073302439
5137,0.4490052068517211
5138,0.5094485989906737
5139,0.646656112014597
5140,0.3739654385208445
5141,0.2769069726295723
5142,0.9860225279081376
5143,0.02534302999233129
5144,0.829979691631674
5145,0.172701558489744
5146,0.6908582240604897
5147,0.3918812999369956
5148,0.5307780024283549
5149,0.7356540919244668
5150,0.46692982314555875
5151,0.5303041605327553
5152,0.05671869441903443
5153,0.6361755251447949
5154,0.847142025696739
5155,0.05566069761680914
5156,0.7058732138118712
5157,0.7298618474227326
5158,0.3626114620262063
5159,0.6852979219939453
5160,0.15501653517218628
5161,0.8283071956569934
5162,0.6359341225294473
5163,0.3354203939694572
5164,0.6400127769775358
5165,0.49173933842694595
5166,0.38854989311569665
5167,0.29011063953632543
5168,0.6383416184132856
5169,0.40235544262814815
5170,0.6456656406896912
5171,0.9581828698749506
5172,0.010554173681088352
5173,0.05646311561103956
5174,0.7365810087484195
5175,0.1920897811321236
5176,0.614861739334312
5177,0.908701108261775
5178,0.6402074135696346
5179,0.016325639893470467
5180,0.011847876230451138
5181,0.4396329368313303
5182,0.8777470468895376
5183,0.1336573514505084
5184,0.8302974657526458
5185,0.09839309990562062
5186,0.07442013826271399
5187,0.45694366862404334
5188,0.5837098402579544
5189,0.5283114615949872
5190,0.6767989929245694
5191,0.28927742887477725
5192,0.4045972993443705
5193,0.5403799072487963
5194,0.3420397598162116
5195,0.04167214111393469
5196,0.6119490574722863
5197,0.07078745916815554
5198,0.04914915924978058
5199,0.5169196560684401
5200,0.8490632296883882
5201,0.988484486031589
5202,0.6310298575548978
5203,0.30444155488153235
5204,0.6924055371506906
5205,0.5466644242468017
5206,0.09168235591121987
5207,0.35786295806192514
5208,0.5178784416553829
5209,0.03666964859318178
5210,0.22302312031688964
5211,0.9115676186477605
5212,0.9825654382261941
5213,0.11321049957648144
5214,0.07596237469542766
5215,0.5610218585130363
5216,0.039707841871243654
5217,0.671498505648167
5218,0.4024640641270315
5219,0.509367906256176
5220,0.04678356664104222
5221,0.08797076392569658
5222,0.2449830112440171
5223,0.4628515739065112
5224,0.7648951277460758
5225,0.9933125629884079
5226,0.17300410600632243
5227,0.7036226072606292
5228,0.6597964064154186
5229,0.7008889491611137
5230,0.615472162526086
5231,0.08100149888138664
5232,0.08619524072203633
5233,0.41898078547563544
5234,0.20611246222574808
5235,0.6681909041228296
5236,0.4341326116295179
5237,0.8268619727240281
5238,0.38643277661702446
5239,0.5585117334050169
5240,0.452943288397636
5241,0.4270459994622614
5242,0.0951250067444881
5243,0.030000849153453468
5244,0.3157049839279794
5245,0.09651019865276189
5246,0.31769562444616795
5247,0.05399842719880665
5248,0.3040434200667035
5249,0.40490000877081245
5250,0.8574614329670592
5251,0.8566493623903858
5252,0.8267385234546383
5253,0.46801973537677255
5254,0.36241630026608274
5255,0.5195687672134329
5256,0.9477249942704271
5257,0.5667601173114638
5258,0.08354742840830298
5259,0.8021401113819934
5260,0.7151379365920949
5261,0.732286723100918
5262,0.1980279970543064
5263,0.9665560987382643
5264,0.1933936040690799
5265,0.7830330657228878
5266,0.6040884915296413
5267,0.7539005084469862
5268,0.45698914957647807
5269,0.18088558040311276
5270,0.9122711243838262
5271,0.49532157925969333
5272,0.39734986254834603
5273,0.3241015127778548
5274,0.22938761999514146
5275,0.5901756536596131
5276,0.5930468964763302
5277,0.034219845214391253
5278,0.24535749397094975
5279,0.22366684241921664
5280,0.3944138789611136
5281,0.7409930650860681
5282,0.8251782447709741
5283,0.15385310226558468
5284,0.5620598057788556
5285,0.60746441647962
5286,0.9072783244323183
5287,0.9164617375383437
5288,0.9196785809313456
5289,0.12403579555267563
5290,0.15546137897901702
5291,0.011184549068145588
5292,0.34609204249547754
5293,0.6029126933590395
5294,0.8920301684463582
5295,0.7224104710674689
5296,0.6679035210181702
5297,0.1174945960382725
5298,0.7700189913820831
5299,0.3073248294976677
5300,0.4051481811768748
5301,0.8045351261647279
5302,0.05203772354360792
5303,0.25577329649639624
5304,0.1027766412476312
5305,0.4125003859147074
5306,0.3910474974198489
5307,0.8960454394709959
5308,0.9966997195711994
5309,0.557802064402225
5310,0.1796163646327582
5311,0.5547447274799807
5312,0.9489360299432731
5313,0.5278371858465228
5314,0.7723858649610124
5315,0.6454929172584257
5316,0.4852723215674718
5317,0.8474674580923064
5318,0.3453047701235228
5319,0.5773343501397323
5320,0.54476031761792
5321,0.24517458787421154
5322,0.8365662080949865
5323,0.9474404267252077
5324,0.4669043484055214
5325,0.30971567359085894
5326,0.029265001733510654
5327,0.7823906450093044
5328,0.7073384972108708
5329,0.041502756513036476
5330,0.8813085376031696
5331,0.9485883855789883
5332,0.5800076245324288
5333,0.9876629945940563
5334,0.6786389802484564
5335,0.1530311177280158
5336,0.8079729955607854
5337,0.805328809966486
5338,0.6854800997257571
5339,0.8615156885636633
5340,0.26633969023424986
5341,0.9636187859350003
5342,0.19875712913687138
5343,0.935636926864764
5344,0.15267371604001634
5345,0.4110814963311512
5346,0.032229313718738606
5347,0.9254801705177477
5348,0.17703038402823135
5349,0.6108710398429992
5350,0.7693734561304537
5351,0.5873256780347504
5352,0.6986724524368194
5353,0.465351416579983
5354,0.7338577558906241
5355,0.9909558178232689
5356,0.2841802310773872
5357,0.9218347353539351
5358,0.5495762389947966
5359,0.9005029566718964
5360,0.16283736994133735
5361,0.46977773200310324
5362,0.8795487141684307
5363,0.045285451051627845
5364,0.06549362146812399
5365,0.8663427198747511
5366,0.9473179268529098
5367,0.21014792135923954
5368,0.8318566904292513
5369,0.38802040181805786
5370,0.11239024550870513
5371,0.06110468433457372
5372,0.9788722875095717
5373,0.37876041431810537
5374,0.7306852734829234
5375,0.45901118280784003
5376,0.7163530028248541
5377,0.9608220568193129
5378,0.8395280446417553
5379,0.0769791147559512
5380,0.06273871444447932
5381,0.12248671705133407
5382,0.29032046774109155
5383,0.1431035916778194
5384,0.3373611848393181
5385,0.8233188734145606
5386,0.4137141147178054
5387,0.3956532730486566
5388,0.20887684262016182
5389,0.5601280880045083
5390,0.010586500958218559
5391,0.9515059634031057
5392,0.9736230934496843
5393,0.643777797764542
5394,0.8003610600864491
5395,0.8295207689578089
5396,0.2998540108847547
5397,0.3512146843280747
5398,0.31664121564385395
5399,0.5946760879443708
5400,0.37793224963245353
5401,0.8567000995683093
5402,0.8966435609202907
5403,0.35161160021463556
5404,0.44006725308986894
5405,0.5245142050319407
5406,0.9698103675380257
5407,0.5881598677580907
5408,0.20342989118805366
5409,0.5789286419481826
5410,0.5811522509886479
5411,0.7654882441324639
5412,0.3515810908449959
5413,0.032652838893720726
5414,0.7549434842488683
5415,0.5607197412094416
5416,0.6043979636692574
5417,0.04428487553662264
5418,0.6406483986070579
5419,0.9032292316214726
5420,0.8658376876291555
5421,0.8008488567012401
5422,0.9955410777890511
5423,0.9864971119577387
5424,0.6152460448955741
5425,0.6736656567317455
5426,0.09952404146505722
5427,0.9952335013281213
5428,0.3535215569989658
5429,0.960098823929578
5430,0.7818097101367588
5431,0.2761313460202679
5432,0.21560654456536466
5433,0.1422918842117813
5434,0.8330990596513047
5435,0.9457591314793105
5436,0.19604461662308903
5437,0.4041434003626432
5438,0.6185405166458526
5439,0.2024238687669112
5440,0.949598675992654
5441,0.988803417897056
5442,0.9355561115303492
5443,0.7569861195502626
5444,0.20184536979405243
5445,0.8731776503097269
5446,0.20493095353326773
5447,0.013080150107042998
5448,0.13692538149057787
5449,0.8898833915663382
5450,0.06141874475225684
5451,0.8867860904134472
5452,0.1265531599775781
5453,0.05119822902249316
5454,0.6443996740713264
5455,0.5475892579863161
5456,0.35479367064358136
5457,0.3620345848081361
5458,0.8573174971043265
5459,0.9528857003000427
5460,0.8470409456140137
5461,0.10051531113474332
5462,0.29588795465071616
5463,0.909820446004529
5464,0.5767429353123131
5465,0.592611537967609
5466,0.42413093373958866
5467,0.6031675237678646
5468,0.7818920670306976
5469,0.6794498778156867
5470,0.20289937327135754
5471,0.5919953552448061
5472,0.6114829045835953
5473,0.710367724631894
5474,0.28810196954582434
5475,0.15162561762987004
5476,0.15581432450660115
5477,0.45992896664812966
5478,0.29329335851708593
5479,0.7787683872427307
5480,0.8400914307710492
5481,0.6691433682734093
5482,0.3601637777890878
5483,0.5270393492685758
5484,0.6335230740897333
5485,0.662778233880712
5486,0.1120605040730358
5487,0.18344257439543776
5488,0.8635426257907587
5489,0.8622907653503684
5490,0.37543305915903735
5491,0.502912895370274
5492,0.8884052008376346
5493,0.9122337762201616
5494,0.2066646248235835
5495,0.06840756629796929
5496,0.4752399861829327
5497,0.18433553186284313
5498,0.7356056630652574
5499,0.1691677994404871
5500,0.1627347587764264
5501,0.2933190169591273
5502,0.382447199403241
5503,0.3979144753618593
5504,0.19545277263936667
5505,0.32434155792774966
5506,0.9902248089513421
5507,0.11672871135929674
5508,0.8154905733174683
5509,0.07737792852010406
5510,0.7701752810425069
5511,0.9578293752204021
5512,0.4662012840965779
5513,0.600453388770429
5514,0.8718502639093494
5515,0.015804005183845393
5516,0.3486287356274751
5517,0.055503752782539606
5518,0.7337346798950518
5519,0.8363058178006737
5520,0.9590510608845498
5521,0.6401844131065918
5522,0.7066904576798639
5523,0.2039538144832821
5524,0.9339384855099216
5525,0.5393783913600619
5526,0.8136315878433098
5527,0.1281512107546089
5528,0.5998222904168355
5529,0.21191294731319754
5530,0.10338807801278682
5531,0.8348045753495725
5532,0.7856326277099535
5533,0.635360751363337
5534,0.5249587844801985
5535,0.9973231458713652
5536,0.3016016082166324
5537,0.5498941511143189
5538,0.3991437863597601
5539,0.3117701623261403
5540,0.14951915308003938
5541,0.7011873007600519
5542,0.2593036713983614
5543,0.009674370711490465
5544,0.2740271641085922
5545,0.6708887452957483
5546,0.43355219416674806
5547,0.6794227861905696
5548,0.995359599475946
5549,0.43373454445415793
5550,0.5382948672864218
5551,0.938087518455265
5552,0.003991726166230003
5553,0.19494916910160287
5554,0.20995439646923308
5555,0.6421134680097818
5556,0.9670115848578481
5557,0.17693742414680613
5558,0.33816959576186534
5559,0.4431747465963669
5560,0.23845920318990377
5561,0.03937005824792661
5562,0.5614756357488081
5563,0.1236772551350841
5564,0.3491681361906578
5565,0.2363540255129365
5566,0.6922262561788206
5567,0.4903045702495361
5568,0.6882192614051199
5569,0.6842593256653594
5570,0.7614486590565539
5571,0.514912289526106
5572,0.33328765599197596
5573,0.38948217905073146
5574,0.8498575708920658
5575,0.45916457384843057
5576,0.9323065237697928
5577,0.7689220510002154
5578,0.01755525369898836
5579,0.26305283013035574
5580,0.7423644609994291
5581,0.26848197451127076
5582,0.42999717293796336
5583,0.12483893611524532
5584,0.47770816143224015
5585,0.2909576317670829
5586,0.34604256906966246
5587,0.6950875727793973
5588,0.41436505768151577
5589,0.9747360655253277
5590,0.6225013881301332
5591,0.327922148999903
5592,0.4311113863785485
5593,0.9627929129724709
5594,0.6108664450356269
5595,0.9164552600224822
5596,0.9149989745853654
5597,0.12932357701754182
5598,0.9428320466111908
5599,0.6718849389680494
5600,0.8453803860044852
5601,0.6347108152549289
5602,0.9046330987290965
5603,0.6453011352119689
5604,0.010652761877076977
5605,0.9819201045561188
5606,0.9314325938539294
5607,0.2235802804961221
5608,0.6622762939541843
5609,0.8904506368869757
5610,0.971784887325426
5611,0.1855546655492386
5612,0.845124417618663
5613,0.9291865098685775
5614,0.19669202796945362
5615,0.7401949858818809
5616,0.9527991627171619
5617,0.7026959939987949
5618,0.11121767650697845
5619,0.1991080927162424
5620,0.6354799250193219
5621,0.5375541235821092
5622,0.9250652521478478
5623,0.2262655557902924
5624,0.6630330600982041
5625,0.34427584711734716
5626,0.22944767864599103
5627,0.3401790541938058
5628,0.576935030292149
5629,0.690673898009232
5630,0.46973164940864165
5631,0.7071224753825421
5632,0.17469265880136087
5633,0.5253985254346027
5634,0.19354904479953716
5635,0.6100797992386926
5636,0.8557160575043519
5637,0.38938392992657
5638,0.40073548517361424
5639,0.17305030750627037
5640,0.19362299125753324
5641,0.5227929630711806
5642,0.23023923521781076
5643,0.9891713711733385
5644,0.29606641937181966
5645,0.027841943013570014
5646,0.9487083248894885
5647,0.9463891146543167
5648,0.3310011009795044
5649,0.21761692248240572
5650,0.24985689809550615
5651,0.3918131707577226
5652,0.12720092316195175
5653,0.3134189283448454
5654,0.04116604846919092
5655,0.5649760658535784
5656,0.020505334033593225
5657,0.3691618416898861
5658,0.3436926382823421
5659,0.9541107139863677
5660,0.850901052853786
5661,0.7350084081481072
5662,0.11228856669651643
5663,0.7417571205753024
5664,0.8971885705603262
5665,0.019583368683859792
5666,0.0697403913458664
5667,0.7316199362395346
5668,0.38270285899449685
5669,0.806528132231043
5670,0.4363237953981004
5671,0.2892586006198917
5672,0.14400414832863462
5673,0.08298477925097658
5674,0.38511404080320955
5675,0.7213372707026726
5676,0.7730400828350449
5677,0.24850245573870777
5678,0.5820802388660298
5679,0.018610929368520934
5680,0.1956619005081277
5681,0.31519781559211846
5682,0.4284515866341314
5683,0.8222127553689629
5684,0.7712775945876377
5685,0.8942173575160659
5686,0.25724593906060655
5687,0.25607674317593454
5688,0.4744077244956184
5689,0.04736301159314871
5690,0.38873963330489736
5691,0.45899417731389724
5692,0.6150600763941262
5693,0.8575317813458934
5694,0.10524022281947842
5695,0.3751837610000738
5696,0.8615979365089391
5697,0.28943491799657284
5698,0.3179273261779113
5699,0.20490042182048052
5700,0.9538301774097063
5701,0.6151303210538288
5702,0.26793831138500956
5703,0.6834168906358163
5704,0.613650226504744
5705,0.3667964234743053
5706,0.20036957499788188
5707,0.07619671146935558
5708,0.9684603643755827
5709,0.3741211757247881
5710,0.3711887915173885
5711,0.25664198525362836
5712,0.2535510999708047
5713,0.8200647913035884
5714,0.16316206103120623
5715,0.35858316226815634
5716,0.393028706225091
5717,0.892415065506111
5718,0.060104871446812536
5719,0.23639622688481077
5720,0.3828851215139739
5721,0.6399284729106197
5722,0.7755329008453052
5723,0.7037568253750024
5724,0.4872324586851925
5725,0.5078078167438138
5726,0.9744512030991982
5727,0.2226987861427463
5728,0.650780278285899
5729,0.8539025007934419
5730,0.47803449853237456
5731,0.41587604863075267
5732,0.7889024190071033
5733,0.6937482600695429
5734,0.9865045525724228
5735,0.56924719753372
5736,0.7273422707934805
5737,0.2158707980785829
5738,0.8646547377885053
5739,0.8932706588607572
5740,0.6562456893076473
5741,0.4605501138370556
5742,0.8323788509206693
5743,0.7704588587360353
5744,0.18048176205068311
5745,0.6251228471398199
5746,0.3578051830414142
5747,0.8060098367858816
5748,0.7565696353035981
5749,0.018117030857172867
5750,0.5812816253099903
5751,0.19251097798670125
5752,0.8911154016151854
5753,0.5808575400674938
5754,0.2465796320046244
5755,0.11869937654641305
5756,0.7810644470263617
5757,0.3870004839751141
5758,0.4809873025923125
5759,0.3426948305293477
5760,0.1615120181876577
5761,0.8628861385766443
5762,0.6570851286587884
5763,0.18031316632352845
5764,0.7093520758528332
5765,0.27116375632060963
5766,0.377009415420114
5767,0.9738444346635652
5768,0.8358227833015538
5769,0.9678875698678704
5770,0.0992698808550051
5771,0.6727460830222642
5772,0.8695654260201973
5773,0.9924657261655249
5774,0.9388923100757959
5775,0.4344347753730423
5776,0.9201518622918092
5777,0.4920185631008387
5778,0.8649399120524655
5779,0.710096187636806
5780,0.15705269797511734
5781,0.15052032840494878
5782,0.7019501336891446
5783,0.4963476637811861
5784,0.8787917747837948
5785,0.27075286214297256
5786,0.0943079052518726
5787,0.2698165822381191
5788,0.7099607016593968
5789,0.9562638245690819
5790,0.3940182815596901
5791,0.04712698855895947
5792,0.6573489233522389
5793,0.9105888640213686
5794,0.43071334639418135
5795,0.36847049367809803
5796,0.9595186517102285
5797,0.9338520250732514
5798,0.12066123078103819
5799,0.6999624079742487
5800,0.5453282510541925
5801,0.9016635542203759
5802,0.04468879785126145
5803,0.8461976824760556
5804,0.3198179582027644
5805,0.7995495327423928
5806,0.12089665488106782
5807,0.6727929090709719
5808,0.09355377550953181
5809,0.4831214492533392
5810,0.8701965438864284
5811,0.4056480298593197
5812,0.7118263483372224
5813,0.20921267470955485
5814,0.6320166318163685
5815,0.39898894199292634
5816,0.8535568745927832
5817,0.30606336510692034
5818,0.890722966799685
5819,0.048358793036888725
5820,0.73591436909537
5821,0.9527004579425801
5822,0.29064960533012374
5823,0.9561978707922419
5824,0.807974781561446
5825,0.7567622600110847
5826,0.15247325853078864
5827,0.36425988217114
5828,0.4549240663537185
5829,0.08987870244263318
5830,0.49619307225667186
5831,0.009537308074111128
5832,0.17717908268573834
5833,0.5669845451820119
5834,0.25982835242281854
5835,0.3652611025233352
5836,0.7375053208447218
5837,0.15288647324692162
5838,0.0498717822714142
5839,0.13602490163221959
5840,0.6229805532324698
5841,0.9214403950736417
5842,0.7811493298135231
5843,0.9881906859328599
5844,0.26258334267685424
5845,0.7602051683422864
5846,0.8065554984390536
5847,0.22331409600438235
5848,0.14198213481436028
5849,0.5756106278666244
5850,0.9260117218395502
5851,0.10699748042250423
5852,0.09762480533841511
5853,0.36942933780263343
5854,0.15767477013086095
5855,0.9981090485212046
5856,0.4919795284356536
5857,0.6547696031284387
5858,0.4251482789708986
5859,0.7422236265016237
5860,0.41657219075609997
5861,0.11176108248625272
5862,0.0770663666197583
5863,0.24496216254265302
5864,0.3049850661442687
5865,0.13546057622156926
5866,0.7013094711128754
5867,0.6724491570647061
5868,0.8690576228820588
5869,0.7989159052126007
5870,0.9262801057003276
5871,0.27911785789149857
5872,0.04474842347241148
5873,0.4160915697799814
5874,0.6477467596320632
5875,0.626055783155155
5876,0.7988767337412312
5877,0.31432094188065063
5878,0.4824355066217
5879,0.47186246817855504
5880,0.30638355026910613
5881,0.818015078768839
5882,0.29695155174767784
5883,0.29520407683483874
5884,0.21765082135722302
5885,0.3221564673514262
5886,0.2439582469285717
5887,0.955626046035552
5888,0.5316349280845347
5889,0.5820684683112662
5890,0.42827701422326014
5891,0.7052213834462936
5892,0.6109036739991346
5893,0.3849227391213389
5894,0.722227652583967
5895,0.3433215030032042
5896,0.21038702894627104
5897,0.6444506827213917
5898,0.7756810575528452
5899,0.9122060506080589
5900,0.15419163598524777
5901,0.1886708028986589
5902,0.9769797238618881
5903,0.8810838724674097
5904,0.5396496444580938
5905,0.15755212569832389
5906,0.2525152215313957
5907,0.8111794680547384
5908,0.1593247176439938
5909,0.12106384898548816
5910,0.33953235595559883
5911,0.5433758496491513
5912,0.16278595355386016
5913,0.747599524998014
5914,0.690046950627928
5915,0.7053853103096976
5916,0.1958562059117206
5917,0.6043621924767381
5918,0.8478398034342924
5919,0.8922508759693956
5920,0.5354652115262443
5921,0.06672056516632885
5922,0.4065384752444503
5923,0.3140888601635128
5924,0.17374532995884207
5925,0.5615788455171459
5926,0.8683398819678051
5927,0.17965626988451977
5928,0.605443202406991
5929,0.5947186981642787
5930,0.13342029331449423
5931,0.35813480529576314
5932,0.05157620374847982
5933,0.5492669486829338
5934,0.4197399751828911
5935,0.12262904493881088
5936,0.45069211393174213
5937,0.5494768254788935
5938,0.05474430942386832
5939,0.8266032156525628
5940,0.08861796004260525
5941,0.0908228002477034
5942,0.1933476568371304
5943,0.22866817177753562
5944,0.14582554446868934
5945,0.8467169600764315
5946,0.4856188272385885
5947,0.882734703333057
5948,0.4877332370894806
5949,0.10896140620056716
5950,0.8483776211528989
5951,0.6753038055870728
5952,0.0377345689403793
5953,0.5554899521163598
5954,0.17842447278964058
5955,0.9336426584066789
5956,0.7580029670958086
5957,0.060465309346932505
5958,0.5435579624120196
5959,0.6813552603892769
5960,0.9490188022402184
5961,0.05405760302831408
5962,0.11002638001599452
5963,0.5531251614719149
5964,0.15541826487016075
5965,0.3433377356033859
5966,0.8350171979339202
5967,0.8247626676937202
5968,0.5110421594467809
5969,0.6240981742393465
5970,0.6003200911320231
5971,0.429600795548313
5972,0.3658684047058057
5973,0.6307964536731593
5974,0.5733141449357657
5975,0.6720205315019989
5976,0.28566800785752433
5977,0.5861966192009445
5978,0.1257329972362332
5979,0.15129196773799214
5980,0.7243067202347925
5981,0.47035055349418164
5982,0.6389078153618154
5983,0.22297192026706925
5984,0.17608288989994036
5985,0.39842142594438723
5986,0.22719365125908375
5987,0.46830733579194095
5988,0.9490361807463096
5989,0.23183705717603453
5990,0.08946265178753376
5991,0.8434522386481116
5992,0.5956970026132308
5993,0.634702699175631
5994,0.5820232441424209
5995,0.7007487971238917
5996,0.2773803615655699
5997,0.1756200128391775
5998,0.4925731601154463
5999,0.9112803879412035
6000,0.5784049291805594
6001,0.9802383205790367
6002,0.8846956087999731
6003,0.9995252025679688
6004,0.7132856122610934
6005,0.06346601573628374
6006,0.7188838748336659
6007,0.555317702517676
6008,0.5193681171090883
6009,0.3663470001164624
6010,0.8813920425183276
6011,0.18792856764759835
6012,0.1459910009801143
6013,0.9410110364287818
6014,0.08477165216817883
6015,0.16466034061549062
6016,0.305845815318769
6017,0.9256617874986457
6018,0.8834505067454949
6019,0.9119972638797205
6020,0.3454973174060558
6021,0.18364329942901203
6022,0.23669482451047064
6023,0.7315719920264675
6024,0.39558653348544714
6025,0.3164784651408399
6026,0.7052586084873296
6027,0.8655545566559627
6028,0.4327338469618045
6029,0.6843930004877957
6030,0.28858159713030473
6031,0.23460869819684582
6032,0.23860591810344278
6033,0.7611693003864206
6034,0.43695395017151906
6035,0.3635397864784261
6036,0.6762358962533189
6037,0.8513875278870218
6038,0.7383130038472415
6039,0.17829577532090957
6040,0.8638304127476912
6041,0.22665699561091157
6042,0.4401022226171052
6043,0.23554404109416915
6044,0.3141847997669929
6045,0.7253555513991603
6046,0.9459065554836884
6047,0.6143574694229291
6048,0.8509766632323372
6049,0.138606013703788
6050,0.7963205240804443
6051,0.9619016344184292
6052,0.3309762121587816
6053,0.9939252381502189
6054,0.03229658319555451
6055,0.7821818754835536
6056,0.7357688186427218
6057,0.005899798861286665
6058,0.1587933020204345
6059,0.03211962152044534
6060,0.6587770767941011
6061,0.44054434245896423
6062,0.6365405934812731
6063,0.06576203763213473
6064,0.39614553925804896
6065,0.6233123350606359
6066,0.999145049680774
6067,0.13671711402284636
6068,0.30126689612467394
6069,0.10422709225314608
6070,0.5464808447651694
6071,0.28742412853166555
6072,0.9025177793956373
6073,0.8000957770862014
6074,0.5228456206100985
6075,0.10725856669914224
6076,0.5020587988299386
6077,0.9543441858149255
6078,0.5136428696925108
6079,0.42664082563116057
6080,0.7289596740978747
6081,0.27453221621075874
6082,0.5199525144398297
6083,0.49425677927278533
6084,0.21382187981443146
6085,0.2874487568527333
6086,0.33496728316598934
6087,0.33246780428956413
6088,0.25219713811003175
6089,0.20529112804851435
6090,0.6306492687812165
6091,0.1577544699928647
6092,0.12119452575498924
6093,0.6811429778145377
6094,0.15584980733997533
6095,0.5031421757598602
6096,0.8011701175244206
6097,0.33345034081920966
6098,0.1036762130762594
6099,0.39008166997110694
6100,0.24469545882945276
6101,0.055238196313736276
6102,0.5081008488923856
6103,0.2602961409129543
6104,0.1002687774096146
6105,0.5735147800557633
6106,0.32597327812492916
6107,0.04097996197934051
6108,0.6953197353259921
6109,0.9997931425856021
6110,0.8508127567483759
6111,0.3377483226144752
6112,0.553642919249599
6113,0.8742960908824426
6114,0.1294677302609173
6115,0.09191054858880299
6116,0.9588207703173757
6117,0.8841334594903559
6118,0.282568517628513
6119,0.6508217109798061
6120,0.9105022432724198
6121,0.5550289357533973
6122,0.7432562497660092
6123,0.5758112022643566
6124,0.4256366695780516
6125,0.6212686115850529
6126,0.2132642233270272
6127,0.30681799067248483
6128,0.08869352601784242
6129,0.09753810427753451
6130,0.008526107569103103
6131,0.7532353306627962
6132,0.8959933038722337
6133,0.4765173562514057
6134,0.01754034484335143
6135,0.03488034395936701
6136,0.03005750656291284
6137,0.17793756790507265
6138,0.7265609905864248
6139,0.8187069472741796
6140,0.6262978335591878
6141,0.47201449954015406
6142,0.9883053665066167
6143,0.24462095854958166
6144,0.2063771942952295
6145,0.9832057603324086
6146,0.36547320818927487
6147,0.901090378329127
6148,0.27939714446983455
6149,0.2797786931381311
6150,0.09788375038611352
6151,0.583951788784202
6152,0.0052412849922893745
6153,0.6855923907336324
6154,0.3316122911306292
6155,0.12208335352616406
6156,0.2840309571192956
6157,0.417435628987593
6158,0.9564037234878894
6159,0.10025846144549644
6160,0.4722345370930756
6161,0.06396539996001205
6162,0.19962660592089587
6163,0.9177090304035311
6164,0.4750908690108292
6165,0.83232815200884
6166,0.7093293741076604
6167,0.0859394634872922
6168,0.9000821866211738
6169,0.7806177327175998
6170,0.06233135530283085
6171,0.7906779561113104
6172,0.5571121577742572
6173,0.13230326673810988
6174,0.7454495113703508
6175,0.11696665896705949
6176,0.3283083609611167
6177,0.8659447974314595
6178,0.5247897645179462
6179,0.7382764670866826
6180,0.3669209036763881
6181,0.5166481619102746
6182,0.7043856797683945
6183,0.14161610980678907
6184,0.28571345666373904
6185,0.12821485498929364
6186,0.5932137102758972
6187,0.40042526959397007
6188,0.8181356482814472
6189,0.9597941177605142
6190,0.11180159596008821
6191,0.35684455171992246
6192,0.2858831652879248
6193,0.006664152839394588
6194,0.1678434124446988
6195,0.5789325009709687
6196,0.993212966338184
6197,0.29463756812526387
6198,0.7149810933894957
6199,0.8480870110094454
6200,0.8146067431519571
6201,0.6412105206421114
6202,0.320580218198107
6203,0.48969563890338097
6204,0.8086250322820155
6205,0.5648571349164223
6206,0.8765589592273102
6207,0.7738273028809483
6208,0.17541860144663046
6209,0.23673107264383397
6210,0.7168300302192321
6211,0.03322831920158198
6212,0.5856556354486737
6213,0.5892861333804121
6214,0.5295135910717477
6215,0.921626514236592
6216,0.9014160467827245
6217,0.045153044445521484
6218,0.2023139278761643
6219,0.02186326072741851
6220,0.8948808234606588
6221,0.23786124100091488
6222,0.554524401659359
6223,0.6240592168731709
6224,0.009107475575798718
6225,0.6547038830930617
6226,0.0822424174465578
6227,0.6718995581506493
6228,0.8575587466491387
6229,0.31621808598050105
6230,0.9857301709940185
6231,0.1265916177674542
6232,0.3708516921717179
6233,0.5897256424762446
6234,0.4850398049181075
6235,0.5325555675266459
6236,0.16442330779113656
6237,0.2778735710464699
6238,0.6253332263758844
6239,0.9481604770491973
6240,0.887629246001746
6241,0.41384054915506774
6242,0.435368619651215
6243,0.20421107613166467
6244,0.819770138229828
6245,0.12701481322232544
6246,0.22578108272338882
6247,0.8649298147529623
6248,0.6779071522310134
6249,0.8902611368829215
6250,0.7923156600234472
6251,0.7450262351070982
6252,0.6345366124373033
6253,0.5044108743609805
6254,0.5283887460848313
6255,0.06049077937745839
6256,0.8114102130421328
6257,0.2136634844666655
6258,0.9170017180418636
6259,0.3451673812796743
6260,0.9456281702050678
6261,0.5846522822994439
6262,0.035736799955696785
6263,0.08663543505031768
6264,0.7072226643187903
6265,0.9872731150994006
6266,0.21332519328655564
6267,0.8302326833083886
6268,0.4588541899601122
6269,0.7947357557175894
6270,0.550593967689313
6271,0.9860771309863724
6272,0.5276628281189816
6273,0.403456449229495
6274,0.17711480211045916
6275,0.2045909783605383
6276,0.7505744787265322
6277,0.08112364918002957
6278,0.6233957667019185
6279,0.18204809029239166
6280,0.9476242345619932
6281,0.15729630987966936
6282,0.4557307068717107
6283,0.9322697548698524
6284,0.19009314475963623
6285,0.4578715911740542
6286,0.8135265652297609
6287,0.4284144807652459
6288,0.7961530537307738
6289,0.14321043259337352
6290,0.09112228019475488
6291,0.5033950207833916
6292,0.397932183970255
6293,0.2266937630233241
6294,0.26454344426780874
6295,0.4811507171809699
6296,0.6283736389002172
6297,0.2050635911091766
6298,0.35779130613243937
6299,0.08772479554619339
6300,0.7545030295141649
6301,0.6143524298790114
6302,0.9099764163107261
6303,0.662108326713701
6304,0.9512832353178525
6305,0.6842975441374252
6306,0.38174844084605286
6307,0.5753871822445317
6308,0.9990202916208208
6309,0.0159490764046607
6310,0.2134802281103887
6311,0.4779221363800463
6312,0.7561911217900231
6313,0.9492973506539112
6314,0.026552976446221788
6315,0.4176343429965429
6316,0.08554369899598868
6317,0.3842844322475055
6318,0.14741349311381047
6319,0.887870604900076
6320,0.3729680960157725
6321,0.38793649395827556
6322,0.2992356298971105
6323,0.8195553904623356
6324,0.9046068131011229
6325,0.4707300338474897
6326,0.3868034323537417
6327,0.4424220931775944
6328,0.9765335662751564
6329,0.14675972010596283
6330,0.7935554127480785
6331,0.7750948036496618
6332,0.5012034489302616
6333,0.4658851067449419
6334,0.6992764436248754
6335,0.6273075030167642
6336,0.037035028689166416
6337,0.057392901332481094
6338,0.23437411845935363
6339,0.6797589925830719
6340,0.9153399734813868
6341,0.5051328757524388
6342,0.3737570468882546
6343,0.906331039777663
6344,0.2466911971917609
6345,0.00755711286736882
6346,0.08160546559954285
6347,0.5923477651737621
6348,0.6993413550323903
6349,0.8544404223920405
6350,0.4370908144090899
6351,0.90008197165827
6352,0.6022390132528002
6353,0.62908333360845
6354,0.23797854756193337
6355,0.38342735466769196
6356,0.3777004024075944
6357,0.8035401216197262
6358,0.0242057587678135
6359,0.6118958082611509
6360,0.2740847909231138
6361,0.585210545440859
6362,0.25418473883675863
6363,0.09085244338081966
6364,0.1974561241552113
6365,0.9189655951185022
6366,0.10740535163479392
6367,0.15950569068899856
6368,0.9705201454661152
6369,0.7177720464125236
6370,0.5652789469414512
6371,0.8076615481224315
6372,0.8587814402930313
6373,0.6921782570400654
6374,0.4549982369965826
6375,0.0031435854275394526
6376,0.08104621449184313
6377,0.2649755538466745
6378,0.6007784545294074
6379,0.6707383054093188
6380,0.25802425889431435
6381,0.46202463386932624
6382,0.34577457756520835
6383,0.48408456308601433
6384,0.546122190459645
6385,0.21997220906892578
6386,0.14206817874467847
6387,0.17906938490556845
6388,0.6193185281462318
6389,0.2429490231501652
6390,0.04710019984403124
6391,0.2666441241903068
6392,0.45321140036545804
6393,0.7476591193616959
6394,0.4534100111896745
6395,0.4649764983897813
6396,0.09863848205264258
6397,0.3506247887767775
6398,0.13372418834297628
6399,0.6849573478971563
6400,0.87508273384312
6401,0.12557566841475631
6402,0.9645899946863805
6403,0.09978458448134131
6404,0.016730945623788074
6405,0.7412314622564071
6406,0.7246639568636919
6407,0.727399602479713
6408,0.8831987630560229
6409,0.3359983035163485
6410,0.6551812836945087
6411,0.8656363791972888
6412,0.04979950098716457
6413,0.7650338592344791
6414,0.1487464129778363
6415,0.9097529112618622
6416,0.8427505373123837
6417,0.05653104485026694
6418,0.7949423036529288
6419,0.21476179665731687
6420,0.9984542312679815
6421,0.4453254080666408
6422,0.5492921643293434
6423,0.5019465426111532
6424,0.8217294555009055
6425,0.4677706916479667
6426,0.5497219086769778
6427,0.6289512972320426
6428,0.1744370543480862
6429,0.38340733095176405
6430,0.04175169337099838
6431,0.3891976736302958
6432,0.8432214128359848
6433,0.1257232657168733
6434,0.2987656205638236
6435,0.24244157958004353
6436,0.30577706489140044
6437,0.9322177139389258
6438,0.9010401762143297
6439,0.587931931890431
6440,0.5011221755943963
6441,0.40216480364760077
6442,0.27468411766488676
6443,0.43102480907061846
6444,0.04383539301828632
6445,0.13838009680279706
6446,0.555100988106127
6447,0.7544233131842002
6448,0.11838335331852512
6449,0.41298059537640575
6450,0.37170243752758125
6451,0.18303890533317235
6452,0.36426604721015965
6453,0.29473713036528937
6454,0.9203307435316255
6455,0.2757016890440397
6456,0.324619149419365
6457,0.9945637555934528
6458,0.5125072190381512
6459,0.3536278847779769
6460,0.6964498070346888
6461,0.5415383022581938
6462,0.5554663038166909
6463,0.8258526163840516
6464,0.702742231742397
6465,0.16555079100915404
6466,0.5529501326001988
6467,0.002355508541387552
6468,0.45665728383067017
6469,0.7705374554778256
6470,0.3891524800682742
6471,0.512836861120164
6472,0.5211719648313867
6473,0.12616711907937517
6474,0.4679847742506512
6475,0.7481632603781428
6476,0.3418985930547743
6477,0.6515374422903409
6478,0.7955713255233178
6479,0.7611747875502052
6480,0.30418566815296755
6481,0.42165125732858855
6482,0.7303335217324118
6483,0.48281224303012826
6484,0.001179026879200351
6485,0.9860813229072459
6486,0.4754064489238381
6487,0.6151481294539299
6488,0.4237908811868297
6489,0.48773424354516226
6490,0.6063589652933344
6491,0.18479932413324773
6492,0.4358187296322541
6493,0.18153108173945876
6494,0.665095703901011
6495,0.858687926711714
6496,0.27950953988341987
6497,0.09855793805401092
6498,0.18713417000160326
6499,0.2793304585236087
6500,0.6386595346928522
6501,0.6220338677985653
6502,0.9134243051253036
6503,0.33173100028359614
6504,0.12188312267165302
6505,0.5711189326726057
6506,0.42386057011529243
6507,0.5185806218226886
6508,0.5397374659949103
6509,0.45289780685443015
6510,0.1513235738242833
6511,0.02653052624390262
6512,0.7670082157912422
6513,0.16182163952799977
6514,0.584701018406029
6515,0.8095734012957843
6516,0.45498778271661744
6517,0.32958839914038685
6518,0.49998045201179286
6519,0.10490854625734503
6520,0.29239638382000066
6521,0.7430029385875714
6522,0.10275333918691376
6523,0.22284195150406994
6524,0.5865888486152604
6525,0.3683426407389563
6526,0.025241856036006594
6527,0.3320278706797638
6528,0.7447433931048825
6529,0.9984762058203283
6530,0.8647363106649301
6531,0.9273923207866144
6532,0.13359588875694717
6533,0.7743331430333799
6534,0.7818765557871421
6535,0.7577633083633094
6536,0.29358994941013816
6537,0.1455005303809791
6538,0.5654097848599688
6539,0.7472031639255907
6540,0.3307327150862135
6541,0.5313781614885962
6542,0.3544428928781648
6543,0.7587408245809542
6544,0.3484260406849603
6545,0.9983987593190613
6546,0.6023383411105759
6547,0.9902477456863835
6548,0.23395689525873875
6549,0.12439874871854661
6550,0.1998893736823103
6551,0.08113192300445271
6552,0.7808267016824321
6553,0.5336542859438741
6554,0.7650468767226168
6555,0.274096673317506
6556,0.803174614437457
6557,0.8515514994613247
6558,0.41017749351625366
6559,0.23563365390387447
6560,0.5413891336979042
6561,0.9475856225627612
6562,0.42285631642923394
6563,0.5897435545778175
6564,0.8236002601070711
6565,0.28604610492576765
6566,0.04131948881920877
6567,0.28798213081706814
6568,0.15283622868734625
6569,0.9866737609528969
6570,0.8043065807996501
6571,0.3830967519448665
6572,0.7115003032903024
6573,0.9862758768948593
6574,0.7314049599366998
6575,0.8885473222819444
6576,0.9392922506755302
6577,0.9664185945800398
6578,0.35463077037976365
6579,0.6050259038608856
6580,0.816983841355587
6581,0.9736568336290305
6582,0.44359327402080007
6583,0.6790251034647273
6584,0.24712485203684598
6585,0.8496298984997169
6586,0.15334985864455297
6587,0.7738291236012316
6588,0.5110933099976991
6589,0.9808736069269313
6590,0.9868709153654996
6591,0.44690805656566845
6592,0.3321712970091327
6593,0.8297718848935567
6594,0.3758462428453564
6595,0.35185216791916585
6596,0.8328712177638731
6597,0.02772626427967262
6598,0.7606214366178334
6599,0.9706383419813347
6600,0.21572923088538387
6601,0.65936580555857
6602,0.8180832810692042
6603,0.7008360811572198
6604,0.4647935449706737
6605,0.18584747464851148
6606,0.7980877145528474
6607,0.18905598049387007
6608,0.5615946714154659
6609,0.5179855186972089
6610,0.08563299150329062
6611,0.6825229279344752
6612,0.046456935761071905
6613,0.17289856666994308
6614,0.01905568518128664
6615,0.20603780302105268
6616,0.6598218190908225
6617,0.19099785922562207
6618,0.6191151765599789
6619,0.46592109732161724
6620,0.8490265382288029
6621,0.6103856556522509
6622,0.6059416197394504
6623,0.7451252863525766
6624,0.48094831808416083
6625,0.9299474289409158
6626,0.6165890906736418
6627,0.2090705173095836
6628,0.07977197926343782
6629,0.19435473232181877
6630,0.6315239585732398
6631,0.33716407273598725
6632,0.31471141034204053
6633,0.2081448395289449
6634,0.43043842599205395
6635,0.811462933491157
6636,0.025880660067040484
6637,0.3690432233188532
6638,0.49271873569950453
6639,0.724545361256923
6640,0.6267286790891939
6641,0.15905875400239466
6642,0.3671803956828139
6643,0.8086706432887946
6644,0.9735950058026998
6645,0.3554666809050764
6646,0.6638876232128588
6647,0.7625658908939971
6648,0.384310744586593
6649,0.9692366053145588
6650,0.010949209061821064
6651,0.8581633606531319
6652,0.570669552730578
6653,0.45053088916289874
6654,0.39700594268089695
6655,0.013439057612898764
6656,0.163414472434121
6657,0.23617955977774752
6658,0.505789763310584
6659,0.4885461357772739
6660,0.868474958314544
6661,0.8698872141720139
6662,0.0906725533128282
6663,0.20094880633423295
6664,0.35215571440674354
6665,0.5619537986706518
6666,0.9426271448553138
6667,0.04400046853992268
6668,0.352300336005297
6669,0.4434831582531418
6670,0.8216289402265216
6671,0.3849692740299939
6672,0.97017384993978
6673,0.9376794592133142
6674,0.6351597491808297
6675,0.09403844094314118
6676,0.9446681209493694
6677,0.020881555092022275
6678,0.017009401142989433
6679,0.9766634335943903
6680,0.2929650910588596
6681,0.8088593884863806
6682,0.393615535305225
6683,0.6827191947016775
6684,0.5646060686265234
6685,0.4809884635140854
6686,0.18881895851299368
6687,0.03711074868071651
6688,0.26405750257580796
6689,0.6548612507718896
6690,0.915616625547948
6691,0.5565037549488986
6692,0.2591477399210492
6693,0.6759191240421527
6694,0.136153236463895
6695,0.043268339925341515
6696,0.9467204788788848
6697,0.3754722909485808
6698,0.38634365882352295
6699,0.7984198868710807
6700,0.99166786942903
6701,0.06827812861103344
6702,0.5641795304658408
6703,0.051386114160944074
6704,0.7453881869694995
6705,0.33972554349473627
6706,0.13995735556919087
6707,0.8664400892913098
6708,0.1753691823508955
6709,0.0001637525864157663
6710,0.01674752925199452
6711,0.7875762713760485
6712,0.13536920323929347
6713,0.7327236744750094
6714,0.9943595029935131
6715,0.18713297321463007
6716,0.05617930168578977
6717,0.25435136378222367
6718,0.0730980175884054
6719,0.7257514487825191
6720,0.6937230907180809
6721,0.35058304611989877
6722,0.1775962591208201
6723,0.4065966639320572
6724,0.5187070872219468
6725,0.21786093295740738
6726,0.33054031093819347
6727,0.2175380523173137
6728,0.5176004077072255
6729,0.22296636410392567
6730,0.10567770153579936
6731,0.8905465598450966
6732,0.863798616588318
6733,0.7111102950322845
6734,0.12298816563482473
6735,0.5627498917394088
6736,0.8185250999820216
6737,0.7880253712827436
6738,0.4421765602822232
6739,0.3281980335570922
6740,0.7851595534072543
6741,0.865677128847381
6742,0.6666079688155321
6743,0.9933354735125002
6744,0.4687601820011513
6745,0.823351469150961
6746,0.7327533451664071
6747,0.06370782082360671
6748,0.22772621261905124
6749,0.01511001630870501
6750,0.5228363584788736
6751,0.15250695987099372
6752,0.5861546811343674
6753,0.5259258813075077
6754,0.698385538188142
6755,0.04457589777012638
6756,0.924313336246005
6757,0.494089561065285
6758,0.4019581077600759
6759,0.6078462142019028
6760,0.8732743082787399
6761,0.3254922282355148
6762,0.8444300120519731
6763,0.3015380215739102
6764,0.5745367121629574
6765,0.10308160058798277
6766,0.8477855182650154
6767,0.9250841218801313
6768,0.981994200357709
6769,0.3309276947516815
6770,0.24639691561848354
6771,0.49888148952226874
6772,0.7439860513192106
6773,0.1631519202212326
6774,0.9629475040018248
6775,0.8108836851910775
6776,0.8361663088091829
6777,0.15330816095842303
6778,0.8863963132449164
6779,0.29543806760267066
6780,0.5663498107966862
6781,0.34424101725268763
6782,0.46152215501274385
6783,0.13452047193558192
6784,0.30560822427409773
6785,0.2170508927157725
6786,0.15730419465153445
6787,0.7996484297606257
6788,0.6032501119919013
6789,0.49678451926547673
6790,0.7520577382652388
6791,0.10348019102248762
6792,0.7685328429008882
6793,0.9355353350167797
6794,0.7648658368855823
6795,0.34695202237427003
6796,0.46238761137672135
6797,0.48361388043312226
6798,0.8148217033979184
6799,0.5005707681271294
6800,0.08673484388651187
6801,0.06803817454210692
6802,0.9735108367532985
6803,0.19229009167190292
6804,0.3097588797027815
6805,0.8180021773016416
6806,0.6543249980079928
6807,0.13036816391410855
6808,0.6761687840537732
6809,0.959906406395205
6810,0.8019749336221023
6811,0.7417930088872537
6812,0.6503615047259557
6813,0.1190229829515903
6814,0.3260159772989968
6815,0.22841190514378995
6816,0.12172058593935697
6817,0.03602734387313644
6818,0.3589173645058389
6819,0.443522508654585
6820,0.6107389080704394
6821,0.24287972341996955
6822,0.05545455869775873
6823,0.8774825744327612
6824,0.4858036663643138
6825,0.03985185774095645
6826,0.7584659564348468
6827,0.5003145978366923
6828,0.06988572930738723
6829,0.2437182869144412
6830,0.8664697342536578
6831,0.40421104490286996
6832,0.8670455476031391
6833,0.3134027837125679
6834,0.8106719195643777
6835,0.1964251797574974
6836,0.8965914999286195
6837,0.9479922196219358
6838,0.8036252915202226
6839,0.9252311948014494
6840,0.4090797548496107
6841,0.6180468856880708
6842,0.10247325766956694
6843,0.5217460839285494
6844,0.5026255199982037
6845,0.8141303920912283
6846,0.23060318600317464
6847,0.8984468576860285
6848,0.6528025762953393
6849,0.5669561395716921
6850,0.2928746279209121
6851,0.7294004147350666
6852,0.056409114073277866
6853,0.9808031207208788
6854,0.4358252718669383
6855,0.3864156365446624
6856,0.14564947368030212
6857,0.4426247014151432
6858,0.7796862222854409
6859,0.07790682385447856
6860,0.5791265434652022
6861,0.5859823771358056
6862,0.44190078332892535
6863,0.7223568882845245
6864,0.06814309071364277
6865,0.012242346077394717
6866,0.5695086638763462
6867,0.25616276668504045
6868,0.1460620954868329
6869,0.7152279791374972
6870,0.47129627594092505
6871,0.13800895523672385
6872,0.955228305450169
6873,0.025851782701347692
6874,0.32533194819799327
6875,0.5420273568697908
6876,0.8111030782461665
6877,0.2699000752856644
6878,0.77141438586919
6879,0.903448432362778
6880,0.7560384326041012
6881,0.21965397457446312
6882,0.8225509649378735
6883,0.41499790937297665
6884,0.3802660030465167
6885,0.10062506424695117
6886,0.18799873438713688
6887,0.8036674319924032
6888,0.28892389725159817
6889,0.9713068222820238
6890,0.38949690216238353
6891,0.45550237262855064
6892,0.09121122855514852
6893,0.939417411777383
6894,0.9085852068466301
6895,0.2728416790963599
6896,0.2408763631612557
6897,0.06598931118832174
6898,0.23183526900224338
6899,0.146048065162538
6900,0.15204382357024426
6901,0.2619914950491825
6902,0.14140692650457143
6903,0.31018836315276477
6904,0.545310703363124
6905,0.6104729150235887
6906,0.3489383617573383
6907,0.3774405226795784
6908,0.292015475443375
6909,0.04731108803140405
6910,0.6913769894581148
6911,0.502444364305065
6912,0.38624862796075377
6913,0.4644516377564435
6914,0.6640333416773819
6915,0.860317107517386
6916,0.40806264565646566
6917,0.7091061233806332
6918,0.9593338857708434
6919,0.1898196857883957
6920,0.7442144210326324
6921,0.5576804948847511
6922,0.27973602914891116
6923,0.2717567245236855
6924,0.03448807184692171
6925,0.8516827879048274
6926,0.49004714018249607
6927,0.8134146269503602
6928,0.3915708642311766
6929,0.6398862408441044
6930,0.5056581054396553
6931,0.16778022669602966
6932,0.3743788828690324
6933,0.7068876940597105
6934,0.5419282256268618
6935,0.9950626443086789
6936,0.7386972686393558
6937,0.5158230966741227
6938,0.5141836680973859
6939,0.47461291181397647
6940,0.08435674315904984
6941,0.8376946568440281
6942,0.2710550855327508
6943,0.5760230667717962
6944,0.10961893023725067
6945,0.5741738171059256
6946,0.019057220231667782
6947,0.4680734999934879
6948,0.9234279425885876
6949,0.4369848213178492
6950,0.35631244738057444
6951,0.8648827604223595
6952,0.4095073477068386
6953,0.5509028959729243
6954,0.7625781394734306
6955,0.036864516985940066
6956,0.47785416514385715
6957,0.5073438197030898
6958,0.25969405075526375
6959,0.8367787241085853
6960,0.6347051467168182
6961,0.9874628040780705
6962,0.7028654779091283
6963,0.259715144630117
6964,0.14976797526955465
6965,0.5893898479128996
6966,0.008207383823035097
6967,0.9302304116796054
6968,0.7901121345983867
6969,0.3791776898085787
6970,0.590620316928513
6971,0.3089156344421945
6972,0.7218472646868489
6973,0.5478788779946778
6974,0.48174554617626375
6975,0.4640418167714747
6976,0.6557877111542268
6977,0.6743654945882457
6978,0.46934358850308655
6979,0.1330457621783231
6980,0.6969618823158519
6981,0.7623618339329834
6982,0.11421706245745977
6983,0.4505521621184786
6984,0.25830112014905293
6985,0.48683438102522547
6986,0.6210170712247987
6987,0.4446288746685573
6988,0.19476779519143816
6989,0.6852014588459578
6990,0.9816029144140112
6991,0.51761489692713
6992,0.7328978591324471
6993,0.9767122852689515
6994,0.0107185655608667
6995,0.3474371112125211
6996,0.13625126539487387
6997,0.9481499756426771
6998,0.47117812343490006
6999,0.4468352479151314
7000,0.9181730735130508
7001,0.8986284693731554
7002,0.9594851803451504
7003,0.8567167246007491
7004,0.913916414731573
7005,0.9109033002482314
7006,0.10071945000200766
7007,0.5402897889468933
7008,0.7983982986190449
7009,0.00574866619237191
7010,0.7375918383989195
7011,0.5124693436710741
7012,0.36578059868214297
7013,0.4281331838781083
7014,0.6536303951729199
7015,0.3021957405102199
7016,0.8035014153895557
7017,0.6671910963319649
7018,0.08165667176529834
7019,0.6087142631916986
7020,0.878510624268873
7021,0.042737325414293426
7022,0.10027206592780769
7023,0.2970716486066949
7024,0.1460511787894596
7025,0.9063824600737035
7026,0.07850947710838263
7027,0.5405585989291637
7028,0.8976531765393136
7029,0.833444763349541
7030,0.6802604857975891
7031,0.5265197228961005
7032,0.15207785466858226
7033,0.32177021878960654
7034,0.6077488880874048
7035,0.6258160278745252
7036,0.2152334951539857
7037,0.9408884386218045
7038,0.2688920082191848
7039,0.8708928906578639
7040,0.19155415626607541
7041,0.5931642909494598
7042,0.39672398400469955
7043,0.755416308947477
7044,0.34285086469828274
7045,0.6408616227525369
7046,0.47082553808362215
7047,0.7069560339234812
7048,0.7952332306527186
7049,0.9600853541874756
7050,0.8548997159808299
7051,0.22338483191035385
7052,0.4401838288197244
7053,0.16984908805276988
7054,0.777216038326113
7055,0.6333502026964469
7056,0.79032011553001
7057,0.8084662947669404
7058,0.7748080688961139
7059,0.9774888667637773
7060,0.6105252729664468
7061,0.48195099051446333
7062,0.33992676078752004
7063,0.09129306463791642
7064,0.35325272301207633
7065,0.3112925379402973
7066,0.8097711826911561
7067,0.7832937890816474
7068,0.9324154686802777
7069,0.8853972790904835
7070,0.7369676067232294
7071,0.04198115522896717
7072,0.21847609975958826
7073,0.19035682760378747
7074,0.7710067781354005
7075,0.6916972045980719
7076,0.954615718186738
7077,0.6420455235822611
7078,0.8064304256313103
7079,0.6260601159588434
7080,0.372617219709527
7081,0.29937800317913854
7082,0.07203950238462609
7083,0.04085802628909374
7084,0.9016530070099678
7085,0.01617612803076862
7086,0.903552833347992
7087,0.6909144971666819
7088,0.6195484663594081
7089,0.8509748846625463
7090,0.41056936434921165
7091,0.11947596604043209
7092,0.8294529127888801
7093,0.6994037612125396
7094,0.005968268739837801
7095,0.750180206256572
7096,0.7024524157391471
7097,0.9981482308302373
7098,0.5295714858729453
7099,0.061960594460184426
7100,0.6066044632720397
7101,0.8297956599599339
7102,0.6106565638088473
7103,0.6675155403986729
7104,0.6590180117028087
7105,0.48042088347446943
7106,0.482376832169913
7107,0.008953081019288378
7108,0.7436132356221071
7109,0.056026770977010254
7110,0.5629843412725887
7111,0.10680234657532028
7112,0.6639795227822667
7113,0.20016143813393905
7114,0.11964054363945686
7115,0.11200869618813425
7116,0.7054077861757507
7117,0.702843659036716
7118,0.717316739072146
7119,0.6809127317294209
7120,0.976649454808654
7121,0.2780117601716655
7122,0.6624960945082298
7123,0.24123735151069248
7124,0.4951125318839228
7125,0.5688372097380127
7126,0.6731627729110912
7127,0.40608279595724905
7128,0.2319017392215469
7129,0.22559703182449287
7130,0.691020555766941
7131,0.3134786867431535
7132,0.3037943628990768
7133,0.38824938447629687
7134,0.7986909542608148
7135,0.05023549679504935
7136,0.900611452383226
7137,0.34631787781700973
7138,0.36902576815378585
7139,0.25722613057655086
7140,0.5460322891662692
7141,0.8959210685159197
7142,0.5788206422618152
7143,0.4824823012600927
7144,0.9080082846170944
7145,0.42889536619450286
7146,0.04818176784903716
7147,0.6473323050188855
7148,0.3037670534289785
7149,0.8496831092793236
7150,0.34187477087073204
7151,0.6833326774415769
7152,0.5542573263399073
7153,0.3882906913248477
7154,0.6775039751658041
7155,0.9852577889901634
7156,0.7628264957479027
7157,0.2602426691745414
7158,0.326545527962808
7159,0.9492990504007557
7160,0.8133306394434627
7161,0.00470179457844655
7162,0.7927799622458219
7163,0.2766582776280564
7164,0.6324965491976339
7165,0.4645346746384331
7166,0.9866488677962921
7167,0.2515765400639146
7168,0.5893932874362562
7169,0.03978258981616822
7170,0.19595924496130224
7171,0.9137800058875785
7172,0.3504828309085687
7173,0.9952261062479374
7174,0.5828112672748582
7175,0.5874157202700689
7176,0.20282558115105842
7177,0.7287705520156098
7178,0.6497129145759123
7179,0.06219395752741086
7180,0.640098094479219
7181,0.6563193090057178
7182,0.9527482592355146
7183,0.8093259764253788
7184,0.9865416412964636
7185,0.5192315127490176
7186,0.589704598692281
7187,0.10184378827185492
7188,0.3881423924917896
7189,0.32997950115007946
7190,0.5821054820765622
7191,0.35181882350417326
7192,0.8499518310083926
7193,0.5403669188094864
7194,0.42928712774346733
7195,0.8821758788416709
7196,0.2755678263797591
7197,0.27766151507879233
7198,0.7793101932600306
7199,0.08679352627897496
7200,0.6019763752047761
7201,0.49373017736225067
7202,0.273653709253611
7203,0.92223414725625
7204,0.6474015051606697
7205,0.5711484542701665
7206,0.9791650071439504
7207,0.05313766038211043
7208,0.3169924666544386
7209,0.8769605122952235
7210,0.3354614946689003
7211,0.2167280477065614
7212,0.18643201801229192
7213,0.280645194866721
7214,0.9527325210563642
7215,0.17801164051151985
7216,0.11272283656733273
7217,0.6532869459874502
7218,0.30253284209979214
7219,0.3875400082792837
7220,0.5067426433390255
7221,0.8322266107974542
7222,0.18612797747937682
7223,0.5380726894476019
7224,0.43188540670651254
7225,0.4901008003857992
7226,0.15077249067554632
7227,0.5072882838486787
7228,0.26346672081649314
7229,0.562856688640001
7230,0.21412172754702652
7231,0.02774025731173191
7232,0.6983481494479672
7233,0.8056545049871864
7234,0.5110034411964988
7235,0.7858997351987964
7236,0.4154994144766345
7237,0.10791225800700521
7238,0.20245417276414135
7239,0.15457601101506646
7240,0.6986397111714051
7241,0.7521112816045894
7242,0.5691444040228966
7243,0.7306245100618787
7244,0.6615978649448616
7245,0.17279756037703764
7246,0.917345384677736
7247,0.3487824706869098
7248,0.42762353821631605
7249,0.32032945947496727
7250,0.9647432118824681
7251,0.3518494147763934
7252,0.8790092415134929
7253,0.123415808089128
7254,0.6198359258416241
7255,0.10845992735542698
7256,0.7338105129179131
7257,0.8714249107896644
7258,0.7938770852387089
7259,0.5135674082999225
7260,0.7807988736828637
7261,0.4267044381655315
7262,0.715569849952437
7263,0.4444036996869781
7264,0.9733606393217246
7265,0.4497081680627065
7266,0.8556492796105727
7267,0.30625894251681773
7268,0.2782558433259089
7269,0.11922698119988728
7270,0.22928721184694867
7271,0.5810175552352047
7272,0.04143442382062057
7273,0.4434413041967885
7274,0.8825104464224045
7275,0.7711025028779247
7276,0.5499442189872266
7277,0.26953220155657187
7278,0.3627435106227149
7279,0.08864617557192989
7280,0.3818432744348086
7281,0.8342318050866628
7282,0.048923428805469515
7283,0.7259033453940068
7284,0.9255970359278161
7285,0.7171693853233864
7286,0.08828937401469572
7287,0.9721145616133096
7288,0.5903504132922509
7289,0.16729917279510587
7290,0.4737601339997054
7291,0.21393423154827873
7292,0.8505705386400548
7293,0.5488909245592055
7294,0.5273825170548049
7295,0.3591494875731239
7296,0.6347385500345117
7297,0.32748566105155685
7298,0.5525581703559206
7299,0.7041539095721217
7300,0.4025642988341429
7301,0.6748977430360571
7302,0.8917866304520098
7303,0.8261427034825423
7304,0.6182826514595116
7305,0.8859380763491156
7306,0.10551867027486239
7307,0.10435265170904295
7308,0.3259285320440576
7309,0.7570200515558865
7310,0.061508302145038996
7311,0.06030924135830362
7312,0.7552345536443659
7313,0.8179710715878453
7314,0.7081549907005203
7315,0.9339577627703306
7316,0.7777320961159083
7317,0.06318244988345723
7318,0.23501070576890482
7319,0.468641453275765
7320,0.8124445846368641
7321,0.7164247701493235
7322,0.09884218097340047
7323,0.2997494884377624
7324,0.39193011717777915
7325,0.6850295615676043
7326,0.08444159037290588
7327,0.6465888331076308
7328,0.21509126365378128
7329,0.9731509254808354
7330,0.8333181652244314
7331,0.4890996775774711
7332,0.3606786537597818
7333,0.7646652800015175
7334,0.45616707825667835
7335,0.48898188774990203
7336,0.08819984179718465
7337,0.16620838254834558
7338,0.9537758702775572
7339,0.5210761252710504
7340,0.32562297097102744
7341,0.34762067650164175
7342,0.806461220408648
7343,0.8163296868250017
7344,0.3228774159847382
7345,0.7844996073324183
7346,0.06807866883104863
7347,0.8382276963870372
7348,0.5493567425644803
7349,0.026141245033801552
7350,0.4201989893428969
7351,0.3869058461902456
7352,0.9795633454071215
7353,0.7995204582501821
7354,0.17856466937146698
7355,0.5563533743050235
7356,0.5457185380356248
7357,0.07745795786168552
7358,0.6921614460805467
7359,0.26626595167197176
7360,0.29635283100325194
7361,0.16717341314542145
7362,0.5530132125739868
7363,0.7225038867215728
7364,0.785341544437882
7365,0.6810948550579358
7366,0.3423118285211414
7367,0.7093999209813178
7368,0.11567990303042985
7369,0.5828041347857904
7370,0.6099317826298202
7371,0.9172582137735169
7372,0.8462189568425856
7373,0.29006039493592006
7374,0.05622882956249442
7375,0.6691625925627447
7376,0.1249763897679047
7377,0.1739425186762803
7378,0.131874641760088
7379,0.61795997295143
7380,0.5681870933191462
7381,0.93967036942828
7382,0.31774482496736334
7383,0.8141531077119579
7384,0.7700760957211278
7385,0.47468035419523313
7386,0.2840938713660811
7387,0.37554400742894045
7388,0.36155665375752244
7389,0.8732023174338618
7390,0.7937243687158793
7391,0.8532989629457101
7392,0.7577722799500202
7393,0.17173084387872894
7394,0.12421198048398041
7395,0.40127057548459444
7396,0.15652998867916224
7397,0.7544343308240326
7398,0.34382120471072186
7399,0.6910025029754859
7400,0.5485432955653359
7401,0.7070650925985149
7402,0.8180689597387214
7403,0.5726134230057209
7404,0.18830115455435414
7405,0.5408865234480206
7406,0.09068167856986753
7407,0.7538118091627166
7408,0.970686075024243
7409,0.47525785890867067
7410,0.9517730738019173
7411,0.006323755939034337
7412,0.5621345981036966
7413,0.8643580137563373
7414,0.6645198735770597
7415,0.5813226532705525
7416,0.3499365184458353
7417,0.0748241368782091
7418,0.6827054076687906
7419,0.3914052643014818
7420,0.612754146274045
7421,0.3723850431861727
7422,0.5343409935950089
7423,0.8932671723239315
7424,0.8118780312732575
7425,0.8177052515463489
7426,0.3580007989685403
7427,0.5531690685081005
7428,0.0004976207055542581
7429,0.7534695933264849
7430,0.8968415590880084
7431,0.585948200599081
7432,0.7681782046031721
7433,0.4175992823321558
7434,0.9525626984952309
7435,0.516909808444463
7436,0.40589172364055437
7437,0.6263869219623086
7438,0.40584633055129415
7439,0.3725956241497329
7440,0.8963445183909555
7441,0.5932294961895291
7442,0.8512565709401828
7443,0.6126595679658504
7444,0.5146819165708797
7445,0.3847426182627617
7446,0.35769385579956126
7447,0.1632362759426801
7448,0.15733748206225007
7449,0.594720497583547
7450,0.9842320242093066
7451,0.18398119632765497
7452,0.010199819243275732
7453,0.6149513704305761
7454,0.8890267759009696
7455,0.8351797126042004
7456,0.8075269991704527
7457,0.09311061063384929
7458,0.6344564741460491
7459,0.8380638025883923
7460,0.08978277043110738
7461,0.9061486746184158
7462,0.455423626659768
7463,0.33998376666933816
7464,0.739904192914556
7465,0.5420904294643245
7466,0.1932080732408209
7467,0.7034234057721197
7468,0.1000390293025123
7469,0.9787264990975892
7470,0.5565881779548221
7471,0.3846579587127199
7472,0.4644702768379563
7473,0.30150229715316135
7474,0.30298202201669944
7475,0.898446523678335
7476,0.17391777643543294
7477,0.4190767868959203
7478,0.9967041711609391
7479,0.8519361335585666
7480,0.5858778955766348
7481,0.7503254981024667
7482,0.8845012048763645
7483,0.07419525350157441
7484,0.3901409190074645
7485,0.9076236126866912
7486,0.6574857779395245
7487,0.7458630842631887
7488,0.33764743120017915
7489,0.9323235540797383
7490,0.013993835432068225
7491,0.026761860671631443
7492,0.5733787254497944
7493,0.9657012573229641
7494,0.1325071869987421
7495,0.41135673435052855
7496,0.5365594363389805
7497,0.6803295850701851
7498,0.9575931093537144
7499,0.3006274392510596
7500,0.9093191343752096
7501,0.7892532939617868
7502,0.9133220700615202
7503,0.6687049436255587
7504,0.6421366172186243
7505,0.061210338246862284
7506,0.6920539706612429
7507,0.4446895601305991
7508,0.9400720135081997
7509,0.21228446995271677
7510,0.11225300944742622
7511,0.09049305222628712
7512,0.5663335998013576
7513,0.4992083417184977
7514,0.5664734755692019
7515,0.5549035254945709
7516,0.497979865244531
7517,0.838339298915122
7518,0.08265209655721828
7519,0.7885676828978324
7520,0.1864910353000251
7521,0.7802856490513493
7522,0.22353207581559364
7523,0.7157564136329922
7524,0.8739226957664
7525,0.16351439333217177
7526,0.07981658141607184
7527,0.5336585707821054
7528,0.03205610596475916
7529,0.03151214167824212
7530,0.054865413463700774
7531,0.6393547898405529
7532,0.8114997549866837
7533,0.6687099180392433
7534,0.7954796299800624
7535,0.17684582977887509
7536,0.8208090850180363
7537,0.0034223414307529287
7538,0.9142202876376757
7539,0.3276846248091747
7540,0.9278937427224491
7541,0.635928567202787
7542,0.7189855391485165
7543,0.3457852877494584
7544,0.3446927159757628
7545,0.5762898760837488
7546,0.7829809912540755
7547,0.8055713421782316
7548,0.8725739747438317
7549,0.6872450280255233
7550,0.29375451790915985
7551,0.45259154727977013
7552,0.3681203668407643
7553,0.7801320073160621
7554,0.10220683764918936
7555,0.9799987578035547
7556,0.366454825522888
7557,0.8925326112697065
7558,0.6216960831812074
7559,0.35951095908572095
7560,0.46628392691722786
7561,0.2970201798052534
7562,0.08881471408708685
7563,0.5415862277152255
7564,0.31449508694659756
7565,0.9706156943377848
7566,0.17103330950780982
7567,0.27031805098302775
7568,0.49331541600064277
7569,0.9158777180676501
7570,0.005542701370930603
7571,0.38751734497660406
7572,0.4298706536332322
7573,0.3557649477750876
7574,0.9138811100392901
7575,0.9453832808407254
7576,0.09893281434844226
7577,0.17072443375455604
7578,0.07378355696262229
7579,0.5951814785061209
7580,0.9272977403410922
7581,0.3306370001259432
7582,0.03046063082721928
7583,0.5908926603554069
7584,0.9443676363394731
7585,0.7732120357939115
7586,0.7766049380786043
7587,0.47201215087054404
7588,0.387135969810283
7589,0.3932930427064967
7590,0.2679944033834569
7591,0.08914523513693373
7592,0.6485548981883933
7593,0.5671647108857949
7594,0.8610971829780893
7595,0.414521594215465
7596,0.007876187473817242
7597,0.33464739018221545
7598,0.18958378994743386
7599,0.22420413553483343
7600,0.9187623500224709
7601,0.6483271630247107
7602,0.8322056448021413
7603,0.24657793764631042
7604,0.02511765824990042
7605,0.6395953703041483
7606,0.5427576301575616
7607,0.03486082083294284
7608,0.5127332650491345
7609,0.3749168620491693
7610,0.4595064392740049
7611,0.4419747167310524
7612,0.4171076043357044
7613,0.07712724082728584
7614,0.7271877149379441
7615,0.6492605031293945
7616,0.4992209113243644
7617,0.9290670593573526
7618,0.5946996106109198
7619,0.3278997527780173
7620,0.24560653848080527
7621,0.7818453962843062
7622,0.3880556612444217
7623,0.09116485170062238
7624,0.26019883122774534
7625,0.928208676622384
7626,0.3733856355779557
7627,0.9776653289033164
7628,0.4433709948614929
7629,0.9646595110001187
7630,0.7368965219901235
7631,0.9735752592946112
7632,0.8153797704902656
7633,0.9247062631294923
7634,0.4769515588523302
7635,0.1542925384780276
7636,0.21879753138233238
7637,0.33129216590575283
7638,0.9517974523074866
7639,0.9071690537451238
7640,0.1644718018582818
7641,0.3993868174476606
7642,0.2290727310588606
7643,0.13275707842592677
7644,0.747028583484228
7645,0.8247256429685785
7646,0.14448100053740054
7647,0.5833638401475499
7648,0.42188138947993814
7649,0.672958727258218
7650,0.04275229657852653
7651,0.29067823446599517
7652,0.9361503697315512
7653,0.8726455508556719
7654,0.15863723009804576
7655,0.11645365481875192
7656,0.4851007101689824
7657,0.11541434841161213
7658,0.4242478557373206
7659,0.7991683938860966
7660,0.023600990273051736
7661,0.7106922312724997
7662,0.21557204394970408
7663,0.13971873292695802
7664,0.5245324236933647
7665,0.36438664226894213
7666,0.7520565501035953
7667,0.4273982351943524
7668,0.21391933060641488
7669,0.9479902622503068
7670,0.14361673515066564
7671,0.5016722331509821
7672,0.43767395898185046
7673,0.484090032074726
7674,0.6427393581699852
7675,0.6884462227320878
7676,0.4661400540010988
7677,0.44145553919916014
7678,0.3165323263033253
7679,0.3090815770868015
7680,0.518087398983265
7681,0.9119513909771048
7682,0.5410042740791244
7683,0.4302102303983105
7684,0.33831872375742733
7685,0.9618455090118546
7686,0.38922358503978327
7687,0.7629990528128205
7688,0.9612797621812478
7689,0.33967008745353067
7690,0.46060728495795966
7691,0.5340200589270219
7692,0.6607944676344243
7693,0.012898403497697664
7694,0.8589763962003052
7695,0.3901341228677244
7696,0.35401826710318296
7697,0.5580819172663221
7698,0.09959003701032665
7699,0.7690175920510564
7700,0.5968621446091503
7701,0.9137027612087479
7702,0.757763250182672
7703,0.5050720958895648
7704,0.47482712326644316
7705,0.913768735947921
7706,0.9910164861750703
7707,0.467814177872092
7708,0.2866667792207904
7709,0.6111635207982609
7710,0.08204588168252036
7711,0.2740906825516548
7712,0.5061143292023877
7713,0.06494665428618585
7714,0.40201871771455155
7715,0.340733286532381
7716,0.43723586864716957
7717,0.18965806388134576
7718,0.02696541826587151
7719,0.2478690279812925
7720,0.6630921742872777
7721,0.08758092348009971
7722,0.6191139014191613
7723,0.05923778560548476
7724,0.7987929361484463
7725,0.497268955247141
7726,0.0002853717446976711
7727,0.920322114096019
7728,0.9055008188765953
7729,0.11831244126135343
7730,0.4806731120925817
7731,0.7996346847164931
7732,0.9338778552523741
7733,0.25847979133069177
7734,0.2206545375883755
7735,0.4860712464701956
7736,0.9061743197863327
7737,0.740574133076631
7738,0.5523754677106348
7739,0.8380883944112755
7740,0.08744894821990601
7741,0.5163538213647393
7742,0.49026058762442704
7743,0.6186854859530493
7744,0.6833993356496619
7745,0.6734053880524002
7746,0.25333302221711573
7747,0.7045501497874121
7748,0.4412445621664839
7749,0.41636579793309747
7750,0.7754185633752247
7751,0.0885288865526721
7752,0.5895059598483242
7753,0.609779790305251
7754,0.7575334988954218
7755,0.64561983544604
7756,0.9987074272749884
7757,0.5161895291230448
7758,0.1059767007218011
7759,0.9910755871152113
7760,0.31820530981918005
7761,0.5031643210556239
7762,0.4882520183966752
7763,0.8146424299554298
7764,0.6869121804440534
7765,0.3761467953828117
7766,0.7874743220123589
7767,0.3148699843659407
7768,0.20272359740270707
7769,0.7239808272719019
7770,0.048917606252520174
7771,0.5648948562036546
7772,0.8286736426693825
7773,0.4986081969852574
7774,0.07834224960624236
7775,0.91847571029537
7776,0.08199259162322414
7777,0.0006994492126288776
7778,0.534178824814527
7779,0.5882068721819607
7780,0.4061981447216838
7781,0.6901560291811155
7782,0.987037635200334
7783,0.2070582367156394
7784,0.3956497058309043
7785,0.08930472193844508
7786,0.07075972173141776
7787,0.6731682085061241
7788,0.4315840015966912
7789,0.6523110488589888
7790,0.05577418887645491
7791,0.20085670975238157
7792,0.5023772925000324
7793,0.8504187300334329
7794,0.7277418709423357
7795,0.010871566366337237
7796,0.7224957167537427
7797,0.6556585392149352
7798,0.2247040456285626
7799,0.7325149280448647
7800,0.9341193961229854
7801,0.5478310875115732
7802,0.06000230952337504
7803,0.28724009672047757
7804,0.7532941294094915
7805,0.8678982812076902
7806,0.6611943063438581
7807,0.2771132578989146
7808,0.211551342939568
7809,0.10739584482411746
7810,0.7510228675628371
7811,0.012390031766038034
7812,0.7259075556713933
7813,0.8306319597210201
7814,0.3153174639828594
7815,0.9296715050093202
7816,0.38466819151309817
7817,0.06851026125539561
7818,0.34560880827727614
7819,0.80673847869059
7820,0.3380907547366926
7821,0.09069146851065402
7822,0.9247513320046028
7823,0.36512747826197245
7824,0.5740906189285632
7825,0.4994098214016367
7826,0.47448698520194443
7827,0.8247326014112109
7828,0.5486249793870229
7829,0.07746664966671257
7830,0.6999535247806763
7831,0.774194348291295
7832,0.2882776218558267
7833,0.4379297006398801
7834,0.7174675271683637
7835,0.0581290059405003
7836,0.5365608162855375
7837,0.2426071239793417
7838,0.9490123487793811
7839,0.9255846098902256
7840,0.27242991929561466
7841,0.17409459913568714
7842,0.8574662617446017
7843,0.623586082083684
7844,0.9756793187658476
7845,0.8824590446688
7846,0.16703261156188542
7847,0.5047244359768503
7848,0.17059186622600386
7849,0.8763976014277303
7850,0.2424813173421806
7851,0.004326304470494535
7852,0.41885674807863893
7853,0.49457875600061396
7854,0.687714379680325
7855,0.6501417503037639
7856,0.021899401028634857
7857,0.07300775464503417
7858,0.861911252842429
7859,0.718292197349723
7860,0.5858326896049181
7861,0.2760476720184364
7862,0.5687863028652163
7863,0.01607002923143186
7864,0.8181901784825268
7865,0.8743546446805771
7866,0.2895673007647057
7867,0.19858974000869067
7868,0.6350513920291371
7869,0.21820995823107892
7870,0.8621801268227587
7871,0.08027592221677338
7872,0.6105214784088393
7873,0.7469393172240466
7874,0.31196631717376266
7875,0.49777583863799535
7876,0.8717520544480059
7877,0.882974736144932
7878,0.24968292948656134
7879,0.3844801743709859
7880,0.8419227029823649
7881,0.40761583188509354
7882,0.11934466902902141
7883,0.6557064492131593
7884,0.7459427707069317
7885,0.360718295652398
7886,0.3325121983916238
7887,0.8703786955860743
7888,0.20330673425971302
7889,0.2506349565318421
7890,0.06470817613108693
7891,0.3164419836810862
7892,0.05133145754116275
7893,0.9642016985590711
7894,0.01064365274941148
7895,0.5352454281867777
7896,0.8254276419975198
7897,0.12157572462594002
7898,0.13376651346338553
7899,0.5439935687705935
7900,0.8167610327132632
7901,0.10126315268725072
7902,0.020476756336944124
7903,0.03989313352068591
7904,0.863521537317885
7905,0.7178451288926537
7906,0.1087409830612498
7907,0.926913310953515
7908,0.9117347525859308
7909,0.15401673672273875
7910,0.9373199070934983
7911,0.21931318919700804
7912,0.08562538468533787
7913,0.8944779279917178
7914,0.9245805270662618
7915,0.4961521862865116
7916,0.1142165306263555
7917,0.936869704647082
7918,0.9074643034071355
7919,0.5520244840190529
7920,0.8356171280360106
7921,0.9368074025741618
7922,0.2387146035193186
7923,0.9421574929690317
7924,0.795488675795275
7925,0.9250450075663392
7926,0.5011553549618042
7927,0.8070210999347829
7928,0.1982443845469848
7929,0.9846912866672071
7930,0.06024005051068593
7931,0.21951467596075025
7932,0.5339655850937128
7933,0.8386972873081785
7934,0.4776426532664252
7935,0.025851171195393152
7936,0.2664269125172215
7937,0.7082246423710602
7938,0.7783240829619934
7939,0.6433641954665257
7940,0.5565304653243408
7941,0.6019494758949898
7942,0.38304472937621015
7943,0.932817218991037
7944,0.5579412459874725
7945,0.22904829361500711
7946,0.5418891024374584
7947,0.976404185821261
7948,0.5911418067342857
7949,0.3729538695687723
7950,0.20958922956318893
7951,0.4459784009890898
7952,0.07626387270994262
7953,0.03893290820909501
7954,0.33618776964514796
7955,0.9325270805383695
7956,0.4187249994704243
7957,0.7141102180750349
7958,0.10324691154524113
7959,0.18173045236476226
7960,0.9978004513650489
7961,0.9373494582201197
7962,0.3420539868562812
7963,0.15729800001271677
7964,0.6861690594472224
7965,0.9382319159698942
7966,0.5972774476157074
7967,0.6105826389397372
7968,0.40586470249970197
7969,0.13094588819372188
7970,0.8685157273103474
7971,0.5851536505774515
7972,0.44650768924397144
7973,0.29520686434859744
7974,0.9559018566606586
7975,0.5043746620726722
7976,0.7049406056343797
7977,0.5512574368926293
7978,0.46867250377550995
7979,0.24205323897710973
7980,0.3575610961980039
7981,0.7454664238823789
7982,0.6601579733571733
7983,0.4744714109169521
7984,0.5971341774088016
7985,0.1330876883204819
7986,0.7368140174472102
7987,0.06866223972809571
7988,0.9536507357117208
7989,0.939069185754474
7990,0.10178742002136065
7991,0.693582966757705
7992,0.6686708552735539
7993,0.28098854153553365
7994,0.934972227058502
7995,0.35204139015964975
7996,0.3188123018632244
7997,0.7177436277540349
7998,0.8817928645782928
7999,0.1557986764663658
8000,0.9631717128743887
8001,0.7978862923836796
8002,0.22566296487774495
8003,0.7261333032420028
8004,0.5505864613294801
8005,0.7894051157465994
8006,0.16961651747339512
8007,0.6806413783227337
8008,0.9776995244620432
8009,0.019834311803481164
8010,0.6670608469292869
8011,0.36570460977574804
8012,0.35113593179753866
8013,0.7151092685563106
8014,0.8148172349838669
8015,0.4952436077777417
8016,0.14707133918249016
8017,0.13942812776792723
8018,0.19389036359804757
8019,0.9635340887133698
8020,0.8205448735950716
8021,0.6572506906040892
8022,0.10899541714043581
8023,0.6165920744682359
8024,0.03748145728220764
8025,0.6757364298807688
8026,0.22549983291817355
8027,0.32819032648207647
8028,0.33491482897771807
8029,0.37326284834265555
8030,0.3284982871432901
8031,0.3929635289105454
8032,0.3479666052660001
8033,0.5764563237033847
8034,0.8707270201227657
8035,0.23586299291157287
8036,0.6835202530716024
8037,0.017166393469822072
8038,0.06174895436599881
8039,0.06451552679764105
8040,0.24503576682744943
8041,0.2424687900865028
8042,0.34985276457116643
8043,0.2573863882975368
8044,0.9012152388668392
8045,0.21848041880763314
8046,0.20570252447688597
8047,0.22356081732693034
8048,0.20311354038022966
8049,0.7434876756090745
8050,0.20234248425502532
8051,0.2035314189613866
8052,0.2602351671194405
8053,0.17234423853967085
8054,0.5969575931432677
8055,0.3756087251049268
8056,0.3638263512351384
8057,0.8929113125337467
8058,0.3764011014004015
8059,0.2383627698310854
8060,0.1713129348018937
8061,0.7129182153982901
8062,0.31137484423035733
8063,0.3893412502764324
8064,0.11047386809118531
8065,0.338775589622364
8066,0.925994881171361
8067,0.06394946067376561
8068,0.5541034391505384
8069,0.9091916262813574
8070,0.7893846333550988
8071,0.5253511738870069
8072,0.06675353237608717
8073,0.8928512024466141
8074,0.739983213645291
8075,0.495089374024409
8076,0.9328577186516577
8077,0.10009562199109401
8078,0.8825554467081628
8079,0.7301346428720421
8080,0.20698639005448183
8081,0.17073890106012024
8082,0.5487990372244357
8083,0.7376271623297986
8084,0.8068587608205522
8085,0.4348991798740195
8086,0.5635291725954694
8087,0.4562742887871025
8088,0.4243939658843281
8089,0.8985580787380569
8090,0.426422389288592
8091,0.4593674062049412
8092,0.30080204981872616
8093,0.09715539365509651
8094,0.5344440502636731
8095,0.3663499905084239
8096,0.43109244125899393
8097,0.47661050778357306
8098,0.8774464880324118
8099,0.24851488588275295
8100,0.35436360415338175
8101,0.026342965914348593
8102,0.5702935788682169
8103,0.7759579573840191
8104,0.8418218651580711
8105,0.9189759353224863
8106,0.37234314687458114
8107,0.3195053170409268
8108,0.6803052069832336
8109,0.39039702471237625
8110,0.8500955541635962
8111,0.19862732754170465
8112,0.9631966151925352
8113,0.5229678696428174
8114,0.5462175986507515
8115,0.18790547314101624
8116,0.8154545712478195
8117,0.4237024870960384
8118,0.505713449135647
8119,0.7974217544039836
8120,0.6686091640999514
8121,0.7388418966300088
8122,0.6147636329094417
8123,0.7951847598951794
8124,0.7413713825222024
8125,0.016944885821535083
8126,0.027848627312620944
8127,0.3531482281987124
8128,0.42187158421372983
8129,0.8610251913848007
8130,0.4682388935259242
8131,0.4152637128650558
8132,0.45941089635634136
8133,0.06652034343103808
8134,0.5262751668838302
8135,0.47103892220074217
8136,0.25743351769498657
8137,0.9664714871211953
8138,0.04076205149018575
8139,0.8899763964459946
8140,0.10377567416676403
8141,0.40458487899709705
8142,0.7337547543155786
8143,0.6417764988093492
8144,0.2712517603970217
8145,0.01553615854901702
8146,0.7595313086611293
8147,0.8541891140959845
8148,0.4219331066368257
8149,0.2674410291527536
8150,0.4835832380612316
8151,0.5675346104914211
8152,0.9562500173565925
8153,0.0898071847513463
8154,0.3212100941848357
8155,0.5984448939067154
8156,0.5548106698912865
8157,0.3409632633308429
8158,0.033741710953695714
8159,0.4723674239035828
8160,0.8945454162892171
8161,0.2077665306644343
8162,0.44884982729426415
8163,0.9660614163204527
8164,0.23158381272121464
8165,0.9555490232121446
8166,0.829820361525632
8167,0.4730151658881572
8168,0.9131951430813615
8169,0.3511685333747392
8170,0.5242649927367954
8171,0.44287080595151085
8172,0.5687048227226673
8173,0.05245826002290477
8174,0.7343015872709425
8175,0.14786151858132968
8176,0.15810596469210247
8177,0.309704480207022
8178,0.14794408938897274
8179,0.1666879817146779
8180,0.8688218724625996
8181,0.46225525229740794
8182,0.618248541580643
8183,0.7666635613685759
8184,0.9211960208478539
8185,0.3816381058285837
8186,0.44667459807324217
8187,0.08588697514799715
8188,0.8182897096103637
8189,0.1512951214617121
8190,0.6375877750226889
8191,0.8419956128409004
8192,0.8359607784758855
8193,0.5185647517427436
8194,0.35566809499495833
8195,0.6716936222768115
8196,0.7576888870161401
8197,0.06672501122705199
8198,0.30107302735527264
8199,0.9204204150535104
8200,0.12984100567460355
8201,0.5616244808090705
8202,0.59951345563681
8203,0.18413236103668018
8204,0.13711593021830226
8205,0.5255675565153458
8206,0.7318684300295454
8207,0.6641842089208001
8208,0.21896756192646372
8209,0.3424713515334271
8210,0.5357488668602725
8211,0.788290539119466
8212,0.1676347671930598
8213,0.5790124319282498
8214,0.1765209698028647
8215,0.852048892856419
8216,0.6056893465713299
8217,0.7757925611126792
8218,0.38360937695311015
8219,0.29234198990594085
8220,0.7278149980804691
8221,0.6624901273069606
8222,0.3529441067904958
8223,0.8450455498676346
8224,0.7245261500078695
8225,0.6947944626500734
8226,0.9956138196833586
8227,0.4605471078468224
8228,0.9305520200278826
8229,0.628499561176724
8230,0.5837378240110805
8231,0.9696693932334159
8232,0.8148217398527264
8233,0.6993673218603434
8234,0.14742842735676687
8235,0.8606275795404917
8236,0.8266235299107453
8237,0.26074572697712317
8238,0.8348570590008542
8239,0.48825550110117055
8240,0.2113589748909095
8241,0.7216206545712561
8242,0.5083279161031888
8243,0.6359251531218566
8244,0.301609563812524
8245,0.7677967237740606
8246,0.0624942455451023
8247,0.08169013714888518
8248,0.8812572650714736
8249,0.06736066746877722
8250,0.6286752634313931
8251,0.5721763225907049
8252,0.4333319340491655
8253,0.26449781354786084
8254,0.03980322336954023
8255,0.9312532234421237
8256,0.96360379494199
8257,0.9684620075923922
8258,0.15161959988087448
8259,0.13393179398040933
8260,0.5679110960461736
8261,0.6647770052554488
8262,0.92474131525427
8263,0.43952936545183374
8264,0.5504582119651678
8265,0.17555689093562366
8266,0.19814332593815565
8267,0.7545330411105814
8268,0.4936168100276779
8269,0.5053970669869663
8270,0.24764604352496988
8271,0.6393290829700917
8272,0.08378247768865144
8273,0.41277361252961375
8274,0.4286558814781425
8275,0.8819177314726113
8276,0.22655749686990123
8277,0.6958311174684421
8278,0.1772477444234748
8279,0.9537320142602568
8280,0.6173480517267241
8281,0.09446577165547898
8282,0.7637685527754347
8283,0.31343430058621213
8284,0.8822182767162987
8285,0.7459753407378886
8286,0.8767318577993048
8287,0.3075446588546511
8288,0.7286832572986642
8289,0.9986080503292128
8290,0.8115449219058175
8291,0.14355320338779765
8292,0.9171683619577947
8293,0.8466268372155556
8294,0.5687125809253075
8295,0.8283182362438144
8296,0.33863204710954675
8297,0.4500930933079048
8298,0.9165794495992379
8299,0.7622350741262977
8300,0.4596791086498927
8301,0.2727775730334535
8302,0.030063796357755024
8303,0.7054391334673321
8304,0.4433111497955444
8305,0.1992184085899441
8306,0.187667058172572
8307,0.9720263933799407
8308,0.6725617086433714
8309,0.01218174670434502
8310,0.6264326211428713
8311,0.8102460067028023
8312,0.7691156207707223
8313,0.941153379187683
8314,0.3139683752489163
8315,0.7381530424561602
8316,0.48405717250453517
8317,0.2583060270265646
8318,0.24778009926078037
8319,0.6196163322477025
8320,0.8535841945380621
8321,0.4019601899660308
8322,0.915145411720638
8323,0.2631134070861395
8324,0.84252447089796
8325,0.9987455933564957
8326,0.3278042076834362
8327,0.7665599733552525
8328,0.4743687227995973
8329,0.6331276553246711
8330,0.6125973739919938
8331,0.4588626352103674
8332,0.8779177909263456
8333,0.5813706132256802
8334,0.3217268717722752
8335,0.3747849591039497
8336,0.5339082767504633
8337,0.6647375641690159
8338,0.8497436144508917
8339,0.7946413792466541
8340,0.5747963224643104
8341,0.30428526134984524
8342,0.034589044512281175
8343,0.4652784175258925
8344,0.22211305212181476
8345,0.4355979941515591
8346,0.31725309610417185
8347,0.3451059151295749
8348,0.6686282983769719
8349,0.2425638159616642
8350,0.3104609331404139
8351,0.4581995558068561
8352,0.9860567407937625
8353,0.3942977750010075
8354,0.004103948185329442
8355,0.6796620376869578
8356,0.24922885441195386
8357,0.36735672446797196
8358,0.279814373531708
8359,0.4500893927648374
8360,0.8099658249800287
8361,0.8615069633817182
8362,0.42327974098975296
8363,0.7907765512229894
8364,0.11242648627329033
8365,0.12033038463194101
8366,0.7072326179365206
8367,0.6406289499954594
8368,0.7204097272277161
8369,0.6772581564469389
8370,0.8967236159285209
8371,0.6608414066117784
8372,0.26470998531717393
8373,0.5662841468564443
8374,0.07880051598081905
8375,0.3597824727807939
8376,0.19943982785274716
8377,0.6317411406534736
8378,0.13659239826398417
8379,0.4364723184485
8380,0.44361000347322044
8381,0.6619482739164793
8382,0.5107461226650225
8383,0.9010409314829175
8384,0.8801904219117384
8385,0.015672732871070183
8386,0.4137723813163745
8387,0.22167402957788895
8388,0.7251412091830775
8389,0.26610626014423344
8390,0.19168923931944504
8391,0.8968610081784528
8392,0.6531001092033775
8393,0.5512911133525134
8394,0.3467307772564441
8395,0.09560484885556553
8396,0.435085226289737
8397,0.061696418434918465
8398,0.46200628282440703
8399,0.6652243007509808
8400,0.4486335836313189
8401,0.21649725596768898
8402,0.043256474051602156
8403,0.11135390366911757
8404,0.8798284082812371
8405,0.01620911426751026
8406,0.7947535306445132
8407,0.8511268376110381
8408,0.10286202007252243
8409,0.34016482540479476
8410,0.14771259507290135
8411,0.9237704692646721
8412,0.6065037362708923
8413,0.13053252205676102
8414,0.19618030732687264
8415,0.882013471128956
8416,0.824428812884682
8417,0.9435685357613385
8418,0.27361322855097503
8419,0.6609380820316243
8420,0.33325771310740915
8421,0.8107032915081209
8422,0.8688951324380633
8423,0.3567092414968748
8424,0.7327563215127464
8425,0.020031930048315716
8426,0.4134112104897808
8427,0.35317668263888524
8428,0.18962312386373714
8429,0.640885438942599
8430,0.955193090328228
8431,0.272832151480388
8432,0.8552262652015505
8433,0.1096931336010134
8434,0.00956831068290831
8435,0.36117435974459244
8436,0.8615304618747578
8437,0.7673486603282957
8438,0.056498118282536924
8439,0.4666468357532454
8440,0.44997981625025885
8441,0.8695261842556226
8442,0.5534272987831254
8443,0.5625382691189309
8444,0.40507490871693275
8445,0.5282878500644722
8446,0.5599412767797116
8447,0.4450291845194452
8448,0.5680880697329203
8449,0.11720017475444322
8450,0.29990283486498426
8451,0.30722235331253533
8452,0.1182138624404454
8453,0.8982112305071865
8454,0.8345233442272308
8455,0.34157895797610915
8456,0.09196875109714953
8457,0.5829701094636276
8458,0.3955748073563755
8459,0.7345985326221378
8460,0.9533323874318986
8461,0.6032793314454601
8462,0.2239934732562875
8463,0.6108582100501699
8464,0.19958515123279985
8465,0.3730345815894238
8466,0.9104074416224391
8467,0.9157178258378843
8468,0.31783551352906836
8469,0.05625211953147835
8470,0.6438595023742402
8471,0.510239163302204
8472,0.2330226112321463
8473,0.933277564338688
8474,0.18172744583823963
8475,0.3370301170981338
8476,0.520402992183284
8477,0.996540695052568
8478,0.5788818041464509
8479,0.8175831222729832
8480,0.39996414757902987
8481,0.5724117949767976
8482,0.17001296856612524
8483,0.947628611130211
8484,0.6743085512748308
8485,0.5197801996636456
8486,0.856100597422849
8487,0.3847121720037946
8488,0.7799414811140373
8489,0.5544856419500377
8490,0.6069551265900086
8491,0.3846124818741481
8492,0.2498753697660432
8493,0.893912625694283
8494,0.029429109503180784
8495,0.48104845757671033
8496,0.5242064377967076
8497,0.4591134902921544
8498,0.15553882728899127
8499,0.3381161801887025
8500,0.7035422297569645
8501,0.15477903438902219
8502,0.9149844915079529
8503,0.30675074019089177
8504,0.7988780060881501
8505,0.6683124001866895
8506,0.8047213911227459
8507,0.5605045255062695
8508,0.9844363977056483
8509,0.04254613813859198
8510,0.9821612033647088
8511,0.4215191499985662
8512,0.1585584616074287
8513,0.4428951230071111
8514,0.518537902277524
8515,0.6742596160128261
8516,0.7091545836151724
8517,0.3142475629083342
8518,0.9539226073782411
8519,0.04933713507221649
8520,0.5021615715465078
8521,0.8938502478891569
8522,0.24187406683092982
8523,0.44895188212504
8524,0.2565531279602191
8525,0.3677336015156413
8526,0.4517391418642921
8527,0.3833914506655032
8528,0.6111205772162395
8529,0.11092092112270002
8530,0.3592038931002861
8531,0.8150309547502018
8532,0.48276971696313953
8533,0.3466457552611919
8534,0.9266352573655117
8535,0.7148296309238413
8536,0.7685648880617064
8537,0.6717784972799459
8538,0.47309771443333637
8539,0.20678444986381084
8540,0.29682633724481144
8541,0.28659593504040515
8542,0.6674502127153936
8543,0.06922342172341589
8544,0.5281072139573383
8545,0.5443511959806429
8546,0.23099898132087004
8547,0.03162573166976579
8548,0.3586403622963701
8549,0.6967950085135469
8550,0.5362596016178937
8551,0.23747805668223665
8552,0.39687986052127244
8553,0.4184834694804931
8554,0.3680255721993885
8555,0.8534481916230952
8556,0.8609691011586658
8557,0.9029046460779471
8558,0.2412711990762174
8559,0.6020673822141984
8560,0.006788832918839138
8561,0.2509849523181499
8562,0.798629474579807
8563,0.3832771628836632
8564,0.6453178967473276
8565,0.3617807352176291
8566,0.30345208164113113
8567,0.16028248191718664
8568,0.41272110717629107
8569,0.015604268502722451
8570,0.36912948204248297
8571,0.6772137217563347
8572,0.11412542330862241
8573,0.5172579668915532
8574,0.5723009341066337
8575,0.6231221068782393
8576,0.21494817779247866
8577,0.708949208364606
8578,0.6626050023336116
8579,0.237529677524435
8580,0.055864259164045804
8581,0.8141978943108445
8582,0.05183506447438646
8583,0.7049334805608639
8584,0.6428820648160767
8585,0.29237094629663163
8586,0.5231809362536419
8587,0.22057981323175724
8588,0.3033864346098347
8589,0.2835441348909362
8590,0.07601149346422786
8591,0.879710443101976
8592,0.9318563870979114
8593,0.45546917654944585
8594,0.6937335642292486
8595,0.671204832018432
8596,0.9245187350268368
8597,0.960817619843812
8598,0.0072315410306074135
8599,0.9069715439469582
8600,0.10340689704278405
8601,0.640947138055431
8602,0.9255662221223985
8603,0.41358507339209427
8604,0.7263411716936599
8605,0.6338534998248679
8606,0.0971025108049105
8607,0.3629544343591973
8608,0.2364876270603108
8609,0.053787138685676306
8610,0.5683491902054112
8611,0.6612605008509065
8612,0.461492812102106
8613,0.18774540898306702
8614,0.6517397408207762
8615,0.1588115618312359
8616,0.043395926796198636
8617,0.2777675635575778
8618,0.8709488535425808
8619,0.06507523147909744
8620,0.114974703818159
8621,0.6374996837444694
8622,0.6895388051741268
8623,0.39470057987041984
8624,0.8667629508854484
8625,0.8500670833654849
8626,0.8157384387332559
8627,0.22837717783685973
8628,0.3583948073015282
8629,0.36637964686789004
8630,0.7558694866421938
8631,0.26174955593759774
8632,0.6261166187153727
8633,0.3481060835044364
8634,0.244369196249819
8635,0.6075440995347153
8636,0.9725853366201692
8637,0.5886615671766686
8638,0.1416023248563152
8639,0.25951023700857434
8640,0.5152974736445667
8641,0.7312682493559879
8642,0.6464716698836048
8643,0.04545487528319336
8644,0.14099599596392165
8645,0.7402131664961396
8646,0.9357481957911694
8647,0.5860959362170862
8648,0.8091990731729408
8649,0.38207324845718427
8650,0.43569779771760975
8651,0.5266639498240813
8652,0.5227435468346332
8653,0.38174288806307577
8654,0.49309130403674895
8655,0.7029458589579158
8656,0.2824269284103066
8657,0.22064283774815163
8658,0.5626706330955071
8659,0.5087287592577212
8660,0.8019341976331893
8661,0.1919152196622802
8662,0.15656209523721443
8663,0.6186371407439027
8664,0.37980657080630587
8665,0.07819574006463514
8666,0.7127564788621008
8667,0.5805644181989845
8668,0.8519367874551912
8669,0.15083405055231236
8670,0.12631937858344122
8671,0.6807970914998607
8672,0.6128006575379209
8673,0.4032438256571038
8674,0.5938502453704498
8675,0.4493437701567511
8676,0.23539653486512313
8677,0.21789634959411852
8678,0.9612544066979097
8679,0.6480672690081144
8680,0.3174824316251418
8681,0.7320933167171276
8682,0.054638854499993394
8683,0.6160493245969155
8684,0.24619491720978448
8685,0.41780072566289594
8686,0.7355075375520346
8687,0.24180273893230286
8688,0.7545192635573165
8689,0.5226073318476111
8690,0.6559908141285383
8691,0.48927098699867677
8692,0.19233743982652673
8693,0.7417154208696086
8694,0.9878381458681291
8695,0.6676708182183207
8696,0.6206318135395211
8697,0.5733773526791702
8698,0.28579799423733687
8699,0.6354562313758023
8700,0.9507165309145814
8701,0.9218626596749215
8702,0.28952641496611176
8703,0.41755943431705855
8704,0.8651560928397918
8705,0.6727777653913019
8706,0.09103129629974527
8707,0.7587192434791487
8708,0.09596552198797215
8709,0.7254638321353727
8710,0.33603761904670193
8711,0.3424811800121992
8712,0.3263737720920802
8713,0.5766279966973936
8714,0.8826998399125954
8715,0.16261358472559084
8716,0.7133395424847548
8717,0.5678032021863638
8718,0.3545270006569067
8719,0.5956432032560719
8720,0.45776944696731714
8721,0.00890754955084061
8722,0.42811537353343077
8723,0.6359270795740543
8724,0.2622978896682082
8725,0.9958553190517286
8726,0.7437385718337485
8727,0.15643239818646115
8728,0.6794273948280449
8729,0.527947652712755
8730,0.7437986896796231
8731,0.05810739182741875
8732,0.23979552951555716
8733,0.40467168792806973
8734,0.06378510997594
8735,0.6560328740345994
8736,0.15478049455732124
8737,0.26914172896832156
8738,0.41065186301928935
8739,0.9390931587275974
8740,0.9420544485277406
8741,0.22927264688077653
8742,0.23342511932004995
8743,0.7938513493924757
8744,0.12435971844429106
8745,0.9398995836529924
8746,0.8638547191881
8747,0.8441613692015362
8748,0.7918786008358438
8749,0.9642611947681704
8750,0.11736694251758739
8751,0.7002579001155095
8752,0.49308557999749536
8753,0.6943325551610561
8754,0.6242263004928452
8755,0.1220728163768503
8756,0.7894472038275593
8757,0.7434185444459842
8758,0.7648188710305054
8759,0.7401749157376779
8760,0.9605256871899519
8761,0.002011499553696394
8762,0.9618433044155372
8763,0.6853097851228619
8764,0.25197125894976546
8765,0.5243023467610717
8766,0.4362316018222473
8767,0.2571365355474474
8768,0.4560481585352699
8769,0.848708750235324
8770,0.4800493279162219
8771,0.9927889618912407
8772,0.757569134035805
8773,0.4237692656035408
8774,0.8154376187451781
8775,0.4008518864144358
8776,0.4957110334392163
8777,0.1840544984132939
8778,0.0373557829140454
8779,0.9551749952301127
8780,0.003408600028061426
8781,0.12560772972598722
8782,0.4432476757622724
8783,0.30435354049959074
8784,0.7517403470725254
8785,0.40662671893167
8786,0.8165672556754947
8787,0.005696947155564347
8788,0.1726141652996086
8789,0.12112140494694401
8790,0.23682831762595768
8791,0.8883395131979799
8792,0.029926323696966683
8793,0.6958931057523693
8794,0.8543430910423356
8795,0.4112164824184763
8796,0.3554990359924819
8797,0.8136719631686979
8798,0.8244107403264619
8799,0.5370364978809807
8800,0.7942842495671298
8801,0.11256323258260681
8802,0.5764503521369821
8803,0.9408488948521075
8804,0.6025768916471724
8805,0.4633275091769161
8806,0.5227809995046605
8807,0.14742256622362693
8808,0.18526408987620424
8809,0.7432046415510962
8810,0.6836138029723591
8811,0.5071792898783022
8812,0.7025183171017484
8813,0.7307785399921469
8814,0.4279904393513291
8815,0.9754389383770032
8816,0.35672172607721664
8817,0.6984191001028786
8818,0.11892201362793131
8819,0.7835947182286016
8820,0.79284949437743
8821,0.8883521053797011
8822,0.4905735887761602
8823,0.4062190226409771
8824,0.37417258788803887
8825,0.6423584286851497
8826,0.17469101772116347
8827,0.19127868393585312
8828,0.008317303980130974
8829,0.8253048195102044
8830,0.031301852490545734
8831,0.21035528462295772
8832,0.6528684795962512
8833,0.7788409758578115
8834,0.44607074490002663
8835,0.5897131925325753
8836,0.5709845670295474
8837,0.6191873898305966
8838,0.25530492089284906
8839,0.03522877989667372
8840,0.8867203664745613
8841,0.473300385272733
8842,0.1853725055152151
8843,0.9099275413948357
8844,0.4464938447074648
8845,0.24203573017543423
8846,0.33346038869274197
8847,0.6167686598693881
8848,0.40244201193281504
8849,0.7551715738919531
8850,0.4527756734006233
8851,0.49990892176764723
8852,0.7081414488140321
8853,0.6977037063066934
8854,0.25456087879822475
8855,0.5177669244008005
8856,0.13056523982625412
8857,0.3775866135311208
8858,0.9844266627842951
8859,0.683068444554075
8860,0.7568103416637175
8861,0.960922897305672
8862,0.23996537148757546
8863,0.36431675201734237
8864,0.28253770614265494
8865,0.23275850682610733
8866,0.6827452498214746
8867,0.6625219408044568
8868,0.31107834198894146
8869,0.22060622953468834
8870,0.23360739425542287
8871,0.2268979021988321
8872,0.9691107364406683
8873,0.05919988404986998
8874,0.047100527644557966
8875,0.0553906470929999
8876,0.049472678286986094
8877,0.9035731875161718
8878,0.6772123421590864
8879,0.42607186240018247
8880,0.6915052584350712
8881,0.10059652726925694
8882,0.17350895010290857
8883,0.3804520281781345
8884,0.11070741783347371
8885,0.17606539353282147
8886,0.9918907206821086
8887,0.2717215998938417
8888,0.3525193908596246
8889,0.4034949235695381
8890,0.2959527818096517
8891,0.9941183643052441
8892,0.27296089058830164
8893,0.10159002531102523
8894,0.5549866296714069
8895,0.44647030194252446
8896,0.32294892192433333
8897,0.4776887802192912
8898,0.6379197890315221
8899,0.41113945645924943
8900,0.5472471759085736
8901,0.15922621222752364
8902,0.4407902257069385
8903,0.5096439578427838
8904,0.2856892100207824
8905,0.7110208479888463
8906,0.8039582925242592
8907,0.13185179808785252
8908,0.26462240035789675
8909,0.41591003658664827
8910,0.48380339758997637
8911,0.8265589947119153
8912,0.7308568458808516
8913,0.8645627240664637
8914,0.5143201541494813
8915,0.8504796436896916
8916,0.9522519661080991
8917,0.8815637035757823
8918,0.2731338674666616
8919,0.6265050655627323
8920,0.954720919462791
8921,0.5292515423006936
8922,0.8859633270242863
8923,0.3560479134672475
8924,0.7607253509886516
8925,0.801195990701849
8926,0.38194955498139216
8927,0.7479227742271721
8928,0.9019662717661806
8929,0.5080950884208163
8930,0.11229360557170687
8931,0.38979267597440204
8932,0.9838650257898096
8933,0.07267452119916407
8934,0.6735687971801857
8935,0.8399883356352709
8936,0.09300201171166267
8937,0.21842123664530733
8938,0.9920112111470006
8939,0.4577173798056111
8940,0.30025570593629436
8941,0.47823386489802644
8942,0.4302625861970881
8943,0.347214803394557
8944,0.22017713097495584
8945,0.6929847631581457
8946,0.21221487839653974
8947,0.9756593608040472
8948,0.2572471555105008
8949,0.2790812993092959
8950,0.9567874504177413
8951,0.914733365701666
8952,0.9691648371119101
8953,0.4816887311785987
8954,0.2643391943800135
8955,0.6694241272915212
8956,0.4222159608496223
8957,0.38435062757866345
8958,0.652017698231353
8959,0.10943878535461071
8960,0.6963255878529065
8961,0.5257671785828648
8962,0.8782088258630769
8963,0.39138018147594356
8964,0.7691259443147903
8965,0.7168529665244492
8966,0.2811508862810239
8967,0.6922064491298647
8968,0.4957642913957713
8969,0.8362253556821756
8970,0.6777943874004341
8971,0.518653593653372
8972,0.07345391155922865
8973,0.15057417602359224
8974,0.8140447879849094
8975,0.6482639368229165
8976,0.4566881922830829
8977,0.8778853024202968
8978,0.6266233952831992
8979,0.5436093289461312
8980,0.7015699288975322
8981,0.009571785944264999
8982,0.7964398249372429
8983,0.1544052689602189
8984,0.8848896060996423
8985,0.28228436492180053
8986,0.9649022599859728
8987,0.8197828641052266
8988,0.9723559183417972
8989,0.7614351651825421
8990,0.7769784709490574
8991,0.06275387789222786
8992,0.8621783331649889
8993,0.0434983529457218
8994,0.9005707686451369
8995,0.6441420351387702
8996,0.6599061259606973
8997,0.21044810379678636
8998,0.40922861053431225
8999,0.8949987463774683
9000,0.8587622693661832
9001,0.2286239988099844
9002,0.6480901475907578
9003,0.09677639218510792
9004,0.4742202320717057
9005,0.8745681831625896
9006,0.859879847649938
9007,0.2773784898961865
9008,0.2783969840794005
9009,0.06437713511694854
9010,0.36833311424343107
9011,0.8357520998038958
9012,0.05993332540820284
9013,0.4234158665154959
9014,0.997594832684038
9015,0.9469206174101354
9016,0.9019728320275863
9017,0.16198756872472797
9018,0.9128546634874736
9019,0.2502600568061605
9020,0.011705855766153017
9021,0.15721455462251077
9022,0.159789122771971
9023,0.432896384057902
9024,0.5466753448220258
9025,0.6080662882500042
9026,0.4328461962827609
9027,0.4013326639130065
9028,0.18159462855898945
9029,0.021587124803051694
9030,0.0747825668355191
9031,0.7089498056186012
9032,0.2884603991842365
9033,0.49230455749973556
9034,0.8260014287187883
9035,0.4061692883823438
9036,0.47326866197155004
9037,0.507479660936549
9038,0.4960021720300519
9039,0.40679847280281123
9040,0.21971818312614633
9041,0.848682155202173
9042,0.6364127124456767
9043,0.05363531885072503
9044,0.23313923558540584
9045,0.5992110496891137
9046,0.5437261199183929
9047,0.382953137424365
9048,0.2122844176873726
9049,0.9416566785337313
9050,0.720850747458851
9051,0.16960917307974388
9052,0.7300256126505484
9053,0.624309934661442
9054,0.9834024136423241
9055,0.607710125464767
9056,0.6113111834601495
9057,0.4596498626756437
9058,0.6949965583140413
9059,0.1404917222050308
9060,0.8385313791321626
9061,0.4021364068808275
9062,0.9540240003250156
9063,0.9041898462962037
9064,0.913348124018663
9065,0.12275424142517044
9066,0.42677449175263815
9067,0.37875100508585846
9068,0.25261032293763674
9069,0.01323512826394857
9070,0.36615244006240666
9071,0.7984417747645419
9072,0.313856153818603
9073,0.07136510463235157
9074,0.354146061102492
9075,0.603944605803001
9076,0.11879989957574133
9077,0.9755405495557474
9078,0.7325579694777604
9079,0.5080037872283929
9080,0.4324873571724598
9081,0.41903603626453056
9082,0.5601570453854031
9083,0.07875025479027942
9084,0.6509054424283953
9085,0.3660239337387168
9086,0.20177577966043414
9087,0.31883597731886026
9088,0.5838460745038201
9089,0.07880479943277385
9090,0.6631087072132524
9091,0.32826997299648
9092,0.1993699533567177
9093,0.9073274245172226
9094,0.21508438378380912
9095,0.7107325298566531
9096,0.22279806232649157
9097,0.10139387886409978
9098,0.8431056749446515
9099,0.031058901529213312
9100,0.6233531315367576
9101,0.23930883951012327
9102,0.09330123259042711
9103,0.8782846515462396
9104,0.6486158709050364
9105,0.6230526982362772
9106,0.8023820539402805
9107,0.6147619681306833
9108,0.06731103719602682
9109,0.4345622416142685
9110,0.9992628830066469
9111,0.8624968819493304
9112,0.05650438640999289
9113,0.8056925330884316
9114,0.9020508616563334
9115,0.10720698157793229
9116,0.5400562160812639
9117,0.06735402816884528
9118,0.18186203990635985
9119,0.1145159501223394
9120,0.3245241662754026
9121,0.17060957872036486
9122,0.22776472350424648
9123,0.9561488851188559
9124,0.06905853050736988
9125,0.2549610515020668
9126,0.4672547357910637
9127,0.46399771801228207
9128,0.834092944084568
9129,0.8364496716554722
9130,0.6962263666168467
9131,0.5108628636047862
9132,0.8590086406820561
9133,0.7127147764438804
9134,0.36436536913887396
9135,0.09123521245357458
9136,0.5646669417334194
9137,0.6830625372965062
9138,0.6492894114567611
9139,0.146854427965747
9140,0.6882368714051522
9141,0.33364613867579296
9142,0.12466169399391025
9143,0.5227873473630449
9144,0.097127045715248
9145,0.5004351589817084
9146,0.5019934266670857
9147,0.3463078992848151
9148,0.7244198627617514
9149,0.639874852623445
9150,0.6340554316228999
9151,0.632124891001031
9152,0.3860901186825486
9153,0.4368921818291811
9154,0.7935744087720975
9155,0.7360483916455467
9156,0.20792655443554597
9157,0.22013607836248483
9158,0.40511892185425424
9159,0.12602489395698002
9160,0.9570196619712369
9161,0.2383118667317542
9162,0.30592495907717965
9163,0.913290672386467
9164,0.44399473476273676
9165,0.5190260097720939
9166,0.9828068471877973
9167,0.164964221716432
9168,0.9283535358860399
9169,0.921156396387277
9170,0.8931556097768112
9171,0.9945401463561083
9172,0.19966418695096144
9173,0.10584312652416283
9174,0.4578686215919239
9175,0.6093493909409797
9176,0.7451725081155386
9177,0.980569393298235
9178,0.4138394421628354
9179,0.8544767349688772
9180,0.7367461869785169
9181,0.33473244349686426
9182,0.7269198948881291
9183,0.3334211536956895
9184,0.6487401298952438
9185,0.3647136350138903
9186,0.607470544202842
9187,0.11050432890508044
9188,0.7449068946884758
9189,0.13677645600342936
9190,0.8391193068266063
9191,0.1032497840904002
9192,0.43562184248701774
9193,0.24434427554640825
9194,0.9566233488287833
9195,0.46379965521632927
9196,0.9214508402860673
9197,0.5183384191605349
9198,0.5685974830544533
9199,0.41768312596046786
9200,0.4335380389655996
9201,0.852596341531838
9202,0.6573573073838432
9203,0.5514654102421808
9204,0.4987289704802721
9205,0.5965248319930005
9206,0.16825560474179357
9207,0.12318392696570901
9208,0.5186470790355698
9209,0.11073417230728688
9210,0.7444298829295473
9211,0.08278516232798439
9212,0.7091205175124345
9213,0.20281876604400295
9214,0.5135736972316118
9215,0.24735102636284578
9216,0.807851582416351
9217,0.7819534529689505
9218,0.26392739307983804
9219,0.125385285391463
9220,0.028843342749695133
9221,0.7621514447258185
9222,0.6261412063079492
9223,0.950197688600611
9224,0.8531304145979902
9225,0.17762345273283575
9226,0.04174894438361454
9227,0.884730503122689
9228,0.06866764174609508
9229,0.27066564588880737
9230,0.7768258162907574
9231,0.4599292224104643
9232,0.28868285314883313
9233,0.7466358375140629
9234,0.5407957577060417
9235,0.04095256180344764
9236,0.5602530967594473
9237,0.870858991535638
9238,0.5187246561275075
9239,0.363303907656215
9240,0.007067962056151678
9241,0.7125778021006409
9242,0.7910584998636881
9243,0.38051970046899697
9244,0.015858047455256874
9245,0.9457980719139351
9246,0.3711806233470807
9247,0.9132161943899494
9248,0.61320606676625
9249,0.06930869089956038
9250,0.49546661164948
9251,0.27927717141209096
9252,0.3206917441200907
9253,0.3295929969873852
9254,0.6787418318360123
9255,0.013667016038282687
9256,0.18444441285437962
9257,0.5567615750872682
9258,0.18923179738358809
9259,0.869529994893958
9260,0.4016635860850778
9261,0.8531187730151706
9262,0.8390558035060133
9263,0.8186782589965643
9264,0.7386570966562925
9265,0.49544792509757263
9266,0.9415759422754963
9267,0.4298390055319403
9268,0.6955074820009449
9269,0.7813427802307557
9270,0.9082358240798738
9271,0.45686739995969206
9272,0.19816936296953802
9273,0.17167317121564873
9274,0.9502938834344745
9275,0.3259505421443142
9276,0.19376241803051386
9277,0.701616180444415
9278,0.6805673171815482
9279,0.690910525954664
9280,0.6946082992572734
9281,0.7671845902475928
9282,0.8321062357262325
9283,0.21350084509059053
9284,0.4944176738793895
9285,0.8030247981930099
9286,0.48867564674558195
9287,0.4696451302201945
9288,0.19033237797233504
9289,0.22832390208963338
9290,0.9685021254164556
9291,0.27077606416646527
9292,0.7437301872819376
9293,0.43610722889429054
9294,0.33895176826326356
9295,0.4800758688553499
9296,0.7064355292683817
9297,0.7562063057431629
9298,0.8008219518981932
9299,0.6451572074098971
9300,0.08276969803848366
9301,0.01847757096046021
9302,0.718816719659532
9303,0.2134266103311694
9304,0.43530053093699983
9305,0.10805344675842632
9306,0.6149995727819662
9307,0.639190859337025
9308,0.9892181444723831
9309,0.1733382126660966
9310,0.6235313347274095
9311,0.6704256915288757
9312,0.7653601276696331
9313,0.2747557748477448
9314,0.7360105673102773
9315,0.3911861253404245
9316,0.09953716472999419
9317,0.2950060646694763
9318,0.5013636551789966
9319,0.45742331091679744
9320,0.533580166935346
9321,0.6796573857420765
9322,0.2680484056733371
9323,0.38571467384260216
9324,0.4518003070705121
9325,0.9899693489029061
9326,0.21600060549266986
9327,0.48068334578952443
9328,0.5890734101554773
9329,0.6341289136900019
9330,0.2704757711730579
9331,0.5459984161983453
9332,0.39991123318390787
9333,0.9322281137634536
9334,0.42865193133390833
9335,0.5626268827875577
9336,0.34349239388793984
9337,0.2536721314011594
9338,0.8768182301988625
9339,0.8921553673664379
9340,0.9790679045217199
9341,0.4221075482397201
9342,0.02692371983407671
9343,0.5534642062211556
9344,0.048169835861920696
9345,0.02456157676042836
9346,0.37022502162741944
9347,0.10023007155730723
9348,0.3356181200059143
9349,0.3259946954751427
9350,0.8055442744781819
9351,0.8683593244490951
9352,0.43274052334387514
9353,0.05515927160987533
9354,0.14481625095256556
9355,0.647617942119246
9356,0.3995233177548414
9357,0.40413718589579806
9358,0.7513956217213561
9359,0.7329769439117354
9360,0.3755743006151706
9361,0.576911686266283
9362,0.08125552981911133
9363,0.6605771630753497
9364,0.7029675363445754
9365,0.44879732943934836
9366,0.11020080050776826
9367,0.4650666127912927
9368,0.18848727279912347
9369,0.4828082622208142
9370,0.6690660395237155
9371,0.7248950641466891
9372,0.8325313100992824
9373,0.8785807327415082
9374,0.44591056207033797
9375,0.4429812155284162
9376,0.16222343107681636
9377,0.6299069593958512
9378,0.8943729629007181
9379,0.4785878440525795
9380,0.2867869236552375
9381,0.47330293797409084
9382,0.7865114738154093
9383,0.5941998535756917
9384,0.5691920557846686
9385,0.46878834151197646
9386,0.7785703035847922
9387,0.2350000869418798
9388,0.033248532880940984
9389,0.8573406031331007
9390,0.9402224342590491
9391,0.62587475979327
9392,0.9365639077006542
9393,0.30937147718831726
9394,0.023747882861373304
9395,0.7207505204165241
9396,0.4535911827574739
9397,0.00941210839664175
9398,0.852786572779846
9399,0.21233592850092742
9400,0.389786031391987
9401,0.411686438651108
9402,0.27235720315050327
9403,0.06352228699006646
9404,0.2293703829474606
9405,0.26203918124671344
9406,0.8319055879887092
9407,0.8088699656307069
9408,0.42612110370222456
9409,0.1857447118346287
9410,0.2120352425776748
9411,0.6359258530526366
9412,0.1644030080757234
9413,0.920281057177197
9414,0.17681577386258374
9415,0.5285105175341293
9416,0.5224037367203329
9417,0.4758451108491678
9418,0.8990068963783518
9419,0.5634902217976269
9420,0.35958534168378564
9421,0.5239348373609681
9422,0.6994253707400168
9423,0.12613552848602982
9424,0.4326963194838367
9425,0.49207689547316513
9426,0.9879066351892432
9427,0.1605052658864139
9428,0.253423332093589
9429,0.07047673339431904
9430,0.6761502408216424
9431,0.1565331690572982
9432,0.7097759066680617
9433,0.8006502206446555
9434,0.7923104982886331
9435,0.6469141147681295
9436,0.33608901843774897
9437,0.9225091072433191
9438,0.5520542229863168
9439,0.2335224020113128
9440,0.7798879232327447
9441,0.07266905798724144
9442,0.6774974069349868
9443,0.761419219985032
9444,0.37023156060521833
9445,0.8118618689047357
9446,0.4335338034626127
9447,0.4809723907266066
9448,0.5274500048936911
9449,0.5985061639946184
9450,0.8572707963282012
9451,0.19150713324709345
9452,0.9454494174308702
9453,0.621406984657958
9454,0.08562240017908906
9455,0.7414570478196063
9456,0.3546138138126579
9457,0.5940824748275803
9458,0.3220113134585002
9459,0.14032749200813832
9460,0.6990146159099252
9461,0.09128590643934964
9462,0.44977304225179393
9463,0.792178940141927
9464,0.09924464227388485
9465,0.7693295043841418
9466,0.7833716472030047
9467,0.9364846512468201
9468,0.8638126567276394
9469,0.8511911702729941
9470,0.46502376158832004
9471,0.4494806789463236
9472,0.4476251301003644
9473,0.13492039058583127
9474,0.8664273431424366
9475,0.4178899508235281
9476,0.6003413170225772
9477,0.2145506814367728
9478,0.6715055964495614
9479,0.20612488835988074
9480,0.8726480857861476
9481,0.11996505537339008
9482,0.05351755983641138
9483,0.31130672533862525
9484,0.6384679975699059
9485,0.8994542661043596
9486,0.24548688524118967
9487,0.30754203973105254
9488,0.7503496112190864
9489,0.9218394490121111
9490,0.8612061273702408
9491,0.8482200581904902
9492,0.41301486908210205
9493,0.3043187380415001
9494,0.7061556788788833
9495,0.42381790818924614
9496,0.6635880714427258
9497,0.5592871342277526
9498,0.8240010936447599
9499,0.7429878563855459
9500,0.39569154834634557
9501,0.7057542367519346
9502,0.15078129747499336
9503,0.1792022091570069
9504,0.18551759469907647
9505,0.13530236386471828
9506,0.6698022378527655
9507,0.4922121803614621
9508,0.32482566242202826
9509,0.22535278797792657
9510,0.898761431072371
9511,0.9278728995859452
9512,0.5222615251885673
9513,0.7003187648490845
9514,0.2102941422535629
9515,0.24747151297033754
9516,0.693903831451802
9517,0.004971648123765493
9518,0.43584159432258407
9519,0.6550973089993517
9520,0.9451340044443768
9521,0.6104580654769103
9522,0.4852711954488401
9523,0.30164658409100853
9524,0.3991198925806859
9525,0.835935792437305
9526,0.359236920840576
9527,0.6510418639175141
9528,0.12397986679372852
9529,0.9087204675722659
9530,0.5480011430944725
9531,0.5761266828478292
9532,0.7739860206585281
9533,0.009791607998527074
9534,0.7672976566611995
9535,0.9879311636183787
9536,0.3745624462912288
9537,0.38461248835472517
9538,0.18129230248453487
9539,0.7282966772702738
9540,0.9814578988696568
9541,0.04533568978621638
9542,0.6378296578671578
9543,0.2005293671748961
9544,0.809823926370823
9545,0.05546117630403313
9546,0.3110416240865863
9547,0.3623900459132007
9548,0.5245909658070649
9549,0.30186945959962985
9550,0.7549927773461725
9551,0.5867310013287403
9552,0.24642637024252223
9553,0.6101359585563805
9554,0.4167406304165481
9555,0.02059152458249658
9556,0.26706991802365565
9557,0.5894066791565234
9558,0.4397949782963423
9559,0.28568588781002713
9560,0.10049651082741762
9561,0.736063728977971
9562,0.24822505298597364
9563,0.007017532697843332
9564,0.06127506386137471
9565,0.3359824402210225
9566,0.6801939659863193
9567,0.9808272590952033
9568,0.578330597150054
9569,0.9288702052037706
9570,0.14415429897036203
9571,0.2843062721828177
9572,0.8190453715742534
9573,0.26500551541894246
9574,0.055835761829083785
9575,0.333203417841331
9576,0.15134147189489866
9577,0.8305379358504945
9578,0.22361169173329198
9579,0.07500703527598618
9580,0.49837413672775155
9581,0.30212389726229705
9582,0.2795981696905223
9583,0.8646587460845884
9584,0.3505913907146121
9585,0.6230975923594549
9586,0.12798086746398818
9587,0.9883411812307131
9588,0.48511858436720867
9589,0.39352349854559276
9590,0.7108693527367136
9591,0.15182889149917178
9592,0.3181755075481546
9593,0.59756704871088
9594,0.8478109702686512
9595,0.9357983855379974
9596,0.8200948340247881
9597,0.34470469815486315
9598,0.8794808206308229
9599,0.6799337262351295
9600,0.5681201252375271
9601,0.8814141433245447
9602,0.6449800072297417
9603,0.8203472484287199
9604,0.02499406132633908
9605,0.16083179217657728
9606,0.14127880305417506
9607,0.7365212708954307
9608,0.965223964449244
9609,0.6446394347181627
9610,0.9605961959063329
9611,0.12329142395074622
9612,0.05136952961150609
9613,0.8407787037919295
9614,0.4560460884703247
9615,0.6036147205770399
9616,0.8242182345434187
9617,0.23801078246360252
9618,0.14013018344688666
9619,0.2936344516905175
9620,0.40740732969829774
9621,0.9641358464932751
9622,0.7771134034374488
9623,0.321477811123987
9624,0.9342383926801587
9625,0.13250431858914857
9626,0.5406145496780768
9627,0.4348753039642206
9628,0.4093913830613607
9629,0.06172818870967256
9630,0.00267351929843751
9631,0.06877543006569509
9632,0.2502306941005712
9633,0.7864615880915191
9634,0.2879729137764325
9635,0.600286143156043
9636,0.936744074133437
9637,0.8064073250879353
9638,0.13745499956167162
9639,0.7533621608732569
9640,0.8357301131368572
9641,0.06214770406019676
9642,0.17831432472500408
9643,0.3069622052890896
9644,0.8063219793609719
9645,0.42390030820227964
9646,0.9212350900031205
9647,0.6197909693407528
9648,0.6208659706183152
9649,0.9896183304149319
9650,0.4194577132249867
9651,0.37879096970613146
9652,0.6521049711055713
9653,0.08382015252019293
9654,0.9648892508006353
9655,0.25714433217713106
9656,0.9024427816829701
9657,0.5163923269587016
9658,0.6239736855742535
9659,0.5206924324832054
9660,0.26668367265304105
9661,0.89368727962728
9662,0.7055216268149995
9663,0.9654573092703527
9664,0.10085986740556985
9665,0.7124008346484598
9666,0.23285202502346836
9667,0.7989710561046279
9668,0.4444329776123861
9669,0.3007528168698016
9670,0.37229898494052416
9671,0.6249751479014904
9672,0.837311655245667
9673,0.2794114165058661
9674,0.20533201361174191
9675,0.34893990594404967
9676,0.6497889874312525
9677,0.7738083969687661
9678,0.323401718271651
9679,0.9426293588972453
9680,0.4447529961897042
9681,0.11648011510358991
9682,0.8958252745194967
9683,0.04075844933941741
9684,0.8721732842255636
9685,0.41355475750214665
9686,0.6957754565809929
9687,0.21536272936693368
9688,0.34265751412296286
9689,0.21372601603258334
9690,0.04516506954174748
9691,0.12560955096274729
9692,0.92440697726239
9693,0.11491565483548227
9694,0.6152650933165363
9695,0.49851635386033377
9696,0.28741572097880896
9697,0.7250865700987388
9698,0.5978196530952934
9699,0.8270295466749757
9700,0.8983904792121536
9701,0.09410499281197382
9702,0.5799389683944935
9703,0.41944660648585996
9704,0.14358219554812324
9705,0.3109419994348258
9706,0.14124002582305628
9707,0.14410059468140501
9708,0.23013016080389337
9709,0.7295463362638505
9710,0.378716089864124
9711,0.789240956555605
9712,0.028976262912057127
9713,0.5622547708506259
9714,0.11264765725871817
9715,0.275225058147303
9716,0.6570221292043876
9717,0.21646931912009248
9718,0.6287933564047486
9719,0.38781124344824025
9720,0.6290588523889198
9721,0.4346375031791291
9722,0.45152723716016196
9723,0.2981337829431243
9724,0.023161054359950084
9725,0.8555612095529623
9726,0.6718332343135552
9727,0.97644073544479
9728,0.12923993126499278
9729,0.2133710985178281
9730,0.6914591577445778
9731,0.27354255692520246
9732,0.6084001994663756
9733,0.1256547456539603
9734,0.573319270602482
9735,0.09798198025937088
9736,0.3057115693252752
9737,0.1341169979645992
9738,0.890418002414048
9739,0.016617403328418878
9740,0.5083544385452943
9741,0.27172872912342616
9742,0.12879703201427883
9743,0.2947653593792683
9744,0.025255426483025145
9745,0.08065802311079229
9746,0.7840370004857584
9747,0.5221164066698872
9748,0.5509549651078463
9749,0.5327741348720805
9750,0.16544575742850354
9751,0.5707074381464661
9752,0.6415289231987951
9753,0.7199057915064964
9754,0.30765265201156733
9755,0.6774771850435463
9756,0.19931162567135896
9757,0.8967361684430987
9758,0.0829512372969351
9759,0.3825327434644856
9760,0.9792150478143613
9761,0.09911815402552882
9762,0.485107847621821
9763,0.5042055402280708
9764,0.2019237690697453
9765,0.8000889340553233
9766,0.9273331444782242
9767,0.677824052837209
9768,0.744111029251607
9769,0.7672874356376904
9770,0.9529504516250102
9771,0.01278397422807842
9772,0.02831455153147866
9773,0.278617807528697
9774,0.6857736936509554
9775,0.05061075978795282
9776,0.5562657026543049
9777,0.4991101382363532
9778,0.6387813135506678
9779,0.4947056006388091
9780,0.5840702632763848
9781,0.3723398312944768
9782,0.9131960054677106
9783,0.4521994418792389
9784,0.7858242471970742
9785,0.7911932614349786
9786,0.8035800718263663
9787,0.9625256199267452
9788,0.6851036510689625
9789,0.5299893128744396
9790,0.9639181530085537
9791,0.8776270631741765
9792,0.11534375019362286
9793,0.26312867830594866
9794,0.7969100162169074
9795,0.22009333242482665
9796,0.17153532057832732
9797,0.1631769249048447
9798,0.2048038776507194
9799,0.8913438135663228
9800,0.7661732037193354
9801,0.6758132664495295
9802,0.7816415263776397
9803,0.33944342944542405
9804,0.9813898040176755
9805,0.4303720233574958
9806,0.1681157925882384
9807,0.7505217871820585
9808,0.3419691971671007
9809,0.12339571643902114
9810,0.08903921923571312
9811,0.46588077275565387
9812,0.9450422803107635
9813,0.3059345924560155
9814,0.3009328538221675
9815,0.8104898052405373
9816,0.6107837022387251
9817,0.36724773650095444
9818,0.5687900707909306
9819,0.27616292696099043
9820,0.48936834398230766
9821,0.11299294132753612
9822,0.48182650309961395
9823,0.5848127269068522
9824,0.7703885252883326
9825,0.042271905413241995
9826,0.9668985470840846
9827,0.01652102721702775
9828,0.8445799456943975
9829,0.387595257041513
9830,0.8197544466082015
9831,0.15668161435245398
9832,0.8845148137139509
9833,0.4253731990941706
9834,0.20241788680947892
9835,0.6240245110500507
9836,0.9954759491955267
9837,0.5180325808038552
9838,0.5000226225255231
9839,0.21038265465317874
9840,0.5618501920017035
9841,0.47239473882531147
9842,0.7306848332277507
9843,0.13014519094774235
9844,0.32141930423872045
9845,0.4580965833966413
9846,0.7759269004668727
9847,0.5799379149797658
9848,0.25537979258390964
9849,0.787119878731472
9850,0.43621182639954936
9851,0.2518659307562924
9852,0.3201116263510688
9853,0.41794728360223443
9854,0.8969596367453153
9855,0.8663265336095693
9856,0.8873468680735388
9857,0.9739993073252241
9858,0.8071599513116728
9859,0.7237203402584729
9860,0.879593581746601
9861,0.8597538086767349
9862,0.4188653767791479
9863,0.8546056452541221
9864,0.5670485738670803
9865,0.8201155249164234
9866,0.85248818664191
9867,0.7325100583230711
9868,0.8897427085615285
9869,0.9572870807388215
9870,0.8757921909079547
9871,0.9922190557897823
9872,0.30066661510637627
9873,0.5360157498448594
9874,0.3874131842078262
9875,0.9576723828669665
9876,0.35289534443777426
9877,0.4583122841649476
9878,0.6486881170820635
9879,0.309456455176641
9880,0.9932403258151593
9881,0.5977480704124742
9882,0.4600467612387388
9883,0.6021156544640374
9884,0.8120349243211649
9885,0.048695339447601405
9886,0.7896827621453532
9887,0.4100547348571436
9888,0.913061073197965
9889,0.4244327951880694
9890,0.7115171649920845
9891,0.30228994373140616
9892,0.23395740463388393
9893,0.3591587244139127
9894,0.9372935225578374
9895,0.002570280317892748
9896,0.1978268892017636
9897,0.5223253618772835
9898,0.36881749762626626
9899,0.004480685967813813
9900,0.49088027909267185
9901,0.5265624984540442
9902,0.5048293810039683
9903,0.30633545620903846
9904,0.31614845831573934
9905,0.28785837009069826
9906,0.9141728909910074
9907,0.4735532300951102
9908,0.21975899147510558
9909,0.045885710812111236
9910,0.9858708297848006
9911,0.5062984075974643
9912,0.976501330615808
9913,0.31199130011874254
9914,0.04433896758076661
9915,0.09636618408008568
9916,0.00975080318433108
9917,0.8099965941518694
9918,0.14139155905835354
9919,0.49998248702609005
9920,0.24273993874773436
9921,0.5865652468251177
9922,0.2100004466653086
9923,0.36675923558954737
9924,0.3336261992761327
9925,0.004870832763701816
9926,0.49805595909945677
9927,0.1965999991835642
9928,0.017501224391651582
9929,0.4691329489789604
9930,0.6545325370774111
9931,0.41647054136594686
9932,0.809018454109076
9933,0.07310007693120135
9934,0.7135691844901083
9935,0.7329725146229784
9936,0.7128805817980125
9937,0.1014024905694415
9938,0.7124126885512043
9939,0.8063648607294744
9940,0.9789032471869474
9941,0.959963508044277
9942,0.5131248908593539
9943,0.09862860080675262
9944,0.4400795879280037
9945,0.21191529611630244
9946,0.2309474876642823
9947,0.5494749632081475
9948,0.8746223141467452
9949,0.6772220886504603
9950,0.011632547831101236
9951,0.3868996819042563
9952,0.6138823342592322
9953,0.3028714080834821
9954,0.026640449534864996
9955,0.08429821642114432
9956,0.19115812629214202
9957,0.4820295126091948
9958,0.8790490686188005
9959,0.8022826005732009
9960,0.25244137425101354
9961,0.24783659692536752
9962,0.10633452495513818
9963,0.04608654284303848
9964,0.3986501559492486
9965,0.4961782715101738
9966,0.9262398446299006
9967,0.05364242686334386
9968,0.8890860674828149
9969,0.7011913210179621
9970,0.6401961659964239
9971,0.8672984725696202
9972,0.04679570067893757
9973,0.4276762085589346
9974,0.5951697113592381
9975,0.2874516393851244
9976,0.9620919457958137
9977,0.6582858021030981
9978,0.36139234824685706
9979,0.23931587675667954
9980,0.40812020786781067
9981,0.2129056310742502
9982,0.14032637159990902
9983,0.8262490010311014
9984,0.9420615796513393
9985,0.2819159329130413
9986,0.9133256081710757
9987,0.15276053819540036
9988,0.012371730860482488
9989,0.48118919900283363
9990,0.8580424570178666
9991,0.42899364988157784
9992,0.33399201933427725
9993,0.5717117150410372
9994,0.8337112474825455
9995,0.18845798025838845
9996,0.32751376696907386
9997,0.5904207848226848
9998,0.6153386999082022
9999,0.19962496797978813
10000,0.7104820376073607
