,0
0,0.49895151574358865
1,0.5035984300067462
2,0.508242174182778
3,0.5128813057416927
4,0.5175143895472265
5,0.5221399999609743
6,0.5267567229150472
7,0.5313631579466445
8,0.5359579201882287
9,0.5405396423071106
10,0.5451069763886487
11,0.5496585957575401
12,0.5541931967319599
13,0.5587095003057445
14,0.5632062537542019
15,0.5676822321594175
16,0.5721362398514819
17,0.5765671117624214
18,0.580973714690036
19,0.5853549484693348
20,0.5897097470496745
21,0.594037079476155
22,0.5983359507742794
23,0.6026054027372703
24,0.6068445146159563
25,0.6110524037114302
26,0.6152282258711528
27,0.619371175889581
28,0.623480487814664
29,0.6275554351619962
30,0.631595331038665
31,0.6355995281791635
32,0.6395674188960248
33,0.6434984349480184
34,0.6473920473290639
35,0.6512477659811479
36,0.6550651394347199
37,0.6588437543802317
38,0.6625832351745441
39,0.6662832432860544
40,0.669943476682473
41,0.6735636691652838
42,0.6771435896547848
43,0.6806830414298379
44,0.6841818613262562
45,0.6876399188978671
46,0.6910571155440938
47,0.6944333836080178
48,0.6977686854486151
49,0.7010630124909081
50,0.7043163842575916
51,0.707528847385639
52,0.7107004746311584
53,0.7138313638657723
54,0.7169216370675966
55,0.719971439309656
56,0.7229809377486128
57,0.7259503206163547
58,0.7288797962169423
59,0.7317695919312014
60,0.7346199532311133
61,0.7374311427060126
62,0.7402034391024005
63,0.7429371363790713
64,0.7456325427791077
65,0.7482899799200796
66,0.7509097819037515
67,0.7534922944463597
68,0.7560378740304582
69,0.7585468870791497
70,0.761019709153479
71,0.7634567241735123
72,0.7658583236636622
73,0.7682249060226201
74,0.7705568758181733
75,0.7728546431071163
76,0.7751186227803455
77,0.7773492339331749
78,0.7795468992608063
79,0.7817120444788325
80,0.783845097768591
81,0.785946489247113
82,0.7880166504613478
83,0.7900560139063669
84,0.7920650125670574
85,0.7940440794829671
86,0.7959936473357665
87,0.7979141480588362
88,0.7998060124684739
89,0.8016696699161512
90,0.6337999656351442
91,0.636575082914769
92,0.6393252314812656
93,0.6420503616021719
94,0.6447504367037536
95,0.6474254330232764
96,0.6500753392554548
97,0.6527001561940052
98,0.6552998963691461
99,0.6578745836819705
100,0.6604242530364793
101,0.6629489499700703
102,0.6654487302832918
103,0.6679236596695516
104,0.6703738133454842
105,0.6727992756826676
106,0.6752001398412725
107,0.677576507406282
108,0.6799284880267888
109,0.6822561990589527
110,0.684559765213036
111,0.6868393182050194
112,0.6890949964132091
113,0.6913269445401934
114,0.6935353132805308
115,0.6957202589944808
116,0.6978819433880625
117,0.7000205331997043
118,0.702136199893729
119,0.704229119360838
120,0.7062994716258337
121,0.7083474405626694
122,0.7103732136169943
123,0.7123769815362629
124,0.7143589381075338
125,0.7163192799029486
126,0.7182582060330216
127,0.7201759179076546
128,0.7220726190049768
129,0.7239485146479095
130,0.725803811788498
131,0.7276387187999046
132,0.7294534452760529
133,0.7312482018387936
134,0.7330231999525925
135,0.7347786517465436
136,0.7365147698436925
137,0.7382317671974982
138,0.7399298569353588
139,0.7416092522090164
140,0.7432701660517693
141,0.7449128112423007
142,0.7465374001750096
143,0.7481441447366811
144,0.7497332561893474
145,0.7513049450591724
146,0.7528594210312376
147,0.7543968928500132
148,0.755917568225397
149,0.757421653744156
150,0.7589093547865791
151,0.760380875448195
152,0.7618364184664189
153,0.763276185151916
154,0.7647003753245553
155,0.7661091872537925
156,0.7675028176033065
157,0.7688814613797605
158,0.7702453118855043
159,0.7715945606750878
160,0.7729293975154349
161,0.7742500103495262
162,0.7755565852634377
163,0.7768493064566282
164,0.7781283562152862
165,0.7793939148886603
166,0.7806461608682049
167,0.7818852705694074
168,0.7831114184162178
169,0.784324776827895
170,0.7855255162082189
171,0.7867138049368954
172,0.7878898093630932
173,0.7890536938009638
174,0.7902056205270723
175,0.7913457497796088
176,0.7924742397593235
177,0.7935912466320364
178,0.7946969245326957
179,0.7957914255708315
180,0.7968748998373788
181,0.7979474954127364
182,0.799009358376037
183,0.8000606328155043
184,0.7056632918495586
185,0.7071443630492715
186,0.7086121265575833
187,0.7100667136425369
188,0.7115082553154417
189,0.7129368822731025
190,0.7143527248427473
191,0.7157559129295942
192,0.7171465759669488
193,0.7185248428688196
194,0.719890841984949
195,0.7212447010582096
196,0.722586547184294
197,0.723916506773628
198,0.7252347055154343
199,0.7265412683439318
200,0.7278363194065026
201,0.7291199820338933
202,0.7303923787122519
203,0.7316536310570604
204,0.7329038597888049
205,0.7341431847103744
206,0.7353717246861157
207,0.7365895976224818
208,0.7377969204502037
209,0.7389938091079662
210,0.7401803785274828
211,0.7413567426199463
212,0.7425230142637996
213,0.7436793052937529
214,0.7448257264910212
215,0.7459623875747158
216,0.7470893971943475
217,0.7482068629233907
218,0.7493148912538622
219,0.7504135875918676
220,0.7515030562540823
221,0.752583400465103
222,0.7536547223556533
223,0.7547171229615792
224,0.7557707022236156
225,0.7568155589878709
226,0.7578517910070034
227,0.7588794949420474
228,0.7598987663648571
229,0.7609096997611321
230,0.7619123885340034
231,0.7629069250081333
232,0.7638934004343048
233,0.7648719049944905
234,0.7658425278073293
235,0.7668053569340367
236,0.7677604793846853
237,0.7687079811248416
238,0.7696479470825456
239,0.7705804611555991
240,0.7715056062191329
241,0.7724234641334561
242,0.7733341157521526
243,0.7742376409303965
244,0.7751341185334871
245,0.7760236264455708
246,0.7769062415785499
247,0.7777820398811339
248,0.7786510963480463
249,0.7795134850293619
250,0.7803692790399612
251,0.781218550569067
252,0.7820613708899018
253,0.782897810369396
254,0.7837279384779723
255,0.7845518237993873
256,0.7853695340406178
257,0.786181136041765
258,0.7869866957860063
259,0.7877862784095446
260,0.788579948211584
261,0.7893677686642819
262,0.7901498024227152
263,0.7909261113348107
264,0.7916967564512779
265,0.7924617980354882
266,0.7932212955733374
267,0.7939753077830699
268,0.7947238926250362
269,0.7954671073114326
270,0.7962050083159649
271,0.7969376513834526
272,0.7976650915393917
273,0.7983873830994237
274,0.7991045796787606
275,0.7998167342015138
276,0.8005238989099688
277,0.7366863044827395
278,0.7376064074724336
279,0.7385201832068071
280,0.7394276927612411
281,0.7403289965639336
282,0.7412241543997287
283,0.7421132254141154
284,0.7429962681173908
285,0.7438733403889727
286,0.7447444994818372
287,0.745609802027109
288,0.7464693040387489
289,0.7473230609183551
290,0.7481711274600823
291,0.7490135578556328
292,0.7498504056993492
293,0.7506817239933672
294,0.7515075651528588
295,0.7523279810113214
296,0.7531430228259393
297,0.7539527412829727
298,0.7547571865032244
299,0.7555564080475
300,0.7563504549221447
301,0.7571393755845764
302,0.7579232179488611
303,0.7587020293912883
304,0.7594758567559683
305,0.7602447463604423
306,0.7610087440012893
307,0.7617678949597306
308,0.7625222440072387
309,0.763271835411137
310,0.7640167129401851
311,0.7647569198701566
312,0.7654924989893971
313,0.7662234926043575
314,0.7669499425451202
315,0.7676718901708892
316,0.7683893763754424
317,0.7691024415925912
318,0.7698111258015712
319,0.7705154685324206
320,0.7712155088713126
321,0.771911285465868
322,0.7726028365304057
323,0.773290199851181
324,0.7739734127915562
325,0.7746525122971528
326,0.7753275349009433
327,0.7759985167283107
328,0.7766654935020479
329,0.7773285005473376
330,0.7779875727966571
331,0.7786427447946482
332,0.7792940507029394
333,0.7799415243049213
334,0.7805851990104643
335,0.7812251078605996
336,0.781861283532137
337,0.7824937583422404
338,0.7831225642529506
339,0.7837477328756551
340,0.7843692954755157
341,0.7849872829758349
342,0.7856017259623722
343,0.7862126546876211
344,0.7868200990750186
345,0.7874240887231103
346,0.7880246529096793
347,0.7886218205957917
348,0.7892156204298322
349,0.789806080751446
350,0.7903932295954657
351,0.7909770946957791
352,0.791557703489128
353,0.7921350831188854
354,0.7927092604387698
355,0.7932802620165019
356,0.7938481141374404
357,0.7944128428081336
358,0.7949744737598596
359,0.795533032452087
360,0.796088544075914
361,0.7966410335574468
362,0.7971905255611345
363,0.797737044493065
364,0.7982806145042008
365,0.7988212594935952
366,0.7993590031115344
367,0.7998938687626582
368,0.8004258796090319
369,0.7523434734465752
370,0.7529993501668742
371,0.7536517413200118
372,0.7543006739662982
373,0.7549461748973831
374,0.7555882706393735
375,0.7562269874559199
376,0.75686235135129
377,0.7574943880733855
378,0.7581231231167561
379,0.7587485817255678
380,0.7593707888965351
381,0.7599897693818397
382,0.7606055476919985
383,0.7612181480987161
384,0.7618275946376991
385,0.7624339111114342
386,0.7630371210919458
387,0.7636372479235123
388,0.7642343147253565
389,0.7648283443942998
390,0.7654193596073912
391,0.766007382824499
392,0.7665924362908791
393,0.7671745420396987
394,0.7677537218945408
395,0.7683299974718797
396,0.7689033901835086
397,0.7694739212389599
398,0.7700416116478729
399,0.7706064822223552
400,0.7711685535792848
401,0.7717278461426079
402,0.7722843801455997
403,0.7728381756330862
404,0.7733892524636494
405,0.7739376303117949
406,0.7744833286701033
407,0.7750263668513326
408,0.7755667639905112
409,0.7761045390469993
410,0.776639710806511
411,0.7771722978831297
412,0.777702318721272
413,0.7782297915976517
414,0.7787547346231896
415,0.7792771657449231
416,0.7797971027478682
417,0.7803145632568741
418,0.7808295647384403
419,0.781342124502515
420,0.7818522597042595
421,0.7823599873458057
422,0.7828653242779777
423,0.7833682872019843
424,0.7838688926710987
425,0.7843671570923219
426,0.7848630967279924
427,0.7853567276974144
428,0.785848065978434
429,0.7863371274090023
430,0.7868239276887214
431,0.7873084823803652
432,0.7877908069113767
433,0.7882709165753486
434,0.7887488265334843
435,0.7892245518160358
436,0.7896981073237209
437,0.7901695078291263
438,0.7906387679780823
439,0.7911059022910344
440,0.7915709251643711
441,0.7920338508717614
442,0.7924946935654578
443,0.7929534672775796
444,0.7934101859213841
445,0.7938648632925295
446,0.7943175130703034
447,0.7947681488188344
448,0.7952167839883166
449,0.795663431916174
450,0.796108105828242
451,0.796550818839928
452,0.7969915839573332
453,0.7974304140783963
454,0.7978673219939855
455,0.7983023203890034
456,0.7987354218434655
457,0.7991666388335561
458,0.7995959837326937
459,0.800023468812554
460,0.7614277627623537
461,0.7619369729112426
462,0.7624439804123971
463,0.7629487990394899
464,0.7634514424562533
465,0.763951924217679
466,0.7644502577711856
467,0.7649464564577811
468,0.7654405335132047
469,0.765932502069054
470,0.7664223751538914
471,0.7669101656943477
472,0.7673958865161965
473,0.7678795503454194
474,0.7683611698092605
475,0.7688407574372572
476,0.769318325662268
477,0.7697938868214711
478,0.7702674531573628
479,0.7707390368187395
480,0.7712086498616509
481,0.7716763042503684
482,0.7721420118583118
483,0.772605784468979
484,0.7730676337768606
485,0.7735275713883348
486,0.7739856088225596
487,0.7744417575123451
488,0.7748960288050244
489,0.7753484339632837
490,0.7757989841660311
491,0.7762476905091988
492,0.7766945640065739
493,0.7771396155905952
494,0.777582856113155
495,0.7780242963463725
496,0.7784639469833745
497,0.7789018186390536
498,0.7793379218508167
499,0.7797722670793314
500,0.7802048647092493
501,0.7806357250499352
502,0.7810648583361715
503,0.7814922747288652
504,0.7819179843157348
505,0.7823419971119978
506,0.782764323061037
507,0.7831849720350713
508,0.7836039538358139
509,0.7840212781951059
510,0.7844369547755731
511,0.7848509931712399
512,0.7852634029081591
513,0.7856741934450218
514,0.7860833741737625
515,0.7864909544201657
516,0.7868969434444353
517,0.7873013504418008
518,0.7877041845430718
519,0.7881054548152153
520,0.7885051702619132
521,0.7889033398241155
522,0.789299972380581
523,0.7896950767484235
524,0.7900886616836406
525,0.7904807358816325
526,0.7908713079777318
527,0.7912603865477054
528,0.7916479801082638
529,0.7920340971175613
530,0.7924187459756916
531,0.7928019350251704
532,0.7931836725514122
533,0.7935639667832184
534,0.7939428258932378
535,0.7943202579984312
536,0.794696271160529
537,0.7950708733864902
538,0.7954440726289425
539,0.7958158767866248
540,0.7961862937048335
541,0.7965553311758402
542,0.796922996939328
543,0.7972892986828102
544,0.7976542440420499
545,0.7980178406014657
546,0.7983800958945464
547,0.798741017404248
548,0.799100612563395
549,0.7994588887550763
550,0.7998158533130283
551,0.8001715135220215
552,0.7680147122761254
553,0.7684285846331051
554,0.7688409430264364
555,0.7692517953544236
556,0.7696611494656918
557,0.77006901315963
558,0.7704753941868123
559,0.7708803002494267
560,0.7712837390016959
561,0.7716857180502785
562,0.7720862449546888
563,0.7724853272276923
564,0.7728829723356943
565,0.7732791876991456
566,0.7736739806929146
567,0.7740673586466664
568,0.7744593288452519
569,0.7748498985290576
570,0.7752390748943859
571,0.7756268650938112
572,0.7760132762365273
573,0.7763983153887025
574,0.7767819895738335
575,0.7771643057730727
576,0.7775452709255711
577,0.7779248919288135
578,0.7783031756389416
579,0.778680128871083
580,0.7790557583996573
581,0.7794300709587156
582,0.7798030732422264
583,0.7801747719043967
584,0.7805451735599753
585,0.7809142847845509
586,0.7812821121148413
587,0.7816486620489987
588,0.7820139410468848
589,0.7823779555303674
590,0.7827407118835883
591,0.7831022164532587
592,0.783462475548916
593,0.7838214954432103
594,0.7841792823721576
595,0.7845358425354212
596,0.784891182096554
597,0.7852453071832757
598,0.7855982238877163
599,0.7859499382666706
600,0.786300456341849
601,0.7866497841001262
602,0.7869979274937802
603,0.787344892440733
604,0.7876906848247954
605,0.7880353104958927
606,0.7883787752703093
607,0.7887210849309032
608,0.7890622452273491
609,0.7894022618763509
610,0.7897411405618756
611,0.790078886935362
612,0.7904155066159438
613,0.7907510051906681
614,0.7910853882147012
615,0.7914186612115451
616,0.7917508296732422
617,0.7920818990605845
618,0.792411874803314
619,0.7927407623003276
620,0.7930685669198766
621,0.7933952939997613
622,0.7937209488475292
623,0.7940455367406759
624,0.7943690629268186
625,0.7946915326239032
626,0.7950129510203862
627,0.7953333232754168
628,0.7956526545190307
629,0.7959709498523229
630,0.7962882143476312
631,0.7966044530487227
632,0.796919670970957
633,0.7972338731014788
634,0.7975470643993698
635,0.797859249795845
636,0.7981704341944107
637,0.7984806224710301
638,0.7987898194743007
639,0.7990980300256147
640,0.7994052589193242
641,0.7997115109229055
642,0.8000167907771205
643,0.7724234560002559
644,0.7727726831667382
645,0.7731207979158279
646,0.7734678052660454
647,0.7738137102104083
648,0.7741585177166004
649,0.7745022327271534
650,0.7748448601595967
651,0.7751864049066393
652,0.775526871836324
653,0.775866265792188
654,0.7762045915934291
655,0.7765418540350525
656,0.7768780578880404
657,0.7772132078994876
658,0.7775473087927715
659,0.777880365267683
660,0.7782123820005948
661,0.7785433636445864
662,0.778873314829604
663,0.7792022401625959
664,0.7795301442276572
665,0.7798570315861582
666,0.7801829067769014
667,0.7805077743162409
668,0.7808316386982168
669,0.7811545043947052
670,0.7814763758555293
671,0.781797257508598
672,0.7821171537600375
673,0.7824360689943084
674,0.7827540075743427
675,0.7830709738416607
676,0.7833869721164919
677,0.7837020066979047
678,0.7840160818639192
679,0.7843292018716246
680,0.7846413709573075
681,0.7849525933365534
682,0.7852628732043744
683,0.7855722147353152
684,0.7858806220835698
685,0.7861880993830908
686,0.7864946507476988
687,0.7868002802711923
688,0.7871049920274645
689,0.78740879007059
690,0.7877116784349545
691,0.7880136611353411
692,0.7883147421670436
693,0.788614925505969
694,0.788914215108735
695,0.7892126149127792
696,0.7895101288364469
697,0.7898067607790973
698,0.790102514621206
699,0.7903973942244545
700,0.7906914034318282
701,0.790984546067718
702,0.7912768259380061
703,0.7915682468301629
704,0.7918588125133452
705,0.7921485267384824
706,0.7924373932383679
707,0.7927254157277568
708,0.7930125979034441
709,0.7932989434443616
710,0.7935844560116697
711,0.7938691392488357
712,0.7941529967817248
713,0.794436032218694
714,0.794718249150661
715,0.7949996511512049
716,0.7952802417766397
717,0.7955600245661083
718,0.7958390030416556
719,0.7961171807083136
720,0.796394561054189
721,0.7966711475505343
722,0.7969469436518375
723,0.7972219527958954
724,0.7974961784038984
725,0.7977696238805013
726,0.7980422926139156
727,0.7983141879759708
728,0.7985853133222018
729,0.7988556719919223
730,0.7991252673083025
731,0.7993941025784406
732,0.7996621810934468
733,0.7999295061285073
734,0.8001960809429647
735,0.7760704435089026
736,0.7763713677254628
737,0.7766714422645158
738,0.7769706705268477
739,0.7772690558988611
740,0.7775666017526537
741,0.7778633114460791
742,0.7781591883228264
743,0.77845423571248
744,0.7787484569305908
745,0.7790418552787475
746,0.7793344340446331
747,0.7796261965021049
748,0.779917145911244
749,0.7802072855184314
750,0.7804966185564075
751,0.7807851482443364
752,0.781072877787858
753,0.7813598103791703
754,0.7816459491970711
755,0.7819312974070267
756,0.7822158581612336
757,0.7824996345986688
758,0.7827826298451604
759,0.7830648470134346
760,0.7833462892031836
761,0.7836269595011081
762,0.7839068609809877
763,0.7841859967037302
764,0.784464369717428
765,0.784741983057411
766,0.7850188397462996
767,0.7852949427940736
768,0.7855702951980906
769,0.7858448999431806
770,0.7861187600016714
771,0.786391878333443
772,0.7866642578859896
773,0.7869359015944634
774,0.7872068123817219
775,0.7874769931583899
776,0.7877464468228894
777,0.7880151762615119
778,0.7882831843484521
779,0.7885504739458566
780,0.788817047903879
781,0.7890829090607244
782,0.7893480602426983
783,0.7896125042642488
784,0.7898762439280133
785,0.7901392820248724
786,0.7904016213339905
787,0.7906632646228627
788,0.7909242146473574
789,0.7911844741517626
790,0.791444045868833
791,0.7917029325198315
792,0.7919611368145741
793,0.7922186614514788
794,0.7924755091175943
795,0.7927316824886618
796,0.7929871842291442
797,0.7932420169922769
798,0.7934961834201069
799,0.7937496861435307
800,0.7940025277823469
801,0.7942547109452863
802,0.7945062382300598
803,0.7947571122234016
804,0.7950073355011029
805,0.7952569106280587
806,0.7955058401583048
807,0.7957541266350591
808,0.7960017725907658
809,0.796248780547127
810,0.7964951530151476
811,0.796740892495174
812,0.7969860014769359
813,0.7972304824395804
814,0.7974743378517145
815,0.7977175701714403
816,0.7979601818463974
817,0.7982021753138012
818,0.7984435530004742
819,0.7986843173228951
820,0.7989244706872285
821,0.7991640154893626
822,0.7994029541149541
823,0.7996412889394565
824,0.7998790223281596
825,0.8001161566362343
826,0.7786574831804998
827,0.77892230533163
828,0.7791864546596118
829,0.7794499336009125
830,0.7797127445831461
831,0.7799748900251108
832,0.7802363723368188
833,0.7804971939195203
834,0.7807573571657425
835,0.7810168644593112
836,0.7812757181753885
837,0.7815339206804879
838,0.7817914743325252
839,0.7820483814808208
840,0.7823046444661518
841,0.7825602656207605
842,0.7828152472683968
843,0.7830695917243387
844,0.7833233012954214
845,0.7835763782800592
846,0.783828824968285
847,0.7840806436417579
848,0.7843318365738114
849,0.784582406029462
850,0.7848323542654398
851,0.7850816835302251
852,0.7853303960640537
853,0.785578494098963
854,0.7858259798588024
855,0.7860728555592651
856,0.7863191234079127
857,0.786564785604194
858,0.7868098443394795
859,0.7870543017970797
860,0.7872981601522642
861,0.7875414215723004
862,0.7877840882164596
863,0.7880261622360543
864,0.7882676457744553
865,0.7885085409671193
866,0.7887488499416059
867,0.7889885748176062
868,0.789227717706963
869,0.7894662807136941
870,0.7897042659340225
871,0.789941675456383
872,0.7901785113614576
873,0.790414775722198
874,0.7906504706038405
875,0.7908855980639324
876,0.7911201601523539
877,0.7913541589113392
878,0.7915875963755021
879,0.7918204745718521
880,0.7920527955198243
881,0.7922845612312848
882,0.7925157737105752
883,0.7927464349545162
884,0.7929765469524358
885,0.7932061116861872
886,0.793435131130178
887,0.7936636072513844
888,0.7938915420093696
889,0.7941189373563123
890,0.7943457952370276
891,0.794572117588982
892,0.7947979063423152
893,0.7950231634198642
894,0.7952478907371873
895,0.7954720902025713
896,0.7956957637170693
897,0.7959189131745077
898,0.796141540461515
899,0.7963636474575373
900,0.7965852360348621
901,0.7968063080586371
902,0.7970268653868897
903,0.7972469098705504
904,0.7974664433534693
905,0.7976854676724358
906,0.7979039846572069
907,0.7981219961305186
908,0.7983395039081053
909,0.7985565097987312
910,0.7987730156041939
911,0.798989023119359
912,0.7992045341321734
913,0.7994195504236846
914,0.7996340737680628
915,0.79984810593262
916,0.8000616486778303
917,0.7807386329368361
918,0.7809749660019385
919,0.7812107532103061
920,0.7814459963763397
921,0.7816806973086081
922,0.7819148578098754
923,0.7821484796770983
924,0.7823815647014474
925,0.7826141146683234
926,0.7828461313573605
927,0.7830776165424467
928,0.7833085719917346
929,0.7835389994676519
930,0.7837689007269152
931,0.7839982775205437
932,0.7842271315938661
933,0.784455464686547
934,0.7846832785325757
935,0.7849105748603008
936,0.7851373553924333
937,0.7853636218460534
938,0.7855893759326301
939,0.7858146193580299
940,0.7860393538225317
941,0.7862635810208302
942,0.7864873026420587
943,0.7867105203697935
944,0.7869332358820678
945,0.7871554508513805
946,0.7873771669447159
947,0.7875983858235429
948,0.7878191091438361
949,0.7880393385560837
950,0.7882590757052997
951,0.7884783222310365
952,0.7886970797673893
953,0.7889153499430159
954,0.7891331343811475
955,0.7893504346995914
956,0.7895672525107535
957,0.7897835894216395
958,0.7899994470338747
959,0.7902148269437053
960,0.7904297307420226
961,0.790644160014362
962,0.7908581163409225
963,0.7910716012965668
964,0.7912846164508496
965,0.7914971633680147
966,0.7917092436070082
967,0.7919208587214918
968,0.7921320102598611
969,0.7923426997652417
970,0.7925529287755109
971,0.7927626988233054
972,0.7929720114360344
973,0.793180868135886
974,0.7933892704398461
975,0.7935972198596994
976,0.7938047179020482
977,0.7940117660683249
978,0.7942183658547934
979,0.7944245187525695
980,0.7946302262476278
981,0.7948354898208145
982,0.7950403109478557
983,0.7952446910993732
984,0.7954486317408933
985,0.7956521343328512
986,0.7958552003306198
987,0.7960578311845002
988,0.7962600283397462
989,0.7964617932365711
990,0.7966631273101594
991,0.7968640319906807
992,0.7970645087032912
993,0.7972645588681636
994,0.7974641839004752
995,0.7976633852104408
996,0.7978621642033054
997,0.7980605222793703
998,0.7982584608340008
999,0.7984559812576263
1000,0.7986530849357677
1001,0.7988497732490387
1002,0.7990460475731626
1003,0.7992419092789784
1004,0.7994373597324587
1005,0.7996324002947149
1006,0.7998270323220131
1007,0.8000212571657848
1008,0.7824464453243953
1009,0.782659740443359
1010,0.7828725841364392
1011,0.7830849777962703
1012,0.7832969228114065
1013,0.7835084205663393
1014,0.7837194724415035
1015,0.7839300798132759
1016,0.7841402440539846
1017,0.7843499665319158
1018,0.7845592486113158
1019,0.7847680916523937
1020,0.7849764970113369
1021,0.7851844660403049
1022,0.7853920000874416
1023,0.7855991004968774
1024,0.7858057686087354
1025,0.7860120057591388
1026,0.786217813280212
1027,0.7864231925000873
1028,0.7866281447429132
1029,0.7868326713288561
1030,0.787036773574105
1031,0.7872404527908847
1032,0.7874437102874452
1033,0.7876465473680846
1034,0.7878489653331507
1035,0.7880509654790279
1036,0.7882525490981713
1037,0.7884537174790908
1038,0.7886544719063645
1039,0.7888548136606465
1040,0.7890547440186648
1041,0.7892542642532335
1042,0.7894533756332588
1043,0.7896520794237346
1044,0.7898503768857599
1045,0.7900482692765417
1046,0.7902457578493957
1047,0.7904428438537524
1048,0.7906395285351699
1049,0.7908358131353311
1050,0.7910316988920595
1051,0.7912271870393065
1052,0.7914222788071817
1053,0.7916169754219412
1054,0.7918112781059976
1055,0.7920051880779283
1056,0.7921987065524776
1057,0.7923918347405686
1058,0.7925845738493041
1059,0.7927769250819692
1060,0.7929688896380499
1061,0.7931604687132245
1062,0.7933516634993835
1063,0.7935424751846212
1064,0.7937329049532528
1065,0.7939229539858174
1066,0.7941126234590832
1067,0.7943019145460559
1068,0.7944908284159797
1069,0.7946793662343519
1070,0.794867529162923
1071,0.7950553183597059
1072,0.7952427349789757
1073,0.7954297801712924
1074,0.7956164550834874
1075,0.7958027608586856
1076,0.7959886986362991
1077,0.7961742695520473
1078,0.7963594747379523
1079,0.796544315322353
1080,0.7967287924299064
1081,0.7969129071815981
1082,0.7970966606947457
1083,0.797280054083014
1084,0.7974630884564063
1085,0.7976457649212867
1086,0.7978280845803811
1087,0.7980100485327786
1088,0.7981916578739481
1089,0.7983729136957419
1090,0.7985538170864009
1091,0.7987343691305606
1092,0.7989145709092604
1093,0.799094423499954
1094,0.7992739279765116
1095,0.7994530854092288
1096,0.7996318968648309
1097,0.7998103634064905
1098,0.7999884860938209
1099,0.8001662659828924
1100,0.7840650080190606
1101,0.7842589225911204
1102,0.7844524590894452
1103,0.7846456186057644
1104,0.7848384022288151
1105,0.785030811044339
1106,0.785222846135085
1107,0.7854145085808163
1108,0.7856057994583076
1109,0.7857967198413485
1110,0.7859872708007403
1111,0.786177453404314
1112,0.786367268716911
1113,0.7865567178004018
1114,0.7867458017136798
1115,0.7869345215126671
1116,0.7871228782503165
1117,0.787310872976609
1118,0.7874985067385658
1119,0.7876857805802392
1120,0.7878726955427233
1121,0.788059252664155
1122,0.7882454529797143
1123,0.7884312975216267
1124,0.7886167873191667
1125,0.7888019233986643
1126,0.7889867067834988
1127,0.7891711384941105
1128,0.7893552195479978
1129,0.7895389509597245
1130,0.7897223337409148
1131,0.7899053689002626
1132,0.7900880574435366
1133,0.7902704003735783
1134,0.7904523986903024
1135,0.7906340533907072
1136,0.7908153654688755
1137,0.7909963359159683
1138,0.7911769657202479
1139,0.7913572558670616
1140,0.7915372073388544
1141,0.7917168211151642
1142,0.7918960981726463
1143,0.792075039485047
1144,0.7922536460232273
1145,0.7924319187551627
1146,0.7926098586459392
1147,0.7927874666577724
1148,0.7929647437499886
1149,0.793141690879049
1150,0.7933183089985453
1151,0.7934945990591994
1152,0.7936705620088713
1153,0.7938461987925706
1154,0.7940215103524415
1155,0.7941964976277825
1156,0.7943711615550482
1157,0.7945455030678462
1158,0.7947195230969485
1159,0.7948932225702895
1160,0.7950666024129772
1161,0.7952396635472891
1162,0.7954124068926844
1163,0.7955848333657971
1164,0.7957569438804589
1165,0.7959287393476837
1166,0.7961002206756821
1167,0.7962713887698648
1168,0.7964422445328461
1169,0.7966127888644465
1170,0.796783022661706
1171,0.7969529468188733
1172,0.7971225622274241
1173,0.7972918697760608
1174,0.7974608703507133
1175,0.7976295648345515
1176,0.7977979541079842
1177,0.7979660390486667
1178,0.7981338205315006
1179,0.7983012994286527
1180,0.7984684766095358
1181,0.7986353529408388
1182,0.7988019292865145
1183,0.7989682065077967
1184,0.7991341854631915
1185,0.7992998670084981
1186,0.7994652519967999
1187,0.7996303412784794
1188,0.7997951357012186
1189,0.7999596361100056
1190,0.8001238433471382
1191,0.7852529154589152
1192,0.7854309578248395
1193,0.7856086784913184
1194,0.7857860783329664
1195,0.7859631582220917
1196,0.786139919028689
1197,0.7863163616204529
1198,0.7864924868627644
1199,0.7866682956187033
1200,0.7868437887490403
1201,0.7870189671122465
1202,0.7871938315644872
1203,0.787368382959622
1204,0.7875426221492153
1205,0.7877165499825244
1206,0.7878901673065116
1207,0.7880634749658433
1208,0.7882364738028809
1209,0.7884091646576988
1210,0.7885815483680673
1211,0.7887536257694718
1212,0.7889253976951025
1213,0.7890968649758572
1214,0.7892680284403468
1215,0.7894388889148977
1216,0.7896094472235404
1217,0.7897797041880342
1218,0.789949660627844
1219,0.7901193173601595
1220,0.7902886751998903
1221,0.7904577349596699
1222,0.7906264974498521
1223,0.7907949634785195
1224,0.7909631338514838
1225,0.7911310093722813
1226,0.7912985908421877
1227,0.791465879060207
1228,0.7916328748230823
1229,0.7917995789252976
1230,0.7919659921590709
1231,0.7921321153143667
1232,0.7922979491788957
1233,0.7924634945381154
1234,0.7926287521752315
1235,0.7927937228712033
1236,0.7929584074047445
1237,0.793122806552326
1238,0.7932869210881802
1239,0.7934507517843004
1240,0.7936142994104434
1241,0.7937775647341362
1242,0.7939405485206761
1243,0.7941032515331338
1244,0.7942656745323544
1245,0.7944278182769651
1246,0.7945896835233714
1247,0.7947512710257686
1248,0.7949125815361342
1249,0.7950736158042394
1250,0.7952343745776491
1251,0.7953948586017282
1252,0.795555068619635
1253,0.7957150053723405
1254,0.7958746695986121
1255,0.7960340620350372
1256,0.7961931834160066
1257,0.7963520344737401
1258,0.7965106159382663
1259,0.7966689285374424
1260,0.7968269729969506
1261,0.7969847500403054
1262,0.7971422603888556
1263,0.7972995047617886
1264,0.7974564838761289
1265,0.7976131984467485
1266,0.7977696491863676
1267,0.7979258368055617
1268,0.7980817620127575
1269,0.7982374255142458
1270,0.7983928280141769
1271,0.7985479702145752
1272,0.7987028528153296
1273,0.7988574765142098
1274,0.7990118420068598
1275,0.7991659499868143
1276,0.799319801145489
1277,0.7994733961721953
1278,0.7996267357541373
1279,0.7997798205764208
1280,0.7999326513220552
1281,0.8000852286719569
1282,0.7862685091311642
1283,0.78643306107983
1284,0.7865973363506478
1285,0.7867613356546821
1286,0.7869250597011433
1287,0.7870885091974016
1288,0.787251684848973
1289,0.7874145873595306
1290,0.7875772174309026
1291,0.7877395757630687
1292,0.7879016630541668
1293,0.7880634800004874
1294,0.7882250272964827
1295,0.788386305634759
1296,0.7885473157060771
1297,0.7887080581993617
1298,0.7888685338016992
1299,0.7890287431983296
1300,0.7891886870726605
1301,0.7893483661062594
1302,0.7895077809788581
1303,0.7896669323683562
1304,0.7898258209508136
1305,0.7899844474004631
1306,0.7901428123897046
1307,0.7903009165891043
1308,0.7904587606674065
1309,0.7906163452915206
1310,0.7907736711265368
1311,0.7909307388357166
1312,0.7910875490804993
1313,0.7912441025205058
1314,0.7914003998135325
1315,0.7915564416155626
1316,0.791712228580759
1317,0.7918677613614737
1318,0.792023040608243
1319,0.792178066969795
1320,0.7923328410930454
1321,0.7924873636231075
1322,0.7926416352032835
1323,0.79279565647508
1324,0.792949428078193
1325,0.7931029506505308
1326,0.7932562248281956
1327,0.7934092512454993
1328,0.7935620305349615
1329,0.7937145633273088
1330,0.7938668502514856
1331,0.7940188919346423
1332,0.7941706890021549
1333,0.7943222420776129
1334,0.7944735517828309
1335,0.7946246187378457
1336,0.7947754435609219
1337,0.794926026868551
1338,0.7950763692754617
1339,0.7952264713946118
1340,0.7953763338371991
1341,0.79552595721266
1342,0.7956753421286765
1343,0.7958244891911721
1344,0.7959733990043225
1345,0.7961220721705504
1346,0.7962705092905354
1347,0.7964187109632144
1348,0.7965666777857844
1349,0.7967144103537016
1350,0.7968619092606914
1351,0.7970091750987475
1352,0.7971562084581361
1353,0.7973030099273986
1354,0.7974495800933545
1355,0.7975959195411024
1356,0.7977420288540314
1357,0.7978879086138114
1358,0.7980335594004083
1359,0.7981789817920824
1360,0.7983241763653893
1361,0.798469143695188
1362,0.7986138843546408
1363,0.7987583989152184
1364,0.7989026879467032
1365,0.7990467520171909
1366,0.7991905916931012
1367,0.7993342075391651
1368,0.799477600118449
1369,0.7996207699923445
1370,0.7997637177205756
1371,0.7999064438612032
1372,0.8000489489706243
1373,0.7871452826527182
1374,0.7872982362243872
1375,0.7874509496554646
1376,0.7876034235306723
1377,0.7877556584332037
1378,0.7879076549447284
1379,0.7880594136453984
1380,0.7882109351138388
1381,0.7883622199271582
1382,0.7885132686609488
1383,0.7886640818892763
1384,0.7888146601846923
1385,0.7889650041182309
1386,0.7891151142594116
1387,0.7892649911762364
1388,0.7894146354351914
1389,0.7895640476012531
1390,0.7897132282378837
1391,0.7898621779070337
1392,0.7900108971691456
1393,0.790159386583153
1394,0.7903076467064803
1395,0.7904556780950462
1396,0.7906034813032671
1397,0.7907510568840508
1398,0.7908984053888118
1399,0.7910455273674551
1400,0.7911924233683909
1401,0.7913390939385336
1402,0.7914855396232966
1403,0.791631760966604
1404,0.7917777585108855
1405,0.7919235327970813
1406,0.792069084364639
1407,0.792214413751522
1408,0.7923595214942073
1409,0.7925044081276877
1410,0.7926490741854755
1411,0.7927935201996034
1412,0.792937746700624
1413,0.7930817542176172
1414,0.793225543278185
1415,0.7933691144084608
1416,0.793512468133109
1417,0.7936556049753242
1418,0.7937985254568367
1419,0.7939412300979151
1420,0.794083719417363
1421,0.7942259939325295
1422,0.7943680541593082
1423,0.7945099006121331
1424,0.7946515338039936
1425,0.7947929542464248
1426,0.7949341624495179
1427,0.7950751589219192
1428,0.7952159441708319
1429,0.795356518702024
1430,0.7954968830198215
1431,0.7956370376271212
1432,0.7957769830253866
1433,0.7959167197146504
1434,0.796056248193523
1435,0.7961955689591872
1436,0.7963346825074089
1437,0.7964735893325359
1438,0.7966122899274984
1439,0.7967507847838169
1440,0.7968890743916002
1441,0.7970271592395528
1442,0.797165039814974
1443,0.797302716603762
1444,0.7974401900904192
1445,0.7975774607580502
1446,0.797714529088371
1447,0.7978513955617095
1448,0.7979880606570016
1449,0.7981245248518049
1450,0.7982607886222991
1451,0.7983968524432823
1452,0.7985327167881848
1453,0.7986683821290624
1454,0.7988038489366043
1455,0.7989391176801379
1456,0.7990741888276282
1457,0.7992090628456834
1458,0.7993437401995561
1459,0.7994782213531498
1460,0.7996125067690191
1461,0.7997465969083736
1462,0.7998804922310863
1463,0.8000141931956838
1464,0.7879086842013375
1465,0.7880515673744506
1466,0.7881942404623979
1467,0.7883367039501916
1468,0.7884789583215632
1469,0.7886210040589646
1470,0.7887628416435605
1471,0.7889044715552403
1472,0.7890458942726132
1473,0.7891871102730079
1474,0.7893281200324791
1475,0.7894689240258059
1476,0.789609522726488
1477,0.7897499166067585
1478,0.7898901061375717
1479,0.7900300917886183
1480,0.7901698740283106
1481,0.7903094533238022
1482,0.790448830140973
1483,0.7905880049444398
1484,0.7907269781975588
1485,0.7908657503624188
1486,0.7910043218998517
1487,0.7911426932694319
1488,0.791280864929471
1489,0.7914188373370287
1490,0.7915566109479093
1491,0.7916941862166672
1492,0.7918315635966042
1493,0.7919687435397732
1494,0.7921057264969824
1495,0.7922425129177944
1496,0.7923791032505265
1497,0.7925154979422582
1498,0.7926516974388265
1499,0.7927877021848362
1500,0.7929235126236526
1501,0.7930591291974095
1502,0.7931945523470085
1503,0.793329782512126
1504,0.7934648201312097
1505,0.7935996656414797
1506,0.7937343194789391
1507,0.7938687820783666
1508,0.7940030538733293
1509,0.7941371352961705
1510,0.7942710267780273
1511,0.7944047287488206
1512,0.7945382416372657
1513,0.7946715658708741
1514,0.7948047018759493
1515,0.794937650077598
1516,0.7950704108997224
1517,0.7952029847650326
1518,0.7953353720950455
1519,0.795467573310087
1520,0.795599588829289
1521,0.7957314190706023
1522,0.7958630644507968
1523,0.7959945253854538
1524,0.7961258022889839
1525,0.7962568955746182
1526,0.7963878056544179
1527,0.7965185329392696
1528,0.796649077838897
1529,0.7967794407618584
1530,0.7969096221155503
1531,0.7970396223062082
1532,0.7971694417389134
1533,0.7972990808175954
1534,0.7974285399450308
1535,0.7975578195228482
1536,0.7976869199515352
1537,0.7978158416304347
1538,0.7979445849577504
1539,0.7980731503305518
1540,0.798201538144775
1541,0.7983297487952263
1542,0.7984577826755861
1543,0.7985856401784075
1544,0.7987133216951252
1545,0.7988408276160563
1546,0.7989681583304037
1547,0.7990953142262575
1548,0.7992222956905969
1549,0.7993491031093007
1550,0.7994757368671397
1551,0.799602197347789
1552,0.7997284849338268
1553,0.7998546000067375
1554,0.7999805429469182
1555,0.8001063141336723
1556,0.7887124744898107
1557,0.7888463537267537
1558,0.7889800482920684
1559,0.7891135585895793
1560,0.7892468850220132
1561,0.7893800279910055
1562,0.7895129878970938
1563,0.7896457651397257
1564,0.789778360117254
1565,0.7899107732269481
1566,0.7900430048649815
1567,0.7901750554264496
1568,0.7903069253053546
1569,0.7904386148946217
1570,0.7905701245860934
1571,0.790701454770529
1572,0.7908326058376114
1573,0.79096357817595
1574,0.7910943721730733
1575,0.7912249882154417
1576,0.7913554266884406
1577,0.7914856879763909
1578,0.7916157724625424
1579,0.791745680529081
1580,0.7918754125571255
1581,0.7920049689267386
1582,0.7921343500169191
1583,0.7922635562056131
1584,0.792392587869703
1585,0.7925214453850254
1586,0.7926501291263611
1587,0.7927786394674438
1588,0.7929069767809592
1589,0.7930351414385466
1590,0.793163133810804
1591,0.7932909542672896
1592,0.7934186031765224
1593,0.7935460809059841
1594,0.7936733878221249
1595,0.79380052429036
1596,0.7939274906750811
1597,0.7940542873396452
1598,0.794180914646393
1599,0.794307372956638
1600,0.7944336626306749
1601,0.7945597840277832
1602,0.7946857375062243
1603,0.79481152342325
1604,0.7949371421351025
1605,0.7950625939970143
1606,0.7951878793632133
1607,0.795312998586931
1608,0.7954379520203909
1609,0.7955627400148244
1610,0.795687362920469
1611,0.7958118210865649
1612,0.7959361148613712
1613,0.7960602445921544
1614,0.7961842106251971
1615,0.796308013305807
1616,0.796431652978306
1617,0.7965551299860447
1618,0.7966784446713987
1619,0.796801597375774
1620,0.7969245884396096
1621,0.7970474182023785
1622,0.797170087002591
1623,0.7972925951778028
1624,0.7974149430646096
1625,0.7975371309986525
1626,0.7976591593146262
1627,0.797781028346271
1628,0.7979027384263916
1629,0.7980242898868412
1630,0.7981456830585403
1631,0.7982669182714702
1632,0.7983879958546806
1633,0.7985089161362873
1634,0.7986296794434831
1635,0.7987502861025301
1636,0.7988707364387775
1637,0.7989910307766501
1638,0.7991111694396562
1639,0.7992311527503922
1640,0.7993509810305497
1641,0.7994706546009055
1642,0.7995901737813372
1643,0.7997095388908217
1644,0.7998287502474378
1645,0.7999478081683681
1646,0.8000667129699037
1647,0.7892962329273802
1648,0.789422352019965
1649,0.7895483073899501
1650,0.789674099376019
1651,0.789799728315905
1652,0.7899251945463949
1653,0.7900504984033365
1654,0.7901756402216278
1655,0.7903006203352334
1656,0.7904254390771734
1657,0.790550096779535
1658,0.7906745937734684
1659,0.7907989303891882
1660,0.7909231069559821
1661,0.7910471238022061
1662,0.7911709812552911
1663,0.7912946796417338
1664,0.7914182192871203
1665,0.7915416005161054
1666,0.7916648236524279
1667,0.7917878890189094
1668,0.7919107969374565
1669,0.79203354772906
1670,0.7921561417138042
1671,0.7922785792108599
1672,0.7924008605384935
1673,0.7925229860140673
1674,0.7926449559540384
1675,0.7927667706739675
1676,0.7928884304885137
1677,0.7930099357114461
1678,0.7931312866556337
1679,0.79325248363306
1680,0.7933735269548163
1681,0.7934944169311089
1682,0.7936151538712611
1683,0.7937357380837129
1684,0.7938561698760288
1685,0.7939764495548897
1686,0.7940965774261083
1687,0.7942165537946254
1688,0.7943363789645077
1689,0.7944560532389588
1690,0.7945755769203173
1691,0.7946949503100629
1692,0.7948141737088044
1693,0.7949332474163084
1694,0.7950521717314829
1695,0.7951709469523751
1696,0.7952895733761951
1697,0.7954080512993015
1698,0.7955263810172053
1699,0.7956445628245855
1700,0.7957625970152733
1701,0.7958804838822696
1702,0.7959982237177358
1703,0.7961158168130114
1704,0.7962332634586028
1705,0.7963505639441888
1706,0.79646771855863
1707,0.7965847275899651
1708,0.7967015913254173
1709,0.7968183100513928
1710,0.7969348840534861
1711,0.7970513136164872
1712,0.7971675990243727
1713,0.7972837405603226
1714,0.7973997385067135
1715,0.7975155931451222
1716,0.7976313047563355
1717,0.7977468736203409
1718,0.7978623000163411
1719,0.7979775842227541
1720,0.7980927265172075
1721,0.7982077271765545
1722,0.7983225864768655
1723,0.7984373046934372
1724,0.7985518821007955
1725,0.7986663189726952
1726,0.798780615582123
1727,0.7988947722013032
1728,0.7990087891016977
1729,0.799122666554013
1730,0.7992364048281984
1731,0.799350004193449
1732,0.7994634649182136
1733,0.7995767872701931
1734,0.7996899715163427
1735,0.7998030179228791
1736,0.7999159267552828
1737,0.8000286982782938
1738,0.7898150239034605
1739,0.7899342492203064
1740,0.7900533285687767
1741,0.7901722622338068
1742,0.7902910504995133
1743,0.7904096936491887
1744,0.7905281919653022
1745,0.7906465457295115
1746,0.790764755222653
1747,0.7908828207247526
1748,0.7910007425150224
1749,0.7911185208718653
1750,0.7912361560728751
1751,0.791353648394844
1752,0.7914709981137567
1753,0.7915882055047977
1754,0.791705270842353
1755,0.7918221944000134
1756,0.79193897645057
1757,0.7920556172660267
1758,0.7921721171175959
1759,0.7922884762757003
1760,0.7924046950099773
1761,0.7925207735892832
1762,0.7926367122816912
1763,0.7927525113544956
1764,0.7928681710742155
1765,0.7929836917065957
1766,0.79309907351661
1767,0.7932143167684599
1768,0.793329421725584
1769,0.7934443886506541
1770,0.7935592178055813
1771,0.7936739094515157
1772,0.7937884638488509
1773,0.793902881257227
1774,0.7940171619355287
1775,0.7941313061418951
1776,0.7942453141337147
1777,0.7943591861676345
1778,0.794472922499557
1779,0.7945865233846439
1780,0.7946999890773241
1781,0.7948133198312876
1782,0.7949265158994944
1783,0.795039577534177
1784,0.7951525049868364
1785,0.7952652985082546
1786,0.7953779583484873
1787,0.7954904847568751
1788,0.7956028779820394
1789,0.7957151382718891
1790,0.7958272658736234
1791,0.7959392610337291
1792,0.7960511239979915
1793,0.7961628550114886
1794,0.7962744543186039
1795,0.796385922163017
1796,0.7964972587877137
1797,0.7966084644349885
1798,0.7967195393464486
1799,0.7968304837630086
1800,0.7969412979249056
1801,0.7970519820716879
1802,0.7971625364422282
1803,0.7972729612747245
1804,0.7973832568066979
1805,0.7974934232750011
1806,0.7976034609158212
1807,0.7977133699646731
1808,0.7978231506564137
1809,0.7979328032252421
1810,0.798042327904694
1811,0.7981517249276571
1812,0.798260994526364
1813,0.7983701369324004
1814,0.7984791523767024
1815,0.7985880410895668
1816,0.7986968033006501
1817,0.7988054392389655
1818,0.7989139491328983
1819,0.7990223332101948
1820,0.7991305916979783
1821,0.7992387248227403
1822,0.7993467328103524
1823,0.7994546158860578
1824,0.7995623742744928
1825,0.7996700081996679
1826,0.7997775178849849
1827,0.7998849035532337
1828,0.7999921654265985
1829,0.8000993037266617
1830,0.7903917420118506
1831,0.7905046756235883
1832,0.7906174786651265
1833,0.790730151375915
1834,0.7908426939946908
1835,0.7909551067594744
1836,0.7910673899075753
1837,0.7911795436755886
1838,0.7912915682994083
1839,0.7914034640142175
1840,0.7915152310544955
1841,0.7916268696540242
1842,0.7917383800458814
1843,0.7918497624624528
1844,0.7919610171354263
1845,0.7920721442957996
1846,0.792183144173882
1847,0.7922940169992906
1848,0.7924047630009609
1849,0.7925153824071437
1850,0.7926258754454125
1851,0.7927362423426593
1852,0.7928464833251033
1853,0.7929565986182884
1854,0.7930665884470887
1855,0.7931764530357089
1856,0.7932861926076896
1857,0.7933958073859059
1858,0.7935052975925742
1859,0.7936146634492506
1860,0.7937239051768338
1861,0.7938330229955732
1862,0.7939420171250631
1863,0.794050887784249
1864,0.7941596351914344
1865,0.7942682595642756
1866,0.794376761119789
1867,0.794485140074354
1868,0.7945933966437088
1869,0.794701531042967
1870,0.7948095434866015
1871,0.7949174341884623
1872,0.7950252033617756
1873,0.7951328512191395
1874,0.7952403779725342
1875,0.7953477838333198
1876,0.7954550690122466
1877,0.7955622337194443
1878,0.7956692781644366
1879,0.7957762025561422
1880,0.7958830071028667
1881,0.795989692012324
1882,0.796096257491617
1883,0.7962027037472613
1884,0.7963090309851697
1885,0.7964152394106712
1886,0.7965213292284994
1887,0.7966273006428028
1888,0.796733153857146
1889,0.7968388890745143
1890,0.7969445064973113
1891,0.7970500063273674
1892,0.7971553887659364
1893,0.7972606540137023
1894,0.7973658022707836
1895,0.7974708337367296
1896,0.7975757486105295
1897,0.7976805470906121
1898,0.7977852293748461
1899,0.797889795660549
1900,0.7979942461444827
1901,0.7980985810228637
1902,0.7982028004913555
1903,0.7983069047450837
1904,0.7984108939786281
1905,0.7985147683860323
1906,0.7986185281608013
1907,0.7987221734959087
1908,0.7988257045837952
1909,0.7989291216163737
1910,0.7990324247850342
1911,0.7991356142806374
1912,0.7992386902935286
1913,0.799341653013537
1914,0.7994445026299731
1915,0.7995472393316334
1916,0.7996498633068088
1917,0.7997523747432808
1918,0.7998547738283274
1919,0.7999570607487215
1920,0.8000592356907436
1921,0.7908027383387455
1922,0.7909101491329363
1923,0.7910174423452613
1924,0.7911246181776876
1925,0.7912316768315557
1926,0.7913386185075836
1927,0.7914454434058622
1928,0.7915521517258721
1929,0.7916587436664702
1930,0.7917652194259033
1931,0.7918715792018015
1932,0.7919778231911888
1933,0.7920839515904832
1934,0.792189964595491
1935,0.7922958624014225
1936,0.7924016452028844
1937,0.7925073131938868
1938,0.792612866567841
1939,0.7927183055175712
1940,0.7928236302353054
1941,0.7929288409126876
1942,0.7930339377407699
1943,0.7931389209100276
1944,0.7932437906103534
1945,0.7933485470310563
1946,0.7934531903608751
1947,0.793557720787974
1948,0.793662138499943
1949,0.793766443683807
1950,0.7938706365260227
1951,0.7939747172124845
1952,0.7940786859285223
1953,0.7941825428589121
1954,0.7942862881878704
1955,0.7943899220990605
1956,0.7944934447755957
1957,0.7945968564000391
1958,0.794700157154409
1959,0.7948033472201775
1960,0.7949064267782795
1961,0.7950093960091094
1962,0.7951122550925248
1963,0.7952150042078486
1964,0.7953176435338798
1965,0.7954201732488789
1966,0.7955225935305869
1967,0.7956249045562198
1968,0.7957271065024747
1969,0.7958291995455267
1970,0.7959311838610391
1971,0.7960330596241592
1972,0.7961348270095252
1973,0.7962364861912663
1974,0.7963380373430091
1975,0.7964394806378736
1976,0.7965408162484794
1977,0.7966420443469555
1978,0.7967431651049255
1979,0.7968441786935261
1980,0.7969450852834034
1981,0.7970458850447167
1982,0.7971465781471364
1983,0.7972471647598566
1984,0.7973476450515864
1985,0.7974480191905596
1986,0.7975482873445366
1987,0.7976484496808025
1988,0.7977485063661754
1989,0.7978484575670068
1990,0.7979483034491811
1991,0.7980480441781227
1992,0.7981476799187961
1993,0.7982472108357088
1994,0.7983466370929125
1995,0.798445958854012
1996,0.7985451762821578
1997,0.7986442895400556
1998,0.7987432987899666
1999,0.7988422041937134
2000,0.7989410059126711
2001,0.7990397041077894
2002,0.7991382989395743
2003,0.7992367905681101
2004,0.7993351791530409
2005,0.7994334648535909
2006,0.7995316478285596
2007,0.7996297282363257
2008,0.7997277062348453
2009,0.7998255819816626
2010,0.7999233556339039
2011,0.8000210273482871
2012,0.7911737463392301
2013,0.7912761695267942
2014,0.7913784863596631
2015,0.791480697008152
2016,0.7915828016420275
2017,0.7916848004305073
2018,0.7917866935422723
2019,0.7918884811454628
2020,0.7919901634076794
2021,0.792091740495991
2022,0.7921932125769316
2023,0.7922945798165042
2024,0.7923958423801889
2025,0.7924970004329324
2026,0.7925980541391661
2027,0.7926990036627967
2028,0.7927998491672132
2029,0.7929005908152873
2030,0.7930012287693813
2031,0.7931017631913422
2032,0.7932021942425117
2033,0.7933025220837224
2034,0.7934027468753061
2035,0.7935028687770906
2036,0.7936028879484052
2037,0.7937028045480857
2038,0.7938026187344684
2039,0.7939023306654033
2040,0.7940019404982495
2041,0.7941014483898791
2042,0.7942008544966781
2043,0.7943001589745566
2044,0.794399361978939
2045,0.7944984636647757
2046,0.7945974641865421
2047,0.7946963636982423
2048,0.7947951623534129
2049,0.794893860305119
2050,0.7949924577059633
2051,0.7950909547080882
2052,0.7951893514631769
2053,0.7952876481224499
2054,0.7953858448366803
2055,0.7954839417561844
2056,0.7955819390308317
2057,0.7956798368100415
2058,0.7957776352427913
2059,0.7958753344776132
2060,0.7959729346626051
2061,0.7960704359454219
2062,0.7961678384732847
2063,0.7962651423929863
2064,0.7963623478508846
2065,0.7964594549929152
2066,0.7965564639645824
2067,0.7966533749109737
2068,0.7967501879767549
2069,0.7968469033061751
2070,0.7969435210430642
2071,0.7970400413308435
2072,0.7971364643125259
2073,0.7972327901307116
2074,0.7973290189275986
2075,0.7974251508449822
2076,0.7975211860242553
2077,0.7976171246064173
2078,0.7977129667320644
2079,0.7978087125414093
2080,0.7979043621742685
2081,0.79799991577007
2082,0.7980953734678589
2083,0.7981907354062954
2084,0.7982860017236588
2085,0.7983811725578513
2086,0.7984762480463973
2087,0.7985712283264497
2088,0.798666113534787
2089,0.7987609038078225
2090,0.7988555992816004
2091,0.7989502000918028
2092,0.7990447063737492
2093,0.7991391182624008
2094,0.7992334358923585
2095,0.7993276593978748
2096,0.7994217889128454
2097,0.7995158245708165
2098,0.7996097665049868
2099,0.7997036148482153
2100,0.7997973697330102
2101,0.7998910312915439
2102,0.799984599655651
2103,0.8000780749568283
2104,0.7916080638639295
2105,0.7917058657029449
2106,0.7918035710865446
2107,0.7919011801577028
2108,0.7919986930589253
2109,0.792096109932245
2110,0.7921934309192208
2111,0.7922906561609465
2112,0.7923877857980519
2113,0.792484819970701
2114,0.7925817588186009
2115,0.7926786024809984
2116,0.7927753510966817
2117,0.7928720048039898
2118,0.7929685637408106
2119,0.7930650280445819
2120,0.7931613978522931
2121,0.7932576733004915
2122,0.7933538545252835
2123,0.7934499416623381
2124,0.7935459348468801
2125,0.7936418342137092
2126,0.7937376398971862
2127,0.7938333520312447
2128,0.793928970749392
2129,0.7940244961847076
2130,0.7941199284698519
2131,0.7942152677370627
2132,0.7943105141181604
2133,0.7944056677445506
2134,0.7945007287472271
2135,0.7945956972567709
2136,0.7946905734033556
2137,0.7947853573167485
2138,0.7948800491263162
2139,0.7949746489610193
2140,0.7950691569494257
2141,0.7951635732197024
2142,0.7952578978996256
2143,0.795352131116576
2144,0.795446272997552
2145,0.7955403236691583
2146,0.7956342832576191
2147,0.7957281518887777
2148,0.7958219296880913
2149,0.7959156167806498
2150,0.7960092132911611
2151,0.7961027193439628
2152,0.7961961350630244
2153,0.796289460571943
2154,0.7963826959939562
2155,0.796475841451934
2156,0.7965688970683883
2157,0.7966618629654725
2158,0.7967547392649824
2159,0.7968475260883628
2160,0.7969402235567066
2161,0.7970328317907577
2162,0.7971253509109123
2163,0.7972177810372256
2164,0.7973101222894083
2165,0.7974023747868324
2166,0.7974945386485334
2167,0.7975866139932112
2168,0.797678600939233
2169,0.7977704996046376
2170,0.7978623101071328
2171,0.797954032564105
2172,0.7980456670926155
2173,0.7981372138094037
2174,0.7982286728308904
2175,0.7983200442731824
2176,0.7984113282520686
2177,0.798502524883031
2178,0.7985936342812373
2179,0.7986846565615511
2180,0.7987755918385305
2181,0.7988664402264292
2182,0.7989572018392016
2183,0.7990478767905058
2184,0.7991384651937006
2185,0.7992289671618522
2186,0.7993193828077357
2187,0.7994097122438365
2188,0.7994999555823543
2189,0.7995901129352013
2190,0.7996801844140079
2191,0.7997701701301266
2192,0.7998600701946295
2193,0.7999498847183101
2194,0.800039613811691
2195,0.7919102837717681
2196,0.7920039720278002
2197,0.792097572323506
2198,0.7921910847790532
2199,0.7922845095141986
2200,0.7923778466482844
2201,0.7924710963002455
2202,0.7925642585886132
2203,0.792657333631512
2204,0.792750321546665
2205,0.7928432224513987
2206,0.7929360364626385
2207,0.7930287636969177
2208,0.7931214042703786
2209,0.7932139582987683
2210,0.7933064258974494
2211,0.7933988071814021
2212,0.7934911022652175
2213,0.7935833112631089
2214,0.7936754342889104
2215,0.7937674714560815
2216,0.7938594228777048
2217,0.7939512886664936
2218,0.7940430689347899
2219,0.7941347637945715
2220,0.7942263733574478
2221,0.7943178977346708
2222,0.7944093370371261
2223,0.7945006913753455
2224,0.7945919608595075
2225,0.7946831455994318
2226,0.7947742457045889
2227,0.7948652612841031
2228,0.7949561924467514
2229,0.7950470393009668
2230,0.795137801954838
2231,0.7952284805161178
2232,0.7953190750922219
2233,0.7954095857902248
2234,0.795500012716879
2235,0.7955903559785972
2236,0.7956806156814707
2237,0.7957707919312608
2238,0.7958608848334052
2239,0.7959508944930271
2240,0.7960408210149208
2241,0.7961306645035715
2242,0.7962204250631444
2243,0.7963101027974994
2244,0.7963996978101805
2245,0.7964892102044261
2246,0.7965786400831699
2247,0.7966679875490426
2248,0.796757252704371
2249,0.7968464356511863
2250,0.7969355364912244
2251,0.7970245553259235
2252,0.7971134922564309
2253,0.7972023473836041
2254,0.7972911208080143
2255,0.7973798126299483
2256,0.7974684229494039
2257,0.7975569518661044
2258,0.797645399479492
2259,0.7977337658887321
2260,0.7978220511927137
2261,0.7979102554900575
2262,0.7979983788791116
2263,0.7980864214579563
2264,0.7981743833244093
2265,0.79826226457602
2266,0.7983500653100789
2267,0.7984377856236161
2268,0.798525425613407
2269,0.7986129853759693
2270,0.798700465007568
2271,0.7987878646042195
2272,0.7988751842616897
2273,0.7989624240754976
2274,0.7990495841409198
2275,0.7991366645529887
2276,0.7992236654064971
2277,0.7993105867959989
2278,0.7993974288158137
2279,0.7994841915600249
2280,0.799570875122486
2281,0.7996574795968179
2282,0.7997440050764157
2283,0.7998304516544485
2284,0.7999168194238608
2285,0.8000031084773758
2286,0.7921865733188687
2287,0.7922764991016762
2288,0.7923663443747028
2289,0.7924561092386362
2290,0.7925457937938071
2291,0.7926353981401889
2292,0.7927249223774024
2293,0.7928143666047113
2294,0.7929037309210356
2295,0.7929930154249438
2296,0.7930822202146597
2297,0.7931713453880659
2298,0.7932603910427007
2299,0.7933493572757664
2300,0.793438244184127
2301,0.7935270518643145
2302,0.7936157804125249
2303,0.7937044299246313
2304,0.7937930004961705
2305,0.7938814922223599
2306,0.7939699051980921
2307,0.7940582395179373
2308,0.794146495276149
2309,0.7942346725666646
2310,0.7943227714831016
2311,0.7944107921187739
2312,0.7944987345666792
2313,0.7945865989195109
2314,0.7946743852696528
2315,0.7947620937091907
2316,0.7948497243299034
2317,0.7949372772232758
2318,0.7950247524804926
2319,0.7951121501924454
2320,0.7951994704497353
2321,0.7952867133426696
2322,0.7953738789612689
2323,0.7954609673952684
2324,0.7955479787341199
2325,0.7956349130669921
2326,0.7957217704827746
2327,0.7958085510700813
2328,0.795895254917251
2329,0.7959818821123473
2330,0.7960684327431663
2331,0.7961549068972316
2332,0.7962413046618035
2333,0.7963276261238765
2334,0.7964138713701847
2335,0.7965000404871987
2336,0.7965861335611332
2337,0.7966721506779487
2338,0.7967580919233491
2339,0.7968439573827872
2340,0.7969297471414685
2341,0.7970154612843481
2342,0.7971010998961366
2343,0.7971866630613048
2344,0.7972721508640762
2345,0.7973575633884408
2346,0.7974429007181468
2347,0.7975281629367126
2348,0.7976133501274204
2349,0.7976984623733224
2350,0.7977834997572399
2351,0.797868462361772
2352,0.7979533502692894
2353,0.7980381635619416
2354,0.7981229023216563
2355,0.7982075666301451
2356,0.7982921565689015
2357,0.7983766722192026
2358,0.7984611136621173
2359,0.798545480978499
2360,0.7986297742489966
2361,0.7987139935540494
2362,0.7987981389738926
2363,0.7988822105885623
2364,0.7989662084778881
2365,0.7990501327215063
2366,0.799133983398854
2367,0.7992177605891702
2368,0.7993014643715078
2369,0.7993850948247229
2370,0.799468652027488
2371,0.7995521360582807
2372,0.799635546995402
2373,0.7997188849169639
2374,0.799802149900898
2375,0.7998853420249583
2376,0.799968461366719
2377,0.8000515080035797
2378,0.792526571829431
2379,0.7926129698187037
2380,0.792699293943588
2381,0.7927855442877882
2382,0.7928717209347038
2383,0.792957823967429
2384,0.7930438534687486
2385,0.7931298095211494
2386,0.7932156922068173
2387,0.793301501607639
2388,0.7933872378052078
2389,0.7934729008808216
2390,0.7935584909154862
2391,0.7936440079899216
2392,0.7937294521845567
2393,0.7938148235795358
2394,0.7939001222547228
2395,0.7939853482896979
2396,0.7940705017637629
2397,0.7941555827559451
2398,0.7942405913449946
2399,0.7943255276093906
2400,0.7944103916273387
2401,0.7944951834767824
2402,0.7945799032353955
2403,0.7946645509805846
2404,0.7947491267894982
2405,0.794833630739025
2406,0.7949180629057936
2407,0.7950024233661784
2408,0.7950867121962987
2409,0.7951709294720252
2410,0.7952550752689759
2411,0.7953391496625211
2412,0.7954231527277877
2413,0.7955070845396593
2414,0.7955909451727761
2415,0.7956747347015388
2416,0.7957584532001137
2417,0.7958421007424306
2418,0.7959256774021856
2419,0.7960091832528421
2420,0.7960926183676369
2421,0.796175982819579
2422,0.7962592766814519
2423,0.7963425000258177
2424,0.7964256529250131
2425,0.7965087354511614
2426,0.7965917476761631
2427,0.7966746896717098
2428,0.7967575615092743
2429,0.7968403632601223
2430,0.7969230949953062
2431,0.7970057567856763
2432,0.7970883487018735
2433,0.7971708708143372
2434,0.7972533231933076
2435,0.7973357059088186
2436,0.7974180190307163
2437,0.7975002626286449
2438,0.7975824367720549
2439,0.7976645415302089
2440,0.7977465769721763
2441,0.7978285431668424
2442,0.7979104401829015
2443,0.7979922680888688
2444,0.7980740269530756
2445,0.7981557168436723
2446,0.7982373378286322
2447,0.7983188899757513
2448,0.7984003733526525
2449,0.7984817880267823
2450,0.7985631340654213
2451,0.7986444115356776
2452,0.798725620504494
2453,0.798806761038648
2454,0.7988878332047521
2455,0.7989688370692586
2456,0.7990497726984579
2457,0.7991306401584855
2458,0.7992114395153213
2459,0.7992921708347852
2460,0.7993728341825478
2461,0.7994534296241321
2462,0.7995339572249069
2463,0.7996144170500944
2464,0.7996948091647756
2465,0.7997751336338831
2466,0.7998553905222093
2467,0.799935579894407
2468,0.8000157018149865
2469,0.792756847954439
2470,0.7928400704241524
2471,0.7929232248158717
2472,0.7930063111990566
2473,0.7930893296428987
2474,0.7931722802163271
2475,0.7932551629880079
2476,0.7933379780263459
2477,0.7934207253994927
2478,0.7935034051753391
2479,0.793586017421525
2480,0.793668562205433
2481,0.7937510395942051
2482,0.7938334496547251
2483,0.7939157924536403
2484,0.7939980680573454
2485,0.7940802765319992
2486,0.7941624179435203
2487,0.7942444923575842
2488,0.7943264998396374
2489,0.794408440454888
2490,0.7944903142683116
2491,0.7945721213446573
2492,0.7946538617484413
2493,0.7947355355439607
2494,0.7948171427952824
2495,0.7948986835662532
2496,0.7949801579205004
2497,0.7950615659214321
2498,0.7951429076322415
2499,0.795224183115906
2500,0.7953053924351919
2501,0.7953865356526534
2502,0.7954676128306396
2503,0.7955486240312868
2504,0.7956295693165338
2505,0.795710448748113
2506,0.7957912623875582
2507,0.7958720102962015
2508,0.795952692535179
2509,0.7960333091654319
2510,0.7961138602477111
2511,0.7961943458425716
2512,0.7962747660103808
2513,0.7963551208113209
2514,0.7964354103053859
2515,0.7965156345523869
2516,0.7965957936119552
2517,0.7966758875435375
2518,0.7967559164064053
2519,0.7968358802596555
2520,0.796915779162207
2521,0.7969956131728088
2522,0.7970753823500385
2523,0.7971550867523058
2524,0.7972347264378499
2525,0.7973143014647491
2526,0.7973938118909156
2527,0.7974732577741
2528,0.7975526391718945
2529,0.7976319561417328
2530,0.7977112087408933
2531,0.7977903970264971
2532,0.7978695210555161
2533,0.7979485808847696
2534,0.7980275765709264
2535,0.7981065081705107
2536,0.7981853757399001
2537,0.798264179335329
2538,0.7983429190128871
2539,0.7984215948285276
2540,0.798500206838062
2541,0.798578755097166
2542,0.7986572396613814
2543,0.7987356605861133
2544,0.7988140179266403
2545,0.7988923117381055
2546,0.798970542075525
2547,0.7990487089937894
2548,0.7991268125476646
2549,0.7992048527917932
2550,0.7992828297806939
2551,0.7993607435687684
2552,0.7994385942102971
2553,0.7995163817594464
2554,0.7995941062702644
2555,0.7996717677966891
2556,0.7997493663925436
2557,0.7998269021115434
2558,0.7999043750072947
2559,0.7999817851332951
2560,0.8000591325429377
2561,0.7930498869640593
2562,0.7931301119845835
2563,0.7932102741190447
2564,0.7932903734244441
2565,0.7933704099575599
2566,0.7934503837749439
2567,0.7935302949329264
2568,0.7936101434876118
2569,0.7936899294948916
2570,0.793769653010438
2571,0.7938493140897067
2572,0.7939289127879402
2573,0.7940084491601702
2574,0.7940879232612196
2575,0.7941673351456997
2576,0.7942466848680232
2577,0.79432597248239
2578,0.7944051980428068
2579,0.7944843616030712
2580,0.7945634632167887
2581,0.7946425029373667
2582,0.7947214808180179
2583,0.7948003969117593
2584,0.7948792512714222
2585,0.7949580439496456
2586,0.795036774998881
2587,0.7951154444713967
2588,0.7951940524192729
2589,0.7952725988944158
2590,0.7953510839485426
2591,0.7954295076331981
2592,0.7955078699997512
2593,0.7955861710993928
2594,0.795664410983144
2595,0.7957425897018543
2596,0.7958207073062017
2597,0.7958987638467012
2598,0.7959767593736978
2599,0.7960546939373783
2600,0.7961325675877621
2601,0.7962103803747116
2602,0.7962881323479287
2603,0.7963658235569624
2604,0.7964434540512018
2605,0.7965210238798881
2606,0.7965985330921053
2607,0.7966759817367935
2608,0.796753369862741
2609,0.7968306975185923
2610,0.7969079647528466
2611,0.7969851716138597
2612,0.7970623181498481
2613,0.7971394044088872
2614,0.7972164304389149
2615,0.7972933962877343
2616,0.7973703020030147
2617,0.7974471476322921
2618,0.797523933222971
2619,0.7976006588223274
2620,0.7976773244775113
2621,0.7977539302355443
2622,0.7978304761433245
2623,0.797906962247629
2624,0.7979833885951129
2625,0.7980597552323132
2626,0.7981360622056466
2627,0.7982123095614161
2628,0.798288497345811
2629,0.798364625604906
2630,0.7984406943846654
2631,0.7985167037309437
2632,0.7985926536894878
2633,0.7986685443059391
2634,0.7987443756258316
2635,0.7988201476946001
2636,0.798895860557574
2637,0.7989715142599854
2638,0.7990471088469655
2639,0.7991226443635496
2640,0.7991981208546786
2641,0.7992735383651987
2642,0.7993488969398633
2643,0.7994241966233355
2644,0.7994994374601897
2645,0.7995746194949107
2646,0.7996497427718977
2647,0.7997248073354649
2648,0.7997998132298484
2649,0.7998747604991905
2650,0.7999496491875646
2651,0.800024479338962
2652,0.7932443432989257
2653,0.7933218529776871
2654,0.7933993043321713
2655,0.793476697408915
2656,0.793554032254261
2657,0.7936313089143606
2658,0.7937085274351755
2659,0.7937856878624783
2660,0.7938627902418556
2661,0.7939398346187052
2662,0.7940168210382494
2663,0.7940937495455217
2664,0.7941706201853804
2665,0.7942474330025063
2666,0.7943241880413998
2667,0.794400885346392
2668,0.7944775249616401
2669,0.7945541069311269
2670,0.7946306312986724
2671,0.794707098107925
2672,0.7947835074023691
2673,0.7948598592253234
2674,0.7949361536199497
2675,0.7950123906292419
2676,0.795088570296042
2677,0.7951646926630318
2678,0.7952407577727383
2679,0.7953167656675364
2680,0.7953927163896483
2681,0.7954686099811468
2682,0.7955444464839523
2683,0.7956202259398465
2684,0.7956959483904601
2685,0.7957716138772819
2686,0.7958472224416595
2687,0.7959227741247986
2688,0.795998268967773
2689,0.7960737070115118
2690,0.7961490882968135
2691,0.7962244128643441
2692,0.7962996807546348
2693,0.796374892008091
2694,0.7964500466649848
2695,0.7965251447654654
2696,0.7966001863495559
2697,0.7966751714571558
2698,0.7967501001280428
2699,0.7968249724018731
2700,0.7968997883181882
2701,0.796974547916408
2702,0.7970492512358401
2703,0.7971238983156755
2704,0.7971984891949967
2705,0.7972730239127724
2706,0.7973475025078623
2707,0.7974219250190221
2708,0.7974962914848981
2709,0.7975706019440317
2710,0.797644856434864
2711,0.7977190549957326
2712,0.797793197664879
2713,0.7978672844804425
2714,0.7979413154804665
2715,0.7980152907029009
2716,0.7980892101856001
2717,0.7981630739663288
2718,0.7982368820827578
2719,0.7983106345724696
2720,0.7983843314729615
2721,0.7984579728216421
2722,0.7985315586558361
2723,0.7986050890127869
2724,0.7986785639296518
2725,0.7987519834435103
2726,0.7988253475913633
2727,0.798898656410135
2728,0.7989719099366712
2729,0.7990451082077457
2730,0.7991182512600572
2731,0.7991913391302333
2732,0.7992643718548325
2733,0.7993373494703424
2734,0.7994102720131853
2735,0.7994831395197161
2736,0.7995559520262244
2737,0.799628709568937
2738,0.7997014121840221
2739,0.7997740599075819
2740,0.7998466527756631
2741,0.799919190824251
2742,0.7999916740892782
2743,0.8000641026066202
2744,0.7935000838594239
2745,0.7935750152416372
2746,0.7936498924131534
2747,0.7937247154113551
2748,0.7937994842734604
2749,0.7938741990365275
2750,0.7939488597374533
2751,0.7940234664129765
2752,0.7940980190996793
2753,0.7941725178339916
2754,0.7942469626521867
2755,0.7943213535903885
2756,0.7943956906845696
2757,0.7944699739705557
2758,0.7945442034840255
2759,0.7946183792605126
2760,0.7946925013354074
2761,0.794766569743958
2762,0.7948405845212725
2763,0.7949145457023218
2764,0.7949884533219408
2765,0.7950623074148245
2766,0.7951361080155392
2767,0.7952098551585179
2768,0.7952835488780625
2769,0.7953571892083456
2770,0.7954307761834156
2771,0.7955043098371919
2772,0.7955777902034702
2773,0.795651217315926
2774,0.7957245912081121
2775,0.795797911913463
2776,0.7958711794652947
2777,0.7959443938968078
2778,0.7960175552410879
2779,0.796090663531105
2780,0.7961637187997255
2781,0.7962367210796962
2782,0.7963096704036612
2783,0.7963825668041541
2784,0.7964554103136083
2785,0.7965282009643475
2786,0.7966009387885972
2787,0.7966736238184805
2788,0.7967462560860202
2789,0.7968188356231433
2790,0.7968913624616788
2791,0.7969638366333602
2792,0.797036258169832
2793,0.7971086271026424
2794,0.7971809434632481
2795,0.7972532072830226
2796,0.7973254185932457
2797,0.7973975774251166
2798,0.7974696838097438
2799,0.7975417377781572
2800,0.7976137393613065
2801,0.7976856885900547
2802,0.7977575854951903
2803,0.797829430107426
2804,0.7979012224573936
2805,0.7979729625756555
2806,0.7980446504926952
2807,0.7981162862389292
2808,0.7981878698447008
2809,0.7982594013402861
2810,0.7983308807558925
2811,0.7984023081216608
2812,0.7984736834676672
2813,0.7985450068239253
2814,0.7986162782203848
2815,0.7986874976869366
2816,0.7987586652534111
2817,0.7988297809495799
2818,0.7989008448051562
2819,0.7989718568498039
2820,0.7990428171131247
2821,0.7991137256246735
2822,0.7991845824139507
2823,0.7992553875104067
2824,0.7993261409434452
2825,0.7993968427424182
2826,0.7994674929366352
2827,0.799538091555357
2828,0.799608638627805
2829,0.7996791341831532
2830,0.7997495782505374
2831,0.7998199708590527
2832,0.7998903120377521
2833,0.799960601815658
2834,0.8000308402217512
2835,0.7936662209016148
2836,0.79373880346512
2837,0.7938113354638896
2838,0.7938838169276076
2839,0.7939562478858214
2840,0.7940286283679415
2841,0.794100958403243
2842,0.7941732380208674
2843,0.794245467249828
2844,0.7943176461190048
2845,0.794389774657149
2846,0.7944618528928872
2847,0.7945338808547184
2848,0.7946058585710192
2849,0.7946777860700421
2850,0.7947496633799221
2851,0.7948214905286716
2852,0.7948932675441848
2853,0.7949649944542433
2854,0.7950366712865098
2855,0.7951082980685352
2856,0.795179874827762
2857,0.7952514015915152
2858,0.795322878387018
2859,0.7953943052413818
2860,0.7954656821816143
2861,0.7955370092346179
2862,0.7956082864271944
2863,0.7956795137860394
2864,0.795750691337752
2865,0.7958218191088343
2866,0.795892897125686
2867,0.7959639254146174
2868,0.7960349040018405
2869,0.796105832913474
2870,0.7961767121755493
2871,0.7962475418140053
2872,0.7963183218546929
2873,0.7963890523233752
2874,0.7964597332457308
2875,0.7965303646473546
2876,0.7966009465537573
2877,0.7966714789903687
2878,0.7967419619825392
2879,0.7968123955555401
2880,0.7968827797345651
2881,0.7969531145447333
2882,0.7970234000110878
2883,0.7970936361586005
2884,0.7971638230121709
2885,0.7972339605966261
2886,0.7973040489367272
2887,0.7973740880571651
2888,0.7974440779825676
2889,0.7975140187374941
2890,0.7975839103464419
2891,0.7976537528338458
2892,0.7977235462240806
2893,0.7977932905414602
2894,0.7978629858102391
2895,0.7979326320546183
2896,0.7980022292987392
2897,0.7980717775666932
2898,0.7981412768825109
2899,0.7982107272701806
2900,0.798280128753633
2901,0.7983494813567505
2902,0.7984187851033717
2903,0.7984880400172822
2904,0.7985572461222279
2905,0.7986264034419036
2906,0.7986955119999692
2907,0.7987645718200371
2908,0.7988335829256805
2909,0.7989025453404324
2910,0.7989714590877894
2911,0.7990403241912112
2912,0.7991091406741181
2913,0.7991779085599016
2914,0.7992466278719151
2915,0.7993152986334815
2916,0.799383920867894
2917,0.7994524945984135
2918,0.7995210198482755
2919,0.7995894966406828
2920,0.7996579249988182
2921,0.7997263049458362
2922,0.7997946365048655
2923,0.7998629196990166
2924,0.7999311545513739
2925,0.7999993410850033
2926,0.800067479322951
2927,0.7938918825375385
2928,0.793962223033318
2929,0.7940325162660202
2930,0.7941027622586012
2931,0.7941729610339078
2932,0.794243112614672
2933,0.7943132170235135
2934,0.7943832742829442
2935,0.7944532844153677
2936,0.794523247443078
2937,0.7945931633882676
2938,0.7946630322730213
2939,0.7947328541193213
2940,0.794802628949052
2941,0.7948723567839936
2942,0.7949420376458334
2943,0.7950116715561538
2944,0.7950812585364505
2945,0.7951507986081172
2946,0.7952202917924603
2947,0.7952897381106909
2948,0.7953591375839338
2949,0.7954284902332189
2950,0.795497796079499
2951,0.7955670551436294
2952,0.7956362674463912
2953,0.795705433008472
2954,0.7957745518504873
2955,0.7958436239929655
2956,0.7959126494563591
2957,0.7959816282610427
2958,0.7960505604273129
2959,0.796119445975392
2960,0.7961882849254274
2961,0.7962570772974978
2962,0.7963258231116058
2963,0.7963945223876855
2964,0.7964631751456053
2965,0.7965317814051661
2966,0.7966003411860977
2967,0.7966688545080729
2968,0.7967373213906934
2969,0.7968057418535053
2970,0.7968741159159911
2971,0.7969424435975735
2972,0.7970107249176193
2973,0.7970789598954352
2974,0.7971471485502729
2975,0.7972152909013349
2976,0.7972833869677627
2977,0.7973514367686502
2978,0.7974194403230408
2979,0.7974873976499275
2980,0.7975553087682562
2981,0.7976231736969233
2982,0.797690992454782
2983,0.7977587650606409
2984,0.7978264915332649
2985,0.7978941718913762
2986,0.7979618061536552
2987,0.7980293943387448
2988,0.7980969364652496
2989,0.7981644325517349
2990,0.7982318826167294
2991,0.7982992866787304
2992,0.7983666447561993
2993,0.7984339568675631
2994,0.7985012230312223
2995,0.7985684432655398
2996,0.7986356175888565
2997,0.7987027460194809
2998,0.7987698285756961
2999,0.7988368652757603
3000,0.798903856137904
3001,0.7989708011803397
3002,0.7990377004212507
3003,0.7991045538788053
3004,0.7991713615711463
3005,0.7992381235164022
3006,0.7993048397326797
3007,0.79937151023807
3008,0.7994381350506503
3009,0.7995047141884808
3010,0.7995712476696075
3011,0.7996377355120671
3012,0.7997041777338801
3013,0.7997705743530615
3014,0.7998369253876124
3015,0.7999032308555305
3016,0.7999694907747992
3017,0.8000357051634026
3018,0.7940353107091455
3019,0.7941035984536688
3020,0.7941718418864694
3021,0.7942400410248504
3022,0.7943081958860275
3023,0.7943763064871132
3024,0.7944443728451382
3025,0.794512394977032
3026,0.7945803728996446
3027,0.7946483066297312
3028,0.7947161961839622
3029,0.7947840415789231
3030,0.7948518428311143
3031,0.7949195999569542
3032,0.7949873129727786
3033,0.7950549818948436
3034,0.7951226067393262
3035,0.7951901875223272
3036,0.7952577242598694
3037,0.7953252169679004
3038,0.7953926656622943
3039,0.7954600703588552
3040,0.7955274310733105
3041,0.7955947478213247
3042,0.7956620206184865
3043,0.7957292494803241
3044,0.7957964344222924
3045,0.7958635754597898
3046,0.7959306726081419
3047,0.7959977258826192
3048,0.7960647352984278
3049,0.7961317008707118
3050,0.7961986226145645
3051,0.7962655005450127
3052,0.7963323346770316
3053,0.79639912502554
3054,0.7964658716054046
3055,0.7965325744314384
3056,0.7965992335184032
3057,0.7966658488810097
3058,0.796732420533921
3059,0.796798948491752
3060,0.7968654327690712
3061,0.7969318733804017
3062,0.7969982703402215
3063,0.7970646236629655
3064,0.7971309333630295
3065,0.7971971994547663
3066,0.7972634219524883
3067,0.7973296008704703
3068,0.7973957362229517
3069,0.7974618280241342
3070,0.7975278762881826
3071,0.7975938810292323
3072,0.7976598422613829
3073,0.7977257599987029
3074,0.7977916342552304
3075,0.7978574650449751
3076,0.7979232523819172
3077,0.7979889962800115
3078,0.7980546967531859
3079,0.7981203538153402
3080,0.7981859674803565
3081,0.7982515377620905
3082,0.7983170646743772
3083,0.7983825482310283
3084,0.7984479884458405
3085,0.7985133853325888
3086,0.7985787389050323
3087,0.7986440491769129
3088,0.7987093161619592
3089,0.7987745398738814
3090,0.7988397203263822
3091,0.7989048575331479
3092,0.7989699515078537
3093,0.7990350022641669
3094,0.799100009815746
3095,0.7991649741762367
3096,0.7992298953592851
3097,0.7992947733785246
3098,0.7993596082475868
3099,0.7994243999800988
3100,0.7994891485896833
3101,0.7995538540899639
3102,0.79961851649456
3103,0.7996831358170918
3104,0.7997477120711829
3105,0.799812245270452
3106,0.7998767354285282
3107,0.799941182559039
3108,0.8000055866756207
3109,0.7941700139935498
3110,0.7942363746483486
3111,0.7943026936612816
3112,0.7943689710448081
3113,0.7944352068113083
3114,0.7945014009730887
3115,0.794567553542378
3116,0.7946336645313293
3117,0.7946997339520285
3118,0.7947657618164833
3119,0.7948317481366358
3120,0.7948976929243544
3121,0.7949635961914423
3122,0.7950294579496382
3123,0.7950952782106081
3124,0.7951610569859606
3125,0.7952267942872383
3126,0.7952924901259192
3127,0.7953581445134269
3128,0.7954237574611178
3129,0.7954893289802968
3130,0.7955548590822068
3131,0.7956203477780356
3132,0.7956857950789173
3133,0.7957512009959324
3134,0.7958165655401094
3135,0.7958818887224204
3136,0.795947170553794
3137,0.7960124110451069
3138,0.7960776102071853
3139,0.7961427680508137
3140,0.7962078845867273
3141,0.7962729598256169
3142,0.7963379937781333
3143,0.7964029864548808
3144,0.7964679378664234
3145,0.7965328480232893
3146,0.796597716935964
3147,0.796662544614894
3148,0.7967273310704936
3149,0.7967920763131365
3150,0.7968567803531679
3151,0.7969214432008939
3152,0.7969860648665907
3153,0.7970506453605053
3154,0.7971151846928508
3155,0.7971796828738148
3156,0.7972441399135533
3157,0.7973085558222011
3158,0.7973729306098599
3159,0.7974372642866124
3160,0.7975015568625157
3161,0.7975658083476042
3162,0.7976300187518887
3163,0.7976941880853634
3164,0.7977583163580007
3165,0.797822403579754
3166,0.7978864497605622
3167,0.7979504549103416
3168,0.7980144190390027
3169,0.7980783421564306
3170,0.7981422242725046
3171,0.7982060653970915
3172,0.7982698655400421
3173,0.798333624711198
3174,0.7983973429203952
3175,0.7984610201774579
3176,0.7985246564922043
3177,0.7985882518744436
3178,0.7986518063339845
3179,0.7987153198806253
3180,0.7987787925241643
3181,0.7988422242743964
3182,0.7989056151411148
3183,0.7989689651341123
3184,0.7990322742631798
3185,0.7990955425381131
3186,0.7991587699687078
3187,0.7992219565647594
3188,0.7992851023360755
3189,0.7993482072924615
3190,0.799411271443729
3191,0.7994742947997001
3192,0.799537277370201
3193,0.7996002191650702
3194,0.79966312019415
3195,0.7997259804672971
3196,0.799788799994376
3197,0.7998515787852691
3198,0.7999143168498648
3199,0.7999770141980705
3200,0.8000396708398027
3201,0.7943613530703524
3202,0.794425861551364
3203,0.7944903308208023
3204,0.7945547608869086
3205,0.7946191517578713
3206,0.7946835034418113
3207,0.7947478159467903
3208,0.7948120892808175
3209,0.794876323451837
3210,0.7949405184677403
3211,0.7950046743363649
3212,0.7950687910654918
3213,0.7951328686628508
3214,0.7951969071361162
3215,0.7952609064929189
3216,0.7953248667408327
3217,0.7953887878873861
3218,0.7954526699400626
3219,0.7955165129062945
3220,0.7955803167934734
3221,0.7956440816089425
3222,0.7957078073600068
3223,0.7957714940539248
3224,0.7958351416979194
3225,0.7958987502991695
3226,0.7959623198648152
3227,0.7960258504019628
3228,0.7960893419176773
3229,0.7961527944189913
3230,0.7962162079129044
3231,0.7962795824063786
3232,0.7963429179063469
3233,0.7964062144197094
3234,0.7964694719533371
3235,0.7965326905140708
3236,0.7965958701087232
3237,0.7966590107440814
3238,0.796722112426904
3239,0.7967851751639274
3240,0.7968481989618614
3241,0.7969111838273938
3242,0.7969741297671905
3243,0.7970370367878971
3244,0.7970999048961352
3245,0.7971627340985136
3246,0.7972255244016201
3247,0.7972882758120238
3248,0.797350988336279
3249,0.7974136619809271
3250,0.7974762967524905
3251,0.7975388926574829
3252,0.7976014497024053
3253,0.7976639678937443
3254,0.7977264472379809
3255,0.7977888877415825
3256,0.7978512894110108
3257,0.7979136522527168
3258,0.7979759762731516
3259,0.798038261478754
3260,0.7981005078759615
3261,0.7981627154712061
3262,0.7982248842709205
3263,0.7982870142815329
3264,0.7983491055094666
3265,0.7984111579611559
3266,0.7984731716430243
3267,0.7985351465615028
3268,0.7985970827230271
3269,0.7986589801340301
3270,0.7987208388009553
3271,0.7987826587302468
3272,0.7988444399283595
3273,0.7989061824017514
3274,0.7989678861568902
3275,0.799029551200253
3276,0.7990911775383257
3277,0.7991527651776034
3278,0.7992143141245946
3279,0.7992758243858217
3280,0.7993372959678133
3281,0.7993987288771212
3282,0.7994601231203049
3283,0.7995214787039409
3284,0.7995827956346252
3285,0.7996440739189681
3286,0.7997053135635968
3287,0.7997665145751599
3288,0.7998276769603266
3289,0.7998888007257825
3290,0.7999498858782383
3291,0.8000109324244233
3292,0.7944792395508997
3293,0.7945420412356965
3294,0.7946048059084633
3295,0.7946675335739123
3296,0.794730224236707
3297,0.7947928779014586
3298,0.7948554945727346
3299,0.7949180742550546
3300,0.7949806169528953
3301,0.7950431226706864
3302,0.7951055914128188
3303,0.7951680231836347
3304,0.7952304179874435
3305,0.7952927758285094
3306,0.7953550967110606
3307,0.7954173806392849
3308,0.7954796276173338
3309,0.7955418376493261
3310,0.7956040107393435
3311,0.7956661468914328
3312,0.7957282461096111
3313,0.7957903083978628
3314,0.7958523337601385
3315,0.7959143222003644
3316,0.7959762737224327
3317,0.7960381883302133
3318,0.7961000660275462
3319,0.7961619068182431
3320,0.7962237107060975
3321,0.7962854776948735
3322,0.7963472077883157
3323,0.7964089009901434
3324,0.7964705573040584
3325,0.7965321767337432
3326,0.7965937592828568
3327,0.7966553049550438
3328,0.796716813753931
3329,0.7967782856831275
3330,0.7968397207462319
3331,0.7969011189468209
3332,0.796962480288467
3333,0.797023804774721
3334,0.7970850924091304
3335,0.7971463431952274
3336,0.7972075571365332
3337,0.7972687342365671
3338,0.7973298744988345
3339,0.7973909779268351
3340,0.7974520445240635
3341,0.7975130742940085
3342,0.7975740672401559
3343,0.7976350233659886
3344,0.797695942674984
3345,0.7977568251706191
3346,0.7978176708563749
3347,0.7978784797357247
3348,0.7979392518121486
3349,0.7979999870891263
3350,0.7980606855701401
3351,0.7981213472586797
3352,0.7981819721582317
3353,0.7982425602722961
3354,0.7983031116043744
3355,0.7983636261579771
3356,0.7984241039366193
3357,0.7984845449438306
3358,0.7985449491831438
3359,0.7986053166581072
3360,0.7986656473722777
3361,0.7987259413292238
3362,0.7987861985325282
3363,0.7988464189857851
3364,0.7989066026926053
3365,0.798966749656615
3366,0.7990268598814528
3367,0.7990869333707794
3368,0.7991469701282683
3369,0.7992069701576134
3370,0.7992669334625286
3371,0.7993268600467457
3372,0.799386749914017
3373,0.7994466030681195
3374,0.7995064195128486
3375,0.7995661992520254
3376,0.7996259422894919
3377,0.7996856486291153
3378,0.7997453182747915
3379,0.7998049512304373
3380,0.7998645474999977
3381,0.7999241070874477
3382,0.7999836299967851
3383,0.8000431162320426
3384,0.7946518472451534
3385,0.7947130018672436
3386,0.794774121485255
3387,0.7948352061008459
3388,0.7948962557156373
3389,0.7949572703312109
3390,0.7950182499491167
3391,0.7950791945708687
3392,0.7951401041979486
3393,0.7952009788318035
3394,0.7952618184738512
3395,0.7953226231254792
3396,0.795383392788044
3397,0.7954441274628741
3398,0.7955048271512715
3399,0.7955654918545099
3400,0.7956261215738369
3401,0.7956867163104796
3402,0.7957472760656353
3403,0.7958078008404831
3404,0.7958682906361775
3405,0.7959287454538518
3406,0.7959891652946225
3407,0.7960495501595831
3408,0.7961099000498093
3409,0.7961702149663628
3410,0.796230494910283
3411,0.7962907398825997
3412,0.7963509498843242
3413,0.7964111249164548
3414,0.7964712649799782
3415,0.7965313700758676
3416,0.796591440205086
3417,0.7966514753685856
3418,0.7967114755673079
3419,0.7967714408021903
3420,0.7968313710741566
3421,0.7968912663841299
3422,0.7969511267330213
3423,0.7970109521217417
3424,0.7970707425511973
3425,0.7971304980222867
3426,0.7971902185359105
3427,0.7972499040929664
3428,0.7973095546943512
3429,0.7973691703409606
3430,0.7974287510336924
3431,0.7974882967734478
3432,0.7975478075611262
3433,0.7976072833976321
3434,0.7976667242838775
3435,0.7977261302207757
3436,0.7977855012092461
3437,0.7978448372502148
3438,0.7979041383446159
3439,0.7979634044933936
3440,0.7980226356974973
3441,0.7980818319578855
3442,0.798140993275535
3443,0.7982001196514257
3444,0.7982592110865505
3445,0.7983182675819197
3446,0.7983772891385537
3447,0.7984362757574894
3448,0.7984952274397766
3449,0.7985541441864844
3450,0.7986130259986937
3451,0.7986718728775072
3452,0.7987306848240439
3453,0.7987894618394418
3454,0.7988482039248593
3455,0.7989069110814752
3456,0.7989655833104883
3457,0.7990242206131192
3458,0.7990828229906137
3459,0.7991413904442388
3460,0.7991999229752843
3461,0.7992584205850671
3462,0.7993168832749299
3463,0.7993753110462404
3464,0.7994337039003904
3465,0.7994920618388057
3466,0.7995503848629357
3467,0.7996086729742586
3468,0.7996669261742816
3469,0.7997251444645482
3470,0.7997833278466256
3471,0.7998414763221171
3472,0.7998995898926567
3473,0.7999576685599114
3474,0.800015712325582
3475,0.7947558240418087
3476,0.7948154551850697
3477,0.7948750531563284
3478,0.7949346179546875
3479,0.79499414957922
3480,0.7950536480289734
3481,0.7951131133029654
3482,0.7951725454001953
3483,0.795231944319632
3484,0.7952913100602241
3485,0.7953506426208973
3486,0.7954099420005565
3487,0.7954692081980856
3488,0.795528441212348
3489,0.7955876410421896
3490,0.7956468076864387
3491,0.795705941143904
3492,0.7957650414133787
3493,0.7958241084936459
3494,0.7958831423834659
3495,0.79594214308159
3496,0.7960011105867576
3497,0.7960600448976933
3498,0.796118946013112
3499,0.7961778139317178
3500,0.7962366486522068
3501,0.796295450173266
3502,0.7963542184935732
3503,0.7964129536118001
3504,0.7964716555266125
3505,0.796530324236672
3506,0.7965889597406338
3507,0.7966475620371501
3508,0.7967061311248712
3509,0.7967646670024428
3510,0.7968231696685143
3511,0.79688163912173
3512,0.7969400753607351
3513,0.796998478384178
3514,0.7970568481907084
3515,0.7971151847789778
3516,0.7971734881476424
3517,0.7972317582953617
3518,0.7972899952208022
3519,0.7973481989226348
3520,0.7974063693995332
3521,0.7974645066501873
3522,0.7975226106732863
3523,0.7975806814675342
3524,0.7976387190316434
3525,0.797696723364334
3526,0.7977546944643407
3527,0.7978126323304089
3528,0.7978705369612958
3529,0.7979284083557716
3530,0.7979862465126237
3531,0.7980440514306515
3532,0.7981018231086705
3533,0.7981595615455124
3534,0.7982172667400284
3535,0.7982749386910831
3536,0.7983325773975626
3537,0.7983901828583708
3538,0.7984477550724342
3539,0.7985052940386961
3540,0.7985627997561217
3541,0.7986202722237017
3542,0.7986777114404451
3543,0.7987351174053862
3544,0.7987924901175841
3545,0.7988498295761198
3546,0.7989071357801039
3547,0.7989644087286699
3548,0.7990216484209771
3549,0.7990788548562161
3550,0.7991360280336026
3551,0.7991931679523807
3552,0.7992502746118276
3553,0.7993073480112431
3554,0.7993643881499659
3555,0.799421395027363
3556,0.7994783686428297
3557,0.799535308995799
3558,0.7995922160857347
3559,0.7996490899121351
3560,0.7997059304745309
3561,0.7997627377724913
3562,0.7998195118056172
3563,0.7998762525735503
3564,0.7999329600759677
3565,0.7999896343125786
3566,0.8000462752831395
3567,0.7949126425274206
3568,0.7949707981635525
3569,0.7950289223043262
3570,0.795087014946657
3571,0.7951450760874378
3572,0.7952031057235465
3573,0.7952611038518423
3574,0.7953190704691693
3575,0.7953770055723561
3576,0.7954349091582141
3577,0.795492781223546
3578,0.7955506217651376
3579,0.7956084307797645
3580,0.7956662082641897
3581,0.7957239542151665
3582,0.795781668629439
3583,0.7958393515037427
3584,0.7958970028348006
3585,0.7959546226193365
3586,0.7960122108540599
3587,0.796069767535681
3588,0.7961272926608987
3589,0.796184786226413
3590,0.7962422482289175
3591,0.7962996786651063
3592,0.7963570775316673
3593,0.7964144448252897
3594,0.7964717805426621
3595,0.7965290846804752
3596,0.7965863572354169
3597,0.7966435982041825
3598,0.7967008075834654
3599,0.7967579853699632
3600,0.7968151315603813
3601,0.7968722461514233
3602,0.7969293291398051
3603,0.7969863805222476
3604,0.7970434002954755
3605,0.7971003884562236
3606,0.7971573450012358
3607,0.7972142699272647
3608,0.797271163231072
3609,0.7973280249094307
3610,0.7973848549591289
3611,0.7974416533769603
3612,0.797498420159735
3613,0.7975551553042778
3614,0.7976118588074255
3615,0.7976685306660303
3616,0.7977251708769617
3617,0.7977817794371027
3618,0.7978383563433553
3619,0.7978949015926408
3620,0.7979514151818947
3621,0.7980078971080745
3622,0.7980643473681566
3623,0.7981207659591368
3624,0.7981771528780365
3625,0.7982335081218929
3626,0.7982898316877679
3627,0.798346123572746
3628,0.79840238377394
3629,0.7984586122884773
3630,0.7985148091135208
3631,0.7985709742462519
3632,0.79862710768388
3633,0.7986832094236446
3634,0.7987392794628078
3635,0.798795317798664
3636,0.7988513244285329
3637,0.7989072993497672
3638,0.7989632425597462
3639,0.79901915405588
3640,0.7990750338356153
3641,0.7991308818964232
3642,0.7991866982358122
3643,0.7992424828513214
3644,0.7992982357405266
3645,0.7993539569010323
3646,0.7994096463304838
3647,0.7994653040265604
3648,0.7995209299869719
3649,0.7995765242094738
3650,0.7996320866918512
3651,0.7996876174319313
3652,0.7997431164275762
3653,0.7997985836766915
3654,0.7998540191772163
3655,0.7999094229271352
3656,0.7999647949244697
3657,0.8000201351672843
3658,0.7950049885946519
3659,0.7950617748706802
3660,0.7951185311932603
3661,0.7951752575574773
3662,0.7952319539584092
3663,0.7952886203911232
3664,0.7953452568506718
3665,0.7954018633321046
3666,0.7954584398304569
3667,0.7955149863407591
3668,0.7955715028580334
3669,0.7956279893772985
3670,0.795684445893563
3671,0.7957408724018326
3672,0.7957972688971133
3673,0.7958536353743988
3674,0.7959099718286873
3675,0.7959662782549728
3676,0.7960225546482488
3677,0.7960788010035058
3678,0.7961350173157395
3679,0.7961912035799427
3680,0.7962473597911095
3681,0.7963034859442385
3682,0.7963595820343324
3683,0.7964156480563959
3684,0.7964716840054372
3685,0.796527689876472
3686,0.7965836656645208
3687,0.7966396113646118
3688,0.7966955269717789
3689,0.7967514124810684
3690,0.7968072678875273
3691,0.7968630931862178
3692,0.7969188883722139
3693,0.7969746534405963
3694,0.7970303883864573
3695,0.7970860932049046
3696,0.797141767891055
3697,0.7971974124400403
3698,0.7972530268470084
3699,0.7973086111071189
3700,0.79736416521555
3701,0.797419689167492
3702,0.7974751829581528
3703,0.7975306465827643
3704,0.7975860800365682
3705,0.7976414833148258
3706,0.7976968564128238
3707,0.7977521993258627
3708,0.7978075120492667
3709,0.7978627945783797
3710,0.7979180469085708
3711,0.7979732690352265
3712,0.7980284609537585
3713,0.7980836226596055
3714,0.7981387541482257
3715,0.7981938554151032
3716,0.7982489264557514
3717,0.7983039672657064
3718,0.7983589778405317
3719,0.798413958175819
3720,0.7984689082671867
3721,0.7985238281102836
3722,0.7985787177007854
3723,0.7986335770343977
3724,0.79868840610686
3725,0.7987432049139389
3726,0.7987979734514336
3727,0.7988527117151762
3728,0.7989074197010289
3729,0.7989620974048919
3730,0.7990167448226937
3731,0.7990713619504004
3732,0.7991259487840128
3733,0.7991805053195654
3734,0.7992350315531304
3735,0.7992895274808172
3736,0.7993439930987677
3737,0.7993984284031683
3738,0.7994528333902384
3739,0.799507208056238
3740,0.7995615523974665
3741,0.7996158664102618
3742,0.7996701500910033
3743,0.7997244034361114
3744,0.7997786264420476
3745,0.799832819105313
3746,0.7998869814224538
3747,0.7999411133900595
3748,0.7999952150047612
3749,0.8000492862632341
3750,0.7951483570307081
3751,0.7952038127098725
3752,0.7952592398497021
3753,0.7953146384437431
3754,0.7953700084855402
3755,0.7954253499686315
3756,0.7954806628865522
3757,0.7955359472328345
3758,0.7955912030010098
3759,0.7956464301846039
3760,0.7957016287771486
3761,0.79575679877217
3762,0.7958119401631983
3763,0.7958670529437631
3764,0.7959221371073966
3765,0.7959771926476346
3766,0.7960322195580143
3767,0.796087217832079
3768,0.7961421874633758
3769,0.7961971284454559
3770,0.7962520407718805
3771,0.7963069244362133
3772,0.7963617794320271
3773,0.7964166057529039
3774,0.7964714033924322
3775,0.7965261723442104
3776,0.7965809126018466
3777,0.7966356241589629
3778,0.7966903070091882
3779,0.7967449611461666
3780,0.796799586563551
3781,0.7968541832550113
3782,0.7969087512142304
3783,0.7969632904349033
3784,0.7970178009107431
3785,0.7970722826354775
3786,0.7971267356028483
3787,0.7971811598066182
3788,0.7972355552405644
3789,0.7972899218984839
3790,0.7973442597741919
3791,0.7973985688615227
3792,0.7974528491543309
3793,0.797507100646492
3794,0.7975613233319011
3795,0.7976155172044775
3796,0.7976696822581628
3797,0.797723818486918
3798,0.7977779258847316
3799,0.797832004445614
3800,0.7978860541636018
3801,0.797940075032756
3802,0.7979940670471625
3803,0.7980480302009355
3804,0.7981019644882157
3805,0.7981558699031697
3806,0.7982097464399952
3807,0.7982635940929161
3808,0.7983174128561864
3809,0.7983712027240919
3810,0.7984249636909422
3811,0.7984786957510864
3812,0.7985323988989003
3813,0.7985860731287909
3814,0.7986397184352003
3815,0.7986933348126032
3816,0.7987469222555061
3817,0.7988004807584507
3818,0.7988540103160147
3819,0.7989075109228099
3820,0.7989609825734824
3821,0.7990144252627169
3822,0.7990678389852324
3823,0.7991212237357871
3824,0.7991745795091761
3825,0.799227906300235
3826,0.7992812041038333
3827,0.7993344729148855
3828,0.799387712728341
3829,0.7994409235391919
3830,0.799494105342471
3831,0.7995472581332522
3832,0.7996003819066513
3833,0.7996534766578253
3834,0.799706542381975
3835,0.7997595790743437
3836,0.7998125867302188
3837,0.7998655653449318
3838,0.7999185149138588
3839,0.7999714354324211
3840,0.8000243268960848
3841,0.7952308794298303
3842,0.795285096550505
3843,0.7953392864422999
3844,0.7953934490974875
3845,0.7954475845083353
3846,0.7955016926671167
3847,0.7955557735661015
3848,0.7956098271975641
3849,0.7956638535537808
3850,0.7957178526270351
3851,0.795771824409609
3852,0.7958257688937926
3853,0.7958796860718796
3854,0.795933575936172
3855,0.7959874384789772
3856,0.7960412736926082
3857,0.7960950815693897
3858,0.7961488621016493
3859,0.7962026152817284
3860,0.7962563411019772
3861,0.7963100395547545
3862,0.7963637106324325
3863,0.7964173543273925
3864,0.7964709706320285
3865,0.7965245595387481
3866,0.7965781210399739
3867,0.7966316551281368
3868,0.7966851617956882
3869,0.796738641035094
3870,0.7967920928388302
3871,0.7968455171993958
3872,0.7968989141093024
3873,0.7969522835610807
3874,0.7970056255472814
3875,0.7970589400604693
3876,0.7971122270932327
3877,0.7971654866381751
3878,0.7972187186879272
3879,0.7972719232351343
3880,0.7973251002724642
3881,0.7973782497926103
3882,0.7974313717882844
3883,0.7974844662522248
3884,0.7975375331771912
3885,0.7975905725559683
3886,0.7976435843813661
3887,0.7976965686462195
3888,0.7977495253433894
3889,0.7978024544657625
3890,0.7978553560062528
3891,0.7979082299578031
3892,0.7979610763133813
3893,0.7980138950659885
3894,0.7980666862086497
3895,0.7981194497344231
3896,0.7981721856363956
3897,0.7982248939076853
3898,0.7982775745414407
3899,0.7983302275308435
3900,0.7983828528691046
3901,0.7984354505494708
3902,0.7984880205652217
3903,0.7985405629096692
3904,0.7985930775761603
3905,0.7986455645580759
3906,0.7986980238488314
3907,0.7987504554418821
3908,0.7988028593307137
3909,0.7988552355088525
3910,0.7989075839698635
3911,0.7989599047073411
3912,0.799012197714928
3913,0.7990644629862989
3914,0.7991167005151697
3915,0.7991689102952962
3916,0.7992210923204732
3917,0.7992732465845384
3918,0.7993253730813641
3919,0.799377471804872
3920,0.7994295427490203
3921,0.7994815859078132
3922,0.7995336012752926
3923,0.7995855888455485
3924,0.7996375486127116
3925,0.7996894805709585
3926,0.7997413847145108
3927,0.7997932610376313
3928,0.7998451095346316
3929,0.7998969301998682
3930,0.799948723027744
3931,0.8000004880127082
3932,0.7953096427267222
3933,0.795362678789199
3934,0.7954156888356567
3935,0.795468672857305
3936,0.7955216308453562
3937,0.7955745627910288
3938,0.7956274686855457
3939,0.7956803485201391
3940,0.7957332022860417
3941,0.7957860299745021
3942,0.7958388315767716
3943,0.7958916070841118
3944,0.7959443564877926
3945,0.7959970797790957
3946,0.7960497769493119
3947,0.7961024479897426
3948,0.7961550928917022
3949,0.7962077116465155
3950,0.7962603042455227
3951,0.796312870680074
3952,0.7963654109415365
3953,0.7964179250212903
3954,0.7964704129107304
3955,0.7965228746012671
3956,0.7965753100843288
3957,0.7966277193513578
3958,0.7966801023938154
3959,0.7967324592031807
3960,0.7967847897709505
3961,0.7968370940886397
3962,0.796889372147784
3963,0.7969416239399406
3964,0.796993849456682
3965,0.7970460486896073
3966,0.7970982216303344
3967,0.7971503682705029
3968,0.7972024886017752
3969,0.7972545826158393
3970,0.7973066503044032
3971,0.7973586916592027
3972,0.7974107066719958
3973,0.7974626953345656
3974,0.7975146576387213
3975,0.7975665935763011
3976,0.7976185031391645
3977,0.7976703863192033
3978,0.7977222431083347
3979,0.7977740734985045
3980,0.7978258774816875
3981,0.7978776550498863
3982,0.7979294061951367
3983,0.7979811309095002
3984,0.7980328291850722
3985,0.7980845010139792
3986,0.7981361463883768
3987,0.7981877653004568
3988,0.7982393577424394
3989,0.7982909237065817
3990,0.7983424631851703
3991,0.7983939761705301
3992,0.7984454626550168
3993,0.7984969226310261
3994,0.798548356090983
3995,0.7985997630273515
3996,0.7986511434326335
3997,0.7987024972993642
3998,0.7987538246201199
3999,0.7988051253875108
4000,0.7988563995941877
4001,0.7989076472328415
4002,0.7989588682961977
4003,0.7990100627770244
4004,0.7990612306681283
4005,0.7991123719623585
4006,0.7991634866526026
4007,0.7992145747317926
4008,0.7992656361928978
4009,0.7993166710289334
4010,0.7993676792329534
4011,0.7994186607980595
4012,0.7994696157173923
4013,0.7995205439841381
4014,0.7995714455915285
4015,0.799622320532838
4016,0.7996731688013862
4017,0.7997239903905392
4018,0.7997747852937073
4019,0.7998255535043479
4020,0.7998762950159665
4021,0.7999270098221152
4022,0.7999776979163873
4023,0.8000283592924341
4024,0.7954368259788344
4025,0.795488709452962
4026,0.7955405680263334
4027,0.7955924016892901
4028,0.7956442104321826
4029,0.7956959942453763
4030,0.7957477531192384
4031,0.7957994870441528
4032,0.7958511960105132
4033,0.7959028800087186
4034,0.7959545390291893
4035,0.7960061730623547
4036,0.7960577820986539
4037,0.7961093661285444
4038,0.7961609251424943
4039,0.7962124591309913
4040,0.7962639680845311
4041,0.7963154519936345
4042,0.7963669108488274
4043,0.7964183446406639
4044,0.796469753359708
4045,0.7965211369965443
4046,0.7965724955417743
4047,0.796623828986021
4048,0.796675137319923
4049,0.7967264205341457
4050,0.7967776786193655
4051,0.796828911566287
4052,0.7968801193656336
4053,0.7969313020081503
4054,0.7969824594846061
4055,0.7970335917857908
4056,0.7970846989025205
4057,0.7971357808256322
4058,0.7971868375459905
4059,0.7972378690544814
4060,0.7972888753420189
4061,0.797339856399542
4062,0.7973908122180157
4063,0.7974417427884324
4064,0.7974926481018123
4065,0.7975435281492022
4066,0.7975943829216771
4067,0.7976452124103407
4068,0.7976960166063287
4069,0.7977467955008029
4070,0.7977975490849563
4071,0.7978482773500128
4072,0.7978989802872286
4073,0.7979496578878882
4074,0.7980003101433099
4075,0.7980509370448461
4076,0.7981015385838786
4077,0.7981521147518248
4078,0.7982026655401345
4079,0.798253190940293
4080,0.7983036909438193
4081,0.7983541655422682
4082,0.7984046147272293
4083,0.7984550384903262
4084,0.7985054368232235
4085,0.7985558097176187
4086,0.7986061571652484
4087,0.7986564791578845
4088,0.7987067756873403
4089,0.7987570467454659
4090,0.7988072923241482
4091,0.7988575124153171
4092,0.79890770701094
4093,0.7989578761030244
4094,0.7990080196836183
4095,0.7990581377448116
4096,0.7991082302787345
4097,0.7991582972775599
4098,0.7992083387335006
4099,0.7992583546388159
4100,0.7993083449858035
4101,0.7993583097668076
4102,0.7994082489742134
4103,0.7994581626004523
4104,0.7995080506379998
4105,0.7995579130793768
4106,0.7996077499171461
4107,0.7996575611439195
4108,0.7997073467523534
4109,0.7997571067351501
4110,0.7998068410850607
4111,0.7998565497948807
4112,0.7999062328574555
4113,0.7999558902656744
4114,0.8000055220124784
4115,0.7955077786869567
4116,0.7955585851243888
4117,0.7956093677058717
4118,0.7956601264210452
4119,0.7957108612595524
4120,0.7957615722110546
4121,0.7958122592652243
4122,0.7958629224117463
4123,0.7959135616403217
4124,0.7959641769406636
4125,0.7960147683025012
4126,0.79606533571558
4127,0.796115879169658
4128,0.7961663986545136
4129,0.7962168941599389
4130,0.7962673656757464
4131,0.7963178131917639
4132,0.7963682366978391
4133,0.7964186361838362
4134,0.7964690116396419
4135,0.7965193630551591
4136,0.7965696904203161
4137,0.7966199937250568
4138,0.7966702729593472
4139,0.7967205281131787
4140,0.7967707591765611
4141,0.7968209661395271
4142,0.7968711489921355
4143,0.7969213077244656
4144,0.7969714423266208
4145,0.7970215527887312
4146,0.7970716391009485
4147,0.7971217012534532
4148,0.7971717392364501
4149,0.79722175304017
4150,0.7972717426548717
4151,0.7973217080708387
4152,0.7973716492783837
4153,0.7974215662678505
4154,0.7974714590296059
4155,0.797521327554048
4156,0.7975711718316042
4157,0.797620991852735
4158,0.7976707876079246
4159,0.7977205590876945
4160,0.7977703062825907
4161,0.7978200291831984
4162,0.7978697277801282
4163,0.7979194020640255
4164,0.7979690520255691
4165,0.7980186776554711
4166,0.7980682789444755
4167,0.7981178558833636
4168,0.798167408462946
4169,0.7982169366740737
4170,0.7982664405076288
4171,0.7983159199545331
4172,0.7983653750057409
4173,0.7984148056522434
4174,0.7984642118850713
4175,0.79851359369529
4176,0.7985629510740041
4177,0.7986122840123538
4178,0.7986615925015224
4179,0.7987108765327274
4180,0.7987601360972274
4181,0.7988093711863213
4182,0.798858581791347
4183,0.7989077679036835
4184,0.7989569295147496
4185,0.7990060666160064
4186,0.7990551791989537
4187,0.7991042672551378
4188,0.7991533307761445
4189,0.7992023697536009
4190,0.79925138417918
4191,0.7993003740445964
4192,0.7993493393416088
4193,0.799398280062019
4194,0.7994471961976751
4195,0.7994960877404698
4196,0.7995449546823369
4197,0.7995937970152615
4198,0.7996426147312715
4199,0.7996914078224409
4200,0.7997401762808887
4201,0.799788920098786
4202,0.7998376392683452
4203,0.7998863337818286
4204,0.799935003631547
4205,0.7999836488098585
4206,0.8000322693091695
4207,0.7956255300987459
4208,0.7956752827623994
4209,0.7957250125322645
4210,0.7957747193974217
4211,0.7958244033469692
4212,0.7958740643700197
4213,0.7959237024556995
4214,0.7959733175931544
4215,0.7960229097715465
4216,0.7960724789800524
4217,0.7961220252078701
4218,0.796171548444211
4219,0.7962210486783108
4220,0.7962705258994193
4221,0.796319980096809
4222,0.7963694112597698
4223,0.7964188193776163
4224,0.7964682044396784
4225,0.7965175664353102
4226,0.7965669053538874
4227,0.7966162211848108
4228,0.7966655139174964
4229,0.7967147835413901
4230,0.7967640300459594
4231,0.7968132534206923
4232,0.7968624536551068
4233,0.7969116307387415
4234,0.7969607846611636
4235,0.797009915411963
4236,0.7970590229807558
4237,0.7971081073571861
4238,0.7971571685309253
4239,0.7972062064916705
4240,0.7972552212291458
4241,0.7973042127331091
4242,0.7973531809933389
4243,0.7974021259996464
4244,0.7974510477418753
4245,0.7974999462098928
4246,0.797548821393604
4247,0.7975976732829365
4248,0.7976465018678529
4249,0.797695307138349
4250,0.7977440890844495
4251,0.7977928476962128
4252,0.7978415829637279
4253,0.7978902948771199
4254,0.7979389834265457
4255,0.797987648602194
4256,0.798036290394293
4257,0.7980849087930987
4258,0.7981335037889076
4259,0.7981820753720485
4260,0.7982306235328874
4261,0.7982791482618248
4262,0.7983276495492995
4263,0.798376127385785
4264,0.7984245817617938
4265,0.7984730126678764
4266,0.7985214200946184
4267,0.7985698040326453
4268,0.7986181644726226
4269,0.7986665014052532
4270,0.7987148148212789
4271,0.7987631047114839
4272,0.7988113710666873
4273,0.7988596138777543
4274,0.7989078331355873
4275,0.7989560288311327
4276,0.7990042009553746
4277,0.7990523494993432
4278,0.7991004744541054
4279,0.7991485758107755
4280,0.799196653560509
4281,0.7992447076945054
4282,0.7992927382040045
4283,0.7993407450802938
4284,0.7993887283147026
4285,0.7994366878986057
4286,0.7994846238234226
4287,0.7995325360806168
4288,0.7995804246616997
4289,0.799628289558225
4290,0.799676130761796
4291,0.7997239482640599
4292,0.7997717420567131
4293,0.7998195121314954
4294,0.7998672584801981
4295,0.7999149810946572
4296,0.7999626799667566
4297,0.8000103550884299
4298,0.7956897386532844
4299,0.7957385043985403
4300,0.7957872481576003
4301,0.7958359699191025
4302,0.7958846696717018
4303,0.7959333474040702
4304,0.7959820031048969
4305,0.7960306367628907
4306,0.7960792483667776
4307,0.7961278379053038
4308,0.7961764053672349
4309,0.7962249507413558
4310,0.796273474016472
4311,0.7963219751814108
4312,0.7963704542250213
4313,0.7964189111361705
4314,0.7964673459037515
4315,0.7965157585166774
4316,0.7965641489638867
4317,0.7966125172343393
4318,0.7966608633170174
4319,0.7967091872009316
4320,0.7967574888751143
4321,0.7968057683286205
4322,0.7968540255505371
4323,0.7969022605299702
4324,0.7969504732560552
4325,0.7969986637179536
4326,0.7970468319048544
4327,0.7970949778059723
4328,0.7971431014105517
4329,0.7971912027078633
4330,0.7972392816872059
4331,0.7972873383379111
4332,0.7973353726493353
4333,0.7973833846108671
4334,0.7974313742119236
4335,0.7974793414419534
4336,0.7975272862904353
4337,0.7975752087468801
4338,0.7976231088008281
4339,0.7976709864418539
4340,0.7977188416595625
4341,0.797766674443596
4342,0.7978144847836199
4343,0.7978622726693432
4344,0.7979100380905032
4345,0.7979577810368729
4346,0.798005501498259
4347,0.7980531994645045
4348,0.798100874925485
4349,0.7981485278711142
4350,0.7981961582913402
4351,0.7982437661761472
4352,0.7982913515155582
4353,0.7983389142996281
4354,0.7983864545184564
4355,0.7984339721621732
4356,0.7984814672209494
4357,0.7985289396849955
4358,0.7985763895445592
4359,0.7986238167899258
4360,0.7986712214114232
4361,0.7987186033994154
4362,0.798765962744309
4363,0.7988132994365493
4364,0.7988606134666223
4365,0.7989079048250554
4366,0.7989551735024181
4367,0.7990024194893203
4368,0.7990496427764128
4369,0.7990968433543896
4370,0.7991440212139885
4371,0.7991911763459894
4372,0.7992383087412113
4373,0.7992854183905248
4374,0.7993325052848367
4375,0.7993795694151011
4376,0.7994266107723165
4377,0.799473629347525
4378,0.7995206251318149
4379,0.7995675981163172
4380,0.7996145482922138
4381,0.7996614756507265
4382,0.7997083801831246
4383,0.7997552618807277
4384,0.7998021207348964
4385,0.7998489567370437
4386,0.799895769878625
4387,0.7999425601511461
4388,0.7999893275461603
4389,0.8000360720552694
4390,0.7957992063863304
4391,0.7958470042742404
4392,0.7958947810128235
4393,0.7959425365903983
4394,0.7959902709952987
4395,0.7960379842158801
4396,0.7960856762405142
4397,0.7961333470575964
4398,0.7961809966555438
4399,0.7962286250227898
4400,0.7962762321477941
4401,0.796323818019036
4402,0.7963713826250162
4403,0.7964189259542617
4404,0.7964664479953163
4405,0.7965139487367536
4406,0.7965614281671672
4407,0.7966088862751771
4408,0.7966563230494246
4409,0.7967037384785814
4410,0.7967511325513382
4411,0.7967985052564145
4412,0.7968458565825567
4413,0.7968931865185359
4414,0.7969404950531516
4415,0.7969877821752291
4416,0.7970350478736208
4417,0.7970822921372106
4418,0.7971295149549058
4419,0.7971767163156439
4420,0.7972238962083936
4421,0.7972710546221502
4422,0.7973181915459406
4423,0.7973653069688202
4424,0.7974124008798767
4425,0.797459473268228
4426,0.7975065241230203
4427,0.7975535534334358
4428,0.7976005611886845
4429,0.7976475473780118
4430,0.7976945119906932
4431,0.7977414550160384
4432,0.7977883764433892
4433,0.7978352762621229
4434,0.7978821544616477
4435,0.7979290110314087
4436,0.7979758459608827
4437,0.7980226592395863
4438,0.7980694508570653
4439,0.7981162208029055
4440,0.7981629690667257
4441,0.7982096956381818
4442,0.7982564005069679
4443,0.7983030836628127
4444,0.7983497450954821
4445,0.7983963847947805
4446,0.7984430027505491
4447,0.7984895989526676
4448,0.7985361733910556
4449,0.7985827260556693
4450,0.7986292569365048
4451,0.7986757660235964
4452,0.7987222533070204
4453,0.798768718776889
4454,0.7988151624233609
4455,0.7988615842366291
4456,0.7989079842069305
4457,0.7989543623245422
4458,0.7990007185797834
4459,0.799047052963016
4460,0.7990933654646398
4461,0.7991396560751027
4462,0.7991859247848917
4463,0.7992321715845353
4464,0.7992783964646083
4465,0.7993245994157278
4466,0.7993707804285552
4467,0.7994169394937931
4468,0.7994630766021915
4469,0.7995091917445457
4470,0.7995552849116913
4471,0.7996013560945144
4472,0.799647405283942
4473,0.7996934324709487
4474,0.7997394376465564
4475,0.7997854208018306
4476,0.7998313819278848
4477,0.7998773210158776
4478,0.7999232380570176
4479,0.7999691330425571
4480,0.8000150059637988
4481,0.7958575470117234
4482,0.7959044366169243
4483,0.7959513058673602
4484,0.7959981547510991
4485,0.7960449832562259
4486,0.7960917913708503
4487,0.796138579083099
4488,0.7961853463811249
4489,0.7962320932530985
4490,0.796278819687214
4491,0.7963255256716915
4492,0.7963722111947676
4493,0.7964188762447078
4494,0.7964655208097987
4495,0.7965121448783529
4496,0.7965587484387053
4497,0.7966053314792153
4498,0.796651893988271
4499,0.796698435954282
4500,0.7967449573656858
4501,0.796791458210948
4502,0.7968379384785547
4503,0.7968843981570234
4504,0.7969308372348992
4505,0.7969772557007552
4506,0.7970236535431876
4507,0.7970700307508263
4508,0.7971163873123258
4509,0.7971627232163737
4510,0.7972090384516844
4511,0.7972553330070009
4512,0.7973016068710969
4513,0.7973478600327777
4514,0.7973940924808783
4515,0.7974403042042661
4516,0.797486495191835
4517,0.7975326654325157
4518,0.7975788149152692
4519,0.7976249436290875
4520,0.7976710515629971
4521,0.7977171387060555
4522,0.7977632050473541
4523,0.7978092505760183
4524,0.7978552752812069
4525,0.7979012791521123
4526,0.7979472621779614
4527,0.797993224348017
4528,0.7980391656515773
4529,0.7980850860779731
4530,0.798130985616573
4531,0.7981768642567812
4532,0.7982227219880373
4533,0.7982685587998202
4534,0.7983143746816413
4535,0.7983601696230521
4536,0.798405943613641
4537,0.7984516966430356
4538,0.7984974287008985
4539,0.7985431397769294
4540,0.7985888298608748
4541,0.7986344989425117
4542,0.7986801470116587
4543,0.7987257740581755
4544,0.7987713800719598
4545,0.7988169650429499
4546,0.7988625289611244
4547,0.7989080718165035
4548,0.7989535935991438
4549,0.79899909429915
4550,0.7990445739066637
4551,0.79909003241187
4552,0.799135469804992
4553,0.7991808860763006
4554,0.7992262812161055
4555,0.7992716552147615
4556,0.7993170080626625
4557,0.7993623397502511
4558,0.7994076502680103
4559,0.7994529396064652
4560,0.7994982077561872
4561,0.7995434547077944
4562,0.7995886804519429
4563,0.7996338849793402
4564,0.7996790682807349
4565,0.799724230346921
4566,0.7997693711687415
4567,0.7998144907370811
4568,0.7998595890428718
4569,0.7999046660770921
4570,0.799949721830769
4571,0.799994756294973
4572,0.8000397694608211
4573,0.7959596873490843
4574,0.7960056843174154
4575,0.7960516616644463
4576,0.79609761937809
4577,0.7961435574462851
4578,0.79618947585699
4579,0.796235374598189
4580,0.7962812536578843
4581,0.7963271130241059
4582,0.7963729526849043
4583,0.7964187726283575
4584,0.7964645728425622
4585,0.7965103533156437
4586,0.796556114035752
4587,0.7966018549910604
4588,0.7966475761697698
4589,0.7966932775601065
4590,0.7967389591503198
4591,0.796784620928692
4592,0.796830262883526
4593,0.7968758850031558
4594,0.7969214872759397
4595,0.796967069690267
4596,0.7970126322345539
4597,0.797058174897245
4598,0.7971036976668118
4599,0.7971492005317582
4600,0.7971946834806162
4601,0.7972401465019466
4602,0.7972855895843393
4603,0.7973310127164182
4604,0.7973764158868352
4605,0.7974217990842722
4606,0.7974671622974454
4607,0.7975125055151008
4608,0.7975578287260153
4609,0.7976031319189995
4610,0.7976484150828954
4611,0.7976936782065791
4612,0.7977389212789592
4613,0.7977841442889744
4614,0.797829347225602
4615,0.7978745300778507
4616,0.797919692834764
4617,0.7979648354854194
4618,0.7980099580189289
4619,0.7980550604244409
4620,0.7981001426911376
4621,0.7981452048082381
4622,0.7981902467649944
4623,0.7982352685507004
4624,0.7982802701546811
4625,0.7983252515663003
4626,0.7983702127749589
4627,0.798415153770095
4628,0.7984600745411844
4629,0.798504975077739
4630,0.7985498553693116
4631,0.7985947154054918
4632,0.7986395551759075
4633,0.7986843746702257
4634,0.7987291738781527
4635,0.7987739527894341
4636,0.7988187113938557
4637,0.7988634496812437
4638,0.7989081676414636
4639,0.7989528652644193
4640,0.7989975425400576
4641,0.7990421994583682
4642,0.7990868360093785
4643,0.7991314521831584
4644,0.7991760479698216
4645,0.7992206233595177
4646,0.7992651783424466
4647,0.7993097129088446
4648,0.7993542270489941
4649,0.7993987207532166
4650,0.7994431940118826
4651,0.7994876468153989
4652,0.7995320791542212
4653,0.7995764910188473
4654,0.7996208823998198
4655,0.7996652532877235
4656,0.79970960367319
4657,0.7997539335468938
4658,0.7997982428995571
4659,0.7998425317219432
4660,0.7998868000048661
4661,0.7999310477391812
4662,0.7999752749157895
4663,0.8000194815256413
4664,0.796012886524426
4665,0.7960580442825977
4666,0.79610318312012
4667,0.7961483030248023
4668,0.7961934039844785
4669,0.7962384859870022
4670,0.796283549020254
4671,0.7963285930721357
4672,0.7963736181305725
4673,0.7964186241835166
4674,0.7964636112189422
4675,0.7965085792248491
4676,0.7965535281892632
4677,0.7965984581002352
4678,0.79664336894584
4679,0.7966882607141796
4680,0.7967331333933845
4681,0.7967779869716113
4682,0.7968228214370382
4683,0.7968676367778783
4684,0.7969124329823677
4685,0.7969572100387724
4686,0.7970019679353845
4687,0.7970467066605279
4688,0.7970914262025519
4689,0.7971361265498357
4690,0.7971808076907893
4691,0.7972254696138499
4692,0.7972701123074888
4693,0.7973147357602027
4694,0.7973593399605223
4695,0.797403924897007
4696,0.7974484905582476
4697,0.7974930369328679
4698,0.7975375640095204
4699,0.7975820717768926
4700,0.7976265602237036
4701,0.7976710293387023
4702,0.7977154791106726
4703,0.7977599095284319
4704,0.7978043205808297
4705,0.7978487122567494
4706,0.7978930845451071
4707,0.797937437434857
4708,0.7979817709149819
4709,0.798026084974504
4710,0.7980703796024775
4711,0.7981146547879917
4712,0.7981589105201757
4713,0.7982031467881868
4714,0.7982473635812256
4715,0.7982915608885254
4716,0.7983357386993546
4717,0.7983798970030205
4718,0.7984240357888684
4719,0.7984681550462772
4720,0.7985122547646663
4721,0.7985563349334907
4722,0.7986003955422468
4723,0.7986444365804638
4724,0.7986884580377147
4725,0.7987324599036066
4726,0.7987764421677909
4727,0.7988204048199524
4728,0.798864347849819
4729,0.798908271247156
4730,0.7989521750017726
4731,0.798996059103513
4732,0.7990399235422652
4733,0.7990837683079546
4734,0.799127593390552
4735,0.7991713987800656
4736,0.799215184466546
4737,0.7992589504400847
4738,0.799302696690817
4739,0.7993464232089168
4740,0.7993901299846035
4741,0.799433817008138
4742,0.7994774842698211
4743,0.7995211317600002
4744,0.7995647594690634
4745,0.7996083673874425
4746,0.7996519555056137
4747,0.799695523814096
4748,0.799739072303453
4749,0.7997826009642905
4750,0.7998261097872625
4751,0.7998695987630629
4752,0.7999130678824339
4753,0.7999565171361599
4754,0.7999999465150737
4755,0.8000433560100497
4756,0.7961085030285888
4757,0.7961528344281654
4758,0.7961971475544981
4759,0.7962414423953702
4760,0.7962857189385887
4761,0.7963299771719866
4762,0.7963742170834177
4763,0.7964184386607625
4764,0.7964626418919265
4765,0.7965068267648376
4766,0.7965509932674527
4767,0.7965951413877489
4768,0.7966392711137361
4769,0.7966833824334436
4770,0.7967274753349329
4771,0.7967715498062875
4772,0.7968156058356204
4773,0.7968596434110716
4774,0.7969036625208087
4775,0.7969476631530277
4776,0.7969916452959509
4777,0.7970356089378293
4778,0.7970795540669436
4779,0.7971234806716025
4780,0.797167388740146
4781,0.7972112782609411
4782,0.7972551492223854
4783,0.7972990016129066
4784,0.7973428354209626
4785,0.7973866506350421
4786,0.7974304472436635
4787,0.7974742252353777
4788,0.7975179845987668
4789,0.7975617253224427
4790,0.7976054473950528
4791,0.7976491508052712
4792,0.7976928355418098
4793,0.79773650159341
4794,0.7977801489488466
4795,0.7978237775969275
4796,0.7978673875264949
4797,0.797910978726423
4798,0.7979545511856222
4799,0.7979981048930337
4800,0.7980416398376363
4801,0.7980851560084428
4802,0.7981286533944971
4803,0.7981721319848856
4804,0.7982155917687219
4805,0.7982590327351603
4806,0.7983024548733905
4807,0.7983458581726356
4808,0.7983892426221582
4809,0.7984326082112544
4810,0.7984759549292605
4811,0.7985192827655464
4812,0.7985625917095212
4813,0.7986058817506315
4814,0.7986491528783585
4815,0.7986924050822275
4816,0.798735638351795
4817,0.7987788526766625
4818,0.7988220480464628
4819,0.798865224450875
4820,0.798908381879612
4821,0.7989515203224264
4822,0.7989946397691137
4823,0.7990377402095057
4824,0.7990808216334746
4825,0.7991238840309347
4826,0.7991669273918379
4827,0.7992099517061794
4828,0.7992529569639927
4829,0.7992959431553531
4830,0.7993389102703783
4831,0.7993818582992249
4832,0.7994247872320933
4833,0.7994676970592257
4834,0.7995105877709022
4835,0.7995534593574516
4836,0.7995963118092405
4837,0.7996391451166788
4838,0.799681959270222
4839,0.7997247542603637
4840,0.7997675300776452
4841,0.7998102867126463
4842,0.7998530241559976
4843,0.7998957423983658
4844,0.7999384414304659
4845,0.7999811212430553
4846,0.8000237818269391
4847,0.796157168274836
4848,0.7962007215091811
4849,0.7962442570922684
4850,0.7962877750118833
4851,0.7963312752558327
4852,0.7963747578119462
4853,0.796418222668083
4854,0.796461669812122
4855,0.7965050992319689
4856,0.7965485109155535
4857,0.7965919048508348
4858,0.7966352810257941
4859,0.7966786394284396
4860,0.7967219800468052
4861,0.796765302868955
4862,0.7968086078829729
4863,0.7968518950769797
4864,0.7968951644391147
4865,0.7969384159575489
4866,0.7969816496204812
4867,0.7970248654161366
4868,0.797068063332773
4869,0.7971112433586724
4870,0.7971544054821471
4871,0.7971975496915399
4872,0.79724067597522
4873,0.7972837843215911
4874,0.7973268747190814
4875,0.7973699471561541
4876,0.7974130016213
4877,0.7974560381030394
4878,0.7974990565899286
4879,0.7975420570705499
4880,0.797585039533519
4881,0.7976280039674831
4882,0.7976709503611235
4883,0.7977138787031498
4884,0.7977567889823033
4885,0.7977996811873652
4886,0.7978425553071407
4887,0.7978854113304741
4888,0.7979282492462397
4889,0.7979710690433475
4890,0.7980138707107397
4891,0.7980566542373928
4892,0.798099419612318
4893,0.7981421668245617
4894,0.7981848958632028
4895,0.7982276067173555
4896,0.7982702993761728
4897,0.7983129738288381
4898,0.7983556300645718
4899,0.7983982680726335
4900,0.798440887842313
4901,0.7984834893629399
4902,0.7985260726238808
4903,0.7985686376145377
4904,0.7986111843243476
4905,0.7986537127427891
4906,0.7986962228593741
4907,0.7987387146636532
4908,0.798781188145215
4909,0.7988236432936865
4910,0.7988660800987331
4911,0.7989084985500546
4912,0.7989508986373949
4913,0.798993280350533
4914,0.7990356436792888
4915,0.7990779886135192
4916,0.7991203151431223
4917,0.7991626232580351
4918,0.7992049129482338
4919,0.7992471842037364
4920,0.7992894370145976
4921,0.7993316713709161
4922,0.7993738872628293
4923,0.7994160846805148
4924,0.799458263614192
4925,0.799500424054121
4926,0.7995425659906028
4927,0.7995846894139805
4928,0.7996267943146388
4929,0.7996688806830041
4930,0.7997109485095436
4931,0.7997529977847696
4932,0.7997950284992338
4933,0.7998370406435306
4934,0.7998790342083005
4935,0.7999210091842225
4936,0.7999629655620202
4937,0.8000049033324624
4938,0.796204139169437
4939,0.7962469418537338
4940,0.7962897274741612
4941,0.7963324960185424
4942,0.7963752474747247
4943,0.7964179818305814
4944,0.7964606990740107
4945,0.7965033991929301
4946,0.7965460821752914
4947,0.7965887480090643
4948,0.7966313966822478
4949,0.7966740281828655
4950,0.7967166424989675
4951,0.7967592396186309
4952,0.796801819529959
4953,0.7968443822210809
4954,0.796886927680155
4955,0.7969294558953661
4956,0.796971966854927
4957,0.7970144605470766
4958,0.7970569369600833
4959,0.7970993960822449
4960,0.7971418379018861
4961,0.7971842624073617
4962,0.7972266695870537
4963,0.7972690594293748
4964,0.797311431922768
4965,0.7973537870557037
4966,0.7973961248166853
4967,0.797438445194244
4968,0.7974807481769415
4969,0.7975230337533715
4970,0.7975653019121579
4971,0.7976075526419558
4972,0.7976497859314521
4973,0.797692001769364
4974,0.7977342001444409
4975,0.7977763810454677
4976,0.797818544461254
4977,0.7978606903806504
4978,0.7979028187925332
4979,0.7979449296858155
4980,0.7979870230494427
4981,0.798029098872393
4982,0.7980711571436792
4983,0.798113197852345
4984,0.798155220987473
4985,0.7981972265381736
4986,0.7982392144935977
4987,0.7982811848429285
4988,0.7983231375753811
4989,0.7983650726802097
4990,0.7984069901467016
4991,0.7984488899641797
4992,0.7984907721220031
4993,0.7985326366095656
4994,0.7985744834163002
4995,0.798616312531671
4996,0.7986581239451818
4997,0.7986999176463723
4998,0.7987416936248193
4999,0.7987834518701371
5000,0.7988251923719734
5001,0.798866915120019
5002,0.7989086201039985
5003,0.7989503073136757
5004,0.7989919767388507
5005,0.7990336283693631
5006,0.7990752621950922
5007,0.7991168782059518
5008,0.7991584763918977
5009,0.7992000567429247
5010,0.7992416192490629
5011,0.799283163900387
5012,0.7993246906870051
5013,0.7993661995990711
5014,0.7994076906267744
5015,0.7994491637603457
5016,0.7994906189900558
5017,0.7995320563062138
5018,0.799573475699176
5019,0.7996148771593288
5020,0.7996562606771085
5021,0.799697626242987
5022,0.7997389738474804
5023,0.7997803034811449
5024,0.7998216151345776
5025,0.7998629087984186
5026,0.7999041844633488
5027,0.7999454421200894
5028,0.7999866817594085
5029,0.8000279033721132
5030,0.7962915853684014
5031,0.7963336470795492
5032,0.7963756922702184
5033,0.7964177209283344
5034,0.796459733041844
5035,0.7965017285987187
5036,0.796543707586955
5037,0.7965856699945766
5038,0.7966276158096308
5039,0.7966695450201914
5040,0.7967114576143566
5041,0.7967533535802532
5042,0.7967952329060333
5043,0.7968370955798737
5044,0.7968789415899813
5045,0.7969207709245876
5046,0.7969625835719537
5047,0.7970043795203643
5048,0.7970461587581362
5049,0.7970879212736113
5050,0.7971296670551608
5051,0.7971713960911856
5052,0.7972131083701107
5053,0.7972548038803948
5054,0.7972964826105237
5055,0.797338144549013
5056,0.7973797896844059
5057,0.7974214180052782
5058,0.7974630295002324
5059,0.7975046241579059
5060,0.7975462019669588
5061,0.7975877629160901
5062,0.797629306994026
5063,0.7976708341895203
5064,0.7977123444913625
5065,0.7977538378883742
5066,0.7977953143694047
5067,0.7978367739233356
5068,0.7978782165390829
5069,0.7979196422055944
5070,0.7979610509118483
5071,0.7980024426468583
5072,0.7980438173996655
5073,0.7980851751593511
5074,0.7981265159150264
5075,0.798167839655834
5076,0.798209146370953
5077,0.7982504360495929
5078,0.7982917086810019
5079,0.7983329642544568
5080,0.798374202759276
5081,0.7984154241848053
5082,0.798456628520428
5083,0.7984978157555638
5084,0.7985389858796654
5085,0.7985801388822217
5086,0.7986212747527568
5087,0.7986623934808302
5088,0.798703495056039
5089,0.798744579468013
5090,0.7987856467064216
5091,0.7988266967609678
5092,0.7988677296213933
5093,0.7989087452774756
5094,0.7989497437190286
5095,0.7989907249359043
5096,0.7990316889179927
5097,0.7990726356552177
5098,0.7991135651375448
5099,0.799154477354975
5100,0.7991953722975489
5101,0.7992362499553439
5102,0.7992771103184746
5103,0.7993179533770969
5104,0.7993587791214033
5105,0.7993995875416264
5106,0.7994403786280372
5107,0.7994811523709429
5108,0.7995219087606956
5109,0.7995626477876833
5110,0.7996033694423353
5111,0.7996440737151177
5112,0.7996847605965384
5113,0.7997254300771467
5114,0.7997660821475302
5115,0.7998067167983174
5116,0.7998473340201774
5117,0.7998879338038204
5118,0.7999285161399968
5119,0.7999690810194976
5120,0.8000096284331584
5121,0.7963347351232839
5122,0.7963760975665258
5123,0.7964174440154389
5124,0.7964587744580504
5125,0.7965000888824119
5126,0.7965413872766013
5127,0.7965826696287173
5128,0.7966239359268885
5129,0.7966651861592651
5130,0.7967064203140255
5131,0.7967476383793736
5132,0.7967888403435364
5133,0.7968300261947706
5134,0.7968711959213579
5135,0.7969123495116053
5136,0.7969534869538514
5137,0.796994608236456
5138,0.7970357133478094
5139,0.7970768022763293
5140,0.7971178750104592
5141,0.797158931538675
5142,0.7971999718494741
5143,0.7972409959313878
5144,0.7972820037729728
5145,0.7973229953628165
5146,0.797363970689532
5147,0.797404929741767
5148,0.797445872508194
5149,0.7974867989775146
5150,0.7975277091384643
5151,0.7975686029798048
5152,0.7976094804903303
5153,0.7976503416588624
5154,0.7976911864742567
5155,0.7977320149253962
5156,0.7977728270011983
5157,0.7978136226906081
5158,0.7978544019826022
5159,0.7978951648661944
5160,0.7979359113304206
5161,0.7979766413643563
5162,0.7980173549571058
5163,0.7980580520978066
5164,0.7980987327756262
5165,0.7981393969797677
5166,0.7981800446994668
5167,0.7982206759239895
5168,0.7982612906426371
5169,0.7983018888447437
5170,0.7983424705196769
5171,0.7983830356568383
5172,0.7984235842456627
5173,0.7984641162756185
5174,0.7985046317362101
5175,0.7985451306169736
5176,0.7985856129074832
5177,0.7986260785973442
5178,0.798666527676198
5179,0.7987069601337216
5180,0.7987473759596275
5181,0.7987877751436627
5182,0.7988281576756112
5183,0.7988685235452891
5184,0.7989088727425526
5185,0.798949205257293
5186,0.7989895210794351
5187,0.7990298201989431
5188,0.7990701026058171
5189,0.7991103682900922
5190,0.7991506172418426
5191,0.7991908494511781
5192,0.799231064908246
5193,0.7992712636032313
5194,0.7993114455263561
5195,0.7993516106678813
5196,0.7993917590181021
5197,0.7994318905673553
5198,0.7994720053060159
5199,0.7995121032244938
5200,0.7995521843132409
5201,0.7995922485627454
5202,0.7996322959635341
5203,0.7996723265061741
5204,0.7997123401812707
5205,0.7997523369794698
5206,0.7997923168914532
5207,0.7998322799079444
5208,0.7998722260197076
5209,0.7999121552175443
5210,0.7999520674922966
5211,0.7999919628348473
5212,0.8000318412361198
5213,0.7964171545228643
5214,0.7964578255365872
5215,0.7964984810430696
5216,0.7965391210304922
5217,0.7965797454870591
5218,0.7966203544010007
5219,0.7966609477605706
5220,0.7967015255540504
5221,0.7967420877697439
5222,0.7967826343959821
5223,0.7968231654211215
5224,0.7968636808335453
5225,0.7969041806216626
5226,0.7969446647739071
5227,0.7969851332787418
5228,0.7970255861246553
5229,0.7970660233001627
5230,0.7971064447938068
5231,0.7971468505941572
5232,0.7971872406898128
5233,0.7972276150693972
5234,0.7972679737215654
5235,0.7973083166349983
5236,0.7973486437984062
5237,0.797388955200527
5238,0.797429250830128
5239,0.7974695306760033
5240,0.7975097947269806
5241,0.7975500429719112
5242,0.7975902753996822
5243,0.7976304919992047
5244,0.7976706927594229
5245,0.7977108776693085
5246,0.797751046717866
5247,0.797791199894128
5248,0.7978313371871592
5249,0.7978714585860541
5250,0.7979115640799382
5251,0.7979516536579694
5252,0.7979917273093339
5253,0.798031785023253
5254,0.7980718267889774
5255,0.798111852595787
5256,0.7981518624329998
5257,0.7981918562899611
5258,0.7982318341560497
5259,0.798271796020677
5260,0.7983117418732874
5261,0.7983516717033579
5262,0.798391585500397
5263,0.7984314832539475
5264,0.7984713649535873
5265,0.7985112305889229
5266,0.7985510801496003
5267,0.7985909136252949
5268,0.7986307310057167
5269,0.7986705322806107
5270,0.7987103174397565
5271,0.7987500864729679
5272,0.7987898393700905
5273,0.7988295761210107
5274,0.798869296715642
5275,0.7989090011439375
5276,0.7989486893958871
5277,0.7989883614615115
5278,0.7990280173308688
5279,0.7990676569940537
5280,0.7991072804411975
5281,0.7991468876624636
5282,0.7991864786480546
5283,0.7992260533882074
5284,0.7992656118731987
5285,0.7993051540933358
5286,0.7993446800389679
5287,0.7993841897004783
5288,0.7994236830682897
5289,0.7994631601328593
5290,0.7995026208846814
5291,0.7995420653142914
5292,0.7995814934122566
5293,0.7996209051691865
5294,0.7996603005757262
5295,0.7996996796225586
5296,0.7997390423004062
5297,0.7997783886000281
5298,0.7998177185122223
5299,0.7998570320278245
5300,0.7998963291377118
5301,0.7999356098327958
5302,0.799974874104031
5303,0.8000141219424073
5304,0.7964568880433326
5305,0.7964969057176443
5306,0.7965369083585772
5307,0.79657689595446
5308,0.796616868493646
5309,0.7966568259645146
5310,0.796696768355467
5311,0.796736695654932
5312,0.7967766078513641
5313,0.796816504933238
5314,0.79685638688906
5315,0.7968962537073603
5316,0.7969361053766927
5317,0.7969759418856394
5318,0.7970157632228095
5319,0.7970555693768353
5320,0.7970953603363778
5321,0.7971351360901258
5322,0.7971748966267924
5323,0.7972146419351213
5324,0.7972543720038798
5325,0.7972940868218654
5326,0.7973337863779023
5327,0.7973734706608432
5328,0.7974131396595672
5329,0.7974527933629845
5330,0.7974924317600294
5331,0.7975320548396695
5332,0.7975716625908981
5333,0.7976112550027383
5334,0.7976508320642421
5335,0.7976903937644921
5336,0.7977299400925968
5337,0.7977694710376994
5338,0.7978089865889678
5339,0.7978484867356035
5340,0.7978879714668358
5341,0.7979274407719256
5342,0.7979668946401635
5343,0.7980063330608714
5344,0.7980457560234009
5345,0.7980851635171361
5346,0.7981245555314893
5347,0.7981639320559069
5348,0.7982032930798666
5349,0.798242638592877
5350,0.7982819685844751
5351,0.798321283044235
5352,0.7983605819617609
5353,0.7983998653266873
5354,0.798439133128684
5355,0.7984783853574511
5356,0.7985176220027216
5357,0.7985568430542637
5358,0.7985960485018736
5359,0.7986352383353862
5360,0.7986744125446656
5361,0.7987135711196117
5362,0.7987527140501567
5363,0.7987918413262651
5364,0.7988309529379384
5365,0.7988700488752088
5366,0.798909129128147
5367,0.7989481936868522
5368,0.7989872425414636
5369,0.7990262756821493
5370,0.7990652930991176
5371,0.7991042947826079
5372,0.7991432807228956
5373,0.7991822509102927
5374,0.799221205335145
5375,0.7992601439878307
5376,0.7992990668587707
5377,0.7993379739384139
5378,0.7993768652172507
5379,0.7994157406858045
5380,0.7994546003346347
5381,0.7994934441543381
5382,0.7995322721355473
5383,0.799571084268931
5384,0.7996098805451949
5385,0.7996486609550809
5386,0.7996874254893688
5387,0.7997261741388728
5388,0.7997649068944469
5389,0.7998036237469824
5390,0.7998423246874057
5391,0.7998810097066814
5392,0.7999196787958124
5393,0.799958331945839
5394,0.7999969691478386
5395,0.8000355903929278
5396,0.7965347485485694
5397,0.7965741192716043
5398,0.7966134754002228
5399,0.7966528169229447
5400,0.7966921438283129
5401,0.7967314561048955
5402,0.7967707537412843
5403,0.796810036726097
5404,0.7968493050479766
5405,0.7968885586955915
5406,0.7969277976576316
5407,0.7969670219228165
5408,0.7970062314798931
5409,0.7970454263176272
5410,0.7970846064248167
5411,0.7971237717902829
5412,0.7971629224028759
5413,0.7972020582514704
5414,0.797241179324967
5415,0.7972802856122958
5416,0.7973193771024121
5417,0.7973584537842976
5418,0.7973975156469635
5419,0.7974365626794485
5420,0.7974755948708172
5421,0.7975146122101617
5422,0.7975536146866066
5423,0.7975926022892982
5424,0.7976315750074174
5425,0.7976705328301691
5426,0.797709475746788
5427,0.7977484037465397
5428,0.7977873168187147
5429,0.7978262149526371
5430,0.7978650981376568
5431,0.7979039663631559
5432,0.7979428196185439
5433,0.7979816578932618
5434,0.7980204811767789
5435,0.7980592894585951
5436,0.7980980827282423
5437,0.7981368609752786
5438,0.7981756241892971
5439,0.7982143723599189
5440,0.7982531054767971
5441,0.7982918235296148
5442,0.798330526508087
5443,0.798369214401959
5444,0.7984078872010084
5445,0.7984465448950469
5446,0.798485187473909
5447,0.7985238149274723
5448,0.7985624272456386
5449,0.7986010244183446
5450,0.7986396064355599
5451,0.7986781732872841
5452,0.7987167249635521
5453,0.7987552614544284
5454,0.7987937827500144
5455,0.7988322888404399
5456,0.7988707797158697
5457,0.7989092553665041
5458,0.7989477157825723
5459,0.79898616095434
5460,0.7990245908721069
5461,0.7990630055262031
5462,0.7991014049069978
5463,0.7991397890048877
5464,0.7991781578103097
5465,0.7992165113137303
5466,0.7992548495056542
5467,0.7992931723766172
5468,0.7993314799171921
5469,0.7993697721179849
5470,0.7994080489696381
5471,0.7994463104628275
5472,0.7994845565882658
5473,0.7995227873366997
5474,0.7995610026989101
5475,0.7995992026657166
5476,0.7996373872279724
5477,0.7996755563765656
5478,0.7997137101024215
5479,0.7997518483965026
5480,0.7997899712498042
5481,0.7998280786533607
5482,0.7998661705982401
5483,0.7999042470755495
5484,0.7999423080764323
5485,0.7999803535920647
5486,0.8000183836136653
5487,0.7965714135742162
5488,0.7966101722823197
5489,0.7966489168249027
5490,0.7966876471906665
5491,0.79672636336833
5492,0.7967650653466409
5493,0.7968037531143711
5494,0.7968424266603144
5495,0.7968810859732929
5496,0.796919731042148
5497,0.796958361855751
5498,0.7969969784029961
5499,0.7970355806728028
5500,0.7970741686541181
5501,0.7971127423359102
5502,0.797151301707178
5503,0.7971898467569432
5504,0.7972283774742536
5505,0.7972668938481873
5506,0.7973053958678411
5507,0.7973438835223453
5508,0.7973823568008533
5509,0.7974208156925479
5510,0.7974592601866354
5511,0.7974976902723526
5512,0.797536105938962
5513,0.7975745071757517
5514,0.7976128939720434
5515,0.7976512663171799
5516,0.7976896242005348
5517,0.7977279676115105
5518,0.7977662965395355
5519,0.7978046109740672
5520,0.7978429109045952
5521,0.7978811963206313
5522,0.7979194672117198
5523,0.7979577235674351
5524,0.7979959653773793
5525,0.798034192631181
5526,0.7980724053185024
5527,0.7981106034290331
5528,0.7981487869524924
5529,0.7981869558786298
5530,0.798225110197224
5531,0.7982632498980847
5532,0.798301374971052
5533,0.7983394854059949
5534,0.7983775811928137
5535,0.798415662321439
5536,0.7984537287818322
5537,0.798491780563987
5538,0.7985298176579252
5539,0.7985678400537024
5540,0.798605847741405
5541,0.7986438407111481
5542,0.7986818189530811
5543,0.7987197824573848
5544,0.7987577312142716
5545,0.7987956652139852
5546,0.7988335844468013
5547,0.7988714889030274
5548,0.7989093785730073
5549,0.7989472534471092
5550,0.7989851135157425
5551,0.7990229587693429
5552,0.7990607891983829
5553,0.7990986047933645
5554,0.7991364055448262
5555,0.7991741914433363
5556,0.7992119624794999
5557,0.7992497186439529
5558,0.7992874599273642
5559,0.7993251863204403
5560,0.7993628978139153
5561,0.7994005943985628
5562,0.7994382760651871
5563,0.7994759428046289
5564,0.7995135946077604
5565,0.7995512314654889
5566,0.7995888533687591
5567,0.7996264603085459
5568,0.7996640522758607
5569,0.7997016292617509
5570,0.7997391912572975
5571,0.799776738253616
5572,0.7998142702418584
5573,0.7998517872132096
5574,0.7998892891588933
5575,0.7999267760701653
5576,0.7999642479383186
5577,0.800001704754681
5578,0.79660695629461
5579,0.7966451219174706
5580,0.7966832737834635
5581,0.7967214118814786
5582,0.7967595362004269
5583,0.7967976467292456
5584,0.7968357434568926
5585,0.7968738263723539
5586,0.7969118954646358
5587,0.7969499507227734
5588,0.7969879921358206
5589,0.7970260196928602
5590,0.7970640333829984
5591,0.7971020331953675
5592,0.7971400191191224
5593,0.7971779911434469
5594,0.7972159492575464
5595,0.7972538934506542
5596,0.7972918237120286
5597,0.797329740030953
5598,0.7973676423967379
5599,0.7974055307987202
5600,0.7974434052262623
5601,0.7974812656687541
5602,0.7975191121156102
5603,0.7975569445562737
5604,0.7975947629802124
5605,0.7976325673769239
5606,0.7976703577359301
5607,0.797708134046782
5608,0.7977458962990572
5609,0.7977836444823627
5610,0.79782137858633
5611,0.797859098600622
5612,0.7978968045149262
5613,0.7979344963189595
5614,0.7979721740024676
5615,0.7980098375552244
5616,0.798047486967032
5617,0.7980851222277197
5618,0.7981227433271488
5619,0.7981603502552079
5620,0.7981979430018123
5621,0.798235521556911
5622,0.7982730859104785
5623,0.7983106360525205
5624,0.7983481719730712
5625,0.7983856936621959
5626,0.7984232011099884
5627,0.7984606943065725
5628,0.798498173242103
5629,0.7985356379067643
5630,0.7985730882907712
5631,0.7986105243843683
5632,0.7986479461778315
5633,0.7986853536614662
5634,0.7987227468256104
5635,0.7987601256606316
5636,0.79879749015693
5637,0.7988348403049338
5638,0.798872176095106
5639,0.7989094975179386
5640,0.7989468045639548
5641,0.7989840972237138
5642,0.799021375487799
5643,0.7990586393468323
5644,0.7990958887914645
5645,0.7991331238123786
5646,0.7991703444002924
5647,0.7992075505459509
5648,0.7992447422401343
5649,0.7992819194736577
5650,0.799319082237365
5651,0.799356230522135
5652,0.7993933643188798
5653,0.79943048361854
5654,0.7994675884120963
5655,0.7995046786905564
5656,0.7995417544449666
5657,0.7995788156663998
5658,0.7996158623459699
5659,0.7996528944748189
5660,0.7996899120441237
5661,0.7997269150450983
5662,0.7997639034689866
5663,0.7998008773070662
5664,0.799837836550654
5665,0.7998747811910959
5666,0.7999117112197721
5667,0.7999486266281023
5668,0.7999855274075339
5669,0.8000224135495547
5670,0.7966790190817595
5671,0.7967165962739728
5672,0.7967541600881761
5673,0.7967917105134785
5674,0.7968292475390161
5675,0.7968667711539453
5676,0.7969042813474464
5677,0.7969417781087267
5678,0.7969792614270111
5679,0.7970167312915571
5680,0.797054187691639
5681,0.7970916306165583
5682,0.7971290600556422
5683,0.7971664759982402
5684,0.7972038784337276
5685,0.7972412673515035
5686,0.7972786427409949
5687,0.7973160045916508
5688,0.797353352892946
5689,0.797390687634383
5690,0.7974280088054869
5691,0.7974653163958115
5692,0.7975026103949325
5693,0.7975398907924568
5694,0.7975771575780123
5695,0.7976144107412569
5696,0.7976516502718707
5697,0.797688876159565
5698,0.7977260883940751
5699,0.7977632869651647
5700,0.79780047186262
5701,0.7978376430762616
5702,0.7978748005959303
5703,0.7979119444114965
5704,0.7979490745128602
5705,0.7979861908899473
5706,0.7980232935327113
5707,0.7980603824311303
5708,0.7980974575752178
5709,0.7981345189550071
5710,0.7981715665605662
5711,0.7982086003819868
5712,0.7982456204093917
5713,0.7982826266329305
5714,0.7983196190427844
5715,0.7983565976291581
5716,0.7983935623822908
5717,0.7984305132924463
5718,0.7984674503499207
5719,0.7985043735450374
5720,0.7985412828681504
5721,0.7985781783096402
5722,0.7986150598599221
5723,0.7986519275094359
5724,0.7986887812486548
5725,0.7987256210680793
5726,0.7987624469582412
5727,0.7987992589097048
5728,0.7988360569130586
5729,0.7988728409589279
5730,0.7989096110379647
5731,0.7989463671408513
5732,0.7989831092583043
5733,0.7990198373810667
5734,0.7990565514999157
5735,0.7990932516056569
5736,0.7991299376891303
5737,0.7991666097412038
5738,0.7992032677527777
5739,0.7992399117147857
5740,0.7992765416181893
5741,0.7993131574539858
5742,0.7993497592131998
5743,0.7993863468868929
5744,0.7994229204661539
5745,0.7994594799421056
5746,0.7994960253059036
5747,0.7995325565487352
5748,0.7995690736618201
5749,0.7996055766364087
5750,0.7996420654637879
5751,0.7996785401352724
5752,0.7997150006422159
5753,0.7997514469759975
5754,0.7997878791280333
5755,0.7998242970897741
5756,0.7998607008526997
5757,0.7998970904083239
5758,0.7999334657481992
5759,0.7999698268639048
5760,0.8000061737470566
5761,0.7967119113722051
5762,0.7967489310464727
5763,0.796785937715061
5764,0.7968229313672889
5765,0.7968599119924944
5766,0.7968968795800399
5767,0.79693383411931
5768,0.7969707755997152
5769,0.7970077040106837
5770,0.7970446193416749
5771,0.7970815215821658
5772,0.7971184107216579
5773,0.7971552867496813
5774,0.7971921496557846
5775,0.7972289994295434
5776,0.7972658360605573
5777,0.7973026595384509
5778,0.7973394698528705
5779,0.7973762669934927
5780,0.797413050950012
5781,0.7974498217121535
5782,0.7974865792696662
5783,0.7975233236123204
5784,0.7975600547299164
5785,0.797596772612279
5786,0.797633477249258
5787,0.7976701686307289
5788,0.7977068467465918
5789,0.7977435115867734
5790,0.7977801631412307
5791,0.7978168013999406
5792,0.7978534263529095
5793,0.7978900379901682
5794,0.7979266363017795
5795,0.7979632212778273
5796,0.797999792908423
5797,0.7980363511837061
5798,0.7980728960938448
5799,0.798109427629031
5800,0.7981459457794869
5801,0.7981824505354601
5802,0.7982189418872264
5803,0.7982554198250893
5804,0.7982918843393803
5805,0.7983283354204576
5806,0.7983647730587085
5807,0.7984011972445488
5808,0.7984376079684212
5809,0.7984740052207969
5810,0.7985103889921763
5811,0.7985467592730877
5812,0.7985831160540882
5813,0.7986194593257627
5814,0.7986557890787281
5815,0.7986921053036248
5816,0.7987284079911284
5817,0.7987646971319382
5818,0.7988009727167881
5819,0.7988372347364355
5820,0.798873483181673
5821,0.7989097180433172
5822,0.7989459393122194
5823,0.7989821469792584
5824,0.799018341035342
5825,0.7990545214714085
5826,0.7990906882784294
5827,0.7991268414474014
5828,0.7991629809693533
5829,0.7991991068353472
5830,0.7992352190364727
5831,0.7992713175638492
5832,0.7993074024086295
5833,0.7993434735619948
5834,0.7993795310151576
5835,0.7994155747593632
5836,0.7994516047858866
5837,0.7994876210860351
5838,0.7995236236511433
5839,0.7995596124725822
5840,0.7995955875417503
5841,0.7996315488500815
5842,0.7996674963890377
5843,0.7997034301501144
5844,0.7997393501248387
5845,0.7997752563047691
5846,0.799811148681495
5847,0.799847027246641
5848,0.7998828919918619
5849,0.7999187429088435
5850,0.7999545799893053
5851,0.7999904032250016
5852,0.8000262126077142
5853,0.7967803218797446
5854,0.7968167877497777
5855,0.7968532409594948
5856,0.7968896814984453
5857,0.7969261093562013
5858,0.7969625245223558
5859,0.7969989269865263
5860,0.7970353167383527
5861,0.797071693767498
5862,0.7971080580636485
5863,0.7971444096165119
5864,0.7971807484158222
5865,0.7972170744513347
5866,0.7972533877128313
5867,0.7972896881901126
5868,0.7973259758730078
5869,0.7973622507513688
5870,0.7973985128150709
5871,0.7974347620540138
5872,0.7974709984581234
5873,0.7975072220173465
5874,0.7975434327216564
5875,0.7975796305610534
5876,0.7976158155255578
5877,0.7976519876052204
5878,0.7976881467901117
5879,0.7977242930703314
5880,0.7977604264360033
5881,0.7977965468772755
5882,0.7978326543843225
5883,0.7978687489473449
5884,0.7979048305565695
5885,0.7979408992022473
5886,0.7979769548746551
5887,0.7980129975640978
5888,0.7980490272609055
5889,0.7980850439554346
5890,0.7981210476380687
5891,0.7981570382992161
5892,0.7981930159293118
5893,0.7982289805188214
5894,0.7982649320582322
5895,0.7983008705380622
5896,0.7983367959488535
5897,0.7983727082811792
5898,0.798408607525636
5899,0.7984444936728494
5900,0.7984803667134732
5901,0.798516226638188
5902,0.798552073437701
5903,0.7985879071027479
5904,0.798623727624096
5905,0.7986595349925342
5906,0.7986953291988834
5907,0.7987311102339921
5908,0.7987668780887366
5909,0.7988026327540227
5910,0.7988383742207834
5911,0.7988741024799791
5912,0.7989098175226047
5913,0.7989455193396764
5914,0.7989812079222436
5915,0.7990168832613835
5916,0.7990525453482038
5917,0.7990881941738379
5918,0.7991238297294525
5919,0.7991594520062418
5920,0.7991950609954293
5921,0.7992306566882685
5922,0.7992662390760422
5923,0.7993018081500619
5924,0.7993373639016728
5925,0.7993729063222441
5926,0.7994084354031802
5927,0.7994439511359133
5928,0.7994794535119062
5929,0.7995149425226493
5930,0.799550418159669
5931,0.799585880414518
5932,0.7996213292787789
5933,0.7996567647440674
5934,0.7996921868020315
5935,0.7997275954443431
5936,0.7997629906627121
5937,0.7997983724488749
5938,0.7998337407946021
5939,0.7998690956916914
5940,0.7999044371319771
5941,0.7999397651073198
5942,0.7999750796096134
5943,0.8000103806307832
5944,0.7968108098297457
5945,0.79684675050729
5946,0.7968826788651102
5947,0.7969185948929686
5948,0.7969544985806509
5949,0.7969903899179618
5950,0.7970262688947309
5951,0.7970621355008106
5952,0.7970979897260713
5953,0.7971338315604136
5954,0.7971696609937534
5955,0.7972054780160351
5956,0.7972412826172207
5957,0.7972770747873009
5958,0.7973128545162865
5959,0.7973486217942115
5960,0.7973843766111329
5961,0.7974201189571345
5962,0.7974558488223205
5963,0.7974915661968196
5964,0.7975272710707855
5965,0.7975629634343934
5966,0.7975986432778455
5967,0.7976343105913672
5968,0.7976699653652084
5969,0.7977056075896413
5970,0.797741237254966
5971,0.7977768543515055
5972,0.7978124588696063
5973,0.7978480507996434
5974,0.797883630132012
5975,0.7979191968571351
5976,0.7979547509654645
5977,0.7979902924474698
5978,0.7980258212936504
5979,0.79806133749453
5980,0.7980968410406598
5981,0.798132331922614
5982,0.7981678101309955
5983,0.7982032756564281
5984,0.7982387284895681
5985,0.7982741686210931
5986,0.7983095960417089
5987,0.7983450107421496
5988,0.7983804127131701
5989,0.7984158019455555
5990,0.7984511784301183
5991,0.7984865421576961
5992,0.7985218931191526
5993,0.7985572313053813
5994,0.7985925567073001
5995,0.7986278693158535
5996,0.7986631691220153
5997,0.7986984561167865
5998,0.7987337302911938
5999,0.7987689916362912
6000,0.798804240143162
6001,0.7988394758029178
6002,0.7988746986066937
6003,0.7989099085456585
6004,0.7989451056110027
6005,0.7989802897939505
6006,0.7990154610857501
6007,0.79905061947768
6008,0.7990857649610468
6009,0.7991208975271822
6010,0.7991560171674529
6011,0.7991911238732486
6012,0.7992262176359912
6013,0.7992612984471262
6014,0.7992963662981336
6015,0.7993314211805199
6016,0.7993664630858196
6017,0.799401492005599
6018,0.7994365079314496
6019,0.7994715108549945
6020,0.7995065007678875
6021,0.7995414776618077
6022,0.7995764415284691
6023,0.799611392359609
6024,0.7996463301470002
6025,0.7996812548824409
6026,0.7997161665577615
6027,0.7997510651648198
6028,0.7997859506955084
6029,0.7998208231417436
6030,0.799855682495476
6031,0.7998905287486854
6032,0.7999253618933818
6033,0.7999601819216048
6034,0.7999949888254245
6035,0.8000297825969438
6036,0.7968758638492255
6037,0.7969112822518505
6038,0.7969466886508222
6039,0.796982083036139
6040,0.7970174653978209
6041,0.7970528357259139
6042,0.79708819401048
6043,0.7971235402416078
6044,0.7971588744094056
6045,0.7971941965040035
6046,0.7972295065155575
6047,0.7972648044342406
6048,0.7973000902502536
6049,0.7973353639538172
6050,0.7973706255351738
6051,0.7974058749845914
6052,0.797441112292359
6053,0.7974763374487895
6054,0.7975115504442194
6055,0.7975467512690055
6056,0.7975819399135333
6057,0.7976171163682064
6058,0.7976522806234557
6059,0.7976874326697336
6060,0.797722572497518
6061,0.7977577000973092
6062,0.7977928154596319
6063,0.7978279185750353
6064,0.797863009434093
6065,0.7978980880274011
6066,0.7979331543455835
6067,0.7979682083792857
6068,0.7980032501191765
6069,0.7980382795559554
6070,0.7980732966803401
6071,0.7981083014830761
6072,0.7981432939549341
6073,0.7981782740867102
6074,0.7982132418692233
6075,0.7982481972933206
6076,0.7982831403498715
6077,0.7983180710297739
6078,0.7983529893239507
6079,0.7983878952233483
6080,0.7984227887189396
6081,0.798457669801725
6082,0.7984925384627295
6083,0.7985273946930036
6084,0.7985622384836252
6085,0.7985970698256982
6086,0.7986318887103515
6087,0.7986666951287424
6088,0.7987014890720526
6089,0.7987362705314897
6090,0.7987710394982934
6091,0.7988057959637213
6092,0.7988405399190665
6093,0.7988752713556441
6094,0.7989099902647963
6095,0.7989446966378939
6096,0.7989793904663332
6097,0.7990140717415408
6098,0.7990487404549664
6099,0.7990833965980902
6100,0.7991180401624198
6101,0.7991526711394882
6102,0.7991872895208583
6103,0.7992218952981178
6104,0.7992564884628862
6105,0.799291069006808
6106,0.7993256369215563
6107,0.7993601921988333
6108,0.7993947348303675
6109,0.7994292648079165
6110,0.7994637821232664
6111,0.7994982867682318
6112,0.7995327787346552
6113,0.7995672580144083
6114,0.79960172459939
6115,0.7996361784815295
6116,0.7996706196527827
6117,0.7997050481051363
6118,0.7997394638306058
6119,0.799773866821234
6120,0.7998082570690945
6121,0.799842634566289
6122,0.7998769993049486
6123,0.7999113512772337
6124,0.7999456904753337
6125,0.7999800168914679
6126,0.8000143305178833
6127,0.796904163381374
6128,0.7969390860740092
6129,0.7969739970756738
6130,0.7970088963765853
6131,0.7970437839669807
6132,0.7970786598371183
6133,0.7971135239772761
6134,0.7971483763777581
6135,0.7971832170288854
6136,0.7972180459210035
6137,0.797252863044477
6138,0.7972876683896929
6139,0.7973224619470647
6140,0.797357243707021
6141,0.7973920136600187
6142,0.7974267717965321
6143,0.797461518107062
6144,0.7974962525821265
6145,0.7975309752122731
6146,0.7975656859880665
6147,0.7976003849000951
6148,0.7976350719389725
6149,0.797669747095332
6150,0.797704410359834
6151,0.7977390617231584
6152,0.7977737011760095
6153,0.7978083287091152
6154,0.7978429443132267
6155,0.7978775479791176
6156,0.7979121396975901
6157,0.7979467194594629
6158,0.7979812872555834
6159,0.7980158430768194
6160,0.7980503869140673
6161,0.7980849187582422
6162,0.7981194386002891
6163,0.798153946431171
6164,0.7981884422418818
6165,0.7982229260234348
6166,0.7982573977668698
6167,0.7982918574632509
6168,0.7983263051036675
6169,0.798360740679233
6170,0.7983951641810856
6171,0.7984295756003904
6172,0.7984639749283349
6173,0.7984983621561322
6174,0.7985327372750225
6175,0.7985671002762702
6176,0.7986014511511644
6177,0.7986357898910206
6178,0.7986701164871799
6179,0.7987044309310075
6180,0.7987387332138973
6181,0.7987730233272649
6182,0.7988073012625575
6183,0.7988415670112423
6184,0.7988758205648163
6185,0.798910061914801
6186,0.7989442910527448
6187,0.7989785079702231
6188,0.7990127126588353
6189,0.7990469051102106
6190,0.7990810853160021
6191,0.7991152532678885
6192,0.7991494089575804
6193,0.7991835523768103
6194,0.7992176835173379
6195,0.7992518023709534
6196,0.7992859089294696
6197,0.7993200031847287
6198,0.7993540851286008
6199,0.7993881547529802
6200,0.7994222120497925
6201,0.7994562570109863
6202,0.7994902896285431
6203,0.7995243098944655
6204,0.7995583178007881
6205,0.7995923133395718
6206,0.7996262965029061
6207,0.7996602672829074
6208,0.799694225671719
6209,0.7997281716615142
6210,0.7997621052444929
6211,0.7997960264128848
6212,0.7998299351589441
6213,0.7998638314749572
6214,0.7998977153532382
6215,0.7999315867861264
6216,0.7999654457659916
6217,0.7999992922852341
6218,0.800033126336279
6219,0.796966123247313
6220,0.7970005524716808
6221,0.7970349702953812
6222,0.7970693767088691
6223,0.7971037717026158
6224,0.7971381552671188
6225,0.7971725273928916
6226,0.7972068880704709
6227,0.7972412372904162
6228,0.7972755750433057
6229,0.7973099013197394
6230,0.7973442161103398
6231,0.7973785194057483
6232,0.797412811196631
6233,0.7974470914736747
6234,0.7974813602275864
6235,0.7975156174490975
6236,0.7975498631289576
6237,0.7975840972579444
6238,0.7976183198268513
6239,0.7976525308264972
6240,0.7976867302477239
6241,0.7977209180813956
6242,0.7977550943183952
6243,0.797789258949632
6244,0.7978234119660385
6245,0.7978575533585662
6246,0.7978916831181928
6247,0.7979258012359192
6248,0.7979599077027651
6249,0.7979940025097797
6250,0.7980280856480302
6251,0.798062157108608
6252,0.7980962168826303
6253,0.7981302649612364
6254,0.7981643013355864
6255,0.7981983259968702
6256,0.798232338936296
6257,0.798266340145098
6258,0.7983003296145349
6259,0.7983343073358866
6260,0.7983682733004598
6261,0.7984022274995849
6262,0.7984361699246152
6263,0.7984701005669311
6264,0.798504019417934
6265,0.7985379264690513
6266,0.7985718217117346
6267,0.7986057051374613
6268,0.798639576737734
6269,0.7986734365040756
6270,0.7987072844280388
6271,0.7987411205011999
6272,0.7987749447151579
6273,0.7988087570615411
6274,0.7988425575320003
6275,0.7988763461182099
6276,0.7989101228118732
6277,0.7989438876047171
6278,0.798977640488495
6279,0.7990113814549837
6280,0.7990451104959877
6281,0.7990788276033364
6282,0.7991125327688856
6283,0.7991462259845142
6284,0.7991799072421328
6285,0.7992135765336723
6286,0.799247233851091
6287,0.7992808791863748
6288,0.7993145125315372
6289,0.7993481338786136
6290,0.799381743219668
6291,0.7994153405467919
6292,0.7994489258521007
6293,0.79948249912774
6294,0.7995160603658786
6295,0.7995496095587133
6296,0.7995831466984674
6297,0.7996166717773918
6298,0.7996501847877632
6299,0.7996836857218873
6300,0.7997171745720933
6301,0.799750651330741
6302,0.799784115990214
6303,0.7998175685429264
6304,0.7998510089813178
6305,0.7998844372978554
6306,0.7999178534850337
6307,0.7999512575353749
6308,0.7999846494414271
6309,0.8000180291957715
6310,0.7969924248068692
6311,0.797026385298452
6312,0.7970603346773837
6313,0.7970942729343308
6314,0.7971282000599836
6315,0.7971621160450508
6316,0.7971960208802641
6317,0.7972299145563708
6318,0.7972637970641415
6319,0.7972976683943699
6320,0.7973315285378674
6321,0.797365377485465
6322,0.7973992152280188
6323,0.7974330417564022
6324,0.7974668570615119
6325,0.797500661134264
6326,0.7975344539655982
6327,0.7975682355464754
6328,0.7976020058678722
6329,0.7976357649207968
6330,0.7976695126962688
6331,0.7977032491853374
6332,0.79773697437907
6333,0.7977706882685554
6334,0.797804390844908
6335,0.7978380820992568
6336,0.7978717620227617
6337,0.7979054306065994
6338,0.7979390878419705
6339,0.797972733720097
6340,0.7980063682322254
6341,0.7980399913696234
6342,0.7980736031235819
6343,0.7981072034854119
6344,0.7981407924464514
6345,0.7981743699980572
6346,0.7982079361316147
6347,0.7982414908385251
6348,0.7982750341102183
6349,0.7983085659381444
6350,0.7983420863137777
6351,0.7983755952286165
6352,0.7984090926741831
6353,0.7984425786420183
6354,0.7984760531236954
6355,0.798509516110802
6356,0.7985429675949556
6357,0.7985764075677959
6358,0.7986098360209851
6359,0.7986432529462114
6360,0.7986766583351855
6361,0.7987100521796431
6362,0.7987434344713428
6363,0.7987768052020698
6364,0.7988101643636311
6365,0.7988435119478587
6366,0.7988768479466108
6367,0.7989101723517693
6368,0.7989434851552378
6369,0.7989767863489504
6370,0.7990100759248603
6371,0.7990433538749482
6372,0.7990766201912196
6373,0.799109874865704
6374,0.7991431178904574
6375,0.7991763492575604
6376,0.7992095689591171
6377,0.7992427769872592
6378,0.7992759733341425
6379,0.7993091579919481
6380,0.7993423309528821
6381,0.7993754922091795
6382,0.7994086417530945
6383,0.799441779576911
6384,0.7994749056729407
6385,0.7995080200335164
6386,0.799541122650999
6387,0.7995742135177749
6388,0.7996072926262586
6389,0.7996403599688849
6390,0.7996734155381209
6391,0.7997064593264567
6392,0.7997394913264084
6393,0.7997725115305206
6394,0.7998055199313618
6395,0.7998385165215278
6396,0.799871501293641
6397,0.7999044742403493
6398,0.7999374353543289
6399,0.7999703846282809
6400,0.800003322054934
6401,0.7970180200500708
6402,0.7970515243112527
6403,0.7970850177364115
6404,0.7971185003164302
6405,0.7971519720422117
6406,0.7971854329046786
6407,0.7972188828947745
6408,0.7972523220034593
6409,0.797285750221717
6410,0.7973191675405515
6411,0.7973525739509817
6412,0.7973859694440543
6413,0.7974193540108301
6414,0.7974527276423937
6415,0.7974860903298499
6416,0.7975194420643226
6417,0.797552782836958
6418,0.7975861126389217
6419,0.7976194314614025
6420,0.7976527392956063
6421,0.7976860361327637
6422,0.7977193219641256
6423,0.7977525967809618
6424,0.7977858605745664
6425,0.797819113336252
6426,0.7978523550573563
6427,0.7978855857292338
6428,0.7979188053432644
6429,0.7979520138908489
6430,0.7979852113634073
6431,0.798018397752386
6432,0.7980515730492481
6433,0.7980847372454835
6434,0.7981178903325993
6435,0.7981510323021297
6436,0.7981841631456276
6437,0.7982172828546683
6438,0.7982503914208527
6439,0.7982834888357999
6440,0.7983165750911546
6441,0.7983496501785824
6442,0.7983827140897725
6443,0.7984157668164352
6444,0.7984488083503065
6445,0.798481838683141
6446,0.7985148578067213
6447,0.798547865712848
6448,0.79858086239335
6449,0.7986138478400747
6450,0.7986468220448948
6451,0.7986797849997065
6452,0.7987127366964283
6453,0.7987456771270036
6454,0.7987786062833968
6455,0.7988115241575995
6456,0.798844430741624
6457,0.7988773260275057
6458,0.7989102100073079
6459,0.7989430826731146
6460,0.7989759440170314
6461,0.7990087940311945
6462,0.7990416327077587
6463,0.7990744600389038
6464,0.7991072760168353
6465,0.7991400806337811
6466,0.7991728738819956
6467,0.7992056557537563
6468,0.7992384262413643
6469,0.7992711853371454
6470,0.7993039330334522
6471,0.7993366693226593
6472,0.7993693941971671
6473,0.7994021076494005
6474,0.7994348096718099
6475,0.7994675002568681
6476,0.7995001793970767
6477,0.7995328470849569
6478,0.799565503313063
6479,0.7995981480739657
6480,0.7996307813602668
6481,0.7996634031645903
6482,0.7996960134795852
6483,0.7997286122979302
6484,0.7997611996123227
6485,0.799793775415491
6486,0.7998263397001856
6487,0.7998588924591857
6488,0.7998914336852926
6489,0.7999239633713352
6490,0.799956481510169
6491,0.7999889880946733
6492,0.8000214831177526
6493,0.7970759966880342
6494,0.7971090461398255
6495,0.797142085012569
6496,0.7971751132973803
6497,0.7972081309853916
6498,0.7972411380677575
6499,0.7972741345356499
6500,0.7973071203802615
6501,0.7973400955928046
6502,0.7973730601645115
6503,0.7974060140866315
6504,0.7974389573504359
6505,0.7974718899472167
6506,0.7975048118682846
6507,0.7975377231049704
6508,0.7975706236486241
6509,0.7976035134906186
6510,0.7976363926223444
6511,0.7976692610352141
6512,0.7977021187206599
6513,0.7977349656701337
6514,0.7977678018751094
6515,0.7978006273270819
6516,0.797833442017565
6517,0.7978662459380936
6518,0.7978990390802265
6519,0.7979318214355381
6520,0.7979645929956289
6521,0.7979973537521202
6522,0.7980301036966488
6523,0.7980628428208785
6524,0.798095571116493
6525,0.7981282885751968
6526,0.7981609951887155
6527,0.798193690948797
6528,0.7982263758472108
6529,0.798259049875748
6530,0.7982917130262217
6531,0.7983243652904651
6532,0.7983570066603357
6533,0.7983896371277122
6534,0.798422256684494
6535,0.7984548653226041
6536,0.798487463033988
6537,0.7985200498106111
6538,0.7985526256444633
6539,0.7985851905275573
6540,0.7986177444519243
6541,0.7986502874096236
6542,0.7986828193927326
6543,0.798715340393354
6544,0.7987478504036123
6545,0.7987803494156528
6546,0.798812837421647
6547,0.7988453144137881
6548,0.7988777803842909
6549,0.7989102353253954
6550,0.7989426792293624
6551,0.7989751120884767
6552,0.7990075338950471
6553,0.7990399446414064
6554,0.7990723443199073
6555,0.7991047329229295
6556,0.7991371104428734
6557,0.7991694768721643
6558,0.7992018322032525
6559,0.7992341764286085
6560,0.79926650954073
6561,0.7992988315321363
6562,0.7993311423953692
6563,0.799363442122998
6564,0.7993957307076149
6565,0.7994280081418333
6566,0.7994602744182937
6567,0.7994925295296597
6568,0.7995247734686185
6569,0.7995570062278818
6570,0.7995892278001865
6571,0.7996214381782916
6572,0.799653637354984
6573,0.7996858253230713
6574,0.7997180020753881
6575,0.7997501676047929
6576,0.7997823219041666
6577,0.7998144649664192
6578,0.7998465967844811
6579,0.7998787173513106
6580,0.7999108266598887
6581,0.7999429247032214
6582,0.799975011474341
6583,0.8000070869663046
6584,0.7970998281447245
6585,0.7971324451215756
6586,0.7971650517753067
6587,0.7971976480972414
6588,0.7972302340787238
6589,0.7972628097111164
6590,0.7972953749857978
6591,0.7973279298941707
6592,0.7973604744276537
6593,0.7973930085776839
6594,0.7974255323357209
6595,0.797458045693238
6596,0.7974905486417336
6597,0.7975230411727227
6598,0.7975555232777382
6599,0.7975879949483377
6600,0.7976204561760928
6601,0.7976529069525977
6602,0.7976853472694664
6603,0.797717777118332
6604,0.7977501964908488
6605,0.7977826053786874
6606,0.7978150037735432
6607,0.7978473916671294
6608,0.79787976905118
6609,0.7979121359174475
6610,0.7979444922577077
6611,0.7979768380637547
6612,0.7980091733274031
6613,0.7980414980404898
6614,0.7980738121948706
6615,0.7981061157824215
6616,0.7981384087950428
6617,0.7981706912246502
6618,0.7982029630631853
6619,0.7982352243026072
6620,0.798267474934899
6621,0.7982997149520615
6622,0.7983319443461204
6623,0.7983641631091194
6624,0.7983963712331243
6625,0.7984285687102242
6626,0.798460755532527
6627,0.7984929316921627
6628,0.7985250971812856
6629,0.7985572519920684
6630,0.7985893961167044
6631,0.7986215295474126
6632,0.7986536522764334
6633,0.7986857642960246
6634,0.7987178655984702
6635,0.7987499561760748
6636,0.7987820360211656
6637,0.7988141051260897
6638,0.7988461634832196
6639,0.7988782110849498
6640,0.798910247923692
6641,0.7989422739918874
6642,0.7989742892819944
6643,0.7990062937864972
6644,0.7990382874979006
6645,0.7990702704087301
6646,0.7991022425115395
6647,0.7991342037989004
6648,0.7991661542634083
6649,0.7991980938976838
6650,0.7992300226943664
6651,0.7992619406461207
6652,0.7992938477456357
6653,0.7993257439856195
6654,0.7993576293588095
6655,0.7993895038579585
6656,0.7994213674758491
6657,0.7994532202052828
6658,0.7994850620390881
6659,0.7995168929701121
6660,0.7995487129912305
6661,0.7995805220953388
6662,0.7996123202753573
6663,0.7996441075242314
6664,0.7996758838349262
6665,0.7997076492004346
6666,0.7997394036137692
6667,0.7997711470679708
6668,0.799802879556102
6669,0.7998346010712482
6670,0.7998663116065193
6671,0.7998980111550492
6672,0.7999296997099982
6673,0.7999613772645462
6674,0.7999930438119015
6675,0.800024699345294
6676,0.7971552385849447
6677,0.7971874240530575
6678,0.7972195994358879
6679,0.7972517647249886
6680,0.7972839199119282
6681,0.7973160649882917
6682,0.7973481999456857
6683,0.7973803247757337
6684,0.7974124394700766
6685,0.7974445440203772
6686,0.797476638418314
6687,0.7975087226555855
6688,0.7975407967239079
6689,0.7975728606150195
6690,0.7976049143206737
6691,0.7976369578326461
6692,0.7976689911427283
6693,0.7977010142427362
6694,0.7977330271244983
6695,0.7977650297798667
6696,0.7977970222007138
6697,0.7978290043789273
6698,0.7978609763064186
6699,0.7978929379751165
6700,0.7979248893769709
6701,0.7979568305039481
6702,0.7979887613480385
6703,0.7980206819012503
6704,0.7980525921556124
6705,0.798084492103172
6706,0.7981163817359986
6707,0.7981482610461792
6708,0.798180130025825
6709,0.7982119886670639
6710,0.7982438369620443
6711,0.7982756749029372
6712,0.7983075024819322
6713,0.7983393196912416
6714,0.798371126523095
6715,0.7984029229697449
6716,0.7984347090234637
6717,0.7984664846765457
6718,0.7984982499213028
6719,0.7985300047500747
6720,0.7985617491552135
6721,0.7985934831290968
6722,0.7986252066641247
6723,0.7986569197527155
6724,0.7986886223873088
6725,0.7987203145603675
6726,0.7987519962643731
6727,0.7987836674918325
6728,0.7988153282352687
6729,0.7988469784872303
6730,0.7988786182402857
6731,0.7989102474870258
6732,0.798941866220063
6733,0.7989734744320287
6734,0.7990050721155808
6735,0.7990366592633935
6736,0.79906823586817
6737,0.7990998019226284
6738,0.7991313574195134
6739,0.7991629023515877
6740,0.7991944367116401
6741,0.7992259604924798
6742,0.7992574736869379
6743,0.7992889762878671
6744,0.7993204682881444
6745,0.799351949680668
6746,0.7993834204583576
6747,0.7994148806141579
6748,0.799446330141033
6749,0.7994777690319718
6750,0.7995091972799838
6751,0.7995406148781039
6752,0.7995720218193869
6753,0.7996034180969124
6754,0.7996348037037819
6755,0.7996661786331192
6756,0.7996975428780726
6757,0.7997288964318112
6758,0.7997602392875287
6759,0.7997915714384408
6760,0.799822892877789
6761,0.7998542035988334
6762,0.7998855035948602
6763,0.7999167928591793
6764,0.799948071385121
6765,0.7999793391660419
6766,0.8000105961953213
6767,0.7971774491960832
6768,0.7972092240817573
6769,0.797240989119553
6770,0.797272744301223
6771,0.7973044896185383
6772,0.7973362250632894
6773,0.7973679506272828
6774,0.7973996663023432
6775,0.7974313720803149
6776,0.7974630679530595
6777,0.7974947539124558
6778,0.7975264299504028
6779,0.797558096058816
6780,0.79758975222963
6781,0.7976213984547993
6782,0.7976530347262935
6783,0.7976846610361045
6784,0.7977162773762405
6785,0.7977478837387302
6786,0.7977794801156186
6787,0.7978110664989705
6788,0.797842642880873
6789,0.7978742092534268
6790,0.7979057656087555
6791,0.7979373119389983
6792,0.7979688482363184
6793,0.7980003744928936
6794,0.7980318907009252
6795,0.7980633968526287
6796,0.7980948929402437
6797,0.7981263789560268
6798,0.7981578548922547
6799,0.798189320741225
6800,0.7982207764952529
6801,0.798252222146674
6802,0.7982836576878448
6803,0.7983150831111376
6804,0.7983464984089523
6805,0.7983779035737
6806,0.7984092985978195
6807,0.7984406834737624
6808,0.7984720581940087
6809,0.7985034227510491
6810,0.7985347771374024
6811,0.7985661213456051
6812,0.7985974553682113
6813,0.7986287791977992
6814,0.798660092826967
6815,0.7986913962483316
6816,0.7987226894545318
6817,0.7987539724382269
6818,0.7987852451920958
6819,0.7988165077088396
6820,0.7988477599811785
6821,0.7988790020018577
6822,0.7989102337636377
6823,0.7989414552593036
6824,0.7989726664816584
6825,0.7990038674235302
6826,0.7990350580777648
6827,0.7990662384372323
6828,0.7990974084948219
6829,0.7991285682434425
6830,0.7991597176760279
6831,0.7991908567855316
6832,0.7992219855649279
6833,0.7992531040072122
6834,0.799284212105405
6835,0.7993153098525436
6836,0.7993463972416898
6837,0.7993774742659262
6838,0.7994085409183576
6839,0.7994395971921093
6840,0.79947064308033
6841,0.7995016785761901
6842,0.79953270367288
6843,0.7995637183636146
6844,0.7995947226416296
6845,0.7996257165001804
6846,0.7996566999325507
6847,0.7996876729320396
6848,0.7997186354919721
6849,0.7997495876056944
6850,0.7997805292665757
6851,0.7998114604680062
6852,0.7998423812033992
6853,0.7998732914661916
6854,0.7999041912498404
6855,0.7999350805478261
6856,0.799965959353653
6857,0.7999968276608465
6858,0.8000276854629544
6859,0.7972304729684342
6860,0.7972618378484739
6861,0.7972931931013446
6862,0.7973245387190184
6863,0.7973558746934841
6864,0.7973872010167482
6865,0.7974185176808329
6866,0.7974498246777814
6867,0.7974811219996519
6868,0.797512409638521
6869,0.7975436875864821
6870,0.7975749558356489
6871,0.7976062143781509
6872,0.7976374632061362
6873,0.7976687023117706
6874,0.7976999316872391
6875,0.7977311513247423
6876,0.7977623612165019
6877,0.7977935613547559
6878,0.7978247517317604
6879,0.7978559323397926
6880,0.7978871031711442
6881,0.7979182642181291
6882,0.7979494154730771
6883,0.7979805569283388
6884,0.7980116885762805
6885,0.7980428104092896
6886,0.7980739224197705
6887,0.7981050246001492
6888,0.7981361169428686
6889,0.7981671994403905
6890,0.7981982720851962
6891,0.7982293348697851
6892,0.7982603877866784
6893,0.7982914308284118
6894,0.7983224639875459
6895,0.7983534872566576
6896,0.7983845006283401
6897,0.7984155040952123
6898,0.7984464976499086
6899,0.7984774812850836
6900,0.7985084549934118
6901,0.7985394187675869
6902,0.7985703726003218
6903,0.7986013164843506
6904,0.7986322504124267
6905,0.798663174377323
6906,0.7986940883718318
6907,0.7987249923887652
6908,0.7987558864209565
6909,0.7987867704612589
6910,0.7988176445025451
6911,0.7988485085377077
6912,0.7988793625596591
6913,0.7989102065613344
6914,0.7989410405356862
6915,0.7989718644756877
6916,0.7990026783743344
6917,0.799033482224642
6918,0.799064276019644
6919,0.7990950597523968
6920,0.7991258334159765
6921,0.799156597003482
6922,0.7991873505080289
6923,0.7992180939227566
6924,0.7992488272408232
6925,0.7992795504554118
6926,0.7993102635597192
6927,0.7993409665469702
6928,0.7993716594104066
6929,0.7994023421432915
6930,0.7994330147389117
6931,0.7994636771905709
6932,0.7994943294915978
6933,0.7995249716353399
6934,0.7995556036151669
6935,0.7995862254244686
6936,0.7996168370566604
6937,0.7996474385051715
6938,0.7996780297634587
6939,0.799708610824999
6940,0.7997391816832888
6941,0.7997697423318484
6942,0.7998002927642186
6943,0.7998308329739606
6944,0.7998613629546607
6945,0.7998918826999234
6946,0.7999223922033768
6947,0.7999528914586703
6948,0.7999833804594739
6949,0.8000138591994824
6950,0.7972511907674926
6951,0.797282165291622
6952,0.7973131304093313
6953,0.7973440861127878
6954,0.7973750323941776
6955,0.7974059692457014
6956,0.7974368966595783
6957,0.797467814628046
6958,0.7974987231433543
6959,0.7975296221977757
6960,0.7975605117835982
6961,0.7975913918931237
6962,0.7976222625186775
6963,0.7976531236525969
6964,0.7976839752872398
6965,0.7977148174149815
6966,0.797745650028213
6967,0.7977764731193445
6968,0.7978072866808036
6969,0.7978380907050354
6970,0.797868885184504
6971,0.7978996701116887
6972,0.7979304454790901
6973,0.7979612112792234
6974,0.7979919675046252
6975,0.7980227141478482
6976,0.7980534512014638
6977,0.7980841786580614
6978,0.7981148965102477
6979,0.7981456047506509
6980,0.7981763033719135
6981,0.7982069923666989
6982,0.7982376717276893
6983,0.7982683414475837
6984,0.7982990015190998
6985,0.7983296519349772
6986,0.7983602926879697
6987,0.798390923770854
6988,0.7984215451764206
6989,0.7984521568974837
6990,0.7984827589268748
6991,0.7985133512574437
6992,0.7985439338820578
6993,0.7985745067936072
6994,0.798605069984999
6995,0.7986356234491586
6996,0.7986661671790333
6997,0.7986967011675865
6998,0.7987272254078045
6999,0.7987577398926878
7000,0.798788244615262
7001,0.7988187395685691
7002,0.7988492247456705
7003,0.7988797001396465
7004,0.7989101657436005
7005,0.7989406215506528
7006,0.7989710675539424
7007,0.7990015037466313
7008,0.7990319301218981
7009,0.7990623466729435
7010,0.7990927533929872
7011,0.7991231502752676
7012,0.799153537313046
7013,0.7991839144995998
7014,0.7992142818282307
7015,0.7992446392922578
7016,0.7992749868850207
7017,0.7993053245998797
7018,0.7993356524302153
7019,0.7993659703694277
7020,0.7993962784109389
7021,0.799426576548188
7022,0.7994568647746397
7023,0.7994871430837731
7024,0.7995174114690936
7025,0.7995476699241217
7026,0.7995779184424032
7027,0.799608157017502
7028,0.7996383856430034
7029,0.7996686043125129
7030,0.7996988130196556
7031,0.7997290117580823
7032,0.7997592005214565
7033,0.7997893793034712
7034,0.7998195480978328
7035,0.7998497068982753
7036,0.7998798556985492
7037,0.7999099944924266
7038,0.7999401232737023
7039,0.7999702420361903
7040,0.8000003507737281
7041,0.7972713965504888
7042,0.7973019901550377
7043,0.797332574566117
7044,0.7973631497760861
7045,0.7973937157773213
7046,0.7974242725622183
7047,0.7974548201231868
7048,0.7974853584526529
7049,0.7975158875430615
7050,0.7975464073868719
7051,0.7975769179765615
7052,0.7976074193046234
7053,0.7976379113635694
7054,0.7976683941459268
7055,0.7976988676442411
7056,0.797729331851072
7057,0.7977597867589993
7058,0.7977902323606177
7059,0.7978206686485414
7060,0.7978510956154018
7061,0.7978815132538455
7062,0.797911921556535
7063,0.7979423205161563
7064,0.7979727101254084
7065,0.7980030903770077
7066,0.7980334612636901
7067,0.7980638227782069
7068,0.7980941749133288
7069,0.7981245176618437
7070,0.7981548510165583
7071,0.7981851749702947
7072,0.7982154895158959
7073,0.7982457946462191
7074,0.7982760903541446
7075,0.798306376632565
7076,0.7983366534743951
7077,0.7983669208725659
7078,0.7983971788200278
7079,0.7984274273097481
7080,0.798457666334713
7081,0.7984878958879288
7082,0.7985181159624161
7083,0.7985483265512171
7084,0.7985785276473926
7085,0.7986087192440197
7086,0.7986389013341955
7087,0.7986690739110363
7088,0.7986992369676759
7089,0.7987293904972654
7090,0.7987595344929794
7091,0.7987896689480077
7092,0.7988197938555589
7093,0.79884990920886
7094,0.798880015001161
7095,0.7989101112257259
7096,0.798940197875839
7097,0.7989702749448072
7098,0.799000342425952
7099,0.7990304003126165
7100,0.799060448598162
7101,0.799090487275969
7102,0.7991205163394387
7103,0.7991505357819898
7104,0.7991805455970614
7105,0.7992105457781128
7106,0.7992405363186205
7107,0.7992705172120816
7108,0.7993004884520143
7109,0.7993304500319537
7110,0.7993604019454564
7111,0.799390344186097
7112,0.7994202767474738
7113,0.7994501996231989
7114,0.7994801128069091
7115,0.7995100162922579
7116,0.7995399100729199
7117,0.799569794142591
7118,0.7995996684949847
7119,0.799629533123835
7120,0.799659388022897
7121,0.799689233185946
7122,0.7997190686067763
7123,0.7997488942792014
7124,0.7997787101970567
7125,0.7998085163541988
7126,0.7998383127445011
7127,0.7998680993618611
7128,0.7998978762001934
7129,0.7999276432534357
7130,0.7999574005155431
7131,0.7999871479804959
7132,0.800016885642288
7133,0.797321330244407
7134,0.7973515430308606
7135,0.7973817468219253
7136,0.7974119416101668
7137,0.7974421273881666
7138,0.7974723041485247
7139,0.7975024718838541
7140,0.7975326305867848
7141,0.7975627802499655
7142,0.7975929208660565
7143,0.7976230524277385
7144,0.7976531749277075
7145,0.7976832883586747
7146,0.7977133927133692
7147,0.7977434879845352
7148,0.7977735741649361
7149,0.7978036512473489
7150,0.7978337192245687
7151,0.7978637780894084
7152,0.7978938278346952
7153,0.7979238684532753
7154,0.7979538999380114
7155,0.7979839222817816
7156,0.7980139354774833
7157,0.7980439395180291
7158,0.7980739343963499
7159,0.7981039201053927
7160,0.798133896638122
7161,0.798163863987521
7162,0.7981938221465881
7163,0.7982237711083408
7164,0.798253710865812
7165,0.7982836414120539
7166,0.7983135627401348
7167,0.7983434748431417
7168,0.7983733777141782
7169,0.7984032713463666
7170,0.7984331557328462
7171,0.7984630308667736
7172,0.7984928967413235
7173,0.7985227533496885
7174,0.7985526006850796
7175,0.7985824387407251
7176,0.7986122675098708
7177,0.7986420869857817
7178,0.79867189716174
7179,0.7987016980310454
7180,0.7987314895870163
7181,0.7987612718229917
7182,0.7987910447323248
7183,0.7988208083083871
7184,0.7988505625445734
7185,0.7988803074342912
7186,0.7989100429709698
7187,0.7989397691480554
7188,0.7989694859590133
7189,0.7989991933973271
7190,0.799028891456498
7191,0.7990585801300489
7192,0.7990882594115162
7193,0.7991179292944605
7194,0.7991475897724571
7195,0.7991772408391022
7196,0.7992068824880102
7197,0.7992365147128142
7198,0.7992661375071647
7199,0.7992957508647348
7200,0.7993253547792137
7201,0.7993549492443093
7202,0.7993845342537493
7203,0.7994141098012839
7204,0.7994436758806753
7205,0.7994732324857116
7206,0.7995027796101951
7207,0.7995323172479503
7208,0.7995618453928208
7209,0.7995913640386675
7210,0.7996208731793726
7211,0.7996503728088376
7212,0.7996798629209806
7213,0.7997093435097441
7214,0.7997388145690854
7215,0.7997682760929847
7216,0.7997977280754386
7217,0.7998271705104663
7218,0.7998566033921061
7219,0.7998860267144134
7220,0.7999154404714642
7221,0.7999448446573572
7222,0.7999742392662081
7223,0.8000036242921527
7224,0.797340202522445
7225,0.7973700524371197
7226,0.7973998935550627
7227,0.7974297258690257
7228,0.7974595493717735
7229,0.7974893640560903
7230,0.7975191699147715
7231,0.7975489669406333
7232,0.7975787551265033
7233,0.7976085344652283
7234,0.7976383049496673
7235,0.7976680665726985
7236,0.797697819327214
7237,0.7977275632061241
7238,0.797757298202351
7239,0.7977870243088385
7240,0.7978167415185428
7241,0.7978464498244366
7242,0.7978761492195101
7243,0.7979058396967696
7244,0.7979355212492371
7245,0.797965193869951
7246,0.7979948575519653
7247,0.7980245122883566
7248,0.7980541580722074
7249,0.7980837948966252
7250,0.798113422754731
7251,0.7981430416396622
7252,0.7981726515445746
7253,0.7982022524626401
7254,0.7982318443870459
7255,0.798261427310998
7256,0.7982910012277172
7257,0.7983205661304453
7258,0.7983501220124367
7259,0.798379668866964
7260,0.7984092066873189
7261,0.798438735466808
7262,0.7984682551987573
7263,0.7984977658765054
7264,0.7985272674934144
7265,0.7985567600428599
7266,0.7985862435182349
7267,0.7986157179129515
7268,0.7986451832204368
7269,0.7986746394341373
7270,0.7987040865475173
7271,0.7987335245540576
7272,0.7987629534472563
7273,0.7987923732206309
7274,0.7988217838677133
7275,0.7988511853820579
7276,0.7988805777572333
7277,0.7989099609868249
7278,0.79893933506444
7279,0.7989686999837005
7280,0.7989980557382477
7281,0.7990274023217421
7282,0.7990567397278578
7283,0.799086067950292
7284,0.7991153869827559
7285,0.7991446968189826
7286,0.79917399745272
7287,0.799203288877736
7288,0.7992325710878164
7289,0.7992618440767659
7290,0.7992911078384057
7291,0.799320362366577
7292,0.799349607655139
7293,0.7993788436979695
7294,0.7994080704889633
7295,0.7994372880220363
7296,0.79946649629112
7297,0.7994956952901663
7298,0.7995248850131471
7299,0.7995540654540485
7300,0.7995832366068792
7301,0.7996123984656655
7302,0.7996415510244529
7303,0.7996706942773033
7304,0.7996998282183001
7305,0.7997289528415462
7306,0.7997580681411581
7307,0.7997871741112778
7308,0.7998162707460622
7309,0.7998453580396887
7310,0.799874435986354
7311,0.7999035045802717
7312,0.7999325638156772
7313,0.7999616136868218
7314,0.7999906541879809
7315,0.8000196853134443
7316,0.7973881186444535
7317,0.7974176055224882
7318,0.7974470837886526
7319,0.7974765534358909
7320,0.7975060144571694
7321,0.7975354668454631
7322,0.7975649105937654
7323,0.7975943456950856
7324,0.7976237721424441
7325,0.7976531899288842
7326,0.7976825990474566
7327,0.7977119994912333
7328,0.7977413912532993
7329,0.7977707743267536
7330,0.7978001487047149
7331,0.7978295143803161
7332,0.7978588713467027
7333,0.7978882195970419
7334,0.79791755912451
7335,0.797946889922305
7336,0.7979762119836372
7337,0.7980055253017353
7338,0.7980348298698396
7339,0.7980641256812137
7340,0.7980934127291303
7341,0.7981226910068818
7342,0.7981519605077776
7343,0.7981812212251389
7344,0.7982104731523082
7345,0.7982397162826426
7346,0.7982689506095132
7347,0.798298176126311
7348,0.7983273928264416
7349,0.7983566007033268
7350,0.7983857997504059
7351,0.7984149899611348
7352,0.7984441713289864
7353,0.798473343847446
7354,0.7985025075100223
7355,0.7985316623102371
7356,0.7985608082416285
7357,0.7985899452977516
7358,0.7986190734721802
7359,0.798648192758503
7360,0.7986773031503284
7361,0.7987064046412781
7362,0.7987354972249913
7363,0.7987645808951287
7364,0.798793655645362
7365,0.7988227214693852
7366,0.798851778360905
7367,0.7988808263136495
7368,0.7989098653213603
7369,0.7989388953777995
7370,0.7989679164767445
7371,0.7989969286119898
7372,0.7990259317773488
7373,0.7990549259666533
7374,0.7990839111737482
7375,0.7991128873924996
7376,0.7991418546167908
7377,0.7991708128405209
7378,0.7991997620576092
7379,0.79922870226199
7380,0.7992576334476182
7381,0.7992865556084627
7382,0.7993154687385137
7383,0.7993443728317761
7384,0.7993732678822764
7385,0.7994021538840552
7386,0.7994310308311733
7387,0.7994598987177078
7388,0.7994887575377563
7389,0.7995176072854319
7390,0.7995464479548658
7391,0.7995752795402098
7392,0.7996041020356303
7393,0.7996329154353151
7394,0.7996617197334692
7395,0.7996905149243129
7396,0.7997193010020889
7397,0.7997480779610563
7398,0.7997768457954922
7399,0.7998056044996931
7400,0.7998343540679717
7401,0.7998630944946618
7402,0.7998918257741144
7403,0.7999205479006981
7404,0.7999492608688014
7405,0.7999779646728308
7406,0.8000066593072113
7407,0.797405756785881
7408,0.7974348975598584
7409,0.7974640299076553
7410,0.7974931538223958
7411,0.7975222692972165
7412,0.7975513763252731
7413,0.7975804748997333
7414,0.7976095650137798
7415,0.79763864666061
7416,0.7976677198334373
7417,0.79769678452549
7418,0.7977258407300121
7419,0.7977548884402592
7420,0.7977839276495079
7421,0.7978129583510436
7422,0.7978419805381728
7423,0.7978709942042116
7424,0.7978999993424963
7425,0.7979289959463755
7426,0.7979579840092154
7427,0.797986963524396
7428,0.7980159344853125
7429,0.798044896885378
7430,0.7980738507180186
7431,0.7981027959766771
7432,0.7981317326548137
7433,0.7981606607458991
7434,0.798189580243426
7435,0.7982184911408984
7436,0.7982473934318388
7437,0.7982762871097834
7438,0.7983051721682869
7439,0.7983340486009181
7440,0.7983629164012617
7441,0.7983917755629183
7442,0.7984206260795061
7443,0.7984494679446592
7444,0.7984783011520252
7445,0.7985071256952709
7446,0.7985359415680786
7447,0.7985647487641458
7448,0.7985935472771867
7449,0.7986223371009331
7450,0.7986511182291323
7451,0.7986798906555461
7452,0.7987086543739561
7453,0.7987374093781584
7454,0.7987661556619663
7455,0.7987948932192103
7456,0.7988236220437352
7457,0.7988523421294041
7458,0.7988810534700972
7459,0.7989097560597096
7460,0.7989384498921566
7461,0.798967134961365
7462,0.7989958112612842
7463,0.7990244787858753
7464,0.7990531375291202
7465,0.7990817874850167
7466,0.7991104286475775
7467,0.7991390610108342
7468,0.7991676845688352
7469,0.7991962993156471
7470,0.7992249052453495
7471,0.7992535023520453
7472,0.7992820906298483
7473,0.799310670072895
7474,0.7993392406753336
7475,0.7993678024313351
7476,0.7993963553350836
7477,0.7994248993807824
7478,0.7994534345626529
7479,0.7994819608749315
7480,0.7995104783118752
7481,0.7995389868677538
7482,0.79956748653686
7483,0.7995959773135002
7484,0.7996244591920003
7485,0.7996529321667024
7486,0.7996813962319673
7487,0.7997098513821735
7488,0.7997382976117153
7489,0.7997667349150072
7490,0.7997951632864805
7491,0.7998235827205834
7492,0.7998519932117828
7493,0.7998803947545632
7494,0.7999087873434269
7495,0.7999371709728947
7496,0.7999655456375041
7497,0.7999939113318112
7498,0.8000222680503903
7499,0.7974517838342693
7500,0.7974805781103265
7501,0.7975093641330633
7502,0.7975381418957923
7503,0.7975669113918402
7504,0.7975956726145448
7505,0.7976244255572602
7506,0.797653170213355
7507,0.7976819065762141
7508,0.7977106346392331
7509,0.7977393543958273
7510,0.7977680658394215
7511,0.7977967689634582
7512,0.7978254637613929
7513,0.7978541502266987
7514,0.7978828283528607
7515,0.7979114981333801
7516,0.7979401595617732
7517,0.7979688126315697
7518,0.7979974573363173
7519,0.798026093669575
7520,0.7980547216249211
7521,0.7980833411959452
7522,0.798111952376253
7523,0.7981405551594675
7524,0.798169149539225
7525,0.7981977355091775
7526,0.7982263130629916
7527,0.7982548821943513
7528,0.7982834428969531
7529,0.798311995164511
7530,0.7983405389907543
7531,0.7983690743694277
7532,0.7983976012942902
7533,0.7984261197591188
7534,0.7984546297577039
7535,0.7984831312838518
7536,0.7985116243313869
7537,0.7985401088941444
7538,0.7985685849659815
7539,0.798597052540766
7540,0.7986255116123843
7541,0.7986539621747382
7542,0.7986824042217451
7543,0.7987108377473378
7544,0.7987392627454671
7545,0.7987676792100975
7546,0.79879608713521
7547,0.7988244865148022
7548,0.7988528773428881
7549,0.798881259613499
7550,0.7989096333206787
7551,0.7989379984584913
7552,0.7989663550210132
7553,0.7989947030023414
7554,0.7990230423965862
7555,0.7990513731978744
7556,0.7990796954003511
7557,0.7991080089981754
7558,0.7991363139855248
7559,0.7991646103565931
7560,0.7991928981055892
7561,0.7992211772267394
7562,0.7992494477142882
7563,0.7992777095624929
7564,0.7993059627656312
7565,0.7993342073179949
7566,0.7993624432138949
7567,0.7993906704476577
7568,0.7994188890136246
7569,0.7994470989061573
7570,0.7994753001196323
7571,0.7995034926484414
7572,0.7995316764869974
7573,0.7995598516297278
7574,0.7995880180710749
7575,0.7996161758055033
7576,0.7996443248274883
7577,0.7996724651315269
7578,0.7997005967121312
7579,0.7997287195638318
7580,0.7997568336811746
7581,0.7997849390587236
7582,0.7998130356910589
7583,0.7998411235727813
7584,0.7998692026985048
7585,0.7998972730628623
7586,0.7999253346605051
7587,0.7999533874860983
7588,0.7999814315343289
7589,0.8000094667998986
7590,0.7974682778837164
7591,0.79749674166522
7592,0.7975251973672909
7593,0.7975536449834084
7594,0.7975820845070652
7595,0.7976105159317698
7596,0.7976389392510442
7597,0.7976673544584201
7598,0.797695761547452
7599,0.7977241605117003
7600,0.797752551344745
7601,0.7977809340401757
7602,0.7978093085916013
7603,0.7978376749926411
7604,0.7978660332369317
7605,0.7978943833181221
7606,0.7979227252298758
7607,0.797951058965872
7608,0.7979793845198023
7609,0.798007701885377
7610,0.798036011056314
7611,0.7980643120263546
7612,0.7980926047892479
7613,0.7981208893387602
7614,0.798149165668673
7615,0.7981774337727826
7616,0.7982056936448978
7617,0.798233945278845
7618,0.7982621886684635
7619,0.7982904238076112
7620,0.7983186506901556
7621,0.7983468693099823
7622,0.7983750796609932
7623,0.7984032817371021
7624,0.7984314755322399
7625,0.798459661040351
7626,0.7984878382553979
7627,0.7985160071713567
7628,0.7985441677822172
7629,0.7985723200819876
7630,0.7986004640646868
7631,0.7986285997243557
7632,0.7986567270550438
7633,0.7986848460508215
7634,0.798712956705771
7635,0.7987410590139914
7636,0.7987691529695975
7637,0.7987972385667195
7638,0.7988253157995021
7639,0.7988533846621075
7640,0.7988814451487127
7641,0.7989094972535101
7642,0.7989375409707067
7643,0.7989655762945297
7644,0.7989936032192164
7645,0.7990216217390236
7646,0.7990496318482232
7647,0.7990776335411002
7648,0.7991056268119612
7649,0.7991336116551238
7650,0.799161588064923
7651,0.7991895560357112
7652,0.7992175155618553
7653,0.7992454666377401
7654,0.7992734092577615
7655,0.7993013434163381
7656,0.7993292691079011
7657,0.7993571863268977
7658,0.7993850950677927
7659,0.7994129953250667
7660,0.7994408870932169
7661,0.7994687703667539
7662,0.79949664514021
7663,0.7995245114081293
7664,0.7995523691650743
7665,0.7995802184056225
7666,0.7996080591243709
7667,0.79963589131593
7668,0.7996637149749265
7669,0.7996915300960067
7670,0.7997193366738302
7671,0.7997471347030753
7672,0.7997749241784359
7673,0.7998027050946228
7674,0.7998304774463648
7675,0.7998582412284037
7676,0.7998859964355025
7677,0.7999137430624367
7678,0.7999414811040036
7679,0.799969210555012
7680,0.7999969314102902
7681,0.8000246436646837
7682,0.7975125332608031
7683,0.7975406659569266
7684,0.7975687907355543
7685,0.797596907590346
7686,0.7976250165149712
7687,0.7976531175031145
7688,0.797681210548474
7689,0.7977092956447627
7690,0.7977373727857072
7691,0.7977654419650452
7692,0.7977935031765313
7693,0.7978215564139329
7694,0.7978496016710308
7695,0.7978776389416199
7696,0.7979056682195109
7697,0.7979336894985259
7698,0.7979617027725031
7699,0.7979897080352931
7700,0.798017705280761
7701,0.7980456945027866
7702,0.7980736756952658
7703,0.7981016488521048
7704,0.798129613967226
7705,0.798157571034567
7706,0.7981855200480787
7707,0.7982134610017264
7708,0.7982413938894903
7709,0.7982693187053639
7710,0.798297235443357
7711,0.7983251440974932
7712,0.7983530446618093
7713,0.7983809371303581
7714,0.7984088214972076
7715,0.798436697756439
7716,0.7984645659021488
7717,0.798492425928449
7718,0.7985202778294641
7719,0.7985481215993361
7720,0.7985759572322192
7721,0.7986037847222859
7722,0.7986316040637202
7723,0.798659415250723
7724,0.7986872182775098
7725,0.798715013138309
7726,0.7987427998273685
7727,0.7987705783389464
7728,0.7987983486673181
7729,0.798826110806777
7730,0.7988538647516251
7731,0.7988816104961863
7732,0.7989093480347936
7733,0.7989370773618014
7734,0.7989647984715741
7735,0.7989925113584946
7736,0.7990202160169602
7737,0.7990479124413822
7738,0.7990756006261902
7739,0.7991032805658257
7740,0.7991309522547495
7741,0.7991586156874335
7742,0.7991862708583695
7743,0.7992139177620623
7744,0.7992415563930326
7745,0.7992691867458175
7746,0.7992968088149682
7747,0.7993244225950521
7748,0.7993520280806538
7749,0.7993796252663733
7750,0.7994072141468238
7751,0.7994347947166357
7752,0.7994623669704558
7753,0.7994899309029471
7754,0.799517486508788
7755,0.799545033782671
7756,0.7995725727193067
7757,0.7996001033134218
7758,0.799627625559756
7759,0.7996551394530684
7760,0.799682644988132
7761,0.7997101421597372
7762,0.7997376309626897
7763,0.7997651113918111
7764,0.7997925834419397
7765,0.799820047107928
7766,0.7998475023846499
7767,0.7998749492669884
7768,0.7999023877498469
7769,0.7999298178281445
7770,0.7999572394968169
7771,0.7999846527508159
7772,0.8000120575851065
7773,0.7975279650384208
7774,0.7975557817984963
7775,0.7975835908041854
7776,0.7976113920493043
7777,0.7976391855276846
7778,0.7976669712331712
7779,0.7976947491596219
7780,0.7977225193009063
7781,0.7977502816509081
7782,0.7977780362035257
7783,0.7978057829526712
7784,0.7978335218922674
7785,0.7978612530162527
7786,0.797888976318579
7787,0.797916691793211
7788,0.7979443994341292
7789,0.7979720992353238
7790,0.7979997911908011
7791,0.7980274752945823
7792,0.7980551515406988
7793,0.7980828199232008
7794,0.7981104804361482
7795,0.7981381330736149
7796,0.798165777829692
7797,0.7981934146984808
7798,0.7982210436740995
7799,0.7982486647506769
7800,0.7982762779223593
7801,0.7983038831833066
7802,0.7983314805276901
7803,0.798359069949697
7804,0.7983866514435288
7805,0.7984142250034023
7806,0.7984417906235461
7807,0.7984693482982052
7808,0.7984968980216354
7809,0.7985244397881115
7810,0.7985519735919204
7811,0.7985794994273634
7812,0.7986070172887546
7813,0.7986345271704259
7814,0.7986620290667217
7815,0.7986895229720017
7816,0.7987170088806377
7817,0.7987444867870188
7818,0.7987719566855485
7819,0.7987994185706436
7820,0.7988268724367371
7821,0.7988543182782754
7822,0.7988817560897198
7823,0.7989091858655467
7824,0.7989366076002472
7825,0.7989640212883274
7826,0.7989914269243065
7827,0.799018824502722
7828,0.7990462140181239
7829,0.7990735954650775
7830,0.7991009688381621
7831,0.7991283341319746
7832,0.7991556913411234
7833,0.7991830404602355
7834,0.7992103814839505
7835,0.7992377144069236
7836,0.7992650392238267
7837,0.7992923559293429
7838,0.7993196645181753
7839,0.7993469649850384
7840,0.799374257324665
7841,0.7994015415318015
7842,0.799428817601208
7843,0.7994560855276628
7844,0.7994833453059575
7845,0.799510596930901
7846,0.7995378403973153
7847,0.7995650757000392
7848,0.7995923028339268
7849,0.7996195217938472
7850,0.7996467325746853
7851,0.7996739351713412
7852,0.7997011295787311
7853,0.7997283157917874
7854,0.7997554938054529
7855,0.7997826636146955
7856,0.7998098252144907
7857,0.7998369785998315
7858,0.7998641237657291
7859,0.7998912607072078
7860,0.7999183894193092
7861,0.7999455098970887
7862,0.7999726221356176
7863,0.7999997261299872
7864,0.8000268218752996
7865,0.7975705562830627
7866,0.7975980563468755
7867,0.7976255488082634
7868,0.7976530336612138
7869,0.7976805108997267
7870,0.7977079805178134
7871,0.7977354425095012
7872,0.7977628968688284
7873,0.797790343589846
7874,0.797817782666619
7875,0.7978452140932261
7876,0.7978726378637562
7877,0.7979000539723176
7878,0.7979274624130234
7879,0.7979548631800057
7880,0.7979822562674087
7881,0.7980096416693893
7882,0.7980370193801185
7883,0.7980643893937795
7884,0.7980917517045684
7885,0.7981191063066988
7886,0.7981464531943929
7887,0.7981737923618879
7888,0.7982011238034357
7889,0.7982284475133008
7890,0.7982557634857611
7891,0.7982830717151098
7892,0.7983103721956507
7893,0.7983376649217034
7894,0.7983649498876014
7895,0.7983922270876929
7896,0.7984194965163354
7897,0.7984467581679048
7898,0.7984740120367878
7899,0.7985012581173881
7900,0.7985284964041207
7901,0.7985557268914151
7902,0.7985829495737143
7903,0.7986101644454779
7904,0.7986373715011769
7905,0.7986645707352955
7906,0.7986917621423355
7907,0.7987189457168098
7908,0.7987461214532464
7909,0.7987732893461874
7910,0.7988004493901893
7911,0.798827601579823
7912,0.798854745909674
7913,0.7988818823743393
7914,0.7989090109684344
7915,0.7989361316865853
7916,0.7989632445234348
7917,0.7989903494736396
7918,0.7990174465318699
7919,0.7990445356928113
7920,0.7990716169511634
7921,0.7990986903016412
7922,0.7991257557389719
7923,0.7991528132578999
7924,0.7991798628531821
7925,0.7992069045195912
7926,0.7992339382519158
7927,0.7992609640449556
7928,0.7992879818935277
7929,0.7993149917924625
7930,0.7993419937366069
7931,0.7993689877208199
7932,0.7993959737399774
7933,0.7994229517889707
7934,0.7994499218627028
7935,0.7994768839560946
7936,0.7995038380640798
7937,0.7995307841816081
7938,0.799557722303644
7939,0.7995846524251672
7940,0.7996115745411718
7941,0.7996384886466661
7942,0.7996653947366761
7943,0.799692292806239
7944,0.7997191828504107
7945,0.7997460648642604
7946,0.7997729388428719
7947,0.7997998047813447
7948,0.7998266626747953
7949,0.7998535125183518
7950,0.7998803543071608
7951,0.7999071880363808
7952,0.7999340137011882
7953,0.7999608312967754
7954,0.7999876408183465
7955,0.8000144422611228
7956,0.7975850003239143
7957,0.7976121980538791
7958,0.7976393883346606
7959,0.7976665711603941
7960,0.797693746525233
7961,0.7977209144233405
7962,0.7977480748488948
7963,0.7977752277960855
7964,0.7978023732591131
7965,0.7978295112321941
7966,0.7978566417095551
7967,0.7978837646854365
7968,0.7979108801540921
7969,0.7979379881097866
7970,0.7979650885467996
7971,0.797992181459423
7972,0.7980192668419607
7973,0.7980463446887307
7974,0.7980734149940633
7975,0.7981004777523023
7976,0.7981275329578036
7977,0.7981545806049369
7978,0.7981816206880846
7979,0.7982086532016455
7980,0.798235678140024
7981,0.7982626954976454
7982,0.7982897052689437
7983,0.7983167074483687
7984,0.7983437020303814
7985,0.7983706890094571
7986,0.7983976683800845
7987,0.7984246401367653
7988,0.7984516042740156
7989,0.7984785607863645
7990,0.7985055096683523
7991,0.7985324509145368
7992,0.7985593845194848
7993,0.798586310477781
7994,0.7986132287840219
7995,0.7986401394328161
7996,0.798667042418788
7997,0.7986939377365745
7998,0.7987208253808254
7999,0.7987477053462075
8000,0.7987745776273971
8001,0.798801442219087
8002,0.7988282991159825
8003,0.7988551483128044
8004,0.7988819898042845
8005,0.7989088235851721
8006,0.7989356496502268
8007,0.7989624679942243
8008,0.7989892786119533
8009,0.7990160814982179
8010,0.7990428766478344
8011,0.7990696640556331
8012,0.7990964437164606
8013,0.7991232156251747
8014,0.7991499797766493
8015,0.7991767361657721
8016,0.7992034847874439
8017,0.7992302256365816
8018,0.7992569587081126
8019,0.799283683996983
8020,0.7993104014981521
8021,0.7993371112065891
8022,0.7993638131172832
8023,0.7993905072252355
8024,0.7994171935254616
8025,0.7994438720129904
8026,0.7994705426828678
8027,0.7994972055301502
8028,0.7995238605499121
8029,0.799550507737241
8030,0.7995771470872384
8031,0.7996037785950216
8032,0.7996304022557212
8033,0.7996570180644812
8034,0.7996836260164647
8035,0.7997102261068444
8036,0.7997368183308105
8037,0.7997634026835656
8038,0.7997899791603297
8039,0.7998165477563358
8040,0.799843108466832
8041,0.7998696612870786
8042,0.7998962062123562
8043,0.799922743237956
8044,0.7999492723591829
8045,0.7999757935713606
8046,0.8000023068698262
8047,0.7975991243823014
8048,0.7976260261732642
8049,0.7976529206635805
8050,0.7976798078475387
8051,0.7977066877194369
8052,0.7977335602735893
8053,0.7977604255043189
8054,0.7977872834059639
8055,0.7978141339728703
8056,0.7978409771994021
8057,0.7978678130799309
8058,0.797894641608845
8059,0.79792146278054
8060,0.7979482765894294
8061,0.7979750830299362
8062,0.7980018820964934
8063,0.7980286737835526
8064,0.7980554580855734
8065,0.7980822349970293
8066,0.7981090045124091
8067,0.7981357666262077
8068,0.7981625213329393
8069,0.7981892686271274
8070,0.7982160085033093
8071,0.7982427409560348
8072,0.7982694659798658
8073,0.7982961835693797
8074,0.7983228937191629
8075,0.7983495964238175
8076,0.7983762916779573
8077,0.7984029794762099
8078,0.7984296598132151
8079,0.7984563326836269
8080,0.7984829980821083
8081,0.798509656003342
8082,0.7985363064420196
8083,0.7985629493928449
8084,0.7985895848505375
8085,0.79861621280983
8086,0.798642833265465
8087,0.7986694462122027
8088,0.7986960516448123
8089,0.7987226495580806
8090,0.7987492399468037
8091,0.7987758228057936
8092,0.798802398129875
8093,0.7988289659138849
8094,0.7988555261526759
8095,0.7988820788411124
8096,0.7989086239740724
8097,0.7989351615464475
8098,0.7989616915531422
8099,0.7989882139890759
8100,0.7990147288491806
8101,0.7990412361284024
8102,0.7990677358217003
8103,0.7990942279240473
8104,0.79912071243043
8105,0.7991471893358498
8106,0.7991736586353183
8107,0.7992001203238654
8108,0.7992265743965318
8109,0.7992530208483726
8110,0.7992794596744552
8111,0.7993058908698663
8112,0.7993323144296989
8113,0.7993587303490657
8114,0.7993851386230887
8115,0.799411539246908
8116,0.7994379322156755
8117,0.799464317524556
8118,0.7994906951687311
8119,0.7995170651433936
8120,0.7995434274437521
8121,0.7995697820650287
8122,0.7995961290024594
8123,0.7996224682512935
8124,0.799648799806796
8125,0.7996751236642456
8126,0.7997014398189343
8127,0.7997277482661682
8128,0.7997540490012688
8129,0.7997803420195718
8130,0.799806627316424
8131,0.7998329048871906
8132,0.7998591747272484
8133,0.7998854368319908
8134,0.7999116911968221
8135,0.7999379378171637
8136,0.7999641766884504
8137,0.7999904078061327
8138,0.8000166311656713
8139,0.7976395505342825
8140,0.7976661554205852
8141,0.7976927531447086
8142,0.7977193437010971
8143,0.7977459270842073
8144,0.7977725032885059
8145,0.7977990723084748
8146,0.7978256341386061
8147,0.7978521887734029
8148,0.7978787362073806
8149,0.7979052764350685
8150,0.7979318094510065
8151,0.797958335249748
8152,0.7979848538258546
8153,0.7980113651739065
8154,0.7980378692884893
8155,0.7980643661642053
8156,0.7980908557956676
8157,0.7981173381775026
8158,0.7981438133043463
8159,0.7981702811708503
8160,0.7981967417716769
8161,0.7982231951015002
8162,0.7982496411550084
8163,0.7982760799269001
8164,0.7983025114118889
8165,0.7983289356046992
8166,0.7983553525000673
8167,0.7983817620927431
8168,0.7984081643774894
8169,0.7984345593490819
8170,0.7984609470023064
8171,0.7984873273319647
8172,0.7985137003328668
8173,0.7985400659998425
8174,0.798566424327728
8175,0.7985927753113733
8176,0.7986191189456435
8177,0.7986454552254144
8178,0.7986717841455765
8179,0.7986981057010321
8180,0.7987244198866951
8181,0.7987507266974933
8182,0.7987770261283696
8183,0.7988033181742772
8184,0.7988296028301827
8185,0.7988558800910658
8186,0.7988821499519198
8187,0.798908412407751
8188,0.7989346674535787
8189,0.798960915084432
8190,0.7989871552953605
8191,0.7990133880814212
8192,0.7990396134376837
8193,0.7990658313592345
8194,0.7990920418411712
8195,0.7991182448786044
8196,0.7991444404666603
8197,0.7991706286004744
8198,0.7991968092751985
8199,0.7992229824859977
8200,0.799249148228048
8201,0.7992753064965417
8202,0.7993014572866832
8203,0.7993276005936898
8204,0.799353736412793
8205,0.7993798647392383
8206,0.7994059855682807
8207,0.7994320988951951
8208,0.7994582047152659
8209,0.7994843030237919
8210,0.7995103938160831
8211,0.7995364770874683
8212,0.7995625528332851
8213,0.7995886210488871
8214,0.7996146817296406
8215,0.7996407348709266
8216,0.7996667804681384
8217,0.7996928185166821
8218,0.7997188490119825
8219,0.7997448719494723
8220,0.7997708873246009
8221,0.7997968951328309
8222,0.799822895369638
8223,0.7998488880305147
8224,0.7998748731109621
8225,0.7999008506064994
8226,0.799926820512658
8227,0.7999527828249838
8228,0.7999787375390361
8229,0.8000046846503885
8230,0.7976527805691627
8231,0.7976791018429754
8232,0.7977054160944651
8233,0.7977317233182158
8234,0.7977580235088251
8235,0.7977843166609005
8236,0.7978106027690616
8237,0.797836881827943
8238,0.7978631538321853
8239,0.7978894187764431
8240,0.7979156766553857
8241,0.7979419274636885
8242,0.7979681711960442
8243,0.7979944078471529
8244,0.79802063741173
8245,0.7980468598845004
8246,0.7980730752602025
8247,0.7980992835335842
8248,0.7981254846994076
8249,0.7981516787524457
8250,0.7981778656874854
8251,0.798204045499321
8252,0.7982302181827642
8253,0.7982563837326361
8254,0.7982825421437697
8255,0.7983086934110102
8256,0.7983348375292161
8257,0.7983609744932573
8258,0.7983871042980152
8259,0.7984132269383839
8260,0.7984393424092702
8261,0.7984654507055934
8262,0.7984915518222833
8263,0.7985176457542845
8264,0.7985437324965521
8265,0.7985698120440543
8266,0.7985958843917711
8267,0.7986219495346955
8268,0.7986480074678324
8269,0.7986740581862002
8270,0.7987001016848282
8271,0.7987261379587601
8272,0.7987521670030493
8273,0.7987781888127652
8274,0.7988042033829875
8275,0.7988302107088093
8276,0.7988562107853356
8277,0.7988822036076851
8278,0.7989081891709883
8279,0.7989341674703871
8280,0.7989601385010396
8281,0.7989861022581147
8282,0.7990120587367934
8283,0.7990380079322703
8284,0.7990639498397524
8285,0.799089884454459
8286,0.7991158117716233
8287,0.7991417317864926
8288,0.7991676444943232
8289,0.7991935498903865
8290,0.7992194479699677
8291,0.7992453387283659
8292,0.7992712221608888
8293,0.79929709826286
8294,0.7993229670296171
8295,0.7993488284565075
8296,0.7993746825388942
8297,0.7994005292721529
8298,0.7994263686516722
8299,0.7994522006728526
8300,0.7994780253311098
8301,0.7995038426218702
8302,0.7995296525405772
8303,0.7995554550826821
8304,0.799581250243654
8305,0.7996070380189724
8306,0.799632818404132
8307,0.7996585913946384
8308,0.7996843569860134
8309,0.7997101151737903
8310,0.7997358659535149
8311,0.7997616093207487
8312,0.7997873452710634
8313,0.7998130738000478
8314,0.7998387949033022
8315,0.7998645085764384
8316,0.7998902148150847
8317,0.7999159136148817
8318,0.7999416049714836
8319,0.7999672888805569
8320,0.7999929653377829
8321,0.8000186343388553
8322,0.7976917687996236
8323,0.7977178053792169
8324,0.7977438350669146
8325,0.7977698578574501
8326,0.7977958737455692
8327,0.7978218827260277
8328,0.7978478847935949
8329,0.7978738799430495
8330,0.7978998681691808
8331,0.797925849466791
8332,0.7979518238306942
8333,0.7979777912557136
8334,0.7980037517366867
8335,0.7980297052684612
8336,0.7980556518458952
8337,0.7980815914638606
8338,0.7981075241172385
8339,0.7981334498009237
8340,0.7981593685098212
8341,0.798185280238848
8342,0.798211184982933
8343,0.798237082737017
8344,0.7982629734960526
8345,0.7982888572550016
8346,0.7983147340088416
8347,0.7983406037525601
8348,0.7983664664811552
8349,0.798392322189639
8350,0.7984181708730342
8351,0.798444012526375
8352,0.7984698471447091
8353,0.7984956747230947
8354,0.7985214952566024
8355,0.7985473087403143
8356,0.7985731151693265
8357,0.7985989145387441
8358,0.7986247068436867
8359,0.7986504920792846
8360,0.7986762702406806
8361,0.7987020413230292
8362,0.7987278053214978
8363,0.7987535622312666
8364,0.7987793120475254
8365,0.7988050547654786
8366,0.7988307903803421
8367,0.7988565188873442
8368,0.7988822402817225
8369,0.7989079545587339
8370,0.7989336617136406
8371,0.7989593617417196
8372,0.7989850546382616
8373,0.7990107403985686
8374,0.7990364190179543
8375,0.799062090491745
8376,0.7990877548152815
8377,0.799113411983914
8378,0.7991390619930067
8379,0.7991647048379358
8380,0.7991903405140922
8381,0.7992159690168747
8382,0.7992415903416997
8383,0.7992672044839932
8384,0.7992928114391955
8385,0.7993184112027555
8386,0.7993440037701416
8387,0.7993695891368281
8388,0.7993951672983072
8389,0.7994207382500789
8390,0.7994463019876598
8391,0.7994718585065772
8392,0.799497407802374
8393,0.7995229498706016
8394,0.7995484847068252
8395,0.7995740123066271
8396,0.7995995326655951
8397,0.7996250457793381
8398,0.7996505516434712
8399,0.7996760502536248
8400,0.7997015416054417
8401,0.7997270256945801
8402,0.7997525025167073
8403,0.7997779720675056
8404,0.79980343434267
8405,0.7998288893379097
8406,0.7998543370489449
8407,0.7998797774715083
8408,0.7999052106013476
8409,0.7999306364342224
8410,0.7999560549659073
8411,0.7999814661921858
8412,0.8000068701088597
8413,0.7977041648094969
8414,0.7977299293392985
8415,0.7977556871090591
8416,0.797781438113647
8417,0.7978071823479417
8418,0.7978329198068312
8419,0.7978586504852175
8420,0.797884374378011
8421,0.7979100914801341
8422,0.7979358017865221
8423,0.797961505292117
8424,0.7979872019918766
8425,0.798012891880768
8426,0.7980385749537676
8427,0.7980642512058669
8428,0.798089920632065
8429,0.7981155832273742
8430,0.7981412389868173
8431,0.7981668879054294
8432,0.7981925299782554
8433,0.798218165200352
8434,0.7982437935667889
8435,0.7982694150726447
8436,0.7982950297130113
8437,0.7983206374829898
8438,0.7983462383776967
8439,0.798371832392254
8440,0.7983974195218019
8441,0.7984229997614883
8442,0.7984485731064722
8443,0.7984741395519264
8444,0.7984996990930329
8445,0.7985252517249869
8446,0.7985507974429948
8447,0.7985763362422759
8448,0.7986018681180582
8449,0.7986273930655841
8450,0.7986529110801057
8451,0.7986784221568904
8452,0.7987039262912126
8453,0.798729423478361
8454,0.7987549137136367
8455,0.7987803969923511
8456,0.7988058733098289
8457,0.7988313426614045
8458,0.7988568050424278
8459,0.798882260448256
8460,0.7989077088742618
8461,0.7989331503158287
8462,0.7989585847683508
8463,0.798984012227238
8464,0.7990094326879071
8465,0.7990348461457906
8466,0.7990602525963325
8467,0.7990856520349868
8468,0.7991110444572228
8469,0.7991364298585194
8470,0.799161808234369
8471,0.7991871795802739
8472,0.7992125438917516
8473,0.79923790116433
8474,0.7992632513935499
8475,0.7992885945749638
8476,0.7993139307041359
8477,0.7993392597766443
8478,0.7993645817880786
8479,0.7993898967340389
8480,0.7994152046101418
8481,0.7994405054120112
8482,0.7994657991352879
8483,0.7994910857756212
8484,0.7995163653286749
8485,0.7995416377901249
8486,0.7995669031556603
8487,0.7995921614209809
8488,0.7996174125817989
8489,0.7996426566338422
8490,0.7996678935728468
8491,0.7996931233945634
8492,0.7997183460947556
8493,0.7997435616691985
8494,0.799768770113681
8495,0.7997939714240027
8496,0.7998191655959778
8497,0.7998443526254314
8498,0.7998695325082021
8499,0.7998947052401403
8500,0.7999198708171101
8501,0.7999450292349879
8502,0.7999701804896633
8503,0.7999953245770367
8504,0.8000204614930221
8505,0.7977417959898725
8506,0.7977672872887491
8507,0.7977927719506078
8508,0.7978182499704579
8509,0.7978437213433184
8510,0.7978691860642203
8511,0.7978946441282021
8512,0.7979200955303161
8513,0.7979455402656254
8514,0.7979709783292013
8515,0.7979964097161277
8516,0.7980218344215002
8517,0.7980472524404243
8518,0.7980726637680138
8519,0.7980980683993982
8520,0.7981234663297151
8521,0.7981488575541137
8522,0.798174242067753
8523,0.7981996198658058
8524,0.798224990943452
8525,0.7982503552958866
8526,0.7982757129183127
8527,0.798301063805946
8528,0.7983264079540121
8529,0.7983517453577492
8530,0.7983770760124056
8531,0.7984023999132416
8532,0.7984277170555278
8533,0.7984530274345452
8534,0.7984783310455893
8535,0.7985036278839638
8536,0.7985289179449844
8537,0.7985542012239784
8538,0.7985794777162856
8539,0.7986047474172544
8540,0.7986300103222459
8541,0.7986552664266343
8542,0.7986805157258025
8543,0.7987057582151459
8544,0.7987309938900728
8545,0.7987562227459996
8546,0.798781444778358
8547,0.7988066599825879
8548,0.7988318683541422
8549,0.798857069888486
8550,0.7988822645810956
8551,0.7989074524274583
8552,0.7989326334230715
8553,0.7989578075634495
8554,0.7989829748441106
8555,0.7990081352605917
8556,0.7990332888084384
8557,0.7990584354832065
8558,0.7990835752804663
8559,0.7991087081957982
8560,0.7991338342247936
8561,0.7991589533630592
8562,0.7991840656062095
8563,0.799209170949874
8564,0.7992342693896892
8565,0.799259360921311
8566,0.7992844455403999
8567,0.799309523242631
8568,0.7993345940236928
8569,0.7993596578792835
8570,0.7993847148051151
8571,0.7994097647969103
8572,0.7994348078504032
8573,0.7994598439613408
8574,0.7994848731254809
8575,0.7995098953385971
8576,0.7995349105964709
8577,0.7995599188948964
8578,0.7995849202296818
8579,0.7996099145966444
8580,0.799634901991617
8581,0.7996598824104428
8582,0.7996848558489749
8583,0.7997098223030836
8584,0.7997347817686457
8585,0.7997597342415566
8586,0.7997846797177157
8587,0.7998096181930422
8588,0.7998345496634632
8589,0.7998594741249204
8590,0.7998843915733662
8591,0.7999093020047643
8592,0.7999342054150929
8593,0.7999591018003418
8594,0.799983991156512
8595,0.8000088734796189
8596,0.7977534130367661
8597,0.7977786431477558
8598,0.7978038667461994
8599,0.7978290838272315
8600,0.7978542943859985
8601,0.7978794984176547
8602,0.7979046959173697
8603,0.7979298868803166
8604,0.7979550713016856
8605,0.7979802491766724
8606,0.7980054205004873
8607,0.7980305852683471
8608,0.7980557434754828
8609,0.7980808951171338
8610,0.7981060401885499
8611,0.7981311786849942
8612,0.7981563106017375
8613,0.7981814359340619
8614,0.7982065546772618
8615,0.798231666826641
8616,0.7982567723775134
8617,0.7982818713252045
8618,0.7983069636650514
8619,0.7983320493923998
8620,0.7983571285026086
8621,0.7983822009910471
8622,0.7984072668530937
8623,0.7984323260841378
8624,0.7984573786795833
8625,0.79848242463484
8626,0.7985074639453335
8627,0.7985324966064957
8628,0.798557522613773
8629,0.7985825419626199
8630,0.7986075546485067
8631,0.798632560666908
8632,0.798657560013315
8633,0.7986825526832274
8634,0.7987075386721573
8635,0.7987325179756262
8636,0.7987574905891671
8637,0.7987824565083265
8638,0.7988074157286595
8639,0.7988323682457332
8640,0.7988573140551264
8641,0.7988822531524281
8642,0.7989071855332396
8643,0.7989321111931719
8644,0.7989570301278497
8645,0.7989819423329055
8646,0.7990068478039877
8647,0.799031746536753
8648,0.799056638526869
8649,0.7990815237700167
8650,0.7991064022618862
8651,0.799131273998182
8652,0.799156138974617
8653,0.7991809971869159
8654,0.799205848630819
8655,0.7992306933020723
8656,0.7992555311964358
8657,0.7992803623096824
8658,0.7993051866375941
8659,0.799330004175965
8660,0.7993548149206025
8661,0.7993796188673248
8662,0.7994044160119581
8663,0.7994292063503472
8664,0.7994539898783415
8665,0.7994787665918075
8666,0.7995035364866188
8667,0.7995282995586638
8668,0.7995530558038424
8669,0.7995778052180634
8670,0.7996025477972517
8671,0.7996272835373396
8672,0.7996520124342745
8673,0.7996767344840137
8674,0.7997014496825254
8675,0.7997261580257923
8676,0.7997508595098067
8677,0.799775554130574
8678,0.7998002418841108
8679,0.7998249227664451
8680,0.7998495967736188
8681,0.7998742639016818
8682,0.7998989241467
8683,0.799923577504749
8684,0.799948223971916
8685,0.799972863544302
8686,0.7999974962180181
8687,0.8000221219891874
8688,0.797789761939995
8689,0.7978147295970724
8690,0.7978396908577907
8691,0.7978646457174181
8692,0.7978895941712341
8693,0.7979145362145258
8694,0.7979394718425954
8695,0.7979644010507493
8696,0.7979893238343085
8697,0.7980142401886033
8698,0.7980391501089731
8699,0.7980640535907686
8700,0.79808895062935
8701,0.798113841220088
8702,0.7981387253583646
8703,0.7981636030395715
8704,0.7981884742591095
8705,0.7982133390123933
8706,0.7982381972948427
8707,0.7982630491018942
8708,0.7982878944289898
8709,0.7983127332715841
8710,0.7983375656251412
8711,0.7983623914851368
8712,0.7983872108470568
8713,0.7984120237063975
8714,0.7984368300586656
8715,0.7984616298993779
8716,0.7984864232240634
8717,0.798511210028261
8718,0.7985359903075201
8719,0.7985607640574
8720,0.7985855312734719
8721,0.7986102919513166
8722,0.7986350460865262
8723,0.7986597936747047
8724,0.7986845347114657
8725,0.798709269192433
8726,0.7987339971132426
8727,0.7987587184695378
8728,0.7987834332569793
8729,0.798808141471232
8730,0.7988328431079758
8731,0.7988575381629005
8732,0.7988822266317053
8733,0.7989069085101033
8734,0.7989315837938148
8735,0.7989562524785737
8736,0.7989809145601242
8737,0.7990055700342209
8738,0.7990302188966315
8739,0.7990548611431316
8740,0.7990794967695104
8741,0.7991041257715658
8742,0.7991287481451101
8743,0.7991533638859636
8744,0.7991779729899585
8745,0.799202575452938
8746,0.7992271712707585
8747,0.7992517604392854
8748,0.7992763429543951
8749,0.7993009188119764
8750,0.7993254880079277
8751,0.7993500505381614
8752,0.7993746063985983
8753,0.7993991555851719
8754,0.799423698093827
8755,0.7994482339205182
8756,0.7994727630612133
8757,0.7994972855118898
8758,0.7995218012685383
8759,0.7995463103271585
8760,0.7995708126837634
8761,0.7995953083343766
8762,0.7996197972750337
8763,0.7996442795017794
8764,0.7996687550106737
8765,0.799693223797783
8766,0.7997176858591908
8767,0.7997421411909864
8768,0.7997665897892755
8769,0.7997910316501725
8770,0.7998154667698038
8771,0.7998398951443065
8772,0.7998643167698316
8773,0.7998887316425386
8774,0.7999131397586023
8775,0.7999375411142039
8776,0.7999619357055407
8777,0.7999863235288196
8778,0.8000107045802602
8779,0.797800650645113
8780,0.7978253673319089
8781,0.7978500777399852
8782,0.7978747818647319
8783,0.7978994797015457
8784,0.7979241712458373
8785,0.7979488564930245
8786,0.7979735354385346
8787,0.7979982080778072
8788,0.7980228744062898
8789,0.7980475344194411
8790,0.7980721881127286
8791,0.7980968354816316
8792,0.7981214765216373
8793,0.7981461112282451
8794,0.7981707395969643
8795,0.7981953616233096
8796,0.7982199773028132
8797,0.7982445866310119
8798,0.7982691896034558
8799,0.7982937862157037
8800,0.7983183764633246
8801,0.7983429603418983
8802,0.7983675378470143
8803,0.7983921089742712
8804,0.7984166737192817
8805,0.7984412320776647
8806,0.7984657840450512
8807,0.7984903296170829
8808,0.7985148687894095
8809,0.7985394015576954
8810,0.7985639279176109
8811,0.7985884478648376
8812,0.7986129613950705
8813,0.7986374685040131
8814,0.7986619691873773
8815,0.7986864634408886
8816,0.7987109512602815
8817,0.7987354326413006
8818,0.7987599075797023
8819,0.7987843760712536
8820,0.7988088381117295
8821,0.7988332936969191
8822,0.7988577428226187
8823,0.7988821854846386
8824,0.798906621678796
8825,0.7989310514009221
8826,0.7989554746468562
8827,0.7989798914124504
8828,0.7990043016935662
8829,0.7990287054860751
8830,0.7990531027858607
8831,0.7990774935888182
8832,0.7991018778908487
8833,0.7991262556878709
8834,0.7991506269758103
8835,0.7991749917506026
8836,0.799199350008197
8837,0.799223701744549
8838,0.799248046955631
8839,0.7992723856374219
8840,0.7992967177859122
8841,0.7993210433971056
8842,0.7993453624670128
8843,0.799369674991658
8844,0.7993939809670761
8845,0.7994182803893134
8846,0.7994425732544237
8847,0.7994668595584776
8848,0.7994911392975507
8849,0.7995154124677352
8850,0.7995396790651281
8851,0.7995639390858426
8852,0.7995881925260022
8853,0.7996124393817378
8854,0.7996366796491957
8855,0.7996609133245315
8856,0.7996851404039099
8857,0.7997093608835103
8858,0.7997335747595218
8859,0.7997577820281424
8860,0.7997819826855844
8861,0.7998061767280701
8862,0.7998303641518332
8863,0.7998545449531168
8864,0.7998787191281785
8865,0.7999028866732831
8866,0.7999270475847101
8867,0.7999512018587489
8868,0.7999753494916996
8869,0.7999994904798738
8870,0.8000236248195945
8871,0.7978357865238658
8872,0.7978602509021122
8873,0.7978847091115036
8874,0.797909161147554
8875,0.7979336070057892
8876,0.7979580466817447
8877,0.7979824801709632
8878,0.7980069074690009
8879,0.7980313285714201
8880,0.7980557434737934
8881,0.798080152171706
8882,0.7981045546607486
8883,0.7981289509365257
8884,0.7981533409946481
8885,0.7981777248307403
8886,0.7982021024404317
8887,0.798226473819367
8888,0.798250838963196
8889,0.7982751978675791
8890,0.7982995505281911
8891,0.798323896940711
8892,0.7983482371008316
8893,0.7983725710042532
8894,0.7983968986466872
8895,0.7984212200238563
8896,0.7984455351314889
8897,0.7984698439653278
8898,0.7984941465211249
8899,0.7985184427946407
8900,0.7985427327816458
8901,0.7985670164779229
8902,0.7985912938792641
8903,0.7986155649814701
8904,0.7986398297803529
8905,0.7986640882717336
8906,0.7986883404514458
8907,0.7987125863153316
8908,0.7987368258592424
8909,0.798761059079041
8910,0.7987852859706022
8911,0.7988095065298066
8912,0.7988337207525498
8913,0.7988579286347339
8914,0.7988821301722743
8915,0.7989063253610953
8916,0.7989305141971296
8917,0.7989546966763246
8918,0.7989788727946339
8919,0.7990030425480238
8920,0.7990272059324715
8921,0.7990513629439612
8922,0.7990755135784914
8923,0.7990996578320684
8924,0.7991237957007123
8925,0.7991479271804492
8926,0.799172052267318
8927,0.7991961709573682
8928,0.7992202832466596
8929,0.7992443891312622
8930,0.7992684886072559
8931,0.7992925816707342
8932,0.7993166683177969
8933,0.7993407485445577
8934,0.7993648223471383
8935,0.7993888897216733
8936,0.7994129506643072
8937,0.7994370051711932
8938,0.7994610532384976
8939,0.799485094862397
8940,0.7995091300390778
8941,0.7995331587647375
8942,0.7995571810355844
8943,0.7995811968478368
8944,0.7996052061977249
8945,0.7996292090814882
8946,0.7996532054953785
8947,0.7996771954356564
8948,0.7997011788985972
8949,0.7997251558804801
8950,0.799749126377603
8951,0.7997730903862684
8952,0.7997970479027934
8953,0.7998209989235037
8954,0.7998449434447367
8955,0.7998688814628414
8956,0.7998928129741765
8957,0.7999167379751119
8958,0.7999406564620284
8959,0.7999645684313188
8960,0.7999884738793825
8961,0.8000123728026374
8962,0.7978459935022948
8963,0.7978702165343325
8964,0.7978944335088263
8965,0.7979186444214054
8966,0.7979428492677074
8967,0.7979670480433827
8968,0.7979912407440848
8969,0.7980154273654843
8970,0.7980396079032549
8971,0.7980637823530842
8972,0.7980879507106653
8973,0.7981121129717046
8974,0.7981362691319155
8975,0.798160419187022
8976,0.7981845631327564
8977,0.7982087009648631
8978,0.7982328326790928
8979,0.7982569582712081
8980,0.7982810777369804
8981,0.7983051910721904
8982,0.7983292982726297
8983,0.7983533993340994
8984,0.7983774942524073
8985,0.7984015830233749
8986,0.7984256656428319
8987,0.7984497421066167
8988,0.7984738124105788
8989,0.7984978765505759
8990,0.7985219345224772
8991,0.7985459863221621
8992,0.7985700319455171
8993,0.7985940713884396
8994,0.7986181046468398
8995,0.7986421317166329
8996,0.798666152593748
8997,0.7986901672741215
8998,0.7987141757537006
8999,0.7987381780284436
9000,0.7987621740943166
9001,0.7987861639472963
9002,0.79881014758337
9003,0.7988341249985358
9004,0.7988580961887981
9005,0.7988820611501771
9006,0.7989060198786977
9007,0.7989299723703963
9008,0.7989539186213203
9009,0.798977858627529
9010,0.7990017923850876
9011,0.7990257198900736
9012,0.7990496411385744
9013,0.7990735561266881
9014,0.7990974648505211
9015,0.7991213673061927
9016,0.7991452634898301
9017,0.7991691533975712
9018,0.7991930370255639
9019,0.7992169143699678
9020,0.7992407854269498
9021,0.7992646501926919
9022,0.7992885086633801
9023,0.7993123608352167
9024,0.7993362067044085
9025,0.7993600462671766
9026,0.7993838795197524
9027,0.7994077064583753
9028,0.7994315270792963
9029,0.7994553413787768
9030,0.7994791493530886
9031,0.799502950998513
9032,0.7995267463113424
9033,0.7995505352878799
9034,0.799574317924438
9035,0.7995980942173413
9036,0.7996218641629221
9037,0.7996456277575269
9038,0.7996693849975074
9039,0.7996931358792304
9040,0.7997168803990726
9041,0.7997406185534186
9042,0.7997643503386649
9043,0.7997880757512195
9044,0.7998117947875
9045,0.7998355074439344
9046,0.799859213716961
9047,0.7998829136030291
9048,0.7999066070985991
9049,0.7999302942001406
9050,0.7999539749041344
9051,0.7999776492070717
9052,0.800001317105457
9053,0.7978559943637636
9054,0.7978799805994155
9055,0.7979039608857875
9056,0.797927935218621
9057,0.797951903593663
9058,0.797975866006673
9059,0.7979998224534203
9060,0.7980237729296787
9061,0.7980477174312367
9062,0.7980716559538871
9063,0.7980955884934365
9064,0.7981195150456964
9065,0.7981434356064908
9066,0.7981673501716525
9067,0.7981912587370211
9068,0.7982151612984485
9069,0.7982390578517943
9070,0.7982629483929281
9071,0.7982868329177283
9072,0.7983107114220828
9073,0.7983345839018886
9074,0.7983584503530533
9075,0.798382310771494
9076,0.7984061651531341
9077,0.7984300134939103
9078,0.7984538557897656
9079,0.7984776920366565
9080,0.7985015222305445
9081,0.7985253463674028
9082,0.7985491644432142
9083,0.7985729764539723
9084,0.798596782395676
9085,0.7986205822643385
9086,0.7986443760559799
9087,0.7986681637666303
9088,0.7986919453923298
9089,0.7987157209291285
9090,0.798739490373085
9091,0.7987632537202686
9092,0.7987870109667577
9093,0.7988107621086409
9094,0.7988345071420144
9095,0.7988582460629886
9096,0.7988819788676792
9097,0.7989057055522129
9098,0.7989294261127281
9099,0.7989531405453696
9100,0.7989768488462954
9101,0.7990005510116718
9102,0.7990242470376723
9103,0.799047936920486
9104,0.7990716206563068
9105,0.7990952982413393
9106,0.7991189696718005
9107,0.7991426349439159
9108,0.7991662940539198
9109,0.799189946998056
9110,0.7992135937725822
9111,0.7992372343737603
9112,0.7992608687978675
9113,0.7992844970411875
9114,0.7993081191000144
9115,0.7993317349706537
9116,0.7993553446494205
9117,0.7993789481326389
9118,0.7994025454166419
9119,0.7994261364977777
9120,0.7994497213723976
9121,0.7994733000368683
9122,0.7994968724875651
9123,0.799520438720871
9124,0.7995439987331823
9125,0.7995675525209036
9126,0.7995911000804503
9127,0.7996146414082472
9128,0.7996381765007317
9129,0.7996617053543454
9130,0.7996852279655474
9131,0.7997087443308024
9132,0.7997322544465867
9133,0.799755758309387
9134,0.7997792559156973
9135,0.7998027472620275
9136,0.7998262323448916
9137,0.7998497111608176
9138,0.7998731837063443
9139,0.7998966499780177
9140,0.7999201099723962
9141,0.7999435636860459
9142,0.799967011115548
9143,0.799990452257489
9144,0.800013887108469
9145,0.7978895488428849
9146,0.7979132968593471
9147,0.7979370390277069
9148,0.7979607753438223
9149,0.7979845058035572
9150,0.7980082304027877
9151,0.7980319491373987
9152,0.7980556620032809
9153,0.7980793689963386
9154,0.7981030701124793
9155,0.7981267653476264
9156,0.7981504546977071
9157,0.7981741381586586
9158,0.7981978157264287
9159,0.7982214873969724
9160,0.7982451531662551
9161,0.7982688130302513
9162,0.7982924669849432
9163,0.7983161150263245
9164,0.7983397571503941
9165,0.7983633933531652
9166,0.7983870236306547
9167,0.798410647978895
9168,0.7984342663939213
9169,0.7984578788717822
9170,0.7984814854085327
9171,0.7985050860002405
9172,0.7985286806429784
9173,0.7985522693328329
9174,0.7985758520658958
9175,0.7985994288382706
9176,0.7986229996460686
9177,0.7986465644854119
9178,0.7986701233524316
9179,0.7986936762432667
9180,0.7987172231540677
9181,0.7987407640809928
9182,0.7987642990202096
9183,0.7987878279678972
9184,0.7988113509202415
9185,0.7988348678734386
9186,0.7988583788236961
9187,0.7988818837672282
9188,0.7989053827002587
9189,0.7989288756190225
9190,0.798952362519766
9191,0.7989758433987386
9192,0.7989993182522046
9193,0.7990227870764383
9194,0.7990462498677178
9195,0.7990697066223387
9196,0.7990931573365987
9197,0.7991166020068096
9198,0.7991400406292912
9199,0.7991634732003746
9200,0.799186899716398
9201,0.7992103201737104
9202,0.7992337345686703
9203,0.7992571428976479
9204,0.7992805451570196
9205,0.7993039413431733
9206,0.7993273314525072
9207,0.7993507154814266
9208,0.79937409342635
9209,0.799397465283703
9210,0.7994208310499225
9211,0.7994441907214545
9212,0.7994675442947544
9213,0.7994908917662867
9214,0.7995142331325288
9215,0.7995375683899653
9216,0.7995608975350896
9217,0.7995842205644091
9218,0.7996075374744352
9219,0.7996308482616958
9220,0.7996541529227218
9221,0.799677451454059
9222,0.7997007438522611
9223,0.7997240301138921
9224,0.7997473102355267
9225,0.799770584213746
9226,0.799793852045145
9227,0.7998171137263272
9228,0.7998403692539071
9229,0.7998636186245066
9230,0.7998868618347582
9231,0.799910098881306
9232,0.7999333297608044
9233,0.7999565544699142
9234,0.7999797730053103
9235,0.8000029853636758
9236,0.7978989268025826
9237,0.7979224468436563
9238,0.7979459611392304
9239,0.7979694696852708
9240,0.7979929724777451
9241,0.7980164695126342
9242,0.7980399607859278
9243,0.7980634462936206
9244,0.7980869260317199
9245,0.7981103999962404
9246,0.7981338681832053
9247,0.7981573305886455
9248,0.7981807872086034
9249,0.7982042380391271
9250,0.7982276830762765
9251,0.7982511223161182
9252,0.7982745557547283
9253,0.7982979833881919
9254,0.7983214052126021
9255,0.7983448212240646
9256,0.7983682314186873
9257,0.7983916357925918
9258,0.798415034341909
9259,0.7984384270627765
9260,0.7984618139513412
9261,0.7984851950037593
9262,0.7985085702161975
9263,0.7985319395848297
9264,0.7985553031058389
9265,0.798578660775417
9266,0.7986020125897662
9267,0.7986253585450964
9268,0.7986486986376273
9269,0.7986720328635875
9270,0.7986953612192159
9271,0.7987186837007565
9272,0.7987420003044684
9273,0.7987653110266162
9274,0.7987886158634712
9275,0.7988119148113204
9276,0.7988352078664537
9277,0.7988584950251748
9278,0.7988817762837923
9279,0.7989050516386281
9280,0.7989283210860113
9281,0.7989515846222807
9282,0.7989748422437823
9283,0.7989980939468757
9284,0.7990213397279264
9285,0.7990445795833097
9286,0.7990678135094104
9287,0.799091041502622
9288,0.7991142635593502
9289,0.7991374796760055
9290,0.7991606898490122
9291,0.7991838940748005
9292,0.7992070923498124
9293,0.7992302846704966
9294,0.7992534710333135
9295,0.7992766514347333
9296,0.7992998258712326
9297,0.7993229943393004
9298,0.7993461568354346
9299,0.7993693133561409
9300,0.799392463897936
9301,0.7994156084573456
9302,0.7994387470309042
9303,0.7994618796151578
9304,0.799485006206658
9305,0.7995081268019713
9306,0.79953124139767
9307,0.7995543499903365
9308,0.7995774525765621
9309,0.7996005491529502
9310,0.7996236397161117
9311,0.7996467242626655
9312,0.799669802789245
9313,0.7996928752924879
9314,0.7997159417690464
9315,0.7997390022155777
9316,0.7997620566287503
9317,0.7997851050052445
9318,0.7998081473417463
9319,0.7998311836349549
9320,0.7998542138815774
9321,0.7998772380783312
9322,0.799900256221942
9323,0.7999232683091468
9324,0.7999462743366914
9325,0.7999692743013322
9326,0.7999922681998347
9327,0.8000152560289726
9328,0.797931416058868
9329,0.7979547066543939
9330,0.7979779916003592
9331,0.7980012708928388
9332,0.7980245445279132
9333,0.7980478125016738
9334,0.7980710748102176
9335,0.7980943314496535
9336,0.7981175824160959
9337,0.7981408277056702
9338,0.7981640673145084
9339,0.7981873012387508
9340,0.7982105294745497
9341,0.798233752018062
9342,0.7982569688654554
9343,0.7982801800129057
9344,0.798303385456596
9345,0.7983265851927199
9346,0.79834977921748
9347,0.7983729675270842
9348,0.7983961501177534
9349,0.7984193269857157
9350,0.7984424981272049
9351,0.7984656635384696
9352,0.7984888232157599
9353,0.7985119771553398
9354,0.7985351253534814
9355,0.7985582678064636
9356,0.7985814045105766
9357,0.7986045354621168
9358,0.7986276606573915
9359,0.7986507800927151
9360,0.7986738937644117
9361,0.7986970016688156
9362,0.798720103802267
9363,0.7987432001611174
9364,0.7987662907417269
9365,0.7987893755404621
9366,0.798812454553702
9367,0.7988355277778326
9368,0.7988585952092494
9369,0.7988816568443552
9370,0.7989047126795644
9371,0.7989277627112995
9372,0.7989508069359901
9373,0.7989738453500768
9374,0.7989968779500095
9375,0.799019904732245
9376,0.7990429256932519
9377,0.7990659408295048
9378,0.7990889501374897
9379,0.7991119536137
9380,0.7991349512546405
9381,0.7991579430568225
9382,0.7991809290167682
9383,0.799203909131008
9384,0.7992268833960804
9385,0.799249851808536
9386,0.7992728143649318
9387,0.7992957710618351
9388,0.7993187218958219
9389,0.7993416668634787
9390,0.7993646059613981
9391,0.7993875391861862
9392,0.7994104665344541
9393,0.799433388002825
9394,0.7994563035879302
9395,0.7994792132864105
9396,0.799502117094915
9397,0.7995250150101039
9398,0.7995479070286444
9399,0.7995707931472149
9400,0.799593673362502
9401,0.7996165476712015
9402,0.7996394160700211
9403,0.7996622785556723
9404,0.7996851351248815
9405,0.7997079857743815
9406,0.7997308305009148
9407,0.7997536693012339
9408,0.7997765021720995
9409,0.7997993291102833
9410,0.7998221501125646
9411,0.7998449651757338
9412,0.7998677742965901
9413,0.7998905774719398
9414,0.7999133746986032
9415,0.7999361659734056
9416,0.7999589512931837
9417,0.7999817306547846
9418,0.8000045040550617
9419,0.797940209539474
9420,0.7979632804931469
9421,0.7979863458945993
9422,0.7980094057400045
9423,0.7980324600255417
9424,0.7980555087474035
9425,0.7980785519017856
9426,0.7981015894848941
9427,0.7981246214929438
9428,0.7981476479221571
9429,0.7981706687687659
9430,0.798193684029008
9431,0.7982166936991322
9432,0.7982396977753935
9433,0.7982626962540568
9434,0.7982856891313947
9435,0.7983086764036886
9436,0.798331658067228
9437,0.7983546341183102
9438,0.7983776045532425
9439,0.7984005693683394
9440,0.7984235285599229
9441,0.7984464821243271
9442,0.7984694300578918
9443,0.7984923723569641
9444,0.7985153090179038
9445,0.7985382400370743
9446,0.7985611654108515
9447,0.7985840851356186
9448,0.7986069992077649
9449,0.7986299076236937
9450,0.7986528103798114
9451,0.7986757074725344
9452,0.7986985988982912
9453,0.7987214846535143
9454,0.7987443647346475
9455,0.798767239138143
9456,0.7987901078604599
9457,0.7988129708980685
9458,0.7988358282474459
9459,0.7988586799050791
9460,0.7988815258674632
9461,0.7989043661311016
9462,0.7989272006925063
9463,0.7989500295482002
9464,0.798972852694712
9465,0.7989956701285815
9466,0.7990184818463563
9467,0.799041287844592
9468,0.7990640881198537
9469,0.7990868826687159
9470,0.7991096714877619
9471,0.7991324545735821
9472,0.7991552319227759
9473,0.7991780035319558
9474,0.7992007693977389
9475,0.7992235295167499
9476,0.7992462838856267
9477,0.7992690325010143
9478,0.799291775359565
9479,0.7993145124579418
9480,0.7993372437928162
9481,0.7993599693608691
9482,0.7993826891587883
9483,0.7994054031832736
9484,0.7994281114310321
9485,0.7994508138987796
9486,0.79947351058324
9487,0.7994962014811478
9488,0.7995188865892483
9489,0.7995415659042906
9490,0.799564239423038
9491,0.799586907142259
9492,0.7996095690587334
9493,0.7996322251692496
9494,0.799654875470604
9495,0.7996775199596042
9496,0.7997001586330633
9497,0.7997227914878082
9498,0.7997454185206703
9499,0.7997680397284933
9500,0.7997906551081267
9501,0.7998132646564348
9502,0.7998358683702845
9503,0.7998584662465551
9504,0.7998810582821364
9505,0.7999036444739237
9506,0.7999262248188236
9507,0.7999487993137523
9508,0.7999713679556346
9509,0.7999939307414017
9510,0.8000164876680008
9511,0.7979716874018775
9512,0.7979945372041368
9513,0.7980173815452404
9514,0.7980402204214673
9515,0.7980630538291019
9516,0.7980858817644407
9517,0.7981087042237837
9518,0.7981315212034439
9519,0.7981543326997368
9520,0.7981771387089924
9521,0.7981999392275432
9522,0.7982227342517333
9523,0.7982455237779124
9524,0.7982683078024412
9525,0.7982910863216865
9526,0.7983138593320241
9527,0.7983366268298369
9528,0.7983593888115181
9529,0.7983821452734666
9530,0.7984048962120917
9531,0.79842764162381
9532,0.7984503815050459
9533,0.7984731158522326
9534,0.7984958446618134
9535,0.798518567930235
9536,0.7985412856539577
9537,0.7985639978294461
9538,0.7985867044531775
9539,0.7986094055216317
9540,0.7986321010313029
9541,0.7986547909786891
9542,0.7986774753602986
9543,0.798700154172648
9544,0.7987228274122626
9545,0.7987454950756749
9546,0.7987681571594281
9547,0.7987908136600702
9548,0.798813464574162
9549,0.7988361098982685
9550,0.7988587496289659
9551,0.7988813837628382
9552,0.798904012296478
9553,0.7989266352264863
9554,0.7989492525494714
9555,0.7989718642620527
9556,0.7989944703608547
9557,0.7990170708425146
9558,0.7990396657036738
9559,0.7990622549409852
9560,0.7990848385511108
9561,0.7991074165307179
9562,0.799129988876484
9563,0.7991525555850972
9564,0.7991751166532514
9565,0.79919767207765
9566,0.7992202218550047
9567,0.7992427659820385
9568,0.7992653044554775
9569,0.7992878372720622
9570,0.799310364428539
9571,0.7993328859216632
9572,0.7993554017481983
9573,0.7993779119049164
9574,0.7994004163886017
9575,0.7994229151960415
9576,0.7994454083240357
9577,0.7994678957693929
9578,0.7994903775289275
9579,0.7995128535994656
9580,0.7995353239778411
9581,0.7995577886608956
9582,0.7995802476454822
9583,0.7996027009284593
9584,0.7996251485066955
9585,0.7996475903770703
9586,0.7996700265364689
9587,0.7996924569817866
9588,0.7997148817099272
9589,0.7997373007178049
9590,0.7997597140023396
9591,0.7997821215604629
9592,0.7998045233891143
9593,0.7998269194852404
9594,0.7998493098458014
9595,0.7998716944677594
9596,0.7998940733480924
9597,0.7999164464837824
9598,0.7999388138718223
9599,0.7999611755092142
9600,0.7999835313929679
9601,0.8000058815201029
9602,0.797979931960687
9603,0.7980025700028434
9604,0.7980252026762777
9605,0.7980478299773622
9606,0.7980704519024789
9607,0.7980930684480142
9608,0.7981156796103659
9609,0.7981382853859383
9610,0.7981608857711435
9611,0.7981834807624002
9612,0.7982060703561378
9613,0.7982286545487913
9614,0.7982512333368054
9615,0.7982738067166302
9616,0.7982963746847265
9617,0.7983189372375624
9618,0.7983414943716128
9619,0.7983640460833611
9620,0.7983865923692997
9621,0.7984091332259272
9622,0.7984316686497522
9623,0.7984541986372903
9624,0.7984767231850656
9625,0.7984992422896087
9626,0.7985217559474604
9627,0.7985442641551685
9628,0.7985667669092887
9629,0.7985892642063861
9630,0.798611756043033
9631,0.7986342424158084
9632,0.7986567233213019
9633,0.7986791987561109
9634,0.7987016687168388
9635,0.7987241332000997
9636,0.7987465922025134
9637,0.7987690457207122
9638,0.7987914937513312
9639,0.7988139362910164
9640,0.7988363733364225
9641,0.7988588048842118
9642,0.7988812309310555
9643,0.7989036514736316
9644,0.7989260665086265
9645,0.798948476032736
9646,0.7989708800426643
9647,0.7989932785351227
9648,0.7990156715068318
9649,0.7990380589545196
9650,0.7990604408749228
9651,0.7990828172647882
9652,0.7991051881208664
9653,0.7991275534399219
9654,0.7991499132187236
9655,0.7991722674540495
9656,0.7991946161426877
9657,0.7992169592814335
9658,0.7992392968670912
9659,0.7992616288964698
9660,0.7992839553663937
9661,0.7993062762736891
9662,0.7993285916151945
9663,0.7993509013877552
9664,0.7993732055882266
9665,0.7993955042134704
9666,0.7994177972603573
9667,0.7994400847257677
9668,0.7994623666065906
9669,0.7994846428997213
9670,0.7995069136020647
9671,0.7995291787105347
9672,0.7995514382220544
9673,0.7995736921335533
9674,0.7995959404419707
9675,0.7996181831442546
9676,0.799640420237361
9677,0.7996626517182548
9678,0.7996848775839092
9679,0.7997070978313067
9680,0.7997293124574367
9681,0.7997515214592996
9682,0.7997737248339017
9683,0.7997959225782602
9684,0.7998181146893995
9685,0.7998403011643529
9686,0.7998624820001625
9687,0.7998846571938801
9688,0.7999068267425636
9689,0.7999289906432802
9690,0.7999511488931103
9691,0.7999733014891345
9692,0.7999954484284497
9693,0.800017589708158
9694,0.7980104486090392
9695,0.7980328733491115
9696,0.7980552928069867
9697,0.7980777069791378
9698,0.7981001158620454
9699,0.7981225194521953
9700,0.7981449177460862
9701,0.7981673107402185
9702,0.798189698431105
9703,0.7982120808152648
9704,0.7982344578892222
9705,0.7982568296495143
9706,0.7982791960926802
9707,0.7983015572152711
9708,0.7983239130138443
9709,0.7983462634849654
9710,0.7983686086252064
9711,0.7983909484311491
9712,0.7984132828993815
9713,0.7984356120264999
9714,0.7984579358091097
9715,0.7984802542438222
9716,0.7985025673272577
9717,0.7985248750560427
9718,0.7985471774268151
9719,0.798569474436218
9720,0.7985917660809019
9721,0.7986140523575251
9722,0.7986363332627583
9723,0.7986586087932741
9724,0.7986808789457569
9725,0.7987031437168977
9726,0.7987254031033949
9727,0.7987476571019558
9728,0.798769905709296
9729,0.7987921489221385
9730,0.7988143867372135
9731,0.7988366191512599
9732,0.7988588461610256
9733,0.7988810677632656
9734,0.7989032839547433
9735,0.7989254947322286
9736,0.7989477000925005
9737,0.7989699000323481
9738,0.7989920945485657
9739,0.7990142836379556
9740,0.7990364672973316
9741,0.7990586455235106
9742,0.7990808183133224
9743,0.7991029856636014
9744,0.7991251475711936
9745,0.7991473040329485
9746,0.7991694550457272
9747,0.7991916006063968
9748,0.7992137407118377
9749,0.7992358753589307
9750,0.7992580045445704
9751,0.7992801282656566
9752,0.7993022465190994
9753,0.7993243593018164
9754,0.7993464666107327
9755,0.7993685684427819
9756,0.7993906647949063
9757,0.7994127556640569
9758,0.7994348410471904
9759,0.7994569209412756
9760,0.7994789953432867
9761,0.7995010642502071
9762,0.7995231276590281
9763,0.7995451855667487
9764,0.799567237970378
9765,0.7995892848669329
9766,0.7996113262534374
9767,0.7996333621269233
9768,0.7996553924844342
9769,0.7996774173230192
9770,0.7996994366397344
9771,0.7997214504316482
9772,0.7997434586958341
9773,0.7997654614293763
9774,0.7997874586293637
9775,0.7998094502928986
9776,0.7998314364170886
9777,0.7998534169990487
9778,0.7998753920359054
9779,0.7998973615247905
9780,0.7999193254628472
9781,0.7999412838472232
9782,0.7999632366750793
9783,0.7999851839435816
9784,0.8000071256499043
9785,0.7980181771918761
9786,0.7980403976342194
9787,0.7980626128822232
9788,0.7980848229324493
9789,0.7981070277814681
9790,0.798129227425857
9791,0.7981514218622004
9792,0.7981736110870901
9793,0.7981957950971279
9794,0.7982179738889194
9795,0.7982401474590788
9796,0.7982623158042298
9797,0.7982844789210016
9798,0.7983066368060329
9799,0.7983287894559676
9800,0.7983509368674586
9801,0.798373079037165
9802,0.7983952159617566
9803,0.7984173476379083
9804,0.7984394740623021
9805,0.7984615952316299
9806,0.7984837111425893
9807,0.7985058217918866
9808,0.7985279271762347
9809,0.7985500272923561
9810,0.7985721221369788
9811,0.7985942117068398
9812,0.798616295998684
9813,0.7986383750092627
9814,0.7986604487353367
9815,0.7986825171736726
9816,0.7987045803210454
9817,0.7987266381742393
9818,0.7987486907300444
9819,0.7987707379852589
9820,0.7987927799366895
9821,0.7988148165811518
9822,0.798836847915464
9823,0.7988588739364602
9824,0.7988808946409752
9825,0.7989029100258537
9826,0.7989249200879516
9827,0.798946924824128
9828,0.7989689242312519
9829,0.7989909183062007
9830,0.7990129070458584
9831,0.7990348904471182
9832,0.7990568685068782
9833,0.7990788412220496
9834,0.7991008085895479
9835,0.7991227706062946
9836,0.7991447272692246
9837,0.7991666785752767
9838,0.799188624521398
9839,0.7992105651045452
9840,0.7992325003216809
9841,0.7992544301697782
9842,0.7992763546458157
9843,0.7992982737467815
9844,0.7993201874696697
9845,0.7993420958114854
9846,0.7993639987692399
9847,0.799385896339952
9848,0.7994077885206509
9849,0.7994296753083706
9850,0.7994515567001528
9851,0.799473432693053
9852,0.799495303284129
9853,0.7995171684704476
9854,0.7995390282490873
9855,0.7995608826171282
9856,0.7995827315716654
9857,0.7996045751097958
9858,0.7996264132286296
9859,0.7996482459252824
9860,0.7996700731968776
9861,0.7996918950405494
9862,0.7997137114534348
9863,0.7997355224326854
9864,0.7997573279754568
9865,0.7997791280789132
9866,0.7998009227402276
9867,0.7998227119565814
9868,0.7998444957251638
9869,0.7998662740431712
9870,0.7998880469078103
9871,0.7999098143162943
9872,0.7999315762658439
9873,0.7999533327536897
9874,0.7999750837770705
9875,0.799996829333232
9876,0.8000185694194288
9877,0.7980477794624642
9878,0.7980697940388177
9879,0.7980918035031211
9880,0.7981138078520336
9881,0.7981358070822179
9882,0.7981578011903459
9883,0.7981797901730974
9884,0.7982017740271582
9885,0.7982237527492214
9886,0.7982457263359892
9887,0.7982676947841694
9888,0.7982896580904784
9889,0.798311616251637
9890,0.7983335692643792
9891,0.7983555171254398
9892,0.7983774598315662
9893,0.7983993973795094
9894,0.7984213297660298
9895,0.7984432569878973
9896,0.7984651790418837
9897,0.798487095924772
9898,0.7985090076333533
9899,0.798530914164424
9900,0.79855281551479
9901,0.7985747116812623
9902,0.7985966026606613
9903,0.7986184884498143
9904,0.7986403690455555
9905,0.7986622444447274
9906,0.7986841146441814
9907,0.7987059796407738
9908,0.7987278394313679
9909,0.7987496940128381
9910,0.7987715433820647
9911,0.7987933875359342
9912,0.798815226471342
9913,0.7988370601851913
9914,0.7988588886743917
9915,0.798880711935863
9916,0.7989025299665291
9917,0.7989243427633235
9918,0.798946150323188
9919,0.7989679526430706
9920,0.7989897497199264
9921,0.7990115415507211
9922,0.7990333281324252
9923,0.7990551094620182
9924,0.7990768855364855
9925,0.7990986563528237
9926,0.7991204219080343
9927,0.799142182199127
9928,0.7991639372231187
9929,0.7991856869770362
9930,0.7992074314579121
9931,0.7992291706627866
9932,0.7992509045887088
9933,0.7992726332327357
9934,0.7992943565919303
9935,0.7993160746633644
9936,0.7993377874441178
9937,0.799359494931278
9938,0.7993811971219407
9939,0.7994028940132087
9940,0.7994245856021921
9941,0.7994462718860087
9942,0.7994679528617868
9943,0.7994896285266602
9944,0.7995112988777696
9945,0.7995329639122658
9946,0.7995546236273061
9947,0.7995762780200568
9948,0.7995979270876902
9949,0.7996195708273882
9950,0.7996412092363395
9951,0.7996628423117416
9952,0.7996844700507996
9953,0.7997060924507252
9954,0.7997277095087395
9955,0.7997493212220704
9956,0.7997709275879563
9957,0.7997925286036397
9958,0.7998141242663728
9959,0.7998357145734165
9960,0.7998572995220392
9961,0.799878879109515
9962,0.7999004533331299
9963,0.7999220221901752
9964,0.7999435856779504
9965,0.7999651437937634
9966,0.7999866965349295
9967,0.8000082438987741
9968,0.7980550226307054
9969,0.798076839981841
9970,0.7980986523045099
9971,0.7981204595954543
9972,0.7981422618514249
9973,0.7981640590691768
9974,0.7981858512454765
9975,0.7982076383770912
9976,0.7982294204608003
9977,0.7982511974933899
9978,0.7982729694716508
9979,0.7982947363923825
9980,0.7983164982523934
9981,0.7983382550484951
9982,0.7983600067775092
9983,0.7983817534362656
9984,0.7984034950215972
9985,0.7984252315303488
9986,0.7984469629593689
9987,0.798468689305516
9988,0.7984904105656525
9989,0.7985121267366524
9990,0.7985338378153926
9991,0.7985555437987614
9992,0.7985772446836509
9993,0.7985989404669626
9994,0.7986206311456047
9995,0.7986423167164916
9996,0.7986639971765478
9997,0.7986856725227027
9998,0.7987073427518933
9999,0.7987290078610656
